"Variable","Shock","Horizon","Mean","Median","Lower_90","Lower_68","Upper_68","Upper_90"
"gdp_growth","gdp_growth",1,0.113602861062408,0.0594208224661718,0.000522862310676696,0.00539163788134469,0.236650929784273,0.40760473607473
"gdp_growth","gdp_growth",2,0.113632039594658,0.069150639430182,0.00465282226380714,0.0151312717893877,0.222038404378054,0.375466404438162
"gdp_growth","gdp_growth",3,0.113808152067996,0.0720711151848758,0.00796492362534561,0.0200020071929107,0.217545287917153,0.364705293209508
"gdp_growth","gdp_growth",4,0.1138580177729,0.0736720985772679,0.00968607743970963,0.0216835709938721,0.215896862001586,0.358747097152115
"gdp_growth","gdp_growth",5,0.113825908285436,0.075119651832743,0.0116541390988051,0.0237324062673548,0.212277266965185,0.352873675603905
"gdp_growth","gdp_growth",6,0.113814854915093,0.0754024708425698,0.0123322081816842,0.0246376373530001,0.210953696568733,0.351325203803012
"gdp_growth","gdp_growth",7,0.113827763495399,0.0758415955726227,0.0129116213832098,0.0257435955236878,0.210429058214404,0.347499552223379
"gdp_growth","gdp_growth",8,0.113831784290372,0.0758860379440454,0.0132897289573879,0.0262273202700462,0.209967350530375,0.345686625395724
"gdp_growth","gdp_growth",9,0.113816311399869,0.0762218662092515,0.0138919936227407,0.0267772157141065,0.209206315026541,0.343243285978731
"gdp_growth","gdp_growth",10,0.113792874995153,0.0765224384559634,0.0141218407758684,0.0270464293512212,0.20853552391636,0.342299861790324
"gdp_growth","gdp_growth",11,0.113764798209292,0.0767877769318525,0.0142656737346841,0.0272311708479513,0.208725359813816,0.340620938280221
"gdp_growth","gdp_growth",12,0.113750007632656,0.0769324514313228,0.0146996914059185,0.0275706463538072,0.20861442216352,0.339587642804937
"gdp_growth","gdp_growth",13,0.113734060461158,0.0771818321510493,0.0149041475180909,0.0277649450484887,0.208306563760382,0.338939326752347
"gdp_growth","gdp_growth",14,0.113726456987675,0.0773776101209237,0.0150121167798776,0.0279596730399351,0.208160699720024,0.339065494158838
"gdp_growth","gdp_growth",15,0.113717395874104,0.0774994239124344,0.0151523344315347,0.0280736176817559,0.208037111995454,0.337963290398318
"gdp_growth","gdp_growth",16,0.113716058804082,0.0775700651688438,0.0152302516025016,0.0281107983427812,0.207954536442358,0.337748078799351
"gdp_growth","gdp_growth",17,0.113714364373384,0.077648480086851,0.0154101410994658,0.0281731233026425,0.207635744272107,0.336470887150926
"gdp_growth","gdp_growth",18,0.113717150851704,0.0777658263779653,0.0155544267789519,0.0284962836363179,0.207408833094344,0.335339194015564
"gdp_growth","gdp_growth",19,0.113718590946826,0.0778247813817788,0.0157405866336004,0.028586668623227,0.207205842826993,0.334952471958227
"gdp_growth","gdp_growth",20,0.113721295739616,0.0778641003485872,0.0158444132383645,0.028678200417126,0.207026235081204,0.334783904188903
"gdp_growth","gdp_growth",21,0.113722920627798,0.0779074926072556,0.0159485964840588,0.0287541027806042,0.207024717954653,0.334584847840826
"gdp_growth","consumption_growth",1,0.114636647730979,0.0618607674810337,0.000520648980496301,0.00549857451707717,0.234887435007497,0.410541358640457
"gdp_growth","consumption_growth",2,0.11449921106721,0.0722256917891294,0.00474923585913813,0.0156470903051781,0.220711115570188,0.372245802172723
"gdp_growth","consumption_growth",3,0.114468414732382,0.0746949828900216,0.00771438548356282,0.0206250161119332,0.215062983805068,0.36097390436199
"gdp_growth","consumption_growth",4,0.114383795268416,0.075557818165108,0.00957123490305064,0.0225450562166301,0.2123254305511,0.352781676732173
"gdp_growth","consumption_growth",5,0.114493932876271,0.0773310840782439,0.0115444116100777,0.0251512259473895,0.210150988498848,0.347226849027101
"gdp_growth","consumption_growth",6,0.114499883326063,0.0778298358967617,0.0123685903433413,0.0259995069436617,0.20803914395806,0.345497804750006
"gdp_growth","consumption_growth",7,0.114535452297018,0.0789143654844491,0.0131526238748492,0.0269645673278055,0.206307443911394,0.3435366695782
"gdp_growth","consumption_growth",8,0.114540479914599,0.0789924361347462,0.0134558887237102,0.0274386029234912,0.20565829215092,0.340758897253639
"gdp_growth","consumption_growth",9,0.114552175977835,0.0792121345754709,0.0137656338786671,0.0279354717758623,0.2047283949638,0.339874475375855
"gdp_growth","consumption_growth",10,0.114564287596569,0.0793467958859205,0.014098811181139,0.028471055198914,0.20446312235396,0.339264170695876
"gdp_growth","consumption_growth",11,0.114568642369001,0.0796872805645721,0.0143174952954932,0.0288945383968987,0.204208149615096,0.338508617424344
"gdp_growth","consumption_growth",12,0.114576446053778,0.0800960740641258,0.014635942445921,0.0292102501920307,0.203887790765031,0.337950008439198
"gdp_growth","consumption_growth",13,0.114579829494319,0.0803052910986195,0.0148054329640514,0.0293671512416401,0.203707804673896,0.337288896484915
"gdp_growth","consumption_growth",14,0.114590690138295,0.0805124071386036,0.0149415458939078,0.0295799642445976,0.203698144427664,0.336708918966415
"gdp_growth","consumption_growth",15,0.114599536678192,0.0806066492487461,0.014972706951831,0.0298037308208575,0.203699946769414,0.336278112516297
"gdp_growth","consumption_growth",16,0.114614540263832,0.0807608224947743,0.0151432350475347,0.0300569283549732,0.203505938675694,0.336131600749535
"gdp_growth","consumption_growth",17,0.114627537349077,0.0808530747585361,0.0152992533748578,0.030264063101214,0.203348146854133,0.335439069644765
"gdp_growth","consumption_growth",18,0.114642798884025,0.0808488901931578,0.0153623484838419,0.0303180748651624,0.203154140540795,0.335251230788624
"gdp_growth","consumption_growth",19,0.114657323213158,0.0808892147536292,0.0154322785633328,0.0304396270375023,0.20323826119139,0.335251308667417
"gdp_growth","consumption_growth",20,0.114672719041233,0.0809421056035944,0.0154531193215864,0.0304877514025613,0.203126286819806,0.334984869564705
"gdp_growth","consumption_growth",21,0.114687174557921,0.0809159990237567,0.0156600187564364,0.0305935319002483,0.203283511362728,0.334601718575309
"gdp_growth","cpi_growth",1,0.108703230028724,0.059218753016005,0.000449421657851462,0.0048222152761312,0.223552258401352,0.389897339581915
"gdp_growth","cpi_growth",2,0.109320625277278,0.0681589505070436,0.00443773393676254,0.0153317430965231,0.212122971629813,0.35614988866847
"gdp_growth","cpi_growth",3,0.109498248455075,0.0706177130031937,0.00742237943017742,0.0201094869435924,0.207566584977761,0.343876622933611
"gdp_growth","cpi_growth",4,0.109553388946461,0.0722573333076126,0.00902602274647217,0.0221155703128206,0.205670479082321,0.340694341192411
"gdp_growth","cpi_growth",5,0.109734131361778,0.0738576315679887,0.0109377474821837,0.0244530218894187,0.202959848758536,0.332784502258823
"gdp_growth","cpi_growth",6,0.109806652512078,0.0741706852044879,0.0117001511167966,0.0254236364341902,0.201758075359309,0.332021669802962
"gdp_growth","cpi_growth",7,0.109930750029378,0.0750528187761445,0.0123801351597202,0.0261340120792964,0.200948838654438,0.328883000204705
"gdp_growth","cpi_growth",8,0.109954383823985,0.075296241825021,0.012894831266539,0.0266126619385169,0.200951775600455,0.327797178377771
"gdp_growth","cpi_growth",9,0.109977185261892,0.0753973939014227,0.0133569530847343,0.0269234846977775,0.200308846139468,0.327248288077331
"gdp_growth","cpi_growth",10,0.109982150728425,0.0755088401195244,0.0135839424787101,0.0273635866194288,0.199783576849412,0.326726041134724
"gdp_growth","cpi_growth",11,0.109990093473743,0.0756084306913776,0.0138992612815938,0.027691374231034,0.199023856850037,0.325726769395418
"gdp_growth","cpi_growth",12,0.109993669586391,0.0757423581401736,0.0140706322128615,0.027960295638532,0.198792308948472,0.325337046760697
"gdp_growth","cpi_growth",13,0.110002489627856,0.0757335848736038,0.0141176873756833,0.0281684060294329,0.198629241523787,0.324739444501456
"gdp_growth","cpi_growth",14,0.110010843438107,0.075841687678782,0.0143858345767966,0.0283730737505227,0.19844391737555,0.32346664893348
"gdp_growth","cpi_growth",15,0.110021449028426,0.0759046676519389,0.0144802538121904,0.0286167694013693,0.198398278101589,0.322341076048111
"gdp_growth","cpi_growth",16,0.110033571116431,0.0761246857116024,0.0146306121762005,0.0288581937869753,0.198333108135498,0.321844339829508
"gdp_growth","cpi_growth",17,0.110046031429817,0.0762260752596742,0.0147423139729591,0.0290539279612308,0.197668663267711,0.321536507380651
"gdp_growth","cpi_growth",18,0.110056363044615,0.0764434263359147,0.0148895205943433,0.0292738579475445,0.19777414242965,0.321369736284896
"gdp_growth","cpi_growth",19,0.110065251831524,0.0765085589403511,0.0149950052977391,0.0294339302391388,0.197468447962228,0.321283676647168
"gdp_growth","cpi_growth",20,0.110072943178074,0.0765163301652262,0.015161163253775,0.0295290067309586,0.197327348985784,0.3211715709996
"gdp_growth","cpi_growth",21,0.11007966493729,0.0765310626473637,0.0152218607419869,0.0296736376970039,0.19689564539179,0.320984937332322
"gdp_growth","saving_rate",1,0.110930052675121,0.0584431775061746,0.000540890578716971,0.0052482210354961,0.230418343002947,0.401952140970208
"gdp_growth","saving_rate",2,0.110851901880884,0.0671899654737219,0.00404512524442078,0.0145319526534171,0.216474792849115,0.363378078777486
"gdp_growth","saving_rate",3,0.111063278264222,0.0701682365829756,0.0071182255008841,0.0192738516881417,0.213425440987891,0.354318927918606
"gdp_growth","saving_rate",4,0.111140211285288,0.0713834161888831,0.00927858574749007,0.0210762287605753,0.210450502555868,0.347739235861247
"gdp_growth","saving_rate",5,0.111292518434793,0.0727224439100906,0.0106763640535854,0.0233777807127729,0.208315142277454,0.342660322380531
"gdp_growth","saving_rate",6,0.11136119050398,0.0734055503554087,0.0115558405675623,0.0242060462105748,0.206950658832421,0.340148036082758
"gdp_growth","saving_rate",7,0.111424139551627,0.0743416622120052,0.0122835912120848,0.0251920178189731,0.20526812605202,0.336942564101373
"gdp_growth","saving_rate",8,0.111473716122114,0.0746354793790119,0.0128516289274495,0.02582747765365,0.204664644729495,0.335965436196111
"gdp_growth","saving_rate",9,0.111518185950601,0.0750242656266008,0.0132103173598033,0.0265573467721077,0.204033393126392,0.335420131399114
"gdp_growth","saving_rate",10,0.111555605441864,0.075400847214648,0.013541122145274,0.0268830151164204,0.203841290199865,0.334112550194618
"gdp_growth","saving_rate",11,0.11157536986497,0.0754810406961612,0.0138372808578821,0.0270945772579811,0.203423801971966,0.332679327238056
"gdp_growth","saving_rate",12,0.111606861937894,0.0757358011976688,0.0139215646682252,0.0274170846634376,0.203061233819775,0.331798364468996
"gdp_growth","saving_rate",13,0.111624053538064,0.0758525298845136,0.0139954521593398,0.0276524951597775,0.202938502929255,0.331273834266208
"gdp_growth","saving_rate",14,0.111647767908358,0.0762416809844652,0.0142603154865077,0.0280206004375301,0.202648096817053,0.330950357684484
"gdp_growth","saving_rate",15,0.111652305867044,0.0764513140190608,0.0143762406659849,0.0283167184333084,0.202742072631164,0.330035517912096
"gdp_growth","saving_rate",16,0.111661164607324,0.0765138746562508,0.0143700445613972,0.0285459442402172,0.202411268885231,0.328795008296019
"gdp_growth","saving_rate",17,0.111660210738125,0.0766683090000817,0.0145263999271339,0.0286556506782053,0.202211928574495,0.3283927908559
"gdp_growth","saving_rate",18,0.111661435830257,0.0767072906019828,0.0146451010737151,0.0287477560932942,0.201992045338013,0.327484733588232
"gdp_growth","saving_rate",19,0.111656148357745,0.0767642580897712,0.0147053628693686,0.0287813021766662,0.201911396294382,0.326911943694445
"gdp_growth","saving_rate",20,0.111652247457651,0.076837372683527,0.0147300808496929,0.02887689981097,0.201846565052268,0.326651920781388
"gdp_growth","saving_rate",21,0.111646307837091,0.076997920202108,0.0147643345983467,0.0290293408423658,0.201766160367403,0.32629794266608
"gdp_growth","policy_rate",1,0.0978949474964604,0.0474998937637435,0.000432035724474781,0.00477818094991739,0.205347282823039,0.360578102129074
"gdp_growth","policy_rate",2,0.098467402519867,0.0577732505235549,0.00361619409660803,0.0126848252592186,0.193831265861264,0.333501269870403
"gdp_growth","policy_rate",3,0.0980207592165526,0.0592139120942547,0.00612429430018552,0.0160580737086871,0.188694974160526,0.324026992514312
"gdp_growth","policy_rate",4,0.0979989318697169,0.0609634592763557,0.00796555986868634,0.0180850200892115,0.186319174262992,0.3180152636303
"gdp_growth","policy_rate",5,0.0972293019417154,0.0609815484513527,0.00863997612244803,0.0190588980941446,0.183824353905588,0.312559066458477
"gdp_growth","policy_rate",6,0.0969794221757325,0.0611102365625997,0.00933465520162944,0.0196947726194485,0.181944203947294,0.310620839380271
"gdp_growth","policy_rate",7,0.0966394978186433,0.0612268110967209,0.00997352199836849,0.0202406191532789,0.179891907195819,0.308299908167309
"gdp_growth","policy_rate",8,0.0965294584507555,0.0613077749491126,0.0103188869409214,0.020533549170991,0.179351370908701,0.306258262533744
"gdp_growth","policy_rate",9,0.0964423955910512,0.0614386231060851,0.0106556577621088,0.0207619078986588,0.178973848374733,0.304508732452305
"gdp_growth","policy_rate",10,0.0963959324893165,0.061484894855075,0.0108821484208488,0.0210631208112758,0.178506481684287,0.303145935434014
"gdp_growth","policy_rate",11,0.0964278178512471,0.0619084950051541,0.0110523851537996,0.0212630715761844,0.178483329394857,0.302379409841513
"gdp_growth","policy_rate",12,0.0964191097740818,0.0620237649208971,0.0112962449795677,0.0215111247228571,0.178219689283183,0.302261309816452
"gdp_growth","policy_rate",13,0.0964317262349682,0.0621329040885189,0.0114911102918019,0.021640466678092,0.177842966972921,0.301042467044314
"gdp_growth","policy_rate",14,0.0963972190822631,0.0622809612984947,0.0116362179550938,0.0217591882724035,0.177610828226261,0.299728734811034
"gdp_growth","policy_rate",15,0.0963918890053735,0.0624087276908674,0.0117574614265678,0.021963857927438,0.177270398709316,0.299062981898354
"gdp_growth","policy_rate",16,0.0963448877622202,0.0623798487257595,0.0118172251814214,0.0220486484429246,0.177316719129907,0.297893930455779
"gdp_growth","policy_rate",17,0.0963079870950217,0.0622932252697562,0.0119542593771103,0.0221103376154548,0.177137086974896,0.297774645441192
"gdp_growth","policy_rate",18,0.0962514704312586,0.0622922881560465,0.0120115472921579,0.0223080517846215,0.176949131318727,0.297436674182266
"gdp_growth","policy_rate",19,0.0962081803359075,0.0622983167568824,0.0121097724627501,0.0223291262197965,0.176555303173159,0.297150397255246
"gdp_growth","policy_rate",20,0.0961586115794258,0.0623525270705997,0.0121392851578844,0.0223978835245256,0.176076333130044,0.296315717761824
"gdp_growth","policy_rate",21,0.096117392335179,0.0624188526962166,0.0121883013134189,0.0224596257848584,0.175449472391995,0.295724690391614
"gdp_growth","interest_burden",1,0.110520050904963,0.0577575393860624,0.000440052946380402,0.00457036716988729,0.231373307431012,0.406184212331498
"gdp_growth","interest_burden",2,0.110523317125045,0.0652955236593814,0.0040683764381472,0.0150354835185547,0.215301515392207,0.371264223132383
"gdp_growth","interest_burden",3,0.110613022532318,0.0681893458646634,0.00709386727821218,0.0193426649157143,0.21075138030101,0.356317343541761
"gdp_growth","interest_burden",4,0.110667241146154,0.0694874509083425,0.00902625816976479,0.0213545673223307,0.209394145622923,0.350275615411984
"gdp_growth","interest_burden",5,0.110826572454358,0.0713435815012942,0.0110487320948486,0.0234441529761335,0.206931257998899,0.344571404268471
"gdp_growth","interest_burden",6,0.110914351813397,0.0718968237625063,0.0120331545516081,0.0243768387630035,0.206071630056669,0.341720721581194
"gdp_growth","interest_burden",7,0.110973104271358,0.0726128798292916,0.0129000224037699,0.0257283006039449,0.205531524888467,0.340095720606552
"gdp_growth","interest_burden",8,0.11101630423045,0.0730638496424288,0.0134771574463877,0.0261617110136331,0.204751944855946,0.338862340131537
"gdp_growth","interest_burden",9,0.11104804028727,0.0732889930859115,0.0139631059754735,0.026675620182626,0.204065287978501,0.337357025174634
"gdp_growth","interest_burden",10,0.111077790990103,0.0734930030859746,0.0141861720255693,0.0269579820302957,0.203743880138329,0.336336468989111
"gdp_growth","interest_burden",11,0.111076742270713,0.0736998838013194,0.0142532397095611,0.0272364162334327,0.202961793884133,0.335491332355277
"gdp_growth","interest_burden",12,0.111080726090468,0.0739570062906676,0.0145094080134111,0.0274039554427208,0.202735422170936,0.334798950008504
"gdp_growth","interest_burden",13,0.111076476224447,0.0740434707148717,0.0146561350699904,0.0276111121160953,0.202390962397047,0.334281259094377
"gdp_growth","interest_burden",14,0.111081557504939,0.0741563024994115,0.0147893282659097,0.0278122299843439,0.202111873527939,0.333799035585075
"gdp_growth","interest_burden",15,0.111082517980158,0.0744152359928432,0.0149649282221231,0.0280692872925758,0.20186300646833,0.333418525373046
"gdp_growth","interest_burden",16,0.111092117104156,0.0745904655046782,0.0151123186611357,0.0282251828397931,0.201728782735911,0.333049113712834
"gdp_growth","interest_burden",17,0.111102695125106,0.0747072231868624,0.0151559805884551,0.0283439131769586,0.201642035147856,0.332801315535423
"gdp_growth","interest_burden",18,0.111117510728993,0.0747642037525547,0.0152497109772652,0.0285402576431616,0.201523896808348,0.332564022464455
"gdp_growth","interest_burden",19,0.111131420719862,0.0748773773708976,0.0153720269681567,0.0287679691194394,0.201381670095582,0.332508530274515
"gdp_growth","interest_burden",20,0.111146319864829,0.0748883278508155,0.0154990556118469,0.0289612344432408,0.201223400144342,0.332327025873757
"gdp_growth","interest_burden",21,0.111161453309168,0.0750067349154324,0.0155739620300525,0.029013478879693,0.201057410977281,0.331996607198148
"gdp_growth","debt_growth",1,0.11197108364622,0.0599587835571786,0.000578189387178243,0.00547671885447011,0.229010193457956,0.399747498492664
"gdp_growth","debt_growth",2,0.111872015426267,0.0691979160400258,0.00467812157032267,0.0158670880263093,0.215143560244074,0.370090415947334
"gdp_growth","debt_growth",3,0.111785439929482,0.0711891090324392,0.00783563211168028,0.0198376077510502,0.210463928242268,0.358844366288513
"gdp_growth","debt_growth",4,0.111724745938584,0.0727388595583204,0.00959589677849559,0.0223180842396341,0.208001569708079,0.350735391078916
"gdp_growth","debt_growth",5,0.111881217950029,0.0732140801986166,0.011368195684407,0.0244728719386941,0.205309752181748,0.346881089774217
"gdp_growth","debt_growth",6,0.111918168656801,0.0738672307664504,0.0120464016280884,0.0253774151599716,0.205212164683412,0.343897990710453
"gdp_growth","debt_growth",7,0.111967494755003,0.0744664303660696,0.0128876068610765,0.0261243187358782,0.203299415634066,0.34175897010585
"gdp_growth","debt_growth",8,0.111981813975174,0.0746238695554528,0.0133648187635864,0.0267703103171712,0.202587098348066,0.340792687730898
"gdp_growth","debt_growth",9,0.1119666086664,0.0748415015561432,0.014008725844217,0.0272989518875156,0.201586964371637,0.33892394277045
"gdp_growth","debt_growth",10,0.111946563388271,0.0752299489733437,0.0143295714717933,0.0276049116332074,0.201020162571649,0.337229966696132
"gdp_growth","debt_growth",11,0.111914479311688,0.0755512242991105,0.0146304937261898,0.0277713299300707,0.20040337428819,0.336251609982675
"gdp_growth","debt_growth",12,0.111896801160199,0.0759224778329779,0.0147490126706239,0.0280405181015171,0.200140056865467,0.33626097413147
"gdp_growth","debt_growth",13,0.111879279334048,0.0760878361184555,0.0149108341902111,0.0282068634901905,0.199874858363151,0.335675661414761
"gdp_growth","debt_growth",14,0.111874036553982,0.0761691277809821,0.0151731069050035,0.0284166035234829,0.199814377447558,0.33436965536101
"gdp_growth","debt_growth",15,0.111871001685725,0.0762955999557976,0.0153398833086222,0.0286085709695917,0.199658791542278,0.333271987704549
"gdp_growth","debt_growth",16,0.111878256603154,0.0764942773162969,0.0155446112747094,0.0286717858878376,0.199596975877493,0.332959338882667
"gdp_growth","debt_growth",17,0.111887126755151,0.0765099919700135,0.0156285513468286,0.028873147158344,0.199292868441542,0.333114568782113
"gdp_growth","debt_growth",18,0.111899442197574,0.0767291702192482,0.0157084315565376,0.0290555561534909,0.199034613207079,0.333075903041978
"gdp_growth","debt_growth",19,0.111909911584118,0.0767284578927889,0.0158230287949771,0.029222702264854,0.199081872269082,0.332577242859098
"gdp_growth","debt_growth",20,0.111920581438693,0.0767715187164012,0.0158964897702659,0.0293076697675536,0.199131921728926,0.332594592008707
"gdp_growth","debt_growth",21,0.111928629481125,0.0768733949374458,0.0159326509828581,0.0293965269212419,0.198911760184948,0.332597601380401
"gdp_growth","real_house_price_growth",1,0.115791271810427,0.0606843970293512,0.000660165403373368,0.00611013337771395,0.243321742011223,0.415752258444206
"gdp_growth","real_house_price_growth",2,0.115377115639747,0.0707027244316002,0.004925143760326,0.0158864067056144,0.227377050596808,0.385276236440579
"gdp_growth","real_house_price_growth",3,0.115398646471203,0.0734754038808306,0.00831393122033767,0.0201589122039261,0.223540527415636,0.376029594925272
"gdp_growth","real_house_price_growth",4,0.115372928654181,0.0750334524932837,0.010010060093657,0.0222675442348966,0.220380360040506,0.367119308031079
"gdp_growth","real_house_price_growth",5,0.115406567074703,0.0762274309542395,0.0120432407227033,0.0245772995800536,0.218288095557007,0.360323334516006
"gdp_growth","real_house_price_growth",6,0.115406110896004,0.0763801974651166,0.0129854738298957,0.0256541747330122,0.217427998867984,0.357174992919145
"gdp_growth","real_house_price_growth",7,0.115433041908486,0.0775446283073076,0.0140315675440835,0.0262395779198294,0.216437844997681,0.353193021799085
"gdp_growth","real_house_price_growth",8,0.115425685691567,0.0777086334519714,0.0143395716043307,0.0267923901018162,0.215092005446516,0.351218770295944
"gdp_growth","real_house_price_growth",9,0.1154629821349,0.0781093275058335,0.0146645701076039,0.0273077806172074,0.214564497310023,0.349320968607971
"gdp_growth","real_house_price_growth",10,0.115476284470699,0.0783520687155858,0.0149861548488938,0.0276448149135829,0.213853410031193,0.348291275756571
"gdp_growth","real_house_price_growth",11,0.115490476204007,0.0786336712399211,0.0151511762384096,0.0279219708892867,0.213145733865828,0.34730287776413
"gdp_growth","real_house_price_growth",12,0.11548712421845,0.078863313884215,0.0154045873464419,0.0281852550910533,0.212460900437148,0.347225799225616
"gdp_growth","real_house_price_growth",13,0.115487627505244,0.0792058054165349,0.0156539249695995,0.0282847475406166,0.211941614151883,0.345800462180605
"gdp_growth","real_house_price_growth",14,0.115483507617146,0.0794415894920613,0.0157897485395656,0.0283580284490925,0.211839048297552,0.344206279763929
"gdp_growth","real_house_price_growth",15,0.115477567072812,0.0795393857827295,0.0159271763328687,0.028449308890871,0.211525357093591,0.343483476629226
"gdp_growth","real_house_price_growth",16,0.115468569615887,0.080106798066638,0.0160404292886165,0.0287036726193345,0.211394018225788,0.343119705132089
"gdp_growth","real_house_price_growth",17,0.115459672171911,0.0801604617693988,0.0161372821640567,0.0289595745183225,0.211073284558606,0.342353671575713
"gdp_growth","real_house_price_growth",18,0.11545080725743,0.0803417048295337,0.0163673631512079,0.0291771564955496,0.210723442075458,0.3418071139876
"gdp_growth","real_house_price_growth",19,0.115442284693085,0.080281064034963,0.0164379334869043,0.0292948336902094,0.210661063921421,0.341484652160878
"gdp_growth","real_house_price_growth",20,0.115432778784298,0.0803410678209887,0.0164946899473288,0.0294105686648393,0.210567086934396,0.340543193260596
"gdp_growth","real_house_price_growth",21,0.115423717476859,0.0803152152533181,0.0167078554070307,0.0294354133513979,0.210435321551796,0.339602796211204
"gdp_growth","asset_liability_ratio",1,0.115949854644695,0.0623935742245144,0.000492507583726978,0.00553822397740844,0.246781527027296,0.409187157627002
"gdp_growth","asset_liability_ratio",2,0.115456371469044,0.0716607149885711,0.00434509957263042,0.0154015853405883,0.230515996000365,0.374563893545218
"gdp_growth","asset_liability_ratio",3,0.115344038330768,0.0744476963621671,0.00753218217373271,0.0205521797797331,0.224607972058501,0.362758320955154
"gdp_growth","asset_liability_ratio",4,0.115300739118298,0.0760176644027109,0.00952986451859371,0.022442091341542,0.22194526301753,0.355966186488445
"gdp_growth","asset_liability_ratio",5,0.115309849620917,0.0773655691041309,0.0115676576090787,0.024635685906558,0.218699035826872,0.350076576500435
"gdp_growth","asset_liability_ratio",6,0.115299365200851,0.0778475363440303,0.0122102050484962,0.025793367647329,0.218005739203767,0.3477017702972
"gdp_growth","asset_liability_ratio",7,0.115268755873088,0.0780045649415111,0.0130162783699161,0.0267002674449015,0.216487219168162,0.344505593292836
"gdp_growth","asset_liability_ratio",8,0.115246373500983,0.0786420393758959,0.0136502141829386,0.0271155142918634,0.216757936615345,0.343017191840108
"gdp_growth","asset_liability_ratio",9,0.115216114730182,0.0785960338485408,0.0140934319459575,0.027486361210992,0.21601489747398,0.340862308407591
"gdp_growth","asset_liability_ratio",10,0.1152085098996,0.0786622302941715,0.0144069990358604,0.0278566930038659,0.215370307916106,0.338964737748294
"gdp_growth","asset_liability_ratio",11,0.115191580445338,0.0788370426397724,0.0145886746138903,0.0281582342603724,0.214559161016368,0.337455525670999
"gdp_growth","asset_liability_ratio",12,0.115189253546083,0.078834006734233,0.0148483195155385,0.0283067041202462,0.214413671377908,0.337258069177744
"gdp_growth","asset_liability_ratio",13,0.115184457579896,0.0789879072829313,0.0148883253358827,0.0284678833454055,0.214121848618667,0.336410904721774
"gdp_growth","asset_liability_ratio",14,0.115187920769235,0.0792335944339944,0.0151475325486858,0.0286321757183628,0.213836952325577,0.335857357058008
"gdp_growth","asset_liability_ratio",15,0.115186336808165,0.0794798476476382,0.0152601827068418,0.0289278034937255,0.213693736183395,0.334910334526406
"gdp_growth","asset_liability_ratio",16,0.115190834122913,0.0796824663546012,0.0154314522898048,0.0291218583617744,0.213498145798641,0.333834010218211
"gdp_growth","asset_liability_ratio",17,0.115194374962408,0.0798006051069974,0.0155486445916604,0.0292856026371361,0.213316573685001,0.333609952365241
"gdp_growth","asset_liability_ratio",18,0.115203020774145,0.0799133925745186,0.0157256272618095,0.0293581568892403,0.213292116995769,0.333877588011933
"gdp_growth","asset_liability_ratio",19,0.115210888317774,0.0800028845737781,0.0157542712710694,0.0294531254057946,0.213192176670486,0.333986093887027
"gdp_growth","asset_liability_ratio",20,0.11522250291618,0.0801164222663608,0.015867114147141,0.0296366430673773,0.213161723187525,0.333683209289465
"gdp_growth","asset_liability_ratio",21,0.115232739437569,0.0804255271972459,0.0159120491837253,0.0296921395418279,0.212972113108208,0.333185169713918
"consumption_growth","gdp_growth",1,0.112390843859862,0.0600095441577461,0.000563439786975541,0.0049167943448652,0.233456977264854,0.404299429575624
"consumption_growth","gdp_growth",2,0.111950852964806,0.0700540172858174,0.00453396152789644,0.0162515291266789,0.217922469418444,0.359677056467993
"consumption_growth","gdp_growth",3,0.112069289863063,0.0725151470212006,0.00767557547379074,0.0204522073941989,0.212717674226505,0.349272649526023
"consumption_growth","gdp_growth",4,0.112091068633297,0.0734539292937739,0.0095699381890418,0.0227556411937603,0.209599618552195,0.342474473899283
"consumption_growth","gdp_growth",5,0.112194134023929,0.0748511240224165,0.0111970489169796,0.0242220158558772,0.208409596379075,0.337338837622373
"consumption_growth","gdp_growth",6,0.112228309826478,0.0755393057541834,0.0119654255968138,0.0249151873997269,0.206999690151882,0.335343920286214
"consumption_growth","gdp_growth",7,0.112234850770944,0.0758967711210003,0.0124769010184021,0.0254625986894263,0.206164239443144,0.333693421746251
"consumption_growth","gdp_growth",8,0.112245723737446,0.0762373174658873,0.0130177764486283,0.0258420947792949,0.205679490244483,0.332263184342627
"consumption_growth","gdp_growth",9,0.11223935703195,0.0764561356889213,0.0133105059858897,0.0262570574925102,0.204899136991858,0.331433330662193
"consumption_growth","gdp_growth",10,0.112242873366246,0.076612260802255,0.0135560569283273,0.0264894778481798,0.204763858428599,0.331050958869583
"consumption_growth","gdp_growth",11,0.112245642052672,0.0767740995554472,0.0139020962110681,0.0268436069050539,0.20455052924858,0.330452525352321
"consumption_growth","gdp_growth",12,0.112255983601613,0.0769094912933889,0.0141279281599308,0.027066496271536,0.203826513528267,0.329600699575885
"consumption_growth","gdp_growth",13,0.112268543063646,0.0769768848240936,0.0143577685438265,0.0271380279217342,0.203750499455326,0.328593377930959
"consumption_growth","gdp_growth",14,0.112282451751442,0.0769919463018736,0.0145144013225942,0.0273392453834786,0.203373921522176,0.328231735053622
"consumption_growth","gdp_growth",15,0.112296923489409,0.0771071707006136,0.0147196765020603,0.0275002492271546,0.202958809431171,0.327711618577377
"consumption_growth","gdp_growth",16,0.112310520542239,0.0772279434077982,0.014807673837888,0.0278024090470668,0.202956840460891,0.327175874971945
"consumption_growth","gdp_growth",17,0.112323517842524,0.0772741546671777,0.0149997032153467,0.0279060032575858,0.203007678041256,0.326782356959584
"consumption_growth","gdp_growth",18,0.112334961726217,0.0771835773978531,0.0151770330282069,0.0280492368228906,0.202973438262319,0.326468190211296
"consumption_growth","gdp_growth",19,0.112344528587052,0.077213285319855,0.0152363742718071,0.0282217554357174,0.202762059440979,0.326151140483048
"consumption_growth","gdp_growth",20,0.112352190448837,0.0771473488419451,0.0153683883418387,0.0282822692360438,0.202795434061977,0.325864468764835
"consumption_growth","gdp_growth",21,0.112357522648098,0.0771712374657626,0.0154814940963833,0.0284235284983529,0.202663697848506,0.325115396803031
"consumption_growth","consumption_growth",1,0.115871851532849,0.0619350402940515,0.000459452263353388,0.00621762104813723,0.240949835513536,0.405207220197005
"consumption_growth","consumption_growth",2,0.114467999000467,0.074143290376917,0.00512456074822566,0.0171929003048059,0.219844126008054,0.36056713309309
"consumption_growth","consumption_growth",3,0.114500185629966,0.0764943056950724,0.00859613943621135,0.0216358266428051,0.215565840216174,0.348945654633169
"consumption_growth","consumption_growth",4,0.114440630546129,0.0773299670623944,0.0104072699688086,0.0237084584957935,0.212303401474924,0.342698255468627
"consumption_growth","consumption_growth",5,0.114593536288415,0.0786026477460041,0.012304219460273,0.0254568127539528,0.210726944136183,0.337574542039428
"consumption_growth","consumption_growth",6,0.114547443993751,0.0791487518320511,0.01294288611085,0.0263883046415578,0.209709777665622,0.336184107428785
"consumption_growth","consumption_growth",7,0.114495231123535,0.0791660898782098,0.0134780239049847,0.0268702404524609,0.209091285989706,0.333856513746953
"consumption_growth","consumption_growth",8,0.11446280381313,0.0795657652726125,0.0137886792143387,0.0273526027042745,0.208961736668353,0.332766933603528
"consumption_growth","consumption_growth",9,0.114433178105004,0.0799779250054581,0.0140598481270541,0.0277330471932949,0.20839457385664,0.331808525870943
"consumption_growth","consumption_growth",10,0.114424966781401,0.0803576314963425,0.0143066063331365,0.0280496328685678,0.208656457857901,0.331408097526325
"consumption_growth","consumption_growth",11,0.114418771260984,0.0807357574134079,0.01451704168392,0.0283694782448231,0.208482603425887,0.331042197009038
"consumption_growth","consumption_growth",12,0.114430995476587,0.0807653631322047,0.0147506815853273,0.0288222033384133,0.208101123791869,0.330675517073306
"consumption_growth","consumption_growth",13,0.114442507193795,0.0808471597543147,0.0148621048847765,0.0290414938765099,0.207483160097504,0.330323850229287
"consumption_growth","consumption_growth",14,0.114457505354545,0.0810151944704418,0.0152115225343377,0.0293394334324126,0.206986788512598,0.329455189606831
"consumption_growth","consumption_growth",15,0.11447032686965,0.0810364667959193,0.0153103172220047,0.0295381329863533,0.20694121983576,0.329318313452301
"consumption_growth","consumption_growth",16,0.114482733398548,0.0811170563724744,0.015350201111533,0.0297185219305042,0.206761240766004,0.328990844510537
"consumption_growth","consumption_growth",17,0.114489782069768,0.0812279275085044,0.0154284250902206,0.0298238402737557,0.206451733134742,0.328238981643058
"consumption_growth","consumption_growth",18,0.114493385639034,0.0812633898345906,0.0154353929695526,0.0300482309307343,0.206604578606037,0.327639561369547
"consumption_growth","consumption_growth",19,0.114494434111954,0.0813827590131086,0.0155122993151181,0.030230559819682,0.206090917749937,0.327044478938611
"consumption_growth","consumption_growth",20,0.114494253695957,0.0814665635529345,0.0155515433139147,0.0303646978077761,0.205917600096246,0.326578035953198
"consumption_growth","consumption_growth",21,0.114493482201526,0.0816931494202486,0.015593844709799,0.0303580722582908,0.205728886280551,0.326381343283404
"consumption_growth","cpi_growth",1,0.113188608098949,0.0618552376870712,0.00055992990698961,0.00612799780167561,0.230034933577098,0.413055771050603
"consumption_growth","cpi_growth",2,0.111970783939883,0.0715093096627611,0.00524270543322573,0.0166237564233928,0.215234096575156,0.367301662665902
"consumption_growth","cpi_growth",3,0.112102726325974,0.0739323936406237,0.00865008254207896,0.0210362042359394,0.210751056375658,0.355406674684899
"consumption_growth","cpi_growth",4,0.112109386644003,0.0753815793522214,0.0102901045964373,0.0231780505502735,0.208472854546158,0.346122079116661
"consumption_growth","cpi_growth",5,0.112224514298435,0.0769722025317977,0.0120584788483329,0.0256498121331883,0.205769902978419,0.344130330724479
"consumption_growth","cpi_growth",6,0.112242462529832,0.0769446028161834,0.012831053182287,0.0259991879429619,0.204747341551012,0.340288878397738
"consumption_growth","cpi_growth",7,0.112258218145467,0.0774400403536222,0.0133894987721351,0.0264587786202619,0.203956107747911,0.337649082024647
"consumption_growth","cpi_growth",8,0.112249141620533,0.0776278400609977,0.0137871879020255,0.0270527060761558,0.203112759862715,0.336928542765858
"consumption_growth","cpi_growth",9,0.112225745788718,0.0779432784140209,0.0140453155611971,0.0274869939303345,0.202875029854229,0.335024588854991
"consumption_growth","cpi_growth",10,0.112217634258547,0.0781379157321026,0.0144244087011794,0.0278057887794002,0.2025990766606,0.333595691076927
"consumption_growth","cpi_growth",11,0.112206758968512,0.0782849929682544,0.014501613592637,0.0280557425390058,0.202446983952877,0.332855068890095
"consumption_growth","cpi_growth",12,0.112198618781243,0.0784084215294978,0.0146355712768723,0.0282623184752232,0.202145846655852,0.332035145733233
"consumption_growth","cpi_growth",13,0.112193224742691,0.0783337386984526,0.0148127635283685,0.0284550409377537,0.20211068544282,0.331429444637531
"consumption_growth","cpi_growth",14,0.112189142958143,0.0784536506936611,0.01501689425904,0.028592186970747,0.201627571690395,0.331071602477351
"consumption_growth","cpi_growth",15,0.112189405113436,0.0785855854996698,0.0151996287012593,0.0287256000099796,0.201359746844124,0.330601210914145
"consumption_growth","cpi_growth",16,0.112188738004087,0.0786854963598223,0.0152454674245913,0.0290128198278488,0.200928018075041,0.329940569206618
"consumption_growth","cpi_growth",17,0.112190622668281,0.0787245891678305,0.0152566764914966,0.029119564602599,0.200605419692047,0.32923767762582
"consumption_growth","cpi_growth",18,0.112190788049496,0.0786204016755611,0.0153417993623576,0.0292233801249001,0.200691568912541,0.329019698946663
"consumption_growth","cpi_growth",19,0.112192596204459,0.078715045258746,0.015438939152249,0.0293199752866196,0.200517257352331,0.328551236488917
"consumption_growth","cpi_growth",20,0.112193859609566,0.0787521156865804,0.0154898540994747,0.0293113579930824,0.200492963739164,0.328512282289853
"consumption_growth","cpi_growth",21,0.112196756634192,0.0787188272499432,0.0155900835366807,0.0294978512470898,0.200353557308096,0.327809999775918
"consumption_growth","saving_rate",1,0.114300289269679,0.0609704360081425,0.000498470392457978,0.00567446262594123,0.242333507790283,0.409552415264894
"consumption_growth","saving_rate",2,0.113178592054033,0.0700261575647716,0.00472899421055902,0.0164559149081645,0.221188534013511,0.365148475309968
"consumption_growth","saving_rate",3,0.113064272621765,0.0723893842364717,0.00819023081600105,0.0201626947121136,0.216353190248343,0.351503574248746
"consumption_growth","saving_rate",4,0.113111017701258,0.0740077216332586,0.0100904748302796,0.0231320690564548,0.212702271039767,0.344392824640124
"consumption_growth","saving_rate",5,0.113154767290928,0.0748525303985938,0.0119618693322784,0.0254602177870721,0.209962910180608,0.337966163279876
"consumption_growth","saving_rate",6,0.113195030366784,0.0749660321253488,0.0125783491456169,0.0261211337438277,0.208722111239095,0.335732351816119
"consumption_growth","saving_rate",7,0.113218440786303,0.0752411724391751,0.0132530740522886,0.0267194296876623,0.20811075134609,0.334345372890968
"consumption_growth","saving_rate",8,0.113225305646412,0.075529977862943,0.0134663632392196,0.0271230864484961,0.207848783754355,0.332941742749172
"consumption_growth","saving_rate",9,0.113209351164335,0.0756771331759267,0.0137145005720574,0.0275260305944575,0.207523445412819,0.332177022293576
"consumption_growth","saving_rate",10,0.113220751780953,0.0758572144157384,0.0138691559839445,0.027776864245867,0.20746195178982,0.331776878960255
"consumption_growth","saving_rate",11,0.113213986651611,0.0761387247153494,0.0140695099060741,0.0279874428802367,0.207301565266733,0.331293998518336
"consumption_growth","saving_rate",12,0.11323284281373,0.0762573642329849,0.0143605788801263,0.0281234116851005,0.2067041534022,0.33121842661438
"consumption_growth","saving_rate",13,0.113230187876364,0.076211178027747,0.0145683441802539,0.0283907636917292,0.206282715490021,0.330812600870774
"consumption_growth","saving_rate",14,0.113243402139453,0.0763912752944471,0.0146277613644743,0.028622728462572,0.206060832638643,0.330200438866226
"consumption_growth","saving_rate",15,0.113241402521255,0.0765054662781542,0.0148378084222539,0.0287328855389018,0.205935726773107,0.329550228213283
"consumption_growth","saving_rate",16,0.113248923635001,0.0765566172702946,0.0149199565166376,0.0289688216072956,0.205785709958348,0.329203918948912
"consumption_growth","saving_rate",17,0.11324868509843,0.0767134235642518,0.0150070541586936,0.0291222469740735,0.205596789314211,0.328632675436988
"consumption_growth","saving_rate",18,0.113252543874074,0.0768993411350254,0.0152501999630111,0.0291234919338065,0.20543869673148,0.328619358587392
"consumption_growth","saving_rate",19,0.113253190976021,0.0769072623377061,0.0152637771970938,0.0294565921569812,0.205295917796974,0.328496345445713
"consumption_growth","saving_rate",20,0.113255549879915,0.0768859917497943,0.0154082045605904,0.0295746292024372,0.205305180620978,0.328445278223285
"consumption_growth","saving_rate",21,0.113257512084896,0.0769367519060133,0.0154346709671233,0.0296059228135753,0.205282100778964,0.328377986117541
"consumption_growth","policy_rate",1,0.0877921579352305,0.0435539911673509,0.000434108040990282,0.00417091213208777,0.183013116775045,0.327000488140469
"consumption_growth","policy_rate",2,0.0966776925264003,0.0658565563760175,0.00526940672531593,0.0165198593998596,0.182940026002309,0.300473487592223
"consumption_growth","policy_rate",3,0.0962052247968618,0.0677289298233876,0.00754601303793589,0.0194258270945067,0.178389316360078,0.288783721640452
"consumption_growth","policy_rate",4,0.0963294157330019,0.0683336387173692,0.00936090965384703,0.020648160846234,0.176299098079801,0.28343157003001
"consumption_growth","policy_rate",5,0.0955806013136222,0.0682210866683365,0.0102734850469859,0.0220494496010791,0.173767184762811,0.280053507077955
"consumption_growth","policy_rate",6,0.0954547268880991,0.0682587726670053,0.010700315235499,0.0223180711810353,0.173034407545258,0.278887701788846
"consumption_growth","policy_rate",7,0.0954339644410303,0.0683337478565581,0.0113711275384436,0.0229535219056496,0.172499595492687,0.277760428313127
"consumption_growth","policy_rate",8,0.0954087752172793,0.0684090595256356,0.0117483878058359,0.0234325495497476,0.172095609413308,0.277046560785228
"consumption_growth","policy_rate",9,0.0955368815294738,0.0689786625331011,0.012150276762721,0.0239882277463498,0.171432529178381,0.276040211114504
"consumption_growth","policy_rate",10,0.0955199704545045,0.0689913148934747,0.0125155047516224,0.0241541104234561,0.171562880209084,0.275394138911555
"consumption_growth","policy_rate",11,0.0955644102248394,0.069206114355757,0.0127137980004072,0.024499647195437,0.171369535747356,0.274745725852135
"consumption_growth","policy_rate",12,0.0954873832789253,0.0691576797761579,0.0128305363245473,0.0246156848822566,0.170761095589696,0.274413678343012
"consumption_growth","policy_rate",13,0.095463646936347,0.0692543625469141,0.0129521787623339,0.0246803138080545,0.170493485003243,0.273436353899311
"consumption_growth","policy_rate",14,0.0953799409239405,0.0691668582611578,0.0130478742156945,0.0247455492636666,0.170255886524094,0.272463492754789
"consumption_growth","policy_rate",15,0.0953314546149383,0.0694027496082309,0.013116282065885,0.0247458192759138,0.170136316701134,0.271953561637593
"consumption_growth","policy_rate",16,0.0952614896743068,0.0694423529960026,0.013173060400563,0.0248045576338731,0.170033710053162,0.271513582892998
"consumption_growth","policy_rate",17,0.0952174266468936,0.0694479459618054,0.013269713793761,0.0248449979733907,0.169816450910099,0.271210801998737
"consumption_growth","policy_rate",18,0.0951706262174563,0.0694372981430322,0.013302784057754,0.0248845371867798,0.169683871307692,0.271112743470595
"consumption_growth","policy_rate",19,0.095138089830276,0.0694678779533847,0.0133196136835002,0.0249307529389514,0.16958983527035,0.270248707658412
"consumption_growth","policy_rate",20,0.0951067146913405,0.0695670826378711,0.0133849268031992,0.0249485030383299,0.169469746782283,0.26965689710314
"consumption_growth","policy_rate",21,0.0950808628638195,0.0695901055868133,0.0134044081119331,0.0249582143766673,0.169394391776468,0.269474669060015
"consumption_growth","interest_burden",1,0.114254330439398,0.0611005905758867,0.000582006047725996,0.00563612517530272,0.237651633719274,0.405773057151672
"consumption_growth","interest_burden",2,0.112482881277609,0.0707220646624941,0.0046101344838667,0.0164706808089932,0.216717948979877,0.363937781367593
"consumption_growth","interest_burden",3,0.112478731968689,0.0729524532772742,0.00771303894565026,0.020306066966654,0.212695916687758,0.353816819452616
"consumption_growth","interest_burden",4,0.112403202322776,0.0742354812400629,0.00951275930492166,0.0223229467302772,0.20891587622364,0.344755733292793
"consumption_growth","interest_burden",5,0.112472330127791,0.0758008832105932,0.0114412924633614,0.0243072365933228,0.207677139561023,0.339985914026342
"consumption_growth","interest_burden",6,0.112462368521707,0.0762542753111322,0.0118628755740208,0.0252378643334073,0.206882534939278,0.336628897817854
"consumption_growth","interest_burden",7,0.112441123258928,0.07685094723237,0.0125351211839966,0.0257919765432875,0.206060960884813,0.33470461129783
"consumption_growth","interest_burden",8,0.112442756235035,0.076941275990443,0.0128706698944183,0.026337536373517,0.205134203934735,0.332315107613247
"consumption_growth","interest_burden",9,0.11239961681692,0.0774177063173691,0.0132044154093146,0.0268622033035646,0.204601693676747,0.331100753961949
"consumption_growth","interest_burden",10,0.112393206164344,0.0774527587980157,0.0134765163296873,0.0271641028377448,0.20399509147969,0.330576779456891
"consumption_growth","interest_burden",11,0.112372718025776,0.0776217278421626,0.0136376095748389,0.0274588217304771,0.203953752944388,0.329630090523881
"consumption_growth","interest_burden",12,0.112378936946609,0.0778488794777697,0.0138789681599484,0.0275681290385594,0.20333105353343,0.328726792132416
"consumption_growth","interest_burden",13,0.112367197990932,0.0779776210675999,0.0141451248545553,0.0277091163152164,0.203161803975592,0.328166444528518
"consumption_growth","interest_burden",14,0.112376386808616,0.0782119439890677,0.0145491684260027,0.0278248588506701,0.202861157502809,0.327537128892537
"consumption_growth","interest_burden",15,0.112376347344644,0.0784698383675317,0.0147218259976707,0.0280594588833669,0.202558256802153,0.327368681502945
"consumption_growth","interest_burden",16,0.112384656375119,0.0786944037564715,0.0148386779077038,0.0282632491556574,0.20243665117237,0.327200258661806
"consumption_growth","interest_burden",17,0.112385209416048,0.0787799144174841,0.0149790970779029,0.0283601807549088,0.202346132924421,0.327049238899292
"consumption_growth","interest_burden",18,0.112389090919925,0.0788321121390065,0.0151311420210347,0.0284663094300669,0.202204085236926,0.326558163484092
"consumption_growth","interest_burden",19,0.112386990559253,0.0790118123101448,0.0151981218377366,0.0285435754300858,0.202158980736511,0.326106820085869
"consumption_growth","interest_burden",20,0.112385021721812,0.0790204996581661,0.0153580733698625,0.028665362683147,0.202098679247722,0.325997223374726
"consumption_growth","interest_burden",21,0.112380022260859,0.0791117774096033,0.0154546517171013,0.0287569712783951,0.202006666710831,0.325709045184684
"consumption_growth","debt_growth",1,0.113926284811227,0.0623574232608795,0.00059612724509715,0.00560045888166766,0.234044588626717,0.401983848947767
"consumption_growth","debt_growth",2,0.112958107126007,0.0718536537295723,0.00473536033149508,0.0165943931969842,0.216034758254346,0.35625787856257
"consumption_growth","debt_growth",3,0.112957183696998,0.0742993809242261,0.00756650918887385,0.0207291154160302,0.21129033540486,0.342585116137251
"consumption_growth","debt_growth",4,0.112853250646609,0.0752701720201063,0.0097869137733039,0.0228326870046027,0.208538822594046,0.337301029218176
"consumption_growth","debt_growth",5,0.112916152062761,0.0770351968935688,0.0112433250617189,0.0244584703485979,0.207336748828593,0.333335744461802
"consumption_growth","debt_growth",6,0.112949879364729,0.0773429446088714,0.0119140999263634,0.0252338021933882,0.207263031479249,0.330888507316133
"consumption_growth","debt_growth",7,0.112953711202744,0.0778996532214304,0.0124836232109945,0.0259171017277353,0.206548142692834,0.326839930056471
"consumption_growth","debt_growth",8,0.112968368175457,0.0781636569986318,0.0129842100297717,0.026324460034575,0.206188877127989,0.325476324814998
"consumption_growth","debt_growth",9,0.112950020104757,0.0785663362345855,0.013342989862758,0.0267586848503508,0.205684724188599,0.323768217013675
"consumption_growth","debt_growth",10,0.112942250562103,0.0787257877254572,0.0135674754808208,0.0269286390949759,0.205314626265165,0.322837296720945
"consumption_growth","debt_growth",11,0.11292517909632,0.0788158353334585,0.0138644181348304,0.0271059278002552,0.20473625389852,0.322055585304924
"consumption_growth","debt_growth",12,0.11291965163353,0.0789838834328333,0.0140164818342243,0.0272013552149374,0.204552188690259,0.321625735981797
"consumption_growth","debt_growth",13,0.11291306452162,0.0790567408585116,0.0142518617280766,0.0273834264774382,0.204099915302141,0.321228018375612
"consumption_growth","debt_growth",14,0.112909344884598,0.0792322417390593,0.0144899604419513,0.0275436463324152,0.204214807135818,0.320701850790175
"consumption_growth","debt_growth",15,0.112907380290601,0.0794156004905988,0.0147299171946189,0.0277004339304311,0.203946582625787,0.320123394854481
"consumption_growth","debt_growth",16,0.112905979414273,0.0794650043036825,0.0149122922472383,0.0277914043716337,0.203828847442426,0.319533322271
"consumption_growth","debt_growth",17,0.112907810730779,0.0795226408005809,0.0150580729160711,0.027939500525331,0.203764329321118,0.319147952238334
"consumption_growth","debt_growth",18,0.112906891790181,0.0796915739452501,0.0151759982916629,0.0280821829434587,0.203482478676152,0.318925980385045
"consumption_growth","debt_growth",19,0.112908096728717,0.0798364062712115,0.0151816353417244,0.028177061332194,0.203372094326279,0.318665808771598
"consumption_growth","debt_growth",20,0.112907333828996,0.0798918305468577,0.0152566880084726,0.028260609290708,0.203077973599829,0.318322338326884
"consumption_growth","debt_growth",21,0.112908925362074,0.0799128462479565,0.0153064985553888,0.0283177985757567,0.203128188487072,0.317224606546464
"consumption_growth","real_house_price_growth",1,0.113649364069298,0.0587626318444352,0.000579164723125443,0.00537132971294236,0.237851674082633,0.406826128641381
"consumption_growth","real_house_price_growth",2,0.113243870880644,0.0719893075678305,0.00486528005269277,0.0162291666171447,0.222174242539668,0.365101549944081
"consumption_growth","real_house_price_growth",3,0.113366288128681,0.0742848880993457,0.00828322961347285,0.021083688363602,0.217431854869813,0.353759505425528
"consumption_growth","real_house_price_growth",4,0.113378741042856,0.0750805342844946,0.0101480007892748,0.023135774396077,0.214430635687276,0.346300205477402
"consumption_growth","real_house_price_growth",5,0.11348595797473,0.0759358735717679,0.0117558522289316,0.0254254591817547,0.211939993176102,0.340508023618904
"consumption_growth","real_house_price_growth",6,0.113511654415025,0.0762363970258456,0.0126569260994918,0.0263153933151569,0.210599316308956,0.337476316457411
"consumption_growth","real_house_price_growth",7,0.113526308912444,0.0763486092381259,0.0131311720038513,0.0267640322409873,0.209729104122017,0.336792162458142
"consumption_growth","real_house_price_growth",8,0.113525105957884,0.0770252685036675,0.0135679928477718,0.0271732090735206,0.209529269777767,0.335331858163048
"consumption_growth","real_house_price_growth",9,0.113525431085779,0.0768077750457414,0.0140606571354974,0.0276627991515215,0.208527241941516,0.333675459125995
"consumption_growth","real_house_price_growth",10,0.113531498955966,0.077129291724305,0.0143777656230256,0.0278447259713023,0.208200643097513,0.333696199057514
"consumption_growth","real_house_price_growth",11,0.113527596159637,0.0771878695336106,0.0145026413572494,0.0279985933231856,0.207689339587217,0.332891294018875
"consumption_growth","real_house_price_growth",12,0.113538296573152,0.0773883330496547,0.0146388988074299,0.0284437211644504,0.20759437468819,0.332438578275965
"consumption_growth","real_house_price_growth",13,0.113541421001038,0.0774326531036565,0.0148728190650021,0.0286110765609925,0.207197936830806,0.332087824633548
"consumption_growth","real_house_price_growth",14,0.113556452174857,0.0775527499019725,0.0150385569649025,0.0288383910569853,0.207156201388609,0.331602419067201
"consumption_growth","real_house_price_growth",15,0.113562661433071,0.0781652797177006,0.0152138363901957,0.0290408943584544,0.207118439276161,0.331560070765756
"consumption_growth","real_house_price_growth",16,0.113575642774243,0.0783306878413047,0.0152614337331022,0.0292508982076313,0.206777261615237,0.331299968741421
"consumption_growth","real_house_price_growth",17,0.113581703588498,0.0784038171040814,0.0153793248396021,0.0293301630697419,0.206662709362804,0.331149165061522
"consumption_growth","real_house_price_growth",18,0.113592729755728,0.0784091391228095,0.0154192948661793,0.0293819528094333,0.206315455181364,0.330968668264737
"consumption_growth","real_house_price_growth",19,0.11359962197833,0.078745674098283,0.0154497996912594,0.0295027686246201,0.206164251062576,0.330613372875847
"consumption_growth","real_house_price_growth",20,0.113609979581686,0.0788922858490593,0.0154831167733597,0.0295759878436876,0.205951256422533,0.330004092472277
"consumption_growth","real_house_price_growth",21,0.113617445387276,0.0790621027210989,0.015630878144345,0.0295494154500726,0.205690759953067,0.329536983176655
"consumption_growth","asset_liability_ratio",1,0.114626269983506,0.0616797909855758,0.000798517775883438,0.00622189686895321,0.236402741509527,0.403667332680488
"consumption_growth","asset_liability_ratio",2,0.11306922023015,0.0719123615546405,0.00533141037398899,0.0174707245429427,0.218401319855594,0.362956066186372
"consumption_growth","asset_liability_ratio",3,0.113256096968002,0.0739398656659244,0.00846862548012807,0.0216126315654532,0.215059589386069,0.35236836604349
"consumption_growth","asset_liability_ratio",4,0.113283286730071,0.0753580480868965,0.0104961870520727,0.0235160556714285,0.212422375418107,0.346008592621263
"consumption_growth","asset_liability_ratio",5,0.113378006619389,0.0765465063835915,0.0120646386856099,0.0254452091391682,0.21044556737392,0.339241354111887
"consumption_growth","asset_liability_ratio",6,0.113408124093594,0.0772568757073154,0.0126581806289642,0.0260654276543098,0.210110444362394,0.33612579250952
"consumption_growth","asset_liability_ratio",7,0.113438151358606,0.0777802025983211,0.0134740591394864,0.0266556053650689,0.209084835173521,0.335456524038521
"consumption_growth","asset_liability_ratio",8,0.113472019596822,0.0778605614522807,0.0138247700535253,0.0271119665677033,0.208428414662011,0.334905271431637
"consumption_growth","asset_liability_ratio",9,0.113480418373062,0.0782139692893359,0.0141068822638161,0.0274423511482523,0.208043818326538,0.33402074985036
"consumption_growth","asset_liability_ratio",10,0.113506847675936,0.078213634728581,0.0142125444364587,0.0277806825080842,0.207885757066295,0.333244023632464
"consumption_growth","asset_liability_ratio",11,0.113524937559649,0.0783213227948771,0.014448394162922,0.0281074181421134,0.207466984657813,0.332284472267963
"consumption_growth","asset_liability_ratio",12,0.113557290894611,0.078466421350456,0.0146863152406881,0.0283184931904662,0.207306843133177,0.331327145443927
"consumption_growth","asset_liability_ratio",13,0.113580206673567,0.0786864722564389,0.0148027767117379,0.0285494567196156,0.20702287913383,0.33024300981063
"consumption_growth","asset_liability_ratio",14,0.113605373004406,0.0788136472644822,0.0150149433162939,0.0287188037793765,0.206725415661775,0.329756773508542
"consumption_growth","asset_liability_ratio",15,0.113624098322995,0.0790598852650835,0.0151388577963789,0.0289152963335116,0.206770872368466,0.329293986119023
"consumption_growth","asset_liability_ratio",16,0.113641316182183,0.0790704595794229,0.0152839727976791,0.0291288543165051,0.206481975101946,0.329218850057789
"consumption_growth","asset_liability_ratio",17,0.113655241938777,0.0791066737391682,0.0154611002743153,0.0293348394172344,0.206358052536712,0.32886324905252
"consumption_growth","asset_liability_ratio",18,0.113668982027889,0.0791981445564176,0.015531490955225,0.0294494595767405,0.206369933587745,0.327942406820969
"consumption_growth","asset_liability_ratio",19,0.113682451023938,0.079389563939602,0.0155944318238472,0.0295576953956412,0.20634004405674,0.327141510680941
"consumption_growth","asset_liability_ratio",20,0.113695096541891,0.0794002185626966,0.0157088617837277,0.0296648180863635,0.206466961447895,0.326314714820546
"consumption_growth","asset_liability_ratio",21,0.11370747055726,0.0794135345662415,0.0157528782793713,0.0298111339955367,0.206491206426396,0.326023890368333
"cpi_growth","gdp_growth",1,0.119870578135034,0.0639399826784738,0.000547778252356443,0.00541425249653536,0.247896836904459,0.427364763453717
"cpi_growth","gdp_growth",2,0.120393737180175,0.0696666437659959,0.00382102497543483,0.014282618274418,0.239523753162652,0.400904243904062
"cpi_growth","gdp_growth",3,0.119431732696053,0.0701727676022531,0.00612673818776188,0.0167335344481477,0.235137623913552,0.393688256144921
"cpi_growth","gdp_growth",4,0.119438220559508,0.0737424138934095,0.0085134840522999,0.0201139199167331,0.229192253129923,0.378777884412306
"cpi_growth","gdp_growth",5,0.118260941739643,0.0742743017136448,0.0101811325044394,0.0220337046914993,0.224817909178803,0.369847585005642
"cpi_growth","gdp_growth",6,0.117790934009404,0.0773489257854214,0.0116056968657457,0.0242995470009762,0.221518458869565,0.361109149739989
"cpi_growth","gdp_growth",7,0.117110975510691,0.0780406823784578,0.0125397515263234,0.0259719927485098,0.217301771233512,0.354199993637635
"cpi_growth","gdp_growth",8,0.116979797773633,0.0795228493036696,0.0130027648520338,0.0269577026788433,0.216810575340887,0.348234537424298
"cpi_growth","gdp_growth",9,0.116688065856879,0.0801785474131798,0.0137021545750958,0.0278618144670336,0.21412049948021,0.342918300474865
"cpi_growth","gdp_growth",10,0.116638007399835,0.0802774887102479,0.0139087292011119,0.0287321708941539,0.212792707298314,0.341066646280416
"cpi_growth","gdp_growth",11,0.116556630467962,0.0807735278601792,0.0143845842028742,0.029237915867257,0.211498856504157,0.338238155579926
"cpi_growth","gdp_growth",12,0.11657662191288,0.0807013077586806,0.0147748320679044,0.029608171075777,0.210403255217735,0.337691875247113
"cpi_growth","gdp_growth",13,0.116561494875346,0.0808386103454607,0.0150261056487354,0.0299594512999772,0.209750521576819,0.335558040282151
"cpi_growth","gdp_growth",14,0.116570554270136,0.0810650143230145,0.0150650626489297,0.0300803714784074,0.209397595704689,0.334638486616138
"cpi_growth","gdp_growth",15,0.116563088130226,0.0814792877339547,0.0151549495802336,0.030331600653418,0.209059126799999,0.334109389235157
"cpi_growth","gdp_growth",16,0.116559362067787,0.081461886183676,0.0155059629657844,0.0304949341529035,0.208356368839071,0.335069594759731
"cpi_growth","gdp_growth",17,0.11654628263586,0.0814382816866373,0.0158021012607046,0.0306923063987754,0.207399795627256,0.335218508505896
"cpi_growth","gdp_growth",18,0.116532982095281,0.0813778569930225,0.0160334326252522,0.0309476799134251,0.207407022622324,0.334170551491012
"cpi_growth","gdp_growth",19,0.116513339831533,0.081608375426715,0.0161821870261681,0.0310614128040747,0.207510118358229,0.332540417150982
"cpi_growth","gdp_growth",20,0.116495558738396,0.0816912030773407,0.016467646807075,0.0311462577446945,0.207342185793105,0.332697324978034
"cpi_growth","gdp_growth",21,0.116476482059122,0.0815282740650614,0.016505833767036,0.0313118317128541,0.206981713655232,0.332135751248402
"cpi_growth","consumption_growth",1,0.120523900668711,0.0669680407797569,0.000616611915754728,0.00582506421500325,0.256496880657775,0.416127257510659
"cpi_growth","consumption_growth",2,0.120589380898036,0.0707844677182583,0.00371049563363838,0.0144505440088446,0.241873254885745,0.403203664032279
"cpi_growth","consumption_growth",3,0.119651824144043,0.0705640210431858,0.00634910928356897,0.0169653298958761,0.236308370048685,0.3997546805796
"cpi_growth","consumption_growth",4,0.119595359997961,0.074620468884002,0.00895576872781538,0.0204842338928014,0.231099473101172,0.383092036651339
"cpi_growth","consumption_growth",5,0.118425523352919,0.0762828484209213,0.0101684012515934,0.0225483094402343,0.224118151077964,0.373401501289555
"cpi_growth","consumption_growth",6,0.117864934717622,0.0775747034894847,0.0117129989395051,0.0242396279214075,0.219894501599142,0.36461140359494
"cpi_growth","consumption_growth",7,0.117110240120114,0.078451565793477,0.0125201380694009,0.0256248743339328,0.216904492900149,0.356681646535473
"cpi_growth","consumption_growth",8,0.116985910087866,0.079756085269553,0.0131807337540922,0.0264903154448688,0.214313014061517,0.352197327869876
"cpi_growth","consumption_growth",9,0.116638811778276,0.0800498304091426,0.0138659057257967,0.0276979495681753,0.211155211777082,0.347130277984706
"cpi_growth","consumption_growth",10,0.116605400806486,0.0805956807959496,0.0140966564094772,0.0283381513521316,0.211469324911432,0.344706630680991
"cpi_growth","consumption_growth",11,0.116511972020838,0.081316551886359,0.0142503528415601,0.0289593271731644,0.210350436655201,0.342056987405352
"cpi_growth","consumption_growth",12,0.116579485690318,0.0808714745728647,0.0145239270560812,0.0290698713556522,0.211240460580263,0.340909878160385
"cpi_growth","consumption_growth",13,0.116585789331315,0.0811129993263787,0.0146090223088527,0.0295024630656019,0.210806947416729,0.338774420422052
"cpi_growth","consumption_growth",14,0.116636353009461,0.0809613253828776,0.0149468367426275,0.0298500928414315,0.210065646469518,0.338191287097638
"cpi_growth","consumption_growth",15,0.116658206489964,0.081288235503271,0.0151117727745016,0.030241361451902,0.209974012373991,0.336744039692018
"cpi_growth","consumption_growth",16,0.116689212168511,0.0815239953433069,0.0153775496369945,0.0305917709074765,0.209342921727006,0.337656566894635
"cpi_growth","consumption_growth",17,0.11670643527038,0.0817909186598314,0.0155212616770822,0.0308843959610656,0.208666283504199,0.336726069346329
"cpi_growth","consumption_growth",18,0.116721463380798,0.0818899624865965,0.0156961960127296,0.0310725331296075,0.208657386652319,0.335861464148931
"cpi_growth","consumption_growth",19,0.116734201285877,0.082456002152835,0.0158440864575033,0.0313456967081644,0.208381268633558,0.334884031763383
"cpi_growth","consumption_growth",20,0.116745421030899,0.0826108113167538,0.0160954556846133,0.0314842766980294,0.207990468863087,0.333461884123203
"cpi_growth","consumption_growth",21,0.116757412193159,0.082999074212666,0.0160920162087052,0.031659206976651,0.207878798608456,0.333339280003434
"cpi_growth","cpi_growth",1,0.123122758316862,0.0655732620752918,0.000610878285895583,0.0062476867849886,0.259478246335168,0.442183518713403
"cpi_growth","cpi_growth",2,0.122335361251483,0.0705986815960619,0.00428477683631702,0.0149942300714582,0.246377944515354,0.417727198231716
"cpi_growth","cpi_growth",3,0.121150674177066,0.0717017738478727,0.0065251930962142,0.0174869544838695,0.241495205356414,0.400170278490005
"cpi_growth","cpi_growth",4,0.121032620823379,0.0766952311693286,0.00894979927509767,0.0212865319280916,0.236298703091957,0.386467244088671
"cpi_growth","cpi_growth",5,0.119775028338052,0.0765159581623527,0.0107384844150229,0.0228958128387828,0.233428880010125,0.374238800666153
"cpi_growth","cpi_growth",6,0.119131061778887,0.0781815509048322,0.0119889439217621,0.0250303692021185,0.228539563197096,0.361185905762331
"cpi_growth","cpi_growth",7,0.118384175216951,0.0793153745478128,0.0130645128815053,0.0265319359811661,0.223784197815086,0.354829675064037
"cpi_growth","cpi_growth",8,0.118194096742243,0.0801915065734267,0.013547767177247,0.0275154241007946,0.222027039978228,0.349287458382283
"cpi_growth","cpi_growth",9,0.117842971344636,0.0804570009615286,0.0142348847636289,0.0284961007704728,0.219917199936473,0.344157100937259
"cpi_growth","cpi_growth",10,0.117750269802448,0.0814490768642382,0.0146058221859991,0.028691513587021,0.218906619348272,0.34181459519302
"cpi_growth","cpi_growth",11,0.117638379556153,0.0818639293991817,0.0148248718710767,0.0291680316680362,0.218099877787514,0.33911657919359
"cpi_growth","cpi_growth",12,0.117638105985989,0.0821385526608425,0.0150053739585346,0.0293221937045065,0.21754550415373,0.33595973999188
"cpi_growth","cpi_growth",13,0.117614565048034,0.0823376188384703,0.0153473794513683,0.0295312190705271,0.217384892411867,0.335253524828795
"cpi_growth","cpi_growth",14,0.117625097751241,0.0824848218606908,0.0156358218844095,0.0297670082891206,0.216708389940767,0.334924157880106
"cpi_growth","cpi_growth",15,0.117630240699888,0.0826439017139462,0.0159841540492674,0.0300176919418107,0.216363779773816,0.332959484345041
"cpi_growth","cpi_growth",16,0.117636847310862,0.0827559183376133,0.0161794257145222,0.0303063687003743,0.216395573196238,0.332529730128165
"cpi_growth","cpi_growth",17,0.117642146198554,0.0827824327392117,0.0163358275927707,0.0305360477175909,0.215899994035044,0.331907934153366
"cpi_growth","cpi_growth",18,0.117642633660329,0.0827773137408142,0.0163783820513409,0.0308283293131185,0.216276792824192,0.330551370260633
"cpi_growth","cpi_growth",19,0.117645968187996,0.0833394651384655,0.016718693805859,0.0310174686572008,0.215788743784522,0.330462402797855
"cpi_growth","cpi_growth",20,0.117640091347807,0.0838062767601366,0.0168095680595139,0.0313287315570293,0.215253274575149,0.330220364309171
"cpi_growth","cpi_growth",21,0.117637008759064,0.0840953594182283,0.0170486992941915,0.0315633841315751,0.214745108914951,0.329237692460341
"cpi_growth","saving_rate",1,0.124719911957346,0.0670675030616454,0.00046732826333605,0.00589859700752827,0.262883734030363,0.439031192906957
"cpi_growth","saving_rate",2,0.123959027671903,0.0726962409512866,0.0036603026536789,0.014343391388564,0.254594628564252,0.411863440380845
"cpi_growth","saving_rate",3,0.123119423953369,0.0724083016951183,0.00575609310778937,0.0167620421271953,0.250914151207686,0.403137513080322
"cpi_growth","saving_rate",4,0.122758609031209,0.0759279894202739,0.00774048048068738,0.0204684262157353,0.24394402016714,0.39133181542102
"cpi_growth","saving_rate",5,0.121537891858011,0.0762090998476071,0.00985661851552291,0.0220607294424991,0.238606829021976,0.382112084255404
"cpi_growth","saving_rate",6,0.120777074224382,0.0774196006063549,0.0109783652189312,0.0236892638149354,0.231761892744679,0.372638596581127
"cpi_growth","saving_rate",7,0.119937263252491,0.0781097619488926,0.0121477450239513,0.0250625220187403,0.22876961064981,0.362906351113693
"cpi_growth","saving_rate",8,0.11978989526131,0.0792045754351091,0.0127764724049717,0.0259673815044442,0.226654724043508,0.358632549367231
"cpi_growth","saving_rate",9,0.119427296663817,0.0801371775860531,0.0134676164261451,0.0274370356912685,0.224504976233776,0.353296908489623
"cpi_growth","saving_rate",10,0.119445091807112,0.0808153134658602,0.013776201038755,0.02804659002011,0.222912693257927,0.351130901464672
"cpi_growth","saving_rate",11,0.119357250318432,0.0812259415661666,0.0143610207266828,0.0285039088257678,0.221769574255199,0.348446014884503
"cpi_growth","saving_rate",12,0.119438699214745,0.0821556462641666,0.0144781226588626,0.0289622691186078,0.221695709266707,0.34892282357181
"cpi_growth","saving_rate",13,0.119407643425287,0.08226584996825,0.0147985861047375,0.0293037567427325,0.221227426488037,0.347002983979714
"cpi_growth","saving_rate",14,0.119429166972099,0.0825534448958948,0.0150396391715236,0.0295451109361791,0.22030032411866,0.346470588794094
"cpi_growth","saving_rate",15,0.119387166708978,0.0828969880248499,0.0151753604049894,0.0298378004371408,0.219958632879554,0.34593738517455
"cpi_growth","saving_rate",16,0.119360966967195,0.0831642995568336,0.0153803426159779,0.0299907167877588,0.220124654217292,0.344393522643047
"cpi_growth","saving_rate",17,0.119315338566395,0.0832387242319406,0.0154003025884779,0.0300939951672311,0.21903127917889,0.343541291078296
"cpi_growth","saving_rate",18,0.119274602493123,0.0835493253574893,0.0156698213274234,0.0304447001357406,0.218344684047389,0.343392124162179
"cpi_growth","saving_rate",19,0.119233960729441,0.0834851174363776,0.0158217751535614,0.0305852068099065,0.217892640368169,0.342911932547157
"cpi_growth","saving_rate",20,0.119199122019272,0.0835218044078338,0.0158717651401876,0.0308723343207585,0.217621934500704,0.341864456637603
"cpi_growth","saving_rate",21,0.119173522568526,0.0838665069636887,0.016064050225207,0.0309766972386543,0.217431286956454,0.341443771956072
"cpi_growth","policy_rate",1,0.0271326921021264,0.0128672904980337,0.000147815415621561,0.00128796788219792,0.0537013232277627,0.101164381169571
"cpi_growth","policy_rate",2,0.0293853824564091,0.0180181011335389,0.00123264976937726,0.00434104252794392,0.0548715044361593,0.0945986032125363
"cpi_growth","policy_rate",3,0.0371687112826273,0.027123829250205,0.00415198352894791,0.00951891762018341,0.0642096090487112,0.103574835069852
"cpi_growth","policy_rate",4,0.0383685316873513,0.0290116264217131,0.00521103585946703,0.0109347494518932,0.0650482848364164,0.10387543986485
"cpi_growth","policy_rate",5,0.0476835609085807,0.0382110508935415,0.00902316175682799,0.0171984408395148,0.0776543761914602,0.117309890830836
"cpi_growth","policy_rate",6,0.0525145846649811,0.0436106110809768,0.0113617305218368,0.0207693503957466,0.0830059265387636,0.122872707477925
"cpi_growth","policy_rate",7,0.0585245353471506,0.0499262818010073,0.0137830560236475,0.02440701241251,0.0924029729102449,0.132126921493466
"cpi_growth","policy_rate",8,0.0597173011063247,0.0515567981447932,0.0139630535172309,0.0253054844918404,0.0937556749095834,0.132699592234706
"cpi_growth","policy_rate",9,0.0624679938600485,0.0541216378434752,0.0148995351904248,0.0266824290529721,0.0979752823711109,0.137442749367401
"cpi_growth","policy_rate",10,0.0627994487481422,0.0541248100491621,0.0153058494945028,0.0270464290277883,0.0982573392845868,0.137417886851803
"cpi_growth","policy_rate",11,0.0635013341279728,0.0548201015979185,0.0153942947543892,0.0274331719888202,0.0994959200779327,0.139008248336473
"cpi_growth","policy_rate",12,0.0630877431804325,0.0545481361648301,0.0155166403501789,0.0273685165047998,0.0985435926365181,0.138498125132416
"cpi_growth","policy_rate",13,0.0631015713265477,0.0547679721015552,0.015583408163428,0.0275156106827586,0.0985017955171052,0.138189046554825
"cpi_growth","policy_rate",14,0.0628220940753701,0.0543489938080871,0.0155414491411489,0.027694160220062,0.0979114065572842,0.137386597144738
"cpi_growth","policy_rate",15,0.0627622204320531,0.0543827011189373,0.0156192762701555,0.0277976310286169,0.0975721707420895,0.13748867720471
"cpi_growth","policy_rate",16,0.0626921894027521,0.0544747734621857,0.0157525465438461,0.0279087375376142,0.09742945635772,0.136564057354042
"cpi_growth","policy_rate",17,0.0627145670233532,0.0544375921027039,0.0159680151826203,0.0279812387189111,0.0969286080389362,0.136391064810106
"cpi_growth","policy_rate",18,0.0627765929830868,0.0545850226541054,0.0160454042639607,0.0280679953514286,0.0971936528183715,0.135405098274488
"cpi_growth","policy_rate",19,0.0628473847731667,0.0546342569160852,0.0162860874524113,0.028170143985836,0.0972148197098999,0.135144182762361
"cpi_growth","policy_rate",20,0.062950527394076,0.0548814258285061,0.0165603754997715,0.0283485656832558,0.0969124367359588,0.135141401749523
"cpi_growth","policy_rate",21,0.0630218303927532,0.0549356569258049,0.0166626428329015,0.0283905517489702,0.0972230918849242,0.134983211374724
"cpi_growth","interest_burden",1,0.122229501459906,0.0641812944067122,0.000573135355542584,0.00599639107066402,0.251722990460915,0.44231180741829
"cpi_growth","interest_burden",2,0.121884512502046,0.0708050154424987,0.00418446893051992,0.0141662664364395,0.242354805079791,0.411204866256987
"cpi_growth","interest_burden",3,0.121286409937537,0.070871798448077,0.00599605713821401,0.0169762419327891,0.2393779520493,0.404402903357892
"cpi_growth","interest_burden",4,0.121224444287353,0.0749851412525538,0.00830977220222524,0.0205320598013131,0.233894500022372,0.390379465088991
"cpi_growth","interest_burden",5,0.120203765939608,0.0740286776910871,0.00985573634516549,0.022513997586021,0.233673181968639,0.383300464588084
"cpi_growth","interest_burden",6,0.119561819350782,0.0764039924906147,0.0109739688570493,0.0246777434662443,0.228874326486145,0.373811609098773
"cpi_growth","interest_burden",7,0.118752873030664,0.0768036359445026,0.0123778997908231,0.0259182131158652,0.225294105101563,0.365639114353668
"cpi_growth","interest_burden",8,0.11851916397874,0.0782180371010905,0.012815890090381,0.0267998696037002,0.222213990438888,0.361471221130371
"cpi_growth","interest_burden",9,0.118069292421902,0.078868692687892,0.0137068341051567,0.0277586258327356,0.218570743992085,0.354618512962016
"cpi_growth","interest_burden",10,0.117949373456162,0.0792245671885938,0.014049741101383,0.0281047495949599,0.217398678725524,0.349167963542086
"cpi_growth","interest_burden",11,0.11778196997139,0.0795911147494173,0.0142989378021712,0.0283567121970457,0.216230918264507,0.346316522569551
"cpi_growth","interest_burden",12,0.11779636772332,0.0802778360751261,0.0145045379178289,0.0288229928638566,0.215835737662873,0.345974272307988
"cpi_growth","interest_burden",13,0.117758202438636,0.0803512322555074,0.0147725793014313,0.0291737795447267,0.215272584087662,0.345534651912003
"cpi_growth","interest_burden",14,0.117786358772736,0.0804721967460993,0.0148173222654497,0.0295173641511775,0.215099889499326,0.343460068624561
"cpi_growth","interest_burden",15,0.117783779459018,0.0806455302515979,0.0151666069138786,0.0298504533479138,0.214712721063974,0.342538766727281
"cpi_growth","interest_burden",16,0.117797944722974,0.080746579816232,0.015290988974039,0.0300918318244967,0.214166657598324,0.343557014484263
"cpi_growth","interest_burden",17,0.117791574241901,0.0808983953184701,0.0153462160012886,0.0302395154460341,0.213839657116164,0.343827325495412
"cpi_growth","interest_burden",18,0.117785835027162,0.0811696668044021,0.0155931407375927,0.030294092514176,0.213174246257241,0.344025104111314
"cpi_growth","interest_burden",19,0.11777035904324,0.0814336606828583,0.0156199798720047,0.0304089075093888,0.212664822633445,0.342890537760954
"cpi_growth","interest_burden",20,0.117751598571601,0.0815105871947724,0.0156731285080932,0.030671826083526,0.212094374941547,0.342285242468501
"cpi_growth","interest_burden",21,0.117728873729557,0.0815906877871424,0.0158963943237237,0.0307745451943551,0.211739353774708,0.342573473612002
"cpi_growth","debt_growth",1,0.117759055336278,0.0636370006355942,0.000612829790692909,0.00601705128317576,0.246224885522194,0.424001477448667
"cpi_growth","debt_growth",2,0.11783421352666,0.069941522801058,0.00397386418034527,0.0148122514695824,0.234778144452764,0.393151163174305
"cpi_growth","debt_growth",3,0.116741362980959,0.0699097509776811,0.00628469429620629,0.0175682737405605,0.227860160312264,0.384360251898423
"cpi_growth","debt_growth",4,0.116816909865078,0.0747336140171895,0.00839203650110085,0.0207097317351151,0.222397726882519,0.370648059674793
"cpi_growth","debt_growth",5,0.11576924937604,0.07386269683742,0.0101918613081018,0.022364296430411,0.217662852052161,0.360249058223685
"cpi_growth","debt_growth",6,0.115383173172826,0.0760509790502452,0.0116242656729134,0.0240454491176495,0.213857701933101,0.349097483774341
"cpi_growth","debt_growth",7,0.114738195369483,0.0769880445644271,0.0125319926282296,0.0255302412118261,0.212042007606449,0.343564154668929
"cpi_growth","debt_growth",8,0.11468232046748,0.0784830366902067,0.0132330866212458,0.0264154006989242,0.212071511762316,0.341150540459763
"cpi_growth","debt_growth",9,0.114406091019955,0.0790381277695128,0.0138166180910185,0.0272686757721027,0.210186052159709,0.335386708204915
"cpi_growth","debt_growth",10,0.11442771700768,0.0795199276954626,0.0142090776187674,0.0277061596999887,0.209688172138865,0.333616286244003
"cpi_growth","debt_growth",11,0.11440091317241,0.0798226727866775,0.0147746547932408,0.0280259277573673,0.208335214607583,0.331514008196249
"cpi_growth","debt_growth",12,0.114502911575534,0.0796341711447372,0.0149195848170132,0.0282498240773955,0.207876979603307,0.330635016838297
"cpi_growth","debt_growth",13,0.114562999202994,0.0802417319026211,0.0152947508550074,0.0286174942262177,0.207642047994876,0.329993625751326
"cpi_growth","debt_growth",14,0.114643237800322,0.0803108993952081,0.0154575823337529,0.0289084903605447,0.207493470355167,0.330699376438935
"cpi_growth","debt_growth",15,0.1146963902139,0.0805784494536174,0.0156365325631556,0.0292418587293739,0.207849559935348,0.329824948245258
"cpi_growth","debt_growth",16,0.114727027310759,0.0810242594450729,0.0158237113227739,0.029440772929967,0.208212263408588,0.329438847557204
"cpi_growth","debt_growth",17,0.114747000035722,0.0809931763500291,0.0159628956281976,0.0297252733479997,0.20774655611531,0.328882277949232
"cpi_growth","debt_growth",18,0.114746504955005,0.0811121878983359,0.0161133090388512,0.0300142174408133,0.207412486555153,0.328284382374581
"cpi_growth","debt_growth",19,0.114746638841486,0.0814523390802471,0.0162997040867966,0.030145030584062,0.207075884916501,0.327857095796474
"cpi_growth","debt_growth",20,0.114732322897969,0.0816190205801603,0.0164431825219525,0.0304932201542551,0.206998292437295,0.326950282758901
"cpi_growth","debt_growth",21,0.114725353930869,0.0815987575094961,0.0164815218804765,0.0305654214016262,0.206470424784604,0.326726055557372
"cpi_growth","real_house_price_growth",1,0.122419311058776,0.0650220787039575,0.000482830890399242,0.00613705827426948,0.255271087766576,0.437795273381921
"cpi_growth","real_house_price_growth",2,0.121490837907459,0.071209570878443,0.00348017619129521,0.0141311201996126,0.242762236269494,0.414013987243894
"cpi_growth","real_house_price_growth",3,0.120197352115203,0.0717336585610751,0.00571900484916782,0.016657059660998,0.237371240483517,0.40143374646126
"cpi_growth","real_house_price_growth",4,0.11977450137248,0.0743991635787617,0.00827585561168134,0.0197998950455432,0.232441802804818,0.38700293948076
"cpi_growth","real_house_price_growth",5,0.118554414021458,0.0749030698298622,0.00987676826535144,0.0214226253385186,0.227267553413046,0.376800368054919
"cpi_growth","real_house_price_growth",6,0.117897878900309,0.0770967548494592,0.0110010373288636,0.0236463550651829,0.223810708415256,0.36868131326834
"cpi_growth","real_house_price_growth",7,0.117185268501266,0.0780915325706977,0.0120594381689039,0.0250551690016626,0.22096583679816,0.362583256894479
"cpi_growth","real_house_price_growth",8,0.117057976222391,0.0792414185987378,0.0124958649893752,0.0261464881971042,0.217967481025265,0.361130030121548
"cpi_growth","real_house_price_growth",9,0.11673278388632,0.0795708613996681,0.0127490362419027,0.02736115274249,0.215749647201693,0.352303276561842
"cpi_growth","real_house_price_growth",10,0.116694862539508,0.08026372534111,0.0132867966214305,0.0280457952701515,0.215448397128766,0.354914000377634
"cpi_growth","real_house_price_growth",11,0.116619900666649,0.0808032758153642,0.0138484550810138,0.0285724337522048,0.214098471179334,0.350991905226803
"cpi_growth","real_house_price_growth",12,0.116670957053967,0.0811474944165653,0.0141601736572935,0.0288444328266363,0.213974985265907,0.350472542211042
"cpi_growth","real_house_price_growth",13,0.116666199038838,0.0813523603786309,0.0145856704601611,0.0291146985041021,0.213237327768105,0.348042840033392
"cpi_growth","real_house_price_growth",14,0.11668983979276,0.0814722783867648,0.0148018967843535,0.0292284697397525,0.213407162217893,0.346279632921068
"cpi_growth","real_house_price_growth",15,0.11668994250182,0.0815993348112602,0.0150267799618109,0.0296044377706859,0.212907604200159,0.345296998454244
"cpi_growth","real_house_price_growth",16,0.116688540308354,0.0815457688374459,0.0152900894809091,0.0298528915300141,0.213039229001447,0.344220059234504
"cpi_growth","real_house_price_growth",17,0.116681671079547,0.0815366565399498,0.0153883494852532,0.0302070005705062,0.213237542393581,0.342803412505557
"cpi_growth","real_house_price_growth",18,0.116671243406271,0.0817779481890801,0.0155727919197633,0.0305785195104476,0.212764463677679,0.341649782006343
"cpi_growth","real_house_price_growth",19,0.116667099295655,0.0819749375907513,0.0157578128681261,0.0307430531289843,0.211961795741136,0.341697286287963
"cpi_growth","real_house_price_growth",20,0.116660587936604,0.0819896531621006,0.0159463569568798,0.0309672005162313,0.211240659285486,0.341928156540187
"cpi_growth","real_house_price_growth",21,0.116664771248825,0.0821894717004764,0.0160401065188194,0.0310954720340408,0.210735133749792,0.340138055887628
"cpi_growth","asset_liability_ratio",1,0.122222290964963,0.067638754598057,0.000535382146292621,0.00559733727631417,0.25165151887115,0.425261352838724
"cpi_growth","asset_liability_ratio",2,0.122127546605828,0.0735835468602045,0.00398139338007173,0.014273867843032,0.241681447919054,0.4083597070371
"cpi_growth","asset_liability_ratio",3,0.121252508713144,0.0723731430968121,0.00610107674148676,0.0168141882088627,0.238453423984353,0.39675614222433
"cpi_growth","asset_liability_ratio",4,0.120990802375681,0.0762759527960183,0.00837896672941545,0.0204931006766387,0.232293645644942,0.382661621978021
"cpi_growth","asset_liability_ratio",5,0.119789624465688,0.0757511813707646,0.0101447497960035,0.0224831723385684,0.22914815363227,0.377312162624047
"cpi_growth","asset_liability_ratio",6,0.119078539180807,0.0774555357112672,0.0115387663941962,0.0250695788018356,0.224183751988886,0.364915356280994
"cpi_growth","asset_liability_ratio",7,0.11825647365119,0.0780630310691714,0.0123523843996061,0.0264815222137919,0.219374134795219,0.360226271531512
"cpi_growth","asset_liability_ratio",8,0.118073538360013,0.0790999145562153,0.0129562398716792,0.0276746898877468,0.218475501353094,0.355396395468137
"cpi_growth","asset_liability_ratio",9,0.117726693168165,0.0799299106979887,0.0134599900562529,0.0286413298209255,0.216294563073025,0.350487823610885
"cpi_growth","asset_liability_ratio",10,0.117689828432628,0.0806541975545956,0.0137037319789122,0.0290614823139725,0.215632985401055,0.347829609064518
"cpi_growth","asset_liability_ratio",11,0.117631649698192,0.0816503941309054,0.0142276490489677,0.0295922133261191,0.214090825813,0.34422124537067
"cpi_growth","asset_liability_ratio",12,0.117709107662814,0.082004364571464,0.0145757962134802,0.02988667941387,0.213717597108368,0.342609520171434
"cpi_growth","asset_liability_ratio",13,0.117741535313003,0.0821906375986029,0.0147873099890895,0.0302963820143378,0.21327765940695,0.342796897689205
"cpi_growth","asset_liability_ratio",14,0.117797297555874,0.0824618355919634,0.0149439281373416,0.0306438912997549,0.213256054277707,0.341867280183108
"cpi_growth","asset_liability_ratio",15,0.117828965364152,0.0830256726512351,0.0153587276320245,0.0311135053762415,0.212812422389735,0.341123269809761
"cpi_growth","asset_liability_ratio",16,0.117847909740806,0.0831118773599168,0.0155827131209131,0.0312884854897651,0.213388967396316,0.340370300831236
"cpi_growth","asset_liability_ratio",17,0.117854984948287,0.0832721466228604,0.0158390134368851,0.03167849857706,0.212617999383919,0.340335325516721
"cpi_growth","asset_liability_ratio",18,0.117848141998945,0.0833483622828716,0.0160230600971603,0.0318678046817346,0.212535217282018,0.340484405684498
"cpi_growth","asset_liability_ratio",19,0.117841048011604,0.0835435368957999,0.0161132515572903,0.0319322708140661,0.212708767020203,0.339503887399362
"cpi_growth","asset_liability_ratio",20,0.117824770063375,0.0835764787842223,0.0164106644773759,0.0319702269937635,0.212370692050683,0.338408594425681
"cpi_growth","asset_liability_ratio",21,0.117814745118125,0.0837376520033772,0.0166054282075432,0.032001603815005,0.212364484608164,0.338241530883585
"saving_rate","gdp_growth",1,0.112687779412671,0.0610081886870399,0.000578973864010283,0.00575326621392187,0.230301686597639,0.408897821034097
"saving_rate","gdp_growth",2,0.113302012495964,0.064726907746334,0.0030427116340581,0.0110316740480226,0.228084025345059,0.394764978147907
"saving_rate","gdp_growth",3,0.113061846011375,0.0658105545730903,0.00461059726080924,0.0133756200742099,0.227816779575481,0.383442377169776
"saving_rate","gdp_growth",4,0.113138872642061,0.0670902711646665,0.00562192035537067,0.0154048709717268,0.222607874782168,0.373146248406144
"saving_rate","gdp_growth",5,0.113020356818441,0.0678815826050451,0.00660439888881507,0.0164412964031257,0.221056170762342,0.367770632626818
"saving_rate","gdp_growth",6,0.113073066712993,0.0686924848542163,0.00698283140402784,0.0171150283725638,0.221408952551914,0.365944400008131
"saving_rate","gdp_growth",7,0.113109761999796,0.0693886543003012,0.00709896598939477,0.0178770776709112,0.222715667662489,0.361100752776291
"saving_rate","gdp_growth",8,0.113144202818874,0.0693956237377152,0.00746019570812681,0.0185410689198774,0.22231066499584,0.357077575001598
"saving_rate","gdp_growth",9,0.113147844751515,0.069046178975776,0.00775563153237104,0.0188154466912035,0.220115848444274,0.356570298563089
"saving_rate","gdp_growth",10,0.113130317261192,0.0685704130982771,0.00804537149932182,0.019151851395665,0.220262403004935,0.356526803719796
"saving_rate","gdp_growth",11,0.113108368971947,0.0686235490862026,0.00858580202866614,0.0196590601902791,0.219433843826295,0.355583080502274
"saving_rate","gdp_growth",12,0.113090311527482,0.0699461942432854,0.00887062819593113,0.0199734667868728,0.220103088092426,0.354519435319592
"saving_rate","gdp_growth",13,0.113093626138429,0.0704316560231444,0.0090621035099418,0.0202297790372885,0.220728835450152,0.354067665539159
"saving_rate","gdp_growth",14,0.11312413409335,0.0703488687388009,0.00934219428233739,0.0206225269927749,0.220594883264895,0.351896795775953
"saving_rate","gdp_growth",15,0.113183062920587,0.0706823315181957,0.00955276446408047,0.021224832246627,0.219669535790749,0.350610320247467
"saving_rate","gdp_growth",16,0.113261560654845,0.0712532635345534,0.00980608516281491,0.0215985679010735,0.21857375326033,0.352089245758368
"saving_rate","gdp_growth",17,0.113354346030525,0.0715566446861815,0.0099722694861898,0.0219043664817534,0.218059827303586,0.351180677101881
"saving_rate","gdp_growth",18,0.113454510622217,0.0717489372906946,0.0101057854234547,0.0221015983718876,0.21674466666121,0.351778039921427
"saving_rate","gdp_growth",19,0.113557469288573,0.0722201614423049,0.010235025969522,0.0222146060966142,0.216094065019957,0.352752883310045
"saving_rate","gdp_growth",20,0.113657450076214,0.0722220483360223,0.010340253521961,0.0222898475636315,0.215141259314752,0.356200383745198
"saving_rate","gdp_growth",21,0.11375256364302,0.072328391404837,0.0104065515057712,0.0222596338239706,0.215718726129945,0.358418671300369
"saving_rate","consumption_growth",1,0.11656701077934,0.063187611166078,0.000478511376259981,0.00547774948398808,0.246067384909212,0.413611413817574
"saving_rate","consumption_growth",2,0.116975902882513,0.0668405486757964,0.00285543613823889,0.0103104716552464,0.240358154011412,0.399377403071726
"saving_rate","consumption_growth",3,0.116812468242009,0.0676121035549734,0.00444095740048161,0.0130204852570504,0.235419693187253,0.391522408831908
"saving_rate","consumption_growth",4,0.116943089839699,0.0686149184302945,0.00547007082114907,0.014686430832488,0.234157810717276,0.389632049162513
"saving_rate","consumption_growth",5,0.116909799633334,0.0695021464211155,0.00621749516215227,0.0157352861857148,0.230601670740808,0.386458296047864
"saving_rate","consumption_growth",6,0.11703305492956,0.0700106558409136,0.00647450059156003,0.0165252733622368,0.231529262206657,0.388950222989018
"saving_rate","consumption_growth",7,0.117124163079318,0.0705608051611271,0.00693657187124767,0.0167335065390023,0.228240017847056,0.385540867933777
"saving_rate","consumption_growth",8,0.117175995778643,0.0707285432551857,0.00717328164747956,0.0171698906570151,0.22700174242948,0.384440247352991
"saving_rate","consumption_growth",9,0.117165066031148,0.0715638388612486,0.00755599651064509,0.0177407114863524,0.226792353803017,0.384268913885167
"saving_rate","consumption_growth",10,0.117129363964165,0.0718403979872673,0.00789784151430359,0.0179293214843446,0.227218056428114,0.382998915065209
"saving_rate","consumption_growth",11,0.117080733422334,0.0722444149700602,0.00817054385780932,0.0184458103664867,0.22784450264261,0.37924018978437
"saving_rate","consumption_growth",12,0.117036789222368,0.0732790209230469,0.00849630428035523,0.0187379574702397,0.22675772666248,0.376823643203886
"saving_rate","consumption_growth",13,0.116999766816416,0.073594879355889,0.00870265806465609,0.0194896023213706,0.224970904989457,0.373199809144636
"saving_rate","consumption_growth",14,0.116982345292269,0.0744847699631921,0.0089140135714636,0.0199929167682966,0.223510282921463,0.371542465405292
"saving_rate","consumption_growth",15,0.116975821035139,0.0750093741910713,0.00916130109753637,0.020445011310963,0.22203866360637,0.37007601229811
"saving_rate","consumption_growth",16,0.116978768049129,0.0753375300548653,0.00931771658465143,0.0208369726295789,0.222439651108338,0.368369739984396
"saving_rate","consumption_growth",17,0.116982501944382,0.0763348977582466,0.00943087900867861,0.021256153580831,0.22274954203289,0.36727853258149
"saving_rate","consumption_growth",18,0.116986041359447,0.0766158398285289,0.00952413615232002,0.0214196119983497,0.220929842380581,0.363575352689297
"saving_rate","consumption_growth",19,0.11698167489084,0.0775015911552919,0.00965269539810136,0.0216792030995409,0.220903747221197,0.364460904783676
"saving_rate","consumption_growth",20,0.116969718649738,0.0777118662667099,0.00983659577857011,0.021987353695198,0.2199209382934,0.362562462638518
"saving_rate","consumption_growth",21,0.116946519850883,0.0781714033648317,0.00983503074283573,0.0220134124196344,0.220380735018815,0.36170563429066
"saving_rate","cpi_growth",1,0.114370255761135,0.0599237873778546,0.000430957977718089,0.00533714379373803,0.235760855853659,0.41503975166208
"saving_rate","cpi_growth",2,0.113695443427504,0.0632387476283361,0.00260826296410326,0.0106348528363722,0.225741760748961,0.397185451605624
"saving_rate","cpi_growth",3,0.112650039826935,0.0636973106060547,0.00431922588557887,0.0129650522795718,0.222218906384832,0.389835617279106
"saving_rate","cpi_growth",4,0.111858977987994,0.0636213674817926,0.00502411217700089,0.0148401132622254,0.218277731188563,0.378450958108023
"saving_rate","cpi_growth",5,0.111551739776266,0.0643377497376101,0.0060362080764457,0.0157933927333756,0.216464346389055,0.373554929836452
"saving_rate","cpi_growth",6,0.11140435196835,0.0650904320752815,0.00655196405106624,0.0162735626333017,0.215863135092735,0.370717247841681
"saving_rate","cpi_growth",7,0.111377114248549,0.0658495640909032,0.00715317009412089,0.0167858333329617,0.216045562584561,0.366876177519271
"saving_rate","cpi_growth",8,0.111410764659673,0.0668128115091012,0.00739256977980412,0.017205372042736,0.21579568506756,0.366769060722262
"saving_rate","cpi_growth",9,0.111430979374657,0.0673377778227056,0.00781985396739988,0.0176538887880641,0.215088502272903,0.365378041467116
"saving_rate","cpi_growth",10,0.111430108279295,0.0676323645980348,0.00794929512460246,0.0183793279963121,0.215907065178904,0.366426144778416
"saving_rate","cpi_growth",11,0.111408324080878,0.0680775196886923,0.00822392493959148,0.0185669556760087,0.214968984643391,0.364519134343797
"saving_rate","cpi_growth",12,0.111380824347162,0.0682950675137923,0.00864137747499972,0.0192116929364338,0.213284687801638,0.363832889456257
"saving_rate","cpi_growth",13,0.111362059450633,0.0689047786330971,0.00899971648227513,0.0197294638870163,0.214437716259587,0.365176094559954
"saving_rate","cpi_growth",14,0.111366482980222,0.0691498627383932,0.00933468341111143,0.0200343162212281,0.2131380440039,0.360946514796486
"saving_rate","cpi_growth",15,0.111397547349963,0.0693446553454463,0.00974976017271634,0.0206343323223933,0.210771957780481,0.361486385701639
"saving_rate","cpi_growth",16,0.111454024087451,0.0700879737969548,0.00997245561288687,0.0209551199912556,0.210880135197878,0.359277723452189
"saving_rate","cpi_growth",17,0.111531348443652,0.0697714056142354,0.00996101620711456,0.0213858816492562,0.210017245463709,0.356967651003777
"saving_rate","cpi_growth",18,0.111623892868954,0.0701634991877269,0.00997856601272724,0.0214656202942637,0.210059774423573,0.354769910477452
"saving_rate","cpi_growth",19,0.111726175154484,0.070606369912783,0.0102041925986261,0.0217598875392119,0.209532274608478,0.354322004443836
"saving_rate","cpi_growth",20,0.11183301317261,0.0708522074996591,0.0102241159244198,0.0219545083531705,0.207994161562459,0.353448883922367
"saving_rate","cpi_growth",21,0.111940888522389,0.070890204326173,0.0101419860359761,0.0222427737331674,0.207686649633806,0.351020727777298
"saving_rate","saving_rate",1,0.115184766603957,0.0599067065267565,0.000576246466345884,0.00569007828521688,0.240663509593486,0.416760386242678
"saving_rate","saving_rate",2,0.115047768154781,0.0639011760884877,0.00301482697033404,0.0105640327082658,0.234331157652941,0.398067949246736
"saving_rate","saving_rate",3,0.114916235646759,0.0667652472485742,0.00456971296694863,0.0129877728309781,0.229263306135246,0.395070153682235
"saving_rate","saving_rate",4,0.114822997568146,0.0686224826852423,0.00527878679182648,0.0145433499670723,0.224065665983828,0.392110947618905
"saving_rate","saving_rate",5,0.114798176067559,0.0691016041690321,0.00567897600786354,0.0154006483341367,0.225196522456912,0.384800676581193
"saving_rate","saving_rate",6,0.114886069836557,0.0698566748716166,0.00606418686330623,0.0159821041263601,0.223878973494216,0.380314565322606
"saving_rate","saving_rate",7,0.115025313102164,0.070660986021288,0.0063272112691022,0.016677615404974,0.222992611973206,0.380733129813857
"saving_rate","saving_rate",8,0.115149275933104,0.0718146163504144,0.0066769973758093,0.0172070389477682,0.222364544057853,0.382307141109605
"saving_rate","saving_rate",9,0.115233735277569,0.0725609869699421,0.0070914560142893,0.0173623608495189,0.222088428638373,0.377108040886616
"saving_rate","saving_rate",10,0.115270124988593,0.0722226890528277,0.00733497220554745,0.0174570924049934,0.220793806201533,0.374999158647504
"saving_rate","saving_rate",11,0.115269954809978,0.072915244746637,0.00756676500208757,0.0177650326037676,0.220035916823611,0.371074428719856
"saving_rate","saving_rate",12,0.115245090459134,0.0727567695359209,0.00785093512779188,0.0182982461523895,0.21790765642204,0.369540055655515
"saving_rate","saving_rate",13,0.115221433499203,0.0727196210138755,0.00812591201401506,0.0188428122027555,0.217350863366558,0.367393213621924
"saving_rate","saving_rate",14,0.115216490935163,0.0733535106456211,0.00834645990887369,0.0192796025341201,0.216426424694702,0.364008660812933
"saving_rate","saving_rate",15,0.115231849512847,0.0740539148771632,0.00848187488360012,0.0196734365511673,0.216989190126693,0.361649531422003
"saving_rate","saving_rate",16,0.115264397830452,0.0746856811494521,0.00885469530949039,0.020008459560771,0.217747618826618,0.362069795643666
"saving_rate","saving_rate",17,0.115309214793113,0.0748637783864602,0.00871453407305008,0.0203080450091215,0.218576496563087,0.359402147773907
"saving_rate","saving_rate",18,0.115363938997458,0.0748137887430304,0.00871034605995132,0.0206297207915119,0.217856036999274,0.358352454621419
"saving_rate","saving_rate",19,0.115420380597666,0.0750891570112027,0.00882336561524701,0.0209765351924368,0.219037435294724,0.359183579134125
"saving_rate","saving_rate",20,0.11547512082715,0.0756137836960964,0.00881140072780482,0.0209436715715849,0.217423856623417,0.357532267665569
"saving_rate","saving_rate",21,0.115523402338946,0.075409407754248,0.00895360254760528,0.0211943329523696,0.216540292646065,0.358069799373843
"saving_rate","policy_rate",1,0.0894040800497127,0.0463350154586655,0.000413336034807381,0.00427209202411693,0.182920109047666,0.321476131492594
"saving_rate","policy_rate",2,0.0900929139473833,0.0483878421898827,0.00263455312068118,0.00876496017614165,0.179060909698693,0.30743231199403
"saving_rate","policy_rate",3,0.0929352945983299,0.0532759801209926,0.00428630576489114,0.0121101027194381,0.181598512404271,0.310265742232532
"saving_rate","policy_rate",4,0.0940396171021836,0.0546953402378174,0.0050783202361524,0.0134503652530773,0.183200331157562,0.310543394720629
"saving_rate","policy_rate",5,0.0946199771507903,0.0552129678267053,0.00564791752353548,0.013865149779756,0.184865171170938,0.307134664303588
"saving_rate","policy_rate",6,0.0941788336676368,0.0546165661488422,0.00584815853034014,0.0140296598061413,0.185402171427586,0.307243120841225
"saving_rate","policy_rate",7,0.0934326785327339,0.053739471091418,0.00628487427693778,0.0141782840945474,0.182394475108452,0.304996076741332
"saving_rate","policy_rate",8,0.0927241498190128,0.0533936970198579,0.00694956731723728,0.0149073670600822,0.181214747719127,0.303058807428711
"saving_rate","policy_rate",9,0.0923214072427571,0.0545287882250871,0.00753159009284515,0.0157123712382168,0.179225833928097,0.301331697452913
"saving_rate","policy_rate",10,0.0921667503812879,0.0550616054294028,0.00829416163471032,0.016496552172614,0.176670945550101,0.297671576011666
"saving_rate","policy_rate",11,0.0921109703108224,0.0560224911405689,0.00869707676869985,0.0173344018117231,0.176206343088105,0.294943507894025
"saving_rate","policy_rate",12,0.0920611765939233,0.056380699391896,0.00914546001659285,0.0177634024695214,0.17377176609645,0.291942087233198
"saving_rate","policy_rate",13,0.0918833504266186,0.0573150201550751,0.00920929821575721,0.0181491197165144,0.171158453248058,0.289288778131732
"saving_rate","policy_rate",14,0.0915339113234087,0.0576131634832936,0.00925879785457035,0.0184426513317494,0.169581011758786,0.286413960571653
"saving_rate","policy_rate",15,0.0910072365142392,0.0577833752919353,0.00932209935599284,0.0185999583761562,0.167011823098953,0.285821044656643
"saving_rate","policy_rate",16,0.0903593774697973,0.0573370864037987,0.00926914215914729,0.018499783226999,0.164625158949541,0.283801969500844
"saving_rate","policy_rate",17,0.0896310024508579,0.057134912125671,0.00919118442570467,0.018231463497104,0.163434629664061,0.280230336196956
"saving_rate","policy_rate",18,0.0888762449825307,0.0567172146861179,0.00928330446484268,0.0182602369762451,0.161970061778481,0.27681494600013
"saving_rate","policy_rate",19,0.0881327073753585,0.056038411623972,0.0091654395557852,0.0180279750668292,0.161506625038502,0.275527580472683
"saving_rate","policy_rate",20,0.087432838972309,0.0556875606350046,0.00914264814442355,0.0177747386016519,0.159590982755347,0.271598084799932
"saving_rate","policy_rate",21,0.0867906801901926,0.055012784027027,0.00895576348514012,0.017647033170895,0.158974413944817,0.270500671713888
"saving_rate","interest_burden",1,0.115492130971978,0.064295077916566,0.000519239688337073,0.00620109168110745,0.239974129246987,0.399094833457756
"saving_rate","interest_burden",2,0.115207548734477,0.0652333704355938,0.00286115502589009,0.0114231939937232,0.231074714757144,0.388759603685578
"saving_rate","interest_burden",3,0.114440696900978,0.0661440293226885,0.00444715664649853,0.0136660180766835,0.23109196670739,0.384154738495259
"saving_rate","interest_burden",4,0.114027166749072,0.0675079205471524,0.00539304742300641,0.0146189324086687,0.227944006230244,0.380333437984699
"saving_rate","interest_burden",5,0.113736791563595,0.0674993966706386,0.00598007634189386,0.0156390265208945,0.226160659306001,0.376579678910222
"saving_rate","interest_burden",6,0.113658485361975,0.0681307889414277,0.00660852182808091,0.0162595276719412,0.22244283938291,0.371561883264689
"saving_rate","interest_burden",7,0.113662715213196,0.0689867347218591,0.00709653477185872,0.016945253211007,0.220943214385741,0.367557449463777
"saving_rate","interest_burden",8,0.113724598713996,0.069909388643303,0.00736877160134815,0.0172362442515924,0.220087493333993,0.368236720368174
"saving_rate","interest_burden",9,0.113789453794749,0.0705264743408001,0.00799211845320516,0.0175753047197729,0.21915747850818,0.365059896447236
"saving_rate","interest_burden",10,0.113849103991813,0.0704647433268405,0.00824407466361349,0.0181408487199915,0.218931071785297,0.364344672688229
"saving_rate","interest_burden",11,0.113921459666169,0.0712363976783993,0.00849299574010362,0.018566900930636,0.217509105058383,0.360871471660527
"saving_rate","interest_burden",12,0.114002854202723,0.0717466751186648,0.00865323674169233,0.0191673609260719,0.216828900694518,0.358206455485361
"saving_rate","interest_burden",13,0.114109625635597,0.0722350954382625,0.00895503292980355,0.0198698058237139,0.215308535245281,0.355203963094205
"saving_rate","interest_burden",14,0.114234405006919,0.073181368270974,0.00921445329856903,0.0204444475292948,0.215575164266893,0.354482781059555
"saving_rate","interest_burden",15,0.114379008810133,0.0739140339276856,0.00933019192054149,0.0210945572715886,0.213980775754732,0.355231726046818
"saving_rate","interest_burden",16,0.1145326686611,0.0743699940268709,0.00938703512234968,0.0212439169892645,0.212801697676103,0.353713202009678
"saving_rate","interest_burden",17,0.114691216376269,0.0751461342996823,0.00971826731831883,0.0217499369182024,0.213742451553092,0.353481668749905
"saving_rate","interest_burden",18,0.114845449857969,0.0752904471756335,0.00991210147778342,0.0219767624112388,0.212453636757529,0.355099111889207
"saving_rate","interest_burden",19,0.114990842247377,0.0761561864054982,0.00989867457687354,0.022140089746913,0.212524607704487,0.356164889169891
"saving_rate","interest_burden",20,0.115122347954012,0.0761504301910113,0.0100421294900344,0.0221430941655449,0.212911167571783,0.356950544434784
"saving_rate","interest_burden",21,0.115237500413346,0.0762393976655763,0.0100351272323655,0.0224208081481753,0.212558200327526,0.35634573881575
"saving_rate","debt_growth",1,0.112716959822745,0.0600875173114986,0.000483108114524504,0.00564788913027851,0.233411887846802,0.404440407486006
"saving_rate","debt_growth",2,0.112926140387469,0.0623923691191939,0.00304858865278403,0.0104787055951463,0.229741010199881,0.393609403608991
"saving_rate","debt_growth",3,0.112898299441952,0.0646453323111791,0.00492917740056036,0.0133399681207031,0.2237716275883,0.39101406242791
"saving_rate","debt_growth",4,0.112891209555338,0.0662000182889744,0.00572667114073165,0.015309091097008,0.219568237023919,0.387919276243147
"saving_rate","debt_growth",5,0.113063223991805,0.0667302759341589,0.00655573135465689,0.016201039408913,0.217650524276449,0.384402734932891
"saving_rate","debt_growth",6,0.113251255068506,0.0674685555183918,0.0071013115057652,0.0169258029718862,0.218566847771994,0.381037836385595
"saving_rate","debt_growth",7,0.113449832321545,0.0688909112088063,0.00743784560731459,0.0176963968745028,0.219311836598946,0.379856098741736
"saving_rate","debt_growth",8,0.113571148633401,0.0682795693078977,0.00786849000732085,0.0180081806929931,0.218727461822971,0.37963345747957
"saving_rate","debt_growth",9,0.113647662730255,0.0687254384657502,0.00801640253375973,0.0183974621226231,0.218456331524439,0.3745881672664
"saving_rate","debt_growth",10,0.113662948415329,0.0699834018840056,0.00837561192448864,0.0190512669656899,0.218104430693456,0.37095475619614
"saving_rate","debt_growth",11,0.113665371624481,0.0704959931178749,0.00848399239267807,0.0195307100491064,0.217611773648996,0.3704990249742
"saving_rate","debt_growth",12,0.11364725069809,0.0708591890908155,0.00871875428509082,0.0199410462611313,0.217780746394252,0.370415574511182
"saving_rate","debt_growth",13,0.113635573326351,0.0708240726460862,0.00904598803545773,0.0204093259628307,0.21748477979894,0.368487426045036
"saving_rate","debt_growth",14,0.113629078170541,0.0712154187538873,0.00913421354744124,0.021067150183824,0.215934975099469,0.366041685351697
"saving_rate","debt_growth",15,0.113641950731355,0.0716877550167312,0.00929127278621833,0.0213206820912122,0.215822191556485,0.367711302722675
"saving_rate","debt_growth",16,0.113664975079483,0.0723505281824642,0.00966577494732914,0.0216663201025336,0.214881614055663,0.364244455174888
"saving_rate","debt_growth",17,0.113700893573628,0.0729449341714596,0.0097715270309423,0.0219655520948066,0.213804546396915,0.361256252517964
"saving_rate","debt_growth",18,0.11374080643683,0.0728051430945543,0.00977430408190253,0.0221200951296759,0.213412882527077,0.361624697102259
"saving_rate","debt_growth",19,0.113786063361117,0.0729021474184944,0.00995711037405241,0.0224178654155425,0.213246268756563,0.359164261508076
"saving_rate","debt_growth",20,0.113829252317766,0.073019503027386,0.00997983029133928,0.0225589998818453,0.213693699644046,0.36121512641027
"saving_rate","debt_growth",21,0.113871552160505,0.0728901365727334,0.0101297214920545,0.0226343935917092,0.213961150222115,0.360546479142485
"saving_rate","real_house_price_growth",1,0.110115364646543,0.0581398670549276,0.000406213286452651,0.00501949226965141,0.230564897811886,0.392793602660031
"saving_rate","real_house_price_growth",2,0.10955609025105,0.0592935454154228,0.00246129038072567,0.00983849183800877,0.223030316450788,0.378334315466497
"saving_rate","real_house_price_growth",3,0.109304595009945,0.0616557616219552,0.00375750228143005,0.0121198483746778,0.220538962403291,0.374999252219062
"saving_rate","real_house_price_growth",4,0.109507712340763,0.0617412686596731,0.00491140818018061,0.013538145630654,0.219853445668606,0.370047820808517
"saving_rate","real_house_price_growth",5,0.109699129973942,0.0631595869363153,0.00560812747579938,0.0146451776451854,0.218968362897741,0.367271697955059
"saving_rate","real_house_price_growth",6,0.110026887254678,0.0644479643862806,0.00608399561088726,0.0151587888980696,0.21960294606,0.366980889168327
"saving_rate","real_house_price_growth",7,0.110309625234347,0.0649186007611316,0.00646595449193337,0.0155875162625751,0.219587186933847,0.365554090048125
"saving_rate","real_house_price_growth",8,0.110562504996388,0.0654504060388309,0.00704296768291307,0.0163285652519437,0.218468768133966,0.365506278686615
"saving_rate","real_house_price_growth",9,0.11071428671438,0.0662769143226634,0.00734754132956791,0.0169198620599879,0.217568325317607,0.363308541762274
"saving_rate","real_house_price_growth",10,0.110817542796225,0.0667091155762283,0.00759728941870954,0.0173555323164895,0.216416379396233,0.361083390365393
"saving_rate","real_house_price_growth",11,0.110871820882937,0.0667974766747451,0.00781291644388522,0.0178718662771392,0.216078216694537,0.359454973382237
"saving_rate","real_house_price_growth",12,0.110923433082208,0.0676061426717365,0.00803248942081962,0.0185052788924269,0.216371827665865,0.358655590652957
"saving_rate","real_house_price_growth",13,0.110985072946881,0.0681632916527212,0.00840594792333751,0.0191596712652497,0.215849627237069,0.355660860213809
"saving_rate","real_house_price_growth",14,0.111077134827932,0.0679707802498009,0.00869276290290977,0.0197522099784287,0.216825097588762,0.353119952035616
"saving_rate","real_house_price_growth",15,0.111193154115724,0.068134360357539,0.00890695227675193,0.0202129358844151,0.21570659970785,0.351523703158606
"saving_rate","real_house_price_growth",16,0.111334955543012,0.0689748481634408,0.00903769430435994,0.0205551202039128,0.216335972744223,0.35023563885972
"saving_rate","real_house_price_growth",17,0.11149414732043,0.069669078137075,0.0092305477162538,0.020887447666178,0.216073584512627,0.34932543151394
"saving_rate","real_house_price_growth",18,0.111664690383683,0.0698899842097301,0.0093866024717043,0.0209346229426901,0.215535433590551,0.346688591944866
"saving_rate","real_house_price_growth",19,0.111837004176021,0.0701408156445141,0.00942838823837713,0.0211768257993333,0.21697308674492,0.345642336966782
"saving_rate","real_house_price_growth",20,0.112008336021698,0.0703443368939321,0.00946269814387324,0.0214686640416116,0.216907320887792,0.346488062098488
"saving_rate","real_house_price_growth",21,0.112175126783923,0.070737286954843,0.00951767502088426,0.021503958664259,0.216620112335517,0.346961482449425
"saving_rate","asset_liability_ratio",1,0.113461651951917,0.0608108273198265,0.000489351525153391,0.00563423061370751,0.239869584539976,0.400533931306426
"saving_rate","asset_liability_ratio",2,0.113196179718859,0.0628292205220369,0.00292790589764825,0.00975617165851598,0.229913927934752,0.393216633851483
"saving_rate","asset_liability_ratio",3,0.112980524321716,0.0649812976140408,0.00426544775135219,0.012295484601605,0.227509359268817,0.388816417197738
"saving_rate","asset_liability_ratio",4,0.112770356214744,0.0652301394971904,0.00523004585492426,0.0143522600288825,0.221605329167855,0.386270632876722
"saving_rate","asset_liability_ratio",5,0.112600805024267,0.0662571612585375,0.0061153339080302,0.0155161436082144,0.220396258238438,0.381567938803756
"saving_rate","asset_liability_ratio",6,0.112487995199744,0.0661868009648243,0.00629504843739287,0.0159344955188789,0.218559413979572,0.378383733545001
"saving_rate","asset_liability_ratio",7,0.112508796268351,0.0663453670651576,0.00638999161259864,0.0170768101093601,0.216186610824738,0.375320093351275
"saving_rate","asset_liability_ratio",8,0.112537358646907,0.0662628263258408,0.00682192573145714,0.0172654212883858,0.215275585477945,0.372404098732047
"saving_rate","asset_liability_ratio",9,0.112549564082969,0.066521043905098,0.00721135653271399,0.0174384930878856,0.214615394176737,0.369500417555306
"saving_rate","asset_liability_ratio",10,0.112543739922101,0.0671105012266482,0.00763539693589376,0.0179291706362007,0.21481414759704,0.370219000205628
"saving_rate","asset_liability_ratio",11,0.112562996230454,0.0675257431261645,0.0080314145100764,0.0189148118372022,0.213433947662822,0.372446455905677
"saving_rate","asset_liability_ratio",12,0.112612269866908,0.0681294152209013,0.00830591526956501,0.0193462836332598,0.212607545416795,0.372134013642058
"saving_rate","asset_liability_ratio",13,0.112709491759872,0.0684963281085184,0.00872562073938325,0.0201040402917548,0.213405084483787,0.367920527712148
"saving_rate","asset_liability_ratio",14,0.112836017370194,0.0695829248861064,0.0090786899320625,0.0205860641858623,0.213119656625351,0.367671410116488
"saving_rate","asset_liability_ratio",15,0.112990369010013,0.0701043963651459,0.00948268550074018,0.0209608742273197,0.213784820855084,0.364897647979469
"saving_rate","asset_liability_ratio",16,0.113149272624731,0.070962284034266,0.00966905737892672,0.021481692345182,0.213446178999755,0.359924065195977
"saving_rate","asset_liability_ratio",17,0.113305329067142,0.0715748729847195,0.00980395484098533,0.0218671866707348,0.21318854850642,0.361835054774965
"saving_rate","asset_liability_ratio",18,0.113444424490912,0.071925211679132,0.00993851153576837,0.0219833203809398,0.213618116613103,0.362693057257756
"saving_rate","asset_liability_ratio",19,0.113567682908562,0.0724079165356856,0.00997645590833558,0.0220887865829394,0.214158877244641,0.361422133649238
"saving_rate","asset_liability_ratio",20,0.113671922008503,0.0731699444666957,0.00984125078411685,0.0222410012263984,0.21342308736671,0.361484044527792
"saving_rate","asset_liability_ratio",21,0.113761766096796,0.0736591024556251,0.00979427427651426,0.0221447944072679,0.212806198685616,0.357407041537243
"policy_rate","gdp_growth",1,0.0931662034538669,0.0469242833742447,0.000505897144769153,0.00487935075610929,0.190802365947742,0.339933938989126
"policy_rate","gdp_growth",2,0.0974201417948653,0.0520999319068584,0.00237070797697803,0.00846190282843424,0.199756040407554,0.33942045111513
"policy_rate","gdp_growth",3,0.10113033539699,0.0552150121043005,0.00303075472943615,0.00996517456378981,0.204367771165003,0.348685102832545
"policy_rate","gdp_growth",4,0.103876042688824,0.0583651404677495,0.00373353730066499,0.0112332642325888,0.205966355274255,0.356604495857373
"policy_rate","gdp_growth",5,0.1062616189144,0.0600030938059683,0.00414191973907769,0.0123025114809843,0.210353800949389,0.359219598526735
"policy_rate","gdp_growth",6,0.108303681369203,0.0620039343636387,0.00435905602135414,0.0134615934195056,0.214906987667253,0.362976354283982
"policy_rate","gdp_growth",7,0.109904423057747,0.0654039100622302,0.00465179298192014,0.0142834410530029,0.214931133310281,0.371536616569039
"policy_rate","gdp_growth",8,0.111050969962808,0.0678251839249064,0.00510182360810087,0.0146634501927985,0.218061842278085,0.367283160749155
"policy_rate","gdp_growth",9,0.111827593371464,0.0694618043613441,0.00554353253608237,0.0157896258705603,0.217765183180372,0.363751510398362
"policy_rate","gdp_growth",10,0.112337495919713,0.0717602413566709,0.00605579674915803,0.016651736161682,0.215697197990808,0.364134991994941
"policy_rate","gdp_growth",11,0.112656919587032,0.0734425835492547,0.00662112867213683,0.0176917569211305,0.215857235930099,0.358005374769805
"policy_rate","gdp_growth",12,0.112853703441636,0.0746461210937939,0.00698306047926237,0.0183619324766781,0.214521916402654,0.355316482045134
"policy_rate","gdp_growth",13,0.112978013943621,0.0759964972013005,0.00761055610170003,0.0194281835052987,0.210805669509149,0.352732305803217
"policy_rate","gdp_growth",14,0.113063792814289,0.0769637978352603,0.00780278076000621,0.0204687730282481,0.209114461035224,0.345556400361751
"policy_rate","gdp_growth",15,0.113125886190431,0.077898339561407,0.00818962048817875,0.0213127216299206,0.207692196759063,0.341275079629829
"policy_rate","gdp_growth",16,0.113171457124883,0.0792976544126069,0.00846250881620236,0.0219744558710077,0.206497434704221,0.336425925799886
"policy_rate","gdp_growth",17,0.113203416003755,0.0802210853818482,0.00874586103730592,0.0227091960971177,0.205838898575478,0.33561914443912
"policy_rate","gdp_growth",18,0.113226122102462,0.0810809393063478,0.00907049501133964,0.0235479486697533,0.205685841040711,0.334687007619648
"policy_rate","gdp_growth",19,0.113241802030172,0.0815242523861273,0.00939664558760506,0.0238138686780472,0.205440823397019,0.332252491845946
"policy_rate","gdp_growth",20,0.113252786046113,0.0822426103874022,0.00954877479835856,0.0240973932963893,0.205491952519554,0.328737486209594
"policy_rate","gdp_growth",21,0.113261497361216,0.0825890637615486,0.00979725737686719,0.0244710412097588,0.205068764024472,0.325527212197571
"policy_rate","consumption_growth",1,0.0945239974051117,0.0473230120762023,0.000391952639035388,0.00417624951702381,0.193532888984054,0.345002434767421
"policy_rate","consumption_growth",2,0.0994593836105034,0.0532849490305616,0.00221563756584958,0.00808034910840817,0.201298244147097,0.348918865122022
"policy_rate","consumption_growth",3,0.103479474676697,0.0554688438556366,0.00293577553482664,0.0101721493013279,0.20892834820513,0.357231631177554
"policy_rate","consumption_growth",4,0.10641443245498,0.058534168066093,0.00360569369746884,0.0109655469509678,0.212017607182113,0.366819977544039
"policy_rate","consumption_growth",5,0.108906869003481,0.0616783082382543,0.00405089633541516,0.0120762970529924,0.21921172679783,0.371335229624875
"policy_rate","consumption_growth",6,0.111030701700394,0.0640890169815271,0.00460505610592891,0.0130287846601485,0.222013242673546,0.373901857954781
"policy_rate","consumption_growth",7,0.112655796885603,0.0654165581370697,0.00483112528519887,0.013676579181341,0.225153786324839,0.376152378603623
"policy_rate","consumption_growth",8,0.113775898209004,0.0676696943457326,0.00500833150216549,0.0146665394623348,0.225683382675286,0.374044302883269
"policy_rate","consumption_growth",9,0.114510576697135,0.0689223883231632,0.00530122002938392,0.0158866420184483,0.226599620211717,0.371946355193195
"policy_rate","consumption_growth",10,0.114954993093959,0.0709761441929904,0.0058297982697617,0.0168826135425909,0.225523440443583,0.370321837546787
"policy_rate","consumption_growth",11,0.115197394907541,0.0724163295167461,0.00617497367125924,0.0176717091735266,0.225083964752889,0.36644114245623
"policy_rate","consumption_growth",12,0.115308483932765,0.0742756665355958,0.00667668281405896,0.0184143452590836,0.221757123965829,0.362294059607721
"policy_rate","consumption_growth",13,0.115348696481822,0.0758153762525197,0.00727595225926919,0.0190357157757669,0.220739855983726,0.358174431523167
"policy_rate","consumption_growth",14,0.115352289562054,0.0772446079330446,0.00779142617928623,0.0200118463640381,0.21955615218031,0.352692643996061
"policy_rate","consumption_growth",15,0.115341778347251,0.0788735776221264,0.00825958350174155,0.0208105178791912,0.217430714033694,0.350071899091097
"policy_rate","consumption_growth",16,0.115327219049112,0.0799579451643221,0.00894010434785427,0.021862404555576,0.215437089214379,0.346869140621147
"policy_rate","consumption_growth",17,0.115313925169129,0.0813416577643522,0.00917761570881248,0.0228000881239335,0.21467006357754,0.340311515994081
"policy_rate","consumption_growth",18,0.115301938445263,0.082365432104873,0.00954977327952342,0.0232039126440573,0.21307717367015,0.337039647995481
"policy_rate","consumption_growth",19,0.115291616129991,0.0827964362658469,0.00988682368890796,0.0239003380330884,0.212651988766919,0.335097440609864
"policy_rate","consumption_growth",20,0.115282315376302,0.0830926337329698,0.010091003619681,0.0243986874043947,0.21191716518174,0.333461753150136
"policy_rate","consumption_growth",21,0.115275072404902,0.0833433821091951,0.0104627892306019,0.0248800667484258,0.211448133664807,0.331980898751712
"policy_rate","cpi_growth",1,0.0956568681480131,0.0500147440472832,0.000388811255851305,0.0046506219004857,0.19428079044018,0.347487468750446
"policy_rate","cpi_growth",2,0.0995321875417289,0.0545549744849607,0.00212625445341866,0.00821242789704947,0.199663508159183,0.356137756086877
"policy_rate","cpi_growth",3,0.102959252516655,0.0573847344204783,0.0029384597033342,0.0100010077300412,0.209503041060866,0.356779148796018
"policy_rate","cpi_growth",4,0.105492191763337,0.0593094504455971,0.00345062792102552,0.0115885968147378,0.215169892003741,0.363225297446374
"policy_rate","cpi_growth",5,0.10770008978846,0.0609733911746486,0.00398864279339721,0.0122723727711564,0.21866594726764,0.36686540025763
"policy_rate","cpi_growth",6,0.109527173083032,0.0633991724984282,0.00440813991752442,0.0128630724439008,0.216643258879745,0.370193542036158
"policy_rate","cpi_growth",7,0.110921087306479,0.0657977433646484,0.00477583692745998,0.0138328167341858,0.218491866698483,0.372192584995204
"policy_rate","cpi_growth",8,0.111872037096977,0.0681878662677484,0.00514677943577235,0.0148030786954569,0.22206215839233,0.370479588254801
"policy_rate","cpi_growth",9,0.112490698695104,0.0697884898061304,0.00571531641054365,0.0157492580415442,0.220591767984287,0.368944676093402
"policy_rate","cpi_growth",10,0.112864489259063,0.0701668310424305,0.00630408416916933,0.0170722332023539,0.219824011812503,0.364352040774921
"policy_rate","cpi_growth",11,0.113073160818468,0.071839722279566,0.00664039020543698,0.017917709748291,0.217740217931163,0.360553756668342
"policy_rate","cpi_growth",12,0.113178822920407,0.0728992729709811,0.00696999905049054,0.018720214070868,0.216169118320931,0.358315186488571
"policy_rate","cpi_growth",13,0.113231257837883,0.074086256207056,0.00735400920252177,0.0197092347595187,0.21599699623266,0.351199960100558
"policy_rate","cpi_growth",14,0.113258285599501,0.0750364611429017,0.00770151429372364,0.0204464541061731,0.214913408107132,0.345263345973576
"policy_rate","cpi_growth",15,0.113278217321052,0.0763829715881052,0.0081344388409228,0.0216665303189154,0.213261836296301,0.341440687138351
"policy_rate","cpi_growth",16,0.113297763798602,0.0773873461690846,0.00845784821844429,0.0222288225841642,0.212564096304598,0.336306981040027
"policy_rate","cpi_growth",17,0.113319140726283,0.0781944861278882,0.00902448781083545,0.0233962560807282,0.210452087236628,0.33088063934824
"policy_rate","cpi_growth",18,0.113340434843434,0.0794214495834809,0.00938715382376571,0.0241130620422646,0.210347918468393,0.328550477449183
"policy_rate","cpi_growth",19,0.113361325906045,0.0799506118523245,0.00988667893072128,0.0246188076233569,0.210814104296376,0.325176640574527
"policy_rate","cpi_growth",20,0.113381250589841,0.0804289725754922,0.0102687422399363,0.02496849390968,0.210179814749063,0.32203555181412
"policy_rate","cpi_growth",21,0.113400472728384,0.0809863875957491,0.0106527983804639,0.0252264847609051,0.210156697384229,0.320898658905223
"policy_rate","saving_rate",1,0.0974355756365803,0.0530873427413055,0.000554442770118922,0.00492417829927928,0.201355296373666,0.346729461907748
"policy_rate","saving_rate",2,0.101913140776333,0.058119780447615,0.00251947878432519,0.00895633719406329,0.205534549761389,0.350497555665068
"policy_rate","saving_rate",3,0.106144297542791,0.060204054598599,0.00336246649707176,0.0107253423159254,0.211588444352954,0.356283820225231
"policy_rate","saving_rate",4,0.10924025145588,0.0623058870911555,0.00415935616308391,0.0124356863365713,0.218013936133248,0.3634978934002
"policy_rate","saving_rate",5,0.111918505083481,0.0640702054291521,0.00469563984108199,0.0139275142513361,0.223339704604187,0.374828287266911
"policy_rate","saving_rate",6,0.114174830303376,0.0670629542405787,0.00490915384226646,0.0148081677012724,0.227016241241021,0.380260458470994
"policy_rate","saving_rate",7,0.115928444142016,0.0695124433943223,0.00556948135146178,0.0160653612381289,0.225021634089985,0.381911349560737
"policy_rate","saving_rate",8,0.117147791053222,0.0717959804960037,0.00603258580611757,0.0166633596893397,0.225771250253623,0.385541578937272
"policy_rate","saving_rate",9,0.117937376740905,0.0742169487269011,0.00658891351999856,0.017667435948159,0.227122115755079,0.385675364876365
"policy_rate","saving_rate",10,0.118397577017919,0.0764083795618169,0.00678916871233674,0.0183355812856478,0.228364701519991,0.38353172105181
"policy_rate","saving_rate",11,0.118625568410572,0.077498901717992,0.00715001458901578,0.0192078793175099,0.22491310578163,0.380775995706561
"policy_rate","saving_rate",12,0.118704655950465,0.0790144844857273,0.00741556358028253,0.019860497390721,0.224995446792941,0.378280035555096
"policy_rate","saving_rate",13,0.118704411539152,0.0803520851766167,0.00799450852238441,0.0206215515330547,0.222212560207898,0.372789742468652
"policy_rate","saving_rate",14,0.118667652876946,0.0818066610922037,0.00836864371748831,0.0216427077993251,0.219998430031423,0.367148168668292
"policy_rate","saving_rate",15,0.118616243822485,0.0833747972263875,0.00896496085856953,0.0223598608752474,0.21839872041632,0.359025546132054
"policy_rate","saving_rate",16,0.118557704134661,0.0840312365434585,0.00938585845379561,0.023113821904008,0.216891462642274,0.353246666558245
"policy_rate","saving_rate",17,0.118493194185975,0.0844263007352292,0.00993489449248842,0.0240217497897572,0.21577016466133,0.351413832502546
"policy_rate","saving_rate",18,0.118421033992899,0.0852532541964549,0.0102745427801752,0.0245540575332036,0.216066103809426,0.346677806410992
"policy_rate","saving_rate",19,0.118339458809242,0.0859337554218886,0.0104188752347453,0.0250974662745451,0.215675691043335,0.343752663378856
"policy_rate","saving_rate",20,0.118248197191061,0.0861634520737887,0.0108473276928712,0.0255952378619713,0.215866743936801,0.341582868887116
"policy_rate","saving_rate",21,0.118149044042638,0.0864838913203091,0.0110325702608692,0.0259253115016717,0.214652349392443,0.339236608804916
"policy_rate","policy_rate",1,0.237830481927381,0.208315080998976,0.0168260228642318,0.0617404112934925,0.413426323330113,0.557037427664251
"policy_rate","policy_rate",2,0.202973623800691,0.17834233682584,0.0225932148479155,0.0599540564238081,0.348897897590085,0.472571733318438
"policy_rate","policy_rate",3,0.17168581432254,0.150495787161334,0.0210724625538085,0.0525515350868586,0.293077372274754,0.404333501439176
"policy_rate","policy_rate",4,0.148085784673983,0.127642361011553,0.0203159430187086,0.0455060431164591,0.24982779999832,0.350261142286009
"policy_rate","policy_rate",5,0.128034701943463,0.108976774454725,0.0181596795652143,0.0390798329873232,0.215843541310681,0.311684811906395
"policy_rate","policy_rate",6,0.11112640323636,0.0914576610188827,0.0157635959817179,0.0335983711188794,0.188154598905947,0.278247102850811
"policy_rate","policy_rate",7,0.0981116371588423,0.0792252573422833,0.0136756068580843,0.0291867201110431,0.165738865596924,0.252112287294697
"policy_rate","policy_rate",8,0.0889950107560564,0.0708832516070409,0.0123686912160871,0.0261281061668611,0.150489341066155,0.232025000116199
"policy_rate","policy_rate",9,0.0829677615377291,0.0653836215591682,0.0118221709697565,0.025030110096425,0.139438606680112,0.218271537987209
"policy_rate","policy_rate",10,0.0792219873158237,0.062635935410856,0.0120108368471891,0.0246641237739404,0.131872578457506,0.205910040699733
"policy_rate","policy_rate",11,0.0770671545691404,0.0611898996603798,0.0122126722808391,0.0244782126804149,0.127751148714115,0.198231501417112
"policy_rate","policy_rate",12,0.07591305661252,0.0608963963807871,0.0124796658818733,0.0247064145420239,0.125036881736994,0.192342708185713
"policy_rate","policy_rate",13,0.0753251279429454,0.0612069601558395,0.0127867007735886,0.0249395554633818,0.124014071853807,0.189888601295999
"policy_rate","policy_rate",14,0.0750246984452284,0.0615128930385731,0.0127355895473283,0.025298726559671,0.123080567761505,0.186639201203196
"policy_rate","policy_rate",15,0.0748554542472869,0.0616123373310354,0.012789605600798,0.0253770029029374,0.122586308853463,0.18400883759387
"policy_rate","policy_rate",16,0.0747408516849271,0.0613305141702077,0.0129643779564072,0.0254692709792022,0.122188689868782,0.182772606034027
"policy_rate","policy_rate",17,0.0746614704729462,0.0615655546416943,0.0129395133189431,0.0257292376409526,0.121660011340677,0.181813593635462
"policy_rate","policy_rate",18,0.0746164398409982,0.0613332092237747,0.0132714860162068,0.0258992664247274,0.122762367997936,0.181067593747596
"policy_rate","policy_rate",19,0.0746098134322632,0.060854256368169,0.0133812528739492,0.0258873720505141,0.123511907484551,0.180614042722899
"policy_rate","policy_rate",20,0.0746410292436241,0.0608623742576298,0.0137749519542789,0.0259940800262369,0.12346522342466,0.180660263026509
"policy_rate","policy_rate",21,0.0747053361041921,0.0607909704315521,0.0139129791594584,0.0261683324829345,0.123155252485435,0.179770498245637
"policy_rate","interest_burden",1,0.0963728214816013,0.0472790549410717,0.000500036748503062,0.00466736469300203,0.197639663265266,0.360012321617988
"policy_rate","interest_burden",2,0.0999726936664367,0.0530029648849859,0.00229440473835819,0.00817789097772456,0.201157738030364,0.362792529613491
"policy_rate","interest_burden",3,0.103445160988586,0.056916494236139,0.00298494636896663,0.0101749026138469,0.20856635864448,0.357352877526501
"policy_rate","interest_burden",4,0.106493255674596,0.0589373919515504,0.00374843769888541,0.0115694595575382,0.213870367087118,0.365521252362295
"policy_rate","interest_burden",5,0.109148783739671,0.0626552262788254,0.00421652442407909,0.0125109613544146,0.216041076428423,0.370317750916659
"policy_rate","interest_burden",6,0.111469934115009,0.0651480358874234,0.00477012207842034,0.0135016645187866,0.217873867177938,0.375737215782726
"policy_rate","interest_burden",7,0.113333034456908,0.0679609652313647,0.00529478875548609,0.0141944921313724,0.222803205206635,0.379426501489494
"policy_rate","interest_burden",8,0.114713396812783,0.0696973870371019,0.00576751155386936,0.0151685455117073,0.225470688777566,0.379893661975311
"policy_rate","interest_burden",9,0.115660023411218,0.0712835191538245,0.00636918580382957,0.0163905032000832,0.226553778272541,0.37881410290015
"policy_rate","interest_burden",10,0.116260856980519,0.0726800705411895,0.00674655256111386,0.0179349225691727,0.22656470462841,0.378040245656957
"policy_rate","interest_burden",11,0.116599414203026,0.0759448539229946,0.00719441833439393,0.0185935523083042,0.224574247294517,0.371572020454784
"policy_rate","interest_burden",12,0.116758103397116,0.0773777659010908,0.00756254751244915,0.019510931846566,0.222523839167632,0.364514439014399
"policy_rate","interest_burden",13,0.116799093242214,0.0781703592903396,0.00804827384873134,0.0205353984309777,0.221840490074306,0.35795872539418
"policy_rate","interest_burden",14,0.116771984266394,0.0789853657292735,0.00852154472553929,0.021471080687214,0.219921687490713,0.354708370688632
"policy_rate","interest_burden",15,0.116709681055868,0.0795660564479795,0.00890265198606319,0.0225866849504461,0.218931386072963,0.350476356119051
"policy_rate","interest_burden",16,0.116637567040216,0.080925886307585,0.00929326726306583,0.0233160798681389,0.218220100578446,0.344500768742356
"policy_rate","interest_burden",17,0.116567065674505,0.0817012441949066,0.00963456867840119,0.0240092710714359,0.215888870245505,0.341339834814526
"policy_rate","interest_burden",18,0.116504294164769,0.0817491564625308,0.0101303811460734,0.0243726802796688,0.214190153535074,0.338886052014818
"policy_rate","interest_burden",19,0.116449805143559,0.0821332271418034,0.0105664777004159,0.0249778212359598,0.213351666476908,0.336175154068389
"policy_rate","interest_burden",20,0.116404127320553,0.0820206839200568,0.0107970264830376,0.0253639245805009,0.213580382882586,0.335772562488621
"policy_rate","interest_burden",21,0.116365202038349,0.0822406126567545,0.0110563461313413,0.0258248919896649,0.213643471593243,0.333778633535583
"policy_rate","debt_growth",1,0.0922814061295828,0.0471739543890873,0.000468381197907405,0.00451378585282139,0.190343240668938,0.334020080936602
"policy_rate","debt_growth",2,0.096496768974181,0.0523573161655551,0.00185156924879095,0.00771170095841174,0.19843297163311,0.33788026088475
"policy_rate","debt_growth",3,0.100372765122998,0.0563780632353734,0.00257410938680006,0.00957177013691554,0.20414581067244,0.344061567972976
"policy_rate","debt_growth",4,0.103309565415062,0.0591063763461166,0.00317259155600643,0.0105533457284505,0.208297577846765,0.35292072903047
"policy_rate","debt_growth",5,0.105860967108434,0.0612131396947518,0.0034986074095343,0.011738560317347,0.213453325809401,0.359989655552844
"policy_rate","debt_growth",6,0.108077073332974,0.0636903446631877,0.00406574405657495,0.0130204503925838,0.214901073466966,0.365194335033285
"policy_rate","debt_growth",7,0.109865013176318,0.0658035546823276,0.00441792953529126,0.0136307042179794,0.216322077306426,0.362274931718196
"policy_rate","debt_growth",8,0.111199424914887,0.0664036087296327,0.00494694165327794,0.0147472860061002,0.219838475726847,0.363158813473972
"policy_rate","debt_growth",9,0.11219017619774,0.0689287052449044,0.00566318778096479,0.0154934287083562,0.218739433484926,0.365178223736823
"policy_rate","debt_growth",10,0.11291143880924,0.0693608453096459,0.0060170311103935,0.016225723763672,0.218308992332684,0.364729171206433
"policy_rate","debt_growth",11,0.11342967213718,0.0717050245374116,0.00652526609968712,0.0170378916630039,0.217261854301186,0.359463045883594
"policy_rate","debt_growth",12,0.113794302602655,0.0732247849709233,0.00697977815738155,0.0180151844062409,0.216594445882088,0.354730194075893
"policy_rate","debt_growth",13,0.114053181958017,0.0746363181627042,0.00754442951274434,0.0188273154571509,0.216092153002404,0.353477991247073
"policy_rate","debt_growth",14,0.114242800250016,0.0764859969749713,0.00780263409326184,0.0198260259005622,0.214793400252042,0.349240404900589
"policy_rate","debt_growth",15,0.114389731422562,0.0782378083941284,0.00797036798917321,0.0205090897424162,0.214679869559271,0.346525483235227
"policy_rate","debt_growth",16,0.114510045116469,0.0795731052564717,0.00842361761866594,0.0212224250771184,0.212153329993818,0.343357898266313
"policy_rate","debt_growth",17,0.114611618258774,0.0802358540842445,0.00881391440359686,0.022036515822517,0.211332521556264,0.342639992943846
"policy_rate","debt_growth",18,0.114699187961914,0.0810414488078982,0.00925173545387953,0.0226867823534267,0.21048898772846,0.342375397743032
"policy_rate","debt_growth",19,0.11477387466932,0.0823545143887787,0.00955386292548471,0.0233516320625991,0.210399414924363,0.339441357298518
"policy_rate","debt_growth",20,0.114836725762031,0.0832953181374814,0.00973931915432948,0.0238370012262659,0.2095848817761,0.337459981726867
"policy_rate","debt_growth",21,0.11488797543871,0.0832353058582981,0.0101411118263426,0.0243411212215634,0.208523026800072,0.335371694143995
"policy_rate","real_house_price_growth",1,0.0950573392608877,0.0482323753355173,0.000543447689458058,0.00475820077951928,0.193025433991803,0.352435172475046
"policy_rate","real_house_price_growth",2,0.0998610232137838,0.0537844435594357,0.00226412103631258,0.00866249904889622,0.197936968321587,0.357071465839855
"policy_rate","real_house_price_growth",3,0.104089199499666,0.0583071857633127,0.00319457417012157,0.0103597418267104,0.207559177388969,0.366885037166153
"policy_rate","real_house_price_growth",4,0.107205707100594,0.060977902733427,0.00379483936886872,0.0114431942574672,0.213952878015225,0.373587650354057
"policy_rate","real_house_price_growth",5,0.109735277769932,0.0628499577469535,0.00421095999878885,0.0124369783490495,0.219418887311496,0.379564477535658
"policy_rate","real_house_price_growth",6,0.111797883276342,0.064927039445505,0.00445256492672931,0.0130674685105668,0.222741617888617,0.377310991798082
"policy_rate","real_house_price_growth",7,0.113304965610879,0.0674876539783224,0.0048551171908424,0.0142127477366993,0.225047632611955,0.374710143641534
"policy_rate","real_house_price_growth",8,0.114312525506188,0.0692755933750492,0.00522205485108548,0.0151451911877831,0.224778683196379,0.375423603168661
"policy_rate","real_house_price_growth",9,0.114933609161725,0.0710432123854031,0.0057787269731788,0.0158365414940576,0.223647588558998,0.378175200956609
"policy_rate","real_house_price_growth",10,0.115295520610924,0.0725144543747817,0.00629572839927501,0.0167714778405597,0.223597822289756,0.373175206841718
"policy_rate","real_house_price_growth",11,0.11549329582069,0.0739045472423075,0.00682737293545526,0.0177071818807133,0.223007405629014,0.371899302992462
"policy_rate","real_house_price_growth",12,0.115615270786942,0.0760655427898142,0.00737992960340447,0.0188576740870376,0.219537886329025,0.367364965651435
"policy_rate","real_house_price_growth",13,0.115708107155221,0.0769695586396743,0.00774281299083089,0.0202553837189159,0.218266534228439,0.360246910780745
"policy_rate","real_house_price_growth",14,0.115798565853587,0.0783003956167737,0.00807366676748045,0.0215321036306006,0.217745713586563,0.355057487041285
"policy_rate","real_house_price_growth",15,0.115895564098702,0.0798766206058668,0.00874525635008246,0.0227024065718315,0.216144702254559,0.351759620525321
"policy_rate","real_house_price_growth",16,0.115999890520336,0.0811169882638096,0.00910011031425741,0.0233991931487248,0.215096925157058,0.349057734464271
"policy_rate","real_house_price_growth",17,0.116103383752318,0.0820311156721667,0.00941043137476228,0.0242284368913122,0.213744247690625,0.345225040754131
"policy_rate","real_house_price_growth",18,0.116197076553018,0.0828381654842147,0.00978205281227622,0.0249713282190734,0.213660490437351,0.341378195459823
"policy_rate","real_house_price_growth",19,0.116275951345283,0.0829606668627696,0.010009137582744,0.0254607258100545,0.213138986370235,0.337622420481546
"policy_rate","real_house_price_growth",20,0.1163382778717,0.083547243111772,0.010353917500953,0.0260707137507529,0.212093062491855,0.333953383161842
"policy_rate","real_house_price_growth",21,0.116385274253849,0.0839620613739527,0.0107219744604636,0.0264099313456255,0.210839692486232,0.332965459603697
"policy_rate","asset_liability_ratio",1,0.097675306556975,0.0510210815444975,0.000510500422106548,0.00429333215253958,0.202728482399317,0.357548030429956
"policy_rate","asset_liability_ratio",2,0.102371036621477,0.055784902218405,0.00234124881979684,0.00897027320593489,0.208644158168266,0.354496435012381
"policy_rate","asset_liability_ratio",3,0.106693699933076,0.0584596058385077,0.00303828925072368,0.0108072680407815,0.216067105511021,0.358176374165952
"policy_rate","asset_liability_ratio",4,0.109882768772743,0.063675522805456,0.00339200072423706,0.0123624995692619,0.221209202747524,0.365522295971245
"policy_rate","asset_liability_ratio",5,0.112433186648678,0.0670813734805968,0.0039886093133643,0.0135052530062619,0.226515471518455,0.372954002852087
"policy_rate","asset_liability_ratio",6,0.114492319583309,0.0701878009013855,0.00415555739916793,0.0146224708592355,0.230319640541504,0.375739159369026
"policy_rate","asset_liability_ratio",7,0.115975598205208,0.0719002677735601,0.00459418365583886,0.0152159471453006,0.228014467891343,0.378483942807043
"policy_rate","asset_liability_ratio",8,0.116932945688075,0.0724293556826923,0.00526276190010349,0.0158859658196293,0.231292046108122,0.380189655583131
"policy_rate","asset_liability_ratio",9,0.11748218418698,0.0737321631663724,0.00584706399965547,0.016789073423917,0.230151907905039,0.381751173585081
"policy_rate","asset_liability_ratio",10,0.11775564099284,0.0743191627884908,0.0064427625060589,0.0180532224257181,0.228353575736361,0.378129256842939
"policy_rate","asset_liability_ratio",11,0.117857419546352,0.0755250996052928,0.007172886853189,0.0187968248421436,0.227040221885782,0.375214473630181
"policy_rate","asset_liability_ratio",12,0.117873600355494,0.0774790812264774,0.00759330419247877,0.0195553105024911,0.227379596841172,0.370264847076629
"policy_rate","asset_liability_ratio",13,0.117852109899124,0.0783893638591929,0.00791201648619348,0.0205318140445566,0.226026419589289,0.364729614655314
"policy_rate","asset_liability_ratio",14,0.117819930331984,0.0802260226208195,0.00856928754742185,0.021702046252184,0.223984138703821,0.358788780666863
"policy_rate","asset_liability_ratio",15,0.117787443494363,0.0818360437321915,0.00902502058042464,0.0224055224012799,0.220865656715722,0.35248068231459
"policy_rate","asset_liability_ratio",16,0.117757501530793,0.0831453146540711,0.00940118332287531,0.0231903147401369,0.21945190250005,0.351078933515955
"policy_rate","asset_liability_ratio",17,0.117726785756315,0.0838963826950756,0.00964363125151947,0.0238359829980405,0.219556662668843,0.34640956260787
"policy_rate","asset_liability_ratio",18,0.117693472095242,0.0844786578496227,0.00993216791919313,0.0245606557529731,0.218628752556027,0.343919699527856
"policy_rate","asset_liability_ratio",19,0.117656352534125,0.0849879860924457,0.0102130104232926,0.0251732748560237,0.219344989057796,0.341736355118475
"policy_rate","asset_liability_ratio",20,0.117615290598775,0.0856539985012053,0.0106256186865486,0.0255044238077543,0.219766817518694,0.338963692559252
"policy_rate","asset_liability_ratio",21,0.117570125627762,0.0861990357984043,0.0108156069256114,0.0261389698956749,0.219607949633624,0.337692276750401
"interest_burden","gdp_growth",1,0.0992849296120659,0.0503765485620026,0.000438844723405453,0.00459488238733498,0.200390786818097,0.369011661223517
"interest_burden","gdp_growth",2,0.103189994293136,0.0740072753335022,0.00595903340419651,0.0187066411415758,0.190303776674776,0.305561182338357
"interest_burden","gdp_growth",3,0.105246029204084,0.0785875058175862,0.00851086464456321,0.0228358578614257,0.192085034642373,0.294895810390993
"interest_burden","gdp_growth",4,0.107142324787171,0.0796075828931099,0.0101714338050604,0.0240815817966458,0.192934627693316,0.305325191554854
"interest_burden","gdp_growth",5,0.107509342706605,0.0763545048314741,0.0110413107545733,0.0251747483516467,0.194863601946133,0.316088774341954
"interest_burden","gdp_growth",6,0.109352115899369,0.0756306132703072,0.0108229074150026,0.0247361062461982,0.198252078803274,0.327777915074832
"interest_burden","gdp_growth",7,0.110824980501948,0.0760199675586779,0.0107007315036827,0.0245254530950604,0.201805982890327,0.331346757911122
"interest_burden","gdp_growth",8,0.112011787051935,0.0754219453475576,0.0107167814633186,0.024298161096516,0.204445116628074,0.333365517446165
"interest_burden","gdp_growth",9,0.112730354142014,0.0758946115804796,0.0109902232731869,0.0249062526536231,0.206620973961368,0.334000376463799
"interest_burden","gdp_growth",10,0.113265679809192,0.0770281258372474,0.0110931390993918,0.0249105026819854,0.208176976058665,0.337856589126894
"interest_burden","gdp_growth",11,0.113599984296016,0.0780559831737339,0.0114314524350487,0.0252649828706444,0.209676592193321,0.334783787445803
"interest_burden","gdp_growth",12,0.113789722175321,0.0786580247189526,0.0114312176424243,0.0259674072993571,0.208012693699288,0.334593073245146
"interest_burden","gdp_growth",13,0.113909844253536,0.0788477814893793,0.0116138207347532,0.0266289692684853,0.207127778048592,0.33702871194027
"interest_burden","gdp_growth",14,0.113967760260303,0.0795100759934498,0.0121685105938363,0.0270803431436914,0.206925788937691,0.33565575109123
"interest_burden","gdp_growth",15,0.114008399827876,0.0799998258646321,0.0124547377276463,0.0276175146116015,0.205639451607783,0.335341548471178
"interest_burden","gdp_growth",16,0.114029262444605,0.0800122909620221,0.0127112537978418,0.028189400239677,0.203985448965773,0.333213138027323
"interest_burden","gdp_growth",17,0.114053630954504,0.0807380873957113,0.0129837423310086,0.0284957529681581,0.203961963012231,0.331011943408859
"interest_burden","gdp_growth",18,0.114065252250639,0.081525979837671,0.0133573637961176,0.0289434809905992,0.203557545944834,0.328473672396487
"interest_burden","gdp_growth",19,0.114076049315089,0.0819103195083725,0.013421721727891,0.029246788447691,0.20263245782737,0.325847120444897
"interest_burden","gdp_growth",20,0.114080022500529,0.0821839445792764,0.013809597188515,0.0295255725006061,0.202194249302185,0.32509726298685
"interest_burden","gdp_growth",21,0.114081664435953,0.0826077449262983,0.0138667310420942,0.0296755584899787,0.20100049942841,0.322891738391369
"interest_burden","consumption_growth",1,0.0988031389795146,0.0512398981172546,0.000513436497238325,0.00467942150015629,0.202666799102226,0.360792814814029
"interest_burden","consumption_growth",2,0.103869638598376,0.0762405714049743,0.00584439855104697,0.019592885490774,0.189855779386033,0.297856861527293
"interest_burden","consumption_growth",3,0.106490358282123,0.0799299384395928,0.0085392312509305,0.0238345125554949,0.190390545649614,0.296382950531765
"interest_burden","consumption_growth",4,0.108955989643917,0.0823039739273243,0.01026614125427,0.0260013571152242,0.194790190281762,0.305169619388607
"interest_burden","consumption_growth",5,0.109402267581754,0.0797452341971805,0.0105300067398115,0.0257983255081024,0.197067550536516,0.31266195716615
"interest_burden","consumption_growth",6,0.111658627430828,0.0778230525240281,0.0107396072730455,0.025489638224175,0.205240746103997,0.328659497055949
"interest_burden","consumption_growth",7,0.113384072470469,0.0773935858064465,0.0111534811146257,0.0258777015681341,0.209490756213058,0.337721963101568
"interest_burden","consumption_growth",8,0.114750910144266,0.0770232349806959,0.0109606058078128,0.0252418179897778,0.213457540568932,0.346245548560327
"interest_burden","consumption_growth",9,0.115574023489773,0.0778544280817687,0.0112202010868048,0.0253514092026332,0.214522475391652,0.350713139496558
"interest_burden","consumption_growth",10,0.116243306154754,0.0785538565423902,0.0115460587359953,0.0255559762646168,0.215756017368699,0.353018742748432
"interest_burden","consumption_growth",11,0.116670540698842,0.0786851509183837,0.0121782094549467,0.025995461809056,0.217654361320244,0.355573517396991
"interest_burden","consumption_growth",12,0.116914760113615,0.0791897739458554,0.0123191242320189,0.0265069634013515,0.217557727355944,0.354625436810578
"interest_burden","consumption_growth",13,0.117053090586879,0.080363612903453,0.0126647169383035,0.0270359672913202,0.21707467657277,0.352266883195471
"interest_burden","consumption_growth",14,0.117122838249231,0.0808689204710136,0.0132074308016785,0.0277707789166321,0.215914100892716,0.350017630278264
"interest_burden","consumption_growth",15,0.117158425868629,0.0817221066268981,0.0135756693618063,0.0282285121601568,0.213549335015672,0.347960943878745
"interest_burden","consumption_growth",16,0.117162707426913,0.0821795459375963,0.013696832413051,0.0285463404827249,0.213758111219666,0.345482400074354
"interest_burden","consumption_growth",17,0.117165930490682,0.0828568671191202,0.0141660090903816,0.0289295674804536,0.212428460663587,0.343557372092274
"interest_burden","consumption_growth",18,0.117162736867757,0.0835099692002622,0.0143170143077283,0.0293780767168363,0.21202441244065,0.343681477253747
"interest_burden","consumption_growth",19,0.117162396616251,0.083928985676382,0.0147187544464643,0.0296421408823385,0.211776597695105,0.342357673809553
"interest_burden","consumption_growth",20,0.117156509569811,0.0841555615476878,0.014819292594616,0.0299589410418211,0.210841828244347,0.339416006650938
"interest_burden","consumption_growth",21,0.117152241456804,0.084573467587173,0.0149310930967215,0.0302571456215169,0.209963878239912,0.336106573196254
"interest_burden","cpi_growth",1,0.100923579176742,0.0515794969260435,0.000501134619600893,0.00503884156435012,0.207713681819444,0.376420347305884
"interest_burden","cpi_growth",2,0.103480604382966,0.0738070352306255,0.00569495945600194,0.0195371913149398,0.186327478692468,0.308405883420719
"interest_burden","cpi_growth",3,0.10520624744924,0.0785667636616233,0.00860030603988769,0.022546391552932,0.189595421275336,0.29836927828281
"interest_burden","cpi_growth",4,0.107139044317332,0.0790684147823339,0.010158894324084,0.0244949344892041,0.191651138461502,0.304285545419153
"interest_burden","cpi_growth",5,0.107423378883605,0.0754953042535566,0.0110751578283059,0.0246875918815524,0.194136683810746,0.313026816873185
"interest_burden","cpi_growth",6,0.109439225549842,0.0746904540105864,0.0109717606938211,0.0246308931019898,0.200491779859277,0.325876276581191
"interest_burden","cpi_growth",7,0.110838027782936,0.0746570037159845,0.0108637260595705,0.024876422353328,0.203233542988311,0.33624176806756
"interest_burden","cpi_growth",8,0.111952865114996,0.074640870033819,0.0108766478031571,0.0246152498143931,0.206731233043904,0.343394893845216
"interest_burden","cpi_growth",9,0.112629772346214,0.0756941351967117,0.0109049481777322,0.0247356781625951,0.207251359729303,0.345770912403128
"interest_burden","cpi_growth",10,0.113159418782082,0.0756765355289973,0.0109450549267449,0.0246770346557386,0.208573109376684,0.34642670447169
"interest_burden","cpi_growth",11,0.113448400288563,0.0766480074603161,0.0111915010260439,0.025058311904205,0.209947506494481,0.346674345578825
"interest_burden","cpi_growth",12,0.113589187811131,0.0767460941775446,0.0114791921464552,0.0254117106564727,0.209565911462347,0.345569577963129
"interest_burden","cpi_growth",13,0.113659719728728,0.077108951659545,0.0117492897196166,0.0260837189072695,0.208514683540062,0.341852191841506
"interest_burden","cpi_growth",14,0.113671187444985,0.0773704264098186,0.0122399832391537,0.0266129587990743,0.208117254964383,0.339953179042183
"interest_burden","cpi_growth",15,0.113656208413371,0.0779911931678463,0.0124523094377985,0.027035391788143,0.207737551615882,0.336323150504841
"interest_burden","cpi_growth",16,0.113617873891168,0.0786087026943537,0.0126421000791467,0.0274547463460255,0.207186321919626,0.331991594161972
"interest_burden","cpi_growth",17,0.11358545741332,0.0788627060386494,0.0128741058259668,0.0278357726734443,0.206504397541614,0.328277907899798
"interest_burden","cpi_growth",18,0.113546982039436,0.0797184079354474,0.0132147245849185,0.0281475418794094,0.206199810349513,0.327308860534609
"interest_burden","cpi_growth",19,0.113511888807636,0.0803309845338179,0.0134254865065592,0.0287177142169305,0.206332833607366,0.325177075865777
"interest_burden","cpi_growth",20,0.113472667963538,0.0809683037843917,0.0135690311017133,0.02918909653883,0.205954309795247,0.323196535882196
"interest_burden","cpi_growth",21,0.113435342212347,0.0811699686554861,0.013758067830022,0.029475059638284,0.205549515909548,0.321304429069164
"interest_burden","saving_rate",1,0.0981868311802802,0.0499472860033778,0.000417815370772373,0.00484948954276269,0.200969822815283,0.3572032291558
"interest_burden","saving_rate",2,0.10208266645364,0.0739747329295587,0.00576700154960511,0.0194776426684575,0.189960890357691,0.299847111254482
"interest_burden","saving_rate",3,0.105023466123972,0.0785500448674327,0.00872880787778765,0.0230370140740563,0.189415348324525,0.296941686743667
"interest_burden","saving_rate",4,0.10796417099331,0.0795693169296229,0.0107476784107894,0.0245699064052722,0.196021564474874,0.303485970976439
"interest_burden","saving_rate",5,0.108453689488268,0.0772642446240351,0.011540541068473,0.0256753288532868,0.196524250691131,0.31583323956499
"interest_burden","saving_rate",6,0.110875885568613,0.0768860039063229,0.0115151174236136,0.0257054637199515,0.204480377523008,0.327665564408703
"interest_burden","saving_rate",7,0.112705601768389,0.0775131083137383,0.0112943712070119,0.0256322443255412,0.209214130335244,0.331638471621102
"interest_burden","saving_rate",8,0.11431109712338,0.0775453156174225,0.0112216384685644,0.0255612279147508,0.212269443836506,0.341858043663236
"interest_burden","saving_rate",9,0.115177055639524,0.0785773836161628,0.0115642138957305,0.0255210858385553,0.212033056805859,0.339822033850514
"interest_burden","saving_rate",10,0.11587003006166,0.0793445658390406,0.0116192343425676,0.0257890474413158,0.212995494894014,0.342564436393091
"interest_burden","saving_rate",11,0.116239772689763,0.0798755301007271,0.0121608764514606,0.0261481649603482,0.214955091610963,0.342387300444545
"interest_burden","saving_rate",12,0.116463637918014,0.0808405307465323,0.0122303721564625,0.0263572948272443,0.215460407153385,0.345237945257067
"interest_burden","saving_rate",13,0.116546406644768,0.081414818335622,0.0125565140167205,0.0267804551091294,0.214842601842533,0.341541680771786
"interest_burden","saving_rate",14,0.116559600006377,0.0814131628231419,0.0129584639888745,0.0270422837205866,0.213013077273786,0.339190219818721
"interest_burden","saving_rate",15,0.11653643121279,0.0822227050250973,0.0131487115239874,0.0276735979572187,0.212235053423971,0.334360652489343
"interest_burden","saving_rate",16,0.116497531890228,0.0829364592667742,0.0133519582505054,0.0278619112140214,0.211393787513361,0.332306885761399
"interest_burden","saving_rate",17,0.116456960130739,0.0835403876128943,0.0135479874056461,0.0282668643096545,0.210692114405776,0.330181555694111
"interest_burden","saving_rate",18,0.116408786825943,0.0840711859890443,0.0139522545346364,0.0287449501050766,0.20890764913119,0.326634352811007
"interest_burden","saving_rate",19,0.11636246822131,0.0844798066641136,0.0142376755246726,0.0291314210170911,0.207919278492312,0.325501859891734
"interest_burden","saving_rate",20,0.116313136559024,0.084711846585932,0.0143013244241479,0.0294741524450277,0.208068029310786,0.32455234053218
"interest_burden","saving_rate",21,0.11626296749485,0.0848229816192603,0.0145321650807267,0.0297790964591356,0.208164103314556,0.323833099331258
"interest_burden","policy_rate",1,0.213652761978864,0.174564825446477,0.00752403325037196,0.038791272749295,0.397885729343088,0.552841304756573
"interest_burden","policy_rate",2,0.179948013452293,0.150004928811411,0.0178218150229531,0.0471978916992733,0.318598237675732,0.442776582858531
"interest_burden","policy_rate",3,0.160146456891099,0.134921500917322,0.0219655969178623,0.0514905772633544,0.275356028301194,0.381424827218793
"interest_burden","policy_rate",4,0.141279535529324,0.117557675883841,0.0239091899114236,0.0479896851849514,0.23770303764119,0.331816891587181
"interest_burden","policy_rate",5,0.138021436960945,0.114637908599228,0.0250155843661225,0.0478881224285348,0.231049476297732,0.32530637819799
"interest_burden","policy_rate",6,0.120487192439585,0.0981719025838137,0.0214375114972021,0.0406077286084583,0.203536190527365,0.290971824489049
"interest_burden","policy_rate",7,0.107624556206412,0.0873172519888345,0.0191835990644812,0.0355043087376172,0.181485971834118,0.268019745663158
"interest_burden","policy_rate",8,0.0970528422181107,0.0777081906164678,0.0172671629545431,0.0318810048631394,0.163604609258273,0.247792660849479
"interest_burden","policy_rate",9,0.0908390546730892,0.0718024268283958,0.0164727240588808,0.029783071931281,0.152375684959139,0.232544610349804
"interest_burden","policy_rate",10,0.0858707556222521,0.0674126174277498,0.0163992684573724,0.0286005193470051,0.142993846412395,0.219909688135043
"interest_burden","policy_rate",11,0.0829488113663107,0.0655064187600203,0.0165082758220464,0.0286203378859996,0.137482150228829,0.211443850708852
"interest_burden","policy_rate",12,0.0812237066656269,0.0648331475637448,0.0166888436657944,0.0287409425654667,0.13323400774012,0.204264065646244
"interest_burden","policy_rate",13,0.0802403903222873,0.0643990504035612,0.0167432123358584,0.0290166024279975,0.130742778060209,0.200465040994529
"interest_burden","policy_rate",14,0.0797590960205696,0.0645642167102956,0.0166265269590358,0.0294758922281081,0.12912306501288,0.195877817812976
"interest_burden","policy_rate",15,0.079516978689928,0.0647307983337821,0.0167350748716804,0.0297139856349289,0.12887654956245,0.193286668592856
"interest_burden","policy_rate",16,0.0794330150424891,0.0649646192168978,0.0169079173690851,0.0300863364411616,0.128738160318166,0.191527303543019
"interest_burden","policy_rate",17,0.0793288192201016,0.0653292258224706,0.0167900139265139,0.0301506347229817,0.128340034377061,0.19113825717227
"interest_burden","policy_rate",18,0.0792740213431988,0.0652740923198156,0.016938814758769,0.030181271673542,0.128365406338506,0.190143280913915
"interest_burden","policy_rate",19,0.0792117040478825,0.0652946636069122,0.0172608692898318,0.0300876111212233,0.128196002774432,0.190041581556756
"interest_burden","policy_rate",20,0.0791740078044325,0.065299520068681,0.0174173331102372,0.0301133414592494,0.127862625317738,0.190017894278685
"interest_burden","policy_rate",21,0.0791400565484852,0.0652962987804808,0.0175693496876194,0.0302275912487841,0.127546606862968,0.190364103960728
"interest_burden","interest_burden",1,0.0983731503290907,0.0520963880924443,0.000486271361895078,0.00465220690757503,0.205101794652437,0.356145576782692
"interest_burden","interest_burden",2,0.102500032280528,0.0736468574247503,0.005654650564115,0.0198254358358151,0.18703042341107,0.297612372559852
"interest_burden","interest_burden",3,0.104649455086195,0.0788338931648345,0.00875415912266279,0.0236699730673168,0.188218548178872,0.286405705681166
"interest_burden","interest_burden",4,0.106571814424882,0.0785801436298369,0.0110057199648971,0.0247076282726061,0.193867412533164,0.296080418961943
"interest_burden","interest_burden",5,0.106835053501223,0.0763699364006803,0.0112707631719278,0.0254870897051373,0.193849134170462,0.304833171994247
"interest_burden","interest_burden",6,0.10901009790374,0.0748312819483724,0.0110561152966785,0.0250267075025464,0.201686915980488,0.315039265141205
"interest_burden","interest_burden",7,0.110595118059346,0.0747253999343618,0.0113467369711752,0.0247336581165883,0.20393467479939,0.324644300825967
"interest_burden","interest_burden",8,0.111995557158609,0.0748681325086938,0.0114132900836408,0.0242690788605665,0.207136747151934,0.330623422830906
"interest_burden","interest_burden",9,0.11286963349533,0.0751250070643022,0.0118804147504011,0.0252541153539666,0.209436547074458,0.333550081734153
"interest_burden","interest_burden",10,0.113602946434827,0.0749772145956424,0.0119534202861565,0.0253612074381457,0.210530400988039,0.337111499010541
"interest_burden","interest_burden",11,0.114043342581479,0.0754882740219664,0.0122229422454715,0.0259841542714981,0.210833473616669,0.339332472751905
"interest_burden","interest_burden",12,0.114319665983708,0.0758768803129266,0.0125014368158419,0.0262745714776164,0.208329574575512,0.339543471537661
"interest_burden","interest_burden",13,0.114471505463481,0.0766803083786196,0.0127156302332747,0.0266399975502183,0.208990935412895,0.338421324716666
"interest_burden","interest_burden",14,0.114537170768288,0.0777338847164617,0.0128965889958136,0.0269075936349907,0.208266861590204,0.333015035361308
"interest_burden","interest_burden",15,0.114554268749373,0.0783205487188156,0.0132252586366441,0.0273984763330386,0.207452623661567,0.329642576263504
"interest_burden","interest_burden",16,0.114543556544312,0.0793908791268938,0.0134376392012081,0.0275622832241132,0.206759865948085,0.3293795479166
"interest_burden","interest_burden",17,0.114535127999316,0.0801946734329215,0.0135302837506858,0.0279668742624719,0.206720588712999,0.327717937479211
"interest_burden","interest_burden",18,0.114522486621557,0.0805617365536121,0.0137210808847708,0.0285298247458071,0.205845545711578,0.327455210782373
"interest_burden","interest_burden",19,0.114520008601927,0.0811344744084993,0.0140571677065012,0.0288674093373424,0.204183200973033,0.328192794410491
"interest_burden","interest_burden",20,0.114523165602981,0.081717755128517,0.0142797548426763,0.02908071751167,0.203517984724573,0.327412944542068
"interest_burden","interest_burden",21,0.114537387508278,0.0820854608465098,0.0145000051658302,0.0292030582671036,0.203507108011796,0.326364849083471
"interest_burden","debt_growth",1,0.0988761514939903,0.0514631548839092,0.000448803765762018,0.00450556318024151,0.202135450901038,0.358484322770765
"interest_burden","debt_growth",2,0.101457382778147,0.0726793765254061,0.00561066781784142,0.0193345872660647,0.18397533700475,0.306144865758977
"interest_burden","debt_growth",3,0.103171789450591,0.0773921203017474,0.00896846471798036,0.0227281437642709,0.183872287991687,0.293995307342222
"interest_burden","debt_growth",4,0.105031008963202,0.0762248304633038,0.0100698167806555,0.0242473898383155,0.190837418048253,0.300675593330169
"interest_burden","debt_growth",5,0.105318524392358,0.0733376927874798,0.0107754781072356,0.0240148083273701,0.192240745464008,0.310868629976968
"interest_burden","debt_growth",6,0.107298541562966,0.0724607313124998,0.0105730577343146,0.0232439306935248,0.199466072356317,0.323828926792988
"interest_burden","debt_growth",7,0.10884059623312,0.072343843663335,0.010616460018581,0.0232141117323568,0.201574500781453,0.330238596602809
"interest_burden","debt_growth",8,0.11010546703964,0.0723888684511704,0.0106109079059491,0.0232524234308921,0.204727264877925,0.332718672536186
"interest_burden","debt_growth",9,0.110981787019848,0.0734108657770899,0.010739060826247,0.0236756321824786,0.205086294538531,0.337500861508304
"interest_burden","debt_growth",10,0.111721346242551,0.0731908822452926,0.0110139721243253,0.0241108934511029,0.208549073390812,0.342506031793122
"interest_burden","debt_growth",11,0.112277298332615,0.0739953294297517,0.0114103124572038,0.0248055844345459,0.209222122158079,0.342445820082183
"interest_burden","debt_growth",12,0.112670579115171,0.0742672775957154,0.0117150295803171,0.0250646554612908,0.208117025116127,0.341869507185742
"interest_burden","debt_growth",13,0.112992921945644,0.0751577199496199,0.0118971324481783,0.0255101048661462,0.208210810740178,0.340540575130339
"interest_burden","debt_growth",14,0.113227694610224,0.0763737481398485,0.0121970634911263,0.0258430844136581,0.207585986264403,0.341032802884646
"interest_burden","debt_growth",15,0.113427430697046,0.077408834043947,0.0124964660342263,0.0263709684037499,0.206534071482455,0.340819512876047
"interest_burden","debt_growth",16,0.113581023210301,0.0791943834448842,0.0129067140442685,0.0269121863070669,0.206068636560713,0.337857870250624
"interest_burden","debt_growth",17,0.113725754452231,0.0796340260896036,0.0134386413497697,0.0273931777087982,0.206392269343589,0.335369253683952
"interest_burden","debt_growth",18,0.113846316172824,0.080197124865047,0.0137198897237374,0.0277765565097627,0.205189453992328,0.331844807258732
"interest_burden","debt_growth",19,0.113958552711371,0.0804275892451067,0.0138548280699478,0.0285112314718389,0.20468505077503,0.329060188973109
"interest_burden","debt_growth",20,0.114054946518735,0.0810483684068856,0.0140121694282776,0.0287326704226164,0.203808753092459,0.328892278704664
"interest_burden","debt_growth",21,0.11414474243084,0.0816925479539166,0.0140487814096368,0.0290906033850942,0.202939223798538,0.32756709045709
"interest_burden","real_house_price_growth",1,0.0961322078668537,0.0491906274728396,0.000371199602754323,0.00421224972068542,0.196961092456988,0.351145371481856
"interest_burden","real_house_price_growth",2,0.10095890317572,0.073684377084998,0.00550451542026648,0.0188760158800712,0.183515255924106,0.291376505085626
"interest_burden","real_house_price_growth",3,0.103523653098776,0.0774138810586149,0.00820089607284585,0.0231033893685119,0.185565438150216,0.290206075474669
"interest_burden","real_house_price_growth",4,0.106264296741744,0.0786556706681994,0.0100829401723655,0.0242734987360875,0.191588111872911,0.300349698689986
"interest_burden","real_house_price_growth",5,0.106678794774573,0.076000529891395,0.01062475161956,0.0244147153111526,0.194403960453295,0.311261559864832
"interest_burden","real_house_price_growth",6,0.109085137097758,0.0740977100353212,0.0108180388509601,0.0237652304350054,0.201733114322451,0.325853344057036
"interest_burden","real_house_price_growth",7,0.110794747451439,0.0738632125245083,0.0110558615938484,0.0235406044316496,0.208952982257711,0.337490118356807
"interest_burden","real_house_price_growth",8,0.11221321073162,0.0744714680412461,0.0113192499829362,0.0234907846940308,0.214614298173486,0.343881079360395
"interest_burden","real_house_price_growth",9,0.112982419131307,0.0742121121268562,0.0113384165002883,0.0239570703558451,0.215209853717228,0.346752875833252
"interest_burden","real_house_price_growth",10,0.113585096940509,0.0738462190080063,0.0114083045157853,0.0240037047419851,0.215892600975332,0.34972656577138
"interest_burden","real_house_price_growth",11,0.113913679315962,0.0744917356955043,0.0114986978835514,0.0244527322409616,0.217698480702557,0.347353886607067
"interest_burden","real_house_price_growth",12,0.114113557279194,0.0746776763139176,0.0120894254626883,0.0249692938133072,0.215889988113815,0.347081917162916
"interest_burden","real_house_price_growth",13,0.114225863842399,0.0755044811728091,0.0123809773151415,0.0255456272995778,0.215554149376781,0.345071402227729
"interest_burden","real_house_price_growth",14,0.114287166223597,0.0763353725123017,0.0126116252883034,0.0260230622075203,0.215531629349622,0.342071111655804
"interest_burden","real_house_price_growth",15,0.114326219364063,0.0766469473310741,0.0128485965253623,0.0264644673780503,0.21458722329135,0.339688056101915
"interest_burden","real_house_price_growth",16,0.114359370562929,0.0768277852476692,0.0131066767200203,0.0270456981817985,0.214576300690408,0.337700732411621
"interest_burden","real_house_price_growth",17,0.114397679981898,0.0773459233536522,0.0132708118637901,0.0277117851680804,0.213621344884238,0.335432977894714
"interest_burden","real_house_price_growth",18,0.114428977483857,0.0781124047134845,0.0136829121846746,0.0279675594241492,0.212903204685419,0.331336169000621
"interest_burden","real_house_price_growth",19,0.114454615231961,0.0786606003072449,0.0140618757676393,0.0280820479575372,0.21211259404361,0.329755876791511
"interest_burden","real_house_price_growth",20,0.114474340591865,0.0790172755697355,0.0143571366216197,0.0283899530582053,0.213381251843936,0.327339731383086
"interest_burden","real_house_price_growth",21,0.114485762891266,0.0797307880220042,0.0144372063836791,0.0288995486358754,0.213125994204308,0.325699092047783
"interest_burden","asset_liability_ratio",1,0.0957672493825987,0.049964124798892,0.00051116866216146,0.00454143685025335,0.197762590361523,0.345736749933024
"interest_burden","asset_liability_ratio",2,0.102512764585195,0.0760349583270058,0.00594800347190173,0.0200226029688185,0.187469314387713,0.293533195628816
"interest_burden","asset_liability_ratio",3,0.106542544413919,0.0810801563672495,0.0089645077318484,0.0234696690788452,0.194533034478452,0.297572237154757
"interest_burden","asset_liability_ratio",4,0.10965181459912,0.0818835204083864,0.0105951303694833,0.0246777659126845,0.19887467719147,0.311755562115482
"interest_burden","asset_liability_ratio",5,0.11035751171067,0.078481987101953,0.0110809103178587,0.0250682017373125,0.201300143335357,0.319623042114507
"interest_burden","asset_liability_ratio",6,0.112793176547298,0.0774631250241778,0.0109105596492725,0.0246628254466298,0.206892890962149,0.33351706120946
"interest_burden","asset_liability_ratio",7,0.114392299525941,0.0768234080599683,0.0108550231976156,0.0241537630143572,0.211190532486751,0.343235155304867
"interest_burden","asset_liability_ratio",8,0.115606263417443,0.077061369687308,0.0111724545563037,0.0244024906402367,0.215843295652323,0.351408401507581
"interest_burden","asset_liability_ratio",9,0.116215900062902,0.0766252614186216,0.0112411990485729,0.0252038426476494,0.218182612233859,0.3553446409769
"interest_burden","asset_liability_ratio",10,0.116681419952172,0.0768732575265127,0.0112230639206349,0.0250879863728149,0.220918417075301,0.356863979432315
"interest_burden","asset_liability_ratio",11,0.116858170430449,0.0775002126990318,0.0114699231843727,0.0255416925300142,0.221017920525543,0.356206329217005
"interest_burden","asset_liability_ratio",12,0.11691518293822,0.0773313113773108,0.0116063454827745,0.0261675201539655,0.218893015269539,0.356163700351062
"interest_burden","asset_liability_ratio",13,0.116900257212277,0.0782287251083051,0.0116910029931483,0.0263721907626216,0.218376002149156,0.355785529927757
"interest_burden","asset_liability_ratio",14,0.116867486416426,0.0788564868127938,0.0119728744814231,0.0266806796699327,0.216861507768643,0.350748307475964
"interest_burden","asset_liability_ratio",15,0.116815637176924,0.0798927514234849,0.0123804296770574,0.0272035926490631,0.215668466028068,0.347783774051231
"interest_burden","asset_liability_ratio",16,0.116775658987055,0.0801652768607752,0.0126002473623015,0.0273915722528257,0.214103631539304,0.34623302679189
"interest_burden","asset_liability_ratio",17,0.116750639357208,0.0804221777297345,0.0127807406310369,0.0277180864519006,0.214760797624957,0.34340235743459
"interest_burden","asset_liability_ratio",18,0.116744440394788,0.0805003643703035,0.0130682745793705,0.0280090877985212,0.213650921038616,0.340659329687947
"interest_burden","asset_liability_ratio",19,0.116742316446572,0.0807174697404249,0.0133006662610493,0.0285237595642057,0.213600008515604,0.338683116339078
"interest_burden","asset_liability_ratio",20,0.116751202889085,0.0808992221371044,0.0135214205270337,0.029010416909017,0.212020284704004,0.337036431818494
"interest_burden","asset_liability_ratio",21,0.116759835021176,0.0808272810018241,0.0137170772053956,0.0293443734490236,0.210454593869962,0.336537745970118
"debt_growth","gdp_growth",1,0.113470610880998,0.059658813090896,0.000487792352603565,0.00551973381927181,0.235877221814371,0.397416717064101
"debt_growth","gdp_growth",2,0.112166274499936,0.0725006056939567,0.00548423311896955,0.017783451176627,0.211683225020637,0.35944313137252
"debt_growth","gdp_growth",3,0.11152076998245,0.074428151405357,0.0077305397229713,0.0201806730250592,0.210631866303498,0.346382988649148
"debt_growth","gdp_growth",4,0.113031379418308,0.0830052660214279,0.0100718660378728,0.0256451232714502,0.204346284258583,0.32403411850065
"debt_growth","gdp_growth",5,0.113351367416753,0.0812648727023034,0.0106578878322708,0.0256827166699992,0.203787468312838,0.327535438224803
"debt_growth","gdp_growth",6,0.1142161693468,0.0841791593980447,0.011247747074062,0.0264441014787519,0.205273468404615,0.32163550455925
"debt_growth","gdp_growth",7,0.114888163158295,0.0833646650047711,0.011483165797262,0.0269493838231507,0.206417262723955,0.326442989421043
"debt_growth","gdp_growth",8,0.115509136782497,0.0847578200162431,0.0118295852076309,0.0274497395769363,0.208218503348136,0.328374062909647
"debt_growth","gdp_growth",9,0.115879766089648,0.0843970656579346,0.0120715746183443,0.0278673583235474,0.210162974519297,0.332983818026431
"debt_growth","gdp_growth",10,0.116118231540272,0.0838042821543218,0.0124110052359214,0.0282110374655587,0.209793932456796,0.33447814219874
"debt_growth","gdp_growth",11,0.116291424320241,0.083463573055051,0.0129575122802277,0.0285654705093126,0.210503253891829,0.33332588091245
"debt_growth","gdp_growth",12,0.116380658566395,0.0838900528404325,0.0133653558158283,0.0291665436257459,0.208997020486304,0.333712011139847
"debt_growth","gdp_growth",13,0.11645684854612,0.0838636778885226,0.0135602428274659,0.0299241466959423,0.207928181099118,0.331066806419084
"debt_growth","gdp_growth",14,0.116490506680955,0.0838069321448038,0.0141742642293765,0.0304752519273794,0.20761844034973,0.329894165753185
"debt_growth","gdp_growth",15,0.116527827713751,0.084409327686986,0.014465301465758,0.031245930060212,0.206472878786093,0.328100297276226
"debt_growth","gdp_growth",16,0.116541871807746,0.0852836125306829,0.0149900776073311,0.0319206173840357,0.205524137069208,0.327188564326397
"debt_growth","gdp_growth",17,0.116556214939144,0.0858754938549365,0.0156124147075798,0.0325383941007584,0.203682280775742,0.326167380979113
"debt_growth","gdp_growth",18,0.116558147507134,0.0864674720836725,0.0157801129455831,0.0330241287756307,0.202863689978261,0.324404306239573
"debt_growth","gdp_growth",19,0.116560589016537,0.0872893013045004,0.0161221928277644,0.0333336169546406,0.202140030358748,0.321920069842785
"debt_growth","gdp_growth",20,0.11655693190617,0.0878869595938794,0.016204808470191,0.033812307649067,0.202392551470777,0.321347727620948
"debt_growth","gdp_growth",21,0.116553188670808,0.0884203534423414,0.0165196991037206,0.034219195576421,0.202811387639448,0.319836309173482
"debt_growth","consumption_growth",1,0.108491195546476,0.0566871560677145,0.000448580323870211,0.00494836115653449,0.225096337691884,0.391734872128838
"debt_growth","consumption_growth",2,0.108291719199342,0.0698727674476064,0.00483635111607656,0.0169859216293758,0.207207020071289,0.338599926065454
"debt_growth","consumption_growth",3,0.10821861574952,0.0729266929728649,0.007788147049002,0.0195453914116468,0.202919887169913,0.330857138706178
"debt_growth","consumption_growth",4,0.110278267911325,0.0827739859569828,0.0100605996259409,0.0236541838961457,0.1980342088176,0.312209017300716
"debt_growth","consumption_growth",5,0.110776818004784,0.0816890963556056,0.0105791281174495,0.0241783140117566,0.200152107911532,0.319017901340982
"debt_growth","consumption_growth",6,0.112035460445751,0.0837645803947488,0.0110370698578329,0.024910905923588,0.202424062319524,0.314720687572072
"debt_growth","consumption_growth",7,0.11282190526101,0.0835763090831424,0.0110314744894259,0.0250950333796514,0.204887169074498,0.323597714574805
"debt_growth","consumption_growth",8,0.113620099662793,0.0845551973274521,0.0113130469346777,0.0259044419238014,0.206741361035358,0.324440439965949
"debt_growth","consumption_growth",9,0.114048375722256,0.0844060306181158,0.0118657463017021,0.0261238715304419,0.208262218711411,0.326150846376955
"debt_growth","consumption_growth",10,0.11440409126498,0.0846464817126606,0.0120793981568964,0.0265963436063095,0.208547236512829,0.326787207338696
"debt_growth","consumption_growth",11,0.114618637461747,0.0844770834104309,0.0123984707020706,0.0271164359599997,0.209590071573537,0.327190271712858
"debt_growth","consumption_growth",12,0.114739361316856,0.0844720186219346,0.0129301790389341,0.0278116890573843,0.209241580417083,0.32595688763275
"debt_growth","consumption_growth",13,0.114813892670461,0.0849979266376744,0.01338096264352,0.0284473330427085,0.20884713721378,0.324318144618339
"debt_growth","consumption_growth",14,0.114857656910722,0.0851112635129948,0.013779448356914,0.0289242096067244,0.208261560263286,0.322950671044483
"debt_growth","consumption_growth",15,0.114901475886331,0.0860626539733147,0.0142217951713122,0.0296203688252048,0.207073428032647,0.321810923980524
"debt_growth","consumption_growth",16,0.114931767326854,0.0863585768752529,0.0146010005824996,0.0303167923386897,0.206265173679231,0.319670307727001
"debt_growth","consumption_growth",17,0.114977425244914,0.0867438527017036,0.0153020696069042,0.030795653052382,0.205030142435203,0.317438841576894
"debt_growth","consumption_growth",18,0.115024063798123,0.0873260326170936,0.0156227821840026,0.0317276893095528,0.20431843197479,0.316011816164894
"debt_growth","consumption_growth",19,0.115077330512604,0.0879998449445581,0.0159044446798268,0.0321279068108279,0.203568613241197,0.314732989240114
"debt_growth","consumption_growth",20,0.115125144236494,0.0889602973874647,0.0162447790809698,0.0326232317129792,0.201907019902674,0.313002243686067
"debt_growth","consumption_growth",21,0.115172070451701,0.0892384467034678,0.016974278132323,0.033221935341123,0.201178612367477,0.311100891040386
"debt_growth","cpi_growth",1,0.109841716915126,0.0591860538878192,0.000484280787275539,0.00530595115814494,0.228180699832385,0.391205000900946
"debt_growth","cpi_growth",2,0.109319730105313,0.0722533797842692,0.00475043041784934,0.0169354568601961,0.206187847631202,0.345936103594155
"debt_growth","cpi_growth",3,0.108652766804085,0.073510648377334,0.00678399474025962,0.0193936955252736,0.200840182542479,0.337645642663171
"debt_growth","cpi_growth",4,0.110450761251248,0.0820047468038341,0.00925672572662436,0.0237523086164231,0.198983253533099,0.316432359081697
"debt_growth","cpi_growth",5,0.110779477976247,0.080661023578435,0.0101890891093633,0.023695701508515,0.199385608188657,0.324276918443953
"debt_growth","cpi_growth",6,0.112052700963861,0.0819266164545327,0.0105941947350245,0.0243259198453699,0.201473637685516,0.323836110659212
"debt_growth","cpi_growth",7,0.112787093759013,0.081383431202545,0.0108299754627707,0.0249290465999349,0.203115626650969,0.326462430085027
"debt_growth","cpi_growth",8,0.11364619965149,0.0818654204514249,0.0113918586114314,0.0255774878468414,0.20326087728317,0.327893855029172
"debt_growth","cpi_growth",9,0.114138931654942,0.0821493265159501,0.012066891142615,0.0256826479318415,0.204244271361811,0.327998198339035
"debt_growth","cpi_growth",10,0.114592573512654,0.082591946834513,0.0121745180084628,0.0262827203942824,0.205485515260741,0.327303742968763
"debt_growth","cpi_growth",11,0.114861109470704,0.0830972450488188,0.0126191241879428,0.0267061814376215,0.206382414269534,0.330202707627887
"debt_growth","cpi_growth",12,0.115065836446483,0.0835185468844067,0.0127921115453009,0.0274476572206199,0.205513406393547,0.329370185548681
"debt_growth","cpi_growth",13,0.115190966604286,0.0834709607561519,0.0129597829500114,0.0278653087222345,0.205285791946202,0.328034918889108
"debt_growth","cpi_growth",14,0.115281439593313,0.083505997537642,0.0134785806746154,0.0285305752751761,0.204157779383233,0.32658688460463
"debt_growth","cpi_growth",15,0.115322854240687,0.0839037278978927,0.0137291518518397,0.0290300497043605,0.203462378477871,0.326513674142642
"debt_growth","cpi_growth",16,0.115347971404296,0.0846677549491368,0.0139972175935301,0.0298971945823755,0.202477811819172,0.325436894219461
"debt_growth","cpi_growth",17,0.115352410746948,0.0852600965605504,0.0145883151233665,0.0303715249155195,0.201434890865774,0.32430755994593
"debt_growth","cpi_growth",18,0.115354778513786,0.0862877396533979,0.0148933587843724,0.0310363006582986,0.200731938684776,0.32099358329719
"debt_growth","cpi_growth",19,0.115344652478658,0.0874615195833864,0.0154749599921478,0.0315240477482905,0.200611643893686,0.318931968259166
"debt_growth","cpi_growth",20,0.115340601277307,0.0875439330898496,0.0158451556610711,0.0320518576216787,0.201224009076095,0.316350655538475
"debt_growth","cpi_growth",21,0.11533374418535,0.0879238583263999,0.016007450691843,0.0323013147560533,0.201524040873269,0.313148192173939
"debt_growth","saving_rate",1,0.108816963075331,0.0564740813296315,0.000413561489973816,0.0045740072100848,0.227878535294286,0.397302964045583
"debt_growth","saving_rate",2,0.108100640832483,0.06934603789803,0.00494232785671196,0.0160025503534032,0.206565572664762,0.345023325254889
"debt_growth","saving_rate",3,0.108062464501245,0.0743609751594443,0.00665480271489232,0.0190756674891294,0.201731323078816,0.332409982997997
"debt_growth","saving_rate",4,0.110495165919789,0.0826342837315778,0.00931155339572906,0.0247809444837704,0.199572836166224,0.308866309884585
"debt_growth","saving_rate",5,0.111050520263482,0.0812188745690921,0.0100728991348234,0.0245597687534319,0.198290854644331,0.31869059114026
"debt_growth","saving_rate",6,0.112493885111398,0.0838327820399963,0.010411646901399,0.025576134575896,0.202237110888176,0.317743298201048
"debt_growth","saving_rate",7,0.113270560953087,0.0828586557443642,0.010866402770838,0.0256016779921037,0.204041189662401,0.325552945208456
"debt_growth","saving_rate",8,0.114180744785627,0.0843893051934421,0.0111366119968436,0.02660172356979,0.20405446920475,0.32120499879565
"debt_growth","saving_rate",9,0.114579565461715,0.0834550736418416,0.0113381586980577,0.0267831982857952,0.206037100587005,0.32192565647164
"debt_growth","saving_rate",10,0.114868694472837,0.0833775053861116,0.0116548722288601,0.0274259251648052,0.206208528670467,0.326736090331464
"debt_growth","saving_rate",11,0.114978508809472,0.0829088738044214,0.0118822350024783,0.0278841081755064,0.207329055532895,0.325594415445523
"debt_growth","saving_rate",12,0.115022614687486,0.0836493211038589,0.0121523108903203,0.0282524772277049,0.20889101679474,0.324130314392709
"debt_growth","saving_rate",13,0.115041902905053,0.08396933523789,0.0124389151184866,0.0289069463221251,0.208075238873324,0.323200477014448
"debt_growth","saving_rate",14,0.115012514448981,0.0841827911490265,0.0129268966420835,0.0297964157287498,0.207591241003504,0.321724843535349
"debt_growth","saving_rate",15,0.115006453500287,0.0846373395773752,0.0134095613987215,0.0303363242561574,0.207132929083172,0.319710133551982
"debt_growth","saving_rate",16,0.114972475508208,0.0847886892957362,0.0138855860314102,0.031012595765043,0.20513153964296,0.318941829399038
"debt_growth","saving_rate",17,0.114965752801055,0.0854542884389654,0.0142592824686541,0.0317100123383989,0.203929761783647,0.316644932898085
"debt_growth","saving_rate",18,0.114936907196722,0.0861068157533289,0.0149437606696082,0.0323186861923106,0.203129199720431,0.314651125841421
"debt_growth","saving_rate",19,0.114922661713428,0.0861803952453043,0.0153262792349772,0.0330479953382053,0.201688544426616,0.312759081084373
"debt_growth","saving_rate",20,0.114895613207182,0.0866674447694164,0.0157076945378526,0.0333329290748442,0.200736775463124,0.310447613582699
"debt_growth","saving_rate",21,0.114875021375482,0.0866597463785657,0.0159231527443179,0.0337218888013283,0.200569557225434,0.308368427213396
"debt_growth","policy_rate",1,0.120031644822015,0.0815003140184682,0.00179018254896118,0.0127069714029448,0.233459116681317,0.369802832809964
"debt_growth","policy_rate",2,0.127870442167651,0.0962383799668064,0.012412271632077,0.0304249486005748,0.231969640876234,0.349084222392733
"debt_growth","policy_rate",3,0.13235268534113,0.103519814469734,0.0177182125665999,0.0380639961983836,0.230427505888608,0.352008055241543
"debt_growth","policy_rate",4,0.117669578867586,0.0926630842077018,0.0173659011294187,0.0349766459335078,0.203072661318443,0.305501472957849
"debt_growth","policy_rate",5,0.114921867855811,0.090793340818982,0.0176360504937931,0.0355009232200167,0.197367645627061,0.295111417525284
"debt_growth","policy_rate",6,0.105519340112068,0.0832814824361272,0.0164522282184562,0.0322666595159718,0.180328779010633,0.272210688191312
"debt_growth","policy_rate",7,0.0997747480367378,0.0784142980496852,0.0156427412289794,0.0300678252468376,0.170489762528315,0.257875336067338
"debt_growth","policy_rate",8,0.0933221265276191,0.0731371217424961,0.0146819633596188,0.0280785347849831,0.159763986991191,0.242528304771524
"debt_growth","policy_rate",9,0.0898288197501234,0.0701886731339117,0.0145191103590951,0.0271882394737934,0.154157448548669,0.235001425213344
"debt_growth","policy_rate",10,0.0869655754478951,0.0678780950315855,0.0146703292401269,0.0269310618050509,0.148394102818722,0.22766957889229
"debt_growth","policy_rate",11,0.0852881300612141,0.0660962699836189,0.014704937714528,0.0270720147591211,0.144703416760894,0.22407692760741
"debt_growth","policy_rate",12,0.0842742016293986,0.0656060311943409,0.0151468277181139,0.0274668601737879,0.141932172756383,0.219910406074246
"debt_growth","policy_rate",13,0.0835938921845229,0.0654302389843645,0.0153637593720227,0.0277286115573376,0.139489936629376,0.216285622696565
"debt_growth","policy_rate",14,0.0832688526195737,0.0653891713133432,0.0153405560183671,0.0280737360990573,0.138616547103241,0.213600836115988
"debt_growth","policy_rate",15,0.0829610265373837,0.0650570897335084,0.0156394316678214,0.0281194401938816,0.138015359754439,0.210831663061556
"debt_growth","policy_rate",16,0.0828297155912155,0.0654886389468119,0.01579504853201,0.0284943189733157,0.137355484428182,0.20842154836926
"debt_growth","policy_rate",17,0.0825967414538884,0.0654452120351928,0.0158903741938165,0.0286619014056051,0.137342002420338,0.206840028663264
"debt_growth","policy_rate",18,0.0824449854855218,0.0654141029183833,0.0160949881126939,0.028794166888439,0.136348917177617,0.205315986819897
"debt_growth","policy_rate",19,0.0822352429489353,0.0654250336374367,0.016176622287569,0.0291910165567599,0.13635747829057,0.203741734135235
"debt_growth","policy_rate",20,0.0820821213173166,0.0655790691111977,0.0162628158657678,0.029246010983407,0.13617041057786,0.20248001060773
"debt_growth","policy_rate",21,0.081907078755248,0.0657672682196852,0.0162688459627931,0.0292992161915883,0.136125834781972,0.202137458502009
"debt_growth","interest_burden",1,0.11264115663022,0.0633842855672696,0.000666299935218398,0.00591414641725835,0.234856903762104,0.391745639477042
"debt_growth","interest_burden",2,0.110347092489,0.0735785028934537,0.00513805775792381,0.0170474735341804,0.211699012876472,0.338821658966982
"debt_growth","interest_burden",3,0.108779254250264,0.0742371416372867,0.00739841962557223,0.0200764855064774,0.206246318151152,0.322901725771608
"debt_growth","interest_burden",4,0.110262207913357,0.0832705564229344,0.010007593879644,0.0263886769021307,0.200335141911376,0.301915819179077
"debt_growth","interest_burden",5,0.110379718898804,0.0816288439903079,0.010651152303164,0.0263547416803132,0.199538400934266,0.308207412597955
"debt_growth","interest_burden",6,0.111487234217694,0.084081082326408,0.0112671704555638,0.0271236999024361,0.199880057961799,0.311025718429443
"debt_growth","interest_burden",7,0.112136756170985,0.0845776869161741,0.011922076424336,0.0272960420251293,0.2015041558549,0.315300180696449
"debt_growth","interest_burden",8,0.113011738162139,0.0854040262526314,0.0126149891899397,0.027825784505457,0.201778669452735,0.313106526641322
"debt_growth","interest_burden",9,0.113482083129667,0.0850599298429926,0.0128564798271764,0.0281205023502094,0.20377107342631,0.317790907765142
"debt_growth","interest_burden",10,0.113892038902263,0.0856626855233502,0.0131398695019119,0.0284312805108306,0.20374481368049,0.319449517083312
"debt_growth","interest_burden",11,0.11411288349761,0.0847632853308228,0.0134303551564433,0.0289157667827717,0.202689876113458,0.319035958819586
"debt_growth","interest_burden",12,0.114248657007987,0.0849665078015537,0.0135599323818301,0.0294377787095953,0.20197272383617,0.321100307809164
"debt_growth","interest_burden",13,0.114324941568216,0.0852107075998461,0.014258499526952,0.0299763185307717,0.201022819507265,0.320616115564167
"debt_growth","interest_burden",14,0.114338042842939,0.085115878043231,0.0146918423299421,0.0303248170446151,0.200557957248788,0.31961040025489
"debt_growth","interest_burden",15,0.114346003626505,0.0851824451162677,0.0149851564644577,0.031074501322683,0.199900088194145,0.317062630717334
"debt_growth","interest_burden",16,0.114327269198535,0.0856095269867911,0.0154146886997717,0.0314540656244099,0.200230511822168,0.31496530928879
"debt_growth","interest_burden",17,0.114338368317524,0.0856050946863047,0.0158870040663893,0.0318443437027717,0.199287475107716,0.313272687898022
"debt_growth","interest_burden",18,0.114337663497602,0.0860067923430154,0.0162803054023752,0.0324582573716405,0.198260838848472,0.312126646684374
"debt_growth","interest_burden",19,0.114361904830613,0.0869245354761386,0.0164923282361717,0.0331610458044488,0.197866858301246,0.310170477694685
"debt_growth","interest_burden",20,0.114377894105032,0.0873127781699099,0.0166844644747698,0.0336782087919704,0.198124796848328,0.309236565539879
"debt_growth","interest_burden",21,0.114411683147317,0.0876278267391915,0.0172537826277198,0.0341905977650673,0.198385804457656,0.306768052802739
"debt_growth","debt_growth",1,0.108956803875892,0.0580675648457762,0.000497213712254735,0.00558028730946509,0.225760694792021,0.397603514539839
"debt_growth","debt_growth",2,0.107730477330955,0.0688104741674006,0.00518999666410048,0.0173962598008363,0.205814072430062,0.346950858413971
"debt_growth","debt_growth",3,0.107492947888352,0.0718126887721375,0.00719671008822421,0.0198966616143406,0.201089454911342,0.328252880094973
"debt_growth","debt_growth",4,0.109057823288524,0.0799749561848356,0.0094667510598034,0.0239363212141865,0.198268498339925,0.311202358491146
"debt_growth","debt_growth",5,0.109487608202838,0.0785597481187789,0.00987047727235842,0.0240607357359338,0.199567263485935,0.320895494193182
"debt_growth","debt_growth",6,0.110459113618429,0.0805342467382556,0.0106145730717411,0.0251387194745274,0.198792533655296,0.3188546137718
"debt_growth","debt_growth",7,0.111177260978606,0.0807231099251578,0.0107128745024955,0.0249357699378271,0.20121508402217,0.323480823886728
"debt_growth","debt_growth",8,0.111845651740632,0.0817278688590462,0.0110588950806904,0.0258076456791853,0.200727258770924,0.323108264444033
"debt_growth","debt_growth",9,0.112284271584935,0.080885174131527,0.0111877278509277,0.0258192086363338,0.201907524743254,0.32467672354974
"debt_growth","debt_growth",10,0.112584034126723,0.080623616365248,0.0119558570409359,0.0262929312091134,0.202531293838524,0.325599630124532
"debt_growth","debt_growth",11,0.112805260520126,0.0804699003001104,0.0124990541630821,0.0271055248847801,0.202903946678881,0.326730436825081
"debt_growth","debt_growth",12,0.112907482161682,0.081334706968509,0.0130789245041415,0.0274737303245785,0.203403729922814,0.32703381858723
"debt_growth","debt_growth",13,0.113001725726244,0.0816383812406369,0.0133000710639837,0.0279740935943395,0.203434650404571,0.325071837018918
"debt_growth","debt_growth",14,0.113042521334348,0.0822072482098511,0.0137496506936551,0.028592348250429,0.202223338092295,0.324320359429124
"debt_growth","debt_growth",15,0.113106118944775,0.0827783337182824,0.0141905998822946,0.0289589280046558,0.201045761212928,0.321514927829478
"debt_growth","debt_growth",16,0.113147935755641,0.0831105081225124,0.01467213593421,0.0296057261228418,0.200534877867417,0.319287989751259
"debt_growth","debt_growth",17,0.113211087135842,0.0836526230186042,0.0151251733367604,0.029962461960291,0.199352147063951,0.317042768009352
"debt_growth","debt_growth",18,0.113264620057461,0.0839508150151057,0.0154012430651918,0.0305685945608852,0.199284471192014,0.317851858998907
"debt_growth","debt_growth",19,0.113326598799111,0.0846651365685377,0.0156824558433659,0.0311025176140478,0.198563004764771,0.31570099064808
"debt_growth","debt_growth",20,0.113379989320009,0.0850203351419963,0.0160159158314964,0.0315094228931062,0.197581888795731,0.314736100301891
"debt_growth","debt_growth",21,0.113427938514471,0.085853901941376,0.0162935140644432,0.0320740669559434,0.197527805394578,0.31270286520465
"debt_growth","real_house_price_growth",1,0.109117523138738,0.0564093130811838,0.000465134580779644,0.00543858319916749,0.226287936773609,0.392625823380551
"debt_growth","real_house_price_growth",2,0.108409676513929,0.0697740099363469,0.00519746340389042,0.0167806850822595,0.20600206479294,0.347662310745414
"debt_growth","real_house_price_growth",3,0.107661892649553,0.0739776089876543,0.00708715305129545,0.0189158914829565,0.200729247887336,0.335228438151901
"debt_growth","real_house_price_growth",4,0.109544991450857,0.0820363017209517,0.00991722427995493,0.0237343926668272,0.197103057072327,0.309300480954499
"debt_growth","real_house_price_growth",5,0.109787365626156,0.0807612127572518,0.0106333921984316,0.0238370027977736,0.198747301294643,0.314344429831779
"debt_growth","real_house_price_growth",6,0.110943327577309,0.0830716706243676,0.0106000342093353,0.0248211923027859,0.199430938368151,0.312019917221117
"debt_growth","real_house_price_growth",7,0.111635743150437,0.0819090564106846,0.0109419623562312,0.0249842555178952,0.200151769547511,0.319453778175022
"debt_growth","real_house_price_growth",8,0.112449356356005,0.0833787106085249,0.0114304041055576,0.0253851816234392,0.202399874474774,0.319630104362957
"debt_growth","real_house_price_growth",9,0.112870211492123,0.0825696764740425,0.011798299814711,0.0258403681398975,0.202417056923975,0.321812919390023
"debt_growth","real_house_price_growth",10,0.113233779166279,0.0830190827226109,0.0122887058114649,0.0261303402460062,0.203650087293802,0.323781681215648
"debt_growth","real_house_price_growth",11,0.113419763508462,0.0829396302638109,0.0126749525071779,0.0265282907113668,0.204015646245758,0.32495334815062
"debt_growth","real_house_price_growth",12,0.113531510987,0.0832116145423718,0.0129800298755124,0.0273775184600412,0.20369413898132,0.325403510530677
"debt_growth","real_house_price_growth",13,0.113582120354779,0.0829857103905724,0.013547488560898,0.0279437646146075,0.203252807505024,0.325823031498606
"debt_growth","real_house_price_growth",14,0.113602273501719,0.0832463660586908,0.0137772359171535,0.0285440754038514,0.203190792780663,0.32472827049647
"debt_growth","real_house_price_growth",15,0.113608908736397,0.0841645543099393,0.0143103986079536,0.0289228377642555,0.200927669725312,0.323278114582424
"debt_growth","real_house_price_growth",16,0.113603305385372,0.0841878127949657,0.0148147181946911,0.0297136550881175,0.198725259678412,0.320565737804976
"debt_growth","real_house_price_growth",17,0.113609313640361,0.0842691411517985,0.015088430978753,0.0302436800257496,0.197911945210016,0.318416352872094
"debt_growth","real_house_price_growth",18,0.113614350498867,0.0850875989761742,0.0153246951757296,0.0307828385704547,0.197176248113406,0.315826739241185
"debt_growth","real_house_price_growth",19,0.113628156381213,0.0858756754216808,0.0154654384919539,0.0313941414377343,0.196917346438364,0.314128236140864
"debt_growth","real_house_price_growth",20,0.11363910447316,0.0861962482271762,0.0158249409817132,0.031673882981702,0.196389487558824,0.312433825547569
"debt_growth","real_house_price_growth",21,0.113655704463953,0.0866383804054526,0.0159369715750876,0.0322636566575128,0.195847144994783,0.309800144048678
"debt_growth","asset_liability_ratio",1,0.108632385115204,0.0571311346682496,0.000477300869875533,0.00508418949338682,0.226046138266384,0.393230362210916
"debt_growth","asset_liability_ratio",2,0.107763946861391,0.0683136681200555,0.00481705330627803,0.0167845746662216,0.204988944283309,0.343535470223752
"debt_growth","asset_liability_ratio",3,0.107258602833401,0.0705751848437945,0.00713734328082207,0.0187504220740922,0.201382254605581,0.329330637425174
"debt_growth","asset_liability_ratio",4,0.109209823979006,0.0788792471118561,0.00978744459988956,0.0234081792126965,0.200148721012745,0.310429914352023
"debt_growth","asset_liability_ratio",5,0.109465255755124,0.0782992972821967,0.0103762728328056,0.0240151478978481,0.200535964206769,0.313128591631618
"debt_growth","asset_liability_ratio",6,0.11079276860669,0.0809166255375884,0.0108047213953702,0.0248654694333749,0.204403514494023,0.312209216340327
"debt_growth","asset_liability_ratio",7,0.111507768531828,0.080895180312169,0.0110372435555914,0.0251461022511779,0.20332004195007,0.317881281256178
"debt_growth","asset_liability_ratio",8,0.112414946331198,0.0824046520329773,0.0114831551803633,0.0254555889244416,0.202965894902142,0.321212489830805
"debt_growth","asset_liability_ratio",9,0.112887975114591,0.0823083513586546,0.0119032950990275,0.0261037051120741,0.204656545330543,0.324902043825502
"debt_growth","asset_liability_ratio",10,0.113340981566098,0.0829358827470421,0.0120890386353529,0.0263513915349566,0.205968538642964,0.325429713096176
"debt_growth","asset_liability_ratio",11,0.113624282350424,0.0835970273295282,0.0123909934134819,0.0269626132061635,0.20719911737315,0.324972318077076
"debt_growth","asset_liability_ratio",12,0.113829677196712,0.0835624663642751,0.0128604927887036,0.0276432265753946,0.2065611098769,0.32266123924325
"debt_growth","asset_liability_ratio",13,0.113993709440317,0.0834850982760146,0.0135391921563358,0.028076747560311,0.204912461845845,0.323029912955544
"debt_growth","asset_liability_ratio",14,0.114106192067449,0.0833808412476325,0.0137204334134424,0.0287976885293424,0.204438097820295,0.321141123157461
"debt_growth","asset_liability_ratio",15,0.114219330813883,0.08392872054276,0.0141042376810406,0.0294060575994029,0.20407416259873,0.318774104367901
"debt_growth","asset_liability_ratio",16,0.114297688022132,0.0843941583587256,0.0145136005139158,0.0299974069620864,0.203505287171968,0.316908858476018
"debt_growth","asset_liability_ratio",17,0.114392685720324,0.084417747522541,0.0148890935495332,0.0305879400823259,0.202938519696257,0.315192029417277
"debt_growth","asset_liability_ratio",18,0.114464483444785,0.0852738367059806,0.0150811104444379,0.0312227369451924,0.202275227172539,0.314688118504343
"debt_growth","asset_liability_ratio",19,0.114542863318902,0.0857362897667983,0.0152587647322749,0.0319062272351828,0.201487320624234,0.313146786040163
"debt_growth","asset_liability_ratio",20,0.11460260015733,0.0866655752805496,0.0158864893384965,0.032627352182968,0.201184656843188,0.313006180854937
"debt_growth","asset_liability_ratio",21,0.11466357043567,0.0873558769165582,0.0162632985235783,0.033159475359931,0.200523330510902,0.312324532396584
"real_house_price_growth","gdp_growth",1,0.108035029789382,0.0572053209178236,0.000458057378026523,0.00556606759570694,0.224022592743976,0.388886213470757
"real_house_price_growth","gdp_growth",2,0.107030391448702,0.0646486030653815,0.00402673847058232,0.0139957240531443,0.209378364463575,0.357479394011608
"real_house_price_growth","gdp_growth",3,0.110310756094318,0.0820642952979045,0.0105866691215432,0.0254119291681424,0.198880077622599,0.314426931223861
"real_house_price_growth","gdp_growth",4,0.111448390165632,0.0852042696700496,0.0138176651800198,0.0292973924558111,0.196983277427574,0.299833602279191
"real_house_price_growth","gdp_growth",5,0.11195800127347,0.0860974243646362,0.015073576466298,0.0318739668000011,0.195942743133689,0.295033038737478
"real_house_price_growth","gdp_growth",6,0.112203385141335,0.0875735118517939,0.0167337879936785,0.0341630909269999,0.193793436234838,0.291236399918462
"real_house_price_growth","gdp_growth",7,0.112071275859978,0.0883546242741218,0.0176620760626272,0.0348419376665814,0.19335349159705,0.286689741181026
"real_house_price_growth","gdp_growth",8,0.111952782694211,0.0890950889789432,0.0186096078252695,0.0355417785203806,0.192632850548474,0.283176615682547
"real_house_price_growth","gdp_growth",9,0.111852818290311,0.0892699939791579,0.019478165701039,0.0362259271115441,0.192671949269946,0.283569339218617
"real_house_price_growth","gdp_growth",10,0.111868546558646,0.0898361532568123,0.0198950098738541,0.036788771621712,0.191882539647046,0.280728219420663
"real_house_price_growth","gdp_growth",11,0.111840048269446,0.0903696920309512,0.020343072512147,0.0372770784304584,0.191167207840386,0.280443780125813
"real_house_price_growth","gdp_growth",12,0.111854490793653,0.0906945535918803,0.0208185062660147,0.0376056706667664,0.190596249307617,0.278585415359915
"real_house_price_growth","gdp_growth",13,0.111870103081183,0.0908410574732229,0.0212592728720218,0.0379144635746769,0.189996460806966,0.277561926462677
"real_house_price_growth","gdp_growth",14,0.111912300974892,0.0911750535747847,0.0213860650392728,0.0383768779724594,0.189676254025891,0.278454571540606
"real_house_price_growth","gdp_growth",15,0.111934022647076,0.0913003126184502,0.0215253524927338,0.0386520352803527,0.189378017582366,0.277826695790981
"real_house_price_growth","gdp_growth",16,0.111962105898993,0.0914507798860489,0.0217291615670691,0.0388810657412663,0.189305506065194,0.277425533139218
"real_house_price_growth","gdp_growth",17,0.111980408871927,0.0914510960730814,0.0220334599260126,0.0390682875797403,0.188695925743069,0.276318523446423
"real_house_price_growth","gdp_growth",18,0.112006114453845,0.0914355060713262,0.0223245263848005,0.0391712998589543,0.188121232999146,0.275028825437071
"real_house_price_growth","gdp_growth",19,0.112023082940178,0.0914433923678038,0.022379756558575,0.0393866681560608,0.187808461565678,0.274826204808478
"real_house_price_growth","gdp_growth",20,0.112042768738594,0.0914312711061076,0.0225328624566221,0.0397129572889992,0.187433210849072,0.273756924176209
"real_house_price_growth","gdp_growth",21,0.112055248155061,0.0915925447797685,0.0227332763818881,0.0399963673827804,0.186962225267541,0.273176414623048
"real_house_price_growth","consumption_growth",1,0.109351487140369,0.0577468595874356,0.000506634757305039,0.00549267737574816,0.225786839910232,0.397092554346717
"real_house_price_growth","consumption_growth",2,0.107925964098491,0.0636151051239478,0.00349488186031755,0.013556239180672,0.210364595078938,0.377175788680709
"real_house_price_growth","consumption_growth",3,0.111108462210952,0.0799775973994547,0.00967470945706423,0.0245164910788726,0.202012364708499,0.319358194952494
"real_house_price_growth","consumption_growth",4,0.112066512126904,0.084164604667841,0.0124838423106094,0.0285137539635265,0.200928086872029,0.301657199741978
"real_house_price_growth","consumption_growth",5,0.112661386421147,0.0855574969052749,0.0139923883019184,0.0305268932992644,0.201332913176463,0.296590466100498
"real_house_price_growth","consumption_growth",6,0.112928756710732,0.0872283510588934,0.0156622429569068,0.0323362404756854,0.199401085468913,0.294281908996775
"real_house_price_growth","consumption_growth",7,0.112826310958628,0.0883849863529584,0.0165610563867115,0.0332575166478007,0.197506120514805,0.286703688684966
"real_house_price_growth","consumption_growth",8,0.112698444882565,0.0886538940279953,0.0174131226641,0.0338837826417896,0.196714656013704,0.283750580872682
"real_house_price_growth","consumption_growth",9,0.112591433239788,0.0891283545990489,0.0181558681536048,0.0348213879967464,0.195338232324616,0.282065681342714
"real_house_price_growth","consumption_growth",10,0.112599586955021,0.0895722504634101,0.018646093950601,0.0354712840821029,0.194995852491914,0.281368603707319
"real_house_price_growth","consumption_growth",11,0.112520997748525,0.0896304081893955,0.019044163775664,0.0359632180939099,0.194070094179483,0.279872926417315
"real_house_price_growth","consumption_growth",12,0.112506700918302,0.0902329986289191,0.0193135429714963,0.0365640182602646,0.193158220152762,0.27899055223534
"real_house_price_growth","consumption_growth",13,0.112511066900605,0.0904963030340708,0.0194962519830679,0.0368426713678281,0.192737087837995,0.27804621901001
"real_house_price_growth","consumption_growth",14,0.112567844342708,0.091062938845322,0.019643298228098,0.0371731979481455,0.19217084622984,0.276908493008468
"real_house_price_growth","consumption_growth",15,0.112599845963259,0.0916375496463149,0.0199111519815518,0.0374211123617482,0.191575889974318,0.275076068020721
"real_house_price_growth","consumption_growth",16,0.112642949409807,0.0918672241475899,0.0202436320097945,0.0376947775432224,0.191137379096898,0.274517725213866
"real_house_price_growth","consumption_growth",17,0.112676205318655,0.0922288085240607,0.0203920395374146,0.0377540921131235,0.190820574149121,0.272854968788774
"real_house_price_growth","consumption_growth",18,0.112713047278798,0.0926092477079762,0.0206165478218354,0.0379261524196624,0.190701937948653,0.273126883876883
"real_house_price_growth","consumption_growth",19,0.112737211311085,0.0926567070817582,0.0208202459806182,0.0380359921793132,0.190796167593345,0.272152600737414
"real_house_price_growth","consumption_growth",20,0.112758707824174,0.0926900617630387,0.0210307379556338,0.0382828370156837,0.190784559722929,0.271512344570953
"real_house_price_growth","consumption_growth",21,0.112775421400107,0.0928988917831094,0.021326494879101,0.0386402072995803,0.190818713666234,0.270871633789884
"real_house_price_growth","cpi_growth",1,0.111249883374247,0.0590257653026272,0.000527844468386002,0.0058431474004182,0.222746964909214,0.403426629232204
"real_house_price_growth","cpi_growth",2,0.109558558375753,0.0632908339705974,0.00399643309922581,0.0137854918722774,0.213297941916365,0.375456574783919
"real_house_price_growth","cpi_growth",3,0.112368099464037,0.0805525863350087,0.010032429658336,0.0245354064088625,0.204107702078918,0.328654925287071
"real_house_price_growth","cpi_growth",4,0.113084579609042,0.0842475116212756,0.0127120513319801,0.0277914007456578,0.202780246655994,0.313967456022308
"real_house_price_growth","cpi_growth",5,0.113621661485959,0.0862742722669891,0.014390743926349,0.0300130965679456,0.202512528178022,0.306363608357722
"real_house_price_growth","cpi_growth",6,0.113916156169158,0.0882857042953748,0.0159362010470005,0.0323162369627147,0.200336334970362,0.304118489452432
"real_house_price_growth","cpi_growth",7,0.113775652465883,0.0891973776506076,0.016691068802402,0.0332209505239139,0.198580583039622,0.298520052777896
"real_house_price_growth","cpi_growth",8,0.113552834870466,0.0896639976988291,0.0175658522414122,0.0341217965285002,0.196684597575807,0.294440706072451
"real_house_price_growth","cpi_growth",9,0.113400629253284,0.0900613738196298,0.0183541137760239,0.0346065882325248,0.195493019691971,0.292047755758841
"real_house_price_growth","cpi_growth",10,0.113341985266634,0.0903603343440442,0.0189050859538324,0.0351759602588234,0.195018765108818,0.289330465635204
"real_house_price_growth","cpi_growth",11,0.113271422513237,0.0905318230590352,0.0191846655554333,0.0358504691180916,0.194774452209086,0.28636057133924
"real_house_price_growth","cpi_growth",12,0.113240734518896,0.0909173117772689,0.0194543287587159,0.0363356371206609,0.194686869627258,0.285338011942787
"real_house_price_growth","cpi_growth",13,0.113242345442425,0.0909733353743011,0.0198489017531059,0.0366336684592001,0.194389227596704,0.283401995878104
"real_house_price_growth","cpi_growth",14,0.113257509411297,0.0915638817289224,0.0202102422455422,0.0368868289922262,0.194284058024796,0.281962594450704
"real_house_price_growth","cpi_growth",15,0.113268737582443,0.0917447171222388,0.020347822676411,0.0371464831160667,0.194059927872026,0.281807451642319
"real_house_price_growth","cpi_growth",16,0.113280958089107,0.0917587321503292,0.0204522060149722,0.0372813580818406,0.194147793964067,0.280921799116642
"real_house_price_growth","cpi_growth",17,0.113295610275721,0.091919983101213,0.0206233607797469,0.0375429617682969,0.194023936503138,0.280256807677613
"real_house_price_growth","cpi_growth",18,0.113306178444392,0.0919839630286828,0.0207304644967381,0.037636797582146,0.193491965891261,0.279108570116238
"real_house_price_growth","cpi_growth",19,0.113316861292414,0.0921892128863794,0.0209145200032764,0.0378939264632919,0.193134136079457,0.278272706790026
"real_house_price_growth","cpi_growth",20,0.113327741179191,0.0923558783603375,0.0211351719959799,0.0380380931828525,0.192834118150192,0.277441896050459
"real_house_price_growth","cpi_growth",21,0.113341261371988,0.0925296941899531,0.0212595115769485,0.0382050030090625,0.192296101308159,0.276984262095109
"real_house_price_growth","saving_rate",1,0.110988539885938,0.0597328693205817,0.000549163593962504,0.00587606680339944,0.231986909951331,0.399653452194236
"real_house_price_growth","saving_rate",2,0.109303134465514,0.0628639166029508,0.00384136948175131,0.0139937003715706,0.220115857094798,0.370844116396116
"real_house_price_growth","saving_rate",3,0.113665437455017,0.0816502349890349,0.0115815486613994,0.0260368933805832,0.204787641802539,0.327652702504615
"real_house_price_growth","saving_rate",4,0.114956450380356,0.0869390492067982,0.0146691705660979,0.030105380133937,0.204995542510891,0.311933277330715
"real_house_price_growth","saving_rate",5,0.115643697692952,0.0888825072984941,0.0165064204739325,0.0321581120979552,0.20488945389545,0.30454912855551
"real_house_price_growth","saving_rate",6,0.115822812229538,0.0907662475640232,0.0176810718281309,0.033721994857556,0.203368736280386,0.300634921822404
"real_house_price_growth","saving_rate",7,0.115636512824639,0.0918313966385252,0.0183834848766285,0.0347741550406206,0.202172439897123,0.296094222362861
"real_house_price_growth","saving_rate",8,0.115387232322552,0.0919017759913249,0.0189858067042407,0.0353311603249333,0.201161682497727,0.293284413232455
"real_house_price_growth","saving_rate",9,0.115223512522855,0.0921568604719847,0.0194089819402065,0.0359989553090662,0.200275736413905,0.289942369754452
"real_house_price_growth","saving_rate",10,0.11520939609737,0.0927570144187237,0.0197641084406665,0.0363338213550182,0.199415456255183,0.287530905387145
"real_house_price_growth","saving_rate",11,0.115134043689114,0.0928643326158285,0.0202431091593799,0.036935535775377,0.198952375276981,0.286208088196573
"real_house_price_growth","saving_rate",12,0.115165080973678,0.0930823408717604,0.0204229456584329,0.0371378340659956,0.198560844368144,0.284674024311323
"real_house_price_growth","saving_rate",13,0.115180054683583,0.0930257206400931,0.0207109933200896,0.0375068172912592,0.198716752234874,0.283053869125378
"real_house_price_growth","saving_rate",14,0.115236182402516,0.0928608531685798,0.0210392182376236,0.0377711179273898,0.198061128413707,0.281828558241616
"real_house_price_growth","saving_rate",15,0.115251252181215,0.0929357469607583,0.0215007820798672,0.0381377654501594,0.197390670981936,0.28366331088568
"real_house_price_growth","saving_rate",16,0.115274012619762,0.0929748805878942,0.0216211861273605,0.038456209189035,0.197335462333897,0.281969968017083
"real_house_price_growth","saving_rate",17,0.115270979764867,0.0932931682847807,0.0220168004723036,0.0388240599319062,0.196680754151465,0.282404153260896
"real_house_price_growth","saving_rate",18,0.115267279466871,0.0935475646188725,0.0222810798656881,0.0391692438203066,0.196433980144139,0.282712616136213
"real_house_price_growth","saving_rate",19,0.115258062907741,0.0937687017826829,0.0224595665612605,0.0394050122937416,0.19606249256775,0.281436800481898
"real_house_price_growth","saving_rate",20,0.115248226176328,0.0939686163463911,0.0226434635368101,0.0396947905112442,0.19571595222035,0.280799135035113
"real_house_price_growth","saving_rate",21,0.115238652648905,0.0940692925988414,0.0226939505722001,0.0398901241008509,0.195216648273833,0.280524840411024
"real_house_price_growth","policy_rate",1,0.118962809374224,0.0700592710382701,0.000618102299952794,0.00713302437318595,0.247278713702136,0.401931658504067
"real_house_price_growth","policy_rate",2,0.13297894938658,0.0898506058714069,0.00684138180023312,0.0215117186486961,0.258492440230742,0.397191789186673
"real_house_price_growth","policy_rate",3,0.106949924326996,0.0751222487301203,0.0101124987838653,0.0234010320450253,0.19882081942819,0.303777821334444
"real_house_price_growth","policy_rate",4,0.100003850236963,0.0712815726768879,0.0115900548423754,0.0251516547159207,0.183028002307394,0.277492051534938
"real_house_price_growth","policy_rate",5,0.0953225312958876,0.0695773239213568,0.0125988761587268,0.0263734522515254,0.170925819236412,0.259418432888767
"real_house_price_growth","policy_rate",6,0.0932039759919875,0.0686590147466684,0.0133429888983964,0.0267206794575411,0.166211916283928,0.252247918168829
"real_house_price_growth","policy_rate",7,0.0940695242871988,0.0707761800601657,0.0148913553322851,0.0284283993807631,0.165740954971538,0.248984136925373
"real_house_price_growth","policy_rate",8,0.0953356510632658,0.0727949053719568,0.0155880366372089,0.0297259879096433,0.167286282340961,0.248131386954803
"real_house_price_growth","policy_rate",9,0.0962291911508565,0.0747597432371532,0.0164229604410867,0.0307967257781205,0.166729733658463,0.245748203250221
"real_house_price_growth","policy_rate",10,0.0962490909313299,0.0752922609382938,0.0169257395448087,0.0312289210877143,0.166132989879609,0.244768895059767
"real_house_price_growth","policy_rate",11,0.0968131762942499,0.0760256622828258,0.0177036530591841,0.0319438060449868,0.166149617065547,0.243627416258198
"real_house_price_growth","policy_rate",12,0.0968482657521525,0.0767539828499966,0.0180705490733025,0.0320993407248396,0.166160524942352,0.24334241429633
"real_house_price_growth","policy_rate",13,0.0968035405382386,0.0769976552071221,0.0182520387540836,0.0324455660078217,0.165820796670063,0.241796611111278
"real_house_price_growth","policy_rate",14,0.0964627495451596,0.0768443606760017,0.0183439554114802,0.0325663075903325,0.164947462023344,0.240291769914208
"real_house_price_growth","policy_rate",15,0.0962897001839081,0.076926603091443,0.0186280676349875,0.0328090399900462,0.164398387972671,0.239433432807704
"real_house_price_growth","policy_rate",16,0.0960412109739846,0.0768464836345931,0.0187741006018345,0.03293409516568,0.163724362588839,0.238445899100518
"real_house_price_growth","policy_rate",17,0.0958753885658532,0.0769083504175703,0.0188676949393005,0.0330013709750558,0.163705918836747,0.237360828680628
"real_house_price_growth","policy_rate",18,0.095710627137825,0.0767912986698122,0.0189072095307537,0.0330963640623808,0.162981506175716,0.236229183139117
"real_house_price_growth","policy_rate",19,0.0956110205938427,0.0768111783254888,0.0190113195615693,0.0331486883728381,0.1627244743573,0.235525571630021
"real_house_price_growth","policy_rate",20,0.095523537922489,0.0769777609983124,0.0191809042391038,0.0331775438336905,0.162173472062142,0.235133160186531
"real_house_price_growth","policy_rate",21,0.095463842959765,0.0769898658365798,0.0192761914037603,0.0332171345651819,0.162238328527756,0.235069346109765
"real_house_price_growth","interest_burden",1,0.108727755591463,0.0571201688173045,0.000559721073190349,0.00555033804256717,0.229403132175889,0.390778367549603
"real_house_price_growth","interest_burden",2,0.105972618282883,0.0616356228623958,0.00344026740792364,0.0126314091098614,0.211617533397211,0.353666851942758
"real_house_price_growth","interest_burden",3,0.110066576585626,0.0793407155917796,0.0103234848041564,0.0260996744779933,0.199763026869787,0.315871307736569
"real_house_price_growth","interest_burden",4,0.111109856716881,0.0844572243639939,0.0130352559556134,0.0294171540740207,0.198255832558402,0.305628478528047
"real_house_price_growth","interest_burden",5,0.112035815295606,0.0862335033170759,0.0151150588599733,0.03147818817939,0.197193354146094,0.301013188723532
"real_house_price_growth","interest_burden",6,0.112368701154492,0.0868224689318383,0.016786937763228,0.0334173258611209,0.195794014939082,0.294967253084047
"real_house_price_growth","interest_burden",7,0.112342163587267,0.0875845291711345,0.017635438748946,0.0346144223874923,0.194248002319971,0.289255686253656
"real_house_price_growth","interest_burden",8,0.112204833799205,0.0880161022088205,0.0182448241232366,0.0351432999915254,0.193677774698934,0.284152522816726
"real_house_price_growth","interest_burden",9,0.112069741580121,0.088273786760708,0.0185773979296646,0.0357795300596911,0.19277557364232,0.282454989215478
"real_house_price_growth","interest_burden",10,0.112029183023178,0.0886061613761882,0.0191019075511973,0.0363565176910064,0.191828587919667,0.281162640540221
"real_house_price_growth","interest_burden",11,0.111900949718872,0.0887138088092327,0.0194658112915777,0.0368160937328609,0.191302622049136,0.279211865706543
"real_house_price_growth","interest_burden",12,0.111869102579788,0.0888725306314068,0.0196599231544241,0.0371199067114678,0.190602092459745,0.279125837012702
"real_house_price_growth","interest_burden",13,0.111838361536942,0.0893553605488313,0.0199586096138268,0.0375056053636934,0.18930910965447,0.278981933759057
"real_house_price_growth","interest_burden",14,0.111862745445174,0.0895316592930037,0.0202881883513556,0.0379421123151719,0.18973747005405,0.278594766277098
"real_house_price_growth","interest_burden",15,0.111864339833655,0.089645739452799,0.0206814971802308,0.0383394628450897,0.18925511167769,0.276821686626648
"real_house_price_growth","interest_burden",16,0.111891478595632,0.0898527025135278,0.0208138943793945,0.0386651660212588,0.189232045489336,0.276827572407155
"real_house_price_growth","interest_burden",17,0.111905494303791,0.0900568684664882,0.0210512490386036,0.0390074432639251,0.188398861880454,0.277853867222893
"real_house_price_growth","interest_burden",18,0.111925474840397,0.0901460759070506,0.0212207390168632,0.0393144788215126,0.188574827921337,0.277140535631436
"real_house_price_growth","interest_burden",19,0.111932016937752,0.0903378712354863,0.0213292858697359,0.0394878463204029,0.188217682945124,0.276539722261416
"real_house_price_growth","interest_burden",20,0.111942224635848,0.0902578899748064,0.0216268408272525,0.0396986187788306,0.188221797843153,0.27517100801057
"real_house_price_growth","interest_burden",21,0.111946380131181,0.0904121795920604,0.0217869116062666,0.0397426664055199,0.188147611826305,0.27432820979366
"real_house_price_growth","debt_growth",1,0.110380901663088,0.0582112758518039,0.000540271205479213,0.00545678618789481,0.234697811482323,0.390428474390228
"real_house_price_growth","debt_growth",2,0.108950474914014,0.0660202870607401,0.00400387387776955,0.0132896199928173,0.217023052129685,0.361371398852407
"real_house_price_growth","debt_growth",3,0.111023726343263,0.0820104363555161,0.010136357050104,0.0251324956346941,0.198607898983958,0.3139075642999
"real_house_price_growth","debt_growth",4,0.111527499793778,0.0859955954320024,0.0128319609653723,0.0287592462051413,0.195043779622884,0.297257723728961
"real_house_price_growth","debt_growth",5,0.11186201909821,0.0873779787008108,0.0144262777574033,0.0307556263750177,0.195303479485479,0.292830865559399
"real_house_price_growth","debt_growth",6,0.112183295034645,0.088708025899007,0.0159054660962552,0.0325381017767104,0.194683683141621,0.286329430316382
"real_house_price_growth","debt_growth",7,0.112062146521414,0.0900174939003819,0.0170439182054619,0.0340571868038216,0.194371793590528,0.282130293039963
"real_house_price_growth","debt_growth",8,0.111938152850482,0.0900926865966798,0.0180489727676213,0.0347914586176279,0.193341382486416,0.279912134090576
"real_house_price_growth","debt_growth",9,0.111860787433017,0.0905207071225224,0.0186094346482598,0.0355708651814075,0.193107933819259,0.278818979830931
"real_house_price_growth","debt_growth",10,0.111873168891276,0.090831739850606,0.0188752361744305,0.0363092662676395,0.191983700876657,0.276761871685894
"real_house_price_growth","debt_growth",11,0.111815721695043,0.0910153149034336,0.0192138323129533,0.0368469655078933,0.190550044896454,0.275628157884837
"real_house_price_growth","debt_growth",12,0.111811173585036,0.0911975150447214,0.0197654540465084,0.0372243192660942,0.190389162674877,0.274278248972503
"real_house_price_growth","debt_growth",13,0.111820034900386,0.0916709289485138,0.0201759803362326,0.0377804281769623,0.190419207438742,0.273249983878229
"real_house_price_growth","debt_growth",14,0.111860920775648,0.091647651930424,0.0204561777481676,0.0380363926412522,0.190483532905496,0.27250553479994
"real_house_price_growth","debt_growth",15,0.11189726485628,0.0919182931435648,0.0205894298330335,0.0385705037436456,0.190490165548689,0.271897432577269
"real_house_price_growth","debt_growth",16,0.111936770497822,0.0917499993472402,0.0208531749791586,0.0387719341397726,0.190254976476202,0.271352749730917
"real_house_price_growth","debt_growth",17,0.11196899378804,0.0921539902518091,0.0210536200650656,0.0391675230996486,0.189682026031935,0.271019719528692
"real_house_price_growth","debt_growth",18,0.111991194752881,0.0921108374293901,0.0213261375700719,0.0393176725354109,0.189119960249302,0.270407403161394
"real_house_price_growth","debt_growth",19,0.112008061428483,0.0922363067874101,0.0214787245196351,0.0393657185267829,0.18903940330691,0.269847489622151
"real_house_price_growth","debt_growth",20,0.112015785897975,0.0921258792609269,0.0216694157779095,0.0395173621135964,0.188768400073367,0.270069281517445
"real_house_price_growth","debt_growth",21,0.112020362868887,0.0924251373162331,0.0217981478866583,0.0396570144307756,0.188752226773021,0.269601311728746
"real_house_price_growth","real_house_price_growth",1,0.112665461332699,0.0612761279109175,0.000716312631586588,0.00612752085590102,0.23156245332743,0.401640628078061
"real_house_price_growth","real_house_price_growth",2,0.110384350382823,0.0649071974828218,0.00406254783344261,0.0142674070383777,0.219459961377866,0.369269183899086
"real_house_price_growth","real_house_price_growth",3,0.11324861557002,0.0823214900196822,0.0108562442357736,0.0269032965407419,0.209145245665395,0.322387201108695
"real_house_price_growth","real_house_price_growth",4,0.113895485405452,0.0857840154336919,0.014219723264832,0.0302325476804432,0.204612795843454,0.307261557581748
"real_house_price_growth","real_house_price_growth",5,0.114327285390237,0.0864279129408559,0.0157868925150299,0.0324650789775846,0.203512529504472,0.30253861168729
"real_house_price_growth","real_house_price_growth",6,0.114476139298125,0.0885059508205831,0.0172573245278193,0.0340200860216096,0.201867318006935,0.300004773448066
"real_house_price_growth","real_house_price_growth",7,0.114352526159435,0.0893951582136163,0.018377332789622,0.0348625513059313,0.199637500430841,0.294585223878399
"real_house_price_growth","real_house_price_growth",8,0.114175670746357,0.0898755584275466,0.0189054907013109,0.0355215270925626,0.199124604915391,0.290856846786669
"real_house_price_growth","real_house_price_growth",9,0.114060683041861,0.0902645579068732,0.0194800443794864,0.0361852184154182,0.197692634846573,0.288218230317402
"real_house_price_growth","real_house_price_growth",10,0.114027001770466,0.0905810021405252,0.0200265395356745,0.0367838414319926,0.196544467955322,0.286215938516795
"real_house_price_growth","real_house_price_growth",11,0.113918617761343,0.0904376587097552,0.0207702260991897,0.0373028271696392,0.195574384487717,0.284440075707824
"real_house_price_growth","real_house_price_growth",12,0.113875101660128,0.0907922914843873,0.0211123096982115,0.0377840589610933,0.194609140712859,0.283385380060459
"real_house_price_growth","real_house_price_growth",13,0.113859576901244,0.0907193891026807,0.021416039508901,0.0383623001860162,0.193301816780307,0.281228564057704
"real_house_price_growth","real_house_price_growth",14,0.113886903228852,0.0913680190938279,0.0215291308463809,0.0387928623751722,0.193055617187275,0.280444908271894
"real_house_price_growth","real_house_price_growth",15,0.113897791110938,0.0917589979743809,0.0219486973784571,0.0392149940135124,0.192542664447728,0.280362242279112
"real_house_price_growth","real_house_price_growth",16,0.113922570483799,0.0919989494787876,0.0223469551986556,0.0394879900254965,0.192565984583131,0.280020441073568
"real_house_price_growth","real_house_price_growth",17,0.113940117363605,0.0920113862638958,0.0225953098617113,0.0396642561371422,0.193367793594637,0.278794511532146
"real_house_price_growth","real_house_price_growth",18,0.11395789136758,0.0922024470827832,0.0226852615140955,0.0398410034064112,0.193821691740617,0.279086579332912
"real_house_price_growth","real_house_price_growth",19,0.113965533853171,0.0924462561196429,0.0228865312072429,0.0400647463572232,0.193638420665523,0.277435716735829
"real_house_price_growth","real_house_price_growth",20,0.113972276470477,0.0924580375723295,0.0231362786909201,0.0404282131883743,0.193851290816302,0.276924473516312
"real_house_price_growth","real_house_price_growth",21,0.113975851652672,0.0924246246773526,0.0232065355023116,0.0404600133267327,0.193388211940309,0.27643983759189
"real_house_price_growth","asset_liability_ratio",1,0.10963813184859,0.0595723669392776,0.000632889328025276,0.00568400559908537,0.223521578817608,0.394882613178729
"real_house_price_growth","asset_liability_ratio",2,0.10789555864524,0.0644326798513327,0.00399825895366326,0.0129743297625418,0.212288322856989,0.364967826054518
"real_house_price_growth","asset_liability_ratio",3,0.111258401949769,0.0818132675405911,0.00957945479334208,0.0250999617938846,0.200045808354382,0.321733931948177
"real_house_price_growth","asset_liability_ratio",4,0.111907375564992,0.0850636270679844,0.0125083620852897,0.0282877586249031,0.195781436033367,0.302101863780839
"real_house_price_growth","asset_liability_ratio",5,0.11256760204653,0.0872270278518763,0.0144154060507928,0.0307686791040313,0.196620259790085,0.294136802586417
"real_house_price_growth","asset_liability_ratio",6,0.112896778269988,0.0886818122787299,0.0161437487440258,0.0325382435796298,0.195182897041775,0.292488959114639
"real_house_price_growth","asset_liability_ratio",7,0.112863887335558,0.0896207425635419,0.0167888750587981,0.0339297893420491,0.195111753881775,0.288645386207488
"real_house_price_growth","asset_liability_ratio",8,0.112754396770895,0.0901802828517471,0.0172724249549703,0.0346510064387029,0.193700216619042,0.284927497732843
"real_house_price_growth","asset_liability_ratio",9,0.112711203487908,0.0906812536436493,0.0180241631669824,0.0357076195876872,0.192234308786935,0.284936325464651
"real_house_price_growth","asset_liability_ratio",10,0.11280204050608,0.0912045275097231,0.0183917427179841,0.0365142078497568,0.19100473546867,0.283636057402192
"real_house_price_growth","asset_liability_ratio",11,0.11278502231017,0.0916489487063241,0.0188505792379649,0.0373582108025655,0.19065713500124,0.281782769736268
"real_house_price_growth","asset_liability_ratio",12,0.112829349218367,0.0918068606630282,0.0190389263899184,0.0375167889800298,0.190752063844759,0.282599034921106
"real_house_price_growth","asset_liability_ratio",13,0.112874916015393,0.0919114979211248,0.0194372967291794,0.038257655506916,0.190368322829277,0.281617570234643
"real_house_price_growth","asset_liability_ratio",14,0.112952843873753,0.0921828435627268,0.0198989812517941,0.0385291932576625,0.190466793593279,0.281245025114396
"real_house_price_growth","asset_liability_ratio",15,0.112997045641227,0.0922577434805524,0.0201783978564501,0.0388930681224885,0.190414717600743,0.280418660046307
"real_house_price_growth","asset_liability_ratio",16,0.113047943431093,0.0923089317125647,0.0203428963621267,0.039051221671895,0.190898198588352,0.280045668218407
"real_house_price_growth","asset_liability_ratio",17,0.113086801747541,0.0926690076452779,0.020547815033121,0.0392260767843074,0.190016191308816,0.279627362220689
"real_house_price_growth","asset_liability_ratio",18,0.113122192257412,0.092742703928395,0.0207666815265142,0.039278333957842,0.189281010708968,0.278915500377339
"real_house_price_growth","asset_liability_ratio",19,0.113148148735333,0.0930446775196997,0.0208938212106933,0.0396043342444463,0.188939256115431,0.278157295817613
"real_house_price_growth","asset_liability_ratio",20,0.113168731154924,0.0931101250210154,0.0209683227605114,0.0398736844417845,0.18876205670927,0.27885684550035
"real_house_price_growth","asset_liability_ratio",21,0.113182978811433,0.0929600715332756,0.0211212213153333,0.0399573634093028,0.188904988229303,0.279161488570825
"asset_liability_ratio","gdp_growth",1,0.113519891977632,0.0595984728914603,0.000583282330607853,0.00555428274662905,0.238424292531382,0.409955845649048
"asset_liability_ratio","gdp_growth",2,0.113634313608906,0.0618156377341612,0.00197960243741374,0.00860670420028577,0.231058366946858,0.406169424758468
"asset_liability_ratio","gdp_growth",3,0.113626920403621,0.0624572597827953,0.00294478589579494,0.0100394491069605,0.227260831272702,0.398413395056296
"asset_liability_ratio","gdp_growth",4,0.113480460147127,0.0638721828021463,0.00361444809375525,0.0110183188040743,0.227603772779302,0.39700430863627
"asset_liability_ratio","gdp_growth",5,0.113459742438614,0.0648516357131117,0.00424114489517404,0.0119286797223288,0.225782046561976,0.393432304757547
"asset_liability_ratio","gdp_growth",6,0.113391641121159,0.0653169958249611,0.0048085427376612,0.0130009558692476,0.224640645389033,0.387046297919616
"asset_liability_ratio","gdp_growth",7,0.11328032298417,0.0665304855644143,0.00515212083618188,0.0137978922187126,0.224785268151674,0.386419572421821
"asset_liability_ratio","gdp_growth",8,0.113133989296348,0.0671293684484269,0.00544413062935214,0.0147068678996606,0.222929925168842,0.382173385973116
"asset_liability_ratio","gdp_growth",9,0.112992189086839,0.0683025715809234,0.0057508381294263,0.0158975507594854,0.220661772091024,0.375053802065556
"asset_liability_ratio","gdp_growth",10,0.112848952832434,0.0690413832121109,0.00613482716882138,0.0165380356628206,0.220258386717316,0.370709092488855
"asset_liability_ratio","gdp_growth",11,0.112729927159548,0.0696453612795011,0.00635280522418621,0.0172372426435924,0.218851449357652,0.365648964087151
"asset_liability_ratio","gdp_growth",12,0.112652133386659,0.0706360508662472,0.00670775517750237,0.0175551885588995,0.217551224327135,0.362949067717955
"asset_liability_ratio","gdp_growth",13,0.112616685429496,0.0714489852839486,0.00704635833959607,0.0180090583500417,0.215317326892974,0.359948281073213
"asset_liability_ratio","gdp_growth",14,0.112607523261664,0.0726311736968518,0.00729556540344843,0.0185217238454135,0.212230132240177,0.359378158609541
"asset_liability_ratio","gdp_growth",15,0.112627588226175,0.0734029680254871,0.00758598383521735,0.0186845522598148,0.211791273014869,0.354638368009381
"asset_liability_ratio","gdp_growth",16,0.112670850831001,0.0740624709102276,0.00796703918850359,0.0190885533959716,0.211993923295163,0.352330242466558
"asset_liability_ratio","gdp_growth",17,0.112733467280531,0.0747470108605731,0.00813058856143868,0.0196506788423283,0.210905448587342,0.350182774215655
"asset_liability_ratio","gdp_growth",18,0.112803842385155,0.0754880176205122,0.0084537361028418,0.020006176896301,0.209929837421851,0.351887577375401
"asset_liability_ratio","gdp_growth",19,0.112881526024949,0.076311728552335,0.00837171455864103,0.0202627445289969,0.210866346829421,0.349191576321753
"asset_liability_ratio","gdp_growth",20,0.112961530735049,0.0772962912871431,0.00850393537651138,0.02052232936957,0.210814038654765,0.348792335273389
"asset_liability_ratio","gdp_growth",21,0.113043240345125,0.0771410039481246,0.0086665379480928,0.0206115185204974,0.210803949089385,0.348844635461596
"asset_liability_ratio","consumption_growth",1,0.113425950169912,0.0615460250965922,0.000587716123535486,0.00588744271498909,0.230586658556254,0.402359502089671
"asset_liability_ratio","consumption_growth",2,0.113761954826163,0.0637219836117294,0.00237742316466847,0.0095631824389028,0.232223749348197,0.401988346509481
"asset_liability_ratio","consumption_growth",3,0.113839638069071,0.0637664318728387,0.00344734560503063,0.0113757752788979,0.227747990675503,0.398360311707468
"asset_liability_ratio","consumption_growth",4,0.113812082396855,0.0638887215008543,0.00400351116135245,0.0121019173262529,0.226447615095942,0.397875207330688
"asset_liability_ratio","consumption_growth",5,0.113765894327661,0.0647086302660471,0.00468856455962247,0.012811952595325,0.226153852532583,0.39159439152299
"asset_liability_ratio","consumption_growth",6,0.113603069383448,0.0651018108362,0.00496768377049883,0.013194388269498,0.226001325885879,0.385617486121957
"asset_liability_ratio","consumption_growth",7,0.113387912320901,0.065500588468298,0.00536405711748199,0.0139905544490155,0.225048872866637,0.378600029437091
"asset_liability_ratio","consumption_growth",8,0.113138508871092,0.0664967509314152,0.00569096604781723,0.0144260194538229,0.223765527754392,0.378649333988846
"asset_liability_ratio","consumption_growth",9,0.11289602468604,0.0670985768461707,0.00582403485345611,0.0151302161469035,0.22220908309658,0.37637805402239
"asset_liability_ratio","consumption_growth",10,0.11266240281388,0.0675782952518896,0.00624660633275312,0.0155912567714022,0.219926776602536,0.375751435920459
"asset_liability_ratio","consumption_growth",11,0.112478049073531,0.068571996060445,0.0063917824323088,0.0161073638122505,0.21829779247496,0.370157806016671
"asset_liability_ratio","consumption_growth",12,0.112346365538344,0.0694200740676579,0.00665735017287175,0.0170114612103795,0.218785995289376,0.369635908764594
"asset_liability_ratio","consumption_growth",13,0.112264510913811,0.0703967565108339,0.00688080191313508,0.0176521003836015,0.21547375317957,0.366275150051408
"asset_liability_ratio","consumption_growth",14,0.11222036679336,0.0710582715763297,0.00704962423740011,0.0182409982267644,0.212826979482407,0.362054597522767
"asset_liability_ratio","consumption_growth",15,0.112214694925633,0.0714775725722269,0.00740534673989966,0.0185232490325146,0.210130594301879,0.359100557220679
"asset_liability_ratio","consumption_growth",16,0.112236044439858,0.0723209628240219,0.00752221599459135,0.0186177035684787,0.208563186768368,0.356172987477722
"asset_liability_ratio","consumption_growth",17,0.112276345100238,0.0731901104309173,0.00760003007599199,0.0191318030780401,0.207708645318315,0.357272478323036
"asset_liability_ratio","consumption_growth",18,0.112325855160052,0.0734222383116176,0.00771567500015574,0.0194550409245318,0.207225417765342,0.353272544057908
"asset_liability_ratio","consumption_growth",19,0.112382043802567,0.0736735514025494,0.00787841848057615,0.0197635512546791,0.208108184091884,0.352770153808304
"asset_liability_ratio","consumption_growth",20,0.112439465768458,0.0738527594630193,0.00794037183321623,0.0198866455258775,0.209887775038729,0.352431478421945
"asset_liability_ratio","consumption_growth",21,0.112497050767149,0.0744313403929866,0.00792650704318912,0.0200427491582208,0.209922676044886,0.353886891148847
"asset_liability_ratio","cpi_growth",1,0.112500459917685,0.0591025272063434,0.000516317042222364,0.00572577149834297,0.22991146288072,0.39917509650108
"asset_liability_ratio","cpi_growth",2,0.112576117444224,0.060201020124652,0.00202700697175416,0.00890353043920647,0.227574539746931,0.3947443871004
"asset_liability_ratio","cpi_growth",3,0.11241355765432,0.061397593910422,0.00298043524845687,0.0100654545716733,0.227547649943957,0.380289036057946
"asset_liability_ratio","cpi_growth",4,0.112273705673604,0.062487647760536,0.00362841889652864,0.0108215238812278,0.226224622885549,0.376971905156892
"asset_liability_ratio","cpi_growth",5,0.112061812151577,0.0636651395051977,0.0040744544347615,0.0113238960099958,0.224366078120448,0.375901560569402
"asset_liability_ratio","cpi_growth",6,0.111830932313001,0.0640732550158284,0.00462733337787907,0.0119637799845052,0.222823426885491,0.367774314297101
"asset_liability_ratio","cpi_growth",7,0.111546425871946,0.0633732227750194,0.00493483900405551,0.012712589558836,0.222289247277298,0.366369889620392
"asset_liability_ratio","cpi_growth",8,0.11129556111564,0.0644921939856401,0.00508812689041982,0.0133725002807868,0.220928325893844,0.363838585488952
"asset_liability_ratio","cpi_growth",9,0.111034553857673,0.0656662644095105,0.00545098270031871,0.0139689715816284,0.220138778928149,0.365481245776494
"asset_liability_ratio","cpi_growth",10,0.110787557889619,0.065734539842698,0.00564616567197477,0.0147237457414309,0.218144481938762,0.364656562836442
"asset_liability_ratio","cpi_growth",11,0.110567416658171,0.0662083780757629,0.00601034872395519,0.0154751417218535,0.216300415766164,0.362093256463119
"asset_liability_ratio","cpi_growth",12,0.110403178791957,0.0667282155849902,0.00616013199393788,0.0161934519038162,0.214530281407729,0.362208604238896
"asset_liability_ratio","cpi_growth",13,0.110276796682934,0.0682840011085498,0.0065202477525646,0.0168871280789679,0.213017545828391,0.36041920980898
"asset_liability_ratio","cpi_growth",14,0.110192266494847,0.068677752945687,0.00673865255760246,0.0173891169332235,0.21230850651617,0.358800064913305
"asset_liability_ratio","cpi_growth",15,0.110137951818009,0.0692086626321409,0.00687265864970155,0.0179001959133644,0.212870104447695,0.35583736240327
"asset_liability_ratio","cpi_growth",16,0.110117756485832,0.070190704897949,0.00705981415539448,0.0180725482839723,0.210816471385407,0.351011814893152
"asset_liability_ratio","cpi_growth",17,0.11011804907072,0.0701063889277198,0.00721716279249796,0.0181601910002484,0.210488481182044,0.348684776762587
"asset_liability_ratio","cpi_growth",18,0.110137932005803,0.0705744007735513,0.0072713138663769,0.018482765051989,0.208212765452247,0.348366214306858
"asset_liability_ratio","cpi_growth",19,0.110168020375228,0.0707779713075543,0.0073972843459075,0.0187449369363944,0.206810775115739,0.347085779753912
"asset_liability_ratio","cpi_growth",20,0.110208488435024,0.0713051133207753,0.00741453103743067,0.0192970522800586,0.204647333114019,0.346907880282313
"asset_liability_ratio","cpi_growth",21,0.110251981227964,0.0718295944861729,0.00744745033009596,0.0194883121062287,0.204691563695208,0.343091504004256
"asset_liability_ratio","saving_rate",1,0.114177129335644,0.060808415639566,0.000513821542377086,0.00562611683485432,0.236278676643333,0.407495127872163
"asset_liability_ratio","saving_rate",2,0.114600557110728,0.062871682531488,0.00205724784528344,0.00896594148982886,0.238748232466396,0.402785986473712
"asset_liability_ratio","saving_rate",3,0.115057725252236,0.0642270777651542,0.00285463824467199,0.0102815374042376,0.234275154415423,0.396286110688037
"asset_liability_ratio","saving_rate",4,0.115732292590443,0.0653069314420614,0.00350777606198594,0.0113091550453467,0.236566478812083,0.399958781238921
"asset_liability_ratio","saving_rate",5,0.116197403648249,0.0660391804420263,0.00412356269607965,0.0122677291628602,0.236621412173171,0.403973727286956
"asset_liability_ratio","saving_rate",6,0.116363675250515,0.0668287219318164,0.00461908929841879,0.0126982715932195,0.236617441321475,0.401806039693002
"asset_liability_ratio","saving_rate",7,0.116235047720543,0.0655396972914163,0.00480639060246849,0.0131528155783674,0.235800118205529,0.400860859908023
"asset_liability_ratio","saving_rate",8,0.11601185759912,0.0661891090477198,0.00491567472514211,0.0139645202456114,0.235572284102851,0.398653153191201
"asset_liability_ratio","saving_rate",9,0.115722994656903,0.0668649073257536,0.00515886469069902,0.0147521605756389,0.2331556323928,0.391446772326001
"asset_liability_ratio","saving_rate",10,0.115409755441418,0.0665812934550799,0.0056282248687929,0.015337336658672,0.231500950880243,0.388369539676532
"asset_liability_ratio","saving_rate",11,0.115086887410996,0.0670327227038463,0.00577493389853338,0.0160385778668022,0.228427714940467,0.385674129492428
"asset_liability_ratio","saving_rate",12,0.114812271167778,0.0674310689416311,0.00612769224424479,0.0163896545972843,0.225450466497713,0.380726122062256
"asset_liability_ratio","saving_rate",13,0.11458060124679,0.0689539004876489,0.00628164882261114,0.0168685562520138,0.223936929437252,0.379040076732192
"asset_liability_ratio","saving_rate",14,0.114394512272133,0.0694726134294561,0.00640776013818171,0.0175704639397535,0.220224009872789,0.378934154669179
"asset_liability_ratio","saving_rate",15,0.114237626002806,0.0700152456974985,0.00652248564708058,0.0180962839101827,0.218831732260219,0.372469742271702
"asset_liability_ratio","saving_rate",16,0.114116781830309,0.0705651676712645,0.00670880730000982,0.018512430920795,0.219136377327261,0.367560777780797
"asset_liability_ratio","saving_rate",17,0.114019016764266,0.0708334555787352,0.00695483713609732,0.0188626300595015,0.21915282525245,0.365537311981008
"asset_liability_ratio","saving_rate",18,0.113942670925411,0.0712607047430683,0.00712232424801959,0.0193276434423442,0.217865258199158,0.361621655633998
"asset_liability_ratio","saving_rate",19,0.113876869644079,0.0718483362549626,0.00726746729247858,0.0193976698367654,0.216601112320594,0.359074539499371
"asset_liability_ratio","saving_rate",20,0.113824639869289,0.0720715736390427,0.00736249652876097,0.0196551617821557,0.217636771749581,0.356985933334289
"asset_liability_ratio","saving_rate",21,0.113780798809758,0.0721671376490594,0.00754750559053202,0.0196154503352664,0.217756427259616,0.355410929408323
"asset_liability_ratio","policy_rate",1,0.0902934170110691,0.0470110213758623,0.000398841386893876,0.00397058361458835,0.184098295045632,0.333064646881567
"asset_liability_ratio","policy_rate",2,0.0877279958277765,0.0471461449762245,0.0015818684282972,0.00664475816021401,0.177621826348612,0.314719208946165
"asset_liability_ratio","policy_rate",3,0.0862525066390789,0.0474741932746805,0.00219469214219286,0.00760748906752229,0.170420715092032,0.305214487843548
"asset_liability_ratio","policy_rate",4,0.0856566288536153,0.0467604240285876,0.00271954034729325,0.00842933779419916,0.167628041333674,0.301130814648012
"asset_liability_ratio","policy_rate",5,0.0854547541244718,0.047529518755932,0.00330814009767317,0.00936390469187562,0.166472353355091,0.298003868207089
"asset_liability_ratio","policy_rate",6,0.0863188018959051,0.0480010421737606,0.00399179106101249,0.0109114805332706,0.168783361113014,0.296744931543926
"asset_liability_ratio","policy_rate",7,0.0878477575637407,0.0498775786775437,0.00459212220223202,0.0123055156254609,0.169914769393803,0.29790640466851
"asset_liability_ratio","policy_rate",8,0.0895322725609807,0.051332174881163,0.00502250860540903,0.0133565153236327,0.172538256051223,0.29741826360984
"asset_liability_ratio","policy_rate",9,0.0912628946402748,0.0532773214209116,0.00561675690978845,0.0141670058312212,0.176091764533093,0.301792921038524
"asset_liability_ratio","policy_rate",10,0.0929973476730517,0.054999044660634,0.00601867578540837,0.0149945464905906,0.179191708108835,0.306923679415067
"asset_liability_ratio","policy_rate",11,0.0945241924231561,0.0567149866281006,0.00628938986639733,0.0156372489858183,0.18105697854037,0.311129288610286
"asset_liability_ratio","policy_rate",12,0.0956869432312481,0.0580597965379149,0.00651004968006014,0.0161131390993551,0.18480468012437,0.312654815607152
"asset_liability_ratio","policy_rate",13,0.0965278587128095,0.0590920121862857,0.00659717052349993,0.0163469516298402,0.185652951567105,0.313506853170794
"asset_liability_ratio","policy_rate",14,0.0971007709241607,0.0595310238377914,0.0069205478749057,0.0165468250768518,0.187944185357408,0.313073599935151
"asset_liability_ratio","policy_rate",15,0.0974346261677285,0.0595810117266929,0.00689837610254804,0.0168106461538785,0.188496940207416,0.314847966559708
"asset_liability_ratio","policy_rate",16,0.0975515941503215,0.0592000354204207,0.00711239763533616,0.0168957125705924,0.187406719848698,0.318765280455268
"asset_liability_ratio","policy_rate",17,0.0975171059215632,0.0592279068871541,0.00708551202348851,0.0170090158184955,0.188087710892215,0.320030027538763
"asset_liability_ratio","policy_rate",18,0.0973814478073488,0.0590265582176282,0.00702414086247652,0.0171186039016849,0.188013628430758,0.318872070855364
"asset_liability_ratio","policy_rate",19,0.097180405985665,0.0589012179778213,0.00702909708689341,0.0169782600935733,0.187946094689228,0.318507809992985
"asset_liability_ratio","policy_rate",20,0.0969348283928585,0.0585455457205601,0.00691884387803169,0.0170169063777522,0.185541405698075,0.319802512140278
"asset_liability_ratio","policy_rate",21,0.0966678934367563,0.0582106248433558,0.00682947441577997,0.0168451184859625,0.185260743641945,0.322102732419421
"asset_liability_ratio","interest_burden",1,0.11100517701928,0.0575321742107915,0.000517001359560009,0.00530714254226849,0.232309651349641,0.402286264977938
"asset_liability_ratio","interest_burden",2,0.111538688866186,0.0596336787327564,0.00197934896821309,0.00847279504355312,0.227406702287797,0.394081578468815
"asset_liability_ratio","interest_burden",3,0.111657675718858,0.0607101815010016,0.00282710340985779,0.00985195630245532,0.226239995339203,0.394078941227177
"asset_liability_ratio","interest_burden",4,0.111617953001664,0.0604188239809538,0.00355592990013089,0.0109274187572947,0.223424462244015,0.389880139811621
"asset_liability_ratio","interest_burden",5,0.11173442171223,0.0618379773113874,0.00434220078393711,0.0119168920711325,0.224548203077901,0.389755271697796
"asset_liability_ratio","interest_burden",6,0.111724517736199,0.0616530690253748,0.00471517980827458,0.0127345226824259,0.224838771583731,0.386434679553704
"asset_liability_ratio","interest_burden",7,0.11166796734855,0.0624837102555946,0.00503932045312071,0.013463746096785,0.222663737916615,0.38470591726776
"asset_liability_ratio","interest_burden",8,0.111573190199276,0.063983173758319,0.00529881971471481,0.014001331815085,0.2223097657527,0.383961034008991
"asset_liability_ratio","interest_burden",9,0.111494796374861,0.0650526544723025,0.00549154987825311,0.0147194639322757,0.220098298595675,0.378215010535189
"asset_liability_ratio","interest_burden",10,0.111414831297957,0.0660278742975896,0.00590637670628362,0.0155145677469878,0.220505665347186,0.373352689725854
"asset_liability_ratio","interest_burden",11,0.111361040137138,0.0664014702938479,0.00616697240197206,0.0159642291438522,0.218319828507563,0.372969323996287
"asset_liability_ratio","interest_burden",12,0.111336629960064,0.0666984247636232,0.00631573700649427,0.0169491946003892,0.217982032239037,0.369213533634711
"asset_liability_ratio","interest_burden",13,0.111349437580805,0.0676335909934429,0.0064961006537028,0.0174112320386869,0.218002525069508,0.364635569201242
"asset_liability_ratio","interest_burden",14,0.11138467039864,0.0688495486137429,0.00667207696950955,0.0183384106569829,0.216284384806148,0.363511073152886
"asset_liability_ratio","interest_burden",15,0.111439788297868,0.0693497518948764,0.00689367258363414,0.0186797608203955,0.215671281201326,0.362108056726023
"asset_liability_ratio","interest_burden",16,0.111508022881502,0.0701552001794028,0.00701307569543292,0.0189722811894562,0.21623543974809,0.356948616880165
"asset_liability_ratio","interest_burden",17,0.111585746897464,0.0703793960690942,0.00722920107390469,0.0191560069847972,0.216317085388436,0.354207886508466
"asset_liability_ratio","interest_burden",18,0.111665247111272,0.0703521066857381,0.00733958937161372,0.0194750421887323,0.21560622897311,0.352980859357999
"asset_liability_ratio","interest_burden",19,0.111742339290954,0.070839479039408,0.007595801203623,0.0195312686838104,0.214292109011633,0.352382664191628
"asset_liability_ratio","interest_burden",20,0.111813370426081,0.07121011634146,0.0077497277269758,0.0197320415837337,0.212865950320139,0.35146226608289
"asset_liability_ratio","interest_burden",21,0.111877716375463,0.0712540769145961,0.00776302486859156,0.0199779530430562,0.21073064740196,0.351359155860746
"asset_liability_ratio","debt_growth",1,0.115776865113133,0.0603276938025755,0.000491606222827766,0.00520279222942876,0.241574767401204,0.414305150031603
"asset_liability_ratio","debt_growth",2,0.116321302442449,0.0641084894345409,0.00207982624577209,0.00855005745296905,0.239337232874003,0.408308611988818
"asset_liability_ratio","debt_growth",3,0.116389709997942,0.0639981978813726,0.00313113661428286,0.00980733078567294,0.239028967103775,0.403167999442842
"asset_liability_ratio","debt_growth",4,0.116300257393605,0.0637294861260922,0.00386019300158519,0.011168754883197,0.239047158304883,0.40272485694156
"asset_liability_ratio","debt_growth",5,0.116070016129822,0.0646422413348458,0.00435619145782275,0.012269664789668,0.240519290185606,0.396300611345252
"asset_liability_ratio","debt_growth",6,0.115720240569931,0.0652386004467482,0.00476379991118708,0.0128669158227674,0.239223346036123,0.394321582235883
"asset_liability_ratio","debt_growth",7,0.115346892941782,0.0647342025089649,0.00504317232693222,0.0135936015700052,0.23686274961691,0.391512749572083
"asset_liability_ratio","debt_growth",8,0.114993619264114,0.0652489889467796,0.00521832298798077,0.0146769420774906,0.235087236637645,0.388035097567526
"asset_liability_ratio","debt_growth",9,0.114660705025745,0.0658145100314488,0.00586839875334953,0.0152355663292308,0.232764436385387,0.381017787049458
"asset_liability_ratio","debt_growth",10,0.114339566891444,0.0661218822660735,0.00619025026059688,0.0155770721545088,0.230331028356075,0.379188447052761
"asset_liability_ratio","debt_growth",11,0.114057885161604,0.067888316526785,0.00647065662396093,0.0163148167035746,0.227358345467554,0.376433920109706
"asset_liability_ratio","debt_growth",12,0.113824274744015,0.0678956252514442,0.00685365349190322,0.0166996957838479,0.224732139812655,0.372891805293962
"asset_liability_ratio","debt_growth",13,0.113628333061593,0.069035903995452,0.0071753171917507,0.0172081080863336,0.222677054885852,0.371232801162533
"asset_liability_ratio","debt_growth",14,0.113463465355139,0.0696027994050638,0.00738761535302185,0.0177805996007602,0.220755157031958,0.369469685832393
"asset_liability_ratio","debt_growth",15,0.113330000251845,0.0699198607051042,0.00740557703508064,0.0182680965717748,0.218508310660026,0.364665142939808
"asset_liability_ratio","debt_growth",16,0.113222495449073,0.0703295729350392,0.00763738035390944,0.0187209016003842,0.216221908295171,0.366042359374801
"asset_liability_ratio","debt_growth",17,0.113135223745688,0.0708545727481914,0.00780702616431728,0.0191070408787229,0.214592691302183,0.365872643423968
"asset_liability_ratio","debt_growth",18,0.113062214108813,0.0717174033967215,0.00791822988038913,0.0191850702787192,0.213718948932953,0.362847932305023
"asset_liability_ratio","debt_growth",19,0.113002984143652,0.0719787436179344,0.00804443533226532,0.0194654432977079,0.214292869249578,0.360762061276199
"asset_liability_ratio","debt_growth",20,0.112953393051607,0.0720927188276125,0.00816379210773261,0.0194366658143201,0.213564911895556,0.357929236984303
"asset_liability_ratio","debt_growth",21,0.112911994297532,0.071927905127936,0.00823236740477991,0.0194353132240145,0.214790298054107,0.355561584816061
"asset_liability_ratio","real_house_price_growth",1,0.114604345683272,0.0621871027537265,0.000626207958372932,0.00594506449660882,0.23713417934642,0.401858364402821
"asset_liability_ratio","real_house_price_growth",2,0.115327175765803,0.0655245668570085,0.00225735351335754,0.00892237819474797,0.235709074973464,0.3969191815429
"asset_liability_ratio","real_house_price_growth",3,0.116191926900644,0.0673761866934441,0.00309675268237623,0.010754137763147,0.234578799848827,0.398531706093676
"asset_liability_ratio","real_house_price_growth",4,0.116492176715073,0.0682971525400776,0.00385554077824956,0.0117941287583151,0.234717894622044,0.394402277810016
"asset_liability_ratio","real_house_price_growth",5,0.116652153114782,0.0693502019201857,0.0043358522908223,0.0124013259328638,0.229916404295634,0.389113087361782
"asset_liability_ratio","real_house_price_growth",6,0.116633666977682,0.0702648449342606,0.00473138501572479,0.0131125335861634,0.226064694892538,0.388525795632197
"asset_liability_ratio","real_house_price_growth",7,0.116477698216352,0.0700579126197926,0.00512602761132774,0.0137979928137678,0.226768725904337,0.391142055758491
"asset_liability_ratio","real_house_price_growth",8,0.116273264838423,0.0702003584103269,0.00536166375413432,0.0142091107674281,0.226311304638786,0.389672756437103
"asset_liability_ratio","real_house_price_growth",9,0.116032459353432,0.0715679795410993,0.00582577600366609,0.0146957626809037,0.225612986469928,0.387519353490553
"asset_liability_ratio","real_house_price_growth",10,0.115778608992519,0.0717223799790341,0.00627401188813233,0.0152990640516229,0.225768452975072,0.378183863269766
"asset_liability_ratio","real_house_price_growth",11,0.115534416109341,0.0720149405258783,0.00639627432915943,0.0156761944383536,0.224758893925411,0.373003999504531
"asset_liability_ratio","real_house_price_growth",12,0.115336638605059,0.0726062280262637,0.00647394181721636,0.016392731209191,0.22165134812418,0.368294827287453
"asset_liability_ratio","real_house_price_growth",13,0.115179794057502,0.073692746709127,0.00651208546340144,0.0171869574054,0.221946816959637,0.3640709019936
"asset_liability_ratio","real_house_price_growth",14,0.115069048344413,0.0742311224187338,0.00679729177425209,0.0177516354182143,0.221629331570385,0.362247802603436
"asset_liability_ratio","real_house_price_growth",15,0.114994446236609,0.0740924916597586,0.00695034655775155,0.0181584313802226,0.22178129213117,0.357459831045436
"asset_liability_ratio","real_house_price_growth",16,0.114957720001761,0.0741858131711504,0.00730769257612508,0.0183896939837561,0.219701604296052,0.355428732771477
"asset_liability_ratio","real_house_price_growth",17,0.114943784590414,0.0748533347020917,0.00757583542032834,0.0187689668370065,0.218135628230073,0.355445639220155
"asset_liability_ratio","real_house_price_growth",18,0.114947551567757,0.0753193995896957,0.00755752136865915,0.0191118936494059,0.216449165132775,0.354967486835247
"asset_liability_ratio","real_house_price_growth",19,0.114959212921963,0.0756912245381714,0.00774647173132071,0.0191642183878529,0.216495726218835,0.354978027672037
"asset_liability_ratio","real_house_price_growth",20,0.114977397386211,0.076290649084486,0.00774911804438456,0.0193979799091277,0.215580281997093,0.356244093962468
"asset_liability_ratio","real_house_price_growth",21,0.114996207428928,0.0764492177578366,0.00776873104677754,0.0194825409032939,0.215487996247499,0.355791388252797
"asset_liability_ratio","asset_liability_ratio",1,0.114696763772373,0.0621619310872998,0.0006069413560474,0.00629783691595396,0.236257805638613,0.40416468351342
"asset_liability_ratio","asset_liability_ratio",2,0.114511894107765,0.062938056977475,0.00233121951630714,0.00911506062821327,0.233526958354834,0.401192732810662
"asset_liability_ratio","asset_liability_ratio",3,0.114570339364229,0.0644872874432655,0.00333747949059499,0.0108001792288248,0.232421098888048,0.398861974333574
"asset_liability_ratio","asset_liability_ratio",4,0.114634443228014,0.0663917186489682,0.00393339655331902,0.0117484361292744,0.231046718768716,0.394951630262683
"asset_liability_ratio","asset_liability_ratio",5,0.114603802352593,0.0667946731453867,0.00462235512796797,0.0125161721537835,0.227890972341939,0.391595398756231
"asset_liability_ratio","asset_liability_ratio",6,0.114413454752159,0.0670044963233251,0.00513943047890144,0.0131685396880402,0.227431063043186,0.389298723379269
"asset_liability_ratio","asset_liability_ratio",7,0.114209975032016,0.0662255274538127,0.00532033127474736,0.0140280637376659,0.226280927270551,0.384121738531182
"asset_liability_ratio","asset_liability_ratio",8,0.114047736255007,0.0671974470606674,0.00553616841163184,0.0145628587321095,0.223831830244935,0.381455380924025
"asset_liability_ratio","asset_liability_ratio",9,0.113903382318232,0.0680283321825928,0.00598464355717546,0.0149401718679961,0.223931135438567,0.379482439377665
"asset_liability_ratio","asset_liability_ratio",10,0.113760976167678,0.0683127175692694,0.00617824501455599,0.0152894372016052,0.220793733128416,0.37579554158349
"asset_liability_ratio","asset_liability_ratio",11,0.113660185866517,0.0694378172093231,0.00647782564698742,0.0159663878011332,0.218819907239056,0.370876801933828
"asset_liability_ratio","asset_liability_ratio",12,0.113601564574874,0.0700648766726043,0.0065729039788572,0.016572813583589,0.218348384339254,0.368925335030543
"asset_liability_ratio","asset_liability_ratio",13,0.113575982314259,0.0704711625580003,0.00675408270549031,0.0171241911268218,0.218681093855271,0.367266218802277
"asset_liability_ratio","asset_liability_ratio",14,0.113567376155644,0.0715848179420059,0.00695579912842542,0.0178910485884566,0.218768440513807,0.366630695314252
"asset_liability_ratio","asset_liability_ratio",15,0.113583278073327,0.0724880391795405,0.00700871451463939,0.0182623157472279,0.218576188095734,0.366405189961936
"asset_liability_ratio","asset_liability_ratio",16,0.113618733930341,0.0733041031586075,0.00715290200051432,0.0187033219598747,0.216982938508403,0.362204262552957
"asset_liability_ratio","asset_liability_ratio",17,0.113671260629115,0.0740533288765201,0.00734899368760719,0.019155943308982,0.215275423586566,0.363056797219115
"asset_liability_ratio","asset_liability_ratio",18,0.113733238928388,0.074257742607064,0.00740286216221773,0.0196025742223786,0.214472838716909,0.362681901312803
"asset_liability_ratio","asset_liability_ratio",19,0.113806597810942,0.0745150549637218,0.00751525675446149,0.020048265964783,0.214727584926392,0.360536596655687
"asset_liability_ratio","asset_liability_ratio",20,0.113886885935423,0.0750101907040103,0.00781902991467932,0.0202521222703944,0.214026681701273,0.360533163360685
"asset_liability_ratio","asset_liability_ratio",21,0.113973117311325,0.0751685364324872,0.00791769735534522,0.020368921092622,0.213080164262631,0.358617306613205
