"Variable","Shock","Horizon","Mean","Median","Lower_90","Lower_68","Upper_68","Upper_90"
"gdp_growth","gdp_growth",1,0.112120986246138,0.0608076641812258,0.000501958601827609,0.00531936906878929,0.233031001715734,0.396624727361845
"gdp_growth","gdp_growth",2,0.11190644128255,0.0699759550507397,0.00426190325048342,0.0148262751334162,0.217275383156299,0.366585468061818
"gdp_growth","gdp_growth",3,0.111991598926672,0.0728009901114834,0.00739325630530284,0.019702792494184,0.212748335235785,0.355534980945487
"gdp_growth","gdp_growth",4,0.111904488029357,0.0739949169166563,0.00922836555907843,0.0215423210368191,0.209887521715298,0.349410965263991
"gdp_growth","gdp_growth",5,0.111980072903014,0.0749220639984279,0.0109563132221413,0.023462103499115,0.208111986557689,0.344434013327557
"gdp_growth","gdp_growth",6,0.112023135802835,0.0754083856030238,0.0116978884169968,0.0244386520412683,0.206758092439409,0.341897520916516
"gdp_growth","gdp_growth",7,0.112072614304405,0.0761116977610914,0.0124143930206808,0.0253701218821525,0.205992604611349,0.338085270912909
"gdp_growth","gdp_growth",8,0.112107648522479,0.0763821417941559,0.0128457890959566,0.0258591470038848,0.205847309441491,0.336442538833058
"gdp_growth","gdp_growth",9,0.112136150627051,0.0767684006030739,0.0131119967419625,0.0263180389291657,0.205247310689203,0.334655395829015
"gdp_growth","gdp_growth",10,0.112154819352367,0.0769744100810395,0.0132758966324315,0.0267751400039574,0.204918751578781,0.333134407109575
"gdp_growth","gdp_growth",11,0.112162960590606,0.0773507325979457,0.0136370749522842,0.0270824240408073,0.204763789180939,0.332260428639556
"gdp_growth","gdp_growth",12,0.112168361899613,0.0775229571804158,0.0138490910293795,0.0273179562126617,0.204523067094172,0.331266870902951
"gdp_growth","gdp_growth",13,0.112168780722853,0.0777252894781813,0.0140373943982439,0.0275459311400458,0.204275061276982,0.330911210694376
"gdp_growth","gdp_growth",14,0.112166882785828,0.0778924754720461,0.0142426194664175,0.0277112135502506,0.203826715059502,0.330347598341786
"gdp_growth","gdp_growth",15,0.112160467630219,0.0780312115162808,0.0143866752213821,0.0278860876805492,0.203888572369317,0.329790936317351
"gdp_growth","gdp_growth",16,0.11215702891312,0.0781412775442937,0.01451780290153,0.0280315558680227,0.20363769153757,0.329561136194257
"gdp_growth","gdp_growth",17,0.11215181626301,0.0783274289305106,0.0146218903871729,0.0282317917492169,0.203229259408531,0.329355651394151
"gdp_growth","gdp_growth",18,0.112148521261404,0.0783688350273147,0.0146738917950033,0.0283742488493789,0.203208281931937,0.328931781341699
"gdp_growth","gdp_growth",19,0.112144426597948,0.0784303063353173,0.0147992467728631,0.0285140436966361,0.202981594709244,0.328516155678713
"gdp_growth","gdp_growth",20,0.112142269293745,0.0785341790211467,0.0149264901447114,0.0287183194431394,0.20294431388831,0.328376343962572
"gdp_growth","gdp_growth",21,0.112139921427183,0.0786185598098821,0.0150247159696474,0.0288316615791167,0.202720813692307,0.328250294492531
"gdp_growth","consumption_growth",1,0.108960552344524,0.0571474225107788,0.000422735504152148,0.00522281464318122,0.224432146988382,0.391703838380756
"gdp_growth","consumption_growth",2,0.1092689929145,0.0669012106508809,0.00416147448271977,0.0149843973569243,0.211403082095215,0.358300081164352
"gdp_growth","consumption_growth",3,0.109470549949024,0.0697327839035745,0.00748623327831599,0.0193450550617112,0.206069678146062,0.347366173503304
"gdp_growth","consumption_growth",4,0.109558125944568,0.0715597390338768,0.00929401461493167,0.0212755456851877,0.204208156944879,0.341134921811337
"gdp_growth","consumption_growth",5,0.109707901274139,0.0725844918246669,0.0111594336361598,0.0233967414050676,0.202996710575638,0.336274696820356
"gdp_growth","consumption_growth",6,0.109748661358689,0.0729409617313478,0.0117941077188479,0.0242923157247781,0.202025858103798,0.332926143002709
"gdp_growth","consumption_growth",7,0.109843050160096,0.0737086715606787,0.0124972087257238,0.0252050294149489,0.201115298209387,0.330532614206907
"gdp_growth","consumption_growth",8,0.109894260859655,0.0740287009506813,0.0129466984281485,0.02568351743549,0.200605682468032,0.328848359085008
"gdp_growth","consumption_growth",9,0.109929428993668,0.074588597486851,0.013427736680119,0.0260660025543152,0.200105908579813,0.327347098728575
"gdp_growth","consumption_growth",10,0.109949176421251,0.0747526145300887,0.0137757250324515,0.0263801314892445,0.199854319887356,0.326371890714516
"gdp_growth","consumption_growth",11,0.109966673070812,0.0751275429347593,0.013979154901948,0.0265545083208213,0.199122760884206,0.325236294983669
"gdp_growth","consumption_growth",12,0.1099814386388,0.0754636615599852,0.0142082858688266,0.0267536917754957,0.198623807042377,0.324711828699493
"gdp_growth","consumption_growth",13,0.109989417234915,0.0757184773508274,0.0144383534978442,0.0270575474779779,0.198259786392337,0.323850966527829
"gdp_growth","consumption_growth",14,0.109999030441897,0.0759467913103034,0.0145554331593462,0.0272998875893379,0.19798161937835,0.323499114900905
"gdp_growth","consumption_growth",15,0.110003755610032,0.0761167179252923,0.0147315186435934,0.0275718301950946,0.197892172229888,0.322955322357064
"gdp_growth","consumption_growth",16,0.110012307361121,0.0762535347004722,0.0148755668038905,0.0277323115841514,0.197766172848816,0.322500111131904
"gdp_growth","consumption_growth",17,0.110018629559314,0.0762530251043279,0.0149431547982802,0.0278795515288056,0.197668108148066,0.322011239926709
"gdp_growth","consumption_growth",18,0.110028183960427,0.0764434650645484,0.0149915394313953,0.0280157795170496,0.197565705274557,0.321656473510384
"gdp_growth","consumption_growth",19,0.110035766922122,0.0765629511776702,0.015109282153384,0.0282209190311533,0.197395328761822,0.321349542088948
"gdp_growth","consumption_growth",20,0.110045488571813,0.0765992738420748,0.0151602589882653,0.0283171798776108,0.197298484616708,0.320982254252976
"gdp_growth","consumption_growth",21,0.110054028721094,0.0766827641150221,0.01527339945817,0.0285033644335176,0.197236058603319,0.320646263606592
"gdp_growth","cpi_growth",1,0.112176052852254,0.0597002585735444,0.000451432044366295,0.0050092904769441,0.234166364184145,0.40649079388663
"gdp_growth","cpi_growth",2,0.112111485814976,0.0680338238589529,0.00408608221863547,0.0143804825204103,0.219658975689708,0.373152348231988
"gdp_growth","cpi_growth",3,0.112179129954631,0.0708859643679316,0.00747852180313714,0.0192073105330878,0.213737276069537,0.361859004855933
"gdp_growth","cpi_growth",4,0.112197211281652,0.0723057251380996,0.00932741147219466,0.0214189004145076,0.210724308831257,0.355313135844083
"gdp_growth","cpi_growth",5,0.112290721557781,0.0730861569694363,0.0112321937962552,0.0235429719462918,0.208333719254462,0.35100847374918
"gdp_growth","cpi_growth",6,0.112354928932894,0.0738096947415795,0.0119508141328739,0.0246501742984624,0.207010151895229,0.34778450381668
"gdp_growth","cpi_growth",7,0.112406727463954,0.0746595973285215,0.0126845215637945,0.0255901281478879,0.205870903155201,0.34453081659394
"gdp_growth","cpi_growth",8,0.112423068469194,0.0748698110411375,0.0131802385748141,0.0260259394808105,0.205407301617239,0.343064227192145
"gdp_growth","cpi_growth",9,0.112429327198095,0.075218860405454,0.013470937522481,0.0263782149948231,0.204806734020858,0.341074576734722
"gdp_growth","cpi_growth",10,0.112431829847519,0.0753944930168726,0.013717157793891,0.0265891414977867,0.204778764754369,0.34004483240327
"gdp_growth","cpi_growth",11,0.112430632252399,0.0757731571642558,0.0139549957619058,0.026801023008243,0.204098811399651,0.339126205751286
"gdp_growth","cpi_growth",12,0.112437857671459,0.0759910973769294,0.0140817267984882,0.0271596909355873,0.203649998964811,0.338260096652931
"gdp_growth","cpi_growth",13,0.11244409345907,0.0760685110118857,0.014252796641824,0.0273025415357211,0.20338986924278,0.337272311528822
"gdp_growth","cpi_growth",14,0.112456509950134,0.0762304355581396,0.0144279709922082,0.0275483185121347,0.203166424118861,0.336411801948487
"gdp_growth","cpi_growth",15,0.112468657739394,0.0764163370888164,0.0145669993949195,0.0278312755077866,0.202985761100713,0.335739786379069
"gdp_growth","cpi_growth",16,0.112482750675176,0.0767400466144301,0.014667081414785,0.028081976560178,0.202770888214003,0.335412258463454
"gdp_growth","cpi_growth",17,0.112495707581394,0.0768062785171627,0.0147577914024037,0.0281977918576057,0.202603786800782,0.334706194274318
"gdp_growth","cpi_growth",18,0.112508068646046,0.0769089749897346,0.0148828548267563,0.0282815119892005,0.202380706445255,0.334363103070156
"gdp_growth","cpi_growth",19,0.11251964980519,0.0770751366693853,0.0150587168494898,0.0284235512640512,0.202280118918889,0.33401679221437
"gdp_growth","cpi_growth",20,0.112529308465069,0.0771601671480523,0.0150904070181858,0.028559814483878,0.202140719146788,0.333755878150718
"gdp_growth","cpi_growth",21,0.112538058378353,0.0772798063392114,0.015187397925467,0.0287198057106695,0.201989132483602,0.333455605432096
"gdp_growth","saving_rate",1,0.114328903401846,0.0624167065525116,0.000568869199682921,0.0057916787826138,0.236012119236445,0.412355603219074
"gdp_growth","saving_rate",2,0.11421646756675,0.0705842223252714,0.0046336366597576,0.016002365752898,0.222360468021202,0.372673342011999
"gdp_growth","saving_rate",3,0.114286820855735,0.0735500890105735,0.00818123981195728,0.0207102617294882,0.217548234111355,0.360515502983534
"gdp_growth","saving_rate",4,0.114182537541024,0.0745646453050438,0.00978433844436249,0.0221739386068922,0.215036069156713,0.354302852056393
"gdp_growth","saving_rate",5,0.11423363501974,0.0757880861932339,0.0115689263813488,0.0242931890033227,0.212090332196152,0.347405118877999
"gdp_growth","saving_rate",6,0.114217164728648,0.0765908316113018,0.0124164951534979,0.0251456096984402,0.210728709026539,0.345055521817333
"gdp_growth","saving_rate",7,0.114239099789298,0.0773805517057068,0.0130153978667833,0.0263702290045884,0.209470523846093,0.341863051568129
"gdp_growth","saving_rate",8,0.114219419572208,0.0777980134798266,0.0133840994425107,0.0268990259153242,0.208804828864214,0.339817938053316
"gdp_growth","saving_rate",9,0.114208373357244,0.0780650268781698,0.0138222359184664,0.0273323412618858,0.208466165359958,0.338649710737316
"gdp_growth","saving_rate",10,0.114201108420129,0.0783390595845329,0.0141406859067097,0.0276897206419565,0.208261177912047,0.337601721211965
"gdp_growth","saving_rate",11,0.1141885780179,0.078589412620754,0.014469127932688,0.0278794925010132,0.207764331926207,0.336187788345498
"gdp_growth","saving_rate",12,0.114182880203495,0.0785692140304714,0.0146756575525392,0.0281808971742739,0.207586766255559,0.335229980116876
"gdp_growth","saving_rate",13,0.114173794582379,0.0787512850874809,0.0149535253030125,0.0283956323034661,0.207054145709358,0.333645180085194
"gdp_growth","saving_rate",14,0.114178605063402,0.0788177390960687,0.0151202725913664,0.0286413161913625,0.206787154414342,0.332672877386408
"gdp_growth","saving_rate",15,0.114176164422479,0.0788496802795423,0.0152399571577315,0.0287844671505612,0.206465149159125,0.331966950790765
"gdp_growth","saving_rate",16,0.114181382053183,0.0788562523285418,0.0153759660074686,0.0289191368029977,0.20635949734794,0.331391102230883
"gdp_growth","saving_rate",17,0.114181972319212,0.0789358843279662,0.0153699698920855,0.0290728139280586,0.20630688210445,0.331041762072451
"gdp_growth","saving_rate",18,0.114187171479221,0.0790724906943381,0.0155134511804993,0.0292288969699935,0.206255697912265,0.330464896195123
"gdp_growth","saving_rate",19,0.114189367384409,0.0791771664581767,0.0155697085890451,0.0293434442991787,0.205848629716388,0.330100945166683
"gdp_growth","saving_rate",20,0.114193903724393,0.0792886940307518,0.015743591029965,0.0294881766683895,0.20570422457362,0.329256406428866
"gdp_growth","saving_rate",21,0.114197405290128,0.0793143770393703,0.0157877014726701,0.0295775101465347,0.205654864821482,0.328895841350115
"gdp_growth","policy_rate",1,0.0954426383149159,0.047783380300306,0.000407843753462498,0.00444233617021022,0.200916506040577,0.354954024498625
"gdp_growth","policy_rate",2,0.0965655386361058,0.0574450806426649,0.00398267993629217,0.013054827423266,0.189561375841852,0.324990135569619
"gdp_growth","policy_rate",3,0.0962421837753302,0.0593394697774483,0.00649287839338543,0.0164454730124634,0.1852745626638,0.313870335569288
"gdp_growth","policy_rate",4,0.0964139659163899,0.0606208414219633,0.00811083230788205,0.0183819035367171,0.183231198888912,0.309200116996206
"gdp_growth","policy_rate",5,0.0957988677916095,0.0608661124757923,0.00919856675620422,0.0196418319070841,0.181527692553408,0.303454794481948
"gdp_growth","policy_rate",6,0.095628886384008,0.0613136891009245,0.00978324856050939,0.0201371936547059,0.180245679072498,0.300782580463957
"gdp_growth","policy_rate",7,0.0953707306513391,0.0616020887260614,0.0104135583514806,0.0209822157401978,0.178983142598062,0.298121996370071
"gdp_growth","policy_rate",8,0.0952978553060386,0.0617681010771099,0.0107545997723497,0.0212155987868302,0.178170693539864,0.29616141948616
"gdp_growth","policy_rate",9,0.0952393287122636,0.061889699272351,0.0111195362624901,0.0216393402816096,0.177598321682752,0.295448459941955
"gdp_growth","policy_rate",10,0.0952020288446515,0.0620174970035768,0.0113280585509266,0.0218614917795119,0.177187897324133,0.295305040493987
"gdp_growth","policy_rate",11,0.0952263021973385,0.0622078752920258,0.0115586446819204,0.0222319414981451,0.177061795174275,0.294323899196433
"gdp_growth","policy_rate",12,0.0952086116800719,0.0622201900244408,0.0117194307605237,0.0224788184100626,0.176659136124367,0.293790086661634
"gdp_growth","policy_rate",13,0.095209068175692,0.0622718043721552,0.0118697262507528,0.0226333924592999,0.175969023309058,0.293693515967142
"gdp_growth","policy_rate",14,0.0951669597357156,0.0623471535437016,0.0119967414689584,0.0227533601483058,0.175590628223073,0.293307833018896
"gdp_growth","policy_rate",15,0.0951505259752509,0.0623804523590374,0.0120943131354598,0.0228723313892125,0.174996951982388,0.2932066194335
"gdp_growth","policy_rate",16,0.0951035616346842,0.0624352714310368,0.012200125852999,0.0229318113623363,0.174842151475866,0.291907902387947
"gdp_growth","policy_rate",17,0.0950674505178355,0.0624910389394679,0.0122947253968649,0.0230468871892067,0.1745825358727,0.29152907219299
"gdp_growth","policy_rate",18,0.0950184326465782,0.0625122934975125,0.0123941547905826,0.0231403451381623,0.174792760975844,0.291162248084675
"gdp_growth","policy_rate",19,0.0949797928294709,0.062523043807607,0.0124468735638925,0.0231575877996612,0.174701049889183,0.290636178094149
"gdp_growth","policy_rate",20,0.0949384643177321,0.062503313774115,0.0125564151575895,0.0232331155673918,0.174548340642529,0.290213773199483
"gdp_growth","policy_rate",21,0.0949031690145469,0.0625199587598242,0.0126612820303894,0.0233126591791342,0.174425223783215,0.289840301384107
"gdp_growth","interest_burden",1,0.11433698051845,0.0587312736823583,0.000523485298435703,0.00558497190488095,0.238153682523226,0.411719579076832
"gdp_growth","interest_burden",2,0.113965322813782,0.0686775606342702,0.00441260561001243,0.0154901183902617,0.22285600923621,0.37596953166376
"gdp_growth","interest_burden",3,0.113968872163002,0.0717269434498383,0.00794213170071287,0.0201078369153135,0.217497040448196,0.360263091195514
"gdp_growth","interest_burden",4,0.114008029410266,0.0732471721948661,0.0095600287280465,0.0220377309161413,0.214753988080761,0.355216234597463
"gdp_growth","interest_burden",5,0.114064159404901,0.074519241107324,0.0113084113278587,0.0243748273429867,0.212375403664893,0.35049531881553
"gdp_growth","interest_burden",6,0.114076849460129,0.0752839745209047,0.0122564255719059,0.0252900790313439,0.211398692489505,0.347017926324526
"gdp_growth","interest_burden",7,0.114090308100054,0.0760162231354288,0.0129965967670807,0.0262259680771616,0.210278861964152,0.343859772856407
"gdp_growth","interest_burden",8,0.114100244012179,0.0764418546816117,0.0134419867259766,0.0268157072987742,0.20941679272649,0.341745662940557
"gdp_growth","interest_burden",9,0.114104205649143,0.0767467846800103,0.0137585361486519,0.0272843338442983,0.208794858729447,0.342211596233618
"gdp_growth","interest_burden",10,0.11410797963268,0.0768368965679403,0.0141140619938261,0.0276126385864822,0.20836483048005,0.341236936399425
"gdp_growth","interest_burden",11,0.11410630045429,0.0769588173167062,0.0143663243545425,0.0279599521177164,0.208473435628432,0.339771855542834
"gdp_growth","interest_burden",12,0.114110758360922,0.0772142997322914,0.0145785557340143,0.0281958546571617,0.208453375746444,0.338231857156247
"gdp_growth","interest_burden",13,0.114118892362826,0.0775206305826928,0.0147905512571839,0.0284468908091722,0.208289766935782,0.337262833000917
"gdp_growth","interest_burden",14,0.114127241385535,0.0779051960104328,0.0149709447751525,0.0287346459216277,0.208164555578512,0.336855463066849
"gdp_growth","interest_burden",15,0.114137151351637,0.078040691884989,0.0150830688068762,0.0288882033184946,0.207678324625416,0.336138636824295
"gdp_growth","interest_burden",16,0.114146892496125,0.0780871216836483,0.0152053575505549,0.0290514187985399,0.20728181197399,0.335602126857454
"gdp_growth","interest_burden",17,0.114157887831086,0.0781447043952105,0.0153172075011063,0.0291990559092166,0.207313574394083,0.334923430950551
"gdp_growth","interest_burden",18,0.114166074704985,0.0783034959209572,0.0154401847925735,0.0293721550252398,0.207073912151571,0.334629609155611
"gdp_growth","interest_burden",19,0.114173912466692,0.0782690592842524,0.01553895457973,0.0294566516673237,0.20702355617612,0.333957577752631
"gdp_growth","interest_burden",20,0.114178851254373,0.0783293987113529,0.0157007004836036,0.0295044143268074,0.206857558370088,0.33357749769563
"gdp_growth","interest_burden",21,0.114182903757735,0.0783948418781321,0.0157478366395374,0.0296979839181959,0.20658029754962,0.333210130129127
"gdp_growth","debt_growth",1,0.115364594828652,0.0622911281105375,0.00054664273968651,0.00558188289034799,0.241810639941117,0.412727192999569
"gdp_growth","debt_growth",2,0.11500405852951,0.0709912898107724,0.00463197037667118,0.0151337630590837,0.22792792870908,0.376599703611009
"gdp_growth","debt_growth",3,0.114818373875924,0.073043712595662,0.00808191590262103,0.0199760492895861,0.22271300965891,0.363309929675053
"gdp_growth","debt_growth",4,0.114738594595869,0.0746327562706645,0.00975664119661548,0.0217411074475722,0.220096990632108,0.357431113415994
"gdp_growth","debt_growth",5,0.114801180547927,0.0759280290312013,0.011457552120419,0.0237234626117152,0.217323915851185,0.350342211109676
"gdp_growth","debt_growth",6,0.114810997682988,0.07654744900955,0.0120664289115975,0.0245873354254839,0.216145347309603,0.34786138080739
"gdp_growth","debt_growth",7,0.114823882344533,0.0773322896691343,0.0127216471687725,0.0255579077965977,0.214398738999078,0.344895256838086
"gdp_growth","debt_growth",8,0.114816838066782,0.0779708741589483,0.0131066983424043,0.0259971800867546,0.213750098389736,0.343619164233123
"gdp_growth","debt_growth",9,0.114821984733687,0.078304747120359,0.0133227807210722,0.0263873096440351,0.213209851137581,0.342783338981114
"gdp_growth","debt_growth",10,0.114819956144654,0.078491092643889,0.0136072649293148,0.0267232955933206,0.21266026234497,0.342265023778752
"gdp_growth","debt_growth",11,0.114807113461818,0.078648529352552,0.0138142654630372,0.0270713657794236,0.212257135487705,0.341044867362925
"gdp_growth","debt_growth",12,0.114796493439771,0.0787956060842132,0.014049492132359,0.0273736985694223,0.211940878992332,0.339976924648127
"gdp_growth","debt_growth",13,0.114785234464824,0.0788780542843069,0.0142542047793812,0.0276207269245808,0.211767884150604,0.339074899563577
"gdp_growth","debt_growth",14,0.114776643812747,0.0791148314412649,0.0143932635645282,0.0277897031675543,0.211496356106122,0.338529553195255
"gdp_growth","debt_growth",15,0.11476594961086,0.0792363047844217,0.014670291483177,0.0279622945759424,0.211341876847803,0.338135124308556
"gdp_growth","debt_growth",16,0.11475804638023,0.0794317827581922,0.0148526624771938,0.0281601569402928,0.210933984873169,0.33743143153966
"gdp_growth","debt_growth",17,0.114750264832722,0.0794639319305697,0.0149606047090051,0.0283176210902063,0.210720035698143,0.337066291205735
"gdp_growth","debt_growth",18,0.114744492572203,0.079513468704819,0.0150606167339763,0.0284703218983497,0.210360230971862,0.336279866465064
"gdp_growth","debt_growth",19,0.114738909272638,0.0795211750305276,0.0152002749256632,0.0285725157003636,0.210009001600749,0.335773815119582
"gdp_growth","debt_growth",20,0.114735295333087,0.0795319570510711,0.0153112654882831,0.0286919053235408,0.209817714969743,0.33541716083548
"gdp_growth","debt_growth",21,0.114732444007266,0.0797466798860616,0.0153532038197928,0.028760331284404,0.209815329124275,0.334982366929563
"gdp_growth","real_house_price_growth",1,0.114774292202153,0.0612705011589044,0.000490129167435038,0.00521691923356709,0.239812205327251,0.40783697163816
"gdp_growth","real_house_price_growth",2,0.114519899580733,0.069999931879887,0.00418848699309709,0.0148880052372007,0.226111052478597,0.37374700002286
"gdp_growth","real_house_price_growth",3,0.114542348835219,0.0731208651764639,0.00763104798997276,0.0195066583340023,0.220498854794815,0.358021852249367
"gdp_growth","real_house_price_growth",4,0.114506659586986,0.0739982724014499,0.00916171328654598,0.0215222823876572,0.218639056802477,0.352585724912597
"gdp_growth","real_house_price_growth",5,0.114564738626823,0.0751660535679241,0.0110288551926466,0.0236390183494901,0.217414345401892,0.345993992470287
"gdp_growth","real_house_price_growth",6,0.114572897664133,0.0757048706649238,0.0116166419966214,0.02462770746155,0.215739591331635,0.343707663708802
"gdp_growth","real_house_price_growth",7,0.114554278805899,0.0763260441626951,0.0124598186918688,0.0256014216065998,0.21436569943403,0.341197614159148
"gdp_growth","real_house_price_growth",8,0.114542955352884,0.0765221775480463,0.0128002651117111,0.0261195318223363,0.213769564289152,0.339075436293724
"gdp_growth","real_house_price_growth",9,0.114527821099536,0.0770087054426518,0.0131301527879939,0.0264701198549701,0.213244960204409,0.338152609362926
"gdp_growth","real_house_price_growth",10,0.114520724860905,0.0771350812952395,0.0134059069416455,0.0266438873374399,0.212904675537337,0.337376681845178
"gdp_growth","real_house_price_growth",11,0.114503482008267,0.0773153848304789,0.013595747781379,0.0268661970228971,0.212349412122964,0.336749928912261
"gdp_growth","real_house_price_growth",12,0.114500139491905,0.0776073021713253,0.0138662178926311,0.0270185841221664,0.211853203170007,0.33596752154676
"gdp_growth","real_house_price_growth",13,0.11449425444647,0.0778325870813164,0.0141084118662575,0.0273161113556202,0.211548421381565,0.335219022325063
"gdp_growth","real_house_price_growth",14,0.114499900897088,0.078036001656547,0.0142359560987638,0.0275352857536375,0.211210662365387,0.334631097741007
"gdp_growth","real_house_price_growth",15,0.114503055965358,0.0781825422304886,0.0144352336597033,0.0276768007135584,0.211059778807041,0.334409621368015
"gdp_growth","real_house_price_growth",16,0.114512789825805,0.0783541390689727,0.0145741741273195,0.027961448713684,0.210904653290477,0.334250591500056
"gdp_growth","real_house_price_growth",17,0.114521293192469,0.0784807662503048,0.0146311550784893,0.0280697007377817,0.210472846583736,0.333974825399729
"gdp_growth","real_house_price_growth",18,0.114531681348852,0.0785449299543825,0.0147786553961478,0.0282378782075295,0.21013682261389,0.333311465495679
"gdp_growth","real_house_price_growth",19,0.114540344108135,0.0786664049742544,0.0149069896326983,0.0283328875805647,0.209833816099526,0.333002716870559
"gdp_growth","real_house_price_growth",20,0.114547883908963,0.0787786219927492,0.0150138647328987,0.0284700502479488,0.209681453022413,0.332844570329895
"gdp_growth","real_house_price_growth",21,0.114553806609288,0.0788628243789172,0.0150634574174691,0.0286306422883568,0.209517738427762,0.332824318053388
"gdp_growth","asset_liability_ratio",1,0.112494999291067,0.0595885674314514,0.000581154083555966,0.00563569401766468,0.232586335784584,0.404839597513203
"gdp_growth","asset_liability_ratio",2,0.112441792861092,0.0687753178930236,0.00475877711949036,0.0155366963437295,0.218351614160661,0.37381558235325
"gdp_growth","asset_liability_ratio",3,0.112500121664463,0.0712669373822945,0.00793523026140835,0.0204353139536848,0.213354423090983,0.361675700348908
"gdp_growth","asset_liability_ratio",4,0.112490387693887,0.0724299729353166,0.0098135060956503,0.0221906073570618,0.210963624296451,0.355782354176275
"gdp_growth","asset_liability_ratio",5,0.112558722874064,0.0736802030968952,0.0115647694383784,0.0244366998613754,0.20896508636466,0.350361224027121
"gdp_growth","asset_liability_ratio",6,0.112566477985677,0.0739328994845532,0.0125315571836562,0.0255063136738063,0.207528756463659,0.347967159417892
"gdp_growth","asset_liability_ratio",7,0.112599308380421,0.0745676186782405,0.0133436422206048,0.0265301669137915,0.206288680937988,0.344826704904547
"gdp_growth","asset_liability_ratio",8,0.112597709838581,0.0747890882089938,0.0137716001343892,0.0270591765772884,0.205766123405555,0.343319634727436
"gdp_growth","asset_liability_ratio",9,0.112603379629312,0.0751359689769523,0.0141546399710927,0.0274816466036836,0.204736186714864,0.341634527418011
"gdp_growth","asset_liability_ratio",10,0.112612376475843,0.0752234065123771,0.0145145916375788,0.0278422792287778,0.204486414300305,0.340419588515675
"gdp_growth","asset_liability_ratio",11,0.112607957946568,0.0756818867850524,0.0147500140966313,0.0281738923651923,0.204150375147021,0.339179944198924
"gdp_growth","asset_liability_ratio",12,0.112613458613963,0.0760183146744881,0.0150092642306637,0.0283756011345675,0.204048152025089,0.338183302437123
"gdp_growth","asset_liability_ratio",13,0.112616464550972,0.0761647036509961,0.0152248898334046,0.028705095750845,0.203667944895155,0.337379392751308
"gdp_growth","asset_liability_ratio",14,0.112628225927654,0.0763917602235488,0.015414775614386,0.028893118146173,0.203473718467914,0.336926738697853
"gdp_growth","asset_liability_ratio",15,0.11263427169477,0.0765228335641356,0.015650220141192,0.0290032474956049,0.20310437679878,0.336564682118731
"gdp_growth","asset_liability_ratio",16,0.112645240660556,0.0765885124268569,0.0157761447208009,0.0291465990376892,0.202744881316298,0.336377728442037
"gdp_growth","asset_liability_ratio",17,0.112654977902958,0.0765971757627659,0.0159423486998418,0.0293131747235317,0.202646235509009,0.335516201281554
"gdp_growth","asset_liability_ratio",18,0.112667373380284,0.0766969081923396,0.0160993566509458,0.0294196105350931,0.202522155796627,0.334967812159302
"gdp_growth","asset_liability_ratio",19,0.112677830613395,0.0767897842028762,0.0162783298796587,0.0296011848401228,0.20234063884532,0.334624533663452
"gdp_growth","asset_liability_ratio",20,0.112688535130825,0.0768222616940526,0.0164264869475203,0.0297671937118772,0.202282985420362,0.333999200558347
"gdp_growth","asset_liability_ratio",21,0.112698262794406,0.0769570298849988,0.0165656859386868,0.0299321476544463,0.202182756001283,0.333780112990499
"consumption_growth","gdp_growth",1,0.111297753883855,0.0589394021719761,0.00052074743158759,0.00548418670183457,0.230778318185268,0.397466404304296
"consumption_growth","gdp_growth",2,0.111002994824827,0.070983990619921,0.00476124694650853,0.0162979363369693,0.213575368352416,0.354674563671519
"consumption_growth","gdp_growth",3,0.111090955460703,0.0732998554297917,0.00778462970234433,0.0206507635014831,0.209002112024206,0.34353765157858
"consumption_growth","gdp_growth",4,0.111105157979301,0.0743663768839413,0.00978560873608928,0.0229046369543109,0.206745991936911,0.337766926292272
"consumption_growth","gdp_growth",5,0.111185963135481,0.0756422266649565,0.0116283541909044,0.0249360539716759,0.204357582082994,0.332917134481704
"consumption_growth","gdp_growth",6,0.111231325678691,0.0764402872427345,0.0125141825465552,0.0257267051722177,0.203959676661073,0.331502235052306
"consumption_growth","gdp_growth",7,0.111241728786105,0.0766205338747372,0.0131769037541811,0.0264887653463745,0.202875825906878,0.329680658935852
"consumption_growth","gdp_growth",8,0.111250958577924,0.0769854141515713,0.0135791127928748,0.0269236418297446,0.202109019877166,0.328513907894272
"consumption_growth","gdp_growth",9,0.111255085257604,0.0773461438461444,0.0139000125005379,0.0273612694545496,0.201488681800181,0.327484510248064
"consumption_growth","gdp_growth",10,0.111268682153609,0.0776520425538324,0.0141999762817811,0.0276514516403075,0.201042094898438,0.326653027904068
"consumption_growth","gdp_growth",11,0.111277770601997,0.0778476239469875,0.0143919653771372,0.0278351295050394,0.200714501154803,0.32576295396483
"consumption_growth","gdp_growth",12,0.111293180454402,0.0780705541530683,0.0146498840016292,0.0280858068969526,0.200206558380188,0.325154857238141
"consumption_growth","gdp_growth",13,0.111304618799926,0.0781277427637131,0.0149236705206659,0.0283586313161067,0.19985686044029,0.32495486385036
"consumption_growth","gdp_growth",14,0.11131945794411,0.0782645431948585,0.0151431328986686,0.0284724091503012,0.199503829671551,0.324291211272903
"consumption_growth","gdp_growth",15,0.111330382353858,0.0783594126612761,0.0153047067363411,0.0286348318543384,0.199282706435808,0.323542120112648
"consumption_growth","gdp_growth",16,0.111341086430198,0.0786004463041357,0.0153951005664025,0.0288042758333798,0.199117413279811,0.323359529411566
"consumption_growth","gdp_growth",17,0.111349234884208,0.0786339132045768,0.0154684615197095,0.0289335736020531,0.198830691586521,0.322941954849785
"consumption_growth","gdp_growth",18,0.111357025932883,0.0786396212331543,0.0155508537840979,0.0290466588598336,0.198642353275554,0.322693329809329
"consumption_growth","gdp_growth",19,0.111364584460166,0.0788472483321461,0.0156253881103932,0.0292240677203263,0.198457892174418,0.321864864903455
"consumption_growth","gdp_growth",20,0.11137169327165,0.0789759634982629,0.0157544941640872,0.0293456881021356,0.198278075020577,0.321567639326891
"consumption_growth","gdp_growth",21,0.111379721248614,0.0790945879187629,0.0158304327756419,0.0294034105465734,0.198440775763705,0.321273428563103
"consumption_growth","consumption_growth",1,0.11138081929391,0.0595930553522048,0.000554776271320716,0.00529486213166276,0.233296905106825,0.397709643225296
"consumption_growth","consumption_growth",2,0.110509159386929,0.0699764440844189,0.00461312104545534,0.0159623265146653,0.215899362460811,0.34902559508413
"consumption_growth","consumption_growth",3,0.110564347321438,0.072689657370535,0.00796347713335051,0.0198146794886208,0.211180564513062,0.337837903719186
"consumption_growth","consumption_growth",4,0.110641888519899,0.0736755650244773,0.00985697781446909,0.0219926299791258,0.20881323903851,0.332939567574871
"consumption_growth","consumption_growth",5,0.110791072624015,0.0751675781827364,0.0117920081836287,0.024363752191241,0.20624947522791,0.326678323612995
"consumption_growth","consumption_growth",6,0.110799150361014,0.0756096955328814,0.0123749131047484,0.0251915072639592,0.205552968184085,0.324598281891608
"consumption_growth","consumption_growth",7,0.110794406784398,0.0761392494742016,0.0128997262769497,0.0258066231171721,0.204928611254539,0.323049532682004
"consumption_growth","consumption_growth",8,0.110789377440651,0.0764490088681727,0.0133974803828243,0.0261848503637851,0.204416839291055,0.321821571645127
"consumption_growth","consumption_growth",9,0.110782474450258,0.0767403827467965,0.0136191601261592,0.0265661646221288,0.204168206975637,0.320573260771483
"consumption_growth","consumption_growth",10,0.110788454020647,0.0769760242995269,0.0140383353111762,0.0269014499934061,0.203877961392975,0.319874925369676
"consumption_growth","consumption_growth",11,0.110793290301444,0.077118057937069,0.0142153811997082,0.0271903201910076,0.20374894007806,0.318686998953907
"consumption_growth","consumption_growth",12,0.110806810675126,0.077243982639641,0.0143868265227132,0.0275241086228356,0.203299503080839,0.318001499204238
"consumption_growth","consumption_growth",13,0.110815871978942,0.0773458931877817,0.0145167924860822,0.0277387127757111,0.202942660699992,0.317531153114057
"consumption_growth","consumption_growth",14,0.110829311433505,0.0774626528967522,0.0146844481672609,0.0279119575236953,0.202478455490391,0.3169023788723
"consumption_growth","consumption_growth",15,0.110837071987568,0.077538820408347,0.0147700667449542,0.0281584136102814,0.202119053204473,0.316545283364342
"consumption_growth","consumption_growth",16,0.110847098101969,0.0776291310492923,0.0149488293122039,0.0282865645165812,0.201971686686129,0.316371886356309
"consumption_growth","consumption_growth",17,0.110852301998642,0.0776967811188392,0.0150435012274763,0.0284723666171921,0.20155365822893,0.316071270660276
"consumption_growth","consumption_growth",18,0.110860163686172,0.077710294706784,0.0151805926318769,0.0286079771413135,0.201390984743984,0.315731446725004
"consumption_growth","consumption_growth",19,0.110864964026085,0.0777286203939873,0.0152355888867872,0.028769915290792,0.201033701582949,0.315680376262386
"consumption_growth","consumption_growth",20,0.110872022655613,0.0778085313531976,0.0153020787403152,0.0288873668243117,0.201081188896017,0.315430996103429
"consumption_growth","consumption_growth",21,0.110877038646493,0.0779125437725335,0.0154123532365269,0.0289233307824334,0.200939626974584,0.314998617698005
"consumption_growth","cpi_growth",1,0.112619537783892,0.0592961956026127,0.000526323045836188,0.0052235863614194,0.235674555184158,0.405225254336218
"consumption_growth","cpi_growth",2,0.112095040041436,0.0700827992250811,0.00473097626861694,0.0159366330507032,0.216939284824201,0.365675180748316
"consumption_growth","cpi_growth",3,0.112163938843493,0.0729520658303001,0.00801197278411079,0.0201819742581339,0.212756930830259,0.350522880629313
"consumption_growth","cpi_growth",4,0.11210263839808,0.0745150171735124,0.00995016693374171,0.0226158028072532,0.21094110536745,0.345360684995629
"consumption_growth","cpi_growth",5,0.112171689679419,0.0755475874376964,0.011877127489899,0.0247127309081625,0.207998630791099,0.341091844953886
"consumption_growth","cpi_growth",6,0.112207650666893,0.0760445586070092,0.012484713287223,0.0255132553567234,0.207136091553246,0.338727363943197
"consumption_growth","cpi_growth",7,0.112197713580625,0.0764212429711282,0.0130284247179515,0.0260248385251798,0.206545251602321,0.336773749295753
"consumption_growth","cpi_growth",8,0.112217611937747,0.0767875336940918,0.0133423109126423,0.0263637297833317,0.205870207402227,0.33495340096831
"consumption_growth","cpi_growth",9,0.112197328210398,0.0768269534774693,0.0136428412005316,0.0267507920262366,0.205671431360296,0.334558935616494
"consumption_growth","cpi_growth",10,0.112206318133681,0.0768906128338902,0.0138709856458175,0.0270619674871263,0.204928818545551,0.33367945030649
"consumption_growth","cpi_growth",11,0.112197996077591,0.0769573845165251,0.0140973543995262,0.0273744705567793,0.204759527342758,0.333070991062177
"consumption_growth","cpi_growth",12,0.112211509429253,0.077188129365036,0.0142872015311441,0.0277450117354725,0.20424429788353,0.332225001013104
"consumption_growth","cpi_growth",13,0.112217351426544,0.0773723006829961,0.0144145055993874,0.0279118047239329,0.203956953112325,0.332123818434304
"consumption_growth","cpi_growth",14,0.112230024633497,0.0776608558006146,0.0145890146100974,0.0281350540172613,0.20385318955152,0.331920580978128
"consumption_growth","cpi_growth",15,0.11223767823416,0.0777177854311122,0.0147030655217727,0.0281942405147756,0.203268944972893,0.331403023009013
"consumption_growth","cpi_growth",16,0.112246523960019,0.0777592935362477,0.0148276846565796,0.028348304185599,0.202840404283287,0.330934575279188
"consumption_growth","cpi_growth",17,0.112254747917675,0.077871702885553,0.0148812697689765,0.0284734475466484,0.202692860671937,0.330602601137505
"consumption_growth","cpi_growth",18,0.112260454532812,0.0779582840055664,0.0149509714111353,0.0285394599187931,0.202900028048869,0.329880945738594
"consumption_growth","cpi_growth",19,0.1122659753166,0.0781328370652869,0.0151600357043589,0.0286821887728794,0.202763156659119,0.329178870637773
"consumption_growth","cpi_growth",20,0.112269260416738,0.0781208015881313,0.015208407099837,0.0287597778753305,0.202575127592265,0.329024945506273
"consumption_growth","cpi_growth",21,0.112273800801193,0.078256980713308,0.015288287760707,0.0289412469929119,0.202470564307452,0.32881366323758
"consumption_growth","saving_rate",1,0.11317239515387,0.0593225495826623,0.000459169003118525,0.00591541895510618,0.233957533078472,0.407661661325946
"consumption_growth","saving_rate",2,0.112736070234267,0.071617082102432,0.00487930963970901,0.0167076283395862,0.216363653919778,0.363661518700252
"consumption_growth","saving_rate",3,0.112828496713505,0.0738878520927201,0.00813335398584886,0.0208456962496039,0.21081314640214,0.352422293693633
"consumption_growth","saving_rate",4,0.112791286865253,0.0753753002905203,0.0100173646909757,0.0231218805199922,0.209177841838407,0.347962581549304
"consumption_growth","saving_rate",5,0.112881301844004,0.0769285287173288,0.0118076273137701,0.0250861667356218,0.205249045019622,0.340738924122888
"consumption_growth","saving_rate",6,0.112862038710083,0.0772622534090165,0.0122883562946295,0.0258420021642782,0.204510059944376,0.338187126947635
"consumption_growth","saving_rate",7,0.112855347597888,0.077855273855659,0.0127892602887859,0.026689267065322,0.204165373630475,0.335286138977313
"consumption_growth","saving_rate",8,0.112839815780129,0.0780319328151804,0.0131281510032266,0.0271467018667749,0.203668083330874,0.3345711747509
"consumption_growth","saving_rate",9,0.112814694866639,0.078337015445893,0.0135215541743734,0.0274959549563468,0.203432672031232,0.332964106088206
"consumption_growth","saving_rate",10,0.11281429301013,0.0783182671087178,0.013851908441955,0.027841899798498,0.202949795076459,0.33226077955062
"consumption_growth","saving_rate",11,0.112813308374065,0.0784432858605655,0.0140841611143443,0.0281184520200549,0.202789390385162,0.33198484815918
"consumption_growth","saving_rate",12,0.112828624835518,0.0786398420843756,0.0143250487528204,0.0284117616377172,0.202569043738348,0.331136782372743
"consumption_growth","saving_rate",13,0.112833783725377,0.0788001829581337,0.0144952266820809,0.0285940227445621,0.202517146959615,0.330794487000449
"consumption_growth","saving_rate",14,0.11284687950462,0.079035418730993,0.0147378678520053,0.0286904619132085,0.202414030864315,0.330316139128564
"consumption_growth","saving_rate",15,0.11285423143549,0.0791120177943459,0.0149246028432027,0.0288753727643489,0.202306577718257,0.329765463518418
"consumption_growth","saving_rate",16,0.112863159695012,0.0792160210235542,0.0150714146192468,0.0289594930698971,0.202070414494035,0.329159692988776
"consumption_growth","saving_rate",17,0.112868138562337,0.079312150028356,0.0152136840040462,0.0290630355590909,0.201790475722671,0.328960508983632
"consumption_growth","saving_rate",18,0.11287318848164,0.0794794459662331,0.0153339185246532,0.0292202848282538,0.201614207187501,0.327969006150664
"consumption_growth","saving_rate",19,0.112876623294806,0.0795049658395141,0.0155010694729212,0.0294078187579887,0.20140547470167,0.327421741750663
"consumption_growth","saving_rate",20,0.112879416706237,0.079564881965269,0.0156027935205219,0.0295534682859855,0.201139801120744,0.32710912328753
"consumption_growth","saving_rate",21,0.112881798957523,0.0795127523340805,0.0156580942431087,0.0296914136631815,0.200855382496299,0.326835791636305
"consumption_growth","policy_rate",1,0.0990966050798911,0.0527936818942914,0.000487152485123094,0.00476172845132212,0.204674925337561,0.35505284528677
"consumption_growth","policy_rate",2,0.10407656431553,0.0702607467308346,0.00585030574765996,0.0184259161841779,0.194648944424496,0.31982676249154
"consumption_growth","policy_rate",3,0.103414943745899,0.0712801449773796,0.00839826129300018,0.0210709757357583,0.189629204196817,0.309059367932323
"consumption_growth","policy_rate",4,0.103264862727503,0.0720501437571811,0.0101817622591671,0.0229523806081944,0.187596855140472,0.303550170687744
"consumption_growth","policy_rate",5,0.102547550748769,0.071977176588104,0.0111037027668577,0.0240779977728688,0.184885699419262,0.298389565309875
"consumption_growth","policy_rate",6,0.102409040805197,0.0721585891526854,0.0116737577986274,0.0246543784477102,0.184284581895913,0.29608297216136
"consumption_growth","policy_rate",7,0.102456151051224,0.0724304995571321,0.0124103605827613,0.0253717290457885,0.183586226564804,0.29391661303555
"consumption_growth","policy_rate",8,0.102439517818626,0.0728005272407651,0.0127517721093618,0.0257891376406596,0.18310757216388,0.292987194640187
"consumption_growth","policy_rate",9,0.102569409744879,0.0730982921850124,0.0131538078932782,0.026198480699598,0.182738339136012,0.291208457210194
"consumption_growth","policy_rate",10,0.102531273116857,0.0731570460304082,0.0133548180485034,0.0264478449716284,0.182614237407295,0.290541299611521
"consumption_growth","policy_rate",11,0.10254303471632,0.0734007131646519,0.0135887355372007,0.0266971697901431,0.182092382179344,0.28972934578019
"consumption_growth","policy_rate",12,0.102445723049719,0.0734619274203354,0.0137537527684635,0.0267945854122268,0.181835793310449,0.288897835280971
"consumption_growth","policy_rate",13,0.102395067112807,0.0734184556958201,0.0139275334940051,0.0269175989150048,0.181728395788136,0.288566195508424
"consumption_growth","policy_rate",14,0.102302041452142,0.0734835491511335,0.0139737899443416,0.0270164012028408,0.181190563097636,0.287677248058177
"consumption_growth","policy_rate",15,0.102240202473906,0.0734766728060352,0.014058129899768,0.0270759702942735,0.180999472647331,0.287301177787411
"consumption_growth","policy_rate",16,0.102170979264093,0.0734430229703443,0.0141676090520699,0.0271454589700731,0.180786861904747,0.286677198837318
"consumption_growth","policy_rate",17,0.102120005313111,0.0734949916173823,0.0142001248869482,0.0272402731405699,0.180725157793089,0.286204316842416
"consumption_growth","policy_rate",18,0.102072923352798,0.07352518574905,0.0142542726580366,0.0272948106146773,0.180590565892015,0.285825372643766
"consumption_growth","policy_rate",19,0.102033431787735,0.0735232987646228,0.0143353792651033,0.0273584390152399,0.180311591714168,0.285465544538632
"consumption_growth","policy_rate",20,0.101999257829283,0.073600016922376,0.0143862647027032,0.0274156127686166,0.179998621965859,0.285401765690381
"consumption_growth","policy_rate",21,0.101966934517229,0.0735525310981321,0.0144930248981781,0.027502138306446,0.179826445714575,0.285317572766596
"consumption_growth","interest_burden",1,0.113200405181199,0.0592082770188309,0.000547446643338158,0.00594487240740546,0.232793440649121,0.41586262282875
"consumption_growth","interest_burden",2,0.112487354270043,0.0710379710333899,0.00500960540991272,0.017224928059051,0.217167862508663,0.367972096217682
"consumption_growth","interest_burden",3,0.112507719846925,0.0738142140713054,0.00806036143078474,0.021160307226627,0.213023120512034,0.35527324825634
"consumption_growth","interest_burden",4,0.112566149134108,0.0745824324651967,0.0100119073017675,0.0232761841700412,0.209906754767543,0.349547449530657
"consumption_growth","interest_burden",5,0.112612948082654,0.0758266669924914,0.0116576582245438,0.0255223442296198,0.208232748599468,0.343817021180916
"consumption_growth","interest_burden",6,0.112615129977479,0.0763178777371629,0.0123919063801241,0.0261749546349214,0.207147892239969,0.341598290974716
"consumption_growth","interest_burden",7,0.11260319605681,0.0768324679819834,0.0128971272030228,0.0268931121190858,0.206340314948528,0.339466387991837
"consumption_growth","interest_burden",8,0.112600381398906,0.0772465522930967,0.0134794384848866,0.0273716493950791,0.205569647921686,0.338049847720959
"consumption_growth","interest_burden",9,0.112584165579232,0.0773023367668737,0.0136492621341363,0.0277535200630017,0.204837608461646,0.337510004202341
"consumption_growth","interest_burden",10,0.112581453837906,0.0776777126767963,0.0140463376438991,0.0279762670583367,0.204427065695018,0.336563606602581
"consumption_growth","interest_burden",11,0.112580845952638,0.0777685466954623,0.0142287268418167,0.0281418948002482,0.204337367877415,0.335771246439908
"consumption_growth","interest_burden",12,0.112585105661221,0.0779532954816437,0.0143913313669076,0.0283204317850982,0.204225423995675,0.335282555469123
"consumption_growth","interest_burden",13,0.112590147980906,0.078036120982467,0.0145476684185441,0.0285988073050216,0.203967048728848,0.333623184641315
"consumption_growth","interest_burden",14,0.112594025957336,0.0781984236503909,0.0147988630216953,0.0289075831451929,0.203709226950312,0.333380326649134
"consumption_growth","interest_burden",15,0.112599475918404,0.0783277868454038,0.0149457353215317,0.0289455593659965,0.203602068616974,0.332312715912907
"consumption_growth","interest_burden",16,0.112602558939313,0.0783134969719926,0.0150611856110615,0.029177955335095,0.20345337175122,0.331141605993185
"consumption_growth","interest_burden",17,0.11260593170829,0.0784794094630506,0.0152034848963329,0.0293171517730324,0.203348864063333,0.330778805819175
"consumption_growth","interest_burden",18,0.112607777389164,0.078533420988174,0.0153087359322335,0.0294638972026848,0.203266806489115,0.330467701374623
"consumption_growth","interest_burden",19,0.112608804830055,0.0785885161074739,0.015438200824764,0.0295048919300452,0.203200448048439,0.330242802839303
"consumption_growth","interest_burden",20,0.112608418940963,0.0785610809753752,0.0154579774292187,0.0296500462184831,0.203092797417651,0.330083520196151
"consumption_growth","interest_burden",21,0.112606536438688,0.0787119273696668,0.0155996744617841,0.0297063663952342,0.203031768893708,0.329817816930287
"consumption_growth","debt_growth",1,0.111249642223018,0.0584978852562287,0.000512954122948214,0.00512426521566732,0.234403702462432,0.39955913172208
"consumption_growth","debt_growth",2,0.110888049962083,0.0702609897092646,0.00462425584401807,0.0163561961205626,0.215456036363787,0.357168383124281
"consumption_growth","debt_growth",3,0.111155653961148,0.0729778995098354,0.00787145824234175,0.020567223529725,0.211132594888939,0.342862399920127
"consumption_growth","debt_growth",4,0.111190164559123,0.0740806673790695,0.00980937641933905,0.0227261858258124,0.208387830929099,0.336889508310088
"consumption_growth","debt_growth",5,0.11129387265246,0.075356943404867,0.0113090480971866,0.0245276229185856,0.207421420394661,0.331631488092621
"consumption_growth","debt_growth",6,0.111312986140968,0.0756116137349954,0.0121940023146309,0.0254444395070961,0.20623474656475,0.328163910484833
"consumption_growth","debt_growth",7,0.111323329629492,0.0759639792897801,0.0126380987177914,0.0259741189487764,0.205537636243913,0.326639316182423
"consumption_growth","debt_growth",8,0.111339671554129,0.0763817968935507,0.0130774373935215,0.026446952631185,0.204964696517164,0.325881900491031
"consumption_growth","debt_growth",9,0.11132731608571,0.0765219217301138,0.0133720270357451,0.0267350159088048,0.204644917130075,0.323748329789978
"consumption_growth","debt_growth",10,0.111337091994517,0.0768493861759488,0.0136328676330828,0.0270767353248738,0.204405745982122,0.322884413286787
"consumption_growth","debt_growth",11,0.111334573903603,0.0770328188047772,0.0140085248924844,0.0273351055114197,0.203916922652818,0.321783336659105
"consumption_growth","debt_growth",12,0.111350738251405,0.0771129579009209,0.0141611961032455,0.027695012765063,0.203563621462274,0.321742863524123
"consumption_growth","debt_growth",13,0.111359018895844,0.0771420349194764,0.0143588452996587,0.0279302397033346,0.203464923420235,0.320880959919647
"consumption_growth","debt_growth",14,0.111374519839976,0.077332772426602,0.0144525492887526,0.0280926112801987,0.203370533499175,0.320374834410207
"consumption_growth","debt_growth",15,0.111385931473337,0.0774727710794685,0.014570245418339,0.0282484857140922,0.203005133991291,0.319949904503803
"consumption_growth","debt_growth",16,0.111399433274923,0.0775366660937009,0.0146515344404201,0.0284757821735938,0.202809257788389,0.319619033650937
"consumption_growth","debt_growth",17,0.11141028698827,0.0775928893708261,0.0148265852640461,0.0285809647393951,0.202730752774364,0.319349935813893
"consumption_growth","debt_growth",18,0.111420555496346,0.0778262263975584,0.0150062957412384,0.0286671913223633,0.202819819292437,0.319183429195011
"consumption_growth","debt_growth",19,0.111430551470029,0.0779311274710568,0.0151704326671124,0.0287338377405416,0.202718356652373,0.319010893785828
"consumption_growth","debt_growth",20,0.111440080568355,0.0780309228453843,0.0152387803316091,0.0288407332457903,0.202459224410442,0.318791840114215
"consumption_growth","debt_growth",21,0.111449726483136,0.0781382100969926,0.0153471684737933,0.0288915952505905,0.202211953245345,0.318403117555094
"consumption_growth","real_house_price_growth",1,0.114065838845822,0.0614547540001064,0.000514806543119044,0.00554915342523778,0.237338728433855,0.403282637661737
"consumption_growth","real_house_price_growth",2,0.113202097513528,0.0711962314364279,0.00486083578791387,0.016272839470676,0.219137261045822,0.360339378566087
"consumption_growth","real_house_price_growth",3,0.113263069991267,0.0740607701364567,0.00775358522159644,0.0204697682058624,0.215378240296351,0.350195117288295
"consumption_growth","real_house_price_growth",4,0.113228749500674,0.076048732199973,0.00990208242685396,0.0227506099021378,0.212521023845679,0.343136658490519
"consumption_growth","real_house_price_growth",5,0.113356562271544,0.0767991935721778,0.0117122130875049,0.0247280728239863,0.210254876173038,0.337571414621955
"consumption_growth","real_house_price_growth",6,0.113374960568943,0.077397637273756,0.0124662525890564,0.025493701609025,0.209347104482127,0.335366679768318
"consumption_growth","real_house_price_growth",7,0.113368738097361,0.0777613003005488,0.0132006734612249,0.0261172944936421,0.207841414214917,0.333741726106701
"consumption_growth","real_house_price_growth",8,0.113369009214071,0.0781575689205804,0.0135049996339672,0.0265751357801881,0.207587161889292,0.332536879690964
"consumption_growth","real_house_price_growth",9,0.113350304978178,0.0783913016976419,0.0138667581148142,0.026969640355746,0.207135681351127,0.331437813450953
"consumption_growth","real_house_price_growth",10,0.113355136766842,0.0786731655664526,0.0141885118304889,0.0271816115704814,0.206777378328115,0.330489200527386
"consumption_growth","real_house_price_growth",11,0.113351241634589,0.0789136532826392,0.0143945981098729,0.0273882913699902,0.206441359168206,0.329678740779935
"consumption_growth","real_house_price_growth",12,0.113359929489193,0.0790373048868026,0.0146464281471493,0.0276708001867303,0.205935496276937,0.328688611493044
"consumption_growth","real_house_price_growth",13,0.113360444996486,0.0791271607444306,0.0148506894448649,0.0279146305028996,0.20574703028593,0.32823199582914
"consumption_growth","real_house_price_growth",14,0.113366819005963,0.0793033452837632,0.0149970820538001,0.0281242709141735,0.205329033874723,0.327414587968191
"consumption_growth","real_house_price_growth",15,0.113370136016349,0.0793501093823897,0.0152263992398156,0.0282664038524589,0.20496054207261,0.326786605944149
"consumption_growth","real_house_price_growth",16,0.113374169155456,0.0794278822009972,0.0153862249821307,0.0284372816716685,0.204916646112198,0.326326010031018
"consumption_growth","real_house_price_growth",17,0.113377768401694,0.0795808088615992,0.0155536612225347,0.0284817429545719,0.204655200006817,0.325918992473678
"consumption_growth","real_house_price_growth",18,0.113379721996425,0.0796321458444212,0.0156703855205607,0.0286533965785024,0.204571977122105,0.32501278711568
"consumption_growth","real_house_price_growth",19,0.113382160354261,0.0797218399914719,0.0157653635838408,0.0288577887802828,0.204365171435675,0.324768412339948
"consumption_growth","real_house_price_growth",20,0.113382391799984,0.0797107002114316,0.0158144033611561,0.0289635513408732,0.20407352682523,0.324650969492839
"consumption_growth","real_house_price_growth",21,0.113383781956157,0.0799204816633032,0.0158846090959698,0.029056571109749,0.203815870463225,0.324493712673897
"consumption_growth","asset_liability_ratio",1,0.113917002554543,0.0605850405957965,0.000539091798151831,0.00542818418195554,0.24047147535678,0.401907568904308
"consumption_growth","asset_liability_ratio",2,0.113002669451357,0.0713629000067002,0.00485680154839576,0.0162201755777881,0.222145279812566,0.360938941618043
"consumption_growth","asset_liability_ratio",3,0.113010874115623,0.0736365330967814,0.00792005704222514,0.0202600146119491,0.216412381104951,0.349119165074573
"consumption_growth","asset_liability_ratio",4,0.113109102316059,0.0749880614501871,0.0100433752571652,0.0224188030030897,0.21499398533779,0.343310766706799
"consumption_growth","asset_liability_ratio",5,0.113159038961653,0.0756987960293097,0.0115891487557048,0.0246774671735468,0.211799313350422,0.337890372128598
"consumption_growth","asset_liability_ratio",6,0.113187717090732,0.0761643882670148,0.0122174410512833,0.0253753414600786,0.211207078239924,0.334698021192712
"consumption_growth","asset_liability_ratio",7,0.113159388416098,0.0767961824559143,0.0127866174326369,0.0261745009114582,0.210339075643926,0.333382378718244
"consumption_growth","asset_liability_ratio",8,0.113153656277816,0.0768881225186986,0.0131102138864105,0.0265360737855276,0.209654573017478,0.332637775925179
"consumption_growth","asset_liability_ratio",9,0.113119220827103,0.07710298771827,0.0134520056600253,0.0267186161545697,0.209050313280964,0.33188795249217
"consumption_growth","asset_liability_ratio",10,0.11311729696581,0.0772892006223297,0.0135777093457032,0.0270017461044434,0.208574300313945,0.330546860022431
"consumption_growth","asset_liability_ratio",11,0.113107938437753,0.0774682841698801,0.0138976621306358,0.0272126985618107,0.208147496503309,0.329667692248503
"consumption_growth","asset_liability_ratio",12,0.113118378154162,0.0775756365236867,0.014172240584271,0.0275691504840828,0.207926023748219,0.32923669467673
"consumption_growth","asset_liability_ratio",13,0.113123695083169,0.0778202358065085,0.0142827254516148,0.0277400500388317,0.207710234309216,0.329075245190027
"consumption_growth","asset_liability_ratio",14,0.11313692022885,0.0779786557856652,0.0144563388865242,0.0278830904511703,0.207425270836449,0.328730837146117
"consumption_growth","asset_liability_ratio",15,0.113144890106929,0.0781110195526993,0.0146324230219524,0.0280499746406955,0.207370263621575,0.328119265923363
"consumption_growth","asset_liability_ratio",16,0.113154991179017,0.0782053465419982,0.0148036878911321,0.0281880642486222,0.207202135497188,0.327746359245276
"consumption_growth","asset_liability_ratio",17,0.113161584225771,0.0782457444531651,0.0148820558514199,0.0283540851313005,0.207142647461347,0.326775598476557
"consumption_growth","asset_liability_ratio",18,0.113168189131761,0.0783324573767419,0.0149867354797802,0.028428934002336,0.207010810858403,0.326315780378529
"consumption_growth","asset_liability_ratio",19,0.113172904460264,0.0784985968375548,0.0150484862725164,0.028584351778798,0.206715072804507,0.326443970382081
"consumption_growth","asset_liability_ratio",20,0.113177457811177,0.0786837748896785,0.0150895983382891,0.0286345416953868,0.206487689868578,0.325902021091717
"consumption_growth","asset_liability_ratio",21,0.113180660950967,0.0787070016632894,0.0151259670526229,0.0287540865472999,0.206271919061459,0.325703589084189
"cpi_growth","gdp_growth",1,0.121290489792073,0.067081990203393,0.000620203775530899,0.00633617557120495,0.249672717071251,0.426993191909721
"cpi_growth","gdp_growth",2,0.121052171917802,0.0727079296271904,0.00443378722210763,0.0150958256322655,0.239107451163382,0.396838943633577
"cpi_growth","gdp_growth",3,0.119668173868299,0.0730238834095629,0.00669605461655591,0.0176473779306411,0.232792151992552,0.386570731531444
"cpi_growth","gdp_growth",4,0.119341833366795,0.077015655408152,0.00886397221071737,0.0209702265350351,0.226585578963567,0.370270412764541
"cpi_growth","gdp_growth",5,0.118092584024216,0.0771674834644883,0.0104495531566728,0.0231321782274967,0.222111074780202,0.363007843450824
"cpi_growth","gdp_growth",6,0.117492007546629,0.0787220150617931,0.0118240443790516,0.0247488277495769,0.2174673445828,0.353710842889295
"cpi_growth","gdp_growth",7,0.116793406405705,0.079274416181541,0.0126093685885695,0.0262411904574573,0.215171935872604,0.344469794018544
"cpi_growth","gdp_growth",8,0.116658031157219,0.0805223572130279,0.0133734599699003,0.027429041444338,0.213657296050519,0.339370550018251
"cpi_growth","gdp_growth",9,0.116390988263123,0.0815257824961363,0.0140448081177475,0.0283451138035498,0.212567964089544,0.334633862521699
"cpi_growth","gdp_growth",10,0.116373847326619,0.0822978371426037,0.0142860785211545,0.0288634185005047,0.211244492924126,0.332333870860134
"cpi_growth","gdp_growth",11,0.116318733258078,0.0827370818071312,0.0146797904004892,0.0294325174604881,0.210047706382799,0.330544307666479
"cpi_growth","gdp_growth",12,0.116364300159988,0.0828143816684234,0.014827623863448,0.0297724767674985,0.209605130075045,0.330790690761695
"cpi_growth","gdp_growth",13,0.116366896733243,0.0833478297817866,0.0151036133675183,0.0300148329260489,0.209401226858193,0.329824344790648
"cpi_growth","gdp_growth",14,0.1163803645424,0.0834202295007576,0.0152998091232503,0.0302085531649626,0.208944631489204,0.329370406834316
"cpi_growth","gdp_growth",15,0.11636438846857,0.0836260444415985,0.0156304384956844,0.0303957356932549,0.208339083497802,0.326960977415048
"cpi_growth","gdp_growth",16,0.116342111945386,0.0838536021299258,0.0158168424101074,0.0306549723820281,0.208173622442928,0.326861753933384
"cpi_growth","gdp_growth",17,0.116314060459596,0.0842156131089616,0.0158957123381523,0.0310630960026237,0.208201263791948,0.326097877527165
"cpi_growth","gdp_growth",18,0.116284028595423,0.0842358927305399,0.0160579337027289,0.0311167830436152,0.207950602542123,0.325522612564479
"cpi_growth","gdp_growth",19,0.116260882912925,0.0843157323955104,0.0163148286706098,0.0312420610427372,0.207554473567499,0.324921796715169
"cpi_growth","gdp_growth",20,0.116238650385979,0.0844756455790575,0.0164475016729347,0.0313821568965976,0.207008964844089,0.324848426117969
"cpi_growth","gdp_growth",21,0.116228324095794,0.0845832767375184,0.016696120373757,0.0314794624542762,0.206861623611553,0.324650691901912
"cpi_growth","consumption_growth",1,0.122687810526358,0.0679420376672505,0.000796047583453996,0.00681066464317246,0.254270348158354,0.427246123135934
"cpi_growth","consumption_growth",2,0.122259924639913,0.0738028847595744,0.00388568706964791,0.0148763884959719,0.241839444056611,0.403299188624382
"cpi_growth","consumption_growth",3,0.120774938546328,0.0735775366371607,0.00622242953893778,0.017143040785452,0.237664503047413,0.393142078818344
"cpi_growth","consumption_growth",4,0.120260837871933,0.0766180733567159,0.0087797760816514,0.020560825423527,0.231021337846364,0.378982373281376
"cpi_growth","consumption_growth",5,0.118877503039553,0.0761939149094621,0.0105179903058685,0.0224027517385619,0.225639950807588,0.370624860673528
"cpi_growth","consumption_growth",6,0.11817922013797,0.0785579485329276,0.0118010943783502,0.0243128094530871,0.221517206477508,0.359319866475536
"cpi_growth","consumption_growth",7,0.117440772823548,0.0791652324998516,0.0125668931898749,0.025882124888853,0.21768405142711,0.351813463472938
"cpi_growth","consumption_growth",8,0.117277733647242,0.0803297111812646,0.0132844846712563,0.0269474933202104,0.216553493481071,0.348855461790553
"cpi_growth","consumption_growth",9,0.116979118033463,0.0809453259283208,0.0138598673443198,0.0278317722461122,0.21448492235606,0.344433969216684
"cpi_growth","consumption_growth",10,0.116925012210429,0.0813025666787587,0.0141411185458996,0.0283989290595456,0.213756761171696,0.342148292915163
"cpi_growth","consumption_growth",11,0.116842277338892,0.081786629061973,0.0145054272514633,0.0291982532763208,0.212320032446726,0.339458416536722
"cpi_growth","consumption_growth",12,0.116850811969868,0.0820919225636559,0.0148624378388573,0.0293887968319198,0.212039091617279,0.337914082047111
"cpi_growth","consumption_growth",13,0.116831753298523,0.0824532539639015,0.0151138870783106,0.0298665657533683,0.2113465562187,0.336658909895925
"cpi_growth","consumption_growth",14,0.116832093745148,0.0829623176137153,0.015129854727342,0.0301440180312599,0.211096514232396,0.335577476510066
"cpi_growth","consumption_growth",15,0.116825631203575,0.0832537000819915,0.0153140208657449,0.03055519197406,0.210382887572346,0.333708274160129
"cpi_growth","consumption_growth",16,0.116814497517299,0.0834518920827957,0.0154864407755915,0.0307982405183737,0.209537062607872,0.332914880260846
"cpi_growth","consumption_growth",17,0.116800477733569,0.0834631206681503,0.0156984735973858,0.0309399663030948,0.209353770828422,0.331555915153884
"cpi_growth","consumption_growth",18,0.116779500673749,0.0836621514969725,0.0158533981246796,0.0312445176964393,0.208813776077219,0.331320760745206
"cpi_growth","consumption_growth",19,0.116760075392509,0.0839499507127777,0.0160321003782782,0.0313534877138295,0.20832657795164,0.330887675094011
"cpi_growth","consumption_growth",20,0.116737427821087,0.0841340452543189,0.0162454457290017,0.0314578672263718,0.208038007134722,0.330638025368043
"cpi_growth","consumption_growth",21,0.116719167700188,0.0840617652316358,0.0164009038649889,0.0316476389848968,0.208037031404399,0.330358443426136
"cpi_growth","cpi_growth",1,0.121110640295988,0.0654567934717739,0.000585195183749448,0.00585290047157644,0.252994661278885,0.431277709046165
"cpi_growth","cpi_growth",2,0.121121659699401,0.0723928257183961,0.00433959515033446,0.014335541710775,0.240286664130089,0.402723537073221
"cpi_growth","cpi_growth",3,0.119789060558218,0.0725348156247757,0.00643410277041763,0.0169310949522698,0.236544709909673,0.392046953511118
"cpi_growth","cpi_growth",4,0.119660165116773,0.0765969343230159,0.00843552885453375,0.0207354815200467,0.22982118780233,0.376550543794781
"cpi_growth","cpi_growth",5,0.118273478309126,0.0761294032621722,0.0101653645795901,0.0226758443144689,0.224765531093626,0.366511489021363
"cpi_growth","cpi_growth",6,0.11768530296753,0.0777688042420047,0.0114370645773333,0.0248243892783847,0.220469697484622,0.356221947781221
"cpi_growth","cpi_growth",7,0.116929537649235,0.0784440382377473,0.0125082996564688,0.026415688126967,0.217207880378283,0.34834144206841
"cpi_growth","cpi_growth",8,0.116796509788416,0.0798626661248392,0.0130880874594336,0.0274521083149448,0.214509193728926,0.344398622208191
"cpi_growth","cpi_growth",9,0.116507635024457,0.0804794475135782,0.0137552154611719,0.0283857174074161,0.213136560366591,0.340934299856926
"cpi_growth","cpi_growth",10,0.116503294093912,0.0810122306138246,0.0140920167661076,0.0287977570837011,0.213487065272581,0.3397814822064
"cpi_growth","cpi_growth",11,0.116478380764094,0.0814769822162723,0.0145187150737362,0.02947032147067,0.213179661972882,0.337054024058502
"cpi_growth","cpi_growth",12,0.116545765532144,0.0819318263313545,0.0147320885693859,0.0295521205520058,0.212839620375791,0.33659212300101
"cpi_growth","cpi_growth",13,0.116583717731152,0.0823202247916224,0.0149215641572407,0.029908526258013,0.211990165254743,0.335528010531728
"cpi_growth","cpi_growth",14,0.116620662446206,0.0823267560122836,0.0151385545484929,0.0300502045869239,0.212296045805034,0.334423638210399
"cpi_growth","cpi_growth",15,0.11664491313885,0.0826269652622891,0.015435785151214,0.0303451111815201,0.211168070294686,0.333629018373012
"cpi_growth","cpi_growth",16,0.116641709126454,0.082868930270744,0.0156203218291469,0.0306142417157423,0.210552115064024,0.332947721018154
"cpi_growth","cpi_growth",17,0.11663888102489,0.0830284823178982,0.0157328628927464,0.030967867135742,0.210087445496722,0.331300801097042
"cpi_growth","cpi_growth",18,0.1166146090311,0.0830836894894116,0.0159437775958537,0.0312000397767129,0.209470386578501,0.331531302443945
"cpi_growth","cpi_growth",19,0.116596026599037,0.0833095582643739,0.01624690449451,0.0313587831212214,0.209007876211835,0.331516538864166
"cpi_growth","cpi_growth",20,0.116563807120294,0.0833534673152376,0.0164012353508435,0.0315669027670657,0.208812884713498,0.331353243652991
"cpi_growth","cpi_growth",21,0.116540240534586,0.0834477230164779,0.016560830443764,0.0316760641439141,0.208553361980382,0.330485546296977
"cpi_growth","saving_rate",1,0.120147974239479,0.0646442607761219,0.000556958209153096,0.00567207885001176,0.249105400025943,0.424239909287307
"cpi_growth","saving_rate",2,0.119466737984075,0.0710420501907196,0.00398375072189796,0.0141557846974631,0.237481686100604,0.399498079358676
"cpi_growth","saving_rate",3,0.117998080174863,0.0706978062772648,0.00649342321835605,0.0167099969760016,0.232297452583416,0.388414252075962
"cpi_growth","saving_rate",4,0.11760255632617,0.0743811177683218,0.00845618915123229,0.0205953789151857,0.225659632036302,0.373169777313024
"cpi_growth","saving_rate",5,0.116246911582347,0.0742765157039488,0.0101484559445097,0.0221975837799332,0.219368293628746,0.36601874238293
"cpi_growth","saving_rate",6,0.115665223564376,0.0762860491516713,0.0112915296055837,0.0239676090606099,0.214253498808284,0.356185040576196
"cpi_growth","saving_rate",7,0.11493814672451,0.0776355438684977,0.0121590910180389,0.0253335042604826,0.210545754402084,0.347869508974291
"cpi_growth","saving_rate",8,0.114856735402752,0.0786541985976948,0.0126799895781454,0.0261151427696585,0.208691485302349,0.341073064580165
"cpi_growth","saving_rate",9,0.11460936802838,0.0791823537102094,0.013338432030171,0.0273130243919384,0.207185447776373,0.336463574191518
"cpi_growth","saving_rate",10,0.114655590610436,0.0795483266991472,0.0137488594230717,0.0279019721413858,0.206845551351171,0.334171615603492
"cpi_growth","saving_rate",11,0.114642021252442,0.079905282290836,0.0142345408896147,0.0285208041275376,0.206561263524046,0.331851463839942
"cpi_growth","saving_rate",12,0.114711066047242,0.0803572041068091,0.0146701303868289,0.0287804442293215,0.206650403736648,0.331234211921673
"cpi_growth","saving_rate",13,0.114744097624373,0.0805627444131293,0.0150530428751049,0.0291791818345688,0.206377517288814,0.329184348839589
"cpi_growth","saving_rate",14,0.114779105574759,0.0806154072953833,0.0152104671351049,0.0293727637630733,0.206540412903079,0.329226692952933
"cpi_growth","saving_rate",15,0.114801307284041,0.0808386193046447,0.0154494549724592,0.0297539087955677,0.206221731619352,0.327965322031182
"cpi_growth","saving_rate",16,0.11480149948966,0.08095616925277,0.0155404181182488,0.0299341145573849,0.205890784071646,0.327520694972384
"cpi_growth","saving_rate",17,0.114807337254688,0.0812103430504391,0.0158700507370772,0.0301605741508431,0.205358399019924,0.328045074641093
"cpi_growth","saving_rate",18,0.114797930689784,0.0815703180263768,0.0160152174042826,0.0304489449995562,0.205123036349835,0.326711683445945
"cpi_growth","saving_rate",19,0.11479570087786,0.0819149416416144,0.0160591508457763,0.030561584420618,0.204903811938766,0.325735128734309
"cpi_growth","saving_rate",20,0.114784537406715,0.0821386619027037,0.0163731548165191,0.0308078455164917,0.204409390954403,0.325401292716361
"cpi_growth","saving_rate",21,0.114782166094911,0.082276835633912,0.0165153169565795,0.0309539066861406,0.204043463058277,0.324764019569838
"cpi_growth","policy_rate",1,0.0349085580580768,0.0185447488546707,0.00017365391303885,0.00189350933648841,0.0689289596789943,0.124021074391968
"cpi_growth","policy_rate",2,0.0373649166604214,0.0242055879206858,0.00170521144320389,0.00578392511189187,0.0688758339706483,0.118719577752556
"cpi_growth","policy_rate",3,0.0487011138295159,0.0367603847903669,0.00573964964368942,0.0131104010095006,0.0833143329403339,0.134333245735307
"cpi_growth","policy_rate",4,0.0510519745262797,0.0402660642423391,0.00724566306073385,0.0151827715543195,0.0859306527490901,0.133881354705453
"cpi_growth","policy_rate",5,0.0615417923405317,0.0504909904287335,0.0115463938733724,0.0214193987889716,0.100686227027241,0.150681736613587
"cpi_growth","policy_rate",6,0.0662703405933273,0.0556146099736213,0.0137087922147479,0.024868317264235,0.107321192116725,0.155560288909066
"cpi_growth","policy_rate",7,0.0718884623609422,0.0611608820005198,0.0153653000259855,0.0279346461436129,0.115645732328298,0.164269112933697
"cpi_growth","policy_rate",8,0.0726874153572847,0.0623443125742811,0.0159506400731786,0.028892063322676,0.116547800420904,0.164915153388424
"cpi_growth","policy_rate",9,0.0747197883891577,0.0643577217382671,0.0166155736875595,0.029985049229329,0.11924909567211,0.167737968948507
"cpi_growth","policy_rate",10,0.0745573479414691,0.0644399847858412,0.0169105087106577,0.030336966586332,0.118411604473309,0.166167662524943
"cpi_growth","policy_rate",11,0.0747390973088612,0.064802361560246,0.0171895681725945,0.0306829129611973,0.118178021826506,0.165832646821714
"cpi_growth","policy_rate",12,0.0741683863525813,0.0644468517885132,0.0172884878843243,0.0307501891134961,0.116898180330057,0.165216928591341
"cpi_growth","policy_rate",13,0.0739656860739374,0.0642513269680315,0.0174777704945503,0.0309047684941705,0.116296457394443,0.163499801947073
"cpi_growth","policy_rate",14,0.0736896439579655,0.064170333094774,0.0175316510666862,0.0310282408710557,0.11561947731317,0.162487181430153
"cpi_growth","policy_rate",15,0.0735902764994167,0.0641636059903001,0.0176846293259307,0.031140213003428,0.115263693368289,0.162091835236497
"cpi_growth","policy_rate",16,0.0736023152160857,0.0641594144055101,0.0177988257060815,0.0312355339682952,0.115461593870866,0.161887222861868
"cpi_growth","policy_rate",17,0.0736506238114323,0.0642360494898615,0.0179050696091496,0.0313623883225917,0.115654998969632,0.162073087598753
"cpi_growth","policy_rate",18,0.073786697661647,0.0643156472854954,0.0181268235525853,0.0315586502620726,0.115699644601243,0.161672367855303
"cpi_growth","policy_rate",19,0.0738903533250957,0.0642996594139358,0.018417468866552,0.0316347079340209,0.115771289301531,0.161197469185966
"cpi_growth","policy_rate",20,0.0740413569450758,0.064506447255974,0.0184276202871699,0.0317320740281321,0.115905711554286,0.161257133002178
"cpi_growth","policy_rate",21,0.0741289402080091,0.0645547513795021,0.0185310070417261,0.0318433609790989,0.115873864138105,0.161425400008561
"cpi_growth","interest_burden",1,0.119857536007043,0.0629528855817682,0.000571861582654982,0.00592005857710622,0.251517148533745,0.421523635190902
"cpi_growth","interest_burden",2,0.119521343243121,0.069257457232143,0.00426441873355248,0.0141946927304993,0.240620690274183,0.397231607613074
"cpi_growth","interest_burden",3,0.118378575020927,0.0697587063748217,0.00644720693059948,0.0164887310298701,0.236095945288034,0.38993719281769
"cpi_growth","interest_burden",4,0.118228162403916,0.073687723691629,0.00858009559119319,0.0199954327933996,0.229937881350263,0.374461503306742
"cpi_growth","interest_burden",5,0.116972477615734,0.0740393334881138,0.0101841859874974,0.0218236008441956,0.22509590119058,0.365071239722457
"cpi_growth","interest_burden",6,0.116453926616814,0.0763009890889353,0.0114021755386235,0.0235778105408945,0.221016172413691,0.353076100774217
"cpi_growth","interest_burden",7,0.11579371480328,0.0769983303326902,0.0122526860010144,0.0250813979919834,0.21735358030944,0.347361534539047
"cpi_growth","interest_burden",8,0.115768806203065,0.0783617144951515,0.0130033707486044,0.0259437697281899,0.215938660556351,0.341597023899154
"cpi_growth","interest_burden",9,0.115565206167248,0.0791797008365559,0.0135634201468767,0.027013493059581,0.214204401046152,0.337462316233921
"cpi_growth","interest_burden",10,0.115663638232307,0.0801772898451423,0.0138888978887386,0.0275250378531722,0.213251177262954,0.335808557048402
"cpi_growth","interest_burden",11,0.115712797081676,0.0808706723734239,0.0143368469513411,0.0280614566781457,0.212461233750193,0.332972619200531
"cpi_growth","interest_burden",12,0.115856488534794,0.0812332114647648,0.0146816478525728,0.028326160280968,0.212397230768727,0.331513039611888
"cpi_growth","interest_burden",13,0.115936599827527,0.0815725688376411,0.014860095883068,0.0288697500872072,0.212630284268219,0.330691617747104
"cpi_growth","interest_burden",14,0.116025427804597,0.0818111571191766,0.0152042486452535,0.0292414341311547,0.212479302750925,0.329965933625698
"cpi_growth","interest_burden",15,0.116082891902817,0.0824123605765349,0.0153072875609684,0.0295070267577619,0.212019669551771,0.329630540190033
"cpi_growth","interest_burden",16,0.116118992238503,0.0827367645428624,0.015488270557709,0.029699165396777,0.211921406060448,0.329687248043582
"cpi_growth","interest_burden",17,0.116143680743356,0.082737297606778,0.0156581335335885,0.0300913474479802,0.21239876983456,0.328871759762861
"cpi_growth","interest_burden",18,0.116151944672481,0.0827426692984751,0.0158633347838619,0.0304128481008194,0.211934536945956,0.32880708866886
"cpi_growth","interest_burden",19,0.116162269701987,0.0829514426816874,0.0159592265297598,0.0306821527720532,0.211358595664417,0.327515128735069
"cpi_growth","interest_burden",20,0.116162364349875,0.0832194121137109,0.0162324951585267,0.0308169447380314,0.211015494369427,0.32704248865091
"cpi_growth","interest_burden",21,0.116168946834884,0.0833940834178868,0.0163460144309238,0.0310075321079468,0.210504919485855,0.326444688294898
"cpi_growth","debt_growth",1,0.120857466082879,0.0651248712082394,0.000571706671854121,0.00611145463940204,0.25519918096962,0.428891417734718
"cpi_growth","debt_growth",2,0.120522440791302,0.071218812714653,0.00375304956822638,0.0140696238136105,0.242651026384139,0.402438245573861
"cpi_growth","debt_growth",3,0.118922387541678,0.0707189500555095,0.00607748626991189,0.0167126897292077,0.238864734465275,0.393169943361288
"cpi_growth","debt_growth",4,0.118574576054828,0.0751718136524521,0.00828346051871519,0.0201886266927733,0.233200769481882,0.376632394889417
"cpi_growth","debt_growth",5,0.117312705482518,0.0750168035133753,0.00980314038265123,0.0222138287162741,0.228661405110337,0.367330695324411
"cpi_growth","debt_growth",6,0.116775749375107,0.0776486400510057,0.0110172523340448,0.0243072809117021,0.222350574614386,0.357176374815365
"cpi_growth","debt_growth",7,0.116147839712826,0.0782168408944134,0.0119092812633184,0.0256929207869982,0.219079220009869,0.350176324608423
"cpi_growth","debt_growth",8,0.116044815121303,0.0793318991033141,0.0128244796347629,0.0264685644459616,0.216389561367285,0.344507205842094
"cpi_growth","debt_growth",9,0.115814288436025,0.0800490838783368,0.0134316638790309,0.0275626395697882,0.214351698454715,0.339923683058824
"cpi_growth","debt_growth",10,0.115819468948481,0.0810312523795479,0.013741852048742,0.0284391949805476,0.213439526550173,0.337462588086135
"cpi_growth","debt_growth",11,0.115798433023439,0.0814877423040616,0.0141833283514212,0.0291355436136657,0.212349954105703,0.335707886161973
"cpi_growth","debt_growth",12,0.115847679704012,0.0814996676210696,0.0144860608973145,0.0294734770980348,0.211862640529602,0.334676393351214
"cpi_growth","debt_growth",13,0.11587787339388,0.0818618547870371,0.0146568971506403,0.0298317375724492,0.211634495662099,0.333510494433162
"cpi_growth","debt_growth",14,0.115905649637684,0.0818394721244059,0.0148541501828974,0.0300506226219461,0.211372762391132,0.332554122014915
"cpi_growth","debt_growth",15,0.115925244644555,0.081983046952942,0.0150126265687931,0.0303289228886486,0.210686468502802,0.331825147036184
"cpi_growth","debt_growth",16,0.115921650113463,0.0819541419526942,0.0152592813865939,0.0305066926941045,0.210337693445506,0.330744333824631
"cpi_growth","debt_growth",17,0.115922127215441,0.0822009451820709,0.0155496071178195,0.0309157734419484,0.210211656813967,0.329655959004297
"cpi_growth","debt_growth",18,0.115903608260346,0.0822675007040714,0.0157432562960366,0.0311062006444672,0.210051958071949,0.329098300479382
"cpi_growth","debt_growth",19,0.115893596331632,0.0825826114660153,0.0160044914610489,0.0313906267244809,0.209356556663183,0.328153619156056
"cpi_growth","debt_growth",20,0.115870556514202,0.0827736779157677,0.0161738419491744,0.03154611215207,0.209015893485174,0.326933691875078
"cpi_growth","debt_growth",21,0.115857738498985,0.082992962168153,0.016485552253703,0.0317157710648424,0.208745732719584,0.32599061302996
"cpi_growth","real_house_price_growth",1,0.120127218295805,0.063818341093029,0.000632815431605172,0.00579344152663804,0.250277414542963,0.431245316562204
"cpi_growth","real_house_price_growth",2,0.120029298578948,0.0700781600893289,0.00378529140671939,0.0138746989568956,0.239583287331576,0.405226923022383
"cpi_growth","real_house_price_growth",3,0.118604303579657,0.0694853373172651,0.00613710684107481,0.0165158713520113,0.236140272135317,0.392173839008974
"cpi_growth","real_house_price_growth",4,0.118324907186784,0.0734079386477525,0.00848917975243744,0.0200525050627521,0.229771338740687,0.377198308727537
"cpi_growth","real_house_price_growth",5,0.116982465020021,0.0732728709852486,0.0100817902899318,0.0217140119367694,0.225374051200368,0.368994710037927
"cpi_growth","real_house_price_growth",6,0.116286295057234,0.0752774765493245,0.0112764258714645,0.0236832819911294,0.220203621404788,0.358089988746553
"cpi_growth","real_house_price_growth",7,0.115520543650437,0.0763671044655034,0.0123216587355608,0.0250428032805109,0.216527730838922,0.349938323609848
"cpi_growth","real_house_price_growth",8,0.115387887355698,0.077437193102209,0.0131631648561814,0.0257085469033537,0.214603684329374,0.345809019090046
"cpi_growth","real_house_price_growth",9,0.115101989533353,0.0781428722830626,0.0137053061048459,0.026539862791006,0.213503481810293,0.340159892242723
"cpi_growth","real_house_price_growth",10,0.115116860964062,0.0788664494328166,0.0141586477320936,0.0269879182285361,0.211896403883202,0.338587259569267
"cpi_growth","real_house_price_growth",11,0.115075900204801,0.0797356087397516,0.0145707387137488,0.0276328830927504,0.211486701652132,0.336600150098471
"cpi_growth","real_house_price_growth",12,0.115151369791796,0.0800363006627964,0.0146724674398935,0.0279932559253202,0.211661658166854,0.335879581102377
"cpi_growth","real_house_price_growth",13,0.11515837544939,0.0804034203577849,0.0149422518167582,0.0285398360689555,0.211123390497163,0.334473078658404
"cpi_growth","real_house_price_growth",14,0.115192654582574,0.0804101450087539,0.0151690256268811,0.0287529147880246,0.211034196082766,0.334623624990775
"cpi_growth","real_house_price_growth",15,0.115191032970931,0.0808501226740912,0.0153953394527195,0.0291190928879853,0.210505098179722,0.333319243127821
"cpi_growth","real_house_price_growth",16,0.115192475312913,0.0810814237375413,0.0156003352243,0.0293761166972687,0.209870148379435,0.332792710045986
"cpi_growth","real_house_price_growth",17,0.115181492319996,0.0812274259653811,0.0158174796646897,0.0296724873643751,0.209151833690925,0.332244234618042
"cpi_growth","real_house_price_growth",18,0.115170837254241,0.0812455043852028,0.0160509330964512,0.0299659018703603,0.208891117228503,0.331551711756338
"cpi_growth","real_house_price_growth",19,0.115159323403229,0.081354767726638,0.0161429757701141,0.0301175907653132,0.208658481134283,0.330845391952232
"cpi_growth","real_house_price_growth",20,0.115150235602489,0.0813711066259326,0.0162404642887454,0.030398337783406,0.208366951816461,0.331002937146087
"cpi_growth","real_house_price_growth",21,0.115146013918741,0.0813211949288259,0.0164648261616952,0.0305776606411115,0.207821406510995,0.331006688203394
"cpi_growth","asset_liability_ratio",1,0.119012306702298,0.0635081673838822,0.000511338865868168,0.00582605814530878,0.249240600329285,0.421769204483499
"cpi_growth","asset_liability_ratio",2,0.118661506485017,0.0690933622259702,0.00388419813495801,0.0137414812260886,0.238806496148427,0.394176229499474
"cpi_growth","asset_liability_ratio",3,0.117163366880514,0.069071996202368,0.00629695459043682,0.0169237551299115,0.233672274925676,0.381639121164581
"cpi_growth","asset_liability_ratio",4,0.116954987146521,0.0731373633518472,0.0084429999190351,0.0209752161624547,0.228890986877292,0.369834976383454
"cpi_growth","asset_liability_ratio",5,0.115700082585954,0.073232849642233,0.0102095189515184,0.0227621911830979,0.223395930688984,0.361636512475876
"cpi_growth","asset_liability_ratio",6,0.115191934141013,0.0758620875752558,0.0115836639246229,0.0248298888819838,0.218754189270561,0.352655386136149
"cpi_growth","asset_liability_ratio",7,0.114547575869517,0.0765580909325752,0.0127308053889523,0.0261414892045059,0.215726011597229,0.34428460121331
"cpi_growth","asset_liability_ratio",8,0.11452206596702,0.0779859336992521,0.0131564360142359,0.0270542814284744,0.214239571505984,0.34075847114822
"cpi_growth","asset_liability_ratio",9,0.114311618124794,0.079067334202304,0.0139291855336986,0.0281186681592252,0.211952833146312,0.336117990248202
"cpi_growth","asset_liability_ratio",10,0.114384939672286,0.0794275300436619,0.0144531847430618,0.0284627464028034,0.210634454751015,0.334214777386148
"cpi_growth","asset_liability_ratio",11,0.114392359767716,0.0800121035004463,0.0148733587017849,0.0288836097161437,0.209803266948096,0.33339831991639
"cpi_growth","asset_liability_ratio",12,0.114504131907574,0.0801738111697124,0.0151777660568486,0.0290527934393259,0.209010090284962,0.333082421451311
"cpi_growth","asset_liability_ratio",13,0.114534999867974,0.080628113561705,0.0153548645071892,0.0294874161186332,0.208062412668331,0.332912856415705
"cpi_growth","asset_liability_ratio",14,0.114574397708668,0.0808147080011825,0.0155296258603557,0.0297447497978819,0.207916695650393,0.331919774944569
"cpi_growth","asset_liability_ratio",15,0.114574313887245,0.0810694189477884,0.0156709801226961,0.0299542347039419,0.207944864351477,0.330409918621437
"cpi_growth","asset_liability_ratio",16,0.114564749040237,0.0812939561504426,0.0158109775087323,0.0301266713016126,0.207449907710115,0.329651354432569
"cpi_growth","asset_liability_ratio",17,0.114541319437031,0.0813671799370103,0.0159528722505405,0.0302605994143069,0.207088977386436,0.328562835696839
"cpi_growth","asset_liability_ratio",18,0.114510843161228,0.0815523074640754,0.0161523826752051,0.0304763571346572,0.20685346508599,0.327789430513546
"cpi_growth","asset_liability_ratio",19,0.114481771455725,0.0815317276264007,0.0163516708563601,0.0307207354285035,0.206635755349942,0.327086875029867
"cpi_growth","asset_liability_ratio",20,0.114451063854283,0.0815935636598965,0.0165184704689222,0.0309197651236024,0.206473679456116,0.326500031439639
"cpi_growth","asset_liability_ratio",21,0.114428462113903,0.0817801724798333,0.0166642812628897,0.0311545427876156,0.206350702852195,0.326394807363546
"saving_rate","gdp_growth",1,0.111234887267387,0.0610692281835988,0.000587057050394272,0.00541593993118147,0.229640169264675,0.401227185804825
"saving_rate","gdp_growth",2,0.111074194830539,0.0622723292493961,0.00271095551777529,0.0104991664603429,0.224413433239154,0.389334695257763
"saving_rate","gdp_growth",3,0.110619776045642,0.0636753881538863,0.00434299155567659,0.0128144816133875,0.218497126675725,0.38050141575596
"saving_rate","gdp_growth",4,0.110399378617105,0.0643233885645875,0.00531470818227528,0.0140988501532481,0.216440077612269,0.371920173068445
"saving_rate","gdp_growth",5,0.110410065353296,0.0652459851865353,0.00618772847710065,0.0151612008596485,0.214829671727305,0.368316357513163
"saving_rate","gdp_growth",6,0.110556914334216,0.0666813054502862,0.00666721065358486,0.0159403089390518,0.213740460955717,0.365723109301902
"saving_rate","gdp_growth",7,0.110769738637876,0.0669189218253593,0.00696774498834104,0.0165324803277175,0.213096835977951,0.364534789728193
"saving_rate","gdp_growth",8,0.110972207517268,0.0676622623092994,0.00722677079888802,0.0171757178198845,0.213558460285399,0.362976232156507
"saving_rate","gdp_growth",9,0.111135736874237,0.0682007556698247,0.0074460512365452,0.0176625109532262,0.213303072968582,0.36163933258356
"saving_rate","gdp_growth",10,0.111260887130925,0.0685497993954849,0.00780720256927521,0.0181638890340103,0.212930957641141,0.359397306892394
"saving_rate","gdp_growth",11,0.111370744357879,0.0689399678641518,0.00813248931230268,0.0186276922517467,0.212648319377191,0.358720756977519
"saving_rate","gdp_growth",12,0.111474941643293,0.0692123519749293,0.00850667766061442,0.019310569299013,0.212926807743886,0.357245291126362
"saving_rate","gdp_growth",13,0.111588259203616,0.0704086515055151,0.00875716741729064,0.0198203809691569,0.212710296915608,0.355621575549129
"saving_rate","gdp_growth",14,0.111716986140038,0.070699390851527,0.00902218008795659,0.0203116836064715,0.212124029019545,0.354274310168688
"saving_rate","gdp_growth",15,0.11186254276986,0.0714153833474214,0.00931443256516659,0.0207661346333425,0.212656027978301,0.35456931685852
"saving_rate","gdp_growth",16,0.112018061102009,0.0717355050672304,0.0095294015063027,0.0212172702990271,0.213019395437302,0.355690098849847
"saving_rate","gdp_growth",17,0.112176784331152,0.0724211534035338,0.0096581106047287,0.0216637278636159,0.212436978049074,0.353155886854304
"saving_rate","gdp_growth",18,0.112333644848504,0.0731352474501424,0.00980967681667598,0.0218641647877036,0.211797402229004,0.352145364875694
"saving_rate","gdp_growth",19,0.112482820668226,0.0730749878944865,0.00982102990189095,0.0219430897387245,0.212238200967699,0.351715417102911
"saving_rate","gdp_growth",20,0.112621504367076,0.0733014543966135,0.00986792989626463,0.0220037585597862,0.212773486969765,0.353031711045976
"saving_rate","gdp_growth",21,0.112747265390003,0.0734249796288044,0.00986820557296655,0.0221729109834754,0.213156612760154,0.352869396461118
"saving_rate","consumption_growth",1,0.111774681193879,0.0592866866206712,0.000487969673042497,0.00531340135573743,0.23044252251457,0.402558087296124
"saving_rate","consumption_growth",2,0.11122687053229,0.0620288176730241,0.00251954833346466,0.0100423512607521,0.225214327652297,0.384508871464118
"saving_rate","consumption_growth",3,0.110151272390897,0.0628811310975169,0.00423179816634826,0.0123765892837993,0.220618046461585,0.370770942945611
"saving_rate","consumption_growth",4,0.109654416194314,0.0631414338186838,0.00508258593178919,0.0138803366258786,0.218717307380359,0.366775904642909
"saving_rate","consumption_growth",5,0.109472874234083,0.064147935315301,0.00586430464472004,0.0147717606061984,0.215833885450174,0.360261574450306
"saving_rate","consumption_growth",6,0.109488833078503,0.0649415672848627,0.00641962718015828,0.0154882190951014,0.214918459356997,0.359930030124321
"saving_rate","consumption_growth",7,0.109612247834445,0.0653123500348879,0.00676384579687421,0.0161922999535693,0.214161077569129,0.359948174752672
"saving_rate","consumption_growth",8,0.109777798591975,0.0655949617484713,0.00708896091632669,0.0168283682370368,0.21382621621962,0.357003016779046
"saving_rate","consumption_growth",9,0.109936921927277,0.0662374120508063,0.00737074348756068,0.0172569490167472,0.213517210430518,0.355948644594279
"saving_rate","consumption_growth",10,0.110083350436589,0.0670027160861267,0.00762695239446216,0.0179102679860207,0.213531803790126,0.353936316780667
"saving_rate","consumption_growth",11,0.110218093924355,0.0672146565364788,0.00790777710677716,0.0182930745587726,0.213290437736468,0.351591105502218
"saving_rate","consumption_growth",12,0.110346503620588,0.067230757258125,0.00827038405978241,0.0187550674240841,0.21311468088075,0.349252241910653
"saving_rate","consumption_growth",13,0.110470879381109,0.0676533528754881,0.00859346448073662,0.0192181627572083,0.212653820557539,0.348865860711007
"saving_rate","consumption_growth",14,0.110593464196386,0.0682587119811107,0.00902768727502947,0.0198774644727296,0.211643554387879,0.348318361836776
"saving_rate","consumption_growth",15,0.11070511847536,0.0686355923848379,0.00931726601334681,0.0204637901094186,0.212739453491382,0.347375122518506
"saving_rate","consumption_growth",16,0.110802829889691,0.0697844505614608,0.00947503881537416,0.0208283201670633,0.212869467104163,0.345639977334827
"saving_rate","consumption_growth",17,0.110883708574867,0.0705718367529402,0.00961359823226735,0.0210355779401498,0.21254841244003,0.343461070247703
"saving_rate","consumption_growth",18,0.11094992282038,0.0706823733724909,0.00959694879171641,0.0213015374914456,0.213010581886025,0.340653184342763
"saving_rate","consumption_growth",19,0.11100061349237,0.0710729401498153,0.00965610759956812,0.0214792700873482,0.213148466650857,0.340334558122444
"saving_rate","consumption_growth",20,0.11103830635938,0.0715353951039567,0.00974219444360877,0.021659038393577,0.21283219592512,0.340847553513793
"saving_rate","consumption_growth",21,0.111064545715361,0.0719512899263743,0.0097438146739326,0.021677292699492,0.211979968322058,0.341201759199808
"saving_rate","cpi_growth",1,0.114088780834385,0.0605718917223497,0.00050434514983563,0.00542582440583741,0.236129215476303,0.412176298443849
"saving_rate","cpi_growth",2,0.113449334016856,0.0629222888769012,0.00264090889092665,0.0101970691308702,0.229190212247179,0.395081591530489
"saving_rate","cpi_growth",3,0.112562999727625,0.0632109252715722,0.00424230386415135,0.0126826843727934,0.224780287775789,0.384569275611958
"saving_rate","cpi_growth",4,0.11228685198626,0.063933223466588,0.00544187876342058,0.0142692659286331,0.22125748185414,0.380064084027061
"saving_rate","cpi_growth",5,0.112223575082421,0.0649524008998375,0.0061985641843317,0.0155055875856731,0.221587132656489,0.379855842519042
"saving_rate","cpi_growth",6,0.112364048448006,0.0652703496297323,0.00657323118691831,0.0163700576210283,0.222728613908327,0.376529022181255
"saving_rate","cpi_growth",7,0.112574543645325,0.0660137515101757,0.00685806682303003,0.0172334568415776,0.222245761801103,0.375040070931807
"saving_rate","cpi_growth",8,0.112826516727497,0.0667979197295109,0.00717014011903319,0.0176038015800449,0.221828117532396,0.374046537208366
"saving_rate","cpi_growth",9,0.113038966021699,0.0670752716291766,0.00737220741192928,0.0179950652175315,0.221021739301914,0.372472530177844
"saving_rate","cpi_growth",10,0.11322409346109,0.0677584025139079,0.00772521617123342,0.0185921608119873,0.220313401081051,0.372410235944547
"saving_rate","cpi_growth",11,0.113399949757732,0.0682644132008313,0.00812359725349247,0.0189759567781597,0.219591927166308,0.372010092726455
"saving_rate","cpi_growth",12,0.113576600069267,0.0692273694235997,0.00841857750519379,0.0195252371942002,0.220169981356616,0.370145939296973
"saving_rate","cpi_growth",13,0.113756770640356,0.0696192111089567,0.00867183850137205,0.0200853186204027,0.219708146617818,0.368632501552282
"saving_rate","cpi_growth",14,0.113939461227287,0.0700447028639477,0.00889460045495501,0.0205351166875015,0.219228620691825,0.365249872339524
"saving_rate","cpi_growth",15,0.114125887387695,0.0710310221446624,0.00906451849906985,0.0208719693388274,0.218083654970459,0.363456617410132
"saving_rate","cpi_growth",16,0.114307642084291,0.0717240505016256,0.00945711179294594,0.0209792271542996,0.218878296752518,0.362854443741824
"saving_rate","cpi_growth",17,0.114481441261306,0.0725607069391029,0.00960157860064708,0.0211033844517011,0.219134833914477,0.362038968422663
"saving_rate","cpi_growth",18,0.114640369239802,0.0735019243905345,0.00968461547729545,0.0212987602273667,0.219620260467774,0.361150281642593
"saving_rate","cpi_growth",19,0.114784246918027,0.0736998927278808,0.00975702673303816,0.0213473440706705,0.21994173226753,0.361237813511347
"saving_rate","cpi_growth",20,0.114910559632931,0.0742162264640014,0.00980848830338089,0.0214426185356114,0.220744495971093,0.361575980167794
"saving_rate","cpi_growth",21,0.115020608794661,0.0739117722488495,0.00983019471594152,0.0216391284113847,0.22077883683831,0.3618815926935
"saving_rate","saving_rate",1,0.111445365085864,0.059054677726152,0.000517963579286266,0.0053933472228835,0.23100703764226,0.400651266915281
"saving_rate","saving_rate",2,0.110773440634798,0.060796577184059,0.00288176624046236,0.0102668914246014,0.226829964744092,0.384424759605386
"saving_rate","saving_rate",3,0.11019500740008,0.0618716345192827,0.00453284412436988,0.0127472044476405,0.22432201170499,0.375720130075916
"saving_rate","saving_rate",4,0.110001418486104,0.0631085683718056,0.00553866340976279,0.014513264763595,0.221343152198507,0.372153702790704
"saving_rate","saving_rate",5,0.109919952351947,0.0634873042516911,0.00629735051167196,0.0158370210581088,0.218988570745667,0.36825053144224
"saving_rate","saving_rate",6,0.110025890555123,0.0640514564760878,0.00665769625182916,0.0166141386323731,0.217505148673178,0.366883317641425
"saving_rate","saving_rate",7,0.110182742535683,0.0650822408125009,0.00715824764965026,0.0169131960970477,0.215875317565649,0.367178667743854
"saving_rate","saving_rate",8,0.110374922738047,0.0655747901160822,0.00755951783517659,0.0172192288109786,0.21549335468764,0.365740180454397
"saving_rate","saving_rate",9,0.110540664796566,0.0658453895872295,0.00786192625010759,0.0178697191373136,0.215625254695632,0.365137887406824
"saving_rate","saving_rate",10,0.110679087743769,0.0662249235040869,0.00813888850539769,0.0182573934955083,0.215829198295865,0.363655760042893
"saving_rate","saving_rate",11,0.110812053831071,0.0668053251830994,0.00823253313238606,0.0188271261031613,0.21460339247581,0.360139096700844
"saving_rate","saving_rate",12,0.110950326925798,0.0671630075792958,0.00849247272178984,0.0192503830427473,0.214587769825602,0.359271759268246
"saving_rate","saving_rate",13,0.111107694964897,0.0675607288227107,0.00884638368191123,0.0197147585579483,0.214307952704107,0.356871908663117
"saving_rate","saving_rate",14,0.111271182411898,0.0680408472576232,0.00920976165635358,0.0201587109540721,0.214699640568702,0.357479489439732
"saving_rate","saving_rate",15,0.111438277615894,0.0681892798399717,0.00930871525235195,0.0206662234619649,0.213638639460511,0.355984481175053
"saving_rate","saving_rate",16,0.11159938347927,0.0686429612192585,0.00948469778113841,0.021016468683061,0.213918080858809,0.355115405329069
"saving_rate","saving_rate",17,0.111754339371192,0.0695472787409278,0.0096727653570376,0.021121269249764,0.213999787986072,0.355404001426609
"saving_rate","saving_rate",18,0.111895430883102,0.0702381408620915,0.00970518724779994,0.0213851223303623,0.212970146611547,0.355514306390121
"saving_rate","saving_rate",19,0.112023109160785,0.0708248367047943,0.0099237678968548,0.0216069411367013,0.212563000355439,0.355978637525364
"saving_rate","saving_rate",20,0.11213558650261,0.0714556331765243,0.00997913883531128,0.0217187546202986,0.212166053598663,0.353981172935923
"saving_rate","saving_rate",21,0.11223595228657,0.0717870502549977,0.00993706411874087,0.0217804659025127,0.212340074517798,0.353124403571664
"saving_rate","policy_rate",1,0.106132071840162,0.0551689670640703,0.000486145907202208,0.00488373849883618,0.222017366415564,0.379447971273562
"saving_rate","policy_rate",2,0.1093687176835,0.0606589040222876,0.00291874122333111,0.0102639344526013,0.220816941496735,0.378009394462183
"saving_rate","policy_rate",3,0.114707792451216,0.0674927807577223,0.00504222446743112,0.0143817080184713,0.228888332613522,0.384245834098644
"saving_rate","policy_rate",4,0.116890288490757,0.0698124131211405,0.00548667908816837,0.0158115945995837,0.230828668622437,0.386913446856527
"saving_rate","policy_rate",5,0.117034147274001,0.0705116995966032,0.00598105560289241,0.0163055386485763,0.230646411804455,0.389062079490443
"saving_rate","policy_rate",6,0.11580471721626,0.0701794544590093,0.00632286612556847,0.0164022465561723,0.228159312852346,0.383945570180394
"saving_rate","policy_rate",7,0.114075341586375,0.0690925978592184,0.0067221211892302,0.0165789843802688,0.22389123776874,0.377906737512801
"saving_rate","policy_rate",8,0.112244911339698,0.0684263853684156,0.0074594624836877,0.0174043591257298,0.220456407876295,0.370594381183904
"saving_rate","policy_rate",9,0.110727262666011,0.0680204494465941,0.00822103056615643,0.018129222503275,0.214940152997785,0.362919237527045
"saving_rate","policy_rate",10,0.109455615579937,0.06746328891137,0.00883920641093029,0.0191174861890049,0.209885243967772,0.356449246007057
"saving_rate","policy_rate",11,0.108325767877236,0.0674351258493735,0.00917811516496074,0.0197695730486386,0.206817669502599,0.351462870705332
"saving_rate","policy_rate",12,0.107242645658417,0.0669251822901433,0.00960338004484774,0.020290662528076,0.204210429120684,0.344630913819685
"saving_rate","policy_rate",13,0.106136052573175,0.0668629834099652,0.00982758918360509,0.0205850702624704,0.201651100861751,0.341540873106992
"saving_rate","policy_rate",14,0.104986059230662,0.0663507723729186,0.0097702020718845,0.0206472979304845,0.198266446174594,0.336431270515175
"saving_rate","policy_rate",15,0.103815021865651,0.0654335578785524,0.00973342717945404,0.0204929537515197,0.195207431967897,0.33028660218695
"saving_rate","policy_rate",16,0.10266685494249,0.0648291691459036,0.0096642167650169,0.020345035318795,0.192584262529285,0.326824270105369
"saving_rate","policy_rate",17,0.101577288647349,0.0641889330584312,0.00955242346361931,0.0203456689216643,0.190594537014014,0.322450082988229
"saving_rate","policy_rate",18,0.10057363627209,0.0632782034901548,0.00960347903890842,0.0201650108432629,0.188615023222586,0.318626035003595
"saving_rate","policy_rate",19,0.0996721905096166,0.0625593358633306,0.00961559864832228,0.0199111821111373,0.186858074004509,0.316134235191748
"saving_rate","policy_rate",20,0.0988762382577973,0.0619382446474967,0.00959209472500757,0.0196698478280816,0.185799129868995,0.313049712752655
"saving_rate","policy_rate",21,0.0981816324799731,0.0615928676091285,0.00950398853924401,0.0194859607888905,0.184525052111534,0.310068732271414
"saving_rate","interest_burden",1,0.111634787170174,0.0597791540485413,0.000548122161401961,0.0052735846870418,0.233213544644134,0.397632408467433
"saving_rate","interest_burden",2,0.111500739877575,0.0614549891306729,0.00266580749778431,0.0103108456813677,0.225238689632362,0.383974011619815
"saving_rate","interest_burden",3,0.111008273361049,0.0626167045031822,0.00437123776398293,0.0127205348705368,0.221006242114581,0.379443055823281
"saving_rate","interest_burden",4,0.110787746706024,0.0636392096260695,0.00534423888176007,0.0140873694671058,0.219018086453583,0.375855262818618
"saving_rate","interest_burden",5,0.110836559611759,0.0640504929376336,0.00619586324488696,0.0152266439963736,0.219784655138233,0.374166419403127
"saving_rate","interest_burden",6,0.111045493734629,0.064794960607219,0.00668054052750431,0.0158132084592531,0.217906104582943,0.368877047970946
"saving_rate","interest_burden",7,0.111296886269844,0.0654048823905297,0.00709983445745596,0.0164010772912532,0.217339906303223,0.366496165845943
"saving_rate","interest_burden",8,0.111519378086319,0.0666096353300776,0.00737712321003939,0.0171323848723705,0.216582198342633,0.365270272676415
"saving_rate","interest_burden",9,0.111692379438101,0.0679038795322351,0.00775120006005408,0.0176001787341228,0.217534818135818,0.363376424826849
"saving_rate","interest_burden",10,0.111848830449527,0.0686312969458569,0.00797173591188569,0.0179436523073574,0.217105775882588,0.360871709222299
"saving_rate","interest_burden",11,0.112003477713368,0.0692058394909159,0.00820522116506764,0.0184010547882661,0.216043066068651,0.361729194891494
"saving_rate","interest_burden",12,0.112155907110103,0.0696436132960067,0.00843026661880839,0.0189113969474108,0.21719430558847,0.359190546524355
"saving_rate","interest_burden",13,0.112318443757551,0.0699714303702643,0.00866061561530601,0.019487226408037,0.217728604981936,0.358608640911797
"saving_rate","interest_burden",14,0.112491254013957,0.0704174550714519,0.00902342936980098,0.0201168829754246,0.216610520116885,0.357735868116165
"saving_rate","interest_burden",15,0.112667098917969,0.0711558093554389,0.00919119056285416,0.0205658386172433,0.217485619251896,0.356249280697062
"saving_rate","interest_burden",16,0.112830075975506,0.0718272237235114,0.00932237525436731,0.0210095961378324,0.21723066324569,0.355871972598149
"saving_rate","interest_burden",17,0.112976250261758,0.0720599688731093,0.00936495284949596,0.0212925522252521,0.217249852946277,0.355922755880956
"saving_rate","interest_burden",18,0.113102236546592,0.0722325071193982,0.00944405137625202,0.0214410827290152,0.217330947804306,0.356123352757224
"saving_rate","interest_burden",19,0.11320847727337,0.0730092875333152,0.00947412133405198,0.0218345311987706,0.216125129054765,0.355510189727109
"saving_rate","interest_burden",20,0.113294830151709,0.0733768666885872,0.00955524767366687,0.0219107368479551,0.215324406186529,0.354347257425139
"saving_rate","interest_burden",21,0.113364631296058,0.0736374070763699,0.00959371885336133,0.0218736417152901,0.215725238801098,0.354222408681919
"saving_rate","debt_growth",1,0.110883251992428,0.0572823643850975,0.000520603145442162,0.00536260811697889,0.23092886697256,0.404521467292919
"saving_rate","debt_growth",2,0.110480277034981,0.0603993936654544,0.00277378550361803,0.0103010981299872,0.225710080385264,0.384428654421813
"saving_rate","debt_growth",3,0.10986937437647,0.0613428094819959,0.00434543569559541,0.0129343907560757,0.222257332083355,0.375879407064499
"saving_rate","debt_growth",4,0.10945060947669,0.0623595179602718,0.00525125782881379,0.0144453348838367,0.218958816972537,0.368608485063114
"saving_rate","debt_growth",5,0.109412947318403,0.0634709708878627,0.00598306121708768,0.0154845253493249,0.217073819220677,0.367312817078018
"saving_rate","debt_growth",6,0.109544197914616,0.0641049548757589,0.00645575991411511,0.0161063249102872,0.214939965041984,0.367550201978276
"saving_rate","debt_growth",7,0.109793688912059,0.0650811375717472,0.00682540808975726,0.0166532524778827,0.213066559255598,0.365277556921738
"saving_rate","debt_growth",8,0.110043259971272,0.0655921643858994,0.00703410347143866,0.0171607363659366,0.212853543730153,0.363990374693977
"saving_rate","debt_growth",9,0.110263936178277,0.066148145919897,0.00726256896365775,0.0174214575126874,0.212279037417798,0.36305771061085
"saving_rate","debt_growth",10,0.110443199228007,0.0668009835397243,0.00762782242548455,0.0177040110746255,0.212893841143672,0.362430493348686
"saving_rate","debt_growth",11,0.110591585748793,0.0671688044902153,0.00797297351981917,0.0181795414237632,0.213699692320423,0.361242227080815
"saving_rate","debt_growth",12,0.110723753039549,0.0674572968090483,0.00819728842677596,0.0185839977567672,0.212595941872778,0.359981877058384
"saving_rate","debt_growth",13,0.110853074884473,0.0681395120449606,0.00854152071376105,0.019127129603765,0.212080837685733,0.358529529335257
"saving_rate","debt_growth",14,0.110983619648408,0.0686697126839871,0.00869336374745602,0.0196455434634187,0.212897070718149,0.355030311754938
"saving_rate","debt_growth",15,0.11111933681326,0.0692154519460086,0.00893279062339865,0.0200843383785137,0.213372419183091,0.354360569002495
"saving_rate","debt_growth",16,0.111255832143712,0.0700955607606891,0.00909840138864456,0.0204114901885529,0.212972000181494,0.353603329978905
"saving_rate","debt_growth",17,0.111390897948896,0.0704820782945822,0.00935039709943663,0.0208453954040708,0.21231440152193,0.35261978152279
"saving_rate","debt_growth",18,0.11151791774735,0.0706643818653147,0.00941650277274093,0.0209699430130315,0.212646292847812,0.353181862161599
"saving_rate","debt_growth",19,0.111636046089596,0.0712175001433782,0.00954979198868743,0.0210446171139164,0.212479652600599,0.352324547997075
"saving_rate","debt_growth",20,0.111741496052044,0.0716518840099771,0.00951662070597843,0.0210435488017626,0.212100624239801,0.35136749382635
"saving_rate","debt_growth",21,0.111836235146004,0.0716795752854827,0.00950788422388736,0.0209655292833902,0.213406864233261,0.350965868575793
"saving_rate","real_house_price_growth",1,0.111700878062432,0.0595358967578947,0.000490324459451041,0.0051703492520979,0.230008516986239,0.400416440623975
"saving_rate","real_house_price_growth",2,0.111537859240807,0.0627006741384989,0.00276851531997257,0.0103727503177161,0.223901825711086,0.38722288205758
"saving_rate","real_house_price_growth",3,0.110737092842552,0.0635113804482575,0.00447466538244515,0.0129961834974639,0.219580988834129,0.38028627733089
"saving_rate","real_house_price_growth",4,0.110404197500137,0.0645761885221293,0.00543758740817026,0.0145893186182301,0.217133554451087,0.373870087327893
"saving_rate","real_house_price_growth",5,0.110330736466804,0.0650560896283529,0.00626518887063058,0.0154404882067611,0.215014092401327,0.36843479235224
"saving_rate","real_house_price_growth",6,0.110402158036759,0.0652700405879829,0.00657551513529684,0.0160475541301271,0.215658259424953,0.366013418172223
"saving_rate","real_house_price_growth",7,0.110546729741116,0.0661714352977512,0.00690106538954824,0.0166607553253158,0.21533633866938,0.363371353674163
"saving_rate","real_house_price_growth",8,0.110737784481557,0.0670057150305607,0.00724683311887861,0.017183974136187,0.214329063767281,0.361434265261059
"saving_rate","real_house_price_growth",9,0.110906549668037,0.067511477975684,0.00757236565316632,0.0175834989244589,0.215529414114995,0.359246555689518
"saving_rate","real_house_price_growth",10,0.11105873804655,0.0677308574042451,0.00784435184480926,0.0181667069965134,0.214799378170399,0.358300806948681
"saving_rate","real_house_price_growth",11,0.111204593751378,0.068242850437535,0.00816861498318543,0.0184322050672432,0.214831567413571,0.35653361050768
"saving_rate","real_house_price_growth",12,0.111355502251487,0.0686166766695902,0.00854600613348748,0.0188365573722134,0.215072130149125,0.357008295076207
"saving_rate","real_house_price_growth",13,0.111516004647553,0.0689880147119526,0.0087854182429064,0.019279012489842,0.215304983438561,0.35396820785112
"saving_rate","real_house_price_growth",14,0.111689573670629,0.0693300041503382,0.00902836556096948,0.0198233021659805,0.215886280407874,0.353866198569879
"saving_rate","real_house_price_growth",15,0.11187089712386,0.0695061873297226,0.00946401726561163,0.0203239261553081,0.215131115997069,0.35311907885666
"saving_rate","real_house_price_growth",16,0.112054281562769,0.070478502322545,0.00980132217889447,0.0206812476464451,0.216327491352421,0.352763560069368
"saving_rate","real_house_price_growth",17,0.112231352768814,0.0714346904644827,0.0100721566645543,0.0209808136800547,0.215237297856884,0.351392275526931
"saving_rate","real_house_price_growth",18,0.112399127198824,0.0717305388867201,0.0101297772010997,0.0211159693230747,0.214164756630584,0.349072157633645
"saving_rate","real_house_price_growth",19,0.112553401714832,0.0718119911593728,0.0101746176036997,0.0212667072206213,0.214742892367007,0.349906345169328
"saving_rate","real_house_price_growth",20,0.112694127750946,0.0724291245983191,0.0101692174214606,0.0215515528675031,0.214596153578426,0.350197682174218
"saving_rate","real_house_price_growth",21,0.112819712596868,0.0727027514746508,0.0102401465498238,0.0216983417141073,0.215049628272633,0.34817437398945
"saving_rate","asset_liability_ratio",1,0.111105296553289,0.0601427198889338,0.000467645592992674,0.00520058155038309,0.230295385380196,0.392287570613446
"saving_rate","asset_liability_ratio",2,0.110588566148652,0.0615266842873462,0.00257052317861496,0.00982654093070504,0.224901882432356,0.382067719205593
"saving_rate","asset_liability_ratio",3,0.110148411404469,0.0627445478436849,0.00406436549240303,0.0122545305169391,0.22128140529691,0.373252376232539
"saving_rate","asset_liability_ratio",4,0.110125092542609,0.0636910394528219,0.00505675815381623,0.0136517729903381,0.21903662762247,0.370841106766221
"saving_rate","asset_liability_ratio",5,0.110359142307286,0.0649689906957601,0.0058463526335989,0.0148536517611893,0.216659909118683,0.366445907514638
"saving_rate","asset_liability_ratio",6,0.110767746681889,0.0657653232523438,0.00621744576725314,0.015512535770291,0.21631225194458,0.363151261954471
"saving_rate","asset_liability_ratio",7,0.111148080837278,0.0672637428160165,0.00658688589975087,0.0161534499293993,0.216777926477711,0.363345617769511
"saving_rate","asset_liability_ratio",8,0.111503220546367,0.067952339252688,0.00700042647583388,0.0168081669651859,0.217479183597872,0.362747531559535
"saving_rate","asset_liability_ratio",9,0.111757582429795,0.068454531132053,0.00728483308143438,0.0175818348809878,0.218134855264148,0.363892612480274
"saving_rate","asset_liability_ratio",10,0.111946197923606,0.0688799065235073,0.00741060871757495,0.0180515754376599,0.21732458876123,0.359740379170863
"saving_rate","asset_liability_ratio",11,0.112073733038187,0.0692011896794781,0.00771487044061111,0.0186386044758332,0.216865978493217,0.359129912015453
"saving_rate","asset_liability_ratio",12,0.112173819681497,0.0698500784289732,0.00818010256286176,0.0190492987532914,0.215682249595666,0.356457308852747
"saving_rate","asset_liability_ratio",13,0.112252819947269,0.0701535007650596,0.00849220130174825,0.0195107445400025,0.214926581116247,0.355468004298259
"saving_rate","asset_liability_ratio",14,0.112328399460735,0.0708878900935062,0.00867765633370664,0.0200791420680384,0.215896370238274,0.353379411196957
"saving_rate","asset_liability_ratio",15,0.112395819030449,0.0713071078912484,0.00881199668332831,0.0205301496061148,0.215450944260621,0.35204158460313
"saving_rate","asset_liability_ratio",16,0.11246503882026,0.0717462096658404,0.00912849347292618,0.0208180410549152,0.214309871692888,0.352352970162361
"saving_rate","asset_liability_ratio",17,0.112527936834666,0.0718436591007099,0.00948635635511115,0.0211742992641335,0.213066519133968,0.349457416381979
"saving_rate","asset_liability_ratio",18,0.112587714443355,0.0722346072550465,0.00955737826934734,0.0214514377463268,0.211720260817995,0.349800858830306
"saving_rate","asset_liability_ratio",19,0.112639094173178,0.0724678008890552,0.00964361432747079,0.0216457705533704,0.212185471657872,0.348751992421308
"saving_rate","asset_liability_ratio",20,0.112687350925508,0.0727150470132421,0.00971467145501542,0.0217792080505298,0.211340853702211,0.34835589209153
"saving_rate","asset_liability_ratio",21,0.112729416294502,0.0734198964167942,0.00974965001298512,0.0217830601047057,0.211544433194318,0.348142239973769
"policy_rate","gdp_growth",1,0.096432173165369,0.0502303894769458,0.000425419813754133,0.00467639112764709,0.199208135712834,0.348013379913734
"policy_rate","gdp_growth",2,0.102098669867599,0.0555645813574378,0.00238839623609818,0.00882526207385012,0.207933422799897,0.360862501841718
"policy_rate","gdp_growth",3,0.106752409883099,0.0599078956500046,0.00328046269509774,0.0107302442839586,0.214608077538602,0.374931142776457
"policy_rate","gdp_growth",4,0.110123046876107,0.0621452127206517,0.00400554975162954,0.0122007020700303,0.220182355821091,0.379076619618633
"policy_rate","gdp_growth",5,0.112731318840613,0.0646790267141149,0.00429469306296786,0.0131125856327188,0.225364286252383,0.385123801270917
"policy_rate","gdp_growth",6,0.114693135842901,0.0673106086501545,0.00473068303918054,0.0138762597952699,0.228674318101494,0.386114592591137
"policy_rate","gdp_growth",7,0.116027876444738,0.0698247226118494,0.00486582218857176,0.0145427257974761,0.230237860986585,0.385243590928167
"policy_rate","gdp_growth",8,0.116855149088851,0.0714223509714814,0.00530564952702861,0.0154190093147662,0.232224776350553,0.382548799239997
"policy_rate","gdp_growth",9,0.117298949660479,0.0730444883662163,0.00575983174443413,0.0162652013630238,0.231392009346344,0.379822508778316
"policy_rate","gdp_growth",10,0.117486844168998,0.0741677818523567,0.00605114873993804,0.0172570466319573,0.230610916214364,0.377433591879516
"policy_rate","gdp_growth",11,0.117515405047554,0.0751441520375698,0.00657958812232228,0.0184735294962902,0.228126226301246,0.373582590726093
"policy_rate","gdp_growth",12,0.117472263276086,0.0760866106076455,0.00705489533279507,0.0195468179753821,0.2250729941502,0.36859978517349
"policy_rate","gdp_growth",13,0.117401598244714,0.0769802955697927,0.00756477395042219,0.0205518531157532,0.223364321435354,0.365045798430845
"policy_rate","gdp_growth",14,0.117331548063246,0.0783684303399063,0.0079097039924185,0.0213272082624395,0.221193037221072,0.357668178917936
"policy_rate","gdp_growth",15,0.117272608726107,0.0795550776664343,0.00827727011331789,0.0219629232044172,0.219893151207489,0.353241716372993
"policy_rate","gdp_growth",16,0.117228005583069,0.080543227315795,0.00876893142511151,0.0226390615954119,0.217963653721022,0.349141955396961
"policy_rate","gdp_growth",17,0.117192265561181,0.0812616544618424,0.00914016407385425,0.0232995964670407,0.217151837286351,0.349012000692594
"policy_rate","gdp_growth",18,0.117159237902324,0.0819540875565685,0.00932926389012572,0.0239999079847816,0.216336057906033,0.346183730250836
"policy_rate","gdp_growth",19,0.117124481445383,0.0828774633257976,0.0095708170794258,0.0243904323640307,0.214886853388465,0.343695685991751
"policy_rate","gdp_growth",20,0.117086698555987,0.0833411014359264,0.0097746175402942,0.0247746388843857,0.214082110669781,0.341042700503905
"policy_rate","gdp_growth",21,0.117046541035752,0.0838516372947916,0.0100695073666244,0.0250074361711319,0.21383300478405,0.338169029666201
"policy_rate","consumption_growth",1,0.0956795809887295,0.0491895386190623,0.000397201843404151,0.00428104450061211,0.198758140504058,0.345576444706094
"policy_rate","consumption_growth",2,0.101093729054188,0.0538941141163881,0.00224182090762276,0.00823011354922444,0.206747054593127,0.352975497931192
"policy_rate","consumption_growth",3,0.105736132389208,0.0590469872959506,0.00293375121044481,0.010230663821919,0.215377772128105,0.359843834548513
"policy_rate","consumption_growth",4,0.109089234768877,0.0623205582027839,0.00368283296815796,0.0117505498452376,0.220388108955633,0.365588117711505
"policy_rate","consumption_growth",5,0.11163643004752,0.064458123485582,0.00431537600622988,0.0128353549825653,0.224153348191731,0.369256383632361
"policy_rate","consumption_growth",6,0.113458237810087,0.0668550754485605,0.00481687880036207,0.0136374978098179,0.226629176140129,0.374972042287114
"policy_rate","consumption_growth",7,0.114593588556166,0.0689170107315232,0.00509571621047977,0.0145400293128562,0.227504131562498,0.377297705063092
"policy_rate","consumption_growth",8,0.115184903311795,0.070797888591725,0.00557367656791033,0.0155386380677659,0.225062561297489,0.376139804945156
"policy_rate","consumption_growth",9,0.115400211936012,0.0724925618955927,0.00595095219009078,0.0163552841198133,0.224387505543387,0.374317193090553
"policy_rate","consumption_growth",10,0.115383945703248,0.0740852022950525,0.00633686646932129,0.0173442889024223,0.22181427161543,0.368158729399473
"policy_rate","consumption_growth",11,0.11524699819266,0.0754843920330014,0.00690016213206229,0.0184239256996947,0.219937912562008,0.362045012450108
"policy_rate","consumption_growth",12,0.115071700374036,0.0762226665889721,0.00745731754663767,0.0194378615416677,0.217760484425612,0.354019686459536
"policy_rate","consumption_growth",13,0.11490328827303,0.0773947830068958,0.00807851598924611,0.0204706783218568,0.216313974516135,0.34961577709771
"policy_rate","consumption_growth",14,0.11476446956423,0.0784072506443768,0.0085559822517906,0.0214147377425939,0.213666076361037,0.34394307934465
"policy_rate","consumption_growth",15,0.114661870462977,0.0798181536005903,0.00898523331337453,0.0224064232532286,0.211888949581808,0.338495891223154
"policy_rate","consumption_growth",16,0.114595354473995,0.0809080616279158,0.00950060811759095,0.0230119979655901,0.21153201396742,0.335086409095816
"policy_rate","consumption_growth",17,0.114557251260411,0.0816852186392308,0.00974918561933923,0.0236550661156808,0.209637277866296,0.331295020013543
"policy_rate","consumption_growth",18,0.114541103646212,0.0825416463046055,0.0100949760930036,0.0243093600988449,0.208944570535004,0.328844417643205
"policy_rate","consumption_growth",19,0.114540027834023,0.0833845332107499,0.0103634126605462,0.0249265094979668,0.207463970797204,0.324671876789712
"policy_rate","consumption_growth",20,0.114549725953496,0.0839299166837472,0.0106443772573279,0.0255159172493447,0.208037791910754,0.323381558345641
"policy_rate","consumption_growth",21,0.114565658581484,0.0842114920324685,0.0108696322652283,0.0260569923839189,0.207694256268579,0.322132466657651
"policy_rate","cpi_growth",1,0.0979128246623987,0.0519509147839169,0.000455966387599756,0.00465679298488512,0.199705788700766,0.353887510794561
"policy_rate","cpi_growth",2,0.103187950150471,0.0555491387190406,0.00205639444438872,0.00849226635879585,0.211392662696816,0.358576562998746
"policy_rate","cpi_growth",3,0.107477675532711,0.0597374102376015,0.00291645267432407,0.0102459067668993,0.217993315940523,0.365593226565937
"policy_rate","cpi_growth",4,0.110585039660154,0.063017032099789,0.00351591023470644,0.0116575793722231,0.223766224736499,0.371675077907262
"policy_rate","cpi_growth",5,0.112965605170433,0.0652297538737549,0.00407576095538737,0.0127286853348961,0.226216470863801,0.374220734744345
"policy_rate","cpi_growth",6,0.114669273439039,0.0672615324878956,0.00451211953153493,0.0139466732717379,0.229704540265732,0.376322546605327
"policy_rate","cpi_growth",7,0.115778649929523,0.0684562561282692,0.00491728498600337,0.0150329630483275,0.230381227832964,0.374504032858821
"policy_rate","cpi_growth",8,0.11639803749217,0.0703456978526491,0.00545594632282778,0.0159044223540503,0.229543905154421,0.372915973736928
"policy_rate","cpi_growth",9,0.116701786446782,0.0720491949386896,0.00584480717589011,0.0167414130964014,0.227118200533981,0.370196077324404
"policy_rate","cpi_growth",10,0.116801378569523,0.0734681750507686,0.0063423000889778,0.0177255026425267,0.224275506948384,0.371392957082702
"policy_rate","cpi_growth",11,0.116791767573536,0.0749203509176794,0.00692660023152123,0.0187151226891738,0.221361687787289,0.368734823223481
"policy_rate","cpi_growth",12,0.116737997210463,0.0763373876051207,0.00749845364703662,0.0199540080649568,0.219438868439574,0.365145160811645
"policy_rate","cpi_growth",13,0.116684496227669,0.078327393613261,0.00778771742321016,0.0209426794372406,0.21655559367985,0.360788041289021
"policy_rate","cpi_growth",14,0.116651008100676,0.0798514577398987,0.008143243943101,0.0218594755270092,0.214980091911844,0.355435643079567
"policy_rate","cpi_growth",15,0.116644912127607,0.0810316735330457,0.00865936389139933,0.0228110384992263,0.213956669472699,0.350101035119427
"policy_rate","cpi_growth",16,0.116663294165548,0.0821880844526038,0.00908987013722479,0.0236913866392192,0.212926295438778,0.346005994148221
"policy_rate","cpi_growth",17,0.116697533694944,0.0833317188136389,0.00923559071795383,0.0240965530585592,0.212164616306699,0.341738245002571
"policy_rate","cpi_growth",18,0.116738448113001,0.0847464909268113,0.0095598698364122,0.0246264127195007,0.211048760184304,0.339491557592624
"policy_rate","cpi_growth",19,0.116778979708476,0.0856097865170732,0.00976188895210359,0.0249296398728873,0.21027266192092,0.335285875933619
"policy_rate","cpi_growth",20,0.116814521815141,0.0864154870886822,0.00994262083083041,0.0254181330366402,0.209419996169502,0.332952435123276
"policy_rate","cpi_growth",21,0.11684268487366,0.0870915878381284,0.0101724538547867,0.0257307639885984,0.208689602591527,0.331818149517987
"policy_rate","saving_rate",1,0.0950703136623441,0.0484140462040158,0.000416191734865797,0.00475258632708073,0.198089223623137,0.341222970085663
"policy_rate","saving_rate",2,0.100562056037863,0.0541817212954416,0.00228881187461765,0.00837360406881188,0.204629676344948,0.354196360526702
"policy_rate","saving_rate",3,0.104974176292149,0.0580645625209856,0.00305425143528148,0.0101474478438821,0.215679520756378,0.366491131297664
"policy_rate","saving_rate",4,0.108233672474388,0.0611758285666031,0.00372985672451398,0.0115248255164194,0.220403931879026,0.373133993435885
"policy_rate","saving_rate",5,0.110731966309362,0.0633153496434009,0.00415157520464071,0.0127011732428513,0.221745538124827,0.378041309364225
"policy_rate","saving_rate",6,0.112532093300563,0.0657480617930231,0.004557295576959,0.013723424603683,0.223439531899673,0.378142774827832
"policy_rate","saving_rate",7,0.113662798612667,0.0673596769483457,0.00494390445346872,0.0145249974691035,0.223411318432561,0.378765682044262
"policy_rate","saving_rate",8,0.114255085018127,0.0692142675538516,0.00529781247554591,0.0155081046707299,0.2225723358465,0.379833894978122
"policy_rate","saving_rate",9,0.114481417102294,0.0711455003022221,0.00565557390504179,0.0165334190123551,0.222353232273311,0.377315368241624
"policy_rate","saving_rate",10,0.114474746616262,0.0716548169437881,0.00614113739825391,0.0175011637249987,0.221094164843723,0.369608167745293
"policy_rate","saving_rate",11,0.114347906247569,0.0730812427905917,0.00653746127240335,0.0184531549210441,0.218600532522307,0.364969478606269
"policy_rate","saving_rate",12,0.11417830535529,0.0740826581579681,0.00695243568988683,0.0195766554967325,0.217343831094284,0.356332113584203
"policy_rate","saving_rate",13,0.114018394136103,0.0757994324897454,0.00749716229514301,0.0204761449522607,0.214999765505987,0.35014133514289
"policy_rate","saving_rate",14,0.113886066388093,0.0767083156692612,0.00795405065037496,0.0214929778968112,0.212848263568969,0.347303465079749
"policy_rate","saving_rate",15,0.113787298797109,0.0777446548806885,0.00834255288965465,0.0220798392242786,0.211135396471817,0.343237221089756
"policy_rate","saving_rate",16,0.113717550371945,0.0784024605604048,0.00873749161023843,0.0226408427445625,0.2091149816882,0.339213367781283
"policy_rate","saving_rate",17,0.113671725266184,0.079273516620327,0.0091046620592456,0.0232640119826063,0.208554381896144,0.336472413527063
"policy_rate","saving_rate",18,0.113641614059391,0.0802893521162309,0.00947005316219466,0.0238501497303509,0.207326484740754,0.332017876955835
"policy_rate","saving_rate",19,0.113621517535077,0.0807837548622879,0.00970442916392056,0.0243358641244152,0.206845444328999,0.329490066427684
"policy_rate","saving_rate",20,0.113606694961647,0.0813005218778574,0.0100098206705534,0.0247538188408777,0.20595820924136,0.325893045476362
"policy_rate","saving_rate",21,0.113595427933618,0.0819889883078546,0.0101998381413902,0.0251934715697133,0.205564856046213,0.325522382033843
"policy_rate","policy_rate",1,0.224916326034354,0.198005532127118,0.0183617012893517,0.0618262307360578,0.390374503653817,0.526937801061078
"policy_rate","policy_rate",2,0.182795342998878,0.156489368974616,0.0194272669427579,0.05421968252684,0.312677296442984,0.436060557279265
"policy_rate","policy_rate",3,0.147712077784204,0.123487890203416,0.0163508713131016,0.0420093087203857,0.255803269119271,0.366978789573809
"policy_rate","policy_rate",4,0.121714152933181,0.0975564343026288,0.0131784755118361,0.0324542361762436,0.213682572068022,0.315463205914178
"policy_rate","policy_rate",5,0.101845005740778,0.0788550856971322,0.0106552535592745,0.0259774909834603,0.179741635257246,0.273920358250302
"policy_rate","policy_rate",6,0.0874575569976585,0.0660710703707914,0.00976583818905091,0.022716040917139,0.154608595107154,0.241369219205656
"policy_rate","policy_rate",7,0.0781995163981012,0.0585470028155256,0.0103567076783875,0.0223005331292345,0.135673718215804,0.215687647405941
"policy_rate","policy_rate",8,0.0730863194920647,0.0558232491132641,0.0110216439582183,0.0226598877912188,0.122991736298825,0.195982630197377
"policy_rate","policy_rate",9,0.0708571180412379,0.0560137020548075,0.0117066570940222,0.0236139838059553,0.115946085468598,0.182754444977258
"policy_rate","policy_rate",10,0.0704599919047571,0.0575294681471623,0.0123025721985531,0.0250704547637249,0.113701468419229,0.173166294432424
"policy_rate","policy_rate",11,0.0710488902573402,0.0590073946804806,0.0129098701749454,0.0258703407971878,0.114243330549474,0.170243440336514
"policy_rate","policy_rate",12,0.0719946540945538,0.0604422079952235,0.0132783136350239,0.0262989897459743,0.115858754228991,0.16998868178112
"policy_rate","policy_rate",13,0.0729344884203803,0.061370159010595,0.0133212740844654,0.0267479090346091,0.117715877412635,0.171768237633278
"policy_rate","policy_rate",14,0.0737012463412857,0.0620244882561403,0.0134912957595859,0.0269068163370297,0.119145108687259,0.175922291283429
"policy_rate","policy_rate",15,0.0742478810622403,0.0623390350993093,0.0137523840560792,0.0270692003275782,0.120199681948651,0.177748328302226
"policy_rate","policy_rate",16,0.0745940645144736,0.0624165980922727,0.0139125967666908,0.0270694183121976,0.121209683139315,0.178368620389991
"policy_rate","policy_rate",17,0.0747988853901566,0.0625045817575887,0.0139295757549778,0.0271181934678601,0.121690407142754,0.178842594705765
"policy_rate","policy_rate",18,0.0749213708486703,0.0622449032392426,0.0141011798539552,0.0272022338160858,0.122149146092644,0.180448129513595
"policy_rate","policy_rate",19,0.0750060185302861,0.0620668510074613,0.0143738508804654,0.0272574739573303,0.122706819371818,0.180482244741817
"policy_rate","policy_rate",20,0.07507969831374,0.0621118883816783,0.0144513889037232,0.0274091267120874,0.122312978470219,0.179914392393837
"policy_rate","policy_rate",21,0.0751554657896634,0.0622082272722674,0.0146305063268932,0.0277092433736828,0.12213583658281,0.179557107903201
"policy_rate","interest_burden",1,0.0973485121167142,0.0515129562570669,0.000415715467822887,0.00459939560641827,0.203222059490636,0.358174984880387
"policy_rate","interest_burden",2,0.10247814532672,0.0565575585696526,0.00219719137335293,0.00846243190320359,0.210306214038567,0.357137334284038
"policy_rate","interest_burden",3,0.106729157543035,0.0592738072965869,0.00308202633882014,0.0101825730788709,0.216706277690776,0.37137109842557
"policy_rate","interest_burden",4,0.109974116627081,0.0619674331967368,0.00377126342694212,0.0117010161215904,0.222251237740039,0.373961744186797
"policy_rate","interest_burden",5,0.112507265286165,0.0645722458640016,0.00422891592903769,0.0127083010711136,0.224969806222348,0.376643443827413
"policy_rate","interest_burden",6,0.114325924637388,0.0671610132864789,0.00460381775832019,0.0137378292183455,0.228307967730791,0.380719571754097
"policy_rate","interest_burden",7,0.115479346129075,0.0692912994586894,0.00499733646734327,0.0147932682219458,0.229412402990652,0.382236618781985
"policy_rate","interest_burden",8,0.116089105261868,0.0709511518538534,0.00537666589548913,0.0158207117333042,0.227748049328022,0.377218900594526
"policy_rate","interest_burden",9,0.116335923658696,0.0718969607102149,0.00568397945450719,0.0165829131415614,0.228317717841637,0.373835599374025
"policy_rate","interest_burden",10,0.116345346017409,0.0726595661420238,0.00608499700181545,0.0175263935592668,0.227469740843583,0.370357320985062
"policy_rate","interest_burden",11,0.116234718194275,0.0742700254834025,0.00664552031076156,0.018352958022923,0.224843083206728,0.36677530849146
"policy_rate","interest_burden",12,0.116081788800032,0.0759946942371373,0.00698692520276706,0.0192604007941889,0.221954936505384,0.363859321906119
"policy_rate","interest_burden",13,0.115938773274476,0.0774697178881283,0.00745468274803791,0.020046766908892,0.218974667784887,0.357282063179478
"policy_rate","interest_burden",14,0.115823426516875,0.0792376704418045,0.00785286957079804,0.0209860937007202,0.217223271634276,0.35119870921296
"policy_rate","interest_burden",15,0.115743302614382,0.0805651283126673,0.00834603295438703,0.0217391474520504,0.215255734377816,0.344575980947676
"policy_rate","interest_burden",16,0.115693607835247,0.0813668755648793,0.00890183651383537,0.0225271437759725,0.21342125729735,0.340120195101551
"policy_rate","interest_burden",17,0.115667253434358,0.0826517468405182,0.00915436172088608,0.0231833524323477,0.212280914420119,0.336397557280455
"policy_rate","interest_burden",18,0.115655436700926,0.0834746723735004,0.00944589587644439,0.023770831226781,0.210797061712579,0.334308577051176
"policy_rate","interest_burden",19,0.115652590546263,0.0843711183148189,0.00970161464179068,0.0243245546218411,0.210259065612903,0.331201330236298
"policy_rate","interest_burden",20,0.115654538406872,0.084878925861098,0.0100032890735933,0.0248279740395571,0.20995433267692,0.327973177456201
"policy_rate","interest_burden",21,0.115659027162622,0.085305911768233,0.0102325389348177,0.0252296299644959,0.209187508672802,0.325550812690094
"policy_rate","debt_growth",1,0.0969861006720758,0.0490517607500544,0.000368014015938568,0.00438189985456608,0.202222313384565,0.356208168572853
"policy_rate","debt_growth",2,0.102433918940747,0.0538709536049504,0.00207392188712669,0.00833758571110684,0.209876618345788,0.364569852058327
"policy_rate","debt_growth",3,0.107006376105103,0.0581507092893016,0.00299298861026806,0.010496383472635,0.218060997934061,0.374758422442931
"policy_rate","debt_growth",4,0.11046823355387,0.0606772980284086,0.00357224936027508,0.0116666384900869,0.222771656937005,0.379948182670029
"policy_rate","debt_growth",5,0.113066181223816,0.0636847075867651,0.00405541808550259,0.0128390285853995,0.227784137621568,0.384128844565954
"policy_rate","debt_growth",6,0.114909038536427,0.0657831824394375,0.00458779567708862,0.0136299151705296,0.230939226885573,0.38804108753386
"policy_rate","debt_growth",7,0.116076633882618,0.0674290135022153,0.00499118134444629,0.0145429804997058,0.232888762365693,0.385869233832957
"policy_rate","debt_growth",8,0.116704704647498,0.0692669221986379,0.00551589474638343,0.0154935320077844,0.231678481024283,0.38219244718618
"policy_rate","debt_growth",9,0.116949153373511,0.071264006945765,0.00592957559242434,0.0166298881666456,0.229629236715277,0.379880843360202
"policy_rate","debt_growth",10,0.116959276569133,0.0724271419237143,0.00651397761532162,0.0175042699274872,0.22890501220241,0.372803350302252
"policy_rate","debt_growth",11,0.116845330795194,0.0735894006953384,0.00691427555676263,0.0186512788980189,0.227513052598414,0.368737760338802
"policy_rate","debt_growth",12,0.11668862503884,0.0752930185140902,0.00739722051022804,0.0195957608788305,0.224441933497117,0.36362387554041
"policy_rate","debt_growth",13,0.116530420946787,0.0766723964196422,0.00782974301690517,0.0205526715933789,0.222480325604264,0.357716851990431
"policy_rate","debt_growth",14,0.116395279695955,0.0779758590403858,0.00819617002040478,0.021553556535372,0.220499143290248,0.355045085471991
"policy_rate","debt_growth",15,0.116287288542798,0.0796510003916129,0.00851098040062546,0.0225619113389961,0.219435953426494,0.350974340963258
"policy_rate","debt_growth",16,0.116206041337634,0.080307318112371,0.00886310606137824,0.0234295743305035,0.218264224856374,0.347159567838974
"policy_rate","debt_growth",17,0.116142971760388,0.0814972277382833,0.00930143541304885,0.0240684999467177,0.21722378084169,0.340720075721655
"policy_rate","debt_growth",18,0.116093133862409,0.0821119515036495,0.00956824059171688,0.024423352480837,0.216007953589314,0.336754493902164
"policy_rate","debt_growth",19,0.116050443160415,0.0826441168610964,0.00980968102586477,0.024762642731158,0.214867307804486,0.336758232551808
"policy_rate","debt_growth",20,0.116012404213488,0.0830417080098897,0.0100122314364331,0.0250920275081749,0.213509537739354,0.334656593760578
"policy_rate","debt_growth",21,0.115976328179265,0.0835118202354421,0.0102076264770886,0.0256362161559261,0.212887852693559,0.331887986717081
"policy_rate","real_house_price_growth",1,0.0958431881663557,0.0495944839680046,0.000463457672446794,0.00432839370380097,0.197624938431627,0.353864664102316
"policy_rate","real_house_price_growth",2,0.101058482476122,0.0538112756199486,0.0022136389963786,0.00806820699415192,0.205947441912103,0.357421236397117
"policy_rate","real_house_price_growth",3,0.105460565531175,0.0567646267485259,0.00301077760097334,0.00985485235497607,0.214669797121595,0.36387825347714
"policy_rate","real_house_price_growth",4,0.108773058508519,0.0599664371656238,0.00345464632975174,0.0111287037774531,0.222293239721176,0.376680683775433
"policy_rate","real_house_price_growth",5,0.111333331779462,0.062256612140267,0.00391265404003371,0.0121127287374918,0.22619878334444,0.383022805160637
"policy_rate","real_house_price_growth",6,0.113269509900128,0.0646349646413797,0.00435792366975889,0.0128918953265659,0.226845589146228,0.386020724922433
"policy_rate","real_house_price_growth",7,0.11454902686338,0.0663486984010752,0.0048088561542768,0.0137575136456887,0.229214051284233,0.386847491127164
"policy_rate","real_house_price_growth",8,0.115283826594674,0.0688698752908277,0.00514603472979112,0.0149442761909193,0.230190547317928,0.384482397490597
"policy_rate","real_house_price_growth",9,0.115621062256841,0.0697638434065844,0.00553638108421323,0.01569773301114,0.227538876876582,0.381298509139082
"policy_rate","real_house_price_growth",10,0.115712925257819,0.0713708776845591,0.00584984291495667,0.0168621500027732,0.225675083719586,0.375856244670104
"policy_rate","real_house_price_growth",11,0.115662217920319,0.0723608467738916,0.0065150061784349,0.0177660350006544,0.224698604905378,0.369118595750747
"policy_rate","real_house_price_growth",12,0.115561482157181,0.0732987576267361,0.00694960739247309,0.018552904585718,0.224872366579161,0.362145506615918
"policy_rate","real_house_price_growth",13,0.115462294485269,0.0744980043281437,0.00738105980696868,0.0194716961525984,0.222371423439597,0.356341273748517
"policy_rate","real_house_price_growth",14,0.115391856924327,0.0762516501391737,0.00799462524247474,0.0203382495561601,0.220173954200077,0.352190447995314
"policy_rate","real_house_price_growth",15,0.115352278677634,0.0772730311854482,0.00832796562948434,0.021138816309709,0.219021607866776,0.347522811513552
"policy_rate","real_house_price_growth",16,0.115340789148201,0.0781204966995064,0.00867738176806407,0.0217636569230004,0.217607096042689,0.342399067298829
"policy_rate","real_house_price_growth",17,0.115348896109279,0.0792230138868202,0.00895391208251846,0.0225160349636025,0.216647669648,0.33923866938957
"policy_rate","real_house_price_growth",18,0.115369388771029,0.0797808698959484,0.00925858438243825,0.0232506691944905,0.216112741276999,0.337247431636358
"policy_rate","real_house_price_growth",19,0.115395258945012,0.0805649361567853,0.00957127146090133,0.0238606440809267,0.215939766518406,0.33620217461681
"policy_rate","real_house_price_growth",20,0.115422652280454,0.0814221244076468,0.00980892137296218,0.0244751108281373,0.215067521784838,0.333739032925584
"policy_rate","real_house_price_growth",21,0.115449616345095,0.082059449180373,0.010055800741179,0.0250992413096447,0.214134112673444,0.33142694258289
"policy_rate","asset_liability_ratio",1,0.0998109805316588,0.0518567401420948,0.000451853392534143,0.00482987831241048,0.205263342435983,0.364128400330691
"policy_rate","asset_liability_ratio",2,0.104291705147413,0.0561518448740394,0.00222987222844345,0.00869289046092615,0.211863686957098,0.367462984899093
"policy_rate","asset_liability_ratio",3,0.108151428939317,0.0604746580599689,0.00295761258731366,0.010437398927966,0.217763774891721,0.370896515451517
"policy_rate","asset_liability_ratio",4,0.111039444597823,0.0638103244498465,0.00367586773157548,0.0115795814807804,0.219764440709916,0.377768549523964
"policy_rate","asset_liability_ratio",5,0.113182895601851,0.0660282731710522,0.00422335248997796,0.0126196116666301,0.224372697959095,0.380602409627815
"policy_rate","asset_liability_ratio",6,0.114685229535808,0.06755593872001,0.00478121208767654,0.0135998706702731,0.22802862533093,0.381252218596526
"policy_rate","asset_liability_ratio",7,0.115632563183732,0.0692942120147363,0.00507889612032277,0.0146480895333606,0.229054112946698,0.380104455702626
"policy_rate","asset_liability_ratio",8,0.116142869092952,0.0707749769513948,0.00556803232709799,0.0155360943116895,0.228618640185202,0.379765734327594
"policy_rate","asset_liability_ratio",9,0.116354377524146,0.0718604994916007,0.00596519331049321,0.0163298321738065,0.226439141693597,0.377455535426291
"policy_rate","asset_liability_ratio",10,0.11637554519285,0.0736573442803855,0.00649092545209324,0.0174665461828697,0.224940586514579,0.372299710886512
"policy_rate","asset_liability_ratio",11,0.116306765771552,0.0746845817239127,0.0070130389733758,0.0186382400629267,0.223413504463909,0.367554426064622
"policy_rate","asset_liability_ratio",12,0.116213183693519,0.0764440402191484,0.00739246497706033,0.0198188890989798,0.222179148027957,0.362089241491755
"policy_rate","asset_liability_ratio",13,0.11612624599157,0.0784371470670164,0.00782500155412587,0.0207970184684,0.219750541462774,0.357062014312772
"policy_rate","asset_liability_ratio",14,0.116055098405313,0.0797238927844716,0.00814279621533845,0.0215219436990947,0.218351326808418,0.354020750211978
"policy_rate","asset_liability_ratio",15,0.116002558989145,0.0810361334274904,0.00846631890722907,0.0224185648985692,0.215685514468862,0.347803020704287
"policy_rate","asset_liability_ratio",16,0.115961292569888,0.0819364402828164,0.0088405493374798,0.0231420743401064,0.212963521891379,0.345789495725941
"policy_rate","asset_liability_ratio",17,0.115923217523099,0.0829677884729309,0.0091939820240092,0.023604458560311,0.212987022847015,0.34224009612958
"policy_rate","asset_liability_ratio",18,0.115880266096038,0.0838145967585188,0.00948809390738171,0.0241480393498543,0.212316502840725,0.336227334895486
"policy_rate","asset_liability_ratio",19,0.115830682295065,0.0841929002612486,0.00987890887728678,0.0245825284920926,0.21168284355332,0.333100310220936
"policy_rate","asset_liability_ratio",20,0.115773065499176,0.0844715348748866,0.0101357510376316,0.0250716521658269,0.211911576544965,0.329059000042537
"policy_rate","asset_liability_ratio",21,0.115709250098842,0.0847939910038171,0.0103307124527881,0.025474115834476,0.212342259009728,0.325941132228549
"interest_burden","gdp_growth",1,0.102105437775345,0.0519030043834108,0.000439582782026717,0.00488322489041382,0.213165866865909,0.363763428409226
"interest_burden","gdp_growth",2,0.104893472203271,0.0758494403461744,0.00558285043366396,0.0195785258266147,0.192967011748137,0.308592993308134
"interest_burden","gdp_growth",3,0.107249007374395,0.0812892786892585,0.00920547045882724,0.0232425394344877,0.193840786624703,0.29828155679041
"interest_burden","gdp_growth",4,0.109785993533956,0.0815614346749783,0.0108554807511323,0.0247932567240328,0.197035295240995,0.308572629615296
"interest_burden","gdp_growth",5,0.110787357613108,0.0790513998212804,0.0117907866136376,0.0252264804699938,0.202285453201334,0.319889826297336
"interest_burden","gdp_growth",6,0.112718184534543,0.0785535233588069,0.0115505786554276,0.0248539226130333,0.204945814074382,0.335021502060601
"interest_burden","gdp_growth",7,0.114055095196888,0.0774097589012548,0.0114382780587607,0.0249632375551232,0.211043955076122,0.341088807477229
"interest_burden","gdp_growth",8,0.115084775228478,0.0776575832846034,0.011216973013777,0.0250052920168377,0.213960696611291,0.348476697950915
"interest_burden","gdp_growth",9,0.115702590807512,0.0776355321135084,0.0115250325368035,0.0251414432823497,0.216432093841853,0.348712797499781
"interest_burden","gdp_growth",10,0.116085352029555,0.0779992364133305,0.01159627246405,0.0252036012142985,0.217311853407306,0.349434089362646
"interest_burden","gdp_growth",11,0.116268466811106,0.0780545495895348,0.0117533014979924,0.0255585677597176,0.216032151907231,0.34809112990091
"interest_burden","gdp_growth",12,0.116335992474211,0.0785306184039388,0.0119614716504768,0.0260525861578674,0.214945121967078,0.345365974651192
"interest_burden","gdp_growth",13,0.116373482794352,0.0793499609843906,0.0123620532443635,0.026778784741034,0.214128355905869,0.342992502324811
"interest_burden","gdp_growth",14,0.116371294639037,0.0801110778805183,0.0127718659218861,0.0272288667107266,0.214168248958727,0.339384799050165
"interest_burden","gdp_growth",15,0.11636991200803,0.0809629053358722,0.0131644789972225,0.0278510414334735,0.213775421456717,0.337431134434268
"interest_burden","gdp_growth",16,0.11636790662132,0.0816230227549896,0.0135488926331283,0.0282990636711905,0.212638026182387,0.333275441129377
"interest_burden","gdp_growth",17,0.11638496713052,0.0819237255170934,0.0137690425011682,0.0288623147085081,0.211755425295709,0.332599784921419
"interest_burden","gdp_growth",18,0.116402195240682,0.0823537074940151,0.0139668535077926,0.0292650646850057,0.211486960822559,0.329770846071691
"interest_burden","gdp_growth",19,0.116421675505331,0.0825996576250448,0.0142523977477172,0.0296136766329996,0.211307133148508,0.327871569466722
"interest_burden","gdp_growth",20,0.116436555025357,0.0830185397362892,0.0144381682237384,0.0301126298178669,0.21144679150161,0.326429005514209
"interest_burden","gdp_growth",21,0.116448441400787,0.0833190726749074,0.0146066035270483,0.0302855065164118,0.210733112814078,0.325424594856711
"interest_burden","consumption_growth",1,0.101110970339205,0.0510044698384632,0.000479236166643022,0.00477335835706618,0.209225292817112,0.36739557131599
"interest_burden","consumption_growth",2,0.104815559774689,0.075839292391663,0.00607321302934551,0.0192948392985733,0.192060060734109,0.302710410785746
"interest_burden","consumption_growth",3,0.107043251299575,0.0820150660742479,0.00904234295252845,0.023439353687302,0.193599759844481,0.294566904074904
"interest_burden","consumption_growth",4,0.10963895902385,0.0834170458644244,0.0110311277972758,0.0252016705677515,0.196775045225293,0.301443553694421
"interest_burden","consumption_growth",5,0.11036428756901,0.0797857316535477,0.0119206776529818,0.0259630472760101,0.200766558975707,0.309404423929503
"interest_burden","consumption_growth",6,0.112540578383127,0.0798654622724823,0.0117512250271152,0.0251955306299772,0.208433749518426,0.326468429871887
"interest_burden","consumption_growth",7,0.113901343996713,0.0789576408832248,0.0115316823134126,0.0250740748757677,0.213097892844558,0.332189331524655
"interest_burden","consumption_growth",8,0.114887171210103,0.0795610086959241,0.0113517239139261,0.0251169510412847,0.21370321146472,0.338625516925404
"interest_burden","consumption_growth",9,0.115332566097603,0.0788164979429467,0.0114688942134817,0.0257090955375088,0.215210006445975,0.338780266612018
"interest_burden","consumption_growth",10,0.115617367354579,0.0788275617205043,0.0114935797406626,0.0255634096137359,0.21609695383437,0.339135041184413
"interest_burden","consumption_growth",11,0.115672201600085,0.0791357575890068,0.0120010336717137,0.0256020160422071,0.216424214787212,0.338241159791072
"interest_burden","consumption_growth",12,0.11563178845017,0.0792359123066915,0.0121631303902736,0.0257974301806994,0.215369457677899,0.337928657891931
"interest_burden","consumption_growth",13,0.115541131226684,0.0798632975999679,0.0126725426224527,0.0263279485822221,0.213149898318297,0.335461758931387
"interest_burden","consumption_growth",14,0.115438387178796,0.0801500540303472,0.0130221668897387,0.0269471937045696,0.211811356446044,0.333613635815235
"interest_burden","consumption_growth",15,0.115332704352215,0.0805916264871182,0.0133652201407473,0.0273511212402139,0.21082214897625,0.332328341579087
"interest_burden","consumption_growth",16,0.115242980837696,0.0811854728309848,0.0136138666985935,0.0279414192951273,0.210557413904305,0.331405996158742
"interest_burden","consumption_growth",17,0.115172691217577,0.081952248331029,0.0138752651725858,0.0283960600285897,0.209165270356849,0.330760376047081
"interest_burden","consumption_growth",18,0.115121457662205,0.0825234749972112,0.014022120409019,0.028853275259323,0.207688248129057,0.328443628397917
"interest_burden","consumption_growth",19,0.115080184208792,0.0826506685192215,0.0143406705897128,0.0292798517512751,0.206913525365398,0.327661985838314
"interest_burden","consumption_growth",20,0.115051480017791,0.0834687194540112,0.0145502138588079,0.0293739100550064,0.207076815206846,0.325139291315953
"interest_burden","consumption_growth",21,0.115027642846466,0.0844566744569494,0.0146552532128476,0.0296071487646602,0.206922532010144,0.324005595374901
"interest_burden","cpi_growth",1,0.101490850157757,0.0534848625234061,0.000520871358245573,0.0050800702532544,0.208806167480998,0.367720918676232
"interest_burden","cpi_growth",2,0.105016835973263,0.0759641273371811,0.00573149204472227,0.0198397736640716,0.194435353274599,0.308795378165074
"interest_burden","cpi_growth",3,0.107117675685366,0.0802830067943348,0.00854971145869207,0.0235267806276021,0.193527094452499,0.297235988926706
"interest_burden","cpi_growth",4,0.109368372287211,0.080064720275669,0.0100902074816034,0.0247638241566013,0.195503785857464,0.312015046284465
"interest_burden","cpi_growth",5,0.110268669454651,0.0783786395635244,0.0109376420854764,0.0253700622663571,0.199658024181686,0.322227432771073
"interest_burden","cpi_growth",6,0.112193770948761,0.0781982248381263,0.0109731281484767,0.0249637114465257,0.204599618249625,0.336567755611588
"interest_burden","cpi_growth",7,0.11349722848403,0.0780555469933945,0.0111431558793955,0.024892520070209,0.21023018229968,0.342894061284063
"interest_burden","cpi_growth",8,0.114354878573987,0.0782118222312428,0.011232713947853,0.0250438393625575,0.212795132842976,0.34603545728275
"interest_burden","cpi_growth",9,0.114840871554078,0.0779422943435684,0.0115354543040319,0.0252710446271643,0.214051101615639,0.3469082601317
"interest_burden","cpi_growth",10,0.115069360848776,0.0778381485591511,0.0118144354451519,0.0253386557221488,0.214147238308647,0.346568079037527
"interest_burden","cpi_growth",11,0.115169787940551,0.0783177744654286,0.0120694245770425,0.0256269421970907,0.213444629960996,0.343554513265907
"interest_burden","cpi_growth",12,0.115129203107151,0.0784020585866404,0.0121307932762609,0.0261735165999673,0.213455326231596,0.338812152494881
"interest_burden","cpi_growth",13,0.115096291208718,0.0790270235494649,0.0124387008877496,0.0267344519176576,0.211760645218298,0.338120787844886
"interest_burden","cpi_growth",14,0.115006243209384,0.079453488297859,0.0126434735511867,0.0271040378912451,0.210601545811976,0.335221815883603
"interest_burden","cpi_growth",15,0.114950692457759,0.0798339339372773,0.0129661394557539,0.0276422483529136,0.20937870099675,0.332944987092995
"interest_burden","cpi_growth",16,0.114887675480279,0.0801441293418047,0.0131892727530753,0.0280300275416889,0.208728355781554,0.331290632696587
"interest_burden","cpi_growth",17,0.114863404279482,0.0807957565174926,0.0135125991256662,0.0286138400152284,0.207703153046811,0.328078768277273
"interest_burden","cpi_growth",18,0.114837210516299,0.0812589607446204,0.0137319691169266,0.0290873502569184,0.207461142567819,0.326697579071924
"interest_burden","cpi_growth",19,0.114833035715917,0.0818344093503956,0.0138594856228939,0.0295933297462308,0.206965186227195,0.32468440895075
"interest_burden","cpi_growth",20,0.114829144793188,0.0821537589016127,0.0141305663939733,0.0300386573994342,0.206067184375027,0.32370223034094
"interest_burden","cpi_growth",21,0.114836039237114,0.0826578911397061,0.0143039210576949,0.0304032963075733,0.205179538984159,0.32182096177763
"interest_burden","saving_rate",1,0.100086007386107,0.0512824229096613,0.000415131413711776,0.00436316878733887,0.207661899970165,0.363042805068235
"interest_burden","saving_rate",2,0.104933165425276,0.0752864257474328,0.00562348917433854,0.0196210864095117,0.193416779083288,0.307066102786013
"interest_burden","saving_rate",3,0.107272288500475,0.0797801715424561,0.00875103476324542,0.023426421009838,0.195335899037298,0.300741445313904
"interest_burden","saving_rate",4,0.109945269974048,0.0799601325428383,0.0107458677893456,0.0250785171378291,0.200574570700279,0.313521428722509
"interest_burden","saving_rate",5,0.110969168404269,0.0779050835892089,0.0111791919442972,0.0253030370441862,0.20522732100656,0.326645918409384
"interest_burden","saving_rate",6,0.113123780724208,0.077206304924879,0.0111579955073257,0.0250222559784527,0.210397236990307,0.342858910586922
"interest_burden","saving_rate",7,0.11438740065518,0.0766190060475449,0.0111342482877677,0.0245888360070345,0.212378802322148,0.347237119038462
"interest_burden","saving_rate",8,0.115294877649909,0.0770427098155917,0.0111754033899413,0.0243935225507157,0.214532360897412,0.349180313280161
"interest_burden","saving_rate",9,0.115741391769489,0.0773118643067403,0.0114688992365997,0.0247715604624325,0.214714964603593,0.352719535558656
"interest_burden","saving_rate",10,0.115972574942887,0.0773734981886996,0.0115286849537347,0.0249396088836363,0.216417746230806,0.355303195209091
"interest_burden","saving_rate",11,0.115982900981296,0.0778094408601233,0.0118938750215703,0.0251176082795,0.214685873515153,0.355590462170245
"interest_burden","saving_rate",12,0.115897371640089,0.0781854976275293,0.0121909184231454,0.0255599676150707,0.213607103868447,0.352088381546039
"interest_burden","saving_rate",13,0.115796508743209,0.079152980994546,0.012586115862587,0.0260621528199932,0.213206433715225,0.349919869312962
"interest_burden","saving_rate",14,0.115676811830288,0.0799732439866011,0.0129985435899494,0.0264772330497236,0.212704580097479,0.347895983760376
"interest_burden","saving_rate",15,0.115568690633738,0.080104837250315,0.0132776855006136,0.0270610631775948,0.212263019134574,0.3450552207835
"interest_burden","saving_rate",16,0.115476405837412,0.0804356558741844,0.0136876866902926,0.0273959651644171,0.211137114962171,0.342262920084082
"interest_burden","saving_rate",17,0.115410553073364,0.0807066488953667,0.0137588844456728,0.027761227830402,0.210788344996132,0.339559963850703
"interest_burden","saving_rate",18,0.115358615098288,0.0812079011247768,0.0139983925704662,0.028242194435253,0.209936001449345,0.337451212765211
"interest_burden","saving_rate",19,0.115317136470334,0.0816857169065954,0.0142824409008012,0.0285432984086231,0.20872566175085,0.333895288903845
"interest_burden","saving_rate",20,0.115284823955783,0.0823365857995919,0.014492947434308,0.0287630126157563,0.207643245302849,0.332616128076137
"interest_burden","saving_rate",21,0.115255474687575,0.0829620742093983,0.0146431610225451,0.0292404066955928,0.206935558462943,0.330725161532253
"interest_burden","policy_rate",1,0.192033009069033,0.146624341308758,0.00444176627229476,0.0288866299840314,0.36806733625804,0.532902289911206
"interest_burden","policy_rate",2,0.16023563878702,0.127158609876229,0.0130812854958492,0.036404255212814,0.291833823015943,0.415440132983059
"interest_burden","policy_rate",3,0.141303559262621,0.114327792107975,0.0174076996653787,0.0397608534697557,0.250010602421721,0.35578382414798
"interest_burden","policy_rate",4,0.120753870820073,0.0967243735024757,0.0163069961463042,0.0351280794090703,0.211841550583913,0.30491077907672
"interest_burden","policy_rate",5,0.112943312209909,0.0890333515689418,0.0146333065210559,0.0321462119865671,0.198570226382093,0.291976326501584
"interest_burden","policy_rate",6,0.0966313783509097,0.0744899216462195,0.0131589135257228,0.0271253133617642,0.170452700295652,0.2538148717694
"interest_burden","policy_rate",7,0.0861073468192907,0.0655234920919416,0.0133069951234324,0.0253263319640719,0.150694950415353,0.229360224588155
"interest_burden","policy_rate",8,0.0787023870218238,0.0604457012723211,0.0138897855276069,0.0250569683659048,0.134485324516398,0.208869417009991
"interest_burden","policy_rate",9,0.0747454619121908,0.058144599767664,0.0142547770208195,0.0251078598455938,0.125860307490332,0.19605652491196
"interest_burden","policy_rate",10,0.0726256811709316,0.0580602743956026,0.0149234094002674,0.0259335564522535,0.119105294027428,0.184894705761725
"interest_burden","policy_rate",11,0.0720360457206884,0.0587904840606803,0.015221586848548,0.0265529299127487,0.11652796235894,0.177734537276074
"interest_burden","policy_rate",12,0.0723530827177796,0.0601971497398548,0.0157268004452223,0.0273656041961235,0.115904709961147,0.17419404528466
"interest_burden","policy_rate",13,0.0727752760339103,0.0611702554258635,0.015960227075599,0.0277853127643347,0.115688013557266,0.173170310154495
"interest_burden","policy_rate",14,0.0734544712849928,0.0621279742876357,0.0161766395518906,0.0283527440076618,0.116196856979319,0.171730171025288
"interest_burden","policy_rate",15,0.0740036252016992,0.0627050895216789,0.0163847653078495,0.0286067264152053,0.117169810472414,0.172805127477801
"interest_burden","policy_rate",16,0.0745077221956848,0.0631952975550569,0.0166711813459969,0.0288992969677205,0.117857141146988,0.172853561714377
"interest_burden","policy_rate",17,0.0747709879382008,0.0635852919918722,0.0167589151091612,0.0290282201774524,0.118622902571853,0.17218712950946
"interest_burden","policy_rate",18,0.0749853904349268,0.0638238037106452,0.016845506717909,0.0292668848206873,0.119111881861482,0.171531624495107
"interest_burden","policy_rate",19,0.0750925690782354,0.0638220494243238,0.0170454296078427,0.0294579970928784,0.119169755396118,0.171394675721959
"interest_burden","policy_rate",20,0.0751777991186803,0.0639268554459564,0.0169731450397492,0.029538968627685,0.119156189384754,0.171909680332971
"interest_burden","policy_rate",21,0.0752174453677705,0.0638963489084732,0.0170132943114844,0.0296696194382524,0.119275783811936,0.172434283740714
"interest_burden","interest_burden",1,0.0990508184026588,0.0528462259326572,0.000403959845197977,0.00453659899359971,0.204346314532661,0.358744740933584
"interest_burden","interest_burden",2,0.104518899267746,0.0765093777747838,0.00550195434429245,0.0192473190516141,0.192161635349038,0.304489621718039
"interest_burden","interest_burden",3,0.107300524147835,0.0803327348863436,0.00870286271576469,0.0233213106037228,0.192436841326087,0.29971784198373
"interest_burden","interest_burden",4,0.110141972412422,0.0802474817714972,0.0101566103726143,0.025344204629683,0.199301777094626,0.312887849987097
"interest_burden","interest_burden",5,0.111301354975993,0.0780429360913895,0.0114587068978845,0.0254066382588001,0.203166583485968,0.324344326154108
"interest_burden","interest_burden",6,0.113540703176794,0.0775736778887033,0.0113335801326581,0.0249076920445443,0.211267698428727,0.337666899388937
"interest_burden","interest_burden",7,0.114943880636439,0.0772118225849304,0.0115048739105159,0.0246560660159305,0.21554923705172,0.343243659666051
"interest_burden","interest_burden",8,0.115896245421224,0.0774404794924383,0.0115743288586204,0.0243676881079176,0.217637321255508,0.348876450114705
"interest_burden","interest_burden",9,0.116422668893427,0.077724855348439,0.0116380132466794,0.02477762996124,0.219615885529311,0.351317294449736
"interest_burden","interest_burden",10,0.116711876246913,0.0782751065549382,0.0118147422223563,0.0248974156991715,0.219935711414187,0.351359520294418
"interest_burden","interest_burden",11,0.1167831059467,0.078748567543784,0.0119682904399674,0.0251884240927579,0.21921067237602,0.350521392909086
"interest_burden","interest_burden",12,0.116724012546535,0.0788706997056656,0.012162258231971,0.0255776540230034,0.218897167024152,0.349624105243218
"interest_burden","interest_burden",13,0.116652851212295,0.0794611839553262,0.0127471731382494,0.0261292546613101,0.217481457441017,0.346638797842942
"interest_burden","interest_burden",14,0.116545641273489,0.079740095137362,0.0131636343232266,0.0266830908263472,0.215654498184736,0.34458932232925
"interest_burden","interest_burden",15,0.116453586832277,0.0806322670103421,0.0136425998778678,0.0270138217207481,0.214186704726704,0.342922748378362
"interest_burden","interest_burden",16,0.116365947547525,0.0811995390912399,0.0139240145154616,0.0274752163199676,0.21348767554198,0.340896790290331
"interest_burden","interest_burden",17,0.116314012001932,0.08174825789955,0.0141555694740891,0.0279170281589047,0.212562126029782,0.338175504261435
"interest_burden","interest_burden",18,0.116270705157195,0.0821883044601101,0.0142293612444429,0.0282281756163887,0.211375598620372,0.33623097996215
"interest_burden","interest_burden",19,0.116248958606837,0.0829409224734568,0.0143088027894984,0.0287047089566677,0.211071560164113,0.333973386519401
"interest_burden","interest_burden",20,0.116235669140541,0.0832195704437035,0.0144993931045731,0.0289502559554813,0.209666342912392,0.332513406695607
"interest_burden","interest_burden",21,0.116236495716743,0.0837693399421466,0.0146385348515198,0.0293967853072954,0.209218909856772,0.332045344345671
"interest_burden","debt_growth",1,0.101163676949777,0.051605425767269,0.000492395003994165,0.00489322864698525,0.210056341252064,0.369145418501106
"interest_burden","debt_growth",2,0.105771219097738,0.0759919855303965,0.00602446508584582,0.020353299745076,0.197912327962738,0.306732967299057
"interest_burden","debt_growth",3,0.108428365198273,0.080937293955765,0.00920457914904192,0.023859553333198,0.197993821885794,0.304091007859293
"interest_burden","debt_growth",4,0.11130126725258,0.0817144181097582,0.0108619741142033,0.0253267812589346,0.201963781061429,0.314074832168601
"interest_burden","debt_growth",5,0.112499654981329,0.0791617936214732,0.0118766562397979,0.0260581848745719,0.20370519206805,0.326664915467591
"interest_burden","debt_growth",6,0.114590067032055,0.0788847471195542,0.011521612332514,0.0255353487008095,0.211684294558436,0.341021090042194
"interest_burden","debt_growth",7,0.115903636513242,0.0790044735020896,0.0115715078279622,0.02492216998656,0.215414394838206,0.349495734619928
"interest_burden","debt_growth",8,0.116823534498715,0.0783704150575241,0.0115841739183261,0.0252276133424851,0.217826954197952,0.357469445371989
"interest_burden","debt_growth",9,0.117285883501921,0.0787403279913854,0.0118000792241624,0.0255728364127132,0.219364589784638,0.358263697875706
"interest_burden","debt_growth",10,0.117517145368331,0.0787925160740096,0.0118587268417484,0.0255900347836634,0.219791698073537,0.357070281485702
"interest_burden","debt_growth",11,0.117538285428849,0.0787435489832919,0.0121510714151485,0.0256267275782568,0.219656703729452,0.352043039480532
"interest_burden","debt_growth",12,0.117456846033541,0.0792484908911432,0.0123051924717932,0.0259645295259066,0.219287419191375,0.350367108041119
"interest_burden","debt_growth",13,0.117340353011471,0.0793822362557217,0.0125748416353509,0.0265261874412209,0.218560228294396,0.348465122792982
"interest_burden","debt_growth",14,0.117206932250932,0.0795924337541094,0.0127856039279247,0.0267570097644895,0.217947710223002,0.346880297228964
"interest_burden","debt_growth",15,0.117079364948891,0.0801272886567369,0.0133074797744378,0.0270838848401029,0.216540719583801,0.343500575048142
"interest_burden","debt_growth",16,0.116967774352984,0.0801613771741524,0.0135735396875856,0.0273901057658171,0.215257141944211,0.34161722533095
"interest_burden","debt_growth",17,0.116877594603452,0.0804917360627328,0.01376446972673,0.0278261776896044,0.214888448452589,0.340340124158234
"interest_burden","debt_growth",18,0.116806041064051,0.0810025540345135,0.0140605769434927,0.0284777329918015,0.213910223087085,0.337981067280963
"interest_burden","debt_growth",19,0.116745375649088,0.0815279893969009,0.0142493202165492,0.0288044797515451,0.213493870084181,0.336161449673069
"interest_burden","debt_growth",20,0.116697100032013,0.0819931529108245,0.0144210662089722,0.0290594338900567,0.213314912354979,0.334590127148843
"interest_burden","debt_growth",21,0.116653894258049,0.0821210580078716,0.0145884559918337,0.0294310761214187,0.212996468492269,0.333134613707014
"interest_burden","real_house_price_growth",1,0.100169724158141,0.0525051278848454,0.000494653578898442,0.00459090118813868,0.205765484598396,0.365704068271572
"interest_burden","real_house_price_growth",2,0.1037159925025,0.0746830352233539,0.00612845234216704,0.0199046874925823,0.187595089118873,0.305294550540026
"interest_burden","real_house_price_growth",3,0.106007300771221,0.0786034637390303,0.00878773363871715,0.0230467010578575,0.191609914506415,0.298868986002052
"interest_burden","real_house_price_growth",4,0.108488494721482,0.0783213109523063,0.0104726870885525,0.0249692440756885,0.197982926909734,0.305000593187641
"interest_burden","real_house_price_growth",5,0.109339400523896,0.0761350064858755,0.0111535825221895,0.0255502898735619,0.200642173251897,0.31799277701679
"interest_burden","real_house_price_growth",6,0.111401746635044,0.0748969434725496,0.011083471485236,0.0247755262793598,0.205927558739057,0.331830202756308
"interest_burden","real_house_price_growth",7,0.11277303749612,0.0747221507116613,0.0112541029563163,0.0248605552982576,0.208646504312148,0.33950375158648
"interest_burden","real_house_price_growth",8,0.113742768899164,0.0754979663884777,0.0112866708148913,0.0250016867928273,0.210793006546981,0.346759365330156
"interest_burden","real_house_price_growth",9,0.114256646888144,0.0756524312312176,0.0113213449838741,0.0250984501839415,0.211782002072849,0.350618033674247
"interest_burden","real_house_price_growth",10,0.114536529168724,0.0763142030183024,0.0115676854679922,0.024989643772989,0.213443274870593,0.352055486212347
"interest_burden","real_house_price_growth",11,0.114620229486937,0.0765489454714238,0.0117682679703835,0.0253315723213767,0.211407047348792,0.351181480346641
"interest_burden","real_house_price_growth",12,0.114575287835334,0.0766613352082645,0.0119958625965519,0.0253825598054246,0.210624523453206,0.349990885159511
"interest_burden","real_house_price_growth",13,0.114526948132788,0.0772847917342105,0.0123324243947574,0.025741337790982,0.209658104516304,0.347120933070696
"interest_burden","real_house_price_growth",14,0.114440997405084,0.0780412250815597,0.0126005840536452,0.0261528287953864,0.208911431186023,0.345908993549662
"interest_burden","real_house_price_growth",15,0.114385038261396,0.0784482435629828,0.0129998121552755,0.0266130468483317,0.208752058140025,0.344321440087458
"interest_burden","real_house_price_growth",16,0.114329359233971,0.0791514327039394,0.013218470936347,0.02703901393522,0.207083890500551,0.340004581871969
"interest_burden","real_house_price_growth",17,0.114315813830524,0.0794602788551833,0.0134679255814482,0.0275478317763464,0.207315025324695,0.337331453150841
"interest_burden","real_house_price_growth",18,0.114301094143986,0.0798806255977392,0.013571889613971,0.0278322496459695,0.206527672263947,0.336371479637084
"interest_burden","real_house_price_growth",19,0.1143073680876,0.0807174736305207,0.0137384266267248,0.0281399519972212,0.206359042237109,0.335409214430353
"interest_burden","real_house_price_growth",20,0.114309168586123,0.0810120054090804,0.0140016703650031,0.0282858426549669,0.205778850923499,0.333272340198063
"interest_burden","real_house_price_growth",21,0.114322034784914,0.0814398927235895,0.0141223231112717,0.0284933731652751,0.205051860696684,0.332603650618547
"interest_burden","asset_liability_ratio",1,0.102789505761976,0.0514148753823164,0.0003958775053715,0.00463258751071648,0.214315243710444,0.378445751478253
"interest_burden","asset_liability_ratio",2,0.106099216968496,0.0752901332247576,0.00551662979299627,0.0197286358897788,0.19430887465732,0.319672578876284
"interest_burden","asset_liability_ratio",3,0.108278027760239,0.0804970996649245,0.00867997018865621,0.0232768399458172,0.196919171084599,0.314112378933949
"interest_burden","asset_liability_ratio",4,0.110575799974377,0.0802284493253797,0.0108138413173296,0.0249753528918155,0.197403382451043,0.324045859370373
"interest_burden","asset_liability_ratio",5,0.111526794267835,0.0782995597550444,0.0117066876668506,0.0252476622539191,0.202778264483,0.334378868746372
"interest_burden","asset_liability_ratio",6,0.113259790214558,0.0773086050207121,0.0116011741591649,0.0253282610903724,0.207638450491134,0.347649698234667
"interest_burden","asset_liability_ratio",7,0.114431030202098,0.0776046534882637,0.011568773345251,0.0253409344462282,0.210373098041914,0.349160335144618
"interest_burden","asset_liability_ratio",8,0.115213361496595,0.077459790220047,0.0115159008480147,0.025595187196633,0.212761011968075,0.354278585863698
"interest_burden","asset_liability_ratio",9,0.115671918575635,0.0769132068053507,0.0118101721021424,0.0254715461557597,0.215220029884865,0.354900449127466
"interest_burden","asset_liability_ratio",10,0.115864112869302,0.0763760771948083,0.0120120917290534,0.0256586884386411,0.215885551192857,0.353642849844845
"interest_burden","asset_liability_ratio",11,0.115928976083787,0.0778027636890269,0.0123792754984894,0.0260934772964644,0.215753656959095,0.350455410867451
"interest_burden","asset_liability_ratio",12,0.115896415195189,0.077972111108917,0.0124854999692887,0.0266284127519514,0.215956231815016,0.348187735134645
"interest_burden","asset_liability_ratio",13,0.115897157636572,0.0791506302453347,0.0128644539066161,0.0273796830406861,0.214815478629259,0.344546561780491
"interest_burden","asset_liability_ratio",14,0.115859220927997,0.0796415383323965,0.0131810408332503,0.0278459700446751,0.213207996917545,0.34214880338016
"interest_burden","asset_liability_ratio",15,0.115856385303993,0.0809613425438651,0.0136450940378671,0.0285130995067169,0.212231564873753,0.338674876760583
"interest_burden","asset_liability_ratio",16,0.115854227893129,0.0812143598880798,0.0140712095742745,0.0289220647251527,0.211163163246041,0.335695069091609
"interest_burden","asset_liability_ratio",17,0.115889975924949,0.0815200222509029,0.014213139117573,0.0293012680755278,0.210213706012793,0.333811050220509
"interest_burden","asset_liability_ratio",18,0.115917290682368,0.0821564472659311,0.0142955544151245,0.0294425068763481,0.20951267845849,0.333604844015717
"interest_burden","asset_liability_ratio",19,0.115953696677866,0.0829417655013754,0.0142952568004547,0.0298742426823129,0.208978523451836,0.331960222235534
"interest_burden","asset_liability_ratio",20,0.115978259330523,0.0835691409285637,0.0146042320487912,0.0300676365377022,0.208040285560043,0.329573309704898
"interest_burden","asset_liability_ratio",21,0.116002531700581,0.0838248933872763,0.0147817275911009,0.0303269886951973,0.208137099764947,0.328024294631839
"debt_growth","gdp_growth",1,0.111349780509008,0.0602056509551519,0.00059784307203963,0.00556777622668013,0.232726134495532,0.390105130451709
"debt_growth","gdp_growth",2,0.110406173664591,0.0725054321168087,0.00554215275350535,0.0178203353928851,0.210540996680971,0.344872834369948
"debt_growth","gdp_growth",3,0.109751656288428,0.0742334500198135,0.00766326507536602,0.0204122426278434,0.205473748146875,0.335837885925464
"debt_growth","gdp_growth",4,0.111598774802152,0.0822334016855433,0.0104774696892201,0.024986333113943,0.201058814972926,0.316052595651497
"debt_growth","gdp_growth",5,0.112168527639616,0.0811456819808935,0.011242135905563,0.0257394004524485,0.20292628915919,0.322148520157607
"debt_growth","gdp_growth",6,0.113341519470766,0.083328941200313,0.0114685591116299,0.0263630265359018,0.20413426870789,0.321389280700601
"debt_growth","gdp_growth",7,0.113994995276545,0.0832027269530622,0.0117713957658159,0.0266454275013808,0.205980266460818,0.324054978971812
"debt_growth","gdp_growth",8,0.114675162872843,0.0839893432126751,0.0120556884213055,0.0270472258701441,0.206375246282637,0.325143769579993
"debt_growth","gdp_growth",9,0.114995321367902,0.0840328230760081,0.0124506526095811,0.0272264064172532,0.206122691810329,0.32808733247927
"debt_growth","gdp_growth",10,0.115227292394687,0.0842671554471202,0.0126314289840331,0.0274009545006037,0.206570292224151,0.328457211213715
"debt_growth","gdp_growth",11,0.115313789488669,0.0843315750037756,0.0129165173203534,0.0276655575027166,0.206557429667891,0.328435659456393
"debt_growth","gdp_growth",12,0.115344746549653,0.0843665576784435,0.0132773992354141,0.0279867790117354,0.20631148507529,0.326774592520885
"debt_growth","gdp_growth",13,0.115340989406054,0.0848803416209214,0.013717952225944,0.0287623331435388,0.205623367694402,0.325603989465297
"debt_growth","gdp_growth",14,0.115321019676562,0.0851894670790806,0.0140577067602314,0.0293888268085459,0.204423967234898,0.323455452482689
"debt_growth","gdp_growth",15,0.115304142001296,0.0853124089556755,0.0144477290734799,0.0299839547312402,0.204393867258998,0.321671272163164
"debt_growth","gdp_growth",16,0.115286307599349,0.0861131217488447,0.0148455050625439,0.0306793430647451,0.203830536245371,0.320749975105549
"debt_growth","gdp_growth",17,0.115284014797997,0.0861707808783057,0.0151731998996203,0.0313684026842526,0.202862677538163,0.31780883237867
"debt_growth","gdp_growth",18,0.115283401884638,0.0866688339261623,0.0155891989615423,0.0319691859598667,0.202409300901191,0.316220682662415
"debt_growth","gdp_growth",19,0.115289741036386,0.0871479733865897,0.0158257290239227,0.032524151208887,0.201532653130966,0.314873750793096
"debt_growth","gdp_growth",20,0.115294861482595,0.0876811351276755,0.0161930341156228,0.0329161584335916,0.200961282613657,0.312642405145334
"debt_growth","gdp_growth",21,0.115300355879793,0.0880403628234101,0.016296726954347,0.033464038997966,0.199956857557228,0.311052997998752
"debt_growth","consumption_growth",1,0.111971117047756,0.0603837881656772,0.000505827678176782,0.00546145830134344,0.235343388600104,0.399449576995835
"debt_growth","consumption_growth",2,0.111683630764712,0.0743013567179794,0.00517726507769257,0.0171911459538496,0.217262808577208,0.349732602536832
"debt_growth","consumption_growth",3,0.11128246690013,0.0757270190822984,0.00695719813482856,0.0196097301006155,0.211058705394738,0.341839576027052
"debt_growth","consumption_growth",4,0.113199193433736,0.084328604742652,0.00972376352542627,0.0239334557262031,0.205680015421659,0.322367051122231
"debt_growth","consumption_growth",5,0.113691459105667,0.0826858346047913,0.0105140678216154,0.0244269052578001,0.206913551115729,0.330817001128755
"debt_growth","consumption_growth",6,0.114783502037925,0.0853218309320687,0.0110374104582189,0.0250222172350598,0.207172508595256,0.328025725797866
"debt_growth","consumption_growth",7,0.115365147095312,0.0854291957326525,0.0112770271463702,0.0253117572483444,0.208803393699179,0.332417736049811
"debt_growth","consumption_growth",8,0.115948673388304,0.0862319434834493,0.0115895888687784,0.0258845139367693,0.20957742231869,0.330907091341082
"debt_growth","consumption_growth",9,0.11619582980004,0.0855427858379557,0.0118858156818718,0.0263444001577267,0.210101434085408,0.332911935409028
"debt_growth","consumption_growth",10,0.116366209832414,0.0859125027212938,0.0122802831586349,0.0269530568475853,0.210655409548141,0.33185836540388
"debt_growth","consumption_growth",11,0.116429977600142,0.0856343942475284,0.0126275839061455,0.0275319077522026,0.210928292414528,0.331127111917474
"debt_growth","consumption_growth",12,0.116442550357985,0.0854301599661628,0.0129532773243153,0.027897320033649,0.210685675031267,0.32978544127781
"debt_growth","consumption_growth",13,0.116425264969467,0.085293981131693,0.0134193557223025,0.0286001374100575,0.210774985675693,0.327039851148117
"debt_growth","consumption_growth",14,0.116383850607444,0.085459398027812,0.0137581995818334,0.0291380354933038,0.209700841638356,0.325203472771127
"debt_growth","consumption_growth",15,0.11634201961239,0.085964132210659,0.0142221183960063,0.0297527585614675,0.209322724091384,0.323765789489418
"debt_growth","consumption_growth",16,0.116297709975913,0.086447045197453,0.0145740420146738,0.0303417984444179,0.208549627989503,0.321600022556762
"debt_growth","consumption_growth",17,0.116259512199522,0.0866497286192746,0.0151344383610871,0.0310136516339127,0.207357757234397,0.320270121453916
"debt_growth","consumption_growth",18,0.11622328245428,0.0870346286708577,0.0156519931314692,0.0318022496953981,0.205661289825045,0.318694849915714
"debt_growth","consumption_growth",19,0.11619099665492,0.0874203485150947,0.016180741884992,0.0321115898257242,0.204691104506961,0.316406577686042
"debt_growth","consumption_growth",20,0.116162328262634,0.0884677924861801,0.0164003211079363,0.0326738340725679,0.203840324587681,0.314636091185774
"debt_growth","consumption_growth",21,0.116135137956003,0.0887698355455951,0.0167546138769474,0.0330343989551097,0.203055709386172,0.31292583952573
"debt_growth","cpi_growth",1,0.111469496430048,0.0588386840403777,0.000544600489759022,0.0055218745339343,0.230827967826829,0.397470615162471
"debt_growth","cpi_growth",2,0.11062480024295,0.0717790314055737,0.00511155250774215,0.017436437431372,0.211433332535336,0.348684578169019
"debt_growth","cpi_growth",3,0.110086118073644,0.0724326370342908,0.0070922262554839,0.0199016068870131,0.209423933169366,0.33770909337389
"debt_growth","cpi_growth",4,0.1118216057027,0.0824489265022046,0.00934201868478004,0.0244017794620932,0.205685992999069,0.316397365217703
"debt_growth","cpi_growth",5,0.112453272729018,0.0810632121339381,0.010188992615655,0.025115579927701,0.206154885249249,0.322911960735836
"debt_growth","cpi_growth",6,0.113515575449239,0.0829646984083224,0.0106865627428914,0.0257700070851117,0.206539890193438,0.324467306877605
"debt_growth","cpi_growth",7,0.114223345946019,0.0822137463798272,0.0108250721576464,0.0259789669335204,0.210331546918503,0.32809740146569
"debt_growth","cpi_growth",8,0.114807055934326,0.083523757750858,0.0114004920519986,0.0263464906342287,0.210506483016682,0.32805571508125
"debt_growth","cpi_growth",9,0.115154752082703,0.083556424392654,0.011660156396361,0.0265099854187837,0.211492974623788,0.327493135027041
"debt_growth","cpi_growth",10,0.115318243435987,0.0838726767407671,0.0119391043034099,0.0266675113318003,0.210961501686307,0.327679536430035
"debt_growth","cpi_growth",11,0.115426651968906,0.0836883443570866,0.0123171098937744,0.0271751121626648,0.210553934468587,0.327495813541228
"debt_growth","cpi_growth",12,0.115425734217161,0.0836986335901229,0.0127523383467749,0.0278136643817465,0.209249298043581,0.328170167127605
"debt_growth","cpi_growth",13,0.115443920482389,0.0839515462939487,0.0131500100102793,0.0284043827420553,0.208647209259528,0.326469743848634
"debt_growth","cpi_growth",14,0.115413423050436,0.0841953408876641,0.0133428259153672,0.0290627377735549,0.207542824487793,0.324825184191079
"debt_growth","cpi_growth",15,0.115418486415509,0.0845116076885882,0.013971870980604,0.0293730430852411,0.206335719033024,0.323318504961754
"debt_growth","cpi_growth",16,0.115407833739951,0.0847721345735929,0.0142878753975494,0.0301273932997576,0.205593043163687,0.322526453470817
"debt_growth","cpi_growth",17,0.115422781591763,0.0856484486775284,0.0146148171384432,0.0307844454281639,0.204802951206542,0.320680725450314
"debt_growth","cpi_growth",18,0.115430370378043,0.0863490078001008,0.0149420576039491,0.0313495932768522,0.204282254785888,0.318175825980398
"debt_growth","cpi_growth",19,0.115450423172689,0.0869896806302261,0.0154201634155159,0.0320893614273399,0.203060529036984,0.315723106205411
"debt_growth","cpi_growth",20,0.115468172637387,0.0875405984055471,0.0156025975480714,0.0325031992695773,0.202334571236166,0.313227103379298
"debt_growth","cpi_growth",21,0.115487808132224,0.0880201140009751,0.0158447980304933,0.0330192897333088,0.201676603221997,0.311203116276015
"debt_growth","saving_rate",1,0.110803741908263,0.0589036860732939,0.000508352706108159,0.00572909511160041,0.2313239433613,0.398828465802114
"debt_growth","saving_rate",2,0.11005713534598,0.0717513295125213,0.00530642856495546,0.0181221372897065,0.210512268697726,0.347702576158918
"debt_growth","saving_rate",3,0.10972897185916,0.0738947688699266,0.00758244348313171,0.0209054764115448,0.20590306995705,0.337826540402826
"debt_growth","saving_rate",4,0.111874089155453,0.0826831599308511,0.0101286224854089,0.0256421187688219,0.201645344664165,0.320238488564856
"debt_growth","saving_rate",5,0.112364977968036,0.0813776833212398,0.0110926758526115,0.026033237724637,0.204579559792699,0.326097523719181
"debt_growth","saving_rate",6,0.113566177527759,0.0836757091052043,0.0117773613504561,0.0265829937115033,0.205755568148241,0.324124710080268
"debt_growth","saving_rate",7,0.114191616528249,0.0832791081538976,0.0120632097546793,0.0265669256449295,0.20649040898765,0.326542779774258
"debt_growth","saving_rate",8,0.114847057693019,0.0840149614105944,0.0123893319755029,0.0269528848846944,0.206610263234015,0.326346832096806
"debt_growth","saving_rate",9,0.115164324524284,0.0834512172229454,0.0126354866099166,0.0274342594617331,0.206773297450011,0.329330047296557
"debt_growth","saving_rate",10,0.115417143411684,0.0835847977379216,0.0129405555026846,0.0275231311675276,0.207723129759815,0.327579391710205
"debt_growth","saving_rate",11,0.115546361793914,0.0838276184755159,0.013385359819852,0.0278534726411521,0.207622816123099,0.328490086890121
"debt_growth","saving_rate",12,0.115624873068947,0.0841298292612742,0.013841795658239,0.0283724994336805,0.206719930812377,0.327242288701161
"debt_growth","saving_rate",13,0.115672837578689,0.0842589130043729,0.0141944583240605,0.0290346966571703,0.206368667688482,0.327143091478547
"debt_growth","saving_rate",14,0.115704965310365,0.0845359787566775,0.0146102091447588,0.0296160226764748,0.20548826268135,0.324819951739675
"debt_growth","saving_rate",15,0.115724806973523,0.0848106832592843,0.0152091518575482,0.0302531507276312,0.204513795497266,0.323293008621127
"debt_growth","saving_rate",16,0.115743675536533,0.0852516484837442,0.0155747404546916,0.0308706278699249,0.204463942364721,0.322155734653157
"debt_growth","saving_rate",17,0.115754798530887,0.0859394812515009,0.0158095379444768,0.0316626177662186,0.203391080948511,0.320208282928494
"debt_growth","saving_rate",18,0.115771635527652,0.0862482874394108,0.0159825556611538,0.0321921777486151,0.202502547697181,0.317662386413671
"debt_growth","saving_rate",19,0.115779578183842,0.0870637103783123,0.0164083936849249,0.0326773590429457,0.202108107912356,0.315462084374661
"debt_growth","saving_rate",20,0.115794830159908,0.0876058281470151,0.0168200059093907,0.0331652099770767,0.201780800102559,0.313733941753027
"debt_growth","saving_rate",21,0.115800656129944,0.0877716757784867,0.0171311738824943,0.0336542436349349,0.200787176164288,0.312127918851648
"debt_growth","policy_rate",1,0.115799582848652,0.0760856417260267,0.0017282959170071,0.0119890322882164,0.22813728109771,0.364732521416957
"debt_growth","policy_rate",2,0.120242188162125,0.0878969851428284,0.00915537335165579,0.0256741885754832,0.225425785683479,0.339648085340846
"debt_growth","policy_rate",3,0.123230620378392,0.0926380428106583,0.0133843326533352,0.031745639235735,0.224514400255202,0.333020216292631
"debt_growth","policy_rate",4,0.108037477039255,0.0817732559983328,0.0124337356812162,0.0284241357999477,0.194283793017851,0.289315630864827
"debt_growth","policy_rate",5,0.103262809856319,0.077986042543978,0.0124982027578874,0.0270618846428545,0.183971205854117,0.282373484790401
"debt_growth","policy_rate",6,0.0939579757426614,0.0709322839456761,0.0116033565092843,0.0246955730129463,0.166139921227488,0.257339996550389
"debt_growth","policy_rate",7,0.0884555416885429,0.0659121269335402,0.0116890407762016,0.0235889904668964,0.155532532206318,0.243942336410073
"debt_growth","policy_rate",8,0.0832655953357927,0.0621252482694926,0.0120018973474549,0.0233786741368811,0.144549727551389,0.22831006595819
"debt_growth","policy_rate",9,0.0805219125334476,0.059907113065731,0.0123849612940454,0.0234661528222937,0.13855532185058,0.219985631631562
"debt_growth","policy_rate",10,0.0786765444966972,0.0589515943449429,0.0128147792259362,0.0238048118649034,0.133943967643507,0.211186182431652
"debt_growth","policy_rate",11,0.0776903639723369,0.058880678408656,0.0130648034553522,0.0240897398954658,0.131321667865398,0.205962215113639
"debt_growth","policy_rate",12,0.0773067411836352,0.0591961479604677,0.0135864180409336,0.0247640148202072,0.129647337934838,0.202361033866331
"debt_growth","policy_rate",13,0.0770460967866628,0.059592923516266,0.0138143060702081,0.0250742140659602,0.128571388689577,0.20058111314515
"debt_growth","policy_rate",14,0.0770371120661585,0.060070434578469,0.0140213697983908,0.025687981159315,0.127999310933719,0.197961075814114
"debt_growth","policy_rate",15,0.0769733878870179,0.0602967719480428,0.0143043956428415,0.025886547542969,0.127323169376922,0.196353098145066
"debt_growth","policy_rate",16,0.0769965508416918,0.0605770273932229,0.0144440196747372,0.0261810066091399,0.127146266825274,0.195086704148266
"debt_growth","policy_rate",17,0.0769412626762516,0.0607394274765485,0.014471652745971,0.0264452385364597,0.126780911500272,0.192639686255432
"debt_growth","policy_rate",18,0.0769186962737466,0.0609790606289382,0.0147206088372546,0.0267063719060799,0.126753714987219,0.191715068278913
"debt_growth","policy_rate",19,0.0768835677255114,0.0610979858907364,0.0148391062428857,0.0268702247472379,0.126652924830803,0.19118507530447
"debt_growth","policy_rate",20,0.076868821211249,0.0611296678091997,0.0149936209764402,0.0270698173916869,0.126771389061255,0.190310631697821
"debt_growth","policy_rate",21,0.0768803277323153,0.0613605880387569,0.0150785335264897,0.0272426071847743,0.126781956516368,0.190269220188218
"debt_growth","interest_burden",1,0.109199265396558,0.0573988832203875,0.000448821110989711,0.00529797005383482,0.226710385771107,0.392157109409766
"debt_growth","interest_burden",2,0.108519320408032,0.0704181256406613,0.00485215833515793,0.017002729608138,0.206527321011657,0.338946591666686
"debt_growth","interest_burden",3,0.108140685978111,0.0732930166876395,0.0070548787787489,0.0191878261081499,0.204168762645543,0.332475139027641
"debt_growth","interest_burden",4,0.10999363420833,0.0821680772806568,0.00944244889446651,0.0235421246806341,0.198260991711052,0.308995713319548
"debt_growth","interest_burden",5,0.110601539020846,0.0812130285436474,0.0102290705234356,0.0241323943900508,0.201302211652475,0.31582983934962
"debt_growth","interest_burden",6,0.111761964155179,0.0831605236226831,0.0107018390693718,0.0247122051835087,0.20323428284043,0.312459826037622
"debt_growth","interest_burden",7,0.112505087479229,0.0830434196302227,0.0109309609862707,0.024941313145329,0.205188118677059,0.318169090130367
"debt_growth","interest_burden",8,0.113177250267279,0.0837430006179557,0.0115441739918788,0.0254167483375157,0.204686360638857,0.31967982215672
"debt_growth","interest_burden",9,0.113606312388603,0.0835621403640506,0.0119535535342005,0.0259087964476854,0.20507665553686,0.32338248605128
"debt_growth","interest_burden",10,0.113900787867128,0.0835970816510572,0.0123288300319071,0.0265286456416256,0.205911029320763,0.322923950686265
"debt_growth","interest_burden",11,0.114129511616597,0.0834741166600871,0.0125176193812918,0.027099914011835,0.207237824658523,0.32264403688878
"debt_growth","interest_burden",12,0.114256591619062,0.0836136699725357,0.0127781689170076,0.0275247781741103,0.207234668798739,0.319832315085491
"debt_growth","interest_burden",13,0.114396714677225,0.0836442890856212,0.0133338014041297,0.0281245955327872,0.206861985126923,0.319736624187303
"debt_growth","interest_burden",14,0.114485868037601,0.0838398928054442,0.0138037750408884,0.0287867094069428,0.206459945936768,0.318434979102632
"debt_growth","interest_burden",15,0.114589086667876,0.0844399897499695,0.014330033602947,0.029526675848974,0.205797024208671,0.316020618715233
"debt_growth","interest_burden",16,0.114663858834032,0.0849638078603457,0.0145694262068018,0.030072616773888,0.205439222563046,0.314492193983448
"debt_growth","interest_burden",17,0.114748816382173,0.085588018451357,0.0149662967386667,0.0307660597797546,0.204674272121548,0.313500401556071
"debt_growth","interest_burden",18,0.114817393514967,0.0859950163898661,0.0153097969966814,0.0314149359613521,0.204105396272796,0.31214354849519
"debt_growth","interest_burden",19,0.114882595725046,0.0863530039317415,0.0155892742882292,0.0318687516447171,0.203981602181575,0.310384170644903
"debt_growth","interest_burden",20,0.114936999278493,0.0870240420546043,0.0158860191531902,0.0322171086949099,0.20317602420091,0.308852858629086
"debt_growth","interest_burden",21,0.114984304330584,0.0875724198419039,0.0162073473513406,0.0325795284869989,0.202577260087148,0.307664985860063
"debt_growth","debt_growth",1,0.107890231437578,0.0582750773676311,0.00051309747845132,0.00544834989134829,0.222585285107724,0.387910170540404
"debt_growth","debt_growth",2,0.108054383193873,0.0708753638327539,0.00499762322896061,0.0172369936982317,0.205308640982116,0.341240664829096
"debt_growth","debt_growth",3,0.107901062062323,0.0724839913170359,0.0070104481566407,0.0196523219888154,0.201311653118704,0.335987233560893
"debt_growth","debt_growth",4,0.110036534455515,0.080370314793828,0.00960196071083919,0.0240087262148502,0.198339906450551,0.315540140170246
"debt_growth","debt_growth",5,0.110774011559337,0.0799951724377291,0.0104931310218693,0.0241975468670702,0.198724671581264,0.321865723005502
"debt_growth","debt_growth",6,0.11215702426664,0.0826355783605027,0.0107384191323657,0.0255012512841521,0.200608835790824,0.318922541547937
"debt_growth","debt_growth",7,0.11291630521607,0.0822355875621873,0.0110731013927965,0.0254661377506919,0.202501938556341,0.321531684861218
"debt_growth","debt_growth",8,0.113654878106708,0.0828625948800806,0.0113763885501988,0.0259560281533543,0.203660068582641,0.32348164581969
"debt_growth","debt_growth",9,0.114042299097841,0.0825178151696552,0.0116536202590903,0.02623924299724,0.205920766063274,0.323768336706138
"debt_growth","debt_growth",10,0.114333815316463,0.0830408023524095,0.0120189830285537,0.0266640173608809,0.206859193783182,0.322965903498058
"debt_growth","debt_growth",11,0.114465459178494,0.0831482392333392,0.0125461706454795,0.0271736734383762,0.206156755666116,0.325326958724465
"debt_growth","debt_growth",12,0.1145262643097,0.0832794336046161,0.0129680733771195,0.0275791080815091,0.205388335487444,0.323968605766505
"debt_growth","debt_growth",13,0.114553801704468,0.0834877968912666,0.0133804967829459,0.0281857164438968,0.204541772432187,0.321023358804086
"debt_growth","debt_growth",14,0.114557124245144,0.0836991260812774,0.0139489726273878,0.0288437078415567,0.203662827379554,0.319981272330276
"debt_growth","debt_growth",15,0.114559828700117,0.084171841136367,0.0143187577509064,0.0295813685044629,0.202407935004583,0.317520863524867
"debt_growth","debt_growth",16,0.114556383428314,0.0842804975266375,0.01479946634416,0.0302183293691865,0.201835849913486,0.31525901771257
"debt_growth","debt_growth",17,0.114565663090062,0.0845224885829939,0.0152022156311153,0.0308165598326123,0.200923686387389,0.31342827997134
"debt_growth","debt_growth",18,0.11457225456409,0.0850903613354509,0.0156419861620646,0.0313694405795247,0.200384940359138,0.312362235829103
"debt_growth","debt_growth",19,0.114582789712964,0.0856761798536627,0.0161381618715374,0.0320277097711288,0.200223249819262,0.309944269771541
"debt_growth","debt_growth",20,0.114587756970963,0.0859785346108445,0.0165905459020617,0.032717959040675,0.200499676829129,0.308830642173594
"debt_growth","debt_growth",21,0.114591775994865,0.0862673040896248,0.0168673518805155,0.0330947754159024,0.199350578012017,0.306953816400824
"debt_growth","real_house_price_growth",1,0.109965553636924,0.0596887033124766,0.000636496148012918,0.00545819270139047,0.228529356348114,0.391703814160345
"debt_growth","real_house_price_growth",2,0.109745915277877,0.0715866130312446,0.00514812236318526,0.017644077268543,0.209187901113873,0.344941035491134
"debt_growth","real_house_price_growth",3,0.109490771564319,0.07363034900297,0.00695940581830635,0.0201190327218137,0.204764566458372,0.334969460707343
"debt_growth","real_house_price_growth",4,0.111492084952607,0.0814832137499677,0.00944921464568307,0.0244779103014903,0.202751063141246,0.316224717254999
"debt_growth","real_house_price_growth",5,0.112078802535231,0.0802443300718981,0.0100174866939989,0.0246303406240565,0.204879354699534,0.327344186703804
"debt_growth","real_house_price_growth",6,0.113329240361679,0.0826580508148287,0.010589203776987,0.0255204175313265,0.206117248863712,0.324875584747966
"debt_growth","real_house_price_growth",7,0.114116942805649,0.082334733050428,0.0106950807667027,0.0257387931998306,0.20706890108155,0.329961268717927
"debt_growth","real_house_price_growth",8,0.11484955473533,0.0837522727152648,0.0112104361631457,0.026248545519529,0.20746057971323,0.330952773080199
"debt_growth","real_house_price_growth",9,0.115218456053983,0.0840080519117261,0.0115951968917437,0.026564799539525,0.20819643626038,0.331624972570211
"debt_growth","real_house_price_growth",10,0.115476235609604,0.0841788198137765,0.0119749993476688,0.0269433338110607,0.208073892017835,0.332465112705513
"debt_growth","real_house_price_growth",11,0.115612461633575,0.0844529335251011,0.0123367507687757,0.0272284239865202,0.207679225316258,0.330846672185406
"debt_growth","real_house_price_growth",12,0.115656850884192,0.0844807188190826,0.0128284915128527,0.0276154658158309,0.207465721745109,0.329865673483921
"debt_growth","real_house_price_growth",13,0.115674216747868,0.0844384641691846,0.013054215105955,0.0282627091598485,0.206545774785335,0.327577294786761
"debt_growth","real_house_price_growth",14,0.115647475232154,0.0847348647385495,0.0133019675966288,0.0288547242080766,0.206302278959077,0.32617483347988
"debt_growth","real_house_price_growth",15,0.115629918200791,0.0849418480861749,0.0137088717874465,0.0296421104273762,0.20565588866509,0.324939855452866
"debt_growth","real_house_price_growth",16,0.115587821042163,0.0852566949584833,0.0140972694554323,0.030130258643168,0.20413016364258,0.323147769507049
"debt_growth","real_house_price_growth",17,0.115558159808007,0.0858711822080992,0.0146585764600208,0.0308024515509343,0.202418237285825,0.321723156591065
"debt_growth","real_house_price_growth",18,0.115513521005733,0.0861685712614794,0.0152584331342855,0.0311563811677264,0.202138974598371,0.320395776645836
"debt_growth","real_house_price_growth",19,0.115475117352021,0.086586133859226,0.0155967483046959,0.0317839737746303,0.201397794354804,0.318347598165076
"debt_growth","real_house_price_growth",20,0.115426773152591,0.0870246734136157,0.015823208413948,0.0322858768320285,0.200888002396672,0.317096296552367
"debt_growth","real_house_price_growth",21,0.115380215132842,0.0875780765271116,0.0161384770706856,0.0327461284364539,0.200032044578693,0.314503091786582
"debt_growth","asset_liability_ratio",1,0.111551230785214,0.0609122091167112,0.000498339639465075,0.0053823595716066,0.230199089784342,0.394165621270424
"debt_growth","asset_liability_ratio",2,0.110666452939859,0.0728628652346419,0.00457807392115914,0.0173537664599308,0.212582214337549,0.345850662153297
"debt_growth","asset_liability_ratio",3,0.110387646895491,0.0745146695737308,0.00698677221513855,0.0199653542945053,0.209804739541539,0.335021387563339
"debt_growth","asset_liability_ratio",4,0.111946606250251,0.0830228714381544,0.00940503042216646,0.0247347773165095,0.20246001161694,0.313030714402002
"debt_growth","asset_liability_ratio",5,0.112604599585931,0.0813472261722228,0.0102989767716712,0.0246708832180693,0.203823063831237,0.320594930159399
"debt_growth","asset_liability_ratio",6,0.113587020988152,0.0840364573872618,0.0107951274617838,0.0257612929026463,0.206191367360385,0.319856775040497
"debt_growth","asset_liability_ratio",7,0.114231017964384,0.083599665753684,0.0110889401239085,0.0258423792825936,0.207996855431532,0.325601108281595
"debt_growth","asset_liability_ratio",8,0.1147747716664,0.0850337992661907,0.0113491760497881,0.026604191433129,0.208025909389903,0.323681511033171
"debt_growth","asset_liability_ratio",9,0.115100792151196,0.0843419752920075,0.0117716324337807,0.0270734061352432,0.207632466390019,0.324419846879241
"debt_growth","asset_liability_ratio",10,0.115283727635336,0.0845358534591217,0.0122575162729636,0.0273388393592891,0.20843648420048,0.323558100552424
"debt_growth","asset_liability_ratio",11,0.115385422747366,0.0844359778689034,0.0125175413133925,0.0277566176509291,0.208769444244929,0.325239424258822
"debt_growth","asset_liability_ratio",12,0.115415647809663,0.0846609147382906,0.0129122870475563,0.0282158854564849,0.20849406610697,0.324932980986794
"debt_growth","asset_liability_ratio",13,0.115446157647176,0.0852789839898283,0.0134626368738142,0.0287975727674315,0.207684106464895,0.323093686104468
"debt_growth","asset_liability_ratio",14,0.115449161774136,0.0855788273886008,0.0137558657212654,0.0293556250531248,0.207236952366838,0.321041414334511
"debt_growth","asset_liability_ratio",15,0.11545832354148,0.0858700395273209,0.0141427293692682,0.0299119081945247,0.206383136969468,0.320120145998134
"debt_growth","asset_liability_ratio",16,0.115459859002052,0.0864224428241449,0.0144314701297698,0.0305604764115039,0.205535234511306,0.318132565534346
"debt_growth","asset_liability_ratio",17,0.115464990923336,0.086855029237474,0.0149069271104641,0.0312565920518498,0.204418606802871,0.316506988610764
"debt_growth","asset_liability_ratio",18,0.115469444396849,0.0873914092671527,0.015034178244907,0.031859480042883,0.203924609804649,0.315244744967614
"debt_growth","asset_liability_ratio",19,0.11546519043662,0.0877028264536558,0.015405478762006,0.0324369786237388,0.202734619948778,0.314538990460323
"debt_growth","asset_liability_ratio",20,0.115459456844179,0.0883906149068186,0.0158319180237585,0.0328998435911457,0.202021107408249,0.312382084955372
"debt_growth","asset_liability_ratio",21,0.115439418711431,0.0884347234633605,0.016033194558355,0.0331876870509755,0.201427635669164,0.311116965604796
"real_house_price_growth","gdp_growth",1,0.113969102533733,0.0628775875730438,0.000509132464004527,0.0055955193620718,0.237427078347929,0.393007099008615
"real_house_price_growth","gdp_growth",2,0.111699838611706,0.0681942276828221,0.0039841017041081,0.0141857807289064,0.22035546400356,0.366387622090302
"real_house_price_growth","gdp_growth",3,0.113610720235035,0.0830682199174895,0.0111388801716973,0.0261133826841934,0.20525955806977,0.316843339773479
"real_house_price_growth","gdp_growth",4,0.114120805772702,0.0876278084400636,0.0139000446060959,0.029784951629791,0.202481872625034,0.304910699625867
"real_house_price_growth","gdp_growth",5,0.114497365173344,0.0892905458883022,0.0155977665027295,0.0319417085020448,0.200887495342286,0.301745556770805
"real_house_price_growth","gdp_growth",6,0.11460063341223,0.0903083237120413,0.0172424664147141,0.0335536274567378,0.198750318906252,0.295461617774275
"real_house_price_growth","gdp_growth",7,0.114330134514438,0.091508585433073,0.0178836341397033,0.034642491547551,0.196459886053183,0.291229291095629
"real_house_price_growth","gdp_growth",8,0.114075232165926,0.0920921792771934,0.0184777148289792,0.0354226081609087,0.195635921106922,0.286782753732872
"real_house_price_growth","gdp_growth",9,0.113912233259761,0.0921395523720113,0.0189507313897713,0.0362315763418392,0.194903350341617,0.284110370611481
"real_house_price_growth","gdp_growth",10,0.113862814543192,0.0923384794488128,0.0193252283650902,0.0369665445273594,0.193839596722366,0.28204222029389
"real_house_price_growth","gdp_growth",11,0.1137808216244,0.0928427606292057,0.0196763657358046,0.0373165893490929,0.192909322776473,0.280883422067633
"real_house_price_growth","gdp_growth",12,0.113754487554533,0.0930965018614933,0.0199796892576179,0.0379659965659312,0.192508743630123,0.280171033237752
"real_house_price_growth","gdp_growth",13,0.11375133990633,0.093183543992081,0.0202187931447727,0.038509077899841,0.192635594358163,0.279118258384024
"real_house_price_growth","gdp_growth",14,0.113781368741606,0.0931308456923564,0.0206614915599389,0.0388505250317928,0.19244230929879,0.278116824183575
"real_house_price_growth","gdp_growth",15,0.113800018952153,0.0932612233355347,0.0209746101404364,0.039182854704799,0.192049235338434,0.277097224193288
"real_house_price_growth","gdp_growth",16,0.113820581326419,0.0935922993821187,0.0212236513881737,0.039484579952626,0.192000440086048,0.276515072147672
"real_house_price_growth","gdp_growth",17,0.113832807483514,0.0938475422490677,0.0213770807964727,0.0396199593096077,0.191840806246932,0.275880759585798
"real_house_price_growth","gdp_growth",18,0.113841319510312,0.0940501917058628,0.0216075416818689,0.039799560338636,0.19125710015858,0.275076435653526
"real_house_price_growth","gdp_growth",19,0.113843713447922,0.0941673544060355,0.0218612235717694,0.0400609595017253,0.19101462498821,0.274791674285117
"real_house_price_growth","gdp_growth",20,0.113842704754585,0.0943296292883719,0.022047117759812,0.0402920894534496,0.190580378723641,0.274096469467485
"real_house_price_growth","gdp_growth",21,0.11384080332603,0.0943575252769696,0.0220460964112284,0.0404903486962271,0.190499708138305,0.273830904728538
"real_house_price_growth","consumption_growth",1,0.110594234569335,0.060513754780436,0.000538554787444676,0.00594552437103182,0.22718057994813,0.390758514587277
"real_house_price_growth","consumption_growth",2,0.109563836366929,0.0657567350592164,0.00434108470742164,0.0143525835238818,0.218555192704782,0.361922303665475
"real_house_price_growth","consumption_growth",3,0.112893781636794,0.0823516079680358,0.0106530111561057,0.0266606565048751,0.204273052900629,0.319467657781007
"real_house_price_growth","consumption_growth",4,0.113540003465131,0.0858998359915381,0.0135996944082747,0.0303140051204907,0.20194653177817,0.303410372141434
"real_house_price_growth","consumption_growth",5,0.113803945204202,0.086942006603262,0.0156211424444548,0.0320881567242589,0.200087597846932,0.300180614896468
"real_house_price_growth","consumption_growth",6,0.113848462072397,0.0879060470597672,0.0171515202135887,0.0339398570263578,0.198357386585358,0.297091214855192
"real_house_price_growth","consumption_growth",7,0.113578738346067,0.0888005484282011,0.0184312742952754,0.0352067182088472,0.196223324281879,0.291496982010319
"real_house_price_growth","consumption_growth",8,0.11335808713268,0.0894026041939795,0.0190294114367156,0.0359367422264773,0.195193256133811,0.288377622659719
"real_house_price_growth","consumption_growth",9,0.113211166865224,0.0897509824806517,0.0193816692798539,0.0367181390677586,0.193841343976835,0.285122315095015
"real_house_price_growth","consumption_growth",10,0.113185803840715,0.0900617928070338,0.0198771057967095,0.0370828742701632,0.193318269103152,0.282174832859097
"real_house_price_growth","consumption_growth",11,0.113121672564674,0.0902995926204403,0.0204899824278992,0.0378177222921857,0.192689094178465,0.281152603961535
"real_house_price_growth","consumption_growth",12,0.11311890475608,0.0907201569524923,0.0209275219992268,0.0382278550104363,0.192257755088101,0.280334542185541
"real_house_price_growth","consumption_growth",13,0.113126010740022,0.0910511812201675,0.0210885612798273,0.0385953603017358,0.191957914994357,0.279996943650957
"real_house_price_growth","consumption_growth",14,0.113151405519771,0.0909267471075328,0.0213453860883475,0.0389973845403242,0.191879608003422,0.279735602609172
"real_house_price_growth","consumption_growth",15,0.113162835050446,0.0910431754165364,0.0214841067703427,0.0392148378180477,0.191197691224919,0.278934960717481
"real_house_price_growth","consumption_growth",16,0.113178741453142,0.0912123511777112,0.0217947703213317,0.0394441822435411,0.190554753191163,0.278067039953709
"real_house_price_growth","consumption_growth",17,0.113190272332274,0.0912130541300385,0.0219767131824466,0.0397983986059019,0.19028698767257,0.276999826286947
"real_house_price_growth","consumption_growth",18,0.113198107843574,0.0913105477752639,0.0220411967207011,0.0399562532003345,0.190027058331411,0.276380560254172
"real_house_price_growth","consumption_growth",19,0.113199730268696,0.0914898766195052,0.0223038017840359,0.0401505437906105,0.189935843555781,0.275654640720984
"real_house_price_growth","consumption_growth",20,0.113198418671139,0.0917433539544926,0.0224563842030015,0.0402676107925642,0.189670408812605,0.275280155914398
"real_house_price_growth","consumption_growth",21,0.113194804524037,0.0918734815420026,0.0226972815929445,0.0405078198155146,0.18939606941298,0.274601370890569
"real_house_price_growth","cpi_growth",1,0.109573475596783,0.0586284142775371,0.000567890437325113,0.00552221637399213,0.226504703117187,0.396028695118737
"real_house_price_growth","cpi_growth",2,0.109046395061932,0.0649803268649164,0.00385293070440857,0.0140182093842347,0.213754167261147,0.367957786575364
"real_house_price_growth","cpi_growth",3,0.11177541575077,0.0811611637865699,0.010317366401429,0.0261127899786256,0.203100911462062,0.320483497306889
"real_house_price_growth","cpi_growth",4,0.112677004635834,0.0856207445893932,0.0135749893644792,0.0297007304385846,0.199438661303298,0.308573003742726
"real_house_price_growth","cpi_growth",5,0.113014935511135,0.0867633750991382,0.0153829405585782,0.0320344940855838,0.199465987038574,0.302855926022368
"real_house_price_growth","cpi_growth",6,0.113154261438034,0.08755185895623,0.0172270183784364,0.0337522325961995,0.197377695944242,0.298330438526563
"real_house_price_growth","cpi_growth",7,0.112937366743904,0.0881699970264433,0.0180026833978259,0.03463157850678,0.1964534309183,0.292281788197556
"real_house_price_growth","cpi_growth",8,0.112802663958467,0.0888177218592373,0.0185730538037844,0.0354660127482712,0.195067397157933,0.289796279422347
"real_house_price_growth","cpi_growth",9,0.112658643529715,0.0897817790486512,0.0191861125284522,0.0363476111324343,0.194011380591152,0.286818917023806
"real_house_price_growth","cpi_growth",10,0.112629538148392,0.0899954990026123,0.0195015282181824,0.0370894354411357,0.192943000882073,0.284489463631218
"real_house_price_growth","cpi_growth",11,0.112547357713726,0.0902554841682011,0.0198741182264364,0.0375604630975015,0.192468135626926,0.283432457445395
"real_house_price_growth","cpi_growth",12,0.112547544881045,0.0903938627490828,0.0200337871505087,0.0380786060760553,0.191899878613499,0.281363384235001
"real_house_price_growth","cpi_growth",13,0.112555078632894,0.0904820501153862,0.0204237840744733,0.0385566049703876,0.191490177280268,0.280002624859897
"real_house_price_growth","cpi_growth",14,0.112589411055424,0.0906624137552187,0.0207240802788665,0.0389647412284829,0.191234537688834,0.279481294167462
"real_house_price_growth","cpi_growth",15,0.112615084649395,0.0909137598326899,0.0210027161407336,0.0392091459718591,0.190673592804184,0.278518892186987
"real_house_price_growth","cpi_growth",16,0.112642121597647,0.0909479965079708,0.0212475705233976,0.0394678389166406,0.190340553203994,0.277152189350972
"real_house_price_growth","cpi_growth",17,0.112662328712088,0.0911190424080909,0.0212768670684823,0.0395840026867656,0.190103225225797,0.276972943816233
"real_house_price_growth","cpi_growth",18,0.112674134051548,0.0913156098664812,0.0214520641776495,0.0397137571574871,0.189787266367509,0.276404753231446
"real_house_price_growth","cpi_growth",19,0.112687629289742,0.091747370313239,0.0217093816697571,0.03986973830488,0.189491965019845,0.275867645304144
"real_house_price_growth","cpi_growth",20,0.112692941529788,0.0918937224814801,0.0217715527403855,0.0400321343342494,0.189272336229934,0.275396796798111
"real_house_price_growth","cpi_growth",21,0.112698840895231,0.09217163036392,0.0220747898951417,0.0402405120023026,0.189198658218601,0.274973208444034
"real_house_price_growth","saving_rate",1,0.112914066737822,0.059376045194016,0.000572439499518674,0.00587971921263006,0.234326596411679,0.408010913366558
"real_house_price_growth","saving_rate",2,0.111302901441156,0.0646257044179587,0.00432319705818236,0.0140963748634988,0.218874056731263,0.373419526619785
"real_house_price_growth","saving_rate",3,0.113761153234777,0.0823114518265667,0.0102211750220975,0.0260277442408493,0.207259172050335,0.32687387131015
"real_house_price_growth","saving_rate",4,0.114085600522835,0.0853706500570691,0.0131667808708713,0.0293300052480948,0.204886880282268,0.312952379193089
"real_house_price_growth","saving_rate",5,0.114267261150252,0.086968561252884,0.0148602250997914,0.0313600452200657,0.203324170017487,0.305148006837628
"real_house_price_growth","saving_rate",6,0.11432711649092,0.0881927911201831,0.0164342192176698,0.0335640985650635,0.201532831084409,0.299041094202016
"real_house_price_growth","saving_rate",7,0.114037132255136,0.0894661760306366,0.0176780742738957,0.0344506014299451,0.199312334769313,0.294009516928494
"real_house_price_growth","saving_rate",8,0.113802916567058,0.0898277071011813,0.0185036518076835,0.0352050672775018,0.197827410357996,0.290883861350317
"real_house_price_growth","saving_rate",9,0.113655717159377,0.0904175361252281,0.0190494143698244,0.0357882745598116,0.197208021960308,0.288365808597652
"real_house_price_growth","saving_rate",10,0.113658238272478,0.0908035681435002,0.0197886229013399,0.0364225394128838,0.196976247705801,0.286082173699593
"real_house_price_growth","saving_rate",11,0.113612246729881,0.0911520486931261,0.0201088498242736,0.0366728119963456,0.195994161145591,0.283783716185295
"real_house_price_growth","saving_rate",12,0.11362675971874,0.091231874066403,0.0204653043849687,0.0372806131676114,0.195193347538805,0.282571703825455
"real_house_price_growth","saving_rate",13,0.113637963326187,0.0913909783942487,0.0208240862377999,0.0375632248950642,0.194433506791907,0.281892139106191
"real_house_price_growth","saving_rate",14,0.113663787111242,0.0917648545058507,0.0211839545015348,0.0377689290019759,0.194436624231957,0.281366839185999
"real_house_price_growth","saving_rate",15,0.113678076132276,0.092031603922123,0.0213825971394579,0.0380887423324227,0.193780308583472,0.280897997302557
"real_house_price_growth","saving_rate",16,0.113691917597728,0.0922664943509677,0.0216743606229108,0.0383600385383896,0.193245363272136,0.280372821555289
"real_house_price_growth","saving_rate",17,0.113700735930262,0.092594819875447,0.0217777843339737,0.03856142434319,0.193102573039257,0.279805847431782
"real_house_price_growth","saving_rate",18,0.113703248163507,0.0925863337152036,0.0220866981707503,0.0387239283111448,0.193217040959649,0.279060195285146
"real_house_price_growth","saving_rate",19,0.113707834037878,0.0926415049548023,0.0222042805428694,0.0388981621000456,0.192898743845606,0.278660724469718
"real_house_price_growth","saving_rate",20,0.113709555266628,0.0927623527490737,0.0223267601893694,0.0391713221084907,0.192751554730403,0.278149903058723
"real_house_price_growth","saving_rate",21,0.113712323004957,0.0929055373298606,0.0223891128864215,0.0392863085888953,0.192705622930589,0.277477202006777
"real_house_price_growth","policy_rate",1,0.109285653480643,0.0617173121529663,0.000544460025892407,0.00578668787730947,0.224364178304662,0.37542352141765
"real_house_price_growth","policy_rate",2,0.119777786344264,0.0782369677872706,0.00463315000698531,0.0162518216874738,0.235859645163843,0.371730122806958
"real_house_price_growth","policy_rate",3,0.0988899678157333,0.070111690381679,0.0098751589723944,0.0223473909640731,0.183059195935691,0.285178182918025
"real_house_price_growth","policy_rate",4,0.0938027602658226,0.0694832808522722,0.0116525179241005,0.0245755783528448,0.168615747384301,0.25877942856875
"real_house_price_growth","policy_rate",5,0.0910743145211597,0.0696702259802019,0.0137191390495192,0.0268243459250702,0.159237867184619,0.241943803891528
"real_house_price_growth","policy_rate",6,0.090089937387447,0.0699992605904352,0.0147074242370466,0.0279118765398193,0.156237619428166,0.233214011658096
"real_house_price_growth","policy_rate",7,0.0920464450147413,0.0728845364664434,0.0166215442863841,0.0302530378262765,0.157573089452994,0.232959787382157
"real_house_price_growth","policy_rate",8,0.0936584622190501,0.075418843675617,0.0173475565119617,0.0314483024193381,0.159206808749421,0.233867647966525
"real_house_price_growth","policy_rate",9,0.094793810019579,0.0772764782577106,0.0181284164031525,0.0328489292386668,0.16040761555394,0.234044244531831
"real_house_price_growth","policy_rate",10,0.0949374599598803,0.0777704576184205,0.0187961868175951,0.0333972992641249,0.159732629007402,0.232257315191827
"real_house_price_growth","policy_rate",11,0.0954341588864446,0.0784583878296103,0.0189847405514678,0.0339498719316708,0.159742319735174,0.23172769047267
"real_house_price_growth","policy_rate",12,0.0953807327111017,0.0784904488250633,0.0192188998628025,0.0343459724536937,0.15961709608169,0.230761453029275
"real_house_price_growth","policy_rate",13,0.0952643772792853,0.0785479632894369,0.0194778882768413,0.0346080612842494,0.158895516150266,0.229208839159677
"real_house_price_growth","policy_rate",14,0.0949470161307223,0.0783209482813579,0.019557244165676,0.0346713998302416,0.157960561985308,0.22845674256806
"real_house_price_growth","policy_rate",15,0.0947572226539075,0.078221487196816,0.0196197396529819,0.0348164394001477,0.157139544632477,0.227816062538692
"real_house_price_growth","policy_rate",16,0.0945480091196166,0.0781152908954488,0.0197703345224382,0.0349214142498502,0.156479978277958,0.22666886722118
"real_house_price_growth","policy_rate",17,0.0944142771834632,0.0781319278129103,0.019895377148071,0.0351895257661379,0.155913144330576,0.22516835931451
"real_house_price_growth","policy_rate",18,0.0943234867656591,0.0782756921911864,0.02018488138773,0.0353216011584954,0.155414305255195,0.22378742079446
"real_house_price_growth","policy_rate",19,0.0942729328500691,0.0782320818729933,0.020303641183584,0.0354211655575794,0.155179356947739,0.223207123806075
"real_house_price_growth","policy_rate",20,0.0942530428576718,0.0783708696741442,0.0203721480941236,0.0354967626375799,0.155034895892434,0.222475413147277
"real_house_price_growth","policy_rate",21,0.0942444649427207,0.0784464949396747,0.0205064167766102,0.0356401995789771,0.155101479547393,0.222019327943372
"real_house_price_growth","interest_burden",1,0.110346123922303,0.0589603716560919,0.000533558967813182,0.0051045747826075,0.227456034906745,0.398259787224415
"real_house_price_growth","interest_burden",2,0.109187225910016,0.064411217792814,0.00398236051391334,0.0135178413134188,0.216777260769579,0.365192779264142
"real_house_price_growth","interest_burden",3,0.111791294312593,0.0815250335401879,0.0107544175488745,0.0263887188236919,0.200064761378122,0.323060802822722
"real_house_price_growth","interest_burden",4,0.112327877161259,0.0852816334550221,0.0132128555306364,0.0299563207746606,0.195581661165849,0.308494133736305
"real_house_price_growth","interest_burden",5,0.112689310772804,0.0866455617779357,0.0148276140801291,0.0316195228259038,0.194516364262751,0.301402928439897
"real_house_price_growth","interest_burden",6,0.112903494789893,0.0877040761526923,0.0163165374144499,0.0334197676353259,0.192916662239141,0.293976328610659
"real_house_price_growth","interest_burden",7,0.11270677357255,0.0888870741388038,0.0175426170451207,0.0346938148673322,0.191660922397411,0.289657412440725
"real_house_price_growth","interest_burden",8,0.112569345889073,0.089865874016045,0.018347350421593,0.0357063689743521,0.190967394934939,0.285408930462331
"real_house_price_growth","interest_burden",9,0.112495120842226,0.090286095770676,0.0189957504322053,0.0363432618431863,0.190754922812686,0.282506647282073
"real_house_price_growth","interest_burden",10,0.11255417945236,0.0905950517149246,0.0195760996791014,0.0369142960773772,0.189996777256457,0.280750507091355
"real_house_price_growth","interest_burden",11,0.112552759638394,0.0908697578087548,0.0202548690543934,0.0375485211680814,0.18898136359244,0.27858874560342
"real_house_price_growth","interest_burden",12,0.112626327539427,0.0911331627307129,0.0206430952913514,0.0379178293238367,0.188126551394668,0.278055501450969
"real_house_price_growth","interest_burden",13,0.112703982231624,0.0912358411557432,0.0209969426788297,0.0382654410908056,0.187639819853393,0.277409410508123
"real_house_price_growth","interest_burden",14,0.112801222313133,0.0915652993019109,0.0213779934853208,0.0388464420021193,0.187607678054888,0.277551941302933
"real_house_price_growth","interest_burden",15,0.112868062291265,0.0917981802826382,0.021609524338688,0.03922183503547,0.187392377771062,0.277017294630345
"real_house_price_growth","interest_burden",16,0.112933903364951,0.0918955492273571,0.0218487103266258,0.0393990610736574,0.187389985678912,0.276090910741415
"real_house_price_growth","interest_burden",17,0.112985304523067,0.0921172903104636,0.0220140650131388,0.0395533811539323,0.187290245060249,0.27549761718199
"real_house_price_growth","interest_burden",18,0.113026315003365,0.0921765764401663,0.0220247147286758,0.0398482316972956,0.187303317603843,0.275408735858022
"real_house_price_growth","interest_burden",19,0.113055517525441,0.0923224718776304,0.0221459852252932,0.0400702000237325,0.187090374434652,0.275298961445013
"real_house_price_growth","interest_burden",20,0.113078460662218,0.0923717037126479,0.0224112625850163,0.0401758885509148,0.18705046230601,0.275960686481561
"real_house_price_growth","interest_burden",21,0.113098146711288,0.092501855271175,0.0225930991061399,0.0403709054603303,0.186836975814643,0.27549654852056
"real_house_price_growth","debt_growth",1,0.1112123426493,0.0598461034768702,0.000554477343426092,0.00585923036804991,0.231478516377777,0.393995975597426
"real_house_price_growth","debt_growth",2,0.109655897327464,0.0652329687410384,0.00424520926625061,0.0144922530158398,0.216908138299981,0.363930510605855
"real_house_price_growth","debt_growth",3,0.112327863711025,0.0819762412016386,0.0108301097456481,0.0265240942513111,0.203426127161801,0.316223402969892
"real_house_price_growth","debt_growth",4,0.113033215658278,0.0866136957424264,0.0135275752404046,0.0298972024329418,0.201281387953195,0.299786230067579
"real_house_price_growth","debt_growth",5,0.113442955920628,0.0882827332809757,0.0155381163859017,0.0322500063386283,0.19948331420382,0.295772214996857
"real_house_price_growth","debt_growth",6,0.113579570889712,0.0884675160124264,0.0171461264226741,0.0337240233842062,0.198906988846556,0.292655451720775
"real_house_price_growth","debt_growth",7,0.11337783132734,0.0895828536033192,0.0179297440031834,0.0348254661704423,0.197388104336246,0.288150275813075
"real_house_price_growth","debt_growth",8,0.113235812714693,0.0900624259240157,0.0184457025805201,0.0355232217669354,0.195650078377459,0.285547146861017
"real_house_price_growth","debt_growth",9,0.113135626774336,0.090681752259464,0.0191986857608038,0.0361369445138935,0.194438059480728,0.283128869325758
"real_house_price_growth","debt_growth",10,0.113120895346171,0.0910914922154936,0.0195267759763087,0.03676013883693,0.193214696395757,0.280801684527118
"real_house_price_growth","debt_growth",11,0.113060695223028,0.0912097045804841,0.0199403459367395,0.0372211929561395,0.192583862873438,0.278300694250475
"real_house_price_growth","debt_growth",12,0.113055705071239,0.0915497293928708,0.0205932254118764,0.0378442385929734,0.19228367326207,0.27674566772953
"real_house_price_growth","debt_growth",13,0.113053378495839,0.0919217390282938,0.0209526050075716,0.0382337921886158,0.191322825053566,0.275787778238221
"real_house_price_growth","debt_growth",14,0.113073143796141,0.0918524602967077,0.0212268196518782,0.0387271893580977,0.191099552133626,0.274604241330895
"real_house_price_growth","debt_growth",15,0.113085416386259,0.0919581126772136,0.0214048026571311,0.0389751943402884,0.190905150602805,0.274179439178384
"real_house_price_growth","debt_growth",16,0.113102272596215,0.0921796920797943,0.0216567172380651,0.0394719619255957,0.190659014235833,0.27405769592981
"real_house_price_growth","debt_growth",17,0.11310971320893,0.0922958685032904,0.0218704016946069,0.0396779753181308,0.190412881107208,0.273984538840146
"real_house_price_growth","debt_growth",18,0.113113504503233,0.0923018556149743,0.0221639592128314,0.0397655718752194,0.190277313918503,0.273361920246119
"real_house_price_growth","debt_growth",19,0.113113437207026,0.0923330646834281,0.0225464090882239,0.0400133343970552,0.190152059144121,0.272832180441846
"real_house_price_growth","debt_growth",20,0.113112234795875,0.0924220447581555,0.0226169217344436,0.0400212283277252,0.190177097388182,0.272222328773995
"real_house_price_growth","debt_growth",21,0.113109497204612,0.092543636895174,0.0228575137647253,0.0400803610839281,0.18991677353387,0.271511347522338
"real_house_price_growth","real_house_price_growth",1,0.111302587526465,0.0596086591173885,0.000511802458503892,0.00516688567606085,0.229190499050326,0.402173409851474
"real_house_price_growth","real_house_price_growth",2,0.110109895720192,0.0659623920970874,0.00380931259811839,0.0131371806838456,0.216938769915247,0.371548211954176
"real_house_price_growth","real_house_price_growth",3,0.112722875048429,0.0818608644934146,0.0102946868911772,0.0250035034471297,0.203758149667354,0.3244798189193
"real_house_price_growth","real_house_price_growth",4,0.113451749565241,0.0862872145329742,0.0128505912506507,0.0289171337675708,0.201793387502534,0.311138210699131
"real_house_price_growth","real_house_price_growth",5,0.11386780044382,0.0872007392197985,0.0148953829729328,0.0308956196175467,0.200229076904187,0.306369936574685
"real_house_price_growth","real_house_price_growth",6,0.114008780191067,0.0882958619167678,0.0163495372276696,0.0328706034031468,0.198441921633317,0.301704892711766
"real_house_price_growth","real_house_price_growth",7,0.113756612268878,0.088850191428764,0.0172672227436459,0.0341145930757533,0.196730372602331,0.296106999392416
"real_house_price_growth","real_house_price_growth",8,0.113483623666117,0.0891131750786528,0.0176454972863922,0.0347524830713227,0.195308892987575,0.293278803808848
"real_house_price_growth","real_house_price_growth",9,0.113283780063513,0.0892503095578803,0.0180977492702452,0.0355005999145291,0.194360869441106,0.289748170637299
"real_house_price_growth","real_house_price_growth",10,0.113230118692535,0.0895411822287174,0.0186268773730384,0.0361258046951497,0.193654407801131,0.288538818548769
"real_house_price_growth","real_house_price_growth",11,0.113138860843926,0.0895955168483261,0.0190836748277803,0.0366178691273372,0.192235009772237,0.286509890250663
"real_house_price_growth","real_house_price_growth",12,0.113125631047277,0.0897655934591307,0.0192510449847347,0.0368969608666437,0.191934598600748,0.284565376790146
"real_house_price_growth","real_house_price_growth",13,0.113118171039377,0.0899686208801454,0.0197354047247503,0.0371908690026032,0.19206471361552,0.284245422232788
"real_house_price_growth","real_house_price_growth",14,0.113145258066923,0.0901505274182641,0.020032188057745,0.0376477040024367,0.19138904881808,0.283702037440807
"real_house_price_growth","real_house_price_growth",15,0.113149085995157,0.0904551421177283,0.0204108372812361,0.0378768123526826,0.191512603213361,0.282686025236441
"real_house_price_growth","real_house_price_growth",16,0.113161099041387,0.0907210101682743,0.020709304327033,0.0382651533696388,0.191050399197987,0.281274720041849
"real_house_price_growth","real_house_price_growth",17,0.113161251000386,0.091014708667616,0.0209330086016859,0.0384823862578353,0.19073084497662,0.280702522961509
"real_house_price_growth","real_house_price_growth",18,0.11316295715799,0.0911862380542308,0.0212346450534416,0.0388456607295153,0.190639770643355,0.280779401172774
"real_house_price_growth","real_house_price_growth",19,0.113158132106246,0.0912216383416692,0.0214752648223179,0.03905249846395,0.190507229443868,0.280432405541614
"real_house_price_growth","real_house_price_growth",20,0.113154234423759,0.0912510427415039,0.0215620358327233,0.039265339619208,0.19067088867905,0.27981649010849
"real_house_price_growth","real_house_price_growth",21,0.113148512714104,0.091124203191271,0.0217713576258474,0.0394379311170023,0.190557015091169,0.279304770459517
"real_house_price_growth","asset_liability_ratio",1,0.110802412983616,0.0605757686378396,0.000549795956504257,0.00561355148915368,0.227539413555657,0.391564836212764
"real_house_price_growth","asset_liability_ratio",2,0.109656223216342,0.065911361058239,0.00384657064896098,0.0137273427500662,0.214726307565055,0.358103262113323
"real_house_price_growth","asset_liability_ratio",3,0.112226928254844,0.082091238003096,0.00990977407162641,0.0259533444008416,0.203919243309888,0.314329731136326
"real_house_price_growth","asset_liability_ratio",4,0.112960982952897,0.0866329245332112,0.0133467425559516,0.0292299840764361,0.202985500832787,0.302174929440208
"real_house_price_growth","asset_liability_ratio",5,0.113342111302655,0.0880505359580417,0.0154412734350691,0.0314386931322857,0.201076075130351,0.297278499109149
"real_house_price_growth","asset_liability_ratio",6,0.1134877433283,0.0891471508786144,0.0171323077413557,0.0333145438065016,0.198135402047992,0.292022541712744
"real_house_price_growth","asset_liability_ratio",7,0.113228965956947,0.0905116976441423,0.0178903104512575,0.0345099373686685,0.196733961464439,0.287595869770891
"real_house_price_growth","asset_liability_ratio",8,0.113013855686936,0.0909482438077886,0.0185756907349635,0.0353617391275227,0.194433237511689,0.284263476572573
"real_house_price_growth","asset_liability_ratio",9,0.112853901486269,0.091028442815686,0.0192237618354811,0.03610378899778,0.193316085906742,0.281754623156712
"real_house_price_growth","asset_liability_ratio",10,0.112820951744277,0.091523258604639,0.0197015864877895,0.0366702980952311,0.192497388612026,0.2804697162907
"real_house_price_growth","asset_liability_ratio",11,0.112751426775527,0.0915714025170157,0.0199894185570009,0.037137718336584,0.191574773190636,0.279093350375239
"real_house_price_growth","asset_liability_ratio",12,0.112763906720557,0.0916719599869317,0.0204802728817907,0.0375313732622644,0.191063893388696,0.278483534066032
"real_house_price_growth","asset_liability_ratio",13,0.112789698348441,0.0919525359132359,0.0207694324034356,0.0379436303691979,0.191000137580207,0.277922010143544
"real_house_price_growth","asset_liability_ratio",14,0.112847387265037,0.0922420423143753,0.0209376895761423,0.0381951255813925,0.190676874572338,0.276667159004322
"real_house_price_growth","asset_liability_ratio",15,0.112884197889141,0.0923038284519214,0.0212761521616699,0.0384003756043827,0.189880904024243,0.275863000039142
"real_house_price_growth","asset_liability_ratio",16,0.112921353902894,0.0924436894393569,0.0215497139845813,0.0386866807882607,0.189572033621133,0.275638137534938
"real_house_price_growth","asset_liability_ratio",17,0.112943309626015,0.0926018156188589,0.0218250652624774,0.0388442264486765,0.189347429416829,0.275073097291948
"real_house_price_growth","asset_liability_ratio",18,0.112956927000811,0.0926441159745455,0.0219909048732726,0.039068060299317,0.188843033834839,0.273930063526696
"real_house_price_growth","asset_liability_ratio",19,0.11296107326698,0.0926127392645336,0.0221066361484105,0.0393087149696013,0.188921666183004,0.274122649254816
"real_house_price_growth","asset_liability_ratio",20,0.112958407038335,0.092799837304282,0.022192871057973,0.0393970600785756,0.188776966015965,0.273579422738214
"real_house_price_growth","asset_liability_ratio",21,0.112952606677021,0.093026332181218,0.0223795684809162,0.0395852745065699,0.188440627691781,0.273166829987849
"asset_liability_ratio","gdp_growth",1,0.112667016537512,0.0615522239849984,0.000551471495170999,0.00555334460936877,0.233397270730275,0.400229825394159
"asset_liability_ratio","gdp_growth",2,0.112782339156404,0.0628882962626257,0.00217280967385076,0.00881927060357519,0.231268557121599,0.391877706765347
"asset_liability_ratio","gdp_growth",3,0.112763105785628,0.0643058526145143,0.00312023448236565,0.0104802102342319,0.228581012786349,0.384024461718028
"asset_liability_ratio","gdp_growth",4,0.1126635739225,0.0640291826922579,0.00364009425664542,0.0115130178590338,0.226394457735849,0.380160328346941
"asset_liability_ratio","gdp_growth",5,0.112579844843082,0.0648680875138397,0.00409747106337482,0.0120390132817883,0.225336921972327,0.375666201140047
"asset_liability_ratio","gdp_growth",6,0.112363564129626,0.0653284719094391,0.0044703443242315,0.0124478205873228,0.225963474321635,0.374962393476131
"asset_liability_ratio","gdp_growth",7,0.112129895480935,0.0657560859748838,0.00470485642112326,0.0129601439813924,0.223292154322387,0.373535499496513
"asset_liability_ratio","gdp_growth",8,0.111921579114437,0.0662157361513286,0.00505752109049819,0.013770523992419,0.222364185968316,0.37159535840593
"asset_liability_ratio","gdp_growth",9,0.111751122046936,0.0669106343548843,0.00538041521412894,0.0144428616505364,0.220000654640477,0.370792456827865
"asset_liability_ratio","gdp_growth",10,0.111602686479396,0.0672394490616209,0.00577398066373694,0.0151004048345116,0.218600804995796,0.37075546219797
"asset_liability_ratio","gdp_growth",11,0.111495322572343,0.0677715582771175,0.00610225026422134,0.0159002322784598,0.218111843957058,0.367452930771087
"asset_liability_ratio","gdp_growth",12,0.111435874575263,0.0684666293622961,0.00646676713711124,0.0165484906770486,0.216653236087829,0.364019785211873
"asset_liability_ratio","gdp_growth",13,0.111417426161925,0.0690500689565786,0.00662926158085052,0.0172431848512604,0.215148873489989,0.359041363424764
"asset_liability_ratio","gdp_growth",14,0.111425867236739,0.0696954378408466,0.00680470642867137,0.0177122573338592,0.21399290377766,0.357161633835312
"asset_liability_ratio","gdp_growth",15,0.111455781165249,0.070753444824526,0.0071641104134352,0.0181971353777422,0.213324771965758,0.355848593802956
"asset_liability_ratio","gdp_growth",16,0.11150150014695,0.0712437483854321,0.00728338415172304,0.0187246982649181,0.213493345753988,0.354601255913353
"asset_liability_ratio","gdp_growth",17,0.111556059004162,0.0712086195330879,0.00761189958644401,0.0188852367707505,0.21277188538506,0.351621318631732
"asset_liability_ratio","gdp_growth",18,0.111613686868375,0.0716315977974956,0.00772040343174992,0.0192433941375068,0.212854706799619,0.351177575948809
"asset_liability_ratio","gdp_growth",19,0.111671199625198,0.0719694065581155,0.00780452951618528,0.0194824378635419,0.21315943444689,0.35209855263983
"asset_liability_ratio","gdp_growth",20,0.111727467769929,0.0725408925550209,0.0079352010031846,0.0199811427482752,0.212390199970721,0.350864480924219
"asset_liability_ratio","gdp_growth",21,0.111780708094595,0.0731735726907429,0.00805973658001457,0.0200352617645027,0.211596645024458,0.349938957020102
"asset_liability_ratio","consumption_growth",1,0.115304860273177,0.0610355712446942,0.000530036233602752,0.0056270118739482,0.243290579092624,0.409464874687077
"asset_liability_ratio","consumption_growth",2,0.115429285812425,0.0628970421916107,0.00205347229729526,0.00863781735242376,0.239454688737421,0.404892260437703
"asset_liability_ratio","consumption_growth",3,0.115587180319471,0.0632290638899373,0.00304864585625804,0.010114233148204,0.237558879222765,0.398066755925977
"asset_liability_ratio","consumption_growth",4,0.115513225001165,0.0637339557839931,0.00371067307603795,0.0113151258395797,0.237490690313526,0.39608136386275
"asset_liability_ratio","consumption_growth",5,0.115355399016413,0.0645625895828652,0.00421647109838263,0.0121855677182574,0.23631003997837,0.396090586646809
"asset_liability_ratio","consumption_growth",6,0.115104221593006,0.0655492062023012,0.00473862898207939,0.0128148643762874,0.234053075297326,0.389203693936326
"asset_liability_ratio","consumption_growth",7,0.114803498811226,0.0663025797222052,0.00498883627593454,0.0131487043020066,0.232060981493453,0.387162448718334
"asset_liability_ratio","consumption_growth",8,0.114505267779586,0.0663088878994678,0.00520677819236584,0.0139709702105365,0.230249548479383,0.379177271595025
"asset_liability_ratio","consumption_growth",9,0.114240379269045,0.0669417955136747,0.00566752822691498,0.0148650828546059,0.228778272306031,0.378022290209192
"asset_liability_ratio","consumption_growth",10,0.114024641952087,0.0682741263078195,0.00604739539509939,0.0152841227391152,0.227093243348433,0.375927517255732
"asset_liability_ratio","consumption_growth",11,0.113870016157783,0.0693043620447061,0.00627553063896397,0.0157315325320647,0.226138249241951,0.371914807407883
"asset_liability_ratio","consumption_growth",12,0.113780001049384,0.0697472144986935,0.00652168402275764,0.0165875744721699,0.22382629887154,0.367906357917486
"asset_liability_ratio","consumption_growth",13,0.113739018784836,0.0707753598615606,0.00674040373854563,0.017480493208514,0.221398681548173,0.36526855894627
"asset_liability_ratio","consumption_growth",14,0.113737051644387,0.0715193880973548,0.00688536205702192,0.0178216974086233,0.219010825788781,0.365448135765387
"asset_liability_ratio","consumption_growth",15,0.113763614977998,0.0726116260804366,0.00706409475106403,0.0184948389649256,0.217948954419466,0.36349827029902
"asset_liability_ratio","consumption_growth",16,0.113813655966006,0.0733811694318442,0.00717312584984764,0.0190017408352655,0.215693677094902,0.361688135010045
"asset_liability_ratio","consumption_growth",17,0.113874225069145,0.0740213241550786,0.0071884116132376,0.0193110026565005,0.214740420198898,0.359246822868333
"asset_liability_ratio","consumption_growth",18,0.113939506068828,0.0748114353858916,0.00742453871924185,0.0195082327524922,0.215790650441099,0.358343618043878
"asset_liability_ratio","consumption_growth",19,0.114003021217664,0.0756687128709681,0.0075441181289689,0.0198427464587318,0.215730526904118,0.35771602805926
"asset_liability_ratio","consumption_growth",20,0.114063496728674,0.0760020063491073,0.0074995440388847,0.0199593676534213,0.214952113499766,0.356113957917772
"asset_liability_ratio","consumption_growth",21,0.11411640880651,0.0761049263489347,0.00762882176506936,0.020167912918101,0.215018773746387,0.354911214235567
"asset_liability_ratio","cpi_growth",1,0.111168442575726,0.0578438637774493,0.00052675988498585,0.00527218688826231,0.229050659750048,0.405993417618129
"asset_liability_ratio","cpi_growth",2,0.111824619301668,0.0609602704105093,0.00224838011889758,0.00841563558892444,0.225339787182426,0.404957976878392
"asset_liability_ratio","cpi_growth",3,0.112197493485982,0.0615485791420677,0.00323306817735766,0.0103064914467049,0.224112512002596,0.398964583086964
"asset_liability_ratio","cpi_growth",4,0.112540294585723,0.0624467884599185,0.00389406863682793,0.0114694420390295,0.22168931914112,0.399019386909919
"asset_liability_ratio","cpi_growth",5,0.112687470912147,0.0638467336373244,0.00435766938037341,0.0123545771875504,0.221849129323634,0.393287669980557
"asset_liability_ratio","cpi_growth",6,0.112693081793372,0.0648597745532702,0.00483363716598136,0.013022722835578,0.22172536305996,0.386502649520409
"asset_liability_ratio","cpi_growth",7,0.112546081731095,0.0655824628506684,0.00528215973587773,0.0134791825037662,0.220674646888589,0.384867015119289
"asset_liability_ratio","cpi_growth",8,0.112361996411463,0.0653147686132062,0.00548123663575274,0.0141242985765967,0.218574669637531,0.382106894442975
"asset_liability_ratio","cpi_growth",9,0.11214814862155,0.0663978355952228,0.00585306818012527,0.0149456228847495,0.218052447213864,0.378674376051055
"asset_liability_ratio","cpi_growth",10,0.11193999994257,0.0666475271137018,0.00608281515700184,0.0156759344220289,0.216824188538359,0.374069052285358
"asset_liability_ratio","cpi_growth",11,0.111744417101721,0.0670920955272874,0.00630421253638831,0.0163055927725895,0.215096433388452,0.369873378011218
"asset_liability_ratio","cpi_growth",12,0.11159393623951,0.0677114115664396,0.00661515832498749,0.0168481394127057,0.214492217239078,0.366637599860777
"asset_liability_ratio","cpi_growth",13,0.111480567427838,0.0685772227054388,0.00675950235136372,0.0174682532884944,0.21351485074545,0.363106922230742
"asset_liability_ratio","cpi_growth",14,0.111407487868174,0.0693437915325869,0.00701319471293269,0.0179706752638081,0.212697304611944,0.36286304669456
"asset_liability_ratio","cpi_growth",15,0.111363809014042,0.0698686654133627,0.00726634239367684,0.0183721503251928,0.212757974181571,0.358639236315215
"asset_liability_ratio","cpi_growth",16,0.111350664682631,0.0702368971235583,0.00736504490214126,0.0187619599092809,0.211581172923345,0.353490091031627
"asset_liability_ratio","cpi_growth",17,0.111357050172047,0.0703931300396877,0.0076395402177838,0.018976815333196,0.212219312426644,0.353665547875014
"asset_liability_ratio","cpi_growth",18,0.111379586204009,0.0710557050112099,0.00787312834707261,0.0193332049886361,0.212045077102283,0.353569409129374
"asset_liability_ratio","cpi_growth",19,0.111410140225837,0.0718841700607967,0.00802642662974504,0.0196466313370533,0.211481133184674,0.348595173344883
"asset_liability_ratio","cpi_growth",20,0.111447601750281,0.0722308752763551,0.00800302895833693,0.0196811702254563,0.21089574465033,0.35002724124739
"asset_liability_ratio","cpi_growth",21,0.111487061589439,0.0726081608932075,0.00809986731932276,0.0198885543695855,0.210721632622587,0.349628778737774
"asset_liability_ratio","saving_rate",1,0.113737967554919,0.0604252577918023,0.000542807074767487,0.0056400758012,0.236247463920798,0.407285228747632
"asset_liability_ratio","saving_rate",2,0.114231918981531,0.0611807621894597,0.00209064254155656,0.00841740963448292,0.235060314840295,0.400657096058245
"asset_liability_ratio","saving_rate",3,0.114484442544019,0.0628748204950111,0.00298950045962108,0.0102541219238178,0.233980065107191,0.393342167322381
"asset_liability_ratio","saving_rate",4,0.114573870710891,0.0634175093355063,0.00372666384997451,0.0112302641064429,0.233654210337983,0.390178321774522
"asset_liability_ratio","saving_rate",5,0.114664907201698,0.0637995863032826,0.00433252450861752,0.0120520941600135,0.233397267196216,0.385592359793199
"asset_liability_ratio","saving_rate",6,0.114571235194566,0.0646748423720634,0.00479607294400983,0.0128340418092417,0.231513765912597,0.387468669717755
"asset_liability_ratio","saving_rate",7,0.114411584138885,0.0647876619938397,0.00508711336459627,0.0134624783075334,0.230102688662313,0.385363441726612
"asset_liability_ratio","saving_rate",8,0.114192179306806,0.0654594125739242,0.00537751295237708,0.0138751424909387,0.22931831387194,0.381074452739624
"asset_liability_ratio","saving_rate",9,0.113966400945464,0.0660174580697158,0.00572327001156854,0.0146477696052377,0.228381531166123,0.378818216250148
"asset_liability_ratio","saving_rate",10,0.113735122962952,0.0672773676800103,0.00597855605168924,0.0152935943338664,0.227321616269637,0.376705020844069
"asset_liability_ratio","saving_rate",11,0.113535930423445,0.068267941418249,0.00624557318896804,0.0160030284718545,0.226357493948121,0.373820403029098
"asset_liability_ratio","saving_rate",12,0.113375453573455,0.0691097655126234,0.00655142150165289,0.0164159324214413,0.224010072717129,0.369144341885983
"asset_liability_ratio","saving_rate",13,0.113261558930776,0.0698395905388734,0.00684979320784203,0.0169792175291349,0.2218748705003,0.367383307756694
"asset_liability_ratio","saving_rate",14,0.113181511270234,0.070743124267816,0.00711263966462041,0.0176284744845787,0.219931631798307,0.363167467831235
"asset_liability_ratio","saving_rate",15,0.113139428252456,0.0712792592763144,0.00730382630105046,0.0180331121134629,0.218781645628948,0.361163177891128
"asset_liability_ratio","saving_rate",16,0.113124685898804,0.0716362387025529,0.00741195342452549,0.0184875717599343,0.218209055647043,0.357944112038812
"asset_liability_ratio","saving_rate",17,0.113134903259065,0.0723276924670484,0.00762626165215755,0.0188453782531191,0.217143648581876,0.355779027642308
"asset_liability_ratio","saving_rate",18,0.113159679941664,0.0727703065981938,0.00776927794352402,0.0190107272925857,0.215996452672693,0.353724871094082
"asset_liability_ratio","saving_rate",19,0.113198404135574,0.0732290258118112,0.00801860612921958,0.0192969136530524,0.216477704152692,0.352792969686392
"asset_liability_ratio","saving_rate",20,0.113244182200539,0.0737228990988748,0.00817288628874482,0.0195932310014159,0.21669487040381,0.350138435991461
"asset_liability_ratio","saving_rate",21,0.113297042141305,0.0742441412950238,0.00827711929506529,0.0197619629172124,0.217028510819095,0.348735930969233
"asset_liability_ratio","policy_rate",1,0.0933897015698466,0.0504869077456445,0.000451842397120046,0.0048854790647239,0.193724612594858,0.329414207302958
"asset_liability_ratio","policy_rate",2,0.0907713814301232,0.0502140101618376,0.00182639988537711,0.00716509940684578,0.183903962272634,0.319855039100974
"asset_liability_ratio","policy_rate",3,0.0892733159185093,0.0493823593874354,0.00270972773925047,0.00859739012019656,0.179667224632562,0.310662657506496
"asset_liability_ratio","policy_rate",4,0.0888429941536775,0.0496077406356745,0.00338927788667918,0.00934389400098138,0.17765708975376,0.30418316255231
"asset_liability_ratio","policy_rate",5,0.0890804086753501,0.0509066660418808,0.00400844051919146,0.0105907209544489,0.17544347461043,0.303460006487449
"asset_liability_ratio","policy_rate",6,0.0902653601107765,0.0523010552408951,0.0047274076295191,0.0121166013266297,0.175781140576251,0.304582041597856
"asset_liability_ratio","policy_rate",7,0.0920233875671897,0.0546747167047471,0.00538772969681034,0.0134864485033162,0.178234936279512,0.302664726762224
"asset_liability_ratio","policy_rate",8,0.0938587516749232,0.0567596678178908,0.00580730947518811,0.01454769866933,0.181879708705769,0.304572884481135
"asset_liability_ratio","policy_rate",9,0.0956487662460525,0.0582404243000867,0.00612251331090027,0.0152778383915705,0.184947156930723,0.310291634885363
"asset_liability_ratio","policy_rate",10,0.0972947190000469,0.0598810941427571,0.00655911978974007,0.0161227926477694,0.187612237046077,0.313927446193647
"asset_liability_ratio","policy_rate",11,0.0986547979293043,0.0611080383995082,0.00688364403769963,0.0164673215956631,0.190401454143851,0.317716627604191
"asset_liability_ratio","policy_rate",12,0.0996169721771685,0.0618992162112078,0.00697552292406992,0.0167538718818934,0.191764741954607,0.321141157608144
"asset_liability_ratio","policy_rate",13,0.100242388630745,0.0624491168334991,0.00701613937171284,0.0170391067021085,0.191807398059898,0.32246587121546
"asset_liability_ratio","policy_rate",14,0.100587484094474,0.0630860574509295,0.00712877829906114,0.0170669187518424,0.192026461281537,0.323007121127903
"asset_liability_ratio","policy_rate",15,0.100705260010491,0.0629753381399052,0.00710389704905015,0.0171047473675439,0.1921869494033,0.324422257485496
"asset_liability_ratio","policy_rate",16,0.100631054356844,0.0625411306105396,0.00717485581359615,0.0171438164267313,0.191852910791796,0.3245605723691
"asset_liability_ratio","policy_rate",17,0.100432078767055,0.0622749141554771,0.00714869261464873,0.017325705426522,0.190983148425448,0.324587014805738
"asset_liability_ratio","policy_rate",18,0.10015508775422,0.0618824731074124,0.00716204971847144,0.0172691441246882,0.191002099415835,0.322805144682155
"asset_liability_ratio","policy_rate",19,0.0998371299341375,0.0613506934884112,0.0071977827625268,0.0171444169767252,0.19045595838767,0.322515863479249
"asset_liability_ratio","policy_rate",20,0.0994970743683447,0.061010646390393,0.00716536348677906,0.0169987718713421,0.189654198557083,0.321930306586629
"asset_liability_ratio","policy_rate",21,0.0991552817027937,0.0609238999081633,0.00705736384316838,0.0168642165678963,0.189559218811231,0.321126575120358
"asset_liability_ratio","interest_burden",1,0.113512991181719,0.0604690397134313,0.000603507131217564,0.00586643435329605,0.235611896478621,0.408743501900836
"asset_liability_ratio","interest_burden",2,0.114063081439386,0.0621762122526959,0.00215778362229877,0.00877116994814215,0.234118928610435,0.402842998513432
"asset_liability_ratio","interest_burden",3,0.114519077824777,0.0630704707089286,0.00321420544691516,0.0103575801614569,0.234175652316859,0.402213817965961
"asset_liability_ratio","interest_burden",4,0.114711279084211,0.0631644584164604,0.00393322737338795,0.0113668157789704,0.233599583755981,0.403895127856477
"asset_liability_ratio","interest_burden",5,0.114837924263423,0.0644495851755327,0.00456617740273605,0.012340156482505,0.233745549225197,0.402156761100438
"asset_liability_ratio","interest_burden",6,0.114874772891216,0.0647875708153535,0.00489443434278324,0.0132675778877978,0.234192980825164,0.395210393622184
"asset_liability_ratio","interest_burden",7,0.114834143498751,0.0655001297789088,0.00525651482306331,0.0138840929498714,0.231691206563759,0.38860806655769
"asset_liability_ratio","interest_burden",8,0.114754800858588,0.0662107967791996,0.00545836721875392,0.0144251245244344,0.228447835527295,0.386475537423858
"asset_liability_ratio","interest_burden",9,0.114659363574973,0.0675751568480932,0.00577605016229603,0.0149185598670193,0.227297781520208,0.382072605130087
"asset_liability_ratio","interest_burden",10,0.114558874330915,0.0678409895271585,0.00603831618217174,0.0157658887500274,0.224818337447605,0.381305643928039
"asset_liability_ratio","interest_burden",11,0.114471183945504,0.0684488591089182,0.00624771240727193,0.0165814553321844,0.223446146827661,0.378839542558962
"asset_liability_ratio","interest_burden",12,0.114408634191192,0.0695646506225364,0.00660622336305396,0.0171787041031336,0.221948815650491,0.374869469769472
"asset_liability_ratio","interest_burden",13,0.11437289800066,0.0700340283754385,0.00687072733024162,0.017616432053071,0.220686019110656,0.369937344876368
"asset_liability_ratio","interest_burden",14,0.114358170546167,0.0710759222621822,0.00704545490662877,0.0180985549826287,0.218800484435479,0.368595972042103
"asset_liability_ratio","interest_burden",15,0.114362470282199,0.0721336446346523,0.00725478143772771,0.0186941961822337,0.218789830592978,0.364899580143789
"asset_liability_ratio","interest_burden",16,0.114382443645223,0.0729431259694421,0.00754056899635489,0.0189976525814319,0.217788321886513,0.362029866820394
"asset_liability_ratio","interest_burden",17,0.114413651216463,0.0738051989573901,0.00759668533471682,0.0194004672514549,0.216755423481721,0.359661811328978
"asset_liability_ratio","interest_burden",18,0.114450587765076,0.0740183592048268,0.00772959176655032,0.0197333779708368,0.215093850392112,0.359103767586351
"asset_liability_ratio","interest_burden",19,0.114489788795508,0.0744391309091813,0.00782211782505112,0.019924137824099,0.215195199130778,0.358531147937975
"asset_liability_ratio","interest_burden",20,0.114528805432801,0.0747506554818077,0.00797826643700399,0.0201721746576534,0.215543947117238,0.357037491356116
"asset_liability_ratio","interest_burden",21,0.11456641593051,0.0753767172973111,0.00808650252075644,0.0203377837125137,0.216060901646282,0.355871270226526
"asset_liability_ratio","debt_growth",1,0.113358295837998,0.0611429932322965,0.000500269847869504,0.00545103549096914,0.234172214781591,0.405384636693897
"asset_liability_ratio","debt_growth",2,0.113362385476621,0.0601665862303712,0.00212693722689156,0.00871185476905947,0.233440636796373,0.399693188561753
"asset_liability_ratio","debt_growth",3,0.113584365587494,0.0620233830471634,0.00308580924146862,0.0104691698789595,0.233226145161068,0.397613386369064
"asset_liability_ratio","debt_growth",4,0.113664061169524,0.0629669996815511,0.00372794651534691,0.0115174407486635,0.231675049403441,0.395577400831747
"asset_liability_ratio","debt_growth",5,0.113525210923369,0.0634245954969989,0.00424007724900027,0.0124537793135836,0.2293060307589,0.392270147827065
"asset_liability_ratio","debt_growth",6,0.113287278052643,0.0639430932310608,0.00474993373655743,0.0128055496414842,0.227370119515696,0.389017828273108
"asset_liability_ratio","debt_growth",7,0.113017702495312,0.0639913417751709,0.00504646071915575,0.0134698928046916,0.226808263241218,0.383977324859467
"asset_liability_ratio","debt_growth",8,0.112790736764084,0.0648401251820799,0.0053455327522506,0.0139072145393341,0.225854344054079,0.3828665131287
"asset_liability_ratio","debt_growth",9,0.112574447926168,0.0651678230966564,0.00574646810841716,0.0146765325321978,0.221384581410777,0.380308953474644
"asset_liability_ratio","debt_growth",10,0.112394747724082,0.0658911893425893,0.00613240702064747,0.015263992097925,0.221068300937863,0.375943418774009
"asset_liability_ratio","debt_growth",11,0.112258733414425,0.0661703302749337,0.00640660374692396,0.0158599716827325,0.219269048095867,0.370978449815334
"asset_liability_ratio","debt_growth",12,0.112184872725428,0.0670248127514917,0.00662975033775963,0.0166299530057038,0.217560276067858,0.369541755634684
"asset_liability_ratio","debt_growth",13,0.112147170920195,0.0675916717676501,0.00686965642994548,0.0171996475452585,0.21684281145126,0.36572656666553
"asset_liability_ratio","debt_growth",14,0.112143289904935,0.0689009414510185,0.00709403397954266,0.0176480484863196,0.216432240145342,0.362659824401027
"asset_liability_ratio","debt_growth",15,0.112158611241208,0.0698427937639651,0.00738717453700308,0.0181777536254533,0.214962885877891,0.35923526494631
"asset_liability_ratio","debt_growth",16,0.112193674924467,0.0706184312366017,0.00750076696967137,0.0183868672943187,0.213787070298342,0.357560618113193
"asset_liability_ratio","debt_growth",17,0.112235476190705,0.0711207967194756,0.00765663932047781,0.0188807303546973,0.213145272031779,0.35767145591945
"asset_liability_ratio","debt_growth",18,0.112281753983164,0.0720189026799439,0.0078551095286167,0.0191156137003469,0.212847205234144,0.356224627434576
"asset_liability_ratio","debt_growth",19,0.112326584676485,0.0727273595055174,0.00796836886400991,0.0195032461266902,0.211766422804018,0.353144954291747
"asset_liability_ratio","debt_growth",20,0.112371316093506,0.073116323663603,0.00803730350175489,0.0197992659399134,0.211490950595274,0.35044422063888
"asset_liability_ratio","debt_growth",21,0.112413133446389,0.0733130815402051,0.0081377185173098,0.0200496547061325,0.211565052581522,0.350222025379868
"asset_liability_ratio","real_house_price_growth",1,0.113024480623295,0.0587349213275056,0.000518318078513625,0.00510852653611924,0.236892514488524,0.405006249957961
"asset_liability_ratio","real_house_price_growth",2,0.113156422359968,0.0606146278685952,0.00202462723584447,0.00850606006473036,0.234961596846737,0.398001047281664
"asset_liability_ratio","real_house_price_growth",3,0.113187276276647,0.0618570210022117,0.00306366986990749,0.0102756941536405,0.233084196060362,0.392877356302127
"asset_liability_ratio","real_house_price_growth",4,0.113090952318994,0.0630284479927301,0.00388196053143394,0.011624667410021,0.230132416463306,0.388956632894499
"asset_liability_ratio","real_house_price_growth",5,0.113080730173166,0.0639865607756291,0.00443595979663023,0.0126232186254778,0.229055569057618,0.385581597431063
"asset_liability_ratio","real_house_price_growth",6,0.112928422612479,0.0650547301842205,0.00483321806086945,0.0133227469199039,0.228319325175871,0.382632653485016
"asset_liability_ratio","real_house_price_growth",7,0.112667627175152,0.0652364999340214,0.00528117425462156,0.0138834226363857,0.225362982139439,0.38022698133491
"asset_liability_ratio","real_house_price_growth",8,0.112379972766772,0.0658330285711047,0.00555667709863147,0.0145030926881771,0.222562370069195,0.377517981591653
"asset_liability_ratio","real_house_price_growth",9,0.112095246188587,0.0663680295708192,0.00594796137966361,0.0153265521439751,0.219880725373178,0.373307943984358
"asset_liability_ratio","real_house_price_growth",10,0.111824669768469,0.0665198500942506,0.00634330311995812,0.0158709650163927,0.217372611856805,0.369784652068199
"asset_liability_ratio","real_house_price_growth",11,0.111586982544687,0.0670530610016171,0.006477506135701,0.0164607999790133,0.216390565451028,0.367167804953092
"asset_liability_ratio","real_house_price_growth",12,0.111401234290503,0.0680417645036136,0.00673707519865463,0.0169525549850859,0.213884756893274,0.361224677280787
"asset_liability_ratio","real_house_price_growth",13,0.111261250264864,0.0691912671139562,0.00687452999187182,0.0176015317821471,0.21269431050533,0.356262693613218
"asset_liability_ratio","real_house_price_growth",14,0.111162477266937,0.0703159208009906,0.00718106897336882,0.0180452581555373,0.211360318648525,0.35394774579126
"asset_liability_ratio","real_house_price_growth",15,0.1110986282079,0.0709639300619782,0.00735331522964247,0.0186309019614155,0.211215447115013,0.350420792575556
"asset_liability_ratio","real_house_price_growth",16,0.111065086633089,0.0725052862257365,0.00751488411379987,0.0191571861857675,0.209730335767651,0.347054333182118
"asset_liability_ratio","real_house_price_growth",17,0.11105369816122,0.0733822016225769,0.00784179062481939,0.0195539466860406,0.208847077597756,0.344586558278818
"asset_liability_ratio","real_house_price_growth",18,0.111059549636521,0.0737427791249916,0.00808226334231274,0.0199924320468646,0.207537900116338,0.34444202229528
"asset_liability_ratio","real_house_price_growth",19,0.111077599699378,0.0740963393304161,0.0082577849319948,0.0201302094399822,0.208073795747961,0.344841345515331
"asset_liability_ratio","real_house_price_growth",20,0.111104781960371,0.0743978351186684,0.00835402802665972,0.0203156244699531,0.207102201980161,0.343539296254336
"asset_liability_ratio","real_house_price_growth",21,0.11113789561912,0.07450048410983,0.00838958806866774,0.0203186273611675,0.206923491866959,0.343483077424846
"asset_liability_ratio","asset_liability_ratio",1,0.113836243845807,0.0614140608916301,0.000579291337538814,0.00564220649166518,0.235735717553372,0.409485656239103
"asset_liability_ratio","asset_liability_ratio",2,0.114378566041874,0.0625096013712303,0.00222969595854659,0.00868203967539608,0.234280369679593,0.40041217155712
"asset_liability_ratio","asset_liability_ratio",3,0.114403742257474,0.0636637480520459,0.00305293673068326,0.0104295402853146,0.233815880229308,0.397844085565027
"asset_liability_ratio","asset_liability_ratio",4,0.114399749053315,0.0641504549207988,0.00371140516167923,0.0113755650512925,0.232705740365525,0.393049873769256
"asset_liability_ratio","asset_liability_ratio",5,0.114188103991352,0.0648623331655963,0.00438374324770922,0.0123652017065947,0.231721247439496,0.391015126391236
"asset_liability_ratio","asset_liability_ratio",6,0.113912063622316,0.0646363234742539,0.00479752050783055,0.0129153379966966,0.230474998087442,0.387715007725294
"asset_liability_ratio","asset_liability_ratio",7,0.113566079101454,0.065229213485852,0.0051888884779752,0.0136639554379622,0.228247665995674,0.383447948178932
"asset_liability_ratio","asset_liability_ratio",8,0.113234715323341,0.065566157727582,0.00552123573316409,0.0140571443204026,0.227130227215108,0.377650230575808
"asset_liability_ratio","asset_liability_ratio",9,0.112916125181224,0.0663288576914487,0.00586048292807297,0.0148386976372677,0.224417961036798,0.374494268006538
"asset_liability_ratio","asset_liability_ratio",10,0.112624537839481,0.0667585738755778,0.00616970703403417,0.0156565814693498,0.22260071700564,0.371201827002536
"asset_liability_ratio","asset_liability_ratio",11,0.112382615910788,0.0669783158154234,0.00658195353295509,0.0162767084598248,0.220431707817412,0.36650703398196
"asset_liability_ratio","asset_liability_ratio",12,0.112203021178096,0.068073377519265,0.00685015528319296,0.0171749685586669,0.220139319894251,0.365737485483453
"asset_liability_ratio","asset_liability_ratio",13,0.112077720878161,0.0688602591399758,0.00714331522579427,0.0178162791435534,0.21828802176911,0.362297839070428
"asset_liability_ratio","asset_liability_ratio",14,0.111996660167954,0.0698762945107154,0.00723041985454731,0.018452968726168,0.217315177475624,0.358219347606645
"asset_liability_ratio","asset_liability_ratio",15,0.111952396848458,0.0709333562124698,0.00740415087884521,0.0188898099740524,0.216220862673646,0.35460625291019
"asset_liability_ratio","asset_liability_ratio",16,0.111937233745985,0.0719247355432593,0.00767655807056525,0.0191848519357058,0.215627305521058,0.351498984923204
"asset_liability_ratio","asset_liability_ratio",17,0.111942858160138,0.072710372430991,0.00780824111585743,0.0195344131688135,0.21436870974895,0.349419416621271
"asset_liability_ratio","asset_liability_ratio",18,0.111960561778143,0.07366449414188,0.00783615012181777,0.0200075702935873,0.214122762098885,0.347619911731153
"asset_liability_ratio","asset_liability_ratio",19,0.111986131690219,0.0743403610410983,0.00799069050339168,0.0201870643567649,0.214048584064781,0.3456335818293
"asset_liability_ratio","asset_liability_ratio",20,0.112015273695553,0.0744162064900074,0.00809040288373117,0.0202687190361806,0.213632240538913,0.344928888475437
"asset_liability_ratio","asset_liability_ratio",21,0.112046052669338,0.0748702435318735,0.00813074007247763,0.0203394376194868,0.212703150848932,0.343401761442922
