"Variable","Shock","Horizon","Mean","Median","Lower_90","Lower_68","Upper_68","Upper_90"
"gdp_growth","gdp_growth",1,0.111476631013712,0.0593605480634168,0.000488984910752616,0.00533360045379571,0.229652792433398,0.398948426615419
"gdp_growth","gdp_growth",2,0.111435311128389,0.0683529179414251,0.00415037791030873,0.0148088777004319,0.218720308417176,0.365621025531232
"gdp_growth","gdp_growth",3,0.111398613361667,0.0706558288678589,0.00746020642306112,0.0191867960066435,0.213444025144405,0.352067499666219
"gdp_growth","gdp_growth",4,0.111393501756073,0.0718590411983146,0.00922310508141524,0.0213109395749158,0.210596450402221,0.346992348203498
"gdp_growth","gdp_growth",5,0.111474563902157,0.0731772664210732,0.010860884487394,0.023122874015062,0.208600396596782,0.340862312591898
"gdp_growth","gdp_growth",6,0.111509775862209,0.0735489919329976,0.0116654116270304,0.0241241421359728,0.207554869707436,0.338236889110086
"gdp_growth","gdp_growth",7,0.1115166219128,0.074255369054103,0.0122638327975275,0.0250233487211187,0.206485137252424,0.335770921623451
"gdp_growth","gdp_growth",8,0.111523849067617,0.0745805591177188,0.0127187861480422,0.0254005223778377,0.205935914467455,0.334635019755551
"gdp_growth","gdp_growth",9,0.11152592095075,0.0749495727114236,0.013108686256197,0.0259230939367613,0.205257763093266,0.333503651383125
"gdp_growth","gdp_growth",10,0.111527907746809,0.0752815528654158,0.0134167488992101,0.0262680531585786,0.204917110442173,0.332549187133118
"gdp_growth","gdp_growth",11,0.11151895613279,0.075467855934728,0.0136536917882411,0.0265443653526416,0.204494340851068,0.331098337501982
"gdp_growth","gdp_growth",12,0.111516415815575,0.0756957828133328,0.0139006540416791,0.0268422195299329,0.204184263786968,0.330390511537597
"gdp_growth","gdp_growth",13,0.111514780856822,0.0758701217704859,0.0141269918537539,0.0270579311848421,0.203854972102403,0.329750358558982
"gdp_growth","gdp_growth",14,0.111517102667044,0.0760282906038821,0.0143151436351064,0.0272157218834791,0.203687311581806,0.329159432356867
"gdp_growth","gdp_growth",15,0.111519280250601,0.0762469808492952,0.0144705067611358,0.027346696260853,0.203591756235375,0.328613904963934
"gdp_growth","gdp_growth",16,0.111522645233938,0.0763534551990894,0.0145731287833289,0.0274902012999349,0.203292683130025,0.328047550963926
"gdp_growth","gdp_growth",17,0.111526271479922,0.0764212149852557,0.0146456650600221,0.0276005209101258,0.203128114252209,0.327782064731722
"gdp_growth","gdp_growth",18,0.111528796191,0.0765321715982489,0.0147893580251911,0.0277154879765783,0.202921917359024,0.32745095801295
"gdp_growth","gdp_growth",19,0.111531363799045,0.0765869305817507,0.0148939131688735,0.0278391532737326,0.202889942597407,0.327191432554414
"gdp_growth","gdp_growth",20,0.111532229914089,0.076656394379116,0.0149965019130099,0.0279776674838966,0.202817171939326,0.32702635607305
"gdp_growth","gdp_growth",21,0.111533307394437,0.0767311353296546,0.0150899669670488,0.0280726840765617,0.202611986330089,0.326714911684748
"gdp_growth","consumption_growth",1,0.111861158396868,0.0584464159661589,0.000553226236985959,0.00542995883131546,0.232360013910505,0.404251039929268
"gdp_growth","consumption_growth",2,0.111696118599511,0.0680130468811648,0.00422047382276612,0.0149987789713137,0.217874667489586,0.36933570322129
"gdp_growth","consumption_growth",3,0.111600364987053,0.070266408490564,0.00750459255101578,0.0193280995199218,0.213156775488414,0.358926354261563
"gdp_growth","consumption_growth",4,0.11160860998962,0.0716043184103286,0.0093873516090896,0.021487064042693,0.210370429103274,0.351953293740038
"gdp_growth","consumption_growth",5,0.111638822071395,0.0724712649669149,0.0111705382234521,0.0234666436368454,0.208621649550656,0.346074233832224
"gdp_growth","consumption_growth",6,0.111675824543665,0.073184663084473,0.012010505251979,0.0245144965349104,0.207571163331683,0.343575693399896
"gdp_growth","consumption_growth",7,0.111680507809003,0.0739114549589177,0.0126887204973247,0.0254339602142391,0.206168589077815,0.340417667895491
"gdp_growth","consumption_growth",8,0.111686599579882,0.0741938483733373,0.0130219547725617,0.0259328723232424,0.205523188365632,0.338960003279827
"gdp_growth","consumption_growth",9,0.11168554435721,0.0745696420675492,0.013407561003219,0.0263576687591064,0.204752038609484,0.337522627359869
"gdp_growth","consumption_growth",10,0.111689188142946,0.0747293458138239,0.0136396946777739,0.0266612334512609,0.204186070502094,0.336583980416931
"gdp_growth","consumption_growth",11,0.111688804664056,0.0750014377045779,0.0139180618787902,0.0269772155528833,0.203845341343473,0.335446579537196
"gdp_growth","consumption_growth",12,0.111691272588538,0.0751347305507897,0.0141273155828552,0.0272312895469703,0.203642812601726,0.334646660000742
"gdp_growth","consumption_growth",13,0.111691519109533,0.0753767263192628,0.0143331273447746,0.0274337800380308,0.203521025240316,0.333980228505007
"gdp_growth","consumption_growth",14,0.111693695471007,0.0755740382329867,0.014505299136178,0.0276793060363013,0.203380335915155,0.33312253876108
"gdp_growth","consumption_growth",15,0.111694941928355,0.0757292595272774,0.0146695415416734,0.027891728461682,0.203014157107906,0.332648388320637
"gdp_growth","consumption_growth",16,0.111697490737456,0.0758193889729077,0.0147985970983925,0.0280943115482919,0.202693529761858,0.332121884429891
"gdp_growth","consumption_growth",17,0.111700811197936,0.0759038146465509,0.0148894938980353,0.0282037165587934,0.202538931347915,0.331561400065675
"gdp_growth","consumption_growth",18,0.111704098555134,0.076045123246834,0.0150425001020931,0.0283231696185602,0.202457364761218,0.331272769132775
"gdp_growth","consumption_growth",19,0.111707332941132,0.0761417036807358,0.0151526947194057,0.0284679215358229,0.202399226178586,0.330508609296847
"gdp_growth","consumption_growth",20,0.111710090014156,0.0762799610409436,0.0152741087946907,0.0285949348600126,0.202280672256712,0.33028718901692
"gdp_growth","consumption_growth",21,0.111713042222463,0.0763582969911189,0.015385341560318,0.0287177397402425,0.20203002882391,0.330032023786422
"gdp_growth","cpi_growth",1,0.110395558479969,0.0580514520920578,0.000513247019947298,0.00548021783161693,0.229084895171093,0.398804142533397
"gdp_growth","cpi_growth",2,0.110412354004015,0.0667340800145664,0.00417516773919137,0.0149941319295411,0.215953148849053,0.365111875872428
"gdp_growth","cpi_growth",3,0.110477165470305,0.0694377018937838,0.00753522507155665,0.0195938976233034,0.210771319944067,0.353900909754604
"gdp_growth","cpi_growth",4,0.110532619362555,0.0707704506124576,0.00920146236501263,0.0217445729270327,0.208202322113795,0.347566432036785
"gdp_growth","cpi_growth",5,0.110592795345335,0.0721333331168522,0.0108502551714096,0.0237149643875396,0.206390995426943,0.341722986562235
"gdp_growth","cpi_growth",6,0.110626309145322,0.0728432427479008,0.0115901959187729,0.0245873098210636,0.205406502627125,0.339248614040109
"gdp_growth","cpi_growth",7,0.110643696314483,0.0734625167866786,0.0122366618008643,0.0254336351582765,0.204414427304734,0.336638689892983
"gdp_growth","cpi_growth",8,0.110654357504204,0.0739377983556475,0.012660172454524,0.0259680236905378,0.203849392337161,0.334809576520491
"gdp_growth","cpi_growth",9,0.110667300019293,0.0743608425373852,0.0130009463348838,0.0264028746460233,0.202935751122992,0.333390726607235
"gdp_growth","cpi_growth",10,0.11067592417963,0.0747097211443788,0.013327207628267,0.0267222626243312,0.202772908848492,0.332198090982237
"gdp_growth","cpi_growth",11,0.110681806990928,0.0748617367314711,0.0135122609663563,0.0270140976352279,0.202476540181678,0.330933697230536
"gdp_growth","cpi_growth",12,0.110685676206583,0.0749759187668171,0.0137166538168546,0.0272169597023738,0.202344369642231,0.330067986167361
"gdp_growth","cpi_growth",13,0.110690558964722,0.0751817995912178,0.013929937866654,0.0273867341863869,0.202095357954684,0.329279145277038
"gdp_growth","cpi_growth",14,0.110695264922136,0.0752593634798346,0.0140705672020981,0.0275629853946963,0.201861113144418,0.329057843808846
"gdp_growth","cpi_growth",15,0.110700851225153,0.0753829714385827,0.0142087626450511,0.0277402417804474,0.201687594775203,0.328570225424535
"gdp_growth","cpi_growth",16,0.110705560678819,0.0754930985833817,0.0143404241981514,0.0278509413192885,0.201466539802289,0.327848261676977
"gdp_growth","cpi_growth",17,0.110711654980123,0.0755918377809485,0.0144720599000787,0.0280047632301608,0.201291947049934,0.3274475189134
"gdp_growth","cpi_growth",18,0.110717239419361,0.0757012117333146,0.014573173247327,0.0280972718281987,0.201011464216444,0.327050432029787
"gdp_growth","cpi_growth",19,0.11072456031839,0.0757617152433978,0.0146534411944954,0.0282252792330335,0.200825788080275,0.326619619734946
"gdp_growth","cpi_growth",20,0.110730948416794,0.0758568947165328,0.0147609449534473,0.0283507991393531,0.200713068972556,0.326208164927771
"gdp_growth","cpi_growth",21,0.110738961434536,0.075914283809081,0.0148257389819116,0.0284987762506169,0.200424083537731,0.325867390491287
"gdp_growth","saving_rate",1,0.110910252287635,0.0585476839237375,0.000534872809755491,0.00551656132555144,0.230180934136125,0.398101898135519
"gdp_growth","saving_rate",2,0.111119565927183,0.0684289809885369,0.00437577379282554,0.0151533449459548,0.217062813790461,0.36286063940184
"gdp_growth","saving_rate",3,0.111091626462984,0.0708091855108449,0.00762592369267624,0.0195893715407402,0.211907279129021,0.351161974076131
"gdp_growth","saving_rate",4,0.111101379619392,0.0720646056757085,0.00941271692781967,0.0214525733422011,0.209700597431285,0.345501041029785
"gdp_growth","saving_rate",5,0.111115226508588,0.0732581992145965,0.0110210192271659,0.0235046806494944,0.207086164099359,0.340408195629562
"gdp_growth","saving_rate",6,0.111142457522532,0.0739170935768315,0.011813149620387,0.0244438085801304,0.205936298300225,0.337630303644438
"gdp_growth","saving_rate",7,0.111162883853769,0.0744966213989831,0.0124402326701915,0.0252458428859144,0.205016584485635,0.335144081203499
"gdp_growth","saving_rate",8,0.11118648702669,0.0747195502525058,0.012889463834791,0.0256839680128157,0.204556647333084,0.3332790652879
"gdp_growth","saving_rate",9,0.111203239593335,0.0750751615800981,0.0131792913914125,0.0261773058808801,0.204001997438665,0.332329676283672
"gdp_growth","saving_rate",10,0.111216156011195,0.0753309386304066,0.0134907636391654,0.0264939853009261,0.20361637364169,0.331393987681846
"gdp_growth","saving_rate",11,0.111227305205229,0.0756646650651313,0.0138341455945702,0.0267964187436212,0.203273878433219,0.33007311448061
"gdp_growth","saving_rate",12,0.111236995914346,0.0757945303556581,0.0139919091566124,0.0270040929595403,0.20301913689122,0.32931683361598
"gdp_growth","saving_rate",13,0.111244998386777,0.0759339374986283,0.0141637806816569,0.0272747214242229,0.202756918843896,0.328775190121383
"gdp_growth","saving_rate",14,0.111251533610658,0.0761038936056676,0.0143176235705251,0.0274702352216275,0.202507272660981,0.328258216078702
"gdp_growth","saving_rate",15,0.111257031975231,0.0762488888790298,0.0144691390556422,0.0276040693182711,0.202253136150775,0.327639835628472
"gdp_growth","saving_rate",16,0.11126081692467,0.0763417681603027,0.0145673601870075,0.0278068902941306,0.202017216702542,0.32743988732025
"gdp_growth","saving_rate",17,0.111263541322666,0.0764479507241434,0.0147179794997463,0.0279314132873563,0.20184137929454,0.327120946355405
"gdp_growth","saving_rate",18,0.11126479253204,0.0765288452249601,0.0148634232653896,0.0280051383928305,0.201612620757418,0.326751592038796
"gdp_growth","saving_rate",19,0.111266023046809,0.0765976230001348,0.0149405545822426,0.028131442551836,0.201492746254575,0.32651774275375
"gdp_growth","saving_rate",20,0.111266355909903,0.076725398006198,0.0150785844705021,0.0282539829359175,0.201359081234727,0.326187606805099
"gdp_growth","saving_rate",21,0.111266725443556,0.076860576745668,0.0151854699962427,0.0283795238084511,0.20118131065178,0.325609521196239
"gdp_growth","policy_rate",1,0.109382510562453,0.0573393650533673,0.000502336488953661,0.00541444056531092,0.228031264470994,0.395286681222001
"gdp_growth","policy_rate",2,0.109325608376211,0.0661036521105762,0.00416767450607682,0.0146681510599506,0.214260785903094,0.362395317326397
"gdp_growth","policy_rate",3,0.109640115048505,0.0689485191863503,0.00746040454291285,0.0192253610177839,0.209714741748491,0.351934305619891
"gdp_growth","policy_rate",4,0.109588971751247,0.0701784221702744,0.00930449866590441,0.0212844543715467,0.207574567893434,0.345041702538642
"gdp_growth","policy_rate",5,0.109296691764034,0.0708033154366658,0.0106745212737194,0.022896823634339,0.204846349584235,0.3388410776407
"gdp_growth","policy_rate",6,0.10912525810735,0.0711561445201181,0.0113620235659496,0.0236493755323384,0.203577404982661,0.335818816903873
"gdp_growth","policy_rate",7,0.109085207944922,0.071692142858079,0.0121023183386685,0.0245259038298797,0.202645334859394,0.333159084193272
"gdp_growth","policy_rate",8,0.10901160504637,0.0718917173481272,0.0124294614402868,0.024927238005091,0.201905857915519,0.331730744834303
"gdp_growth","policy_rate",9,0.108974372742465,0.0721627593825761,0.0127681105624,0.0253744344918027,0.201289428999373,0.330633299660635
"gdp_growth","policy_rate",10,0.10892803320958,0.0724169479799751,0.013040529836772,0.0256680487838461,0.200814794773481,0.32939563537656
"gdp_growth","policy_rate",11,0.108922695492359,0.072556949712231,0.0132504687507295,0.0260303259550166,0.200400750612104,0.328103673933895
"gdp_growth","policy_rate",12,0.108887583646899,0.0726354520272261,0.0134201098451401,0.026239517716636,0.200366612093882,0.327346846654175
"gdp_growth","policy_rate",13,0.108864431966318,0.0727792385005731,0.0136205957070386,0.0264546327999669,0.200069605958443,0.326571868683543
"gdp_growth","policy_rate",14,0.10882661587729,0.072882889719605,0.0137499219997762,0.0265952176817116,0.199600155146912,0.325629644467327
"gdp_growth","policy_rate",15,0.108795671945414,0.0729701843344586,0.0139003402668782,0.0268040133955986,0.199397164470394,0.32469312604326
"gdp_growth","policy_rate",16,0.108756972109676,0.0730142325943888,0.0140630076207581,0.0269079015053419,0.199182802018449,0.324159900921364
"gdp_growth","policy_rate",17,0.108722297381717,0.0730595309847247,0.01415700025124,0.0270297124571925,0.199004053479402,0.323314309205006
"gdp_growth","policy_rate",18,0.10869015815345,0.0732054910742449,0.0142263971603065,0.0271150864668521,0.198746737440269,0.3228799669279
"gdp_growth","policy_rate",19,0.108661012525685,0.0732970578157921,0.0143100908097482,0.0272289649670048,0.198578459277727,0.32237343377274
"gdp_growth","policy_rate",20,0.10863664705327,0.0733630416760939,0.0144024928638229,0.0273296276767243,0.198375043814167,0.322117418826871
"gdp_growth","policy_rate",21,0.108614247034145,0.0734421181195414,0.0144739999796771,0.0274176003911791,0.198247844784309,0.321645781713666
"gdp_growth","interest_burden",1,0.111167360255219,0.058956563036119,0.000530674141590133,0.00513058894102221,0.232153681704485,0.398048364874819
"gdp_growth","interest_burden",2,0.111382089613885,0.0681220569033404,0.00426932361603563,0.0149600386724557,0.218035572985165,0.364955294207237
"gdp_growth","interest_burden",3,0.111312184131926,0.0703980673256734,0.00753596504297887,0.0193153663243365,0.213239892344255,0.35220311577003
"gdp_growth","interest_burden",4,0.111317551056959,0.0717324807577666,0.00929211604647153,0.0212276505416402,0.210795443176618,0.347231239170403
"gdp_growth","interest_burden",5,0.111371064999575,0.0730631240062433,0.0109827412562347,0.0233587117136579,0.208356025576579,0.342003567056223
"gdp_growth","interest_burden",6,0.111365939653359,0.0737064210834945,0.0117673352422874,0.0243271717196724,0.207472836066624,0.339807551561676
"gdp_growth","interest_burden",7,0.111370097559571,0.0745005889009464,0.0125271937524236,0.0251587975238616,0.206262833256357,0.337050327649735
"gdp_growth","interest_burden",8,0.111369788706422,0.0747982968563162,0.0130189304092868,0.0256292059707786,0.205553228267671,0.334819135603609
"gdp_growth","interest_burden",9,0.111373088962184,0.0751171474016628,0.0133607791406113,0.0260988337701554,0.204858322186299,0.333355941938583
"gdp_growth","interest_burden",10,0.111373665397832,0.0753953787281922,0.0136824205205706,0.0264357661548253,0.20449039034035,0.332413459202063
"gdp_growth","interest_burden",11,0.111372946855958,0.0756356897526777,0.0139173465588483,0.0267603554268832,0.204185871679628,0.331227174725014
"gdp_growth","interest_burden",12,0.111375860656199,0.0757681991624795,0.014096934543145,0.0270730844017443,0.203951519533675,0.33033855331317
"gdp_growth","interest_burden",13,0.111376187705438,0.0759996496726272,0.0142837777207631,0.0272889812144886,0.203586670663326,0.329619527638497
"gdp_growth","interest_burden",14,0.111378345508964,0.0761441120576362,0.0144569764762933,0.0274997068394781,0.203347422132236,0.328893844350013
"gdp_growth","interest_burden",15,0.111377975832048,0.07629593389531,0.0146007223615051,0.0276675297116889,0.203178633524584,0.327993185286974
"gdp_growth","interest_burden",16,0.111378601073371,0.076339165331124,0.0146974544592132,0.0278243988524653,0.203039671259222,0.327449515160688
"gdp_growth","interest_burden",17,0.111376689508578,0.0764032109888163,0.014798566930839,0.0279565968123201,0.203005492415654,0.326888897386189
"gdp_growth","interest_burden",18,0.111375584930176,0.076505598515738,0.014962579792556,0.0280630087856965,0.202835112982678,0.326248696755313
"gdp_growth","interest_burden",19,0.111372960115349,0.076546046754376,0.0150720113178004,0.028187509077149,0.202535969072774,0.325863500089428
"gdp_growth","interest_burden",20,0.111371369096982,0.07661867464259,0.0151786623293053,0.0283114833613184,0.202386061105816,0.325595148717677
"gdp_growth","interest_burden",21,0.11136892066366,0.076669423436226,0.0152569802836009,0.0284232165472841,0.2023294370399,0.325265217778543
"gdp_growth","debt_growth",1,0.11226774089208,0.0591481819717833,0.000511818215094627,0.00531948149987527,0.233954069907824,0.40497009006138
"gdp_growth","debt_growth",2,0.11218765897094,0.0681930403707272,0.00434110234867075,0.0152467815103719,0.219810141409807,0.369308586133676
"gdp_growth","debt_growth",3,0.112117252105474,0.0709188713761688,0.0078398076343738,0.0195397829179336,0.213766134945956,0.357987534362422
"gdp_growth","debt_growth",4,0.112069017300751,0.0720835711351421,0.009650678758288,0.0214915957314221,0.211101732559914,0.352229442490005
"gdp_growth","debt_growth",5,0.112073152834157,0.0731824794306597,0.0115004242664292,0.0234487758411895,0.208691811243769,0.346354371942178
"gdp_growth","debt_growth",6,0.112073170389888,0.0737607931861556,0.0122071481781791,0.0243367416171777,0.20764110742457,0.343243548741819
"gdp_growth","debt_growth",7,0.112058892668242,0.0745052853266258,0.0127988289909084,0.0252494443865234,0.207054527323355,0.340203796114156
"gdp_growth","debt_growth",8,0.112061659892381,0.0749017675441364,0.0132587761339311,0.0257731566863416,0.206509079939548,0.338955193800472
"gdp_growth","debt_growth",9,0.112058689549146,0.0751615033615761,0.013508199159764,0.0262284288245462,0.205949942288198,0.337344183301557
"gdp_growth","debt_growth",10,0.112063888594055,0.0753286150474452,0.0137705331954968,0.0265436196190758,0.205593768692673,0.336298294050869
"gdp_growth","debt_growth",11,0.112064456674064,0.0755713243829,0.0140672885611335,0.0268163674250524,0.205138986396333,0.335284217347849
"gdp_growth","debt_growth",12,0.112071924054659,0.0756914380743592,0.01433136787384,0.0270651719821093,0.204888643428699,0.33492621127429
"gdp_growth","debt_growth",13,0.112075564341462,0.075877828031109,0.014488680547501,0.027249442419047,0.204616040952295,0.334317034144625
"gdp_growth","debt_growth",14,0.112083391285891,0.0761097650995699,0.0146695591787896,0.0274398264654005,0.204396787491663,0.333896644188239
"gdp_growth","debt_growth",15,0.112089371002807,0.0762909454150562,0.0147562347722411,0.0276468521928067,0.204211129737438,0.333338696427134
"gdp_growth","debt_growth",16,0.112097874993414,0.0764343275476756,0.0149211166326824,0.0278331204879606,0.203923986336696,0.332611124358335
"gdp_growth","debt_growth",17,0.112104523648168,0.0765933657853682,0.0150574338224931,0.0280170725520861,0.203721258583745,0.332094211976728
"gdp_growth","debt_growth",18,0.112111788476946,0.076795192143029,0.0152452406387267,0.0281474078538747,0.203656058116828,0.331736113544548
"gdp_growth","debt_growth",19,0.112117156917283,0.0768952809837001,0.0153317907861228,0.0282575308804976,0.203555425915056,0.331536288232587
"gdp_growth","debt_growth",20,0.112122171238489,0.0769618797349718,0.0154266763297252,0.0283820681744596,0.203338980272078,0.331223350742274
"gdp_growth","debt_growth",21,0.11212536808833,0.0770278818787648,0.0155101904426758,0.0284815199094875,0.203311224376406,0.330934847003073
"gdp_growth","real_house_price_growth",1,0.110807819991467,0.0591079834617924,0.000534984029376809,0.00536796514113167,0.229033771340983,0.394376542403615
"gdp_growth","real_house_price_growth",2,0.110907480436136,0.0679819883379376,0.00440316899395861,0.0151535458191505,0.21492041281273,0.360835383773198
"gdp_growth","real_house_price_growth",3,0.110886336354658,0.070686334492192,0.00760165738977909,0.0196336998778119,0.209797350645282,0.348993652823954
"gdp_growth","real_house_price_growth",4,0.110946767885565,0.0720492321319283,0.00935061283366101,0.021725857749914,0.207479774287179,0.343078334152951
"gdp_growth","real_house_price_growth",5,0.110961763646376,0.0734111397087305,0.0110810647485348,0.0236490573323469,0.205224653855696,0.33798911393644
"gdp_growth","real_house_price_growth",6,0.110983716229185,0.0738184247916066,0.0117635284992696,0.0247143216855087,0.204393778929343,0.335145585579451
"gdp_growth","real_house_price_growth",7,0.11097658233576,0.0745429382371586,0.0124666596843623,0.0255881750250974,0.203465425602266,0.332089937396436
"gdp_growth","real_house_price_growth",8,0.110992451336088,0.0749003718744217,0.0128933342044544,0.0260698919956016,0.202848150560299,0.330472377890284
"gdp_growth","real_house_price_growth",9,0.1109974937303,0.0752556892309077,0.0132883479989669,0.0264262980807636,0.202459356346808,0.328876750656392
"gdp_growth","real_house_price_growth",10,0.111004705035295,0.0754756014718945,0.0135737200147688,0.0266795345912475,0.201978376153327,0.328162919191296
"gdp_growth","real_house_price_growth",11,0.111006570768778,0.0756157248829093,0.0138152706796813,0.0270295359009863,0.201585829420901,0.326802337545808
"gdp_growth","real_house_price_growth",12,0.111017668824409,0.0758042990796226,0.0140030185957094,0.0273493839445571,0.201548984914603,0.326211223428594
"gdp_growth","real_house_price_growth",13,0.111027277335637,0.0759141203611919,0.0141932178313021,0.0275317131640339,0.201183212272181,0.325451534199373
"gdp_growth","real_house_price_growth",14,0.111038265867724,0.0760323731246538,0.0143717144768213,0.0276926905162496,0.200923982497568,0.324948062788028
"gdp_growth","real_house_price_growth",15,0.111048090045205,0.0762712697820415,0.0144918923158058,0.0278739333768126,0.200710280982949,0.324454817782229
"gdp_growth","real_house_price_growth",16,0.111059478523366,0.0763970837105013,0.0146109962097816,0.0280082275456651,0.200549274025268,0.324545249198474
"gdp_growth","real_house_price_growth",17,0.111070438102937,0.0764572415616488,0.0147234193419781,0.0282094776069809,0.200350771501363,0.324204745645239
"gdp_growth","real_house_price_growth",18,0.111079978659143,0.0765620995745005,0.0148705612546575,0.0283572712439659,0.200231933414297,0.3240408579747
"gdp_growth","real_house_price_growth",19,0.111089039246502,0.0766304468290543,0.014958917866267,0.0284968678030685,0.200119862991412,0.323588751700295
"gdp_growth","real_house_price_growth",20,0.111096628830267,0.0767989226038456,0.015081441650396,0.028600727128064,0.199966296606944,0.323113612204626
"gdp_growth","real_house_price_growth",21,0.111103968078819,0.076858418717835,0.015183796194241,0.0287224308071824,0.199826851965107,0.322891647532856
"gdp_growth","asset_liability_ratio",1,0.111730968120598,0.0593086373604763,0.000490903846647795,0.00555046666173035,0.231722583543701,0.402493263507025
"gdp_growth","asset_liability_ratio",2,0.111533812943731,0.0682996456986414,0.00427959409130929,0.0149113554846733,0.217889830928016,0.367267994692688
"gdp_growth","asset_liability_ratio",3,0.111476342077428,0.0703105520548654,0.00753130723401738,0.0193614304847404,0.213220691989437,0.35524960857284
"gdp_growth","asset_liability_ratio",4,0.111441581277838,0.0715738279047828,0.00933175229839873,0.0213107544744307,0.210276789484343,0.349246947377983
"gdp_growth","asset_liability_ratio",5,0.111475918928384,0.0725877584514218,0.0109614551973795,0.0234050833493082,0.208366235705985,0.343594988806918
"gdp_growth","asset_liability_ratio",6,0.11149754854649,0.0731380472028726,0.0117049200335253,0.0243518678440734,0.207172881200767,0.341068928313778
"gdp_growth","asset_liability_ratio",7,0.111505509601452,0.0737366465959653,0.0124580220171912,0.0252677288163214,0.206343312995553,0.3385152220835
"gdp_growth","asset_liability_ratio",8,0.111513201840347,0.0741722257174654,0.0127767351820827,0.0258047580116588,0.205447913004993,0.336962744092759
"gdp_growth","asset_liability_ratio",9,0.111514350095316,0.0744159022861705,0.0131540428579493,0.0263107301316624,0.205073160119724,0.33545946506798
"gdp_growth","asset_liability_ratio",10,0.111520531682657,0.074601211669455,0.0133724953013851,0.026585350173456,0.204803968051398,0.334419224007013
"gdp_growth","asset_liability_ratio",11,0.111516457215838,0.0748194288299695,0.0136834780009202,0.0268982085601242,0.204390219457063,0.333349312466694
"gdp_growth","asset_liability_ratio",12,0.111516602292792,0.074977068048179,0.0139687891752941,0.0271256983194444,0.204113234751156,0.332854287182167
"gdp_growth","asset_liability_ratio",13,0.111514681333291,0.0751432509423993,0.0141366829762992,0.0273329629394088,0.203929047043743,0.331963762492329
"gdp_growth","asset_liability_ratio",14,0.111515784789284,0.0753171868158077,0.0142889977972118,0.0275414124465498,0.203718959990876,0.331340915560155
"gdp_growth","asset_liability_ratio",15,0.111516785795186,0.0754251177893593,0.0144262187098399,0.02769384018692,0.203621352484799,0.330631267715571
"gdp_growth","asset_liability_ratio",16,0.111520559725289,0.0754814587322577,0.0146297028818602,0.0278546989726547,0.203456885741374,0.330329709653815
"gdp_growth","asset_liability_ratio",17,0.111523772377953,0.0755924373211324,0.0147023422772131,0.0280296934649354,0.203378176170154,0.329676984431063
"gdp_growth","asset_liability_ratio",18,0.111527563082749,0.0757389557019189,0.0148681404585422,0.0281543822157139,0.20323535558307,0.329341162354788
"gdp_growth","asset_liability_ratio",19,0.111530551089803,0.0758524268833762,0.0149952716338191,0.0282420298138591,0.203121485901927,0.328881028786755
"gdp_growth","asset_liability_ratio",20,0.11153355952605,0.0758667149102002,0.0151027487091445,0.0283740219200769,0.203016464241506,0.328589223381109
"gdp_growth","asset_liability_ratio",21,0.111535459640055,0.0759063750636262,0.015189632754636,0.0284475979724562,0.202838030151763,0.328079166797035
"consumption_growth","gdp_growth",1,0.112218636242252,0.0586135180817798,0.000476831424052417,0.00536364605897391,0.234232869512561,0.404250299514562
"consumption_growth","gdp_growth",2,0.112211037765511,0.0709868679818139,0.00471311574488805,0.0163439603210949,0.217605751631162,0.363212912650652
"consumption_growth","gdp_growth",3,0.112184769993843,0.0733684414806933,0.007680317020431,0.0203032391635306,0.212776675751674,0.352124304466087
"consumption_growth","gdp_growth",4,0.11216191892924,0.0744911299499888,0.00966340761209763,0.0227270251924264,0.20977191852834,0.346184624968039
"consumption_growth","gdp_growth",5,0.112130372894792,0.0756193142725409,0.0115105130145345,0.0245639346454553,0.207501581097279,0.340056451589237
"consumption_growth","gdp_growth",6,0.112125117861674,0.0760288062847393,0.0122310563916322,0.0253128416805888,0.206281783170714,0.338212944033098
"consumption_growth","gdp_growth",7,0.112099659349106,0.0764045705381047,0.0127429208535038,0.0259569783309808,0.205552162288796,0.336030962630261
"consumption_growth","gdp_growth",8,0.112094079032642,0.0767136016710772,0.0131595416261376,0.0263335395310255,0.20508777617362,0.334990667727324
"consumption_growth","gdp_growth",9,0.112078466537399,0.0768819627874657,0.0134797184679226,0.0267584319261375,0.204390947212334,0.333876318131105
"consumption_growth","gdp_growth",10,0.112077809603095,0.0770982672611219,0.0137023552162365,0.0270900777668138,0.203879090723842,0.33298006331759
"consumption_growth","gdp_growth",11,0.112077406697666,0.0772667379954611,0.0139983691462989,0.0273400527171661,0.203554073117902,0.332401986016045
"consumption_growth","gdp_growth",12,0.112080734299225,0.0773852496839606,0.0141758945936629,0.0275852565443514,0.203185201686524,0.331757340657552
"consumption_growth","gdp_growth",13,0.112084612820259,0.0775221939440479,0.0143083422020622,0.0278824565932261,0.202943647260779,0.330907289612241
"consumption_growth","gdp_growth",14,0.112087335564365,0.0776067080736738,0.0144574642031059,0.0280679662628965,0.202897311137877,0.330454424620994
"consumption_growth","gdp_growth",15,0.112090000379431,0.077736844860036,0.0145650088571709,0.0281968820916998,0.202559682571568,0.330090178973316
"consumption_growth","gdp_growth",16,0.112090284416775,0.0779040853826562,0.014719863422367,0.0283407636524085,0.202442864504079,0.329734789645123
"consumption_growth","gdp_growth",17,0.112090507767694,0.0779636117554251,0.0148700874542269,0.0284439658370088,0.202295411687054,0.329327530215008
"consumption_growth","gdp_growth",18,0.112088743067537,0.0780604126568531,0.0149177403193993,0.0285801767015332,0.202052578481831,0.329051249912422
"consumption_growth","gdp_growth",19,0.112087441980927,0.0781101978908443,0.0149818746085625,0.0287006647546586,0.201792948808356,0.328840992686079
"consumption_growth","gdp_growth",20,0.112085197557616,0.0781766661612527,0.0150956285628931,0.0287853647667982,0.201706984966559,0.328533415246887
"consumption_growth","gdp_growth",21,0.112083736788167,0.07824165185468,0.0151603414836279,0.0288744376877725,0.201608245028346,0.32816386953609
"consumption_growth","consumption_growth",1,0.110916929397671,0.0588130476329853,0.000560615768160192,0.005573373727436,0.23014843720254,0.397940204566889
"consumption_growth","consumption_growth",2,0.11087455080506,0.0703117442005124,0.00469519082839948,0.0166719646868917,0.213637240916949,0.356133813477322
"consumption_growth","consumption_growth",3,0.110875203031421,0.0726991612161388,0.00787625069931565,0.0205848693274912,0.209476967196075,0.345421945220988
"consumption_growth","consumption_growth",4,0.110867057378057,0.0739094449382966,0.00979200196366632,0.0228112430343592,0.206955295136512,0.33928538729011
"consumption_growth","consumption_growth",5,0.110874121297577,0.0748901236875276,0.0115526565883007,0.0248220209299237,0.204590343282993,0.333483533584657
"consumption_growth","consumption_growth",6,0.110877004698252,0.0753819145438726,0.0122081607494765,0.0255787787825192,0.203581670287977,0.331435023256885
"consumption_growth","consumption_growth",7,0.110869111479714,0.0758771677134617,0.0127716686126587,0.0262117924522716,0.202715921601732,0.329415862296925
"consumption_growth","consumption_growth",8,0.110874164304576,0.0762650619106838,0.0131375937594415,0.0266270536935104,0.202326873128816,0.328000925744855
"consumption_growth","consumption_growth",9,0.110877647912994,0.0766848464311904,0.0134660963814567,0.0269820506010064,0.201724733873092,0.326644931889604
"consumption_growth","consumption_growth",10,0.110882470407106,0.0768998232118578,0.0137861633626048,0.0273330865398804,0.201464655191419,0.325206872122058
"consumption_growth","consumption_growth",11,0.110889027944609,0.0771355616759021,0.0139838831037819,0.0275559652178807,0.201019046199863,0.324177204616824
"consumption_growth","consumption_growth",12,0.110894673066666,0.0773012172516027,0.0142256255030299,0.0278193216054106,0.200756436532734,0.323523129013095
"consumption_growth","consumption_growth",13,0.110900028573872,0.0773672191668903,0.0143686609043445,0.0280363298628155,0.200398572721587,0.323057972168486
"consumption_growth","consumption_growth",14,0.110903318415483,0.0775085752316292,0.0145292058351885,0.0282173752416271,0.200186218125102,0.3226192698429
"consumption_growth","consumption_growth",15,0.110907456628511,0.0775612542235886,0.0146638597128343,0.0283544120418797,0.199924259372396,0.322150912203889
"consumption_growth","consumption_growth",16,0.110911070011307,0.0776205615127822,0.0147962319664784,0.0285174857836545,0.199774777948161,0.321579448691586
"consumption_growth","consumption_growth",17,0.110914665082274,0.0777171069399496,0.0149277764515253,0.0286390046363362,0.199681578476342,0.321375662366281
"consumption_growth","consumption_growth",18,0.110917064623808,0.0777933254796017,0.0150711559279079,0.0286926737951196,0.199354233672168,0.320902260029044
"consumption_growth","consumption_growth",19,0.110919381785575,0.0779213234632937,0.0151851948827913,0.0287615984084081,0.199218877816052,0.320560934469062
"consumption_growth","consumption_growth",20,0.11092104864873,0.0779740062562697,0.0152201420775557,0.028844026501662,0.199003618091151,0.320132301822297
"consumption_growth","consumption_growth",21,0.110922485233991,0.0780702657101386,0.0152645724161216,0.028947263088448,0.198856369587162,0.319590987650475
"consumption_growth","cpi_growth",1,0.110671444999693,0.0576699308279064,0.000514084502970397,0.00539363616519928,0.230232452626709,0.401546892358233
"consumption_growth","cpi_growth",2,0.110746454154313,0.0699464319699316,0.00474546069811643,0.0165118533603757,0.214856903663782,0.358874709698127
"consumption_growth","cpi_growth",3,0.110793575156102,0.0722980982183506,0.00811159210292723,0.020687428148865,0.210695060457967,0.346734726142025
"consumption_growth","cpi_growth",4,0.110825404190712,0.0735858122510871,0.00989950628463443,0.022761113232752,0.207743950701296,0.340147270970359
"consumption_growth","cpi_growth",5,0.110783871668899,0.0747917646529133,0.011640616930926,0.0246655955393902,0.20500938694341,0.333631581758742
"consumption_growth","cpi_growth",6,0.110797651115228,0.0752964488751872,0.0122662733981811,0.0255016731990789,0.204091746822654,0.33154544429068
"consumption_growth","cpi_growth",7,0.110783230253216,0.0757479381085214,0.0128053437865894,0.0261315344144701,0.203291257223775,0.329799599311035
"consumption_growth","cpi_growth",8,0.110796054637126,0.0759611018815621,0.0132697641207984,0.0265519014546866,0.202690250170585,0.328336850951937
"consumption_growth","cpi_growth",9,0.11079015518955,0.0761793497656604,0.0136008598299619,0.0269030918312743,0.202182336295567,0.32744153532854
"consumption_growth","cpi_growth",10,0.110802411438783,0.076355258153352,0.0138673372426589,0.0272346510497913,0.201928590295087,0.326769523315496
"consumption_growth","cpi_growth",11,0.110812104629373,0.0765729759537663,0.0141114870577341,0.0275484385465669,0.201564599443651,0.325923551264461
"consumption_growth","cpi_growth",12,0.110826345086266,0.0767405920866386,0.0143386258262404,0.0278079697912904,0.201284228326926,0.325091002243608
"consumption_growth","cpi_growth",13,0.110839376878879,0.0769089691521453,0.014533526338939,0.0280018540224771,0.201032276730615,0.32443585347051
"consumption_growth","cpi_growth",14,0.110853995828354,0.0770295269991654,0.0146830239118174,0.0282522542312383,0.200801186545752,0.324157100189512
"consumption_growth","cpi_growth",15,0.110868290952634,0.0771621111372507,0.0148212178361412,0.0284172518389706,0.200659014847348,0.32377324421615
"consumption_growth","cpi_growth",16,0.110880554421532,0.0772700222966168,0.0149140036454492,0.028593156853821,0.200488261081291,0.323339169721861
"consumption_growth","cpi_growth",17,0.110891987797307,0.077315829537341,0.015058876344671,0.0287060393685083,0.200398527710014,0.322990953610391
"consumption_growth","cpi_growth",18,0.110901412825504,0.077375018378718,0.0151303249582765,0.0288389287312063,0.200233980255226,0.322585673614715
"consumption_growth","cpi_growth",19,0.110911006449453,0.0774782993362809,0.0152254308300756,0.0289303774265056,0.200015164940048,0.322409921122117
"consumption_growth","cpi_growth",20,0.110919134533701,0.077531463419425,0.0153329764619714,0.0290513200620541,0.199898891721028,0.322266903895594
"consumption_growth","cpi_growth",21,0.110927959915108,0.0776562122697314,0.0153857684992223,0.0291163059700164,0.199861380308565,0.321866758392303
"consumption_growth","saving_rate",1,0.111143888078832,0.0581710567355016,0.000517529615050685,0.00532584536236482,0.231805888764426,0.402035037186209
"consumption_growth","saving_rate",2,0.111325099745211,0.0705295956864321,0.00479820334677022,0.0169473377490061,0.214693160987336,0.358993571478148
"consumption_growth","saving_rate",3,0.111273203604826,0.0731344488992687,0.00773490947386749,0.0207650157631854,0.210598328934707,0.347902759488085
"consumption_growth","saving_rate",4,0.111326660167009,0.074270527468697,0.00970585888017089,0.0229199606379222,0.208215684923435,0.341182091932239
"consumption_growth","saving_rate",5,0.111289982715258,0.0751408713910952,0.0115180690969399,0.0247468910097207,0.20584440277173,0.336270720610963
"consumption_growth","saving_rate",6,0.111319218609763,0.0756932767057016,0.0121473976527297,0.0255121292234865,0.205114345101197,0.334136121200301
"consumption_growth","saving_rate",7,0.111293151624506,0.0760792257625042,0.0126317066275466,0.0261404235612113,0.204373931235094,0.332074769526861
"consumption_growth","saving_rate",8,0.111295903730482,0.0762810721579854,0.0129699131627635,0.026653180796079,0.2038362111974,0.330544619208333
"consumption_growth","saving_rate",9,0.11128544075677,0.076481241584161,0.0133916180115461,0.0270218504072507,0.203381236449817,0.329727524886663
"consumption_growth","saving_rate",10,0.111293547822953,0.0766969428422476,0.0137109298403792,0.027355422882969,0.203175806945992,0.328921859787993
"consumption_growth","saving_rate",11,0.111294272860631,0.0768463195764423,0.0138672900037407,0.0276231152933895,0.202790460881816,0.328032345533681
"consumption_growth","saving_rate",12,0.111299737914655,0.0769906497605024,0.0140462265960146,0.0278941365262459,0.20235943486288,0.327406699478398
"consumption_growth","saving_rate",13,0.111299377489976,0.0771185925996694,0.0142385175249987,0.0280917152822529,0.202024824769062,0.326695784879487
"consumption_growth","saving_rate",14,0.111301524299623,0.0772488889216332,0.0144068499089426,0.0283429576158988,0.20183381576541,0.325976762011697
"consumption_growth","saving_rate",15,0.111301524075728,0.0773334672430166,0.0145454982252944,0.0284824929612989,0.201583483512876,0.325427528228119
"consumption_growth","saving_rate",16,0.111302279122101,0.0774718041627747,0.0146557557020724,0.0286646369112251,0.201527877798321,0.324733495377945
"consumption_growth","saving_rate",17,0.111302636614489,0.0775162604660833,0.0148017410533344,0.0288138337905486,0.201461381343125,0.324190522545676
"consumption_growth","saving_rate",18,0.111303434683697,0.0776071695703602,0.0149072073761436,0.0289469139140131,0.20132929549676,0.323598338370831
"consumption_growth","saving_rate",19,0.111304202363265,0.0776366372320936,0.0150141862218749,0.0290587476507993,0.201137752300849,0.322995621269101
"consumption_growth","saving_rate",20,0.111304558403836,0.0777522258887361,0.0151065945026368,0.0291876482038705,0.200930989774385,0.322610274007479
"consumption_growth","saving_rate",21,0.111304688730417,0.0778062706007143,0.0151657132569737,0.0292548384546197,0.200777448577612,0.322291005856703
"consumption_growth","policy_rate",1,0.110325940810003,0.0578071086868146,0.000495612113775341,0.00525394492213922,0.227587697883419,0.400125718974821
"consumption_growth","policy_rate",2,0.11027655145655,0.069828447727036,0.00459547131066637,0.0160731773465307,0.212355230500098,0.356174940248016
"consumption_growth","policy_rate",3,0.110210025141588,0.072082726531134,0.00777752430264593,0.020114927395803,0.207273612549874,0.34543408159584
"consumption_growth","policy_rate",4,0.110059983854731,0.0729991139287162,0.00959688049670859,0.0222931045433157,0.205277670321242,0.339218440048335
"consumption_growth","policy_rate",5,0.110257102287017,0.0745679687159592,0.0114713486499588,0.024350942846761,0.202790540179046,0.333991967603769
"consumption_growth","policy_rate",6,0.110194652332809,0.0747618569196479,0.0121435993592966,0.0249488335508642,0.20180492120042,0.33150891750989
"consumption_growth","policy_rate",7,0.110352797790791,0.0753826005121884,0.0128455430936993,0.0258083153408332,0.201192916033748,0.329771714474474
"consumption_growth","policy_rate",8,0.110304667796297,0.0755388734963421,0.0131945052058078,0.0261488923460975,0.20079032083491,0.328735498301423
"consumption_growth","policy_rate",9,0.110363796698909,0.075886993008633,0.0135650982124725,0.0266140874369768,0.200446597297278,0.327748540326093
"consumption_growth","policy_rate",10,0.11030893958365,0.0759611757669716,0.0137906995335755,0.0268734032927462,0.20015781330911,0.327125667352135
"consumption_growth","policy_rate",11,0.110291633161007,0.0760633152617104,0.0139940915060377,0.0271223754453903,0.199814311431698,0.326012320089271
"consumption_growth","policy_rate",12,0.110237524097592,0.0761681841617365,0.0141590025718458,0.0273023400097529,0.19959311486244,0.325508874171469
"consumption_growth","policy_rate",13,0.110203500062464,0.0763146296129973,0.0143710597206832,0.0274948042602364,0.199488529534499,0.325363233893445
"consumption_growth","policy_rate",14,0.110159456558421,0.0764246741478523,0.0145009769690777,0.0276906087884735,0.199240563866969,0.324699887880928
"consumption_growth","policy_rate",15,0.110125945485919,0.0764540508321718,0.0146003279192736,0.0277995209425359,0.199046003654676,0.324366760767138
"consumption_growth","policy_rate",16,0.110093969221117,0.0765903084601791,0.0146779039126057,0.0279552204245035,0.198766367199927,0.323659484146634
"consumption_growth","policy_rate",17,0.110067187765959,0.0766093868918906,0.0147683746773045,0.0280611088849812,0.198748103996027,0.323457539584438
"consumption_growth","policy_rate",18,0.110043800697493,0.0766593055392399,0.0148831015360588,0.028161825110663,0.198594113577364,0.323152251874277
"consumption_growth","policy_rate",19,0.110022253392151,0.0767213688554512,0.0149398839794108,0.0282237183599472,0.198481447480457,0.322899478119583
"consumption_growth","policy_rate",20,0.110003340799044,0.0767887105495447,0.0150365652805953,0.028278787152474,0.198326006296382,0.322460028816335
"consumption_growth","policy_rate",21,0.109984369316709,0.0767804939479031,0.0151190961273709,0.028331627854647,0.198187964640846,0.322210712348792
"consumption_growth","interest_burden",1,0.110124450262967,0.0572746746749262,0.000488264309696382,0.00521312970855653,0.228401616123222,0.396475061785764
"consumption_growth","interest_burden",2,0.110117213598773,0.0694631404804087,0.00479889156362252,0.0162210129419508,0.211743067801718,0.356315063292388
"consumption_growth","interest_burden",3,0.110193093007624,0.0717072076537031,0.00793610210297984,0.020355739458927,0.207973783903562,0.344465919667415
"consumption_growth","interest_burden",4,0.110219505572509,0.0730687433853842,0.00965375496837841,0.0226778013084596,0.205614224773966,0.337619211657503
"consumption_growth","interest_burden",5,0.110201870558325,0.0740821381417632,0.0113852746070648,0.0246039819422635,0.203488377842869,0.332402926512458
"consumption_growth","interest_burden",6,0.11021177673255,0.0743945638519315,0.0121569994660093,0.0253752985163478,0.202598912212135,0.330056955094493
"consumption_growth","interest_burden",7,0.11020783785928,0.074805260835064,0.0126904505194272,0.0259410539309453,0.201807026534219,0.328022183433526
"consumption_growth","interest_burden",8,0.110222873271516,0.0751409053051724,0.0131015705301725,0.0264055764461592,0.201342701730624,0.326702365915211
"consumption_growth","interest_burden",9,0.110231366281819,0.0752952874770721,0.0134377329387713,0.0268043279154193,0.200923478964744,0.32571215816324
"consumption_growth","interest_burden",10,0.110247406318347,0.075599947151576,0.0136610618415768,0.0271636060160317,0.20044789375108,0.325050488891295
"consumption_growth","interest_burden",11,0.110257485934898,0.0757470459979747,0.0138842312610866,0.0274125029613118,0.200114309932194,0.32450059248015
"consumption_growth","interest_burden",12,0.110272054516939,0.0758700827942095,0.0140978880947307,0.0276176160949789,0.199625454912848,0.324255537295452
"consumption_growth","interest_burden",13,0.110281000591306,0.0760176052577783,0.0142874409573808,0.0278618419233822,0.199478821045756,0.323624384307333
"consumption_growth","interest_burden",14,0.110291120573038,0.0762268714426587,0.0144241927957472,0.0281327139417505,0.199356855873876,0.323245647681589
"consumption_growth","interest_burden",15,0.110297188414919,0.0762976638586964,0.0145907890389588,0.0283114511738764,0.199110996859398,0.322558304662497
"consumption_growth","interest_burden",16,0.110304712360127,0.0763583545954994,0.0146998130067026,0.0284622869386567,0.19879096430996,0.321882368477711
"consumption_growth","interest_burden",17,0.11030971296223,0.0765003802731692,0.0148120725273111,0.0286005966270018,0.198563823673844,0.321452754791397
"consumption_growth","interest_burden",18,0.110315964029203,0.0765458197424634,0.0149445178144172,0.0287163613659911,0.198437796311926,0.320849631730737
"consumption_growth","interest_burden",19,0.110320566119743,0.0766078956258308,0.0151089734310995,0.0288285683353085,0.19822002389597,0.32057563808623
"consumption_growth","interest_burden",20,0.110326320055039,0.0766801458057029,0.0151994133680334,0.0288897219475085,0.198039603333198,0.32040212680821
"consumption_growth","interest_burden",21,0.110330860506801,0.0767260724353192,0.0152668807409333,0.0290107034198717,0.197935596626338,0.320254156928659
"consumption_growth","debt_growth",1,0.110651348334395,0.0578847283992702,0.000495009021341681,0.005275221818413,0.229293349398994,0.397709049377699
"consumption_growth","debt_growth",2,0.110552074502104,0.0700523786454584,0.00459489819235397,0.0160704054310223,0.213328701876994,0.355292133101826
"consumption_growth","debt_growth",3,0.110544603571485,0.0725032495236343,0.00765953177808729,0.0202019968894647,0.209177812481238,0.343370250893297
"consumption_growth","debt_growth",4,0.110518830414734,0.0737903275507834,0.00955401093923312,0.0223239715362635,0.206662644284253,0.337427317295836
"consumption_growth","debt_growth",5,0.110519469039676,0.0748106146293835,0.0112699718409281,0.024317036192423,0.204568639182758,0.331035246814004
"consumption_growth","debt_growth",6,0.110529419574254,0.075384955736198,0.0119623755951418,0.02501866251758,0.203192094081671,0.329648228290762
"consumption_growth","debt_growth",7,0.11051492186814,0.0757409030540837,0.0124460255088002,0.0256959504449669,0.202685353821703,0.327629036712491
"consumption_growth","debt_growth",8,0.110523025333244,0.0759530979581029,0.0128590310535878,0.0260889145380747,0.202328265402877,0.326752132809647
"consumption_growth","debt_growth",9,0.110519913946586,0.0761518634004515,0.013204907279344,0.0264480768984113,0.201714508105041,0.325863451580161
"consumption_growth","debt_growth",10,0.110527968430905,0.0763811332281773,0.0135245971016231,0.0267735478190093,0.201558227594044,0.325221331497143
"consumption_growth","debt_growth",11,0.110529976934005,0.0765667447398206,0.0137147606611891,0.027041685999699,0.201134767369844,0.324120582536915
"consumption_growth","debt_growth",12,0.110536400134463,0.0767067039919602,0.0139286779503792,0.0272854256573313,0.200833856839921,0.323331450640553
"consumption_growth","debt_growth",13,0.110541304646212,0.076776150783484,0.0141241748931688,0.0274624369887999,0.200534344552089,0.322622894596119
"consumption_growth","debt_growth",14,0.110548420893188,0.0769489537923462,0.0142837202032985,0.0277061205034017,0.200317906348049,0.32230273437357
"consumption_growth","debt_growth",15,0.110553193045871,0.0769802094355422,0.0144195935453744,0.0278842345452913,0.200142805927497,0.322051136934278
"consumption_growth","debt_growth",16,0.110559697005008,0.0770852760595498,0.0146423081827521,0.0280457645717795,0.199960544876334,0.321519682214618
"consumption_growth","debt_growth",17,0.110564419222346,0.077232792372557,0.0147470039524192,0.0281577765547209,0.199828957645985,0.320958590708356
"consumption_growth","debt_growth",18,0.110570438326312,0.0773641064972593,0.0148566085337628,0.0282998601383512,0.199607257723265,0.320730567939511
"consumption_growth","debt_growth",19,0.110574307492248,0.0773785106857615,0.0149376495261579,0.0284270736085149,0.199431073264123,0.320286369539726
"consumption_growth","debt_growth",20,0.110579165284829,0.077451239028022,0.0150016628895993,0.0285223768287739,0.199278175681732,0.320286278302033
"consumption_growth","debt_growth",21,0.110582478317225,0.0775730608484425,0.0150879561768199,0.0286272496061696,0.199261197202738,0.32007091069096
"consumption_growth","real_house_price_growth",1,0.112674945696176,0.0600513810722502,0.00050133026162312,0.00558940160542791,0.234102061548868,0.40098235822795
"consumption_growth","real_house_price_growth",2,0.11263195461218,0.0721688300277444,0.00477308121806064,0.0169398701581538,0.216823387799796,0.359106565418391
"consumption_growth","real_house_price_growth",3,0.112633811460938,0.0744831394009637,0.00812186175918529,0.0209358897258338,0.212487187240859,0.348188900753869
"consumption_growth","real_house_price_growth",4,0.112680484352411,0.0756435998867835,0.0100853270274828,0.023255016440958,0.209832666643933,0.341644670214589
"consumption_growth","real_house_price_growth",5,0.112642003720682,0.0765520642159062,0.0116127738171787,0.0251913412188016,0.207715040174955,0.336246941289382
"consumption_growth","real_house_price_growth",6,0.11264592486667,0.0770770308006387,0.0123010799698841,0.0259891553785664,0.206982137790491,0.333948804909915
"consumption_growth","real_house_price_growth",7,0.112619800993788,0.0774498437839414,0.0127813522235799,0.0265947759548282,0.206210473077033,0.332233018993401
"consumption_growth","real_house_price_growth",8,0.112626093158967,0.0777147950280659,0.0132822449083883,0.0269952580749823,0.205613284235417,0.330722135872076
"consumption_growth","real_house_price_growth",9,0.112610657632421,0.0779351002371797,0.0135693792561864,0.0274171125586894,0.205138801501964,0.329205358516575
"consumption_growth","real_house_price_growth",10,0.112613385505973,0.0781466261117371,0.01389813561131,0.0276681733600772,0.204631112995861,0.328481611985847
"consumption_growth","real_house_price_growth",11,0.112611396665161,0.0783641698188521,0.0141533804028485,0.0279463807641408,0.204520915615994,0.327890568542382
"consumption_growth","real_house_price_growth",12,0.112615406526896,0.0785568714108173,0.0143712381487485,0.0281822980576799,0.204203302009675,0.327109231927339
"consumption_growth","real_house_price_growth",13,0.112618873029427,0.0786423164180969,0.014571008127639,0.0284385294952159,0.203999263208321,0.326501797371014
"consumption_growth","real_house_price_growth",14,0.112624372653471,0.0787862045658878,0.0147073240163188,0.028616122985361,0.203720586799377,0.326069638163606
"consumption_growth","real_house_price_growth",15,0.112630424873284,0.0788879569172535,0.0148594339430807,0.0287493624984662,0.203507842576034,0.325705123378265
"consumption_growth","real_house_price_growth",16,0.112635120686679,0.0790832460921748,0.015000169768574,0.0288971964148179,0.203344069293702,0.325456708945097
"consumption_growth","real_house_price_growth",17,0.112640210822414,0.0791233831549828,0.0151436622276232,0.0290283349273431,0.20309208725104,0.325124855300797
"consumption_growth","real_house_price_growth",18,0.112643729055493,0.0791989116510649,0.0152671345395639,0.0291659887485868,0.202891408938596,0.324762374215617
"consumption_growth","real_house_price_growth",19,0.112647890735271,0.0792729666758174,0.015342367187391,0.0292821872968246,0.202710952241789,0.324434679193757
"consumption_growth","real_house_price_growth",20,0.11265090979217,0.0793679518830446,0.0154514208635359,0.0294167452555131,0.202612935886677,0.323973992374356
"consumption_growth","real_house_price_growth",21,0.112654783340025,0.0793701169896754,0.0155003731795155,0.0294838393015272,0.202543019114884,0.323613488378306
"consumption_growth","asset_liability_ratio",1,0.111272416178011,0.058000865019287,0.000525913540139265,0.00551270508525577,0.231624672192734,0.398221620952987
"consumption_growth","asset_liability_ratio",2,0.111265063360296,0.0701491888698824,0.00480259344194336,0.016648205474542,0.21447677141133,0.356645474000324
"consumption_growth","asset_liability_ratio",3,0.111291715032172,0.0725837839225579,0.00792200786763469,0.0208244363307878,0.210428072272176,0.345120886837718
"consumption_growth","asset_liability_ratio",4,0.111340155140597,0.0740883703588013,0.00998969607196126,0.0230210240767111,0.20778388563299,0.338179385731629
"consumption_growth","asset_liability_ratio",5,0.111301205817773,0.0753614480158139,0.0116037894005418,0.0249223154368935,0.206226765097328,0.333083313435753
"consumption_growth","asset_liability_ratio",6,0.111299234208801,0.075832494773283,0.0123356761847976,0.0256880413903048,0.205236629362295,0.331051365267355
"consumption_growth","asset_liability_ratio",7,0.111259488781459,0.076212304381668,0.0128304620138418,0.0262421098598192,0.204308778554465,0.328691501495555
"consumption_growth","asset_liability_ratio",8,0.11126313873515,0.076374941582271,0.0132080042100328,0.0266221409399013,0.203673483038013,0.327579238889318
"consumption_growth","asset_liability_ratio",9,0.111242555043552,0.0766958569361363,0.0136300792813599,0.0269449833966866,0.203113299257573,0.326391315846853
"consumption_growth","asset_liability_ratio",10,0.111246060889189,0.0769172778876044,0.0138507730582858,0.027211089767367,0.202918316492474,0.325548863986608
"consumption_growth","asset_liability_ratio",11,0.11123669517265,0.0770938614655207,0.0140557743067817,0.0274839527015466,0.202400068012666,0.324698432853062
"consumption_growth","asset_liability_ratio",12,0.111237124357298,0.0772924142053019,0.0142867321094875,0.0277433349476266,0.202001005308509,0.323967768871339
"consumption_growth","asset_liability_ratio",13,0.111231925907605,0.0774495785358903,0.0144738647017749,0.0279787423927787,0.20162960433384,0.323433876339937
"consumption_growth","asset_liability_ratio",14,0.111230455214057,0.0775295334298294,0.0146559509861017,0.0281688227979508,0.201502378997694,0.322609133221808
"consumption_growth","asset_liability_ratio",15,0.111225976143704,0.0776338646966575,0.0147808756227459,0.0283047206562919,0.201216882613755,0.322178786037763
"consumption_growth","asset_liability_ratio",16,0.111222312755354,0.0776551388066716,0.0148973018106309,0.0284685139407164,0.20089824595416,0.32172023689661
"consumption_growth","asset_liability_ratio",17,0.111218671965286,0.0777516117099791,0.0150040282924026,0.0285654771807671,0.200861352668337,0.321299759920204
"consumption_growth","asset_liability_ratio",18,0.111215412690952,0.0778481206765048,0.0151220870641657,0.0286788854717159,0.200742531220388,0.320706695152
"consumption_growth","asset_liability_ratio",19,0.111212949681366,0.0779227455775669,0.015216366002069,0.0287785393176258,0.200592317287031,0.320370747867788
"consumption_growth","asset_liability_ratio",20,0.111210324925035,0.0779610027457941,0.0153080261232246,0.0288779101741409,0.200508249842435,0.320103569060716
"consumption_growth","asset_liability_ratio",21,0.111208637851557,0.0779152147217108,0.015376765567049,0.0289794224191668,0.200455854513434,0.31991102526843
"cpi_growth","gdp_growth",1,0.111294618299051,0.0585604472935166,0.00051446990769624,0.00524246361215777,0.230012020701959,0.401458950780323
"cpi_growth","gdp_growth",2,0.111974803720893,0.0652298261431747,0.00350175406104749,0.0128473032372825,0.223003728295055,0.378843934638213
"cpi_growth","gdp_growth",3,0.111235637123642,0.0655829571635549,0.00586067875772144,0.0155806203487272,0.217633024096226,0.369776257366824
"cpi_growth","gdp_growth",4,0.111480646627476,0.0699367356730872,0.00793236584989107,0.0189966724379887,0.213009262664622,0.35798397608886
"cpi_growth","gdp_growth",5,0.110977307263619,0.0704488612662426,0.00981765702175246,0.0211929294641033,0.21069774065716,0.351668151450931
"cpi_growth","gdp_growth",6,0.111006886345921,0.0727857583644301,0.0111878765796554,0.0232697047827517,0.20684942523195,0.344291805418164
"cpi_growth","gdp_growth",7,0.11086157112568,0.0739477767051672,0.0122950324797654,0.024827136197425,0.204785883511432,0.338384402153098
"cpi_growth","gdp_growth",8,0.110967454721769,0.0752569516502521,0.012868635547655,0.0258589870492035,0.203286723594526,0.333283450534832
"cpi_growth","gdp_growth",9,0.110980448122394,0.0765672571347203,0.0135894195027788,0.0271318057863538,0.201924261620216,0.329135917304622
"cpi_growth","gdp_growth",10,0.111084992112092,0.0772581925319125,0.0138442560136669,0.0275559872913071,0.201260802583218,0.325816594637734
"cpi_growth","gdp_growth",11,0.111137604503144,0.0778062376904198,0.0142262426998474,0.0282080604567232,0.200639269430401,0.323477748565325
"cpi_growth","gdp_growth",12,0.111185195141617,0.0778903574334727,0.0143815268762321,0.0285280032852113,0.200589098969981,0.322597508085352
"cpi_growth","gdp_growth",13,0.111212400739012,0.0782338832624911,0.0147010765850224,0.0289127817930823,0.199729177537309,0.321207457200783
"cpi_growth","gdp_growth",14,0.11122178168177,0.0783712973078599,0.0149555514180475,0.0292102478939084,0.199454251323078,0.320938043077002
"cpi_growth","gdp_growth",15,0.111225553106226,0.0784798588390005,0.0152277739248957,0.0294884965735948,0.199079820756648,0.319393947154339
"cpi_growth","gdp_growth",16,0.111211940669907,0.0786302194920004,0.0153680232593853,0.0296861293535847,0.199046139269157,0.319042984368595
"cpi_growth","gdp_growth",17,0.111208010851922,0.0788393798967631,0.0155816701202074,0.0298697866632785,0.198492368354816,0.318168179871839
"cpi_growth","gdp_growth",18,0.111197108280527,0.0789424944909958,0.0157562018406568,0.0300275132379611,0.198110942951962,0.318154419454651
"cpi_growth","gdp_growth",19,0.111195690226046,0.0791238355348521,0.0159167709285892,0.0302215166506568,0.197926428874489,0.317374300647822
"cpi_growth","gdp_growth",20,0.111190276501934,0.0792107917147018,0.0161032354391338,0.0303838188523928,0.197791003306659,0.316680447568669
"cpi_growth","gdp_growth",21,0.111191741477413,0.0792780446016535,0.0161914504947912,0.0305301992238788,0.197450511691778,0.315992039166066
"cpi_growth","consumption_growth",1,0.111690488975767,0.0585471503448319,0.00052510916117781,0.00542885128184361,0.232917848125903,0.404483558430654
"cpi_growth","consumption_growth",2,0.112590705895189,0.0652911668899271,0.00364037981249073,0.0132120941135332,0.224712876317881,0.378585692077534
"cpi_growth","consumption_growth",3,0.111896408627271,0.0658273862020237,0.00604415449534343,0.0160232765527163,0.220456776266992,0.371912301380872
"cpi_growth","consumption_growth",4,0.111963524401195,0.0695252233686597,0.00815412015183139,0.0192893960755955,0.215864017379342,0.359189819740766
"cpi_growth","consumption_growth",5,0.111451504070141,0.0703173493855096,0.00987117541407745,0.0211684760267294,0.211965161880097,0.351617106309454
"cpi_growth","consumption_growth",6,0.111440132415183,0.0727888832765316,0.0112954777799669,0.0234001629541718,0.208902061800167,0.343413411758197
"cpi_growth","consumption_growth",7,0.111286750923556,0.0742540639834016,0.0123551543987113,0.0248502342762809,0.206715635701369,0.338768809870713
"cpi_growth","consumption_growth",8,0.111350376184375,0.0755730631401913,0.0129721842781057,0.0258031514181156,0.205225036552536,0.33515734725125
"cpi_growth","consumption_growth",9,0.111341166725124,0.0764599627716956,0.013550067520321,0.0267813351855869,0.203783445027778,0.330389407154983
"cpi_growth","consumption_growth",10,0.111421363490007,0.0769698588975855,0.0139559875942216,0.0274732684104039,0.202650100344188,0.3277449559993
"cpi_growth","consumption_growth",11,0.111470405786204,0.0775503093032457,0.0144071142927452,0.0281813645885502,0.201816807386303,0.325765247611036
"cpi_growth","consumption_growth",12,0.111524186006256,0.0776256214388791,0.0146779000294153,0.0284064380309312,0.201628461599805,0.324963701603605
"cpi_growth","consumption_growth",13,0.111569230066921,0.0780772181043267,0.0149374245403925,0.0288121599171209,0.201162490148933,0.323905582376335
"cpi_growth","consumption_growth",14,0.111601219705202,0.0781626984993125,0.015144259389582,0.0290561074198238,0.201056731202321,0.322885062639129
"cpi_growth","consumption_growth",15,0.111629710157209,0.0784192258548598,0.0154130080106012,0.0293215115481801,0.200778009737493,0.322146830390763
"cpi_growth","consumption_growth",16,0.111638132021868,0.0786346035162069,0.015592287315586,0.0295894700087394,0.20054600452671,0.321566806932648
"cpi_growth","consumption_growth",17,0.11164924821087,0.078796165061055,0.0157221772945925,0.0298614859002565,0.200148292097381,0.321330997160454
"cpi_growth","consumption_growth",18,0.11164793068617,0.0789728938210337,0.0158777653313715,0.0300489039011653,0.199773838916242,0.32088877415291
"cpi_growth","consumption_growth",19,0.11165010377797,0.0790886722611862,0.0160080453802259,0.0303177063530071,0.199549453696064,0.319804168598627
"cpi_growth","consumption_growth",20,0.11164524218741,0.0792830693384781,0.0161924693598068,0.0304928947713421,0.199253811283846,0.319449797446933
"cpi_growth","consumption_growth",21,0.111645371035438,0.0794417803325187,0.0163332236521503,0.0306658157427073,0.19899615119162,0.318771493443706
"cpi_growth","cpi_growth",1,0.109257664892287,0.057258729105911,0.000542494899988306,0.00530401887926168,0.226052497041262,0.394058121682325
"cpi_growth","cpi_growth",2,0.110220550779374,0.0641645485571998,0.00368916109483441,0.0132061294291894,0.218684261237758,0.373857987095529
"cpi_growth","cpi_growth",3,0.109529552201552,0.0646913925621813,0.00601092946280089,0.0158019322708731,0.213781300898211,0.3659159676321
"cpi_growth","cpi_growth",4,0.109871721491384,0.068958202259435,0.00810217324700097,0.0190823647878822,0.209709058110052,0.352068179653709
"cpi_growth","cpi_growth",5,0.109450660206127,0.0696290744051823,0.00975689845369035,0.0211563244898084,0.207740429302434,0.345187240395123
"cpi_growth","cpi_growth",6,0.109582087956485,0.0720613009710117,0.0111468637924714,0.0232110682124687,0.205108378686931,0.33734770786365
"cpi_growth","cpi_growth",7,0.109503898948518,0.0734471951027264,0.0123433478201177,0.0247506079559529,0.20265902958499,0.331451535703483
"cpi_growth","cpi_growth",8,0.109624280452276,0.0747397669944947,0.0129021093512544,0.0257406457364661,0.20104321479082,0.327720477315792
"cpi_growth","cpi_growth",9,0.109657234523425,0.0758791685636665,0.0135029692323906,0.0268182814361049,0.199529859958888,0.323231997970709
"cpi_growth","cpi_growth",10,0.10974883450169,0.0764016399118059,0.0139513031941143,0.0273784387853475,0.199023897457613,0.320721411856691
"cpi_growth","cpi_growth",11,0.109802571537722,0.0768943559940899,0.0143733735546917,0.0280316064562865,0.198152271373808,0.318370706415451
"cpi_growth","cpi_growth",12,0.109844117390485,0.077112150786129,0.0146724602343853,0.0283627427264331,0.197697003265569,0.317789633528617
"cpi_growth","cpi_growth",13,0.109882250167832,0.0774857956109539,0.0149903140011223,0.0286837700797959,0.197711963855983,0.316617918443712
"cpi_growth","cpi_growth",14,0.109906419177268,0.0774754476311737,0.0152208132908303,0.0289323915327875,0.197511341813869,0.315785994168745
"cpi_growth","cpi_growth",15,0.109933486379549,0.0777187817656106,0.0153837586557905,0.0292649866557284,0.197228345665052,0.314700700023161
"cpi_growth","cpi_growth",16,0.109944482968437,0.0778396883458738,0.0155838930635541,0.0294581723288267,0.196867779782479,0.314477164223709
"cpi_growth","cpi_growth",17,0.10996576327801,0.0780116029107208,0.0157950723453799,0.0296336428245275,0.196810377122495,0.313382474758503
"cpi_growth","cpi_growth",18,0.109976887292868,0.0782121956190302,0.0159676526027567,0.0297557413742109,0.196495525150863,0.312860066561029
"cpi_growth","cpi_growth",19,0.109995891945173,0.0784962137746917,0.0161192769067018,0.0299579908672309,0.196132384003365,0.31188700391074
"cpi_growth","cpi_growth",20,0.110005658013284,0.0786451875050979,0.016226759578873,0.0301170100896812,0.196074271464924,0.311623400972197
"cpi_growth","cpi_growth",21,0.110020939059832,0.0788873843979551,0.0163859694059671,0.0303191204688785,0.195811296163624,0.311033937526874
"cpi_growth","saving_rate",1,0.111163511864821,0.0584752455736985,0.000507003128691601,0.00525417814372044,0.232219988968845,0.40011613524685
"cpi_growth","saving_rate",2,0.112171014431135,0.0649749486985439,0.00363605751016078,0.0128807448777129,0.224561759301946,0.378338487857548
"cpi_growth","saving_rate",3,0.111366848268196,0.0654433769182224,0.00609484524915645,0.0155448326764854,0.220742225314581,0.368306132362848
"cpi_growth","saving_rate",4,0.111489380895536,0.0694473280513114,0.00812578389343724,0.0188675630590511,0.215940705214986,0.354845926421468
"cpi_growth","saving_rate",5,0.111055421930737,0.07040253224315,0.00989066964475287,0.0212079929394893,0.212671345810241,0.349486181682485
"cpi_growth","saving_rate",6,0.111114708573034,0.072668183593598,0.0112743339415872,0.0233551519614582,0.209478585975021,0.341315171182259
"cpi_growth","saving_rate",7,0.110970612993059,0.0737647498759755,0.012310146789222,0.0250215010167585,0.206986317660018,0.334748317519677
"cpi_growth","saving_rate",8,0.11102694725746,0.07519796355004,0.0129223372250979,0.0259658736681602,0.205648790899825,0.330730726706718
"cpi_growth","saving_rate",9,0.111026473328462,0.0762852304788753,0.0136461332631362,0.0269984592887953,0.204299189496333,0.326426219395358
"cpi_growth","saving_rate",10,0.111093891439391,0.0768939696369982,0.013977353174194,0.0274951117762759,0.203546781977633,0.323878856836
"cpi_growth","saving_rate",11,0.111132179902048,0.0775687575208782,0.0144137735010946,0.0281338713795142,0.202901950298675,0.321988063579451
"cpi_growth","saving_rate",12,0.11116469254843,0.07759402785526,0.0146671806995318,0.0284118650222073,0.202434853558915,0.321280566635667
"cpi_growth","saving_rate",13,0.111199503810927,0.0779903735321418,0.0150026962727039,0.0288482438431569,0.202058201510756,0.320486753732646
"cpi_growth","saving_rate",14,0.111217049156407,0.0780526330297156,0.0152417386296426,0.0290961583184642,0.201665643034829,0.320295216960295
"cpi_growth","saving_rate",15,0.111237130275001,0.0782989029895841,0.0154278070496053,0.0294248489058299,0.201123223891047,0.319102403594791
"cpi_growth","saving_rate",16,0.111238578502941,0.0784506953247942,0.0156046173858044,0.0296986123410254,0.201069125645429,0.317983255048419
"cpi_growth","saving_rate",17,0.111249172887035,0.0786472472206107,0.0157446552603903,0.0299441200469744,0.200941472111625,0.318058982277223
"cpi_growth","saving_rate",18,0.111247540478852,0.0788301212688282,0.0158610108222382,0.0301052060426878,0.20068937171626,0.316892587088924
"cpi_growth","saving_rate",19,0.111252317536122,0.0789880002055817,0.0159417848004892,0.0303329026491907,0.200455955659255,0.316173180394211
"cpi_growth","saving_rate",20,0.111250007201069,0.0791468911514448,0.0160565734313252,0.0304946435649026,0.200175612454099,0.315847518819993
"cpi_growth","saving_rate",21,0.111253088896975,0.0793524819158702,0.0161639937306857,0.0306407028217829,0.199984640439715,0.315305138025235
"cpi_growth","policy_rate",1,0.112646655053253,0.0627851514289711,0.000560098602255595,0.00583170114940771,0.233366114447356,0.394486129688021
"cpi_growth","policy_rate",2,0.105734058718774,0.0609950787183027,0.00366312550775292,0.0123627771744789,0.21131162905981,0.360275296699168
"cpi_growth","policy_rate",3,0.11166090478386,0.0671839115901214,0.00651837016817934,0.0168387642135957,0.218485315782506,0.367605279725837
"cpi_growth","policy_rate",4,0.110276193568846,0.0693222139419551,0.00881796259705871,0.0200855200285105,0.210784474473671,0.35161284177982
"cpi_growth","policy_rate",5,0.114038809067561,0.0738657994901185,0.0113006267794566,0.0234166312390878,0.21442433179391,0.352419367988944
"cpi_growth","policy_rate",6,0.113618190353749,0.0757210553587898,0.0126800323946182,0.0252936699186933,0.211317583517705,0.343267591070494
"cpi_growth","policy_rate",7,0.114634259037803,0.0779114296594362,0.0139830276526296,0.0273212011830321,0.211317292433696,0.340327808443384
"cpi_growth","policy_rate",8,0.113984916806845,0.0786100423916216,0.0146069942603144,0.028098454821493,0.208727832806672,0.334672797066303
"cpi_growth","policy_rate",9,0.113923409241697,0.0797097424720881,0.0153068073000821,0.0293235047955181,0.206711515615726,0.331088831408496
"cpi_growth","policy_rate",10,0.113222918103367,0.079540506562182,0.0157339421690193,0.0297132564611603,0.20470590555938,0.326813537211731
"cpi_growth","policy_rate",11,0.112795174210591,0.0799065160828731,0.0162805801012278,0.0304225486205034,0.202808502870398,0.323257495721228
"cpi_growth","policy_rate",12,0.112400528311634,0.0798649816086561,0.0165509473296676,0.0306315094940963,0.201646396849622,0.320870956592458
"cpi_growth","policy_rate",13,0.112075798211899,0.0799669453707416,0.0168934241037088,0.0309705139650325,0.20043076268143,0.319108068174536
"cpi_growth","policy_rate",14,0.111871398421294,0.079915405185801,0.0170281248862681,0.0311087348844329,0.199721772401538,0.317989276617323
"cpi_growth","policy_rate",15,0.111685630045018,0.080031922041447,0.0172535505669706,0.0314382039943803,0.198687278608583,0.317122118725146
"cpi_growth","policy_rate",16,0.111641368356892,0.080062418950447,0.0174015642065963,0.0316231955078385,0.198578801752227,0.316576245751165
"cpi_growth","policy_rate",17,0.111545607483881,0.0800940444168545,0.0175729329160259,0.0318441676143487,0.197906175277674,0.315779162897308
"cpi_growth","policy_rate",18,0.111528621348523,0.0801846258850607,0.0177097498271684,0.0320189431319223,0.197648818198049,0.315294991769499
"cpi_growth","policy_rate",19,0.11146119987115,0.0802417538454723,0.0177777641922829,0.0321888469754779,0.19715286799185,0.314629845545504
"cpi_growth","policy_rate",20,0.111443831663025,0.0803020825181133,0.0179558276555302,0.0323641189503154,0.197032657446449,0.313947159059345
"cpi_growth","policy_rate",21,0.111380989285947,0.0803477255865259,0.0180555321151938,0.0324932596612408,0.196861376334631,0.313519027177421
"cpi_growth","interest_burden",1,0.111741501034843,0.0594266359943679,0.000483797467969265,0.00546340761962427,0.231558771796864,0.398182015085157
"cpi_growth","interest_burden",2,0.112380811819158,0.065704844368207,0.00370483241281736,0.0131607932917674,0.225086724251834,0.377502492071595
"cpi_growth","interest_burden",3,0.11156867175563,0.0663101452507897,0.0059687250236661,0.0159077488720396,0.219666571328241,0.368115613010365
"cpi_growth","interest_burden",4,0.111659370538685,0.0700206881206928,0.00816048529114122,0.0191992794648723,0.214561209820673,0.354926906419915
"cpi_growth","interest_burden",5,0.111169365670763,0.0708466313202828,0.00997738009773885,0.0213247390380173,0.210795178962817,0.349292558615479
"cpi_growth","interest_burden",6,0.111236506722847,0.0732616006088336,0.011385888361091,0.0234425442887729,0.207610721976014,0.341108746125164
"cpi_growth","interest_burden",7,0.111093062454336,0.0747832730575467,0.0125084810823339,0.0250327917646273,0.205610445926133,0.335689783918488
"cpi_growth","interest_burden",8,0.111145207616501,0.0761933640794329,0.0130356626863665,0.0258802749324919,0.204288756018469,0.331894592855472
"cpi_growth","interest_burden",9,0.11112021628366,0.0771267834886061,0.0136884890234305,0.026902325149105,0.202681694496717,0.327689743285206
"cpi_growth","interest_burden",10,0.111179452739941,0.0778731785875946,0.0142167549755316,0.0274091607710141,0.202341995895044,0.324974901425425
"cpi_growth","interest_burden",11,0.111214811394509,0.0785608468212425,0.0146706491223355,0.0279014985128757,0.201593196300769,0.323003779662484
"cpi_growth","interest_burden",12,0.111249440136495,0.0787121886888343,0.0150674749558023,0.0283100918823965,0.201730237411137,0.322593230072699
"cpi_growth","interest_burden",13,0.111284905104739,0.0789127885174029,0.0153135802408869,0.0286543966934915,0.200874527725605,0.321719162147616
"cpi_growth","interest_burden",14,0.111313749423888,0.0789683850396297,0.0155305881410269,0.0289672048466714,0.200535804931424,0.32109566417685
"cpi_growth","interest_burden",15,0.111343120794034,0.0792270851864031,0.0157802322776387,0.0293532270527142,0.200058256360195,0.320158613956624
"cpi_growth","interest_burden",16,0.111358410733687,0.0793827566301737,0.0159896772131862,0.0295439161688984,0.200152702188472,0.31918484942951
"cpi_growth","interest_burden",17,0.111375392775493,0.0795461182702952,0.0161410315244831,0.0297727184812894,0.199774631707178,0.318459534134109
"cpi_growth","interest_burden",18,0.111385142611561,0.0796405976364358,0.0162918190303353,0.0299022873057912,0.199383117109649,0.318089902833564
"cpi_growth","interest_burden",19,0.111395100283335,0.079864586192204,0.016419202624081,0.0300820104038288,0.199087526151316,0.317157725520974
"cpi_growth","interest_burden",20,0.111400188249188,0.0800205045498417,0.0165083594856665,0.0302963689623838,0.198887108379891,0.316449123463251
"cpi_growth","interest_burden",21,0.111407375459314,0.0801125267215446,0.0166404154002433,0.0304904460783639,0.198657259885054,0.316147322085585
"cpi_growth","debt_growth",1,0.111577765900598,0.0599182944033819,0.000554560505277212,0.00545654882049397,0.232212553216508,0.395682080909038
"cpi_growth","debt_growth",2,0.112326040805784,0.0658374260880183,0.00361313613305917,0.0130179270626791,0.223887370681732,0.373521102064964
"cpi_growth","debt_growth",3,0.111550026125258,0.066644351264789,0.00589870311527318,0.0156037030561645,0.220260453994013,0.364437978710928
"cpi_growth","debt_growth",4,0.111520773824,0.0700830534770167,0.00795737216867395,0.0189357844092127,0.215463802209089,0.352644520574378
"cpi_growth","debt_growth",5,0.11106125037432,0.0708563205826059,0.00974750205275649,0.0211260581839199,0.211371435570603,0.348385007931584
"cpi_growth","debt_growth",6,0.111059032535978,0.0733149158887733,0.0110627139021085,0.0233004511722736,0.207427369760504,0.339699068383647
"cpi_growth","debt_growth",7,0.110950702129669,0.0747379301381606,0.0120067622131374,0.0248533077542041,0.205082341246611,0.334112211114665
"cpi_growth","debt_growth",8,0.111022639573604,0.0759158306404935,0.0126003272014267,0.0259305930059849,0.203477290495134,0.330202725510415
"cpi_growth","debt_growth",9,0.111056154352985,0.0769042018788472,0.01332071973955,0.0269925712530549,0.20196811810815,0.325917530261359
"cpi_growth","debt_growth",10,0.111170772104036,0.0776167334078374,0.0136461221036692,0.0275962531959746,0.200967964499531,0.323963858888698
"cpi_growth","debt_growth",11,0.111247034597632,0.0784473327835825,0.0141259305325464,0.0281612245155552,0.200094769046667,0.322425182533387
"cpi_growth","debt_growth",12,0.111327385174049,0.0785443677919284,0.0145040301692108,0.0284283614155542,0.19994888113126,0.321472098540263
"cpi_growth","debt_growth",13,0.1113766905248,0.0788978814072732,0.0147855914691886,0.0288554283293973,0.199756819235322,0.320460250955078
"cpi_growth","debt_growth",14,0.111416111313469,0.0790608114496974,0.0149962180988104,0.029066653943811,0.199683460640635,0.31948526507425
"cpi_growth","debt_growth",15,0.111436997487921,0.0792537577800881,0.0151892786946201,0.0292878361264149,0.199663076638569,0.318712371368014
"cpi_growth","debt_growth",16,0.111449068593733,0.0794208687425572,0.0154019214930533,0.029554748117561,0.19981413849967,0.317961075757845
"cpi_growth","debt_growth",17,0.111455899113978,0.0796477426630884,0.0155883455324327,0.0297520125500492,0.199451096542176,0.316709435889181
"cpi_growth","debt_growth",18,0.111461307514426,0.0797656756047848,0.0157073095843035,0.0299356810461786,0.199092479758734,0.31645371758656
"cpi_growth","debt_growth",19,0.111468580138706,0.0799672314853443,0.0158700700273789,0.030155693195838,0.198734608804358,0.315754474584784
"cpi_growth","debt_growth",20,0.111477838432853,0.08004159204976,0.0159971914108151,0.0303870323146078,0.198434343638432,0.315119676281511
"cpi_growth","debt_growth",21,0.111490698824608,0.0801099609959827,0.0161381818970942,0.0305188501601541,0.198196867601089,0.314782390748377
"cpi_growth","real_house_price_growth",1,0.11003928962271,0.0581490618241804,0.000538343250412312,0.00532243538770116,0.227982879809549,0.397002851002571
"cpi_growth","real_house_price_growth",2,0.111272485749249,0.0646223892759193,0.00379183690290493,0.0129505816703251,0.220332339398728,0.377067455716676
"cpi_growth","real_house_price_growth",3,0.110598382115933,0.0652168703339388,0.00590065340858385,0.0157787393189789,0.21780127159692,0.369011727516742
"cpi_growth","real_house_price_growth",4,0.110860481304436,0.0688788635111,0.00788299063690191,0.0193540177776067,0.212170192968692,0.356401679270887
"cpi_growth","real_house_price_growth",5,0.110433086244512,0.0696556573478295,0.00987275503287599,0.0214652109388503,0.209960616937605,0.348370446639794
"cpi_growth","real_house_price_growth",6,0.110525366234554,0.0723305597123665,0.01119920110059,0.0236089544754886,0.206455997345173,0.339816924936625
"cpi_growth","real_house_price_growth",7,0.110434130507279,0.0735960407762097,0.0121348112925316,0.0250853503922376,0.204167967376199,0.333880622143039
"cpi_growth","real_house_price_growth",8,0.110494989425283,0.0750508871430685,0.0128598173887595,0.0260140169182637,0.20301794971961,0.330046599772983
"cpi_growth","real_house_price_growth",9,0.110511414731284,0.0758637109015176,0.0135640807669302,0.0271281105764328,0.200875776659406,0.325854836278179
"cpi_growth","real_house_price_growth",10,0.110580954396525,0.0767899393818932,0.0139334099991376,0.0276844684455045,0.200466515442563,0.323862964051633
"cpi_growth","real_house_price_growth",11,0.110641919297158,0.077368297218739,0.0143942875727272,0.0284024381588076,0.20001806523387,0.321537611614106
"cpi_growth","real_house_price_growth",12,0.11068191607106,0.0774457691141657,0.0146758490061602,0.0286734811558166,0.199920229664851,0.321414162607784
"cpi_growth","real_house_price_growth",13,0.11073034001508,0.0778423746825073,0.0150422764331609,0.0290607711940987,0.199442575806642,0.320769821395163
"cpi_growth","real_house_price_growth",14,0.110753361994073,0.0780135988485502,0.0152218418222627,0.0292699342060075,0.199398506101575,0.319976531608247
"cpi_growth","real_house_price_growth",15,0.110780814938772,0.0783238516571064,0.0155321308963282,0.0295148408865654,0.198759891391563,0.319210440404355
"cpi_growth","real_house_price_growth",16,0.110786151983135,0.0784753706306498,0.0156683261730628,0.0297571957425697,0.198809735965522,0.318794057124432
"cpi_growth","real_house_price_growth",17,0.110802822549149,0.078716161901015,0.015891250566078,0.0299847400123158,0.198568629823503,0.317772068050905
"cpi_growth","real_house_price_growth",18,0.110807188050486,0.0788409019854017,0.0160458775396175,0.030134259724367,0.198335588184755,0.31711876122077
"cpi_growth","real_house_price_growth",19,0.110821408363031,0.0789957914855536,0.0161588391464256,0.0303599392769025,0.1980566263064,0.316617305454883
"cpi_growth","real_house_price_growth",20,0.110828407071778,0.0791059401808957,0.016288729968634,0.0305709176585682,0.197750968944539,0.316027678505345
"cpi_growth","real_house_price_growth",21,0.110843310516936,0.0793105062549161,0.0163933713152118,0.0307835908495029,0.19756248690179,0.315303287434256
"cpi_growth","asset_liability_ratio",1,0.11058850435667,0.057982446224712,0.000514065511220603,0.00536650611855684,0.229547689991035,0.396850150523754
"cpi_growth","asset_liability_ratio",2,0.111329528080445,0.0647187355280291,0.00367196686376977,0.0130711832766673,0.223000474814529,0.377504121723714
"cpi_growth","asset_liability_ratio",3,0.110593568998658,0.0652232106544246,0.00589694512528838,0.0158077640563721,0.218991609788397,0.367686693976614
"cpi_growth","asset_liability_ratio",4,0.110877907348442,0.069257237019326,0.00819343287573759,0.0193545317283977,0.213862868112803,0.355333439346577
"cpi_growth","asset_liability_ratio",5,0.11036259517222,0.0696104947463526,0.00978770383998883,0.0214079786774227,0.210675401503812,0.347685325642148
"cpi_growth","asset_liability_ratio",6,0.11041708886225,0.0724815856215319,0.0111422355516054,0.023317951848382,0.207732285052352,0.340674544039215
"cpi_growth","asset_liability_ratio",7,0.110265011880099,0.0736542316927574,0.0121212146375973,0.0248935078867271,0.205296460221813,0.334130355580724
"cpi_growth","asset_liability_ratio",8,0.110383187961886,0.0750244937874825,0.0128505232113518,0.0259095751973535,0.20399815201671,0.330102779433676
"cpi_growth","asset_liability_ratio",9,0.110383482690969,0.0760850037544202,0.0134412187397809,0.0269254911762114,0.202716342787303,0.325920390569945
"cpi_growth","asset_liability_ratio",10,0.110496821112951,0.0767479673619773,0.0138282356335061,0.0274898090443666,0.202274830385448,0.324128134388989
"cpi_growth","asset_liability_ratio",11,0.110558298770992,0.0772737442381106,0.0143003008184606,0.0280885703946076,0.201554078757876,0.322123327170387
"cpi_growth","asset_liability_ratio",12,0.110622539219973,0.0773445883010195,0.0145705611384147,0.0284041456470278,0.201356640369281,0.321931691051101
"cpi_growth","asset_liability_ratio",13,0.11066888135879,0.0778030472068105,0.0148706775691994,0.0288199995945677,0.201180885065186,0.321078336678855
"cpi_growth","asset_liability_ratio",14,0.110698909126629,0.0779744610712777,0.0150928818224805,0.0290961407575968,0.200761585432243,0.320403963352116
"cpi_growth","asset_liability_ratio",15,0.110727556816271,0.0781310417914872,0.0152840596352955,0.0293754200526919,0.200345574240608,0.319461863375058
"cpi_growth","asset_liability_ratio",16,0.1107318661694,0.0782922031459746,0.0154463145928055,0.0296983246849576,0.200148001746642,0.31912595020068
"cpi_growth","asset_liability_ratio",17,0.110748082849663,0.0785501099961175,0.0155903910995435,0.0299657113952841,0.199867834679567,0.318578297455716
"cpi_growth","asset_liability_ratio",18,0.110748273736588,0.0786069536957748,0.0158179435425378,0.0301037158054958,0.199858037008735,0.31799026942961
"cpi_growth","asset_liability_ratio",19,0.110759707858469,0.078751624564215,0.0159920662421494,0.0303004618111496,0.199672234405634,0.317574162874582
"cpi_growth","asset_liability_ratio",20,0.110758550679459,0.0789023619908034,0.0161177713722248,0.0304567330461106,0.199435834382612,0.316741340080407
"cpi_growth","asset_liability_ratio",21,0.110766485443537,0.0790179893308055,0.0162680309098087,0.0306293433514472,0.199150314175306,0.31637640217715
"saving_rate","gdp_growth",1,0.110661751162869,0.0590944299002764,0.000475022345151731,0.00541696252926659,0.228582916005173,0.397720018058316
"saving_rate","gdp_growth",2,0.110868504854719,0.0620278602577884,0.00276196297386931,0.0102938659874794,0.224390862111347,0.385374698102744
"saving_rate","gdp_growth",3,0.110904929503662,0.0636697497170257,0.00441351907031386,0.013012418177769,0.220923193891851,0.378400646225833
"saving_rate","gdp_growth",4,0.11089493619637,0.0647539283506706,0.00531885017485935,0.014504016296856,0.21808002369557,0.373231953599144
"saving_rate","gdp_growth",5,0.1109220911933,0.0653790360132653,0.00613013901323866,0.0155064078418075,0.216577917880947,0.371071319424648
"saving_rate","gdp_growth",6,0.110905889260482,0.0659113002179552,0.00658643005300714,0.0161670938123428,0.216361974593199,0.367846594888706
"saving_rate","gdp_growth",7,0.110879885510115,0.0664848942158852,0.00690817625513378,0.0167405027596659,0.215973485912715,0.365793176980757
"saving_rate","gdp_growth",8,0.11082973223211,0.0670570615022263,0.00721922043660601,0.0172988495537767,0.214857998054726,0.363422821458944
"saving_rate","gdp_growth",9,0.110768366278644,0.067486748766401,0.00751460426258829,0.0177512333768731,0.21398100453939,0.360907372954698
"saving_rate","gdp_growth",10,0.110699803850577,0.0678131710195206,0.007895147295543,0.0182960727519042,0.213043787462264,0.360232161100148
"saving_rate","gdp_growth",11,0.11064660374173,0.0681640927383543,0.00823682013268678,0.0187380686023701,0.212581702997091,0.358415778065501
"saving_rate","gdp_growth",12,0.110599677443255,0.0685488431736002,0.00850079792317278,0.0191593703951046,0.211555350828042,0.35716933190193
"saving_rate","gdp_growth",13,0.110567809694634,0.0690603381001919,0.00878414641550798,0.0195609208960474,0.209977283472846,0.354221130250283
"saving_rate","gdp_growth",14,0.110544062193568,0.0692253487768616,0.00905329706474983,0.0200982980464961,0.209341026070866,0.3523759197553
"saving_rate","gdp_growth",15,0.110531626783212,0.0698342507542359,0.00925426971913767,0.0205129313903299,0.208881790496209,0.350742685536226
"saving_rate","gdp_growth",16,0.110522282788147,0.0703896009967594,0.00943371509758186,0.0208793012118756,0.208429295998548,0.348740603848071
"saving_rate","gdp_growth",17,0.110518134224402,0.0707094765235673,0.00959741639735732,0.0211898756772009,0.208708598962131,0.347202744165725
"saving_rate","gdp_growth",18,0.110514811949988,0.0711049141758032,0.0096758516588353,0.0214301796480285,0.208113862385041,0.346391150108482
"saving_rate","gdp_growth",19,0.110513574495486,0.0714707919189977,0.00972784284391679,0.0216901056859839,0.207562984671073,0.345424036288948
"saving_rate","gdp_growth",20,0.110511302546511,0.0717153299366952,0.00977093209143095,0.0218479574223588,0.207526656169978,0.344135247799687
"saving_rate","gdp_growth",21,0.110509862441682,0.0719170550782391,0.00983903442614941,0.0218327681840834,0.207149927156501,0.34392931712151
"saving_rate","consumption_growth",1,0.112449475112627,0.0593874901310246,0.000550915919533388,0.00551242579395336,0.232867207527408,0.401549396709736
"saving_rate","consumption_growth",2,0.112442720930206,0.0629640585631157,0.00278551242847443,0.0104922038703849,0.226620183814521,0.388636087856141
"saving_rate","consumption_growth",3,0.112302295768832,0.0644265476199051,0.0044396990753491,0.0130434926799043,0.223318828470034,0.382008361864708
"saving_rate","consumption_growth",4,0.112345489004291,0.065482555212401,0.00534623255190437,0.0145878238325618,0.221372213194818,0.376246079090242
"saving_rate","consumption_growth",5,0.112289156841444,0.0659687822450661,0.0061367075920129,0.0155161203027535,0.220621423526086,0.372587182236709
"saving_rate","consumption_growth",6,0.11226814808727,0.0667856920417289,0.00658514167307988,0.0163141708425441,0.220043790972509,0.369748340325388
"saving_rate","consumption_growth",7,0.112231897709359,0.067038638649579,0.00692266376095148,0.0169091240304212,0.219526149774745,0.366699297485277
"saving_rate","consumption_growth",8,0.112189052969021,0.0675241202570377,0.00714554499922897,0.0173383803947771,0.21841292674909,0.365365574592548
"saving_rate","consumption_growth",9,0.112148572604806,0.06786395480641,0.00745074855781891,0.0178829037872939,0.21758312059739,0.363469386656858
"saving_rate","consumption_growth",10,0.112120469066943,0.0682986640842723,0.00774950496683678,0.0183115471975747,0.216762018069204,0.363133386526082
"saving_rate","consumption_growth",11,0.112109080754656,0.0689730802505876,0.00806663027102443,0.018846877820914,0.216325383673365,0.36244157410922
"saving_rate","consumption_growth",12,0.11211343842511,0.0694136980815829,0.0083012367376016,0.0193460597970751,0.21519814143676,0.361114800760175
"saving_rate","consumption_growth",13,0.112133611453114,0.0699877522614946,0.00858968271521244,0.0198716566479547,0.214159233238859,0.360043314914378
"saving_rate","consumption_growth",14,0.112163816890074,0.0704490909515767,0.0088770246898578,0.0203561100189782,0.213552670435326,0.35908726350603
"saving_rate","consumption_growth",15,0.112200871734205,0.0710134839724851,0.00912341928801772,0.0208055880463835,0.212696351582336,0.358289972351324
"saving_rate","consumption_growth",16,0.112239946247023,0.0715056002946812,0.0092800438246218,0.0211167747016259,0.211935638050127,0.356755851305606
"saving_rate","consumption_growth",17,0.112278425197251,0.0721727804009775,0.00947174137146051,0.0213654054966939,0.212003043408282,0.355542452169502
"saving_rate","consumption_growth",18,0.112313043456099,0.0725245538360938,0.0095442030314108,0.0216188171945406,0.212233909749712,0.354355031803888
"saving_rate","consumption_growth",19,0.112342516546802,0.072716142944822,0.00957722843456387,0.0217348461846648,0.212132202339682,0.353481000601553
"saving_rate","consumption_growth",20,0.112366095069441,0.0728864175783398,0.00961472314870024,0.021791716503386,0.211896971669278,0.35258921595395
"saving_rate","consumption_growth",21,0.1123843122875,0.0729563149595741,0.00969657729307383,0.0218120775311763,0.21184300975379,0.352936360767128
"saving_rate","cpi_growth",1,0.112398770224805,0.0594772553688962,0.000512668628213918,0.00552897487114178,0.23405904936639,0.404618879570854
"saving_rate","cpi_growth",2,0.112366789001744,0.0626926762086059,0.00265429201299693,0.0104603662512115,0.228439215872384,0.388502598280731
"saving_rate","cpi_growth",3,0.112407845533404,0.0643247427654607,0.00430938132547263,0.0132639050847048,0.225272987085814,0.381727431572303
"saving_rate","cpi_growth",4,0.112567833163719,0.0657712547325942,0.0052304683172736,0.0146475222907301,0.223573262689799,0.375824939655869
"saving_rate","cpi_growth",5,0.112729092592225,0.0664654582049899,0.00603962647951934,0.0156372275615154,0.222985117659896,0.372646147993559
"saving_rate","cpi_growth",6,0.112851913240012,0.066857055514225,0.00644134885099606,0.0162762472044063,0.221615903132195,0.369666712130275
"saving_rate","cpi_growth",7,0.112932227418375,0.067481615503124,0.00696692698565452,0.0169741091257349,0.221104362514756,0.368216499687992
"saving_rate","cpi_growth",8,0.112957885022361,0.0679335704177998,0.00729239722349785,0.0175103741632224,0.220595638497955,0.365977293810916
"saving_rate","cpi_growth",9,0.112971603740095,0.0685612482291283,0.00763014501923508,0.0179172988291533,0.219839485187457,0.365275608276507
"saving_rate","cpi_growth",10,0.112972739709379,0.0689015748223996,0.00797965186672558,0.0184593300138433,0.218855908623649,0.363307019210157
"saving_rate","cpi_growth",11,0.112981454778917,0.0695146446277587,0.00829092856909421,0.0190624855189468,0.218623841722377,0.362552039722388
"saving_rate","cpi_growth",12,0.112993969511315,0.069747796591912,0.00864923831382122,0.0195837463323174,0.218311911729261,0.361136227081594
"saving_rate","cpi_growth",13,0.113022275377684,0.0705681330891347,0.00896003222909409,0.0200229916186691,0.217380846740681,0.359977491343303
"saving_rate","cpi_growth",14,0.113055444616136,0.0714085558549388,0.00921939296306591,0.0204698251365593,0.216212506024663,0.357791359544505
"saving_rate","cpi_growth",15,0.113096437191306,0.0721053203144925,0.00940625462198378,0.0208901431878487,0.215390473423666,0.355445854023028
"saving_rate","cpi_growth",16,0.113138687578489,0.0726625666962301,0.00955888801406143,0.0212677611509066,0.215249079770049,0.353576514342752
"saving_rate","cpi_growth",17,0.113184675242532,0.0732225446398421,0.0097139086808851,0.0215677727589582,0.214452621065884,0.352594811668753
"saving_rate","cpi_growth",18,0.113228102722493,0.0738633648920927,0.00979012178724039,0.0217024048932493,0.214001300015023,0.351222247208005
"saving_rate","cpi_growth",19,0.113269970251465,0.0739871705999966,0.00983355162069051,0.0218879130097202,0.213920433134008,0.349651123953542
"saving_rate","cpi_growth",20,0.113307636045236,0.0740510052010477,0.00997903655131649,0.0220293999898003,0.213232210617886,0.349527410481833
"saving_rate","cpi_growth",21,0.113343160964049,0.0741813699723638,0.0100267875886398,0.0220364386738339,0.213038801182786,0.349552793402874
"saving_rate","saving_rate",1,0.110880811333604,0.0587250316938928,0.000533150750962399,0.00531334241291449,0.230727121110841,0.395422509123232
"saving_rate","saving_rate",2,0.110980192429158,0.0617125465260362,0.00258144139820409,0.0101508350026986,0.224376523200457,0.384386547615109
"saving_rate","saving_rate",3,0.111108039757394,0.0636609875881249,0.00438924084977466,0.0128740198377755,0.22191069492182,0.379523283364586
"saving_rate","saving_rate",4,0.111110073360843,0.0647670095705754,0.00538372667128687,0.0144448364918958,0.219944030097923,0.373500306563532
"saving_rate","saving_rate",5,0.111142066891261,0.0649935059394256,0.0061026465667207,0.0154587423063879,0.21822122249508,0.370225654739987
"saving_rate","saving_rate",6,0.111138731295518,0.0656560758490699,0.00657667363119053,0.0160552043571222,0.217661976760262,0.367831479280748
"saving_rate","saving_rate",7,0.111099587706441,0.0663153309063805,0.00701233817391127,0.0165820374845109,0.216756756504967,0.365683957978416
"saving_rate","saving_rate",8,0.111019021524344,0.066482799165576,0.00729959713481029,0.0169980272484689,0.216071886314284,0.363414613507636
"saving_rate","saving_rate",9,0.110952137610546,0.0670024947954296,0.00762588299744339,0.0175195735737831,0.215523800681862,0.36128623113983
"saving_rate","saving_rate",10,0.110902044767129,0.0674087792055338,0.00798445478028997,0.0179906300980943,0.214253637464273,0.359693699990311
"saving_rate","saving_rate",11,0.110877934481129,0.0677168846247133,0.00832521501086642,0.0185272260942005,0.213986228316678,0.359108024570827
"saving_rate","saving_rate",12,0.110867690233829,0.0681879012471941,0.00861744916020657,0.019070807083472,0.213409505511823,0.357014232253294
"saving_rate","saving_rate",13,0.110877500472196,0.068794691016645,0.00890612861595253,0.0195889972396061,0.212601410470377,0.35500360454582
"saving_rate","saving_rate",14,0.110899786828842,0.0695929799667646,0.00914738054710709,0.020117619059978,0.211770496147074,0.353854469953226
"saving_rate","saving_rate",15,0.110930031915662,0.0701697321550115,0.00932254862186697,0.0206584482505823,0.210793836501462,0.351649892304217
"saving_rate","saving_rate",16,0.11096142369271,0.0707083447836664,0.00955809286177841,0.0209938309444485,0.209631622998275,0.349303795539295
"saving_rate","saving_rate",17,0.110993081450024,0.0710485347955595,0.00970417423141973,0.0212066179146495,0.209209617378511,0.348120661661346
"saving_rate","saving_rate",18,0.111022925409989,0.0713568204854508,0.00976635784440978,0.0215064296575489,0.2088099987735,0.347144973352726
"saving_rate","saving_rate",19,0.111049964088921,0.0717270273767725,0.00985510165655096,0.0216694145339286,0.208536879077095,0.346692565507737
"saving_rate","saving_rate",20,0.111073214618809,0.0720005910901689,0.00992291798644244,0.0218092042042929,0.20814177810129,0.345572244013578
"saving_rate","saving_rate",21,0.111092980118442,0.0721820605220185,0.0100214582312742,0.0219117285296683,0.208344337236063,0.345849851343451
"saving_rate","policy_rate",1,0.109022517760779,0.0571855897095243,0.000502749849130699,0.00522217356728345,0.225491725909048,0.394458391201312
"saving_rate","policy_rate",2,0.109228412608815,0.0596753702161031,0.00264330681162628,0.0101005042778671,0.220584079052128,0.379690056674235
"saving_rate","policy_rate",3,0.109354048006106,0.0611489019156586,0.00415595830106941,0.0123552019078726,0.220407788362984,0.370985714236575
"saving_rate","policy_rate",4,0.109162843851334,0.0624023321727325,0.00510610109358738,0.013679719314689,0.21797421466268,0.366181544147649
"saving_rate","policy_rate",5,0.108873448502747,0.0630524055398041,0.0058059642077629,0.0147076415310807,0.215879462275906,0.362698676366788
"saving_rate","policy_rate",6,0.108713667932024,0.0636702225517017,0.00637284451304437,0.0153392696761197,0.215215249372754,0.359535087909964
"saving_rate","policy_rate",7,0.108732690255225,0.0644065892613906,0.00678997893740021,0.0159274458018561,0.213138783863673,0.357972559869282
"saving_rate","policy_rate",8,0.108928911420962,0.0651209886044724,0.00729692545155197,0.0166888815153308,0.213009748944393,0.357686028822844
"saving_rate","policy_rate",9,0.109132649159381,0.0657574334569193,0.00758686291812859,0.0172197686047062,0.213470677327927,0.357258132204329
"saving_rate","policy_rate",10,0.1092680786455,0.0663156277666714,0.0077922830934416,0.0176516089981281,0.21306459541159,0.356621496724735
"saving_rate","policy_rate",11,0.109261151025844,0.066534101105711,0.0079188717712308,0.0179266112451958,0.212532651584123,0.35494892693256
"saving_rate","policy_rate",12,0.109134982037099,0.0667576346943125,0.00804743290527331,0.018159744570286,0.211987791641047,0.353684857202931
"saving_rate","policy_rate",13,0.108870486802449,0.0669229450839392,0.00817830304486397,0.0182881683179976,0.210891996535937,0.35195920365749
"saving_rate","policy_rate",14,0.108518080126429,0.0666027664171241,0.00827270061370367,0.0184707596498784,0.209116908212035,0.350827509205074
"saving_rate","policy_rate",15,0.108107600230655,0.0666467916046246,0.00831967520684375,0.0186083548821016,0.207244084415003,0.348460771155961
"saving_rate","policy_rate",16,0.107686944763596,0.0665694831246196,0.00843803714385341,0.0186676722836445,0.205833749191285,0.346745930232134
"saving_rate","policy_rate",17,0.10727289043939,0.0663790850311835,0.00847563006806867,0.0187092616237512,0.204918725638541,0.344401209247702
"saving_rate","policy_rate",18,0.10688829776456,0.0663362036633049,0.00847093342017874,0.0187748700332397,0.203872982161543,0.343522341620227
"saving_rate","policy_rate",19,0.106538443199371,0.0662864868925063,0.00849470037603225,0.0188277622352196,0.203418923125097,0.341352033122364
"saving_rate","policy_rate",20,0.106229593233166,0.0661415798070452,0.00852538448216573,0.0188155990859893,0.202357014912636,0.340502254531614
"saving_rate","policy_rate",21,0.105957557914315,0.0661717332326159,0.00848972402124648,0.0188926397152976,0.201402821979657,0.340221927311749
"saving_rate","interest_burden",1,0.111410303286158,0.0597455028894992,0.000550982524994143,0.00541807161646757,0.228986793581253,0.39741951563648
"saving_rate","interest_burden",2,0.111095531728396,0.06219140116434,0.0028081523513511,0.0104061103392858,0.223603298886572,0.384671425281391
"saving_rate","interest_burden",3,0.110927785495178,0.0634479332177745,0.004422962582584,0.0130113499753459,0.219819997518248,0.378692762781663
"saving_rate","interest_burden",4,0.110797820556504,0.0644941522729746,0.00538146838180835,0.0145363655396052,0.218526464854511,0.375086943940956
"saving_rate","interest_burden",5,0.110786202330243,0.0648343588517495,0.00616483517245206,0.015529081956345,0.216876577483546,0.371575431477728
"saving_rate","interest_burden",6,0.1107847357069,0.0654474409638759,0.00670701360796018,0.016105507330843,0.215973848487433,0.369010723112491
"saving_rate","interest_burden",7,0.110776289944942,0.0659355430958246,0.00707521230158529,0.0167016083964374,0.215754406291682,0.367363908527553
"saving_rate","interest_burden",8,0.110767723368224,0.0665450471516861,0.00730527473428063,0.0172547692893365,0.2149152088217,0.365796205337395
"saving_rate","interest_burden",9,0.110767035013942,0.066879896103395,0.00759742425617081,0.0177310859407849,0.213557718436251,0.364923485444531
"saving_rate","interest_burden",10,0.110784734053998,0.0670475189964282,0.0079071674781214,0.0183004827626757,0.213516486255228,0.362850117588731
"saving_rate","interest_burden",11,0.110818502432517,0.0676947600925372,0.00822985286342463,0.0189212712183044,0.212844906119576,0.362361423550001
"saving_rate","interest_burden",12,0.110872705634639,0.0678823450454625,0.0085007167751209,0.0193969541856115,0.212261538701225,0.360229745835798
"saving_rate","interest_burden",13,0.11094037507608,0.0683430874934691,0.0088459362072057,0.01974722689687,0.212305402701668,0.35773566778624
"saving_rate","interest_burden",14,0.111018641133187,0.0686105250649131,0.00900880970621514,0.0201517994041552,0.211200500481941,0.356537648114298
"saving_rate","interest_burden",15,0.111096309772852,0.0692771018070837,0.00923200864650538,0.0205827058680549,0.210892940075822,0.355474441606071
"saving_rate","interest_burden",16,0.111173108520125,0.069541029850677,0.00944716191428936,0.0209229388531881,0.210368234626812,0.35321754659614
"saving_rate","interest_burden",17,0.111243356143078,0.0699996445655683,0.00953574636263142,0.0211079759095382,0.210569482817112,0.350780853264727
"saving_rate","interest_burden",18,0.111309556952054,0.0704454628686242,0.00964528018956046,0.0212584188178677,0.210520275035533,0.349747115197809
"saving_rate","interest_burden",19,0.111369102091615,0.0707915797537937,0.0097422752233696,0.0214043419114466,0.210240228870878,0.348957191105522
"saving_rate","interest_burden",20,0.11142522591348,0.0710046731762645,0.00980144365015358,0.0214935358353423,0.210688883597233,0.347941415264304
"saving_rate","interest_burden",21,0.111476161189305,0.0710941297810397,0.00976948370557438,0.0216023506624055,0.210800325056747,0.34812123732746
"saving_rate","debt_growth",1,0.111878446995747,0.0598882400638881,0.000558064436573682,0.00559351201570867,0.233574870932043,0.399811384054405
"saving_rate","debt_growth",2,0.111840841237807,0.0620874427160208,0.00285251024846876,0.0104614666407467,0.227021377880677,0.386401684129974
"saving_rate","debt_growth",3,0.111744667473817,0.06348440149786,0.00438642634838952,0.0129940375100582,0.223928857467952,0.377974288125062
"saving_rate","debt_growth",4,0.111717487471442,0.0649073801660519,0.00533429006541074,0.0143752050185676,0.222480470136861,0.375592217835403
"saving_rate","debt_growth",5,0.111755226422817,0.0655636795947993,0.00607083083491427,0.0152160231904878,0.221716013464145,0.372047708994343
"saving_rate","debt_growth",6,0.111804239272826,0.0662302897851904,0.00666149635781671,0.0157876472341166,0.22051170898852,0.369606630699078
"saving_rate","debt_growth",7,0.11182287125662,0.0667921003311081,0.00695354574330757,0.0163303056162404,0.219889304285375,0.367428367502114
"saving_rate","debt_growth",8,0.11182917760198,0.0672302247413093,0.00723716549501459,0.0168437747983592,0.218589759280083,0.365904461552236
"saving_rate","debt_growth",9,0.111827123771509,0.0676949846133871,0.00752626903616798,0.0174460722076338,0.217598234054437,0.364436217342992
"saving_rate","debt_growth",10,0.11183961643303,0.0679429209503332,0.00789009173703347,0.0180289347908587,0.216863802210863,0.361842056495911
"saving_rate","debt_growth",11,0.111868968794727,0.0683524967732908,0.00822689988775099,0.0184604627044411,0.216469058972757,0.361068220637599
"saving_rate","debt_growth",12,0.111918627599543,0.0687379766609964,0.00856685287450597,0.0189827094192069,0.215517175484533,0.358713160006088
"saving_rate","debt_growth",13,0.111988703008174,0.0694483783103573,0.00887642066122025,0.0194144710354013,0.214567820582382,0.357633657573668
"saving_rate","debt_growth",14,0.112075529582863,0.069955226405512,0.00907221863573169,0.0199128031880328,0.214152648187565,0.35575194704659
"saving_rate","debt_growth",15,0.112171038551355,0.0705862264684254,0.00926085880677895,0.0203751468594253,0.213920573395387,0.354094159466024
"saving_rate","debt_growth",16,0.112267733701858,0.0711127642166901,0.00946417676166241,0.0206777002957452,0.213671304941721,0.353678296277816
"saving_rate","debt_growth",17,0.112359759409869,0.0717586971286117,0.009572150051343,0.0209710210907437,0.212915590578044,0.353503285387605
"saving_rate","debt_growth",18,0.11244404613888,0.0722336406230456,0.00969556729369347,0.0211467187442455,0.212498786450875,0.354454702239892
"saving_rate","debt_growth",19,0.112518891166277,0.0725773388527594,0.00977281173898807,0.0212261644869736,0.212556649471257,0.353395064461463
"saving_rate","debt_growth",20,0.112583825916905,0.0727015694266962,0.00979713560677936,0.0213100873167928,0.212681041341872,0.353637759704133
"saving_rate","debt_growth",21,0.112639325595803,0.0730262632842804,0.00988414145709191,0.0214202305945511,0.212649020524282,0.35374542139278
"saving_rate","real_house_price_growth",1,0.110411971017551,0.0583820889736695,0.000569758895178868,0.00555241739398983,0.229229816584377,0.395639504917371
"saving_rate","real_house_price_growth",2,0.110437628490853,0.0616582859232231,0.00275762092009183,0.0102814820919827,0.225023696745849,0.380606662791244
"saving_rate","real_house_price_growth",3,0.110554606108334,0.0634335307099912,0.0043040866244099,0.0128169005907189,0.223012108514523,0.374853503686715
"saving_rate","real_house_price_growth",4,0.110717967269276,0.0649009217419475,0.00515931061942551,0.0142931099702471,0.220835160849229,0.368904289697398
"saving_rate","real_house_price_growth",5,0.11082750853363,0.0656533637691196,0.00593724198863832,0.0151870857025508,0.221403646616904,0.364987825314812
"saving_rate","real_house_price_growth",6,0.110889387516102,0.0659990518361231,0.00640329902179416,0.0158331213583461,0.219807049205622,0.363272555933111
"saving_rate","real_house_price_growth",7,0.110930699961938,0.0662816645124305,0.0067816503801831,0.0164423616020817,0.21864450532533,0.359212929598906
"saving_rate","real_house_price_growth",8,0.110946182664121,0.0665197415827409,0.00716402944714058,0.0169362117339166,0.217994343588134,0.359013457666364
"saving_rate","real_house_price_growth",9,0.110961613892588,0.0668454316722354,0.0074575838211631,0.0174804983323768,0.217572968435133,0.358213450829767
"saving_rate","real_house_price_growth",10,0.110990407495022,0.0675247892277935,0.00778580777623076,0.0179244637013925,0.216685089184317,0.358518214659709
"saving_rate","real_house_price_growth",11,0.111039960380925,0.068213194526802,0.0080821516599388,0.0183302036948455,0.216168861990855,0.357585611278774
"saving_rate","real_house_price_growth",12,0.11110347837829,0.068817103572939,0.00841526069678544,0.0189305583515715,0.215185709600769,0.355894447215574
"saving_rate","real_house_price_growth",13,0.111183314279144,0.0693440118810127,0.00874018815375748,0.0193250279028821,0.214635212571376,0.354136698410746
"saving_rate","real_house_price_growth",14,0.111274048244937,0.0700687496074494,0.00901760061328208,0.0198299860235391,0.214119020282434,0.353348561777814
"saving_rate","real_house_price_growth",15,0.111372397507447,0.0704363101429064,0.00919966076879126,0.0202702081972578,0.213293121870501,0.352279993395056
"saving_rate","real_house_price_growth",16,0.111470588982317,0.070820445400187,0.00934655301795442,0.0206651830006237,0.212501715513058,0.35113242796366
"saving_rate","real_house_price_growth",17,0.11156594668987,0.071426938410713,0.00948584293833292,0.0210244426531905,0.21188801985563,0.349859956473698
"saving_rate","real_house_price_growth",18,0.111655012183164,0.0718770543994504,0.00957050895026291,0.0211883583197993,0.211536419236322,0.347925922142156
"saving_rate","real_house_price_growth",19,0.111736709751312,0.0722092216170433,0.00964185927788524,0.02137212190795,0.21148618422526,0.348101422733324
"saving_rate","real_house_price_growth",20,0.111809469522593,0.0725758594106621,0.00973169144147015,0.0214723426144696,0.21133667853547,0.347033608514045
"saving_rate","real_house_price_growth",21,0.111873603544134,0.0725492452944159,0.00981196443785456,0.0216177508798541,0.211526780668328,0.346475704543819
"saving_rate","asset_liability_ratio",1,0.110885953105861,0.0593961318869355,0.000553948679223461,0.00560865183549461,0.229051762357635,0.395229970332865
"saving_rate","asset_liability_ratio",2,0.110739378718301,0.0617487171418282,0.00292910213392674,0.0104401703917355,0.223060163591784,0.384274777889473
"saving_rate","asset_liability_ratio",3,0.110695782353273,0.0637947288634843,0.00450013176785276,0.0128517571014328,0.220253780141249,0.376729201021533
"saving_rate","asset_liability_ratio",4,0.110685549126222,0.0649731712108591,0.00534061809516448,0.0142276359530906,0.218916360727912,0.372768332282335
"saving_rate","asset_liability_ratio",5,0.110675206692332,0.065519524092074,0.00615135565503268,0.0152292553983913,0.217180165104393,0.370093266457699
"saving_rate","asset_liability_ratio",6,0.110643287688866,0.0661941525755319,0.00649725335817106,0.0158621890212063,0.21614916561184,0.364528483444301
"saving_rate","asset_liability_ratio",7,0.110593850236985,0.0664863506345986,0.00680185415656316,0.0165068127841282,0.215521183713677,0.363222632595658
"saving_rate","asset_liability_ratio",8,0.110532313196877,0.0668528670803881,0.00706349732928887,0.0170229664521776,0.214580380494693,0.361969986133664
"saving_rate","asset_liability_ratio",9,0.110470897928488,0.06701732591498,0.00738188063457463,0.0174447846698245,0.214275924010615,0.360155641663791
"saving_rate","asset_liability_ratio",10,0.110422105978423,0.0671388276863759,0.00769310789401321,0.0178699936026952,0.213036775134815,0.357923098841396
"saving_rate","asset_liability_ratio",11,0.110396343609553,0.0674547079861361,0.00805201475243863,0.0183612572445734,0.212992786743942,0.355437508022319
"saving_rate","asset_liability_ratio",12,0.110395430736919,0.0679599920071968,0.00833529522242873,0.0188116124950828,0.21189261422944,0.353992462898709
"saving_rate","asset_liability_ratio",13,0.110415923836524,0.068636203938006,0.00864739432214466,0.0194077899365986,0.210368821839039,0.352941168696263
"saving_rate","asset_liability_ratio",14,0.110450590383963,0.0690013034797699,0.00889257195483408,0.0198167750526514,0.21000056488104,0.35054200190769
"saving_rate","asset_liability_ratio",15,0.110493686313306,0.0696646966337649,0.00908590395869314,0.0202814233651692,0.209785833346448,0.349863990881747
"saving_rate","asset_liability_ratio",16,0.110539283725736,0.0704042895789523,0.00922521947036593,0.0206575274142426,0.209046812439058,0.347333873881689
"saving_rate","asset_liability_ratio",17,0.110583731203584,0.070825777743751,0.00932998852209297,0.0209577359506281,0.208739813556326,0.345979438165467
"saving_rate","asset_liability_ratio",18,0.110624203422772,0.0713246279588705,0.00936854432387362,0.0211073086583616,0.208131210505282,0.345007096049272
"saving_rate","asset_liability_ratio",19,0.110660828408751,0.0717090689905198,0.00943766212399726,0.0212660984394657,0.207712997908243,0.34455924204152
"saving_rate","asset_liability_ratio",20,0.11069363713386,0.07187519567648,0.00948711858354481,0.0213196123433522,0.207922549999051,0.344750342792929
"saving_rate","asset_liability_ratio",21,0.11072303594477,0.0719511215971651,0.00954885089321526,0.0214358455928918,0.207918181763767,0.344606270301732
"policy_rate","gdp_growth",1,0.111410604869847,0.0589424555208457,0.000521466076638214,0.0054187665930394,0.231746688149734,0.401773793560071
"policy_rate","gdp_growth",2,0.114771572841134,0.0631073141055268,0.00237560730193408,0.00935571975517218,0.233860273557918,0.402064640092638
"policy_rate","gdp_growth",3,0.116354882496304,0.064779497863881,0.00326419978356935,0.0111681442770041,0.236853104809814,0.39694167745314
"policy_rate","gdp_growth",4,0.117061235199209,0.066551680032217,0.00391826521548318,0.0126629196737111,0.236740145200183,0.395775707410201
"policy_rate","gdp_growth",5,0.117275815583377,0.0678180764067027,0.00435864130006215,0.0137755484342807,0.236803167713636,0.394310868387813
"policy_rate","gdp_growth",6,0.117200353331011,0.0692869796492845,0.00471361167964638,0.0148441823266276,0.233886728678686,0.389846307660317
"policy_rate","gdp_growth",7,0.116956598078945,0.0701195904215581,0.00510813596066736,0.015723370349866,0.230564579288446,0.383966602149337
"policy_rate","gdp_growth",8,0.116641171954602,0.0710252367384633,0.00554151841698074,0.0166932251531569,0.227590068685963,0.378483211030289
"policy_rate","gdp_growth",9,0.116315285016617,0.0725614872372128,0.00602344949869324,0.0174305361951658,0.225754759495822,0.373450445291285
"policy_rate","gdp_growth",10,0.116011025199251,0.0735446348678152,0.00660708807822243,0.01826482778915,0.223484552207136,0.366970976322513
"policy_rate","gdp_growth",11,0.115743463914096,0.0749574552155834,0.00718024446430218,0.0193154330859724,0.221706466493924,0.360738032725927
"policy_rate","gdp_growth",12,0.11552224524116,0.0765717479668293,0.00759558879952938,0.0202420681732873,0.219544232887885,0.354613067720414
"policy_rate","gdp_growth",13,0.115344669212263,0.0779354618650043,0.0079864718046814,0.0211377225923353,0.21779229018156,0.349540259376355
"policy_rate","gdp_growth",14,0.115202702265707,0.0789193932090145,0.0084319776312952,0.0220734303307222,0.216352296436494,0.345800490459133
"policy_rate","gdp_growth",15,0.115086009641249,0.0800969080842621,0.00883794307322762,0.0227492799190471,0.215188154943488,0.342180213103378
"policy_rate","gdp_growth",16,0.114986573360591,0.0809912137942551,0.00917980636429754,0.0234038399198828,0.213370928413142,0.338443296379215
"policy_rate","gdp_growth",17,0.114897188848263,0.0817612376009845,0.00952324193984489,0.0240838601107066,0.212527483690404,0.33355763755819
"policy_rate","gdp_growth",18,0.114813240752111,0.082390898730092,0.00983905947970067,0.0246383011873625,0.211268968798915,0.331498358991389
"policy_rate","gdp_growth",19,0.114732182710498,0.0828441551145674,0.0101310198361729,0.0250392314310216,0.210627153322744,0.328489925568898
"policy_rate","gdp_growth",20,0.114653636467607,0.0831717368449063,0.0103867226156456,0.0254839730781538,0.209542792298784,0.326383460787434
"policy_rate","gdp_growth",21,0.114577998986312,0.0835624866637386,0.0106313739462819,0.0258966438906294,0.208581113860647,0.324419096510839
"policy_rate","consumption_growth",1,0.111276939515074,0.058375654453136,0.000547354725772156,0.00569562711908742,0.230150930878938,0.401282371437465
"policy_rate","consumption_growth",2,0.114544763055156,0.0625427125779743,0.00249395051961509,0.00951372607051608,0.234487321771518,0.400568910653292
"policy_rate","consumption_growth",3,0.116258017433957,0.0648214961180886,0.00345818640336182,0.0114196965483423,0.236937521995818,0.398037619732052
"policy_rate","consumption_growth",4,0.11704541305919,0.0667866651396478,0.00401911041703996,0.0127897001012814,0.236842141043419,0.398503524233821
"policy_rate","consumption_growth",5,0.117421204710394,0.0685808532345498,0.00448311765163458,0.0139711284995864,0.236049608539657,0.394197472305861
"policy_rate","consumption_growth",6,0.117520138648681,0.0693761785802082,0.00488796225761711,0.0147734374751119,0.233007169968517,0.391674477407951
"policy_rate","consumption_growth",7,0.117443213227939,0.0705289016445023,0.00525876216511754,0.0156292870807189,0.230698969152959,0.388727670999985
"policy_rate","consumption_growth",8,0.117270198803959,0.0719044409622906,0.00567112376274025,0.0164770001398855,0.22893797877001,0.384415478372782
"policy_rate","consumption_growth",9,0.117058279993487,0.0730814843284732,0.0062169000472684,0.0173994719257614,0.227065053563466,0.377675037393051
"policy_rate","consumption_growth",10,0.116841600327145,0.074367871692235,0.0065973270843765,0.0183614055356923,0.224564295452596,0.373229113862487
"policy_rate","consumption_growth",11,0.116639027762666,0.0755181599005415,0.00711561284357664,0.0193948971062261,0.221894458052784,0.367004636587551
"policy_rate","consumption_growth",12,0.116460339551189,0.0769301329229325,0.00756036582170155,0.0203033712235625,0.220366984759263,0.362199870956654
"policy_rate","consumption_growth",13,0.116307208141917,0.0781358251995238,0.0080160556765772,0.0211685493868618,0.218663729902766,0.356812659531452
"policy_rate","consumption_growth",14,0.116178548354896,0.0794455781170281,0.00844049161203871,0.021948452735052,0.217395404225558,0.35158781172149
"policy_rate","consumption_growth",15,0.116071661660012,0.0803541633674333,0.00889413367116116,0.0227494085767804,0.215772031897352,0.346967233254515
"policy_rate","consumption_growth",16,0.115982417497625,0.0811495431653155,0.0093176360428966,0.0234580583591935,0.214230207297099,0.34440373575184
"policy_rate","consumption_growth",17,0.115906941674,0.0818518330036612,0.00955241015127896,0.0241038194628614,0.213812171406817,0.340167575163499
"policy_rate","consumption_growth",18,0.115842142516703,0.0826277852841951,0.00985771649296348,0.0245508085475314,0.212248059534989,0.337101058347193
"policy_rate","consumption_growth",19,0.115785679324743,0.0833576139494003,0.0100535877689853,0.0250298728420217,0.211551407770413,0.334052500571346
"policy_rate","consumption_growth",20,0.115735250080984,0.0839007053076684,0.0103035005035964,0.0254148822863121,0.210641921517757,0.331587397283668
"policy_rate","consumption_growth",21,0.115689507837526,0.0840994951888277,0.0105519954058034,0.0257755238645716,0.210173945038028,0.329600218948959
"policy_rate","cpi_growth",1,0.110634745299235,0.0588300311341155,0.000519072005448173,0.00538300849889315,0.230571050095028,0.395728348180171
"policy_rate","cpi_growth",2,0.113293263428212,0.0622681166152931,0.00229095142343549,0.00898923733217765,0.232628216927377,0.393913980314194
"policy_rate","cpi_growth",3,0.114556465619204,0.0639890093107689,0.0032721336784806,0.010729823332371,0.232594801728383,0.393861738309415
"policy_rate","cpi_growth",4,0.115072582673658,0.0650739875668473,0.0038151121362841,0.0122586437469509,0.232136420034327,0.392274365739488
"policy_rate","cpi_growth",5,0.115305514193029,0.0666806576254827,0.00428712210045375,0.0134720530104405,0.230754726189457,0.388212269495111
"policy_rate","cpi_growth",6,0.115354085368071,0.0679186579296671,0.00464410848790582,0.0144630044242782,0.229828431298769,0.385711086932288
"policy_rate","cpi_growth",7,0.115293624791737,0.0687934972202015,0.00504652279466039,0.0154423288499459,0.228541353709263,0.381933980701832
"policy_rate","cpi_growth",8,0.115196435805337,0.0700786500246331,0.00551053437033832,0.0163447885798848,0.225268270080437,0.378111266488587
"policy_rate","cpi_growth",9,0.115108555078577,0.0713433837912209,0.00602937803857363,0.0172376701244673,0.222673933880541,0.372895927629171
"policy_rate","cpi_growth",10,0.115037942149247,0.0728073952713827,0.00644205626907797,0.0182866483470773,0.220535647522637,0.367315291475084
"policy_rate","cpi_growth",11,0.114988634054319,0.0741760566794913,0.00699481209359452,0.0190890285760952,0.218479694807593,0.362363966717876
"policy_rate","cpi_growth",12,0.114957557356975,0.0751554893977064,0.00744144529824485,0.0200647888120883,0.21733959551541,0.356847771069404
"policy_rate","cpi_growth",13,0.114938579118537,0.0767454343645741,0.00795553321121751,0.02105078664558,0.215620142042186,0.352338545433512
"policy_rate","cpi_growth",14,0.114925747919639,0.0779700808128866,0.00840097875327356,0.0220139431347272,0.213990534046245,0.347884727231445
"policy_rate","cpi_growth",15,0.11491626104588,0.0789703206750565,0.0088521856065902,0.0228296381926814,0.21281514060982,0.343076618829272
"policy_rate","cpi_growth",16,0.114907597431977,0.0799266626247774,0.00935143521534571,0.0235675631981298,0.211624190000639,0.339638035289528
"policy_rate","cpi_growth",17,0.114899015892805,0.0807691398054512,0.00970367203908722,0.0241754457417073,0.210912397469895,0.336270772630081
"policy_rate","cpi_growth",18,0.114890667834706,0.0815367275720865,0.0100050677050581,0.0247153143665523,0.209943337333345,0.333705603347872
"policy_rate","cpi_growth",19,0.114883444294752,0.0822558730301489,0.0103621876515447,0.025156401057494,0.20944982582668,0.331273528152081
"policy_rate","cpi_growth",20,0.114877421331446,0.0827587696046421,0.0105997160166757,0.0255247702967772,0.208972673802822,0.329264328413835
"policy_rate","cpi_growth",21,0.114872924362469,0.0830592646369117,0.0107861343140349,0.025924256384414,0.208361054015376,0.328206176594715
"policy_rate","saving_rate",1,0.111474835043454,0.0592213742135976,0.000597970685449528,0.00558897213964989,0.232672389615983,0.403099206161248
"policy_rate","saving_rate",2,0.114589763226057,0.0630769955942135,0.00253108490064957,0.00940068028947604,0.23439102924326,0.400590337167346
"policy_rate","saving_rate",3,0.115970392633161,0.0648598408586105,0.00327786127333114,0.0112871271125361,0.235658834454247,0.401458261062547
"policy_rate","saving_rate",4,0.116509933733711,0.0663969001606467,0.00393221961191474,0.0126475677672292,0.233583475258356,0.397554057393792
"policy_rate","saving_rate",5,0.116740163112291,0.0678881179901309,0.00437744855112824,0.0137918618970489,0.231781635730234,0.393728059562312
"policy_rate","saving_rate",6,0.116772003470567,0.068775876932112,0.00481181262848732,0.0147714047124532,0.230495825383943,0.391681705299246
"policy_rate","saving_rate",7,0.116659070910862,0.070000148000009,0.00527463042941409,0.0157758540275824,0.229198319182025,0.386535804271396
"policy_rate","saving_rate",8,0.116473487195398,0.0711291653073538,0.00563744814386428,0.0167551212244196,0.226766656296405,0.38133804038676
"policy_rate","saving_rate",9,0.116263143618248,0.072654063450187,0.00616708317604757,0.0178254958340198,0.224325356057757,0.376067771141924
"policy_rate","saving_rate",10,0.116053131164091,0.0739618088270003,0.00661812388679508,0.0187777660303336,0.222386187559823,0.371433570620757
"policy_rate","saving_rate",11,0.115860554197099,0.0753749951388541,0.0072138938045898,0.0196744096347136,0.219921456788824,0.36518971221138
"policy_rate","saving_rate",12,0.115692509836272,0.0766997735111236,0.00770417333863996,0.0207594220707199,0.218418825830459,0.35930556186466
"policy_rate","saving_rate",13,0.115549718636218,0.0778675220635811,0.00821075484400127,0.0216574131971487,0.216584874487782,0.353556648327101
"policy_rate","saving_rate",14,0.115429129881468,0.0790479101425547,0.00866402957022938,0.0225246323696988,0.215282459007504,0.348035015815646
"policy_rate","saving_rate",15,0.115325975541375,0.0800357272449778,0.00906661791546707,0.0232490440359625,0.213526348273814,0.343237154023587
"policy_rate","saving_rate",16,0.11523445289332,0.0810401096920031,0.0093538605431989,0.0238343443473013,0.212263168111052,0.337765939829187
"policy_rate","saving_rate",17,0.115150171496349,0.0818415068749497,0.00975308184007158,0.0244496451257969,0.211042948765244,0.33394254763294
"policy_rate","saving_rate",18,0.115071029804584,0.0823279027916681,0.00999705991860486,0.0249839653050326,0.210128497466682,0.329868787445954
"policy_rate","saving_rate",19,0.114995662016083,0.0828156248361196,0.0102382175112325,0.0253959188031347,0.209035757171114,0.327252990860902
"policy_rate","saving_rate",20,0.114923230577713,0.0835351167154708,0.0105770893545066,0.0258196625236205,0.208375914002559,0.325437962860266
"policy_rate","saving_rate",21,0.114853433937897,0.0839404490082009,0.010798550870384,0.0261581016887112,0.208202644841532,0.323635421003146
"policy_rate","policy_rate",1,0.105719317166329,0.0564014535332496,0.000482907581912589,0.0052878043681129,0.219576551052449,0.377271628808406
"policy_rate","policy_rate",2,0.0804633133003953,0.0366482771992647,0.00215366779095989,0.00698921265319404,0.165431145885689,0.302662167050428
"policy_rate","policy_rate",3,0.0682734251122731,0.0340718095832292,0.00278313492061854,0.00844455358665024,0.134262659187669,0.255746615346456
"policy_rate","policy_rate",4,0.0630718006109297,0.0351058074786317,0.00317230662475337,0.00893499937158173,0.119139434126903,0.224282095467211
"policy_rate","policy_rate",5,0.0610151590262629,0.0364360119852317,0.00352473944825979,0.00956779615518144,0.113493140042458,0.20573244741853
"policy_rate","policy_rate",6,0.0609444334772927,0.0380925070352905,0.00378544677156432,0.0102956624521774,0.112856667252325,0.198129107084012
"policy_rate","policy_rate",7,0.0621124782372291,0.040460894131331,0.00400332792205227,0.0107911749462982,0.114613447592446,0.196988635849046
"policy_rate","policy_rate",8,0.0638693564562125,0.0425557364293827,0.00436062653113487,0.0114268699141608,0.117943184158927,0.199552413016864
"policy_rate","policy_rate",9,0.065787116239546,0.0441990383316033,0.00466598326153766,0.0121251140035159,0.120896813672378,0.203710980059575
"policy_rate","policy_rate",10,0.0676516348186395,0.0456620137203989,0.00498659478550062,0.012846507842606,0.123932039401821,0.207906641907232
"policy_rate","policy_rate",11,0.0693428699364312,0.0470663560686937,0.00538558852458299,0.0135434017013292,0.126647390385108,0.211139091540299
"policy_rate","policy_rate",12,0.0708098148374758,0.0484224603817218,0.00574649949497219,0.0143448439125791,0.128883508705916,0.213104933924795
"policy_rate","policy_rate",13,0.0720587159278965,0.0496607751690288,0.00611755238640698,0.0150937345946375,0.130894168145067,0.215990302945067
"policy_rate","policy_rate",14,0.0731209554079539,0.0506592548579352,0.00646925176873184,0.0157504848159899,0.13219494342366,0.217818402627425
"policy_rate","policy_rate",15,0.0740345942954056,0.0516199673207063,0.00676821058770664,0.0163792342702765,0.133441941336738,0.21838090790767
"policy_rate","policy_rate",16,0.074837053892668,0.0528216761364262,0.00704201094210016,0.0168784644450857,0.134452105625047,0.219264589071802
"policy_rate","policy_rate",17,0.0755575258591642,0.0537199508891807,0.00734365566813833,0.0174170860075126,0.135238233683209,0.220185297704944
"policy_rate","policy_rate",18,0.0762128578862351,0.0544386115685063,0.00764202526525073,0.0178705357530286,0.135883428649501,0.220226807759417
"policy_rate","policy_rate",19,0.0768131273237835,0.0551732042384792,0.00790248296362255,0.0182657063569198,0.136777823703292,0.22058286856346
"policy_rate","policy_rate",20,0.0773644773700894,0.0557945230903053,0.00808477955629637,0.0186341897399951,0.137475071552477,0.220318664487554
"policy_rate","policy_rate",21,0.0778697396309312,0.0563165510561102,0.00830683588528487,0.0189211243470976,0.138069035251654,0.220705226088926
"policy_rate","interest_burden",1,0.11286466405824,0.0595573965415472,0.000537215385399151,0.00541105346479887,0.234289999034237,0.405819909316873
"policy_rate","interest_burden",2,0.116155710544586,0.0635649488222628,0.00231657901505631,0.00909542122828963,0.237870120883089,0.406726929618345
"policy_rate","interest_burden",3,0.117746313443179,0.0650231128078112,0.0032022061112269,0.010989468175528,0.240709184435285,0.404712413673917
"policy_rate","interest_burden",4,0.118522424527561,0.0664513599811654,0.00385727254746453,0.0125169780960652,0.241687928048785,0.401436693055578
"policy_rate","interest_burden",5,0.118847803593335,0.0676499899295721,0.00440679545138353,0.0137429709312184,0.240325536348834,0.398235415629242
"policy_rate","interest_burden",6,0.118880329395074,0.0696243694653154,0.00478108533019011,0.0146843430904429,0.238371610003284,0.393848678930219
"policy_rate","interest_burden",7,0.118711106272749,0.0709279728537934,0.00518699784198083,0.0154687920142226,0.235784081273186,0.389450004632021
"policy_rate","interest_burden",8,0.118445848053095,0.0722214909419453,0.00563770766337129,0.0164498781513444,0.234153403474047,0.385089319230496
"policy_rate","interest_burden",9,0.118146040128471,0.0735734306143973,0.00611501368248958,0.0172609354454528,0.231817353561192,0.381121299930961
"policy_rate","interest_burden",10,0.117853160223089,0.0744920379338042,0.00661917460022386,0.0181248466673255,0.228830025093087,0.375946345667653
"policy_rate","interest_burden",11,0.117580210229705,0.0760482696226547,0.00713312347497935,0.0189678438933755,0.226497073606301,0.371544084145459
"policy_rate","interest_burden",12,0.117336182613897,0.0771818021039368,0.00754345367893283,0.0198277055209477,0.223934903874005,0.366626705346003
"policy_rate","interest_burden",13,0.117119113944573,0.0784438966235745,0.00802410370538242,0.0207613356824999,0.22135061364714,0.36028404147475
"policy_rate","interest_burden",14,0.116926079029396,0.0794911777187095,0.00846104290342666,0.0216676953856231,0.219059535721662,0.356749987046644
"policy_rate","interest_burden",15,0.116751413874104,0.0805111025723574,0.00883037300927796,0.0224279892493841,0.217382352567176,0.35196204709833
"policy_rate","interest_burden",16,0.116591616554827,0.0817844075700028,0.00910496045571463,0.0231425550056728,0.215826405125156,0.347260066726416
"policy_rate","interest_burden",17,0.11644507752362,0.082625404490695,0.00938840205627,0.023847174904856,0.214911805002339,0.343662484418507
"policy_rate","interest_burden",18,0.11631157659767,0.0829477523031084,0.00970514564985395,0.0244122549573023,0.213605581650856,0.340259084300425
"policy_rate","interest_burden",19,0.116190778400294,0.0834854869275324,0.00997050604662069,0.0248903343272251,0.21246239589266,0.336173570877052
"policy_rate","interest_burden",20,0.116081788645001,0.0838907891408748,0.0102557834184186,0.0252767990122963,0.211578001205486,0.33364137319077
"policy_rate","interest_burden",21,0.115984065072583,0.0841794257240534,0.0105142045037372,0.0256637804758675,0.21094831184298,0.3321200568525
"policy_rate","debt_growth",1,0.112782318005643,0.0607559100617839,0.000560115835892165,0.00569123663370465,0.234030678269114,0.400680638796159
"policy_rate","debt_growth",2,0.116110323502328,0.0649295384400781,0.00251511654395215,0.00956937110295247,0.236994458689456,0.406043150247735
"policy_rate","debt_growth",3,0.117747180290137,0.0669297367167867,0.00338278782413784,0.0116193592037948,0.239211135875022,0.406350855147389
"policy_rate","debt_growth",4,0.118374561039221,0.0679319373611055,0.00415958055506747,0.0131552926272553,0.238199959398418,0.403635424433397
"policy_rate","debt_growth",5,0.118596938790203,0.069376374089369,0.00462749199496202,0.0142297653772048,0.236689821183249,0.399911467317283
"policy_rate","debt_growth",6,0.118552495069592,0.070645207283936,0.00501266503232703,0.0151863286820879,0.234395918672015,0.392131567498735
"policy_rate","debt_growth",7,0.118348697317739,0.0719855313898352,0.00540802407893553,0.0159971836159513,0.232258205019902,0.38646448317319
"policy_rate","debt_growth",8,0.118067056395927,0.0731186427204457,0.00586914023075132,0.0168583044579508,0.229987130583602,0.381580990784892
"policy_rate","debt_growth",9,0.117766978070108,0.0743522023628452,0.00638001266352204,0.0177905470842267,0.227108495731602,0.375204637462083
"policy_rate","debt_growth",10,0.117479409773124,0.0754174842363239,0.00691362595371268,0.0186115269527854,0.225049527587699,0.370176009193487
"policy_rate","debt_growth",11,0.117221724894874,0.0769112124924882,0.00739412116265733,0.0194224453360186,0.222809887799904,0.364294376810996
"policy_rate","debt_growth",12,0.117000047166327,0.0778547037331234,0.00784902668809323,0.0203192512138226,0.221254866817825,0.35833482199812
"policy_rate","debt_growth",13,0.116813324783403,0.0791360577961117,0.00832748052234663,0.0213204040066029,0.219641224698415,0.352398976913136
"policy_rate","debt_growth",14,0.116656258275772,0.0801110798897247,0.00876118634265421,0.022282899890581,0.217513973891558,0.347038714900747
"policy_rate","debt_growth",15,0.116521615511172,0.0811629134911074,0.00917157634493178,0.0228549552697318,0.216625835458127,0.342913180570098
"policy_rate","debt_growth",16,0.116403224853227,0.082029775980894,0.00953142649858927,0.0235065885728405,0.215169683214742,0.339363745668163
"policy_rate","debt_growth",17,0.116295771822908,0.0828753684742771,0.00995653721030374,0.0240902434303553,0.214181842325331,0.3367753275765
"policy_rate","debt_growth",18,0.116196479856073,0.0835204731693583,0.0102940674301719,0.0246211510824815,0.213722482097148,0.333567631602347
"policy_rate","debt_growth",19,0.116103493096537,0.0840375345660632,0.0105516051513389,0.0250842718387818,0.212286125927045,0.331089912834515
"policy_rate","debt_growth",20,0.116016617325933,0.084388229814284,0.0107836413362146,0.0255269099639143,0.211849530501974,0.329931206308708
"policy_rate","debt_growth",21,0.115936037884254,0.0847687825617916,0.0110053785668198,0.0258717528539948,0.211420885980368,0.328249800301141
"policy_rate","real_house_price_growth",1,0.111001823011467,0.058651959761863,0.000490546262783253,0.00543978976641794,0.23100461310315,0.398629627017621
"policy_rate","real_house_price_growth",2,0.114177585811149,0.0629782695314817,0.00230642843649064,0.00913796882665336,0.233753732493462,0.399705259288079
"policy_rate","real_house_price_growth",3,0.115824147391527,0.065250674654716,0.00312183621520145,0.0109799631353379,0.235155697626738,0.398203238040333
"policy_rate","real_house_price_growth",4,0.116605696145924,0.0678542946447796,0.00386126059282719,0.0123934473819386,0.233756303593025,0.39520221846404
"policy_rate","real_house_price_growth",5,0.116981308018273,0.0690374653808358,0.00432976960725157,0.0136746380143169,0.232147029554145,0.394330942746464
"policy_rate","real_house_price_growth",6,0.117099193658612,0.0698888077817036,0.00476209836692053,0.0145761214933911,0.230508541000659,0.392015664505848
"policy_rate","real_house_price_growth",7,0.117068878123065,0.0711822445743591,0.00524991476521831,0.0156538002645545,0.22916929404877,0.386316866305559
"policy_rate","real_house_price_growth",8,0.116954381372093,0.0722548528750335,0.00569073737764803,0.0165550035384176,0.227663855839716,0.381013583275635
"policy_rate","real_house_price_growth",9,0.116802300075137,0.0733499617147482,0.00618142735169009,0.0175017082439705,0.22529746895547,0.376729848680238
"policy_rate","real_house_price_growth",10,0.116634233065034,0.0746876066267196,0.00661309047340647,0.0185417019562944,0.223824835521421,0.371591389280703
"policy_rate","real_house_price_growth",11,0.116470245800146,0.0760428525859058,0.00704604190867734,0.019461337985466,0.22157548819334,0.366553887034674
"policy_rate","real_house_price_growth",12,0.116317315010081,0.0772691103599332,0.00753526331168218,0.0204302810307354,0.219857735612919,0.361119803034212
"policy_rate","real_house_price_growth",13,0.116179913233281,0.0786369605471572,0.00799381760484198,0.0214267773892475,0.218265988372417,0.356507853226024
"policy_rate","real_house_price_growth",14,0.116058442540105,0.0796044437693837,0.00839192724217546,0.0222955965635208,0.216716646689835,0.350637939730767
"policy_rate","real_house_price_growth",15,0.115953499211357,0.0806117259164931,0.00878655910794495,0.0230767955824844,0.215500618066049,0.346307292747077
"policy_rate","real_house_price_growth",16,0.115862378080541,0.0814569588001836,0.00919629649285535,0.0238918127595394,0.214108414280466,0.342554314052441
"policy_rate","real_house_price_growth",17,0.115782615269279,0.0821833246293182,0.0095898113817855,0.0244568548431704,0.212563915277789,0.339111258370738
"policy_rate","real_house_price_growth",18,0.11571171169955,0.0826128741215063,0.00997301730850994,0.0248910361324837,0.211428205516202,0.335649476536749
"policy_rate","real_house_price_growth",19,0.115648283337827,0.0831782043249067,0.0103462474958243,0.0252937738326285,0.210760880983284,0.333731612066913
"policy_rate","real_house_price_growth",20,0.115591097634235,0.0836544942314545,0.010573911100171,0.0257563080078333,0.210219424451727,0.331390335711563
"policy_rate","real_house_price_growth",21,0.115539721434298,0.0839351929472135,0.0107885691781712,0.0261848357758345,0.209420073789737,0.329827399841953
"policy_rate","asset_liability_ratio",1,0.112834753030711,0.0591639869322947,0.000528033863175136,0.00533679857858764,0.233618418039771,0.409275090764233
"policy_rate","asset_liability_ratio",2,0.115893704290982,0.0635067982026553,0.00238098188135973,0.00921558463834546,0.237748024363986,0.404930997418419
"policy_rate","asset_liability_ratio",3,0.117269175580258,0.0651122790737392,0.00321018801412413,0.0109914411204336,0.238691202487491,0.403537648395608
"policy_rate","asset_liability_ratio",4,0.117736353010597,0.0667187062025871,0.0038447305002653,0.0124718968926883,0.238058903944485,0.401481921776821
"policy_rate","asset_liability_ratio",5,0.117816092972836,0.0679005214161754,0.00428080425928427,0.0136289997061474,0.237018195036893,0.397773720627035
"policy_rate","asset_liability_ratio",6,0.1176769675811,0.0690412061682501,0.00473069150970577,0.0147013627739023,0.235552273232573,0.392579580737229
"policy_rate","asset_liability_ratio",7,0.117406333039734,0.070533049479554,0.00515453325293455,0.0156391646091721,0.232175117595992,0.388916967776891
"policy_rate","asset_liability_ratio",8,0.117082063963377,0.0722963825185013,0.00561857555871856,0.016567738681959,0.229594016047116,0.382181780041266
"policy_rate","asset_liability_ratio",9,0.116752301779809,0.0731921147854027,0.00603571504779397,0.0175297334296162,0.226373601884249,0.377785535006815
"policy_rate","asset_liability_ratio",10,0.11643786328038,0.074443061535453,0.00647803777049225,0.0184494482891621,0.22439854419452,0.372656174109163
"policy_rate","asset_liability_ratio",11,0.116153269210664,0.0755370713908173,0.00706080544808199,0.019385034695597,0.221627987078105,0.365126873318317
"policy_rate","asset_liability_ratio",12,0.115903988386623,0.0769891523923925,0.0076573715153704,0.0202244947580337,0.219274769421736,0.35912954648713
"policy_rate","asset_liability_ratio",13,0.115688757001911,0.0780675589672602,0.00812210685099608,0.0213288318008167,0.217212962251477,0.352963428996948
"policy_rate","asset_liability_ratio",14,0.115502136325063,0.0791338344548606,0.00853537770328621,0.0222715712670729,0.215526668062168,0.348347244602424
"policy_rate","asset_liability_ratio",15,0.115338969219446,0.0799858031468985,0.00888939717887036,0.0229826047903446,0.213735273364171,0.342553245252629
"policy_rate","asset_liability_ratio",16,0.115194685435224,0.0808832709130397,0.00928250082005479,0.0236989856843294,0.212300986833871,0.338216336274703
"policy_rate","asset_liability_ratio",17,0.115065691613612,0.0816593245920582,0.00966018950538803,0.0243103029581482,0.210932994227221,0.333626314341725
"policy_rate","asset_liability_ratio",18,0.114950293052368,0.0827831320423682,0.0100026804079529,0.0248134933002253,0.209929135789614,0.330930845137561
"policy_rate","asset_liability_ratio",19,0.114847349495482,0.0832352654326604,0.0103192728572656,0.0251663073447253,0.208913768040564,0.328695143157845
"policy_rate","asset_liability_ratio",20,0.114756480566992,0.0836777830692459,0.010572837148213,0.0255796921273218,0.208106730651236,0.326560875443987
"policy_rate","asset_liability_ratio",21,0.11467657085373,0.0840683096734895,0.0107946638375493,0.026005713194851,0.207332027858977,0.324692476581616
"interest_burden","gdp_growth",1,0.104763081686663,0.055158506026922,0.000458324475350924,0.00510027568977668,0.216676941299624,0.376946848992657
"interest_burden","gdp_growth",2,0.110337847352208,0.0793979126521842,0.00615401100196855,0.0209929213312463,0.203018400463745,0.325124762561355
"interest_burden","gdp_growth",3,0.112537507837974,0.0836728179851296,0.00945472396050969,0.0249653307059939,0.203957167086677,0.318571199323376
"interest_burden","gdp_growth",4,0.114325050718016,0.083295986188128,0.0109320467225542,0.0261452811399138,0.206727873763493,0.326551658505327
"interest_burden","gdp_growth",5,0.114955675199434,0.0808291410201149,0.0118894223003925,0.026513128858342,0.209600451204804,0.336824447125214
"interest_burden","gdp_growth",6,0.115581610145049,0.0792258572042062,0.0118726181495016,0.0255197455583751,0.213604592272318,0.346040886392811
"interest_burden","gdp_growth",7,0.115809538444897,0.0786348038404439,0.0118803794827973,0.0254715313467337,0.214981357270793,0.347686953432204
"interest_burden","gdp_growth",8,0.115828605166014,0.0784577957408988,0.0118339630175261,0.0250649556823159,0.215644352381453,0.349620023950303
"interest_burden","gdp_growth",9,0.115821890473492,0.0780344501956921,0.012017456164218,0.0254707097691482,0.215305407650915,0.348471869001244
"interest_burden","gdp_growth",10,0.11571245321391,0.0780127438679324,0.0121467854422563,0.025451319458115,0.214770286340884,0.347003583510589
"interest_burden","gdp_growth",11,0.115603775476647,0.0784475689949816,0.0122633561109693,0.0258892736279631,0.21367619020191,0.345741977755846
"interest_burden","gdp_growth",12,0.115480178019108,0.0786926412493775,0.0125182005144867,0.0261686246646703,0.212189265539669,0.343321137540943
"interest_burden","gdp_growth",13,0.11540872944791,0.079234385826755,0.0128107777229418,0.0267703473331988,0.211071502904644,0.341748559643041
"interest_burden","gdp_growth",14,0.115334656984782,0.0798276035694648,0.01306890781098,0.0271430103040402,0.210015122241786,0.338947242549707
"interest_burden","gdp_growth",15,0.115282318126794,0.0803250857228572,0.0133354548055204,0.027636973596,0.209501254924147,0.337281131053989
"interest_burden","gdp_growth",16,0.115234462439503,0.0807949588320688,0.013501771260136,0.0280049692173958,0.208567906787476,0.334240441044804
"interest_burden","gdp_growth",17,0.11519908188441,0.0813406334120143,0.0138098395342476,0.0284378286587283,0.207668326259351,0.332040482780454
"interest_burden","gdp_growth",18,0.115161826676586,0.0818949675873755,0.0140696518996267,0.0288423970301243,0.207372617671015,0.330690486067538
"interest_burden","gdp_growth",19,0.115124024900007,0.0822744935840766,0.014292715064796,0.029252855877394,0.207063140905099,0.328370021660189
"interest_burden","gdp_growth",20,0.115084935411198,0.0825622734554039,0.0144732640365137,0.0296255781180759,0.206863326732635,0.326682051561315
"interest_burden","gdp_growth",21,0.115044835818471,0.0828043820931536,0.0146458103643364,0.0298984280509776,0.206609936726031,0.325412736543026
"interest_burden","consumption_growth",1,0.102244216988676,0.0522436662099226,0.00047190070391482,0.00490215755695101,0.21217426525238,0.370573126498551
"interest_burden","consumption_growth",2,0.108804937043713,0.0773780021460299,0.00575334509914056,0.0197818799662582,0.202500437489976,0.321272527271822
"interest_burden","consumption_growth",3,0.111388159130659,0.0822658488350084,0.00864684130632215,0.0234234897579998,0.203938387187388,0.317344747664249
"interest_burden","consumption_growth",4,0.113479419413882,0.0821196056820052,0.0101971358842897,0.0250414595235643,0.208095719886815,0.326106342625229
"interest_burden","consumption_growth",5,0.11400973756684,0.0795654322070739,0.0108615243009588,0.0253440212379595,0.209509403050672,0.335839175618262
"interest_burden","consumption_growth",6,0.114893097725564,0.0780402451114717,0.0109188086544087,0.0245357649387307,0.21333827283525,0.344072006387179
"interest_burden","consumption_growth",7,0.115246803377703,0.0778965514335682,0.0109635917326937,0.0245775901601066,0.214107550148489,0.347753385806398
"interest_burden","consumption_growth",8,0.115410434694169,0.0775865383131247,0.0110230487253193,0.024410567236857,0.215512637123911,0.349468865492207
"interest_burden","consumption_growth",9,0.115424244728343,0.0775597459149659,0.0111309220317014,0.024689141490224,0.215672902762381,0.350349885527687
"interest_burden","consumption_growth",10,0.115384886341555,0.0772204658200698,0.0112280343755562,0.0246722448894103,0.215287929170456,0.348588259346528
"interest_burden","consumption_growth",11,0.115303564652272,0.077761893877505,0.0115708443793395,0.0251533930381167,0.213613074080029,0.346422248223098
"interest_burden","consumption_growth",12,0.11521249943169,0.0781105969029201,0.0118024677644789,0.0255086599766085,0.212920413045984,0.344321002262841
"interest_burden","consumption_growth",13,0.115136342760769,0.0787394849918485,0.0122009450253088,0.0260681425871822,0.212248333857104,0.341298933349012
"interest_burden","consumption_growth",14,0.115071250004352,0.0795647480881709,0.0124871151631703,0.0266236700397665,0.211240973701729,0.339805633500701
"interest_burden","consumption_growth",15,0.11501573033489,0.0801499830606889,0.012824081722279,0.0271211187273376,0.210252171394727,0.338033250658337
"interest_burden","consumption_growth",16,0.114973138011064,0.0807275664671212,0.0131224336371724,0.0275235363305173,0.209749005377689,0.335869206430094
"interest_burden","consumption_growth",17,0.114938094167222,0.0813252080466591,0.0133379549972637,0.0279382293374341,0.208886268648353,0.33389807194395
"interest_burden","consumption_growth",18,0.114913230720816,0.0817386594641967,0.0136311284759255,0.0283409441512272,0.208086329922847,0.332647761434718
"interest_burden","consumption_growth",19,0.114889670593422,0.0820495028883398,0.0138193161006949,0.0285897677988104,0.207759493188167,0.331383779645705
"interest_burden","consumption_growth",20,0.11487206195265,0.0824326600048895,0.0140315265957521,0.0288979265141948,0.206970449461453,0.330137493102047
"interest_burden","consumption_growth",21,0.11485302668909,0.0828110103717399,0.0141425955218091,0.0292240823124395,0.206352731579852,0.327704966584815
"interest_burden","cpi_growth",1,0.103636292068734,0.0532513419235608,0.000478495284231966,0.0048489354555859,0.215257640824287,0.373986000012078
"interest_burden","cpi_growth",2,0.109347884371624,0.0773008704031732,0.00575268775735604,0.0195420864055597,0.202810114967975,0.324565937059167
"interest_burden","cpi_growth",3,0.111137470678357,0.0821654957439927,0.00882661125699535,0.0232197856523726,0.202737734825587,0.317969461539181
"interest_burden","cpi_growth",4,0.112576880485095,0.0819425726607101,0.0103535679483509,0.0247031113064612,0.204335444472582,0.324182756948781
"interest_burden","cpi_growth",5,0.113038498008976,0.0792886382147905,0.0110689900239728,0.0250442104567767,0.207211552714037,0.332854442165621
"interest_burden","cpi_growth",6,0.113757498529361,0.0777366562385415,0.0111005135897411,0.0245149907986618,0.208888820035336,0.340643407530451
"interest_burden","cpi_growth",7,0.11403666886999,0.0770399272122017,0.0112561871440244,0.0244329824466359,0.210314076053113,0.345048435376283
"interest_burden","cpi_growth",8,0.114123524807564,0.0767354359156289,0.0112793294252971,0.024287358964615,0.212849694480013,0.346714833533874
"interest_burden","cpi_growth",9,0.114191556778975,0.076664427909358,0.0113129914286728,0.0245459375581278,0.213013987007442,0.348057348768815
"interest_burden","cpi_growth",10,0.114192105473938,0.0766917018207083,0.0116193640897035,0.0246051995854436,0.212577520404446,0.34727663033256
"interest_burden","cpi_growth",11,0.114182773420018,0.0769862520610835,0.0118531756642377,0.0251302643878217,0.211454793024093,0.345862222825349
"interest_burden","cpi_growth",12,0.114146371970404,0.0776178130663728,0.0121340659826985,0.0254421954895969,0.210703672404894,0.343571105429527
"interest_burden","cpi_growth",13,0.114141420814323,0.0782457945263231,0.0123786814647382,0.0259528318772411,0.209928527542288,0.341513107014423
"interest_burden","cpi_growth",14,0.11412843106961,0.0785470225223549,0.0127222347791419,0.0264736677577415,0.209571885187896,0.339191159391527
"interest_burden","cpi_growth",15,0.114126672609162,0.0791483895648736,0.0130790106284266,0.0270433641450489,0.208884126059622,0.337339657851124
"interest_burden","cpi_growth",16,0.114121125753871,0.0795277706069789,0.0134678198148368,0.0275140824502912,0.208099353398945,0.335084835687537
"interest_burden","cpi_growth",17,0.114120256802318,0.0802642334223328,0.0136873261848871,0.0279812930333748,0.207131941409099,0.333558365479736
"interest_burden","cpi_growth",18,0.114118175104501,0.0805882891245911,0.0139408155167189,0.0284853168274166,0.206460795514086,0.331346311206553
"interest_burden","cpi_growth",19,0.11411750328065,0.0809589415946236,0.0141795796884386,0.0288501822099368,0.20594237403051,0.329818204941264
"interest_burden","cpi_growth",20,0.114117927697489,0.0813358873304686,0.0144119549879345,0.0291487424305047,0.205391082117542,0.328495213751776
"interest_burden","cpi_growth",21,0.114119079746211,0.0815384141848492,0.01456784355709,0.029475543048047,0.204958182844959,0.327185802579377
"interest_burden","saving_rate",1,0.104970419304804,0.0553668539540144,0.000518438461581442,0.00514326755418811,0.216524354069578,0.38074004592663
"interest_burden","saving_rate",2,0.110661993703601,0.079276521482781,0.00625752096891803,0.0211083327651098,0.203254723250378,0.327099399163389
"interest_burden","saving_rate",3,0.112393459828923,0.0838590945403346,0.00910588945148793,0.024411604911678,0.204108317180805,0.318310997994597
"interest_burden","saving_rate",4,0.113839514341777,0.0832084414806808,0.0108361658406462,0.0258079008363154,0.208015147382806,0.323721161415731
"interest_burden","saving_rate",5,0.114184209688941,0.0802282852304223,0.0114563973968024,0.0260863362834634,0.209940403677083,0.331931912296361
"interest_burden","saving_rate",6,0.114798458572553,0.0780968846676761,0.0114571651667381,0.0255143934175923,0.212989434012437,0.341263908289342
"interest_burden","saving_rate",7,0.115030668017695,0.0773921050720136,0.0114921859952154,0.0251923265047862,0.21461576944219,0.346824029246996
"interest_burden","saving_rate",8,0.115096370476165,0.076855803889749,0.0113873368859337,0.0248861628916947,0.215137434555377,0.348542194049391
"interest_burden","saving_rate",9,0.11508895776575,0.0765543397970963,0.0117116854802697,0.0250693271227321,0.215734798225997,0.348604009185068
"interest_burden","saving_rate",10,0.115024308833345,0.0766006864559731,0.0118181654967698,0.0251747851161895,0.215294820267177,0.34846102505407
"interest_burden","saving_rate",11,0.114954825901368,0.0770645626535965,0.012208307816919,0.0255902023448326,0.21497964166056,0.347788207306796
"interest_burden","saving_rate",12,0.114866257514906,0.0776392792047661,0.0124219843044703,0.0259966785000214,0.214269002557496,0.345946150321676
"interest_burden","saving_rate",13,0.114795174082731,0.0782084506736142,0.0127089946791838,0.0265489392665734,0.213245157740629,0.343867182505934
"interest_burden","saving_rate",14,0.114726457834899,0.078717039742211,0.0129523350972823,0.026962773106885,0.212359948345471,0.340312773060498
"interest_burden","saving_rate",15,0.114674140639458,0.0794039294835417,0.0133153323002692,0.027428423236467,0.211012875660037,0.338610189946903
"interest_burden","saving_rate",16,0.114626431002701,0.0799660355217332,0.0135127492788302,0.0279113960013049,0.209974036445218,0.335654923560253
"interest_burden","saving_rate",17,0.114584168095598,0.0805269307425333,0.0138397875205279,0.0283917839674556,0.208866973791588,0.333301908990792
"interest_burden","saving_rate",18,0.114547752929808,0.0809129167493791,0.0140735033396375,0.028740007550901,0.208754589677708,0.332080989347652
"interest_burden","saving_rate",19,0.114515290376336,0.0812464891096827,0.0142399187445419,0.029006993696155,0.207686523253868,0.330008413967499
"interest_burden","saving_rate",20,0.114486139981201,0.081547469300612,0.0144259613312427,0.0293521381043458,0.206989998553243,0.327506335083977
"interest_burden","saving_rate",21,0.114456271373363,0.0817384561436197,0.014629132072249,0.029556686008951,0.206514382833666,0.326069638221828
"interest_burden","policy_rate",1,0.169762056878482,0.113588032828937,0.00170385229358239,0.0141924525205735,0.345327830148822,0.527367830710177
"interest_burden","policy_rate",2,0.122393553578584,0.082368361572809,0.00623435039642897,0.020211923926892,0.236497641800694,0.368603761486939
"interest_burden","policy_rate",3,0.104660494141271,0.0750641199834386,0.00890474592284522,0.0224371254713734,0.193255123707145,0.301358621179802
"interest_burden","policy_rate",4,0.0903668753205956,0.0681757910421153,0.00996175558204591,0.0226684449197619,0.1602235697979,0.249672365568217
"interest_burden","policy_rate",5,0.0860919038342344,0.0638667328658345,0.0102052906629203,0.0220390204018363,0.152155044655198,0.241459064184803
"interest_burden","policy_rate",6,0.08021646634873,0.0610716107284302,0.0107874461530035,0.0223184001604562,0.138614700557367,0.217375518994422
"interest_burden","policy_rate",7,0.0778819385391084,0.0597598618585305,0.0107158522428044,0.0220192730847153,0.134136559039174,0.208942665941532
"interest_burden","policy_rate",8,0.0770938316934524,0.0596336010584177,0.0107268687560888,0.0222164538714868,0.132542746397347,0.204336997491254
"interest_burden","policy_rate",9,0.0769509474062415,0.0592304379179984,0.0107745786434836,0.0221996039684839,0.132174822334822,0.205814779026803
"interest_burden","policy_rate",10,0.0773852736604087,0.0595704654930009,0.0110330836221958,0.0223138202582097,0.132297252646483,0.206934415050277
"interest_burden","policy_rate",11,0.0780060842303499,0.0599825486325732,0.0112159648595366,0.0225891920912819,0.133494820518947,0.209596984320191
"interest_burden","policy_rate",12,0.0787664314870906,0.0604570981560113,0.0115480894981383,0.0228692938371374,0.134711605668411,0.211841219649937
"interest_burden","policy_rate",13,0.0793496060209094,0.0609192787200997,0.0116980357270107,0.0232709008259451,0.135531262459595,0.213384707558948
"interest_burden","policy_rate",14,0.0799050581217047,0.0614547881110342,0.0120032046936691,0.0236356870383006,0.136545490888999,0.213796734764159
"interest_burden","policy_rate",15,0.0803664691935471,0.061799154668823,0.0121866522347869,0.0240690951211087,0.137087663913907,0.213862918777791
"interest_burden","policy_rate",16,0.0807590536504501,0.0620839860871493,0.0123966124601988,0.0243768914040174,0.137506259869474,0.213923336319494
"interest_burden","policy_rate",17,0.0810974629589511,0.0625343718968501,0.012622372737164,0.0246700872002831,0.137845758218589,0.213556157784262
"interest_burden","policy_rate",18,0.0813773523628019,0.0629754624095331,0.0128027566069144,0.024967974956918,0.138025006659688,0.213709546849384
"interest_burden","policy_rate",19,0.0816453787187165,0.0633497267004394,0.0130243512609246,0.0251393780755225,0.138473145231488,0.214189765387259
"interest_burden","policy_rate",20,0.081869424814647,0.0637450095430841,0.0131530803135809,0.0254634236331741,0.138462372016959,0.214243494208879
"interest_burden","policy_rate",21,0.0820983801617604,0.0640632018000249,0.0133625401000325,0.0257230527299288,0.138329303443705,0.214326239989133
"interest_burden","interest_burden",1,0.103844326195537,0.054289397957038,0.000494706384704111,0.00495738420325864,0.21396357427255,0.376105233322898
"interest_burden","interest_burden",2,0.109685317010621,0.0781289864856701,0.00596678922224995,0.0198775333444937,0.201041614564155,0.328523511050066
"interest_burden","interest_burden",3,0.112145780517433,0.0823013361409062,0.0087498482035813,0.0238864666048248,0.204756376086014,0.320315652753974
"interest_burden","interest_burden",4,0.114219866557923,0.0821951348340307,0.0102961500573391,0.025173485695718,0.207353276974656,0.328396987847928
"interest_burden","interest_burden",5,0.114808134693911,0.07968283007306,0.0109958467579357,0.0253851112900039,0.210815765691403,0.339229502520947
"interest_burden","interest_burden",6,0.115588796173278,0.0784156723216253,0.011113396948376,0.0248155741422039,0.215130042420469,0.346213855875439
"interest_burden","interest_burden",7,0.115886288790079,0.0778895991368323,0.0112173867104914,0.0248147155216607,0.21622286611088,0.349467991088265
"interest_burden","interest_burden",8,0.116019007972044,0.0774748395589194,0.0111941460604041,0.0245827885026495,0.2165178525781,0.351574665203778
"interest_burden","interest_burden",9,0.116030223420054,0.0776202827011051,0.0115042046632698,0.0246173885241859,0.216391226098351,0.351178620095995
"interest_burden","interest_burden",10,0.115989867514837,0.0778710083525672,0.0115770101183693,0.0247163604771856,0.215649240253977,0.351518078445917
"interest_burden","interest_burden",11,0.115908174540423,0.0783189113131163,0.0118620037293567,0.0251585245779013,0.215204033944757,0.349017807750275
"interest_burden","interest_burden",12,0.115819820039581,0.0789428487408224,0.0120845558501556,0.0256360005932716,0.214255170542981,0.347257147891199
"interest_burden","interest_burden",13,0.115739562737145,0.0795675796253867,0.0124452942311566,0.0262365608699499,0.213005085028931,0.344881108244672
"interest_burden","interest_burden",14,0.115670059014901,0.0798998254117166,0.012748485504256,0.0265801521498581,0.21224856289182,0.342176723824813
"interest_burden","interest_burden",15,0.115597756861134,0.0803218519991983,0.0130968420621036,0.0271341578540255,0.211129770949934,0.338823748802421
"interest_burden","interest_burden",16,0.115536380766372,0.0807976843307285,0.01344004240378,0.0276476049191273,0.210347637461367,0.336431983696552
"interest_burden","interest_burden",17,0.11547260735517,0.0814041724482547,0.013653691568556,0.028036352532755,0.209734054468574,0.333625568519904
"interest_burden","interest_burden",18,0.115419837736596,0.0819331501502053,0.0139274922437835,0.0285048447292629,0.209059137703293,0.331646274561216
"interest_burden","interest_burden",19,0.115363454729744,0.0824649224672696,0.0140935073639007,0.0287913257606313,0.208721315630005,0.329822360498499
"interest_burden","interest_burden",20,0.115316709258425,0.0825934881674846,0.0142220538281398,0.0291314064909389,0.207834160481707,0.3290049050874
"interest_burden","interest_burden",21,0.115267413588928,0.0827165278658121,0.0144448724365983,0.0293713037174664,0.207323370599787,0.328288478343417
"interest_burden","debt_growth",1,0.104381589274617,0.0537728125674249,0.000468432129734919,0.00505255439599072,0.218020442890767,0.377243711371953
"interest_burden","debt_growth",2,0.110313816602169,0.0786085070492901,0.00605903058469308,0.0203365555307327,0.203914707296478,0.328045145896094
"interest_burden","debt_growth",3,0.112629410948931,0.0834190803728762,0.00923837808887497,0.0242134318885381,0.205802525371883,0.318170682060986
"interest_burden","debt_growth",4,0.114393877420333,0.0836803970813426,0.0109793082057366,0.0259127441621103,0.209631359558337,0.325283627264043
"interest_burden","debt_growth",5,0.114870118351315,0.0812257849074621,0.0114705992650889,0.0260536276293424,0.211104375619666,0.337525906150169
"interest_burden","debt_growth",6,0.115621452307526,0.079497127329457,0.0112869521153987,0.0253748776806485,0.215142761132198,0.344420941212738
"interest_burden","debt_growth",7,0.115923491257322,0.0789118918867543,0.0116817043703488,0.0251281540836382,0.216608337176934,0.346647142595304
"interest_burden","debt_growth",8,0.116026525060999,0.0783435640894249,0.0116502760746768,0.0248872873289902,0.216947520418198,0.34801628319074
"interest_burden","debt_growth",9,0.115999681158544,0.0779391089304149,0.0118355579830795,0.0251892025958083,0.216552891092159,0.347867031238135
"interest_burden","debt_growth",10,0.115922094130674,0.077758505145743,0.012050248497328,0.0253291940507306,0.215352888007113,0.3463913164965
"interest_burden","debt_growth",11,0.115818499419736,0.0781326793634393,0.01224747150998,0.0257909057048442,0.214743792704581,0.345958231955803
"interest_burden","debt_growth",12,0.115710741010356,0.0786892214743024,0.0124499911457863,0.0262763329968933,0.213483574945149,0.344147858338796
"interest_burden","debt_growth",13,0.115616945833033,0.0793519762639359,0.0127459553712736,0.0268611932853266,0.211629921071061,0.341333772907872
"interest_burden","debt_growth",14,0.115541576957776,0.0799786927852775,0.0130509170585242,0.0272042463870869,0.211026639187418,0.338948579843955
"interest_burden","debt_growth",15,0.115481393786994,0.0804530476069226,0.0132720668433604,0.0276595925578364,0.210535291154489,0.336009064629681
"interest_burden","debt_growth",16,0.115438630841038,0.0811024766298625,0.0135195609586871,0.0281863300586493,0.209345681380948,0.33429095835041
"interest_burden","debt_growth",17,0.115401841096715,0.0816351347511999,0.0137041712371713,0.0286457829129151,0.208789621419026,0.332247078169387
"interest_burden","debt_growth",18,0.115375302661899,0.0820476294949037,0.0140385417066118,0.0289819020636145,0.20865514133479,0.330103976958236
"interest_burden","debt_growth",19,0.115348154957425,0.0825538899867597,0.0143183293470115,0.0294351898036324,0.207902317356138,0.328503008161964
"interest_burden","debt_growth",20,0.115326206108261,0.0829172200835508,0.0145252583849558,0.0297599610736551,0.207311265458038,0.326559231653516
"interest_burden","debt_growth",21,0.115300762034873,0.083064964777792,0.0146584555489949,0.0300473016413697,0.206483090010266,0.326169451555444
"interest_burden","real_house_price_growth",1,0.102581863919341,0.0536232363277432,0.000464068763348017,0.00492996933132008,0.21075254168385,0.373730724268216
"interest_burden","real_house_price_growth",2,0.108260607807597,0.0775029935494019,0.00589918146325779,0.0202571228262856,0.199605803927431,0.322164550012452
"interest_burden","real_house_price_growth",3,0.110701865771728,0.0817090636762532,0.00884911530359124,0.0239135775966806,0.200513932818158,0.313844286333011
"interest_burden","real_house_price_growth",4,0.112550155593667,0.0816592258264977,0.0104744605126871,0.0252382725127943,0.205401230244875,0.322957974096322
"interest_burden","real_house_price_growth",5,0.113219561263504,0.079054941677284,0.0111284977648996,0.0254193510649489,0.208860882108779,0.332821348611807
"interest_burden","real_house_price_growth",6,0.114040596012147,0.0781274387194761,0.0112543785790534,0.0248308436741286,0.212110167593332,0.34087851213062
"interest_burden","real_house_price_growth",7,0.114455125464896,0.0772590204708916,0.0113098669730701,0.0247059824917602,0.213066807808898,0.345138297881268
"interest_burden","real_house_price_growth",8,0.114643779103008,0.0768462581935802,0.0113065785544155,0.0246975095031334,0.213338025371676,0.346845707295563
"interest_burden","real_house_price_growth",9,0.114736203363949,0.0764998972235055,0.011401422789756,0.0249699831708481,0.213375581682876,0.346567721497139
"interest_burden","real_house_price_growth",10,0.11473547340079,0.0768493685650064,0.0114466608967869,0.0250140158039597,0.213550527352007,0.346926983410884
"interest_burden","real_house_price_growth",11,0.114692172738611,0.0774565782987243,0.0117158841766973,0.025472467105145,0.212951127702397,0.344827542503811
"interest_burden","real_house_price_growth",12,0.114620361673157,0.077753098589218,0.0120105773811598,0.025697250771291,0.211870655680847,0.342089598007533
"interest_burden","real_house_price_growth",13,0.11454557966143,0.078435567977345,0.0124224621135047,0.0263494977644122,0.210247719217778,0.338983941138813
"interest_burden","real_house_price_growth",14,0.114473414021776,0.0788935150365762,0.012744423177006,0.0268701001404969,0.209030100259891,0.336649270591973
"interest_burden","real_house_price_growth",15,0.11440622502536,0.0794129097387636,0.0131501739896341,0.0274103118475159,0.207996438111127,0.334363476715204
"interest_burden","real_house_price_growth",16,0.114355904253137,0.0798143591724743,0.0133312223844108,0.0277948290377156,0.207673059982741,0.33326652258254
"interest_burden","real_house_price_growth",17,0.114307069380355,0.0805385615631285,0.0135163448617656,0.0282105211525147,0.20709280525136,0.331871839544413
"interest_burden","real_house_price_growth",18,0.114273812435222,0.0811522439983621,0.0137495611976456,0.0285389584200901,0.206219987509217,0.330028439800342
"interest_burden","real_house_price_growth",19,0.114240679610332,0.0815126457532829,0.0139643165812212,0.0289321721850027,0.205670142403188,0.328374980474434
"interest_burden","real_house_price_growth",20,0.114218497798309,0.081823842503939,0.0141634607148548,0.0292758627444738,0.205275364762782,0.326615373696357
"interest_burden","real_house_price_growth",21,0.114191679386102,0.0820628219499117,0.0143503093983656,0.0294689247688776,0.204974958091451,0.325640438050386
"interest_burden","asset_liability_ratio",1,0.103816153683146,0.0541548215340557,0.000518871938253766,0.00491719415861936,0.215981896426443,0.375514761381999
"interest_burden","asset_liability_ratio",2,0.110194042529883,0.0789893651781462,0.00619992269694277,0.0204172111951144,0.203235362314085,0.328237011120678
"interest_burden","asset_liability_ratio",3,0.112405851144724,0.0831390614770113,0.00905826036274792,0.0243459297384676,0.205378621404275,0.320719768375582
"interest_burden","asset_liability_ratio",4,0.114248360148712,0.0828476370641698,0.0106448439338091,0.0251444010393476,0.20979710292688,0.329768369982135
"interest_burden","asset_liability_ratio",5,0.114822161392844,0.08019113575038,0.0113732709734193,0.0255235993613161,0.213038390106571,0.341278599687429
"interest_burden","asset_liability_ratio",6,0.115502024185793,0.0780683823144251,0.0111806831430035,0.0247867646396401,0.216555656960515,0.347785693997287
"interest_burden","asset_liability_ratio",7,0.11572947723831,0.0771803344141336,0.0112870320854235,0.024610433149651,0.216998012950656,0.350595839424669
"interest_burden","asset_liability_ratio",8,0.115757921026584,0.0775198756287305,0.0112516897274893,0.0245808114726031,0.217542924960373,0.350526423630423
"interest_burden","asset_liability_ratio",9,0.115756294904652,0.0775128974971714,0.011440060252849,0.0248240428984434,0.216867523252993,0.351283831303976
"interest_burden","asset_liability_ratio",10,0.115653537430542,0.0773883026197747,0.0117286295242877,0.0250043989045467,0.216212131062023,0.351190907793281
"interest_burden","asset_liability_ratio",11,0.115530129620574,0.077704179065618,0.0120068588373245,0.0253580615973497,0.215448654006483,0.34939468903244
"interest_burden","asset_liability_ratio",12,0.115377338853708,0.078341941155536,0.0122116688198943,0.0258069648794233,0.214595407386013,0.346295797957116
"interest_burden","asset_liability_ratio",13,0.11526663864175,0.0789565979152928,0.0126150896324254,0.0262780748676788,0.213571055217165,0.343095681166045
"interest_burden","asset_liability_ratio",14,0.1151490959902,0.0794391979408282,0.0128680085664494,0.0266538010884858,0.212595313837542,0.34019171856809
"interest_burden","asset_liability_ratio",15,0.115049293422661,0.0800418222266423,0.0131259871962828,0.0271404846146557,0.211627205546425,0.337518765026695
"interest_burden","asset_liability_ratio",16,0.114954873281863,0.0804901365953629,0.0133359994800211,0.0275751618753199,0.210219117624813,0.335482608956013
"interest_burden","asset_liability_ratio",17,0.114879418259261,0.0810572632346295,0.0135330438664319,0.0279137476068273,0.209157807834703,0.332496584311905
"interest_burden","asset_liability_ratio",18,0.11481270937177,0.0816042125321952,0.0136890347962206,0.0283314575415711,0.208468965691803,0.330585340404702
"interest_burden","asset_liability_ratio",19,0.114755842833368,0.0822104801393194,0.0139092718905551,0.0286960455462232,0.207909450198721,0.328810353861842
"interest_burden","asset_liability_ratio",20,0.114708096977822,0.0824463266948378,0.0141473528929933,0.029057286689859,0.207115041330315,0.327595503025519
"interest_burden","asset_liability_ratio",21,0.114668551201202,0.082875168034797,0.0143679071642345,0.0293397869761995,0.20669972800628,0.32612849455764
"debt_growth","gdp_growth",1,0.106999798253466,0.0557401826637287,0.000508685138801971,0.00519603871307464,0.221753648943673,0.386949635129624
"debt_growth","gdp_growth",2,0.108901596675939,0.0698725900831649,0.00506832657233223,0.0169016682830504,0.206712645763622,0.348974220224255
"debt_growth","gdp_growth",3,0.109818869659306,0.0725922970007391,0.00712371709211596,0.0194555006645861,0.205983835186094,0.341342831896584
"debt_growth","gdp_growth",4,0.111085657607533,0.0804435176816017,0.00970749829103693,0.0236649058605955,0.201291545579146,0.319668716698043
"debt_growth","gdp_growth",5,0.111794279860325,0.0796655525559147,0.0102766622204414,0.0238441406949623,0.203928032010116,0.326067739960345
"debt_growth","gdp_growth",6,0.112355631699761,0.080995168870567,0.0106560272167964,0.0245867352058184,0.204053225564616,0.325089981743834
"debt_growth","gdp_growth",7,0.112717416385297,0.0806044221973803,0.0110823211258565,0.0248832100157914,0.205850581201783,0.327262854302608
"debt_growth","gdp_growth",8,0.112848692840759,0.0813279713275955,0.0114606975671852,0.0254741119601949,0.205043079375646,0.324586212403589
"debt_growth","gdp_growth",9,0.112977393196953,0.0811603542867031,0.0118389156425902,0.0259054458261832,0.204905512214393,0.327208529004898
"debt_growth","gdp_growth",10,0.112998800743552,0.0813882731223677,0.0121593005766863,0.0263504242462409,0.204736353872435,0.325691771209392
"debt_growth","gdp_growth",11,0.113031605175116,0.0813459655464153,0.0125697271974049,0.0268995465728081,0.204755504531987,0.32461656499974
"debt_growth","gdp_growth",12,0.113000433936005,0.081440831280644,0.0129106575051157,0.0276512719451658,0.203927902885144,0.323022767109591
"debt_growth","gdp_growth",13,0.113004101943148,0.0817815097776992,0.0133619053334515,0.0283141359342659,0.202323171667935,0.322328664323548
"debt_growth","gdp_growth",14,0.112983109637251,0.0823575482199107,0.0137161479323927,0.0287013801612431,0.201429975620857,0.320727090750154
"debt_growth","gdp_growth",15,0.112977141970155,0.082538581251775,0.0141960288997823,0.0293333698926581,0.200810818059228,0.318720046161048
"debt_growth","gdp_growth",16,0.112955196410714,0.0829119929041798,0.0144794690153841,0.0299288924492501,0.200224093209416,0.316938722252838
"debt_growth","gdp_growth",17,0.112939012485304,0.0834483290224832,0.0148734618879535,0.0305064216507213,0.199165738175307,0.314218102751699
"debt_growth","gdp_growth",18,0.11291371088765,0.0837951135284325,0.015169445778251,0.0308956244572077,0.198205984261194,0.311727378751994
"debt_growth","gdp_growth",19,0.112886250532532,0.0842071409882581,0.0154225126745546,0.0314765765052438,0.197394524437144,0.309719120262121
"debt_growth","gdp_growth",20,0.11285397173484,0.08472955760738,0.0157036344057644,0.0318995153734123,0.196851114434353,0.307985481293979
"debt_growth","gdp_growth",21,0.112819393864914,0.0851074012589598,0.0159687884962524,0.0323086891341753,0.196130239235297,0.306003439664052
"debt_growth","consumption_growth",1,0.105848433811841,0.0557728247921318,0.000472001927396178,0.00495783471736506,0.217635311715985,0.382194160882365
"debt_growth","consumption_growth",2,0.107754393835178,0.0696764821974244,0.00465610132797374,0.0167558034124806,0.20525418524461,0.341293153454881
"debt_growth","consumption_growth",3,0.108631807779639,0.0717376212875111,0.0066109429124165,0.0192878661404381,0.204077879250959,0.336379033202956
"debt_growth","consumption_growth",4,0.110018885717231,0.079504647432973,0.00921830719068936,0.0234486726523744,0.19994863780912,0.320176659714988
"debt_growth","consumption_growth",5,0.110639224323112,0.0785038495740435,0.00993693003028927,0.0238804544153935,0.202522420801613,0.325971758299414
"debt_growth","consumption_growth",6,0.111301345739791,0.0801988970160502,0.0103294176708931,0.0245269471333819,0.202082975411713,0.323150325933773
"debt_growth","consumption_growth",7,0.111677975104383,0.0798018327999774,0.0107234748974504,0.0246640369224785,0.20288231594098,0.327372782268034
"debt_growth","consumption_growth",8,0.111881521857527,0.0802179219372961,0.0110418558244523,0.0253198800691788,0.203509743734762,0.32422045066034
"debt_growth","consumption_growth",9,0.112036522077652,0.0798933487365771,0.011460159007707,0.0255117721371118,0.203297616638487,0.324954426156848
"debt_growth","consumption_growth",10,0.112093990741178,0.0800403547720441,0.0116958600805368,0.0259256467234957,0.203505398358313,0.324253931445994
"debt_growth","consumption_growth",11,0.112154431685173,0.0802787477167926,0.0121299148778291,0.0266199694450902,0.20298994926468,0.324006043571329
"debt_growth","consumption_growth",12,0.112157452896976,0.080617983404784,0.0124336329915216,0.0270298039573091,0.20231669731487,0.322313976624151
"debt_growth","consumption_growth",13,0.112194367408674,0.0808379716153165,0.012937126170553,0.0276405229005246,0.201356818313146,0.320210658293987
"debt_growth","consumption_growth",14,0.112207993449202,0.0812827898251162,0.0132980496075678,0.0281786447218718,0.200696731325242,0.318998559648267
"debt_growth","consumption_growth",15,0.112243184677233,0.0817889515493378,0.0137014799137299,0.0287339068849724,0.199853657115126,0.317116531414803
"debt_growth","consumption_growth",16,0.112265321630409,0.0823750068474328,0.0140286726929298,0.0293850979544877,0.199051406573373,0.315610460616053
"debt_growth","consumption_growth",17,0.112300979439385,0.0828944624442798,0.0144526484011274,0.0299250668054419,0.198321251727337,0.314778037370752
"debt_growth","consumption_growth",18,0.112326866527362,0.0834514024725932,0.0147950316345929,0.0303500380967254,0.197428934249117,0.312059536857038
"debt_growth","consumption_growth",19,0.112354480244677,0.0841681389286942,0.0151007793445862,0.0307884207092065,0.19702321705655,0.309578401673771
"debt_growth","consumption_growth",20,0.11237163790078,0.0846588996186031,0.0153536979670714,0.0313516587431051,0.196465065810553,0.307601468095821
"debt_growth","consumption_growth",21,0.112386646786366,0.0850624973599454,0.0156521118379525,0.0317798442297261,0.195794369074376,0.306213059384336
"debt_growth","cpi_growth",1,0.105424002795636,0.0542875521317782,0.000446615591948512,0.00480577874280224,0.219763038213458,0.388236381411927
"debt_growth","cpi_growth",2,0.107659265025114,0.0682967607444019,0.00472469657777777,0.0165014740960827,0.206960999098512,0.34674927738809
"debt_growth","cpi_growth",3,0.108830882627965,0.0716179342739271,0.00691413500976768,0.0194419596742153,0.206721698732693,0.339663658166377
"debt_growth","cpi_growth",4,0.110184505657481,0.0790782535713714,0.00932026767639325,0.0234318853766486,0.201753591670851,0.318945166962244
"debt_growth","cpi_growth",5,0.110923065880905,0.0783079214345021,0.00977871019127574,0.0237778875572516,0.203318094115119,0.326571606132167
"debt_growth","cpi_growth",6,0.11161952207161,0.0801702263722592,0.0103565036382959,0.0244674289076448,0.203148220613811,0.323079916672175
"debt_growth","cpi_growth",7,0.112103857702263,0.079974377336914,0.0106812015814303,0.0246478277877899,0.20386218365651,0.326202563446465
"debt_growth","cpi_growth",8,0.1123770637375,0.0806128877494349,0.0111355554464798,0.0252362035909986,0.204537916259399,0.323716721184658
"debt_growth","cpi_growth",9,0.112622097289891,0.080480628447424,0.0115272140690074,0.0255352091767341,0.204433416935205,0.325537991696944
"debt_growth","cpi_growth",10,0.112745648634693,0.0809766998901403,0.0118302919276867,0.025811146671911,0.204512187384765,0.325353476946668
"debt_growth","cpi_growth",11,0.112861146902217,0.0810553290851891,0.0121543096789244,0.0263260604523124,0.204248778759892,0.325410579702708
"debt_growth","cpi_growth",12,0.112907145435034,0.0815858205264098,0.0126735821097143,0.0267918524035701,0.20378659794531,0.323931485068026
"debt_growth","cpi_growth",13,0.112965101037207,0.0818385474933021,0.0131168736999035,0.0274094307737352,0.203065178018334,0.323006589567081
"debt_growth","cpi_growth",14,0.112989148962329,0.0821946821287548,0.0136346263275088,0.0282498783817779,0.201982661972189,0.321451650156532
"debt_growth","cpi_growth",15,0.113018508023529,0.082463369101535,0.0141597677074339,0.0287914092908187,0.201453122495984,0.319198783366108
"debt_growth","cpi_growth",16,0.113032682263026,0.0829434680664009,0.0144921572381462,0.0294524873303971,0.200797035988114,0.317722812518891
"debt_growth","cpi_growth",17,0.113048558719292,0.0832950510713167,0.0148957225081233,0.0299966490724803,0.200263726335198,0.31612462917979
"debt_growth","cpi_growth",18,0.113057401292009,0.0836936904204091,0.0152382498793495,0.030608274048469,0.199240764942549,0.314047293683218
"debt_growth","cpi_growth",19,0.113065059996744,0.084323282238298,0.0156404493755484,0.0310257928682909,0.198299262406316,0.31256434044879
"debt_growth","cpi_growth",20,0.113072730347814,0.0847894433487291,0.015979695081649,0.0315061323424986,0.197553588141369,0.309968946801374
"debt_growth","cpi_growth",21,0.113078494194626,0.085189798302961,0.0161676483391222,0.0320399221748506,0.19695232825498,0.308441109728044
"debt_growth","saving_rate",1,0.107080956872888,0.0565757445347356,0.000531868699045691,0.0051739646484773,0.221582236490327,0.388820255882713
"debt_growth","saving_rate",2,0.108826416936257,0.0700756352639615,0.00503094919109665,0.0171957353556712,0.207047802043564,0.348827211028271
"debt_growth","saving_rate",3,0.109671870431993,0.0722889363597946,0.00705485863016231,0.0195624376425392,0.206303241968232,0.342920027844608
"debt_growth","saving_rate",4,0.110836741106049,0.0803844840204611,0.00952626458268778,0.0239262434943034,0.202109656641844,0.320775039191607
"debt_growth","saving_rate",5,0.111467317519578,0.0793896591252365,0.0103722279792711,0.0240662958464805,0.203856429018406,0.326366404145373
"debt_growth","saving_rate",6,0.11198420252827,0.0811223393776326,0.0107192781219994,0.024883181788244,0.203768297290011,0.323044859748727
"debt_growth","saving_rate",7,0.112360588391043,0.0806606658974633,0.0110393963553687,0.0251266548568811,0.205456407432236,0.325805161406753
"debt_growth","saving_rate",8,0.11252050753685,0.0811305389265479,0.0113501365413352,0.0256894143011906,0.20420433266203,0.322977051033326
"debt_growth","saving_rate",9,0.112696332566392,0.0807107184276365,0.0116659947818524,0.0260578205225901,0.205005640536777,0.32377670997849
"debt_growth","saving_rate",10,0.112730577339743,0.0809614145956921,0.0119053991540993,0.0262635242643764,0.204397118276626,0.323350646801653
"debt_growth","saving_rate",11,0.112791114176688,0.0810447932538928,0.0122475989016906,0.0268147161739406,0.204341458823413,0.321733478881902
"debt_growth","saving_rate",12,0.112771610958633,0.0813532396145404,0.0126779089407018,0.0273819592533456,0.203488684932057,0.320134898500591
"debt_growth","saving_rate",13,0.112786075501394,0.0816119689904414,0.0130361597270965,0.0278467062969367,0.20278810819747,0.318767484503828
"debt_growth","saving_rate",14,0.112759438416606,0.0820333101188661,0.0134817309581924,0.028363515586829,0.201899180514453,0.316596909925996
"debt_growth","saving_rate",15,0.112752718812146,0.0824232564128807,0.013936710944679,0.0289264027132927,0.200968164520765,0.314636307057463
"debt_growth","saving_rate",16,0.112727556287585,0.0829557135861289,0.0143399942825013,0.0294098737821982,0.200299588562524,0.312902986850128
"debt_growth","saving_rate",17,0.112716009504243,0.0832432227878846,0.0147705369259112,0.0299279146621977,0.199442556473453,0.310664222438548
"debt_growth","saving_rate",18,0.112696777921534,0.0836841565695689,0.0152564097903648,0.0305466646060479,0.198623379888477,0.309237061002885
"debt_growth","saving_rate",19,0.112685827267796,0.0840868694233701,0.0155794657254664,0.031033282737527,0.19797259806132,0.308083152630659
"debt_growth","saving_rate",20,0.112672421074694,0.084429856991316,0.0158953551640569,0.031616039536221,0.197648608741027,0.306642171226205
"debt_growth","saving_rate",21,0.11266449501302,0.0848532607320446,0.0160447468854554,0.0319545215556083,0.197257007890055,0.304310352463317
"debt_growth","policy_rate",1,0.149345247670076,0.0919146261562504,0.000989948691240943,0.00975256195621662,0.308043435194881,0.488081451586123
"debt_growth","policy_rate",2,0.133443723772452,0.0850693384547145,0.00533187869123909,0.0184912852069707,0.264357833062902,0.420841045354793
"debt_growth","policy_rate",3,0.125778442072574,0.0806213097559937,0.00751257762560257,0.0201405117940672,0.246467172182058,0.394324319988618
"debt_growth","policy_rate",4,0.115776804143299,0.0826410533898178,0.011129264844775,0.0259411840058755,0.211601673656421,0.338805842142868
"debt_growth","policy_rate",5,0.110582443378982,0.0774944649196398,0.0115181003250258,0.025285096537971,0.200943962904912,0.328612070505468
"debt_growth","policy_rate",6,0.105654968568641,0.0773763982320247,0.0121400163743717,0.0262849392676084,0.187491189567151,0.30064686405174
"debt_growth","policy_rate",7,0.102524797518554,0.0751721165818421,0.0124408158557023,0.0262869864123967,0.180216571466397,0.291441584245729
"debt_growth","policy_rate",8,0.100993758803905,0.0763090062857698,0.013158841942711,0.027572497955347,0.175503089122028,0.278455030159896
"debt_growth","policy_rate",9,0.0995978569264886,0.0752097405292766,0.0134627282156377,0.0276180118215971,0.172444508820538,0.273826731005632
"debt_growth","policy_rate",10,0.0990579783016959,0.0755333811805178,0.0138229271353898,0.0281512148524882,0.170644074420261,0.26906941720283
"debt_growth","policy_rate",11,0.0984954172772135,0.0752192124149878,0.0139600142352197,0.0283901618981503,0.169034980789449,0.266163514415806
"debt_growth","policy_rate",12,0.0984490963953897,0.0756610482586774,0.0143872674329898,0.0289704232052776,0.16819487941265,0.263686924992447
"debt_growth","policy_rate",13,0.0981908347546175,0.0757026909011473,0.0146433325484932,0.0292995478918782,0.167250006893672,0.261678805996442
"debt_growth","policy_rate",14,0.0981576934496059,0.0760523789156562,0.0149764989459052,0.0297681924784323,0.167125258788509,0.260083175088382
"debt_growth","policy_rate",15,0.0980154587992501,0.0761082622095986,0.0151853186783263,0.0301831585959924,0.166193575393443,0.258418402411883
"debt_growth","policy_rate",16,0.0979942130992468,0.0764858570966481,0.0155214848935983,0.0305939395083965,0.165835038199074,0.256955710480581
"debt_growth","policy_rate",17,0.0979043181097242,0.0766095423307205,0.0158348608770765,0.0309237761773377,0.165124714425375,0.255949920280281
"debt_growth","policy_rate",18,0.0978768824288532,0.0766498659225352,0.016134990010355,0.0313484907095275,0.164795714104201,0.254522393615748
"debt_growth","policy_rate",19,0.0978344116739283,0.0768973464311129,0.0164605329445109,0.0317659069047386,0.164211211093257,0.252970405315513
"debt_growth","policy_rate",20,0.0978291026901568,0.0772718917356,0.0167201327920279,0.032084816807274,0.163900638107349,0.252334812944347
"debt_growth","policy_rate",21,0.097823955535852,0.0775183764891371,0.0168780090956606,0.0323608140737081,0.163708016290607,0.251807741763698
"debt_growth","interest_burden",1,0.105018760124077,0.0548603091033002,0.000526346163009015,0.00509233856760465,0.216594461022985,0.385406613162693
"debt_growth","interest_burden",2,0.107307571990523,0.0693849526887333,0.00506402492436668,0.0168705515407646,0.204645575362056,0.34262314500459
"debt_growth","interest_burden",3,0.108133486711044,0.0721296304745108,0.00700522218488251,0.0194416546047877,0.203209374519988,0.336115472394616
"debt_growth","interest_burden",4,0.109621479348005,0.0796668261984088,0.00948406859163559,0.0239900419210249,0.199154019914262,0.31516870247895
"debt_growth","interest_burden",5,0.110110114905594,0.0784476855630941,0.0101579871635177,0.0240835627519866,0.200792849135529,0.32103314987678
"debt_growth","interest_burden",6,0.110850924989486,0.0802518642391843,0.010603273262879,0.0248929877807024,0.201611236744184,0.317915307151882
"debt_growth","interest_burden",7,0.111205013733315,0.0794995814189312,0.0110413299039143,0.0250724498453353,0.202193789147157,0.320802917204797
"debt_growth","interest_burden",8,0.111498401642553,0.0806362759266653,0.0115098750320728,0.0257204655530989,0.202375812241833,0.320170513772452
"debt_growth","interest_burden",9,0.111657258668626,0.0803797715808781,0.0118166827392729,0.0258450383380817,0.20238099360559,0.321705810626745
"debt_growth","interest_burden",10,0.111785822420172,0.0807371839752102,0.0121482037478097,0.026234392148386,0.202780104974123,0.320127184692824
"debt_growth","interest_burden",11,0.111856246191233,0.0806604466027911,0.0124427264950988,0.0267106679779576,0.202620451499236,0.319629209386355
"debt_growth","interest_burden",12,0.111903011009583,0.0811230551641985,0.0127865992380267,0.0272757764792558,0.202100847759793,0.317466892920182
"debt_growth","interest_burden",13,0.11192932936695,0.081421746194865,0.0132580594687136,0.0279499678211856,0.201566935332157,0.315949465232258
"debt_growth","interest_burden",14,0.111950625948656,0.0819003995633094,0.0137104379035904,0.028507426811567,0.200916028904249,0.313618650856064
"debt_growth","interest_burden",15,0.111960822156146,0.0821384141649748,0.0141509580318118,0.0291408807122942,0.20001213325091,0.312624381839346
"debt_growth","interest_burden",16,0.111971669942983,0.0827282967190043,0.0145111537092789,0.0296770909764951,0.199187918871927,0.311140456919261
"debt_growth","interest_burden",17,0.11197928866742,0.0833099113497988,0.0149414332601466,0.0302755748877908,0.198825697877232,0.309176379607608
"debt_growth","interest_burden",18,0.111989585290308,0.0839209549964036,0.0153444925570064,0.0308100696463491,0.197932392016843,0.307061908876272
"debt_growth","interest_burden",19,0.111998766751255,0.0841458031799425,0.0157203056512706,0.0313116917705015,0.197312794479322,0.305361340308663
"debt_growth","interest_burden",20,0.112008987273348,0.084579625525255,0.0160134188421771,0.0317727389818478,0.196761929949707,0.304214067197696
"debt_growth","interest_burden",21,0.112018501977482,0.0848491033148247,0.0164177452221219,0.0322769410916745,0.196077271981103,0.302567294293433
"debt_growth","debt_growth",1,0.105956885104236,0.0565415479505411,0.000510394270242326,0.00529981998849854,0.219292800538472,0.378616625510055
"debt_growth","debt_growth",2,0.108319143481695,0.0703882743393637,0.00504605831559242,0.0170024522751225,0.206378515029585,0.342801379515646
"debt_growth","debt_growth",3,0.109344709799079,0.0727857526430564,0.00712139399638131,0.0196655517691444,0.205197741888315,0.339578982632434
"debt_growth","debt_growth",4,0.110678887949546,0.0806553107734896,0.00967600039261466,0.0235866866055692,0.201289260944647,0.319189987041056
"debt_growth","debt_growth",5,0.111291603655185,0.0792197720630396,0.0103601151542336,0.0237487997328888,0.204027724901105,0.324590532432723
"debt_growth","debt_growth",6,0.11196856052785,0.0807876115731934,0.0108341900090345,0.0246497536855922,0.204303325410777,0.321934999196676
"debt_growth","debt_growth",7,0.1123228896176,0.0802573977976019,0.0111397862579885,0.0249993592011149,0.204968903959326,0.325785473955332
"debt_growth","debt_growth",8,0.112527405905228,0.0806797855809447,0.0115125600700144,0.0254812666716375,0.205665137774906,0.321020185591951
"debt_growth","debt_growth",9,0.112664790170159,0.0806695950008021,0.0117429258772023,0.0258003308340732,0.206009185471548,0.322096894001583
"debt_growth","debt_growth",10,0.112733703852555,0.0808578267336132,0.0120377453029692,0.0261115863337338,0.206084383819197,0.321472130316659
"debt_growth","debt_growth",11,0.112791673999382,0.0809735236792904,0.0124195696036498,0.0267209952524413,0.205543543260125,0.320706406215996
"debt_growth","debt_growth",12,0.112809490228587,0.0813584204992384,0.0128615446374635,0.0273491978986356,0.204507624524847,0.320255793948406
"debt_growth","debt_growth",13,0.112847361198244,0.0816530874968894,0.0133089639775771,0.0279934573309885,0.203987279861946,0.318721600921498
"debt_growth","debt_growth",14,0.112870824166079,0.0820153105323412,0.0137103405306919,0.0285346564919422,0.203128382426059,0.317145091634948
"debt_growth","debt_growth",15,0.112906061652947,0.08261374777589,0.0142540293065258,0.0291005129425357,0.202260908486474,0.314878868670503
"debt_growth","debt_growth",16,0.112930021772643,0.0831059336909612,0.0146458550175545,0.0296663767816195,0.201088683729283,0.312627136277377
"debt_growth","debt_growth",17,0.112960316454306,0.0836693164779403,0.0150654774964564,0.0303754444161339,0.200477389275156,0.310835737849508
"debt_growth","debt_growth",18,0.112982597967849,0.0839035273859468,0.0154268339209786,0.0310083085618897,0.199491331054219,0.309432334468074
"debt_growth","debt_growth",19,0.113004672283021,0.0843395879781325,0.0157208144487113,0.0315736591646732,0.198789518194844,0.307669279798536
"debt_growth","debt_growth",20,0.113018657457988,0.0848171331578648,0.0159767152293087,0.0321139962452406,0.19794849658431,0.305639226608154
"debt_growth","debt_growth",21,0.113031463813439,0.0853001055949761,0.016224366959436,0.0325762020367575,0.197598817168474,0.304663104628619
"debt_growth","real_house_price_growth",1,0.106530145149706,0.0553851219961784,0.000477151678278182,0.00510775058808318,0.221333565386228,0.386235315413659
"debt_growth","real_house_price_growth",2,0.108479654703098,0.070329133172222,0.00501187050904857,0.0167536363938016,0.207040199978627,0.346252121655858
"debt_growth","real_house_price_growth",3,0.109656580114625,0.0728231782231821,0.00707649925548702,0.0196667422185268,0.20615675473512,0.339460760713794
"debt_growth","real_house_price_growth",4,0.110769388816536,0.0804969875535541,0.00953273453225232,0.0237984815321215,0.200917115767259,0.318288038743445
"debt_growth","real_house_price_growth",5,0.111571422623441,0.0796810531961819,0.0101804803140456,0.024052536794399,0.203264678093329,0.325619886757031
"debt_growth","real_house_price_growth",6,0.112182128281875,0.0815913664387412,0.010502670424924,0.0247087772397395,0.204198561736769,0.32037176227233
"debt_growth","real_house_price_growth",7,0.112650086199377,0.0811389895455858,0.0109915839986042,0.0250139927183874,0.205641875395969,0.323964066288975
"debt_growth","real_house_price_growth",8,0.112820386775912,0.0816926634223727,0.0113747237189376,0.0256298409432603,0.205004910897796,0.320488553972057
"debt_growth","real_house_price_growth",9,0.113040534158888,0.0814276099150098,0.0115923370897014,0.0257598131221806,0.205421839786713,0.323091364412947
"debt_growth","real_house_price_growth",10,0.113115673823043,0.0816780532372469,0.0119489828313533,0.0260066186162981,0.204677168530275,0.322815660221253
"debt_growth","real_house_price_growth",11,0.113210220977801,0.0816295150551389,0.0123020749332684,0.0265326915535212,0.205217257549327,0.322155629629809
"debt_growth","real_house_price_growth",12,0.113215482575364,0.0818289084829388,0.0127493427115017,0.0271178194731171,0.204829382116816,0.320266821696416
"debt_growth","real_house_price_growth",13,0.113260051448204,0.0821085669050837,0.0131245596618358,0.0276204936542906,0.204134222641685,0.318701473601657
"debt_growth","real_house_price_growth",14,0.11327128785131,0.0823777129070576,0.0135016225840785,0.0282434194958068,0.203373026826294,0.316886632496765
"debt_growth","real_house_price_growth",15,0.113301026882497,0.0827611179559191,0.0138810544607492,0.0288397059190475,0.202810503431929,0.31503689463707
"debt_growth","real_house_price_growth",16,0.113310702694162,0.0832295928679614,0.0142089668753524,0.0293498269833578,0.202077104859333,0.313570404608665
"debt_growth","real_house_price_growth",17,0.113331406380941,0.0839287521972936,0.0146427395951269,0.0300197102077445,0.2012954582822,0.311287121563783
"debt_growth","real_house_price_growth",18,0.113343031005463,0.0843318306978653,0.0149747865541401,0.0306547020121391,0.20040328192251,0.309718736828876
"debt_growth","real_house_price_growth",19,0.11335736118276,0.085140400092342,0.0153676107136621,0.0312264709993941,0.199319094425203,0.308040056430025
"debt_growth","real_house_price_growth",20,0.113365726419342,0.0857019435622935,0.0156743245536284,0.0317453868602559,0.198755488363778,0.306385272564004
"debt_growth","real_house_price_growth",21,0.113374377222331,0.0860421077636836,0.0160368850726709,0.0321884696628952,0.198109156914831,0.305348786815007
"debt_growth","asset_liability_ratio",1,0.107795770218073,0.0568876393369589,0.000529751065283387,0.00536604383038326,0.223978307937656,0.387341186168693
"debt_growth","asset_liability_ratio",2,0.109308233579743,0.0710852458412699,0.00484890547096934,0.0171048337285778,0.209832459607347,0.346065692446895
"debt_growth","asset_liability_ratio",3,0.110133350803776,0.0735713388740798,0.0069513553204305,0.0196676549132536,0.20744362585206,0.341440462718385
"debt_growth","asset_liability_ratio",4,0.111027649654319,0.080711862283768,0.00949261132233317,0.0237624179175413,0.202241227678874,0.320487288862388
"debt_growth","asset_liability_ratio",5,0.111620527852877,0.0796070439231146,0.0101577376530592,0.0239231469647398,0.203116690784886,0.326692754111535
"debt_growth","asset_liability_ratio",6,0.112082715592715,0.0814226349894303,0.0104120294429794,0.0248038544538769,0.203510481443911,0.323278878538489
"debt_growth","asset_liability_ratio",7,0.112437375348169,0.0807228723130451,0.0107925158025214,0.0250066378742253,0.204325981171809,0.325951922637059
"debt_growth","asset_liability_ratio",8,0.112532260899765,0.0816323720882886,0.0111949723105903,0.0254567014917553,0.203855075093508,0.322015638167813
"debt_growth","asset_liability_ratio",9,0.11270721494495,0.0815628309155949,0.011549864339522,0.0258955895041419,0.20477699686608,0.322329800702613
"debt_growth","asset_liability_ratio",10,0.112737804143368,0.0817899456150921,0.0118192896933175,0.0262126504633516,0.203948113170824,0.32204183447277
"debt_growth","asset_liability_ratio",11,0.112808143615178,0.081960739708192,0.0122573791250972,0.0266259696763572,0.203177357534002,0.322243526274273
"debt_growth","asset_liability_ratio",12,0.112786276564428,0.0821020222984502,0.012743427026576,0.0270918396772795,0.202614764704254,0.320205685152671
"debt_growth","asset_liability_ratio",13,0.112822777341561,0.0826295224170392,0.0131875103308804,0.0277595001112981,0.202040034706328,0.318586732594397
"debt_growth","asset_liability_ratio",14,0.112809878118962,0.0831479656641934,0.0135804535600331,0.0283984939994495,0.201018849121729,0.316738090784074
"debt_growth","asset_liability_ratio",15,0.112825077026096,0.0833517146217736,0.0140146313683082,0.0291373836940606,0.200265951825392,0.315170115657625
"debt_growth","asset_liability_ratio",16,0.112812635899232,0.0839169494131344,0.0144402848590368,0.0296612747046879,0.199170470717585,0.313378451145538
"debt_growth","asset_liability_ratio",17,0.112820110239385,0.0843286934254754,0.0148897023974015,0.0302891035259654,0.198283115829396,0.310970546165075
"debt_growth","asset_liability_ratio",18,0.11281314667897,0.0848898060380725,0.0152102136272195,0.0308113925948113,0.197774303667307,0.309405940520422
"debt_growth","asset_liability_ratio",19,0.112813170067287,0.0853609678815165,0.0155683817761438,0.031338300885586,0.197260034668096,0.307056598640905
"debt_growth","asset_liability_ratio",20,0.112806765101037,0.0858610897012127,0.0157709053799883,0.0317923548207622,0.196460527275178,0.305108507471627
"debt_growth","asset_liability_ratio",21,0.112802671591972,0.0862851963992773,0.0160323999482783,0.0322833087294688,0.195717591637438,0.303129872405123
"real_house_price_growth","gdp_growth",1,0.113158945015083,0.0600461121145927,0.000530506863463635,0.00561385713698534,0.234911318810161,0.404566221470011
"real_house_price_growth","gdp_growth",2,0.113217133375064,0.066481871726748,0.00393561486561287,0.0141613847203776,0.225735556324281,0.377099898640386
"real_house_price_growth","gdp_growth",3,0.112393795279765,0.0812058774142708,0.0101002767203815,0.0250377241367439,0.20511320408543,0.322165704683336
"real_house_price_growth","gdp_growth",4,0.112273408462679,0.0847972748533721,0.0132644493856891,0.0286561769732685,0.200120756338225,0.306413829526667
"real_house_price_growth","gdp_growth",5,0.112201084148862,0.0863548535986008,0.0148390937221145,0.0306212722928964,0.197114536427864,0.298869543574251
"real_house_price_growth","gdp_growth",6,0.112241578808842,0.0872176419885686,0.0163084390681522,0.0325008533947164,0.194567181034663,0.294330857396744
"real_house_price_growth","gdp_growth",7,0.112018358274075,0.0884005021084543,0.0172183358768617,0.0336232222203521,0.192959994596501,0.289333608317989
"real_house_price_growth","gdp_growth",8,0.1119665520357,0.0890355202161334,0.0178586446959677,0.0344527454367691,0.192008626020414,0.286247597521997
"real_house_price_growth","gdp_growth",9,0.111942689527472,0.089351283938263,0.0185158988767099,0.0353174822595282,0.191166888351713,0.283529977134722
"real_house_price_growth","gdp_growth",10,0.111978991071454,0.0896535535708483,0.0190527238354626,0.0359243386863493,0.190545112201774,0.281865945451961
"real_house_price_growth","gdp_growth",11,0.11198385261575,0.0898699667849321,0.0194400922779659,0.0364425708836744,0.190006726911068,0.280690597652121
"real_house_price_growth","gdp_growth",12,0.112016261598388,0.0902533713850292,0.0197979203756474,0.0368167489604741,0.189614340155496,0.279851306717285
"real_house_price_growth","gdp_growth",13,0.112037822752508,0.0904473669303584,0.020165812934122,0.0371825434374832,0.189190495272954,0.278955049780901
"real_house_price_growth","gdp_growth",14,0.112050815631566,0.0906450951581526,0.0205300376716185,0.0374937505036031,0.188687134400529,0.278234299863
"real_house_price_growth","gdp_growth",15,0.112053867900295,0.0908364574009479,0.0207904074349948,0.0378426095802806,0.188260446927599,0.276976875850803
"real_house_price_growth","gdp_growth",16,0.112050865669641,0.0908947245364781,0.0209415726015039,0.0379862572612867,0.188192983382201,0.276033012152511
"real_house_price_growth","gdp_growth",17,0.112045537297362,0.0910214302162781,0.0211139492129171,0.0381471973647184,0.18799345728942,0.275392936589665
"real_house_price_growth","gdp_growth",18,0.112034222200107,0.0910608042375283,0.0212486479174399,0.0384246787975785,0.187729311327257,0.274592823507643
"real_house_price_growth","gdp_growth",19,0.112026961914636,0.0912110680870581,0.021368111675198,0.0385894402505739,0.187616223369777,0.274034694577905
"real_house_price_growth","gdp_growth",20,0.112017976078989,0.0912845419773124,0.0215623092964064,0.0387522228507318,0.187362076137519,0.273549044533428
"real_house_price_growth","gdp_growth",21,0.112013238715029,0.0913409091542644,0.0217038824676366,0.0389605833895536,0.187195263989108,0.273092914408802
"real_house_price_growth","consumption_growth",1,0.111947986330692,0.0590939127687306,0.000532327466329783,0.00537982501935868,0.233838180993784,0.403430456956069
"real_house_price_growth","consumption_growth",2,0.112127514474199,0.0662422550879517,0.00394963177144333,0.0138282805858612,0.220976588475832,0.374283674654018
"real_house_price_growth","consumption_growth",3,0.111653377079394,0.080741884022671,0.0100336215480829,0.0249471340185684,0.202852282287848,0.323194263430399
"real_house_price_growth","consumption_growth",4,0.111738481893141,0.084744132531532,0.0129144629333822,0.0283477164932756,0.199621295600478,0.305801077519355
"real_house_price_growth","consumption_growth",5,0.11178790508529,0.0859305726112383,0.0147441451852959,0.0301616840774935,0.197097129099454,0.299150950532735
"real_house_price_growth","consumption_growth",6,0.111832803563052,0.0867305998711893,0.0161751645477667,0.0320751236005581,0.195352286862881,0.29403284187577
"real_house_price_growth","consumption_growth",7,0.111684059034796,0.0877084836609571,0.0171629554536509,0.0331154978759915,0.193993001213893,0.288205932037858
"real_house_price_growth","consumption_growth",8,0.111684902365993,0.0881384174548208,0.0177436502409221,0.0339311480366595,0.193189063255399,0.285010924497392
"real_house_price_growth","consumption_growth",9,0.111684564562219,0.0886471867849501,0.0183230075026017,0.0346725924447994,0.192435346511257,0.282853719984171
"real_house_price_growth","consumption_growth",10,0.111711277734828,0.0892097001441907,0.0189197626389273,0.0352286844207765,0.191939322745152,0.281011045707604
"real_house_price_growth","consumption_growth",11,0.111726999210546,0.0894598546329847,0.0193392549736436,0.0358175835858315,0.191336026143595,0.280129917616736
"real_house_price_growth","consumption_growth",12,0.111764965227365,0.0896461060108074,0.0197536767530095,0.036210963684738,0.19076980146865,0.279750973527964
"real_house_price_growth","consumption_growth",13,0.111794576951271,0.0898297581946575,0.020007931673249,0.0365684175045217,0.190463410859544,0.278509910056501
"real_house_price_growth","consumption_growth",14,0.111824501876751,0.0898795528390185,0.0202959078923608,0.0369440349447152,0.190103639235265,0.277580831207067
"real_house_price_growth","consumption_growth",15,0.111848793160621,0.0901505488892992,0.0206126306989148,0.0372705672023186,0.189919978130204,0.276378229809082
"real_house_price_growth","consumption_growth",16,0.111871370835769,0.0903873821027177,0.0207996736620544,0.0375641560584386,0.189667854012968,0.275986436361235
"real_house_price_growth","consumption_growth",17,0.111887367483647,0.0903836750517371,0.0209657007356235,0.0378048385697817,0.18944940876022,0.275491987773587
"real_house_price_growth","consumption_growth",18,0.111897568625808,0.090675630542692,0.0211511937589897,0.0380042887063942,0.189230149887217,0.274947925464338
"real_house_price_growth","consumption_growth",19,0.111902917252242,0.0907956712436146,0.0212781159251531,0.0382059357514426,0.189001250198871,0.27471026788787
"real_house_price_growth","consumption_growth",20,0.111904897288241,0.0908427769559639,0.0214559192195503,0.0384023880730671,0.188782200475551,0.274168026834971
"real_house_price_growth","consumption_growth",21,0.11190338104264,0.0909270156360649,0.0216256595896439,0.0385420338710284,0.188531380403404,0.274103534610771
"real_house_price_growth","cpi_growth",1,0.112555114524092,0.060632457792343,0.000524922580204556,0.00542958931778084,0.232610018338325,0.402435312134809
"real_house_price_growth","cpi_growth",2,0.112915908119871,0.0666557283196565,0.00381223587685455,0.0138676762940256,0.222753949943719,0.375417113467588
"real_house_price_growth","cpi_growth",3,0.112114429293636,0.0812308952513826,0.00999044509668133,0.0251384750039666,0.20458780667243,0.321755803776708
"real_house_price_growth","cpi_growth",4,0.112049438928302,0.0846203448843168,0.0128798439020044,0.0284505015401814,0.200061210546394,0.304827874754196
"real_house_price_growth","cpi_growth",5,0.111947607078501,0.0858522674535226,0.0147624500495134,0.0302277545240801,0.197799188709837,0.299600425371209
"real_house_price_growth","cpi_growth",6,0.112021462680444,0.0865441070575491,0.0163082897063628,0.0321380701869626,0.195724535802259,0.295107598722248
"real_house_price_growth","cpi_growth",7,0.111864891664061,0.0873997939203506,0.0171427167561672,0.0333031206459116,0.194120835491382,0.28943972178744
"real_house_price_growth","cpi_growth",8,0.111869764738539,0.088086542776412,0.0178900518310752,0.0340430817176916,0.192907664139101,0.286254869216145
"real_house_price_growth","cpi_growth",9,0.111860285886333,0.0884728468310841,0.0185541370746054,0.0348892628699608,0.191826119370274,0.284341011382083
"real_house_price_growth","cpi_growth",10,0.111871204734986,0.0888657911288034,0.0190452709823378,0.0354801666467926,0.191155782871163,0.282892527211549
"real_house_price_growth","cpi_growth",11,0.11187891182118,0.0890915210422525,0.0195590866200085,0.0359442371568889,0.190374687286801,0.281562412234534
"real_house_price_growth","cpi_growth",12,0.111894516509806,0.0894142746526274,0.0198846022107953,0.0364166399145008,0.18991576368216,0.280412753539393
"real_house_price_growth","cpi_growth",13,0.111904656743699,0.0895969637573782,0.0201188799196991,0.0368205296620266,0.189581684908762,0.279241526687539
"real_house_price_growth","cpi_growth",14,0.1119043517548,0.0899064694817713,0.0203449554375298,0.0371276375465212,0.189100479476083,0.278181366141261
"real_house_price_growth","cpi_growth",15,0.111912713632521,0.0901269067179763,0.0205907704535442,0.0374517725075026,0.188838323538996,0.277572148103829
"real_house_price_growth","cpi_growth",16,0.111915734628255,0.0903587556650089,0.020865747013682,0.0378062055441104,0.188551223337435,0.276829321177777
"real_house_price_growth","cpi_growth",17,0.111921655700314,0.0906100308281318,0.0211092799206391,0.0380191276749409,0.188123959559194,0.276070589857891
"real_house_price_growth","cpi_growth",18,0.111921481881321,0.0908001847945923,0.0212718544487914,0.0382223399860627,0.18778381398654,0.275318978562271
"real_house_price_growth","cpi_growth",19,0.111929151859714,0.0909012055767329,0.0213903027584844,0.0384832720796593,0.187694361306898,0.274706651274665
"real_house_price_growth","cpi_growth",20,0.111934323077385,0.0909511792989879,0.0215832593955666,0.0387111464440233,0.187414132931297,0.274173335040779
"real_house_price_growth","cpi_growth",21,0.111944279607197,0.0910887771333613,0.0218167511919933,0.0388734887886922,0.187125611936131,0.273590280413606
"real_house_price_growth","saving_rate",1,0.112723465201473,0.0597013053697658,0.000553662519184057,0.00554305130492733,0.234563853492626,0.405898847409821
"real_house_price_growth","saving_rate",2,0.113124309510705,0.0659692587129335,0.00411874827108442,0.014237621583234,0.225131822331143,0.377980589548084
"real_house_price_growth","saving_rate",3,0.112366669455908,0.0811756482400369,0.0100669930362184,0.0251363243022513,0.205821058670791,0.322632242023967
"real_house_price_growth","saving_rate",4,0.112327279431293,0.0854031226092511,0.0130149872609777,0.0285930357245602,0.201444744567189,0.304345835586857
"real_house_price_growth","saving_rate",5,0.112244004221715,0.0862690638702062,0.0150061953490956,0.0306334007327269,0.198477431470772,0.29733886987923
"real_house_price_growth","saving_rate",6,0.112302631646141,0.0873614342255273,0.0164628699252874,0.0325733110302785,0.197023220054532,0.293634565329145
"real_house_price_growth","saving_rate",7,0.112119321705215,0.0880726644638909,0.017432618209951,0.033874819698718,0.195244080623654,0.288030697333495
"real_house_price_growth","saving_rate",8,0.112112058271637,0.0887836487363995,0.0180632165859008,0.0346275271662019,0.194367704038814,0.284679574190809
"real_house_price_growth","saving_rate",9,0.112074170257523,0.0893499417864302,0.018511325593142,0.0352709590138947,0.193351555043278,0.282400971035736
"real_house_price_growth","saving_rate",10,0.112067741084977,0.0896416931421667,0.0191026416340298,0.0358741223074629,0.192788518432224,0.28063972130107
"real_house_price_growth","saving_rate",11,0.112053175274304,0.0897579543983866,0.0195926399578122,0.0363975245240861,0.192471496097675,0.279419223944847
"real_house_price_growth","saving_rate",12,0.112066249048728,0.0900259742622407,0.0200046422537098,0.0367701682157983,0.1920928949065,0.278962534627342
"real_house_price_growth","saving_rate",13,0.112072972985421,0.0902964019015791,0.0203360032818834,0.0371198713493794,0.191351515537943,0.27770155284162
"real_house_price_growth","saving_rate",14,0.112077182252506,0.0905156910685027,0.0206504528560808,0.0373807348301787,0.190891217182655,0.27637305782696
"real_house_price_growth","saving_rate",15,0.112086058140812,0.0906274295417045,0.0209050883037709,0.0376490959510781,0.190751391082232,0.275941932424742
"real_house_price_growth","saving_rate",16,0.112092357444854,0.0908189097883497,0.0211455026368751,0.037848959677463,0.190713722552717,0.275313222804513
"real_house_price_growth","saving_rate",17,0.112097095419065,0.0908845485428331,0.0215028676279957,0.0380673367541329,0.190253304981765,0.274796220008561
"real_house_price_growth","saving_rate",18,0.112096757363976,0.0910136874238711,0.0217322594384298,0.0383276760634765,0.189902769462411,0.273879625376953
"real_house_price_growth","saving_rate",19,0.112099662769032,0.0911093558484041,0.021917401649325,0.0385758448873248,0.189826843599436,0.273027139091799
"real_house_price_growth","saving_rate",20,0.112100006342715,0.0912589427328477,0.0221012869732044,0.0387333055403618,0.189542239647757,0.272500809767931
"real_house_price_growth","saving_rate",21,0.112101617354482,0.0913883092087817,0.0222217603203812,0.0388772566936262,0.189456623181844,0.272038288670331
"real_house_price_growth","policy_rate",1,0.0998947050319365,0.0534650886455428,0.0004280177848867,0.00463171679800816,0.206520427810632,0.358142741872042
"real_house_price_growth","policy_rate",2,0.0980650727479208,0.0600841073528239,0.00369812553750949,0.0132880724241653,0.191252406155218,0.324411468181031
"real_house_price_growth","policy_rate",3,0.103543280363737,0.0787902810531445,0.013848450822279,0.0293725550274248,0.181163273733422,0.281084459169082
"real_house_price_growth","policy_rate",4,0.103663430620568,0.081885673319177,0.015748765669713,0.0310774172924987,0.178701788108715,0.268083122547551
"real_house_price_growth","policy_rate",5,0.103877250844504,0.0827617755547276,0.0172399733387716,0.0327137204753472,0.177802633998578,0.262792507633636
"real_house_price_growth","policy_rate",6,0.103285562851275,0.0831419898022582,0.0184329160765519,0.0338832612436005,0.175185212596891,0.257976103587957
"real_house_price_growth","policy_rate",7,0.104655892011193,0.0850566866134014,0.0196930340528016,0.0355320270769461,0.175831076337909,0.256613642632841
"real_house_price_growth","policy_rate",8,0.104786489888717,0.0856819969824448,0.0202830334293815,0.0360508685766918,0.175697228000408,0.254961018772507
"real_house_price_growth","policy_rate",9,0.104939658838203,0.0863535634659422,0.0207458499957654,0.0367803916304595,0.17529936384133,0.253805858583777
"real_house_price_growth","policy_rate",10,0.104825898060849,0.0864885803147437,0.0211321486387102,0.0372464500748109,0.174214813662945,0.251887070211283
"real_house_price_growth","policy_rate",11,0.104810562858708,0.0867081139328237,0.0216319966977444,0.0377179476107702,0.173724248207796,0.250765283735422
"real_house_price_growth","policy_rate",12,0.104611215388798,0.0867509715167988,0.0218563245365005,0.0379330130825347,0.17291361987189,0.249511444622089
"real_house_price_growth","policy_rate",13,0.104453831310764,0.0866175887708842,0.0220359133968182,0.038162019215153,0.172288754532491,0.247857757227737
"real_house_price_growth","policy_rate",14,0.104333237419088,0.0865581104054495,0.0222463361588231,0.0384183639303529,0.171850430017115,0.247079373376898
"real_house_price_growth","policy_rate",15,0.104221080217584,0.086594837160901,0.0224507875462402,0.0386318941163344,0.171627632816576,0.246363381334118
"real_house_price_growth","policy_rate",16,0.104138454169629,0.0866512075711563,0.0225787344205777,0.0387669455342223,0.171485922035667,0.245604893794174
"real_house_price_growth","policy_rate",17,0.10407571602389,0.0866186408330517,0.0227396902365225,0.0390189884974305,0.171115158497179,0.245063815676931
"real_house_price_growth","policy_rate",18,0.104060736545664,0.0867152072257159,0.0228358434364731,0.0392084032645388,0.170838813984615,0.244739756691603
"real_house_price_growth","policy_rate",19,0.104033114231593,0.0869423550244221,0.022971373901209,0.0393481515603216,0.170595480585369,0.244385169236453
"real_house_price_growth","policy_rate",20,0.104025868208555,0.0869906934261462,0.0230668701010909,0.0394931824523245,0.170506084744066,0.244257029878524
"real_house_price_growth","policy_rate",21,0.104008349655362,0.0870934100336112,0.0232038783504302,0.0395636902611603,0.170239351268946,0.243622630531056
"real_house_price_growth","interest_burden",1,0.113278277284517,0.0610828109396298,0.000559030880428871,0.00570540019363726,0.235979420985465,0.403139166888458
"real_house_price_growth","interest_burden",2,0.113432553655203,0.0675664263154042,0.00417530732928918,0.0141534971594023,0.226277851324479,0.379385905661348
"real_house_price_growth","interest_burden",3,0.112573344346383,0.0816103029740247,0.0100817561070556,0.0249711299802109,0.205549251198321,0.322493550396924
"real_house_price_growth","interest_burden",4,0.112487927745585,0.0850203197043214,0.0128300862886738,0.0284553319520982,0.200499650642874,0.306432845762308
"real_house_price_growth","interest_burden",5,0.112497992130352,0.0864038710872579,0.014645868780664,0.0307005163554369,0.198680152381158,0.299890355132063
"real_house_price_growth","interest_burden",6,0.11253845195141,0.087424381159198,0.0161574497505966,0.0326598211995838,0.196411132580449,0.294842998106951
"real_house_price_growth","interest_burden",7,0.112377136649357,0.0883108033668182,0.0171163138985859,0.0338257149220402,0.194618339970964,0.289017385415347
"real_house_price_growth","interest_burden",8,0.112363160377384,0.0887285380037465,0.0178705894561888,0.0345929745407441,0.1938712042799,0.285775515712952
"real_house_price_growth","interest_burden",9,0.112337177387861,0.0890231412631019,0.0184004012443012,0.0351660232658987,0.19331404417566,0.284162105310328
"real_house_price_growth","interest_burden",10,0.11233260965179,0.089474114851771,0.0188568098525667,0.0358563336578796,0.192251685093638,0.283210682176462
"real_house_price_growth","interest_burden",11,0.112322376380653,0.0897361893799323,0.0194155718594015,0.0363591191125476,0.19171839229795,0.281836401354443
"real_house_price_growth","interest_burden",12,0.112330682268498,0.0900382759388031,0.0197426360175781,0.0368221528944583,0.191121866161011,0.280923534090599
"real_house_price_growth","interest_burden",13,0.112340549535157,0.0902287062880913,0.0201018233888369,0.0371447504448574,0.190363174326828,0.27960541068644
"real_house_price_growth","interest_burden",14,0.112348740282211,0.0904253399132318,0.0203428877691842,0.0374435557139945,0.190042964268132,0.278628601227995
"real_house_price_growth","interest_burden",15,0.112362185785776,0.0907203445166744,0.0206283988298805,0.0377363150355267,0.189648674331356,0.27819386528103
"real_house_price_growth","interest_burden",16,0.112374072784704,0.0908062215857722,0.020844239606505,0.0379739561250992,0.189371072136568,0.277436744296999
"real_house_price_growth","interest_burden",17,0.112385695469744,0.0909984871261251,0.0211046661739061,0.0381544443280941,0.189021989545048,0.276751991863922
"real_house_price_growth","interest_burden",18,0.112391447142949,0.0910635838511376,0.0213885240720788,0.0383325577898181,0.188746062854357,0.276549865190701
"real_house_price_growth","interest_burden",19,0.112396434820848,0.0912980584492146,0.0216208664315828,0.038541686618626,0.188425744388092,0.275952114405418
"real_house_price_growth","interest_burden",20,0.112397174081792,0.0914029919811915,0.0218297789980105,0.0387446145012768,0.188219141803586,0.275361344645334
"real_house_price_growth","interest_burden",21,0.112396195909253,0.091484346654423,0.0219423483156149,0.0389010296020841,0.187937288156302,0.274980101314779
"real_house_price_growth","debt_growth",1,0.11264725300596,0.0601965310129706,0.000529428300157945,0.00559504229423997,0.234081507522124,0.399224656450338
"real_house_price_growth","debt_growth",2,0.112905574384711,0.0670133959234404,0.00394219108418178,0.0140111043985331,0.223512563342236,0.376517449836325
"real_house_price_growth","debt_growth",3,0.112368562761654,0.0813646990518666,0.0101216331082336,0.0251581676239283,0.203647323506391,0.323487885382692
"real_house_price_growth","debt_growth",4,0.112372229954824,0.0855937379683507,0.0128201655467882,0.0286857482037456,0.199451236902688,0.305561538259359
"real_house_price_growth","debt_growth",5,0.112318635362043,0.0865434789590903,0.0145975933540575,0.0306336881586122,0.196889967129234,0.298698113706496
"real_house_price_growth","debt_growth",6,0.112348422479163,0.0873525114062481,0.0163058855763594,0.0326549364768077,0.195424050367643,0.293199202022359
"real_house_price_growth","debt_growth",7,0.112206389886504,0.0882824583817078,0.0174161046495387,0.0337824945798419,0.194084304814621,0.287541290509087
"real_house_price_growth","debt_growth",8,0.112187228786251,0.0889442665461017,0.0179815953445115,0.034583968795545,0.192909276463359,0.285163131898742
"real_house_price_growth","debt_growth",9,0.112178741051431,0.0895138696912672,0.0184741531778654,0.0353748899845862,0.192470292877417,0.283252656176144
"real_house_price_growth","debt_growth",10,0.112199007672139,0.0898301374181841,0.0190087078761783,0.0359547708154481,0.191561622231944,0.281085046835978
"real_house_price_growth","debt_growth",11,0.112219284693047,0.0901189303999732,0.0194449350188411,0.0365012260430159,0.190872939203931,0.279516981590176
"real_house_price_growth","debt_growth",12,0.112260802835923,0.0903043407367742,0.019867737231346,0.0369891305032353,0.190363646837038,0.278780983070005
"real_house_price_growth","debt_growth",13,0.112299430827892,0.0906112683179307,0.0202017396093064,0.0374091703116027,0.189825278356038,0.277872321127749
"real_house_price_growth","debt_growth",14,0.112332951250872,0.0909727578031783,0.0204418533663738,0.037722186634432,0.189410685323876,0.277246084265932
"real_house_price_growth","debt_growth",15,0.112356745278424,0.091234978083593,0.0207073905529237,0.0381141537432733,0.189145484302418,0.276218470760237
"real_house_price_growth","debt_growth",16,0.112375307797722,0.0913400028852337,0.0210161013835597,0.038431030446111,0.188850558395945,0.275310379222957
"real_house_price_growth","debt_growth",17,0.112386950678299,0.0914387770776631,0.0212731078632371,0.0386509405405553,0.188524084599204,0.274697307329015
"real_house_price_growth","debt_growth",18,0.112393964774154,0.0916378898338249,0.0213955000006464,0.038819938762891,0.188464042332592,0.274318955809184
"real_house_price_growth","debt_growth",19,0.112397712021047,0.0918189240427661,0.0215862425837864,0.0389998454942385,0.188347781341161,0.273630214024314
"real_house_price_growth","debt_growth",20,0.112401275601236,0.092071638952874,0.0218381984768293,0.0392182225513519,0.188311781899357,0.272846986521412
"real_house_price_growth","debt_growth",21,0.112404769920689,0.0921579015995147,0.0219739917866862,0.0393117647695168,0.188041648694199,0.272532184344465
"real_house_price_growth","real_house_price_growth",1,0.112511922648585,0.0589779793773219,0.000511228268815309,0.00550018572712685,0.235025519480903,0.402108389693503
"real_house_price_growth","real_house_price_growth",2,0.112664489447573,0.0660871097857911,0.00398008408355293,0.0140338387500957,0.22433931157237,0.379849018219715
"real_house_price_growth","real_house_price_growth",3,0.111744606834668,0.0804976533148549,0.0100340498571668,0.024893038757759,0.203855116670366,0.323793184280406
"real_house_price_growth","real_house_price_growth",4,0.111759635571523,0.0841144949530442,0.0129312080196677,0.0282870470327498,0.199293147425748,0.305910054104668
"real_house_price_growth","real_house_price_growth",5,0.111759851440962,0.0852725521783432,0.0147524583395661,0.0304737368861611,0.197597817332566,0.299401069378802
"real_house_price_growth","real_house_price_growth",6,0.111910804229652,0.0862676792258731,0.0161254825199949,0.0323974783972075,0.1957570587027,0.29492563427258
"real_house_price_growth","real_house_price_growth",7,0.111731353987217,0.0874395951593468,0.0173081469844765,0.0334544394330771,0.194455998643413,0.289178989247734
"real_house_price_growth","real_house_price_growth",8,0.111709500831061,0.0879131673107004,0.0179739335059794,0.0341541053411521,0.193430342203677,0.286357573165079
"real_house_price_growth","real_house_price_growth",9,0.111685338503529,0.0885133044900072,0.0186099972319449,0.0348192303479829,0.192368642096428,0.284539312400053
"real_house_price_growth","real_house_price_growth",10,0.111687274706437,0.0889541763231084,0.0190989878050182,0.035459171181744,0.191624694543236,0.282587855472193
"real_house_price_growth","real_house_price_growth",11,0.111684053142798,0.0891998946599643,0.0195581988825506,0.0360190775522986,0.191108010406462,0.280681857214407
"real_house_price_growth","real_house_price_growth",12,0.111704587707875,0.0894497380401439,0.0198844187944658,0.0364575498721268,0.190585521529832,0.279331615220213
"real_house_price_growth","real_house_price_growth",13,0.111722814088953,0.0896147158818186,0.0202280928350437,0.0368647532401683,0.190161634453439,0.278249829479146
"real_house_price_growth","real_house_price_growth",14,0.111729879910149,0.089946434942048,0.020444216332286,0.0372345278664803,0.189866249532368,0.277254198712502
"real_house_price_growth","real_house_price_growth",15,0.111739986308899,0.0900466271748853,0.0207726157669983,0.0375517143765132,0.189501465684999,0.276342032049754
"real_house_price_growth","real_house_price_growth",16,0.111744181880958,0.0902554531139354,0.0211423082247091,0.0378211979888919,0.189268011764713,0.275302710645954
"real_house_price_growth","real_house_price_growth",17,0.111745369873251,0.0905305676391855,0.0214001135071081,0.038072848630267,0.188937677508944,0.27467824500747
"real_house_price_growth","real_house_price_growth",18,0.111738291926155,0.090694955343978,0.0215823045733098,0.0383096823598299,0.188678167526813,0.274036850032465
"real_house_price_growth","real_house_price_growth",19,0.111735865809538,0.0908373563044393,0.0216747535646048,0.03850135203228,0.188446730287797,0.273494344253144
"real_house_price_growth","real_house_price_growth",20,0.111731695587593,0.0909301904100052,0.0218623944612151,0.0386549349601209,0.188080830666048,0.273173249195961
"real_house_price_growth","real_house_price_growth",21,0.111731457759092,0.0910840636875669,0.0220628888970731,0.038786081644263,0.18809638119936,0.272817881007198
"real_house_price_growth","asset_liability_ratio",1,0.111282330957661,0.0596152853230301,0.000549574088903981,0.00548298342675996,0.229558667003474,0.395448418556482
"real_house_price_growth","asset_liability_ratio",2,0.111547444284754,0.0668534780341276,0.00405085624930554,0.0139522291885392,0.219628341116555,0.369677495630868
"real_house_price_growth","asset_liability_ratio",3,0.111241934584855,0.08103913373877,0.0101126771927953,0.0250631315853712,0.202482234052273,0.319672940407698
"real_house_price_growth","asset_liability_ratio",4,0.111328167392086,0.084604388883054,0.0128166381022671,0.0285699181391079,0.198717429538835,0.302796072742909
"real_house_price_growth","asset_liability_ratio",5,0.111365669687771,0.0861677322199352,0.0145963784428762,0.0304476919058951,0.19582000733921,0.297857849742976
"real_house_price_growth","asset_liability_ratio",6,0.111518281790022,0.0871313859607962,0.0160547290074415,0.0323096194160008,0.194145100868835,0.292751146898575
"real_house_price_growth","asset_liability_ratio",7,0.111342596787581,0.0881252120404937,0.0171622567870677,0.033465697636123,0.193175657280971,0.286594971424257
"real_house_price_growth","asset_liability_ratio",8,0.111320342704718,0.0885679107558127,0.0178578274659946,0.0342948999535849,0.192178987563293,0.28350669543082
"real_house_price_growth","asset_liability_ratio",9,0.111297373985429,0.089058587545318,0.0185014009541928,0.0350282360030083,0.191069583880411,0.281288358841276
"real_house_price_growth","asset_liability_ratio",10,0.111325995282539,0.0892723645413935,0.0189032739674513,0.0355958012796408,0.190678198049608,0.279846336787046
"real_house_price_growth","asset_liability_ratio",11,0.111320784003015,0.0895647339142935,0.019323113908849,0.036098624554583,0.189857061222871,0.278476305465646
"real_house_price_growth","asset_liability_ratio",12,0.111350719414619,0.0896382407106644,0.0196772034339142,0.0365380323442521,0.18956456522172,0.277214005908828
"real_house_price_growth","asset_liability_ratio",13,0.111373344804335,0.0898031766045788,0.0200649784394213,0.0369920687763216,0.189105980165691,0.275945828819267
"real_house_price_growth","asset_liability_ratio",14,0.111398339622057,0.0900011050667873,0.0202662617494698,0.0372539280404142,0.188902069403436,0.275247255586578
"real_house_price_growth","asset_liability_ratio",15,0.11141856957507,0.0902894339959804,0.0206006618432558,0.0375917742833496,0.188539501620587,0.274442119683416
"real_house_price_growth","asset_liability_ratio",16,0.111437654788468,0.0903887904510205,0.020865827518146,0.0378843622594556,0.188250991506934,0.273660246249948
"real_house_price_growth","asset_liability_ratio",17,0.111454612054428,0.0905988110742216,0.0211315788362134,0.0381779833372455,0.188078090332849,0.272976199543246
"real_house_price_growth","asset_liability_ratio",18,0.111465529539866,0.0908308918750919,0.0212636134778526,0.0384563721760922,0.187782272376871,0.272050500357412
"real_house_price_growth","asset_liability_ratio",19,0.11147817932135,0.090953258874027,0.0214019359450352,0.0386704115602138,0.187629210995102,0.27123450888896
"real_house_price_growth","asset_liability_ratio",20,0.111486783733496,0.0909685652703591,0.0215194907412701,0.0388756623607411,0.18737110851883,0.270626955600232
"real_house_price_growth","asset_liability_ratio",21,0.111496710036256,0.0911087022255478,0.0216679982718662,0.0391040628674697,0.187149045902893,0.270259958513423
"asset_liability_ratio","gdp_growth",1,0.110228661831978,0.0577233483861078,0.000537528784075933,0.0053688586837135,0.22940298302759,0.397211974879569
"asset_liability_ratio","gdp_growth",2,0.109995478817495,0.058455191701551,0.00216657962553369,0.00818945337633753,0.22569847057322,0.387397047707748
"asset_liability_ratio","gdp_growth",3,0.109971122716086,0.0600406398993959,0.00303295947438792,0.00974940358539403,0.224105816299251,0.384202111370305
"asset_liability_ratio","gdp_growth",4,0.109892361126487,0.0607154256658449,0.00364979876887793,0.0108585216484279,0.221929098594674,0.379921535584773
"asset_liability_ratio","gdp_growth",5,0.1097013275737,0.0611619776764913,0.0041968062485283,0.0116614823135005,0.221263127533874,0.376671509755721
"asset_liability_ratio","gdp_growth",6,0.109502105608851,0.0616198014429075,0.00453721996036501,0.0122713362773737,0.219349184378796,0.372682010215228
"asset_liability_ratio","gdp_growth",7,0.109358168264833,0.0623821893531381,0.0048517271436392,0.0129928439146872,0.217151634631138,0.368967053139594
"asset_liability_ratio","gdp_growth",8,0.109261213105921,0.0630392293919043,0.00518451624694922,0.0136520430744254,0.215847668086343,0.365463696473581
"asset_liability_ratio","gdp_growth",9,0.109192861025499,0.0639557326168733,0.00549399358462702,0.0144529583535301,0.215355878413348,0.36251467187359
"asset_liability_ratio","gdp_growth",10,0.10916111455643,0.0645221797731599,0.00595319894821499,0.0151433333135598,0.214349273280181,0.359767783189443
"asset_liability_ratio","gdp_growth",11,0.109168370301132,0.0652638111115208,0.00622745750495142,0.0158556860361023,0.212904998703197,0.356275614945684
"asset_liability_ratio","gdp_growth",12,0.109209245602453,0.0661513485968511,0.00645976233255423,0.0164530403430487,0.211380115551128,0.355579469260643
"asset_liability_ratio","gdp_growth",13,0.109270537963433,0.0669930796165479,0.00672088032426272,0.0169803999954741,0.210219073874096,0.353509252282381
"asset_liability_ratio","gdp_growth",14,0.10934752856422,0.0680534726158176,0.00690858108753151,0.0175117006885692,0.209479149390514,0.351055269719198
"asset_liability_ratio","gdp_growth",15,0.109435480393731,0.0690646562370416,0.00714004894597885,0.018021606454062,0.209126759861932,0.348968751167353
"asset_liability_ratio","gdp_growth",16,0.10953014404762,0.0696347980545396,0.00725132337776436,0.0185178585374428,0.208597166192182,0.346813289172852
"asset_liability_ratio","gdp_growth",17,0.109626101936209,0.070103275843461,0.00732429355413935,0.0189281408267074,0.208323928529334,0.34615407684895
"asset_liability_ratio","gdp_growth",18,0.10972114492365,0.0707572773251548,0.00754718637300276,0.0193307849284132,0.207711904336741,0.34391804068174
"asset_liability_ratio","gdp_growth",19,0.109813414471461,0.0713952691963455,0.00772457828830644,0.0195106795542698,0.207198492715423,0.342585239992208
"asset_liability_ratio","gdp_growth",20,0.109901848118206,0.071945671755348,0.00779554268752813,0.019768446465143,0.206941003902283,0.340148922411751
"asset_liability_ratio","gdp_growth",21,0.109985374628391,0.072217182833366,0.00798068893937422,0.0199784083097481,0.206783370243352,0.340603529858053
"asset_liability_ratio","consumption_growth",1,0.109933074255117,0.0575758335070248,0.000470532234077449,0.00522344665069895,0.229092501016601,0.395323592763949
"asset_liability_ratio","consumption_growth",2,0.109584154733132,0.0592262094641731,0.0019497000357602,0.00810220348342705,0.224241937702101,0.389128584694805
"asset_liability_ratio","consumption_growth",3,0.10944566237852,0.0601422016382798,0.00299256757191476,0.00976689510834278,0.223297741289388,0.38478762389033
"asset_liability_ratio","consumption_growth",4,0.109447270103042,0.0608464157563189,0.00362280053640724,0.0107105890676576,0.222642307227894,0.381071671788216
"asset_liability_ratio","consumption_growth",5,0.109380339457479,0.0614064863770693,0.00415084998207965,0.0116773407034069,0.220899091498614,0.377890002166475
"asset_liability_ratio","consumption_growth",6,0.109299380577275,0.0616084867143987,0.00452633546067647,0.0125430410669833,0.219171977296289,0.376531905026772
"asset_liability_ratio","consumption_growth",7,0.10923275832172,0.0621586086344509,0.00479164136915928,0.0132210101783717,0.218597165871942,0.374842065917974
"asset_liability_ratio","consumption_growth",8,0.109223815453544,0.0628867300707161,0.00521674806816681,0.0139265927842078,0.216982617828065,0.374134868249415
"asset_liability_ratio","consumption_growth",9,0.109236417441945,0.0633280872223915,0.00556079519828499,0.0146056373565954,0.215462682332222,0.371351657317299
"asset_liability_ratio","consumption_growth",10,0.10927122097183,0.0640671673881905,0.00588743375859397,0.0152676284867624,0.213794538614186,0.368834886816984
"asset_liability_ratio","consumption_growth",11,0.109325170206327,0.0650226538117989,0.0062233096271746,0.0158887622046075,0.213263728937108,0.366256153080943
"asset_liability_ratio","consumption_growth",12,0.109407742235296,0.0658419807893032,0.00651464954237574,0.016548376665397,0.212070832969204,0.362842794590053
"asset_liability_ratio","consumption_growth",13,0.109502433401367,0.0667587718684146,0.00679533132629249,0.0171058138823228,0.210937857643991,0.359652905539729
"asset_liability_ratio","consumption_growth",14,0.109606096653715,0.0677722573973751,0.00699218028280696,0.0176336215354612,0.209871469859363,0.357082456259748
"asset_liability_ratio","consumption_growth",15,0.109713456741631,0.0686245370246967,0.00726714894851592,0.018121698284926,0.209785988379273,0.354691415364721
"asset_liability_ratio","consumption_growth",16,0.109825618079341,0.0696068533475326,0.00745724656018805,0.0185072672221214,0.209253547264668,0.352304304305737
"asset_liability_ratio","consumption_growth",17,0.109936373593422,0.0704420675822036,0.00756569023478465,0.0189348691497063,0.208088177190505,0.350413881731288
"asset_liability_ratio","consumption_growth",18,0.110044002781295,0.0710914974800317,0.00773906859174738,0.0192758797530486,0.207791946579528,0.349431903882641
"asset_liability_ratio","consumption_growth",19,0.110146403437285,0.0716718439389915,0.00795631331778753,0.0196534717965226,0.206934525780972,0.349146999307386
"asset_liability_ratio","consumption_growth",20,0.110244277005358,0.0719935625196528,0.00803036912426207,0.0198854487267422,0.206605607040176,0.348109983265266
"asset_liability_ratio","consumption_growth",21,0.11033624947181,0.0725372828585947,0.00817917250607858,0.0201032497603806,0.206540722777812,0.347637242036897
"asset_liability_ratio","cpi_growth",1,0.112788058531173,0.0603848415088107,0.00050487804371802,0.00539902686177266,0.234719191246018,0.405450911188496
"asset_liability_ratio","cpi_growth",2,0.112611831890743,0.0613095143058512,0.00200563894850541,0.00840566387672952,0.231556025315229,0.39728164205083
"asset_liability_ratio","cpi_growth",3,0.112440934216687,0.0613850464512763,0.00298798758098812,0.00995932507592025,0.228743722908388,0.395590511442585
"asset_liability_ratio","cpi_growth",4,0.112252859689503,0.061820047341661,0.00358278789540493,0.0110942649979736,0.226289573805352,0.390999866270141
"asset_liability_ratio","cpi_growth",5,0.112016617158637,0.062083425106633,0.0041638841443152,0.0119957732784743,0.224868618157568,0.391324739650283
"asset_liability_ratio","cpi_growth",6,0.111805601799227,0.0622308533743889,0.00464292665845027,0.0127958957419206,0.224042306281212,0.39040407400649
"asset_liability_ratio","cpi_growth",7,0.111621965274593,0.0625166453795335,0.00499608967943081,0.0135727725756839,0.22293258643779,0.385672860678227
"asset_liability_ratio","cpi_growth",8,0.11151155880356,0.0632354655282769,0.00538424949754827,0.0141360458832233,0.2206387403227,0.384846961600208
"asset_liability_ratio","cpi_growth",9,0.111441313799852,0.0636168846908983,0.00564548844782024,0.0148183164255381,0.219862319901917,0.380410192413868
"asset_liability_ratio","cpi_growth",10,0.111414005728646,0.064235673217039,0.00599595986425649,0.0154449114225117,0.217975380903898,0.377686520122614
"asset_liability_ratio","cpi_growth",11,0.111419771794429,0.0653531651073786,0.00631829336684942,0.0161107072950588,0.216721526085636,0.373521118851151
"asset_liability_ratio","cpi_growth",12,0.11146161466541,0.0662828924839358,0.00655781914871068,0.0167226455724522,0.215372943250055,0.371865223550379
"asset_liability_ratio","cpi_growth",13,0.111521069107742,0.0673101655113299,0.00681805419874965,0.0173308086553378,0.214279339939116,0.369369556146993
"asset_liability_ratio","cpi_growth",14,0.111591898481287,0.0683655009109055,0.00697901192518117,0.0179507995731116,0.214339119631419,0.366914823403565
"asset_liability_ratio","cpi_growth",15,0.111664257581311,0.0690981289317754,0.00713851501820423,0.018376974077383,0.213644885526361,0.36556214905715
"asset_liability_ratio","cpi_growth",16,0.111736618535336,0.0698167308495526,0.0073097130174084,0.0188113589723406,0.21307397962733,0.362918357166375
"asset_liability_ratio","cpi_growth",17,0.111803327534045,0.0706733888685541,0.00745997422250918,0.0191323477021728,0.212725574482999,0.360642564546679
"asset_liability_ratio","cpi_growth",18,0.111864139270839,0.0711278332799111,0.00762183675584838,0.0193578382123612,0.21242238986287,0.357927159488459
"asset_liability_ratio","cpi_growth",19,0.111917456201221,0.0714918104507448,0.00774156606248617,0.0195531590847167,0.212119595241795,0.356947220562852
"asset_liability_ratio","cpi_growth",20,0.111964899806681,0.0716256012742037,0.00783537206758921,0.0197863142348191,0.211989778614317,0.355511059058291
"asset_liability_ratio","cpi_growth",21,0.112006347590292,0.0720479215295113,0.0079044205625639,0.0198069903886853,0.211255726454341,0.354156156231663
"asset_liability_ratio","saving_rate",1,0.110400979413342,0.0581018588071729,0.00045846074820172,0.00521713969427681,0.229433193344567,0.400316488077469
"asset_liability_ratio","saving_rate",2,0.110102760257562,0.0588327234372571,0.00201535228975837,0.00831627614762252,0.225296341085274,0.393224306737937
"asset_liability_ratio","saving_rate",3,0.110047516634665,0.0596855137817206,0.0030149733749646,0.00980606195075952,0.223338929631108,0.388319521790193
"asset_liability_ratio","saving_rate",4,0.110113801086576,0.0601167509277235,0.00372102611211184,0.010790391633064,0.222001457170512,0.385000198741163
"asset_liability_ratio","saving_rate",5,0.110050244495372,0.0607173739939128,0.00422570189354452,0.0117250986336599,0.22187033179253,0.383992388417638
"asset_liability_ratio","saving_rate",6,0.109917964212754,0.0614242199571447,0.00463401782819215,0.0124753432350993,0.220315105488038,0.379327724034093
"asset_liability_ratio","saving_rate",7,0.109794464184888,0.0618605541098518,0.0048254855683386,0.0130027836506474,0.219119266671847,0.374751325291711
"asset_liability_ratio","saving_rate",8,0.10972773224434,0.062439397248416,0.00511642475605336,0.0137548333018076,0.217790893292291,0.373188195892199
"asset_liability_ratio","saving_rate",9,0.109667441618084,0.063564565341102,0.00543536386615338,0.0144514261057853,0.216197791256904,0.369724111745732
"asset_liability_ratio","saving_rate",10,0.109616790285037,0.0641489053576743,0.00571021985872451,0.0151591069537575,0.214693761218264,0.367003162782698
"asset_liability_ratio","saving_rate",11,0.109579893937307,0.0650701899998168,0.00600786072009293,0.0157404188113548,0.214018450845897,0.363756660886848
"asset_liability_ratio","saving_rate",12,0.1095693669927,0.0656646937713043,0.00628293045075301,0.0162385207663083,0.212602106827644,0.360022565951282
"asset_liability_ratio","saving_rate",13,0.109569540210853,0.0665373215118794,0.00656212672009299,0.0167372483142703,0.211672064873243,0.35705503039267
"asset_liability_ratio","saving_rate",14,0.109581349654442,0.0672553855151875,0.00678714463440351,0.0172321845707443,0.210638425387557,0.35452098187601
"asset_liability_ratio","saving_rate",15,0.109601962383798,0.0681271719015241,0.00701178578414428,0.0176050491794915,0.209809446653131,0.352212783839753
"asset_liability_ratio","saving_rate",16,0.109634184512656,0.0688523066155506,0.00719213645832445,0.0180045258352586,0.209342315324316,0.350327855306287
"asset_liability_ratio","saving_rate",17,0.109672137865373,0.0694293494357227,0.00729575908268305,0.0184374780637949,0.20888417905298,0.348356573278661
"asset_liability_ratio","saving_rate",18,0.10971523863002,0.0701380891555212,0.007435351751056,0.0187745384609542,0.208958056789993,0.346365446422991
"asset_liability_ratio","saving_rate",19,0.109760699252959,0.0705599375568271,0.00748487052069426,0.0190804036676092,0.207944373316871,0.345744184802448
"asset_liability_ratio","saving_rate",20,0.109808138361434,0.0708993873948479,0.00760056495077554,0.0193049668501778,0.207491969119524,0.344771046734171
"asset_liability_ratio","saving_rate",21,0.109855036703219,0.0714217721806542,0.00768318144997319,0.0195469349461157,0.207555003049395,0.343946326855284
"asset_liability_ratio","policy_rate",1,0.112885601152799,0.0597015222368324,0.000566513575745001,0.0053004232281029,0.235108182394405,0.402574698713629
"asset_liability_ratio","policy_rate",2,0.114529370185012,0.0632499937256677,0.00221305290178617,0.00878693541732778,0.235564787794778,0.399200421862519
"asset_liability_ratio","policy_rate",3,0.115158682325998,0.0643716039675481,0.00315764932048941,0.0103931924426201,0.235144294149861,0.398271681922542
"asset_liability_ratio","policy_rate",4,0.115330805984587,0.0648239419558528,0.00378758276511469,0.0113948459386302,0.234604376255257,0.396847210837454
"asset_liability_ratio","policy_rate",5,0.116107556015868,0.0660171022715738,0.00431453753655552,0.012394874436344,0.234622580139392,0.396568894656656
"asset_liability_ratio","policy_rate",6,0.117098414212834,0.0675291034045999,0.00478746835703193,0.0133033619480554,0.236134570949936,0.395744426526715
"asset_liability_ratio","policy_rate",7,0.117996179889952,0.0685685955005179,0.00509726105475174,0.0142341674358698,0.236410669992699,0.397277178996151
"asset_liability_ratio","policy_rate",8,0.118478270570111,0.0693043472332435,0.00539835210318078,0.014647753310123,0.235999739619221,0.397449797656183
"asset_liability_ratio","policy_rate",9,0.118767671024847,0.0699686718746323,0.00554359366595689,0.0150971624865751,0.23633516794438,0.396879154653739
"asset_liability_ratio","policy_rate",10,0.118846111054498,0.0704704224441951,0.00583929066282051,0.0156041315304612,0.236187726553046,0.394213255284851
"asset_liability_ratio","policy_rate",11,0.118737699003861,0.071164221669248,0.00609225696190548,0.0161004227195429,0.235332300418399,0.391965256313403
"asset_liability_ratio","policy_rate",12,0.118388330214208,0.0715992917808146,0.00623258748983609,0.0164665053208424,0.23439143012636,0.388750914985982
"asset_liability_ratio","policy_rate",13,0.117913936081901,0.071822320188393,0.00646017493090184,0.0167076920010216,0.233137957672189,0.385048123693623
"asset_liability_ratio","policy_rate",14,0.117346923473305,0.0717427627208019,0.00660576483258436,0.0169049300610706,0.230525722784637,0.381812854486934
"asset_liability_ratio","policy_rate",15,0.116740225926475,0.0717333391402982,0.00678410449016254,0.017132541095749,0.229016469116722,0.379302733502038
"asset_liability_ratio","policy_rate",16,0.11609716418523,0.0716429696769084,0.00695778674093988,0.0174007351059194,0.22732254763016,0.376089206434406
"asset_liability_ratio","policy_rate",17,0.115461579425347,0.07157197067564,0.00703451057153268,0.0175307129617093,0.225442907210541,0.373523722336034
"asset_liability_ratio","policy_rate",18,0.114844094987616,0.0714972782579442,0.00715364312491278,0.0176577696039638,0.22358792106459,0.370136409592487
"asset_liability_ratio","policy_rate",19,0.114261891413432,0.0714284760801182,0.00722874809917081,0.0177820412147295,0.221306418407387,0.368430311809376
"asset_liability_ratio","policy_rate",20,0.113711603131889,0.0713462859023563,0.00730711715218266,0.0179337943637721,0.219725307395239,0.365832721228994
"asset_liability_ratio","policy_rate",21,0.113201176957883,0.0712851625324916,0.0073751839163735,0.0181150427379099,0.218084284321205,0.363879803140293
"asset_liability_ratio","interest_burden",1,0.11109070475673,0.0585129305174375,0.000511350111205761,0.00514042031315698,0.230820944271472,0.399665674793413
"asset_liability_ratio","interest_burden",2,0.110798730301218,0.0601556599664026,0.00202408163613441,0.00823460122422996,0.227121393324694,0.392991063592223
"asset_liability_ratio","interest_burden",3,0.110600087107969,0.0608036600711981,0.0029010971767685,0.00991063293874301,0.224510923109927,0.387238093847434
"asset_liability_ratio","interest_burden",4,0.110493498084896,0.0615383563267088,0.00355136201448633,0.0108978708386102,0.224019572354033,0.38340789344172
"asset_liability_ratio","interest_burden",5,0.110353618242588,0.0615786842550486,0.00414849905527836,0.0118100733766724,0.222130789084607,0.38287017331722
"asset_liability_ratio","interest_burden",6,0.110203091617519,0.0617300272217526,0.00462961840576726,0.012655789631667,0.219727486742526,0.379431524724261
"asset_liability_ratio","interest_burden",7,0.110062947989406,0.0623961605303076,0.00495664074024657,0.0133160872338388,0.218410502621336,0.375730158445485
"asset_liability_ratio","interest_burden",8,0.109983016190462,0.062960526325704,0.00527223896277158,0.0139183331300622,0.216957246953359,0.372972252930355
"asset_liability_ratio","interest_burden",9,0.1099305961121,0.0636662008064324,0.00556402575742659,0.0145931241566283,0.215689376953946,0.371865156397411
"asset_liability_ratio","interest_burden",10,0.109909347717819,0.0645114304911023,0.00582508425497446,0.0152494482479464,0.214502464408662,0.370022326740002
"asset_liability_ratio","interest_burden",11,0.109910113126801,0.0657997166094714,0.00611553295579453,0.0159692714033316,0.213554096479307,0.3673520292657
"asset_liability_ratio","interest_burden",12,0.109943737719477,0.066561167992091,0.00645066513993607,0.0166430104068081,0.211752944130177,0.364701524446941
"asset_liability_ratio","interest_burden",13,0.109996190521357,0.0675334294074739,0.00676568186149978,0.0172716531937356,0.211007762966309,0.360884772771454
"asset_liability_ratio","interest_burden",14,0.11006239017866,0.0684180947759588,0.00700402440670844,0.017751273351337,0.210152880854192,0.357667324598983
"asset_liability_ratio","interest_burden",15,0.110133760066879,0.0692672652340205,0.00726229623136085,0.0181957329022935,0.209115388341685,0.355047521785438
"asset_liability_ratio","interest_burden",16,0.110209541613052,0.0701862351109153,0.00741878521964649,0.0185187437611135,0.209393539100733,0.353907531455859
"asset_liability_ratio","interest_burden",17,0.110283264958878,0.0708953459154876,0.00750941046961489,0.0188322004125149,0.208335648597081,0.351747570136321
"asset_liability_ratio","interest_burden",18,0.110352238424358,0.0715339530674013,0.00762174051483799,0.0191644444191094,0.207925589281841,0.350529427300278
"asset_liability_ratio","interest_burden",19,0.110413617601854,0.0718022008895388,0.00770470418062023,0.0194203640850344,0.207544607035895,0.350472712180576
"asset_liability_ratio","interest_burden",20,0.110467585827027,0.0721807285115987,0.0077610167438406,0.0195735079525069,0.207316407156101,0.349967800158349
"asset_liability_ratio","interest_burden",21,0.110513172463404,0.0723184137604794,0.00782917925443179,0.019808653015736,0.207262072911512,0.349146086050247
"asset_liability_ratio","debt_growth",1,0.110379191390026,0.0584639903575093,0.000538272800744038,0.00525834967809984,0.229515151575967,0.396326050602713
"asset_liability_ratio","debt_growth",2,0.110373107554788,0.0593255685425905,0.00201185588168773,0.00815129927325934,0.226812388777712,0.38834959160291
"asset_liability_ratio","debt_growth",3,0.110373683634437,0.0606751427552558,0.0029921852197617,0.0098220012901917,0.224399054842255,0.38465193931991
"asset_liability_ratio","debt_growth",4,0.110391130481465,0.061604223485037,0.00370661723041315,0.0109504829806612,0.223370429260945,0.382555336201769
"asset_liability_ratio","debt_growth",5,0.11034852107021,0.0623808917026775,0.00422253939312204,0.0118798071490505,0.221274573932079,0.380105995006241
"asset_liability_ratio","debt_growth",6,0.110270868866041,0.0627155499460129,0.00462465269348935,0.0125262283015355,0.220909544694095,0.377804494381718
"asset_liability_ratio","debt_growth",7,0.110190731998439,0.0633715669545479,0.00498609444725219,0.0132975565216537,0.218987865868666,0.375812419920869
"asset_liability_ratio","debt_growth",8,0.110146177564115,0.0638427054147879,0.00525843485740593,0.0139158179676868,0.217557250009394,0.3741288385896
"asset_liability_ratio","debt_growth",9,0.110123137304712,0.0646481309676787,0.00554929255764377,0.0145689035414208,0.216935908762576,0.36998811258653
"asset_liability_ratio","debt_growth",10,0.110127555976941,0.0651009811109598,0.00585526558041479,0.0151868518182645,0.216506289085765,0.36782297036297
"asset_liability_ratio","debt_growth",11,0.110151116041745,0.065799730884234,0.00617267217085895,0.0157776199130736,0.214998222712706,0.365009773344723
"asset_liability_ratio","debt_growth",12,0.110202155113088,0.0667969943266583,0.00643846285300317,0.0163985458727932,0.213912651918033,0.362806615322162
"asset_liability_ratio","debt_growth",13,0.110265866278247,0.0675705310875845,0.00667946601904413,0.0169784533380413,0.213240034986613,0.360431737913673
"asset_liability_ratio","debt_growth",14,0.11034001544214,0.0683225058356738,0.00686030201426397,0.0174355403328834,0.21313336518966,0.35761181420274
"asset_liability_ratio","debt_growth",15,0.110415831598528,0.0689164431048157,0.0071189748707288,0.0179790028916152,0.211861534763112,0.35486454051508
"asset_liability_ratio","debt_growth",16,0.110494372695722,0.0695616212046797,0.00728886980247314,0.0183279440817662,0.211666614896637,0.353483453253563
"asset_liability_ratio","debt_growth",17,0.110570538456286,0.0698542178019725,0.00739861970901333,0.0186325450464383,0.210594505244164,0.352144368190149
"asset_liability_ratio","debt_growth",18,0.110644311959866,0.0703435841154767,0.00752674737210614,0.0189260113928834,0.210153500086743,0.351136407272696
"asset_liability_ratio","debt_growth",19,0.110713083937708,0.0708836676731202,0.00765755996289276,0.0192593495403567,0.20996849069351,0.349771376084441
"asset_liability_ratio","debt_growth",20,0.110777988639037,0.0715630907860771,0.00776309781043768,0.0194452198514313,0.210156631010535,0.349506345700667
"asset_liability_ratio","debt_growth",21,0.11083822730361,0.0720696132452402,0.00781456103542125,0.0197050859764241,0.209983750278108,0.348119198327457
"asset_liability_ratio","real_house_price_growth",1,0.111784291428528,0.0598384109288988,0.000529887965058138,0.00534746441964387,0.231244595641502,0.401567123842627
"asset_liability_ratio","real_house_price_growth",2,0.111795646638308,0.0613118120148217,0.002116670469245,0.00845844190416447,0.229535528159601,0.395058554188313
"asset_liability_ratio","real_house_price_growth",3,0.111782473629854,0.0620037808899269,0.00306242850123117,0.0102412572353739,0.226637137150332,0.389121781538202
"asset_liability_ratio","real_house_price_growth",4,0.111848948700739,0.0622837035018339,0.00370993812116865,0.0113334666056044,0.225575055193398,0.385158357072211
"asset_liability_ratio","real_house_price_growth",5,0.111798145244073,0.0632332047955799,0.00422750801958309,0.0123551025358491,0.224845953735821,0.380600640971013
"asset_liability_ratio","real_house_price_growth",6,0.11168805275205,0.0635591502444956,0.00474948829189754,0.0131325799139536,0.223789253566792,0.378949843318202
"asset_liability_ratio","real_house_price_growth",7,0.111554779381347,0.0644014909491211,0.0051007937489527,0.0137477710675075,0.222431783652129,0.376954992437058
"asset_liability_ratio","real_house_price_growth",8,0.111480483520295,0.064963309811902,0.00551615616947759,0.0142804561896643,0.220660265723943,0.375617788237526
"asset_liability_ratio","real_house_price_growth",9,0.111433841489894,0.0657201855233463,0.00581768449441322,0.0149604952426186,0.219884729132886,0.373936862879415
"asset_liability_ratio","real_house_price_growth",10,0.111413547696703,0.066620182398415,0.00609573156930531,0.0156573651127595,0.218405837325021,0.369464318273883
"asset_liability_ratio","real_house_price_growth",11,0.111413887602815,0.0675910368964152,0.00639156753673795,0.016375434883982,0.217283704979784,0.365229361871499
"asset_liability_ratio","real_house_price_growth",12,0.111448447043391,0.0683309557359609,0.00670439623461106,0.0170504578375195,0.216320477861679,0.361198794767623
"asset_liability_ratio","real_house_price_growth",13,0.111502360940376,0.0692829364737004,0.00698390028450029,0.0176451794062298,0.215383794454844,0.357288218354311
"asset_liability_ratio","real_house_price_growth",14,0.111569920757554,0.0704605292741341,0.00725663735788253,0.0181794161244521,0.214946539665735,0.354552063293004
"asset_liability_ratio","real_house_price_growth",15,0.111641741933821,0.0713186350530854,0.00742255927275652,0.0186900160554676,0.213580113279665,0.352732447650773
"asset_liability_ratio","real_house_price_growth",16,0.111717938004827,0.0717458906158192,0.00759049886701886,0.01906415152164,0.213343084613745,0.351511370033991
"asset_liability_ratio","real_house_price_growth",17,0.111791513887845,0.0723666020946811,0.00771515972857965,0.0194077801811615,0.212396951197366,0.349821130360618
"asset_liability_ratio","real_house_price_growth",18,0.111860866160577,0.0728784915836959,0.00784880668091777,0.019632179282604,0.212232382374966,0.348603930854195
"asset_liability_ratio","real_house_price_growth",19,0.111922693018665,0.0731789101835905,0.00792413277194128,0.0198527685401778,0.211706043805896,0.346818858851709
"asset_liability_ratio","real_house_price_growth",20,0.111978386225349,0.0736078680995388,0.00804143565685852,0.0200502663503172,0.211439767029414,0.346456302030678
"asset_liability_ratio","real_house_price_growth",21,0.112026823904461,0.0741108549703668,0.00809155596353126,0.0201744009766742,0.211401880461907,0.344854102874107
"asset_liability_ratio","asset_liability_ratio",1,0.110509437240307,0.0577901119357373,0.000510792959964844,0.00518564126067434,0.230041134734042,0.398441455366256
"asset_liability_ratio","asset_liability_ratio",2,0.110208919621742,0.0584658403540907,0.00198186899036015,0.00829956330094544,0.226368843104331,0.39206558838985
"asset_liability_ratio","asset_liability_ratio",3,0.110179837355784,0.0593418731031922,0.00293642886450137,0.0100003508615138,0.224479683969008,0.390839975037688
"asset_liability_ratio","asset_liability_ratio",4,0.110229324742706,0.0601000516774399,0.00365880570176927,0.0111012611099129,0.222457879211487,0.38842852583254
"asset_liability_ratio","asset_liability_ratio",5,0.110243630742072,0.0610050356576182,0.00418363612806244,0.011944683677835,0.22164711823583,0.383968742693084
"asset_liability_ratio","asset_liability_ratio",6,0.110214520353449,0.0618145511491379,0.00464705337356996,0.0127140871670248,0.220651067556363,0.382104965987454
"asset_liability_ratio","asset_liability_ratio",7,0.110188004694821,0.0624302750385964,0.00501884299426408,0.0134598058274291,0.218690087364507,0.378662447215142
"asset_liability_ratio","asset_liability_ratio",8,0.110187732547651,0.0631328216894874,0.00533417655729461,0.0140120966127451,0.21841570580415,0.376065094217653
"asset_liability_ratio","asset_liability_ratio",9,0.110206720183066,0.0637128645777653,0.00565795770905387,0.0147599753136811,0.217254517574111,0.374012206032106
"asset_liability_ratio","asset_liability_ratio",10,0.110240306012095,0.0645093397662508,0.00600052103338496,0.0154641922427917,0.216542578298123,0.368687178737998
"asset_liability_ratio","asset_liability_ratio",11,0.110293977985584,0.0652856938860021,0.00627410971121769,0.0160484033279705,0.216259065096115,0.366002256994254
"asset_liability_ratio","asset_liability_ratio",12,0.110369360413977,0.0663573720050021,0.00655447302377883,0.0167473507583353,0.215108119172667,0.36335123531034
"asset_liability_ratio","asset_liability_ratio",13,0.110458065494725,0.0674015545013723,0.00680359397418351,0.0171885574520839,0.213963374249399,0.36084968146772
"asset_liability_ratio","asset_liability_ratio",14,0.110553876794677,0.0682464257754429,0.00705469607664203,0.0177599834230513,0.212955152773142,0.358569661650479
"asset_liability_ratio","asset_liability_ratio",15,0.110653283373826,0.0689574019998827,0.00724660599245072,0.0183132395318927,0.212188878472415,0.35618949069094
"asset_liability_ratio","asset_liability_ratio",16,0.110754418326215,0.0697224284249926,0.00745556951044356,0.0185602840489092,0.211446363988321,0.354023086379232
"asset_liability_ratio","asset_liability_ratio",17,0.110855162342595,0.0703058737764427,0.00766471854131418,0.0188813327862898,0.211273968414507,0.352717601495551
"asset_liability_ratio","asset_liability_ratio",18,0.11095396286178,0.0709990875252753,0.00780593756264093,0.0191934606675692,0.211220706348757,0.351035087249068
"asset_liability_ratio","asset_liability_ratio",19,0.111050740665415,0.0716103123580921,0.00790294702087974,0.019401261115416,0.210865094794025,0.350114030777069
"asset_liability_ratio","asset_liability_ratio",20,0.111145272885018,0.0720388739936957,0.00799431262791638,0.0196045636293565,0.210314378619874,0.349256995260378
"asset_liability_ratio","asset_liability_ratio",21,0.11123759097693,0.0725687270378623,0.00803067247018025,0.01982279216127,0.210508834075972,0.348619079084404
