"Variable","Shock","Horizon","Mean","Median","Lower_90","Lower_68","Upper_68","Upper_90"
"gdp_growth","gdp_growth",1,0.000316829532960506,0.00301282833119435,-0.773383412948924,-0.482553518076516,0.492645545542573,0.752707579873844
"gdp_growth","gdp_growth",2,0.00039113274486476,0.00144041630953336,-0.27522903060575,-0.165027638031316,0.168659369986232,0.275527523282847
"gdp_growth","gdp_growth",3,-0.00066294314578183,0.000807823672727801,-0.187761215984998,-0.113590533784876,0.112129302906203,0.187412543235854
"gdp_growth","gdp_growth",4,-0.00119250633203207,-0.00181894054379069,-0.137799355401223,-0.08215214762842,0.0796094169907658,0.135921944448719
"gdp_growth","gdp_growth",5,-8.28392732863461e-05,0.000130616769052367,-0.136481819446016,-0.0819896243106921,0.0821555857279423,0.13455793172445
"gdp_growth","gdp_growth",6,-0.000346189610781964,0.000779039014608971,-0.0958416261973717,-0.0558417129663259,0.0545295613007509,0.0934208236590099
"gdp_growth","gdp_growth",7,-0.000626066358647207,-0.000478132157140372,-0.0990425157671264,-0.0568297381714429,0.0551550663795649,0.0965123473353992
"gdp_growth","gdp_growth",8,-0.000712418355410334,-0.000685692847425352,-0.0738351261035721,-0.0416046783270856,0.0399937727615478,0.0717317986160179
"gdp_growth","gdp_growth",9,-0.000414515307225881,-0.000633380655386182,-0.0702459968356546,-0.0397169809309173,0.0390849081798339,0.0701886679355133
"gdp_growth","gdp_growth",10,-0.000332173605677882,0.000208942436231007,-0.059126043599653,-0.0332057055946689,0.0319275421859007,0.0586878178334901
"gdp_growth","gdp_growth",11,-0.000501793941602638,-0.00019610491347422,-0.0578295710594824,-0.0333772348461839,0.0315848572402177,0.0572696224322534
"gdp_growth","gdp_growth",12,-0.000454659649297686,-0.000295742950040076,-0.0512158019685496,-0.0283718741936081,0.027381581994186,0.0494485841902313
"gdp_growth","gdp_growth",13,-0.000342596562083445,-0.000386592487776496,-0.0481793532599137,-0.0266825068675429,0.026212619861491,0.0470058621918721
"gdp_growth","gdp_growth",14,-0.000257729823849681,5.12377855786744e-05,-0.0453224233124857,-0.0248548343336035,0.0241521635555206,0.0441720951742301
"gdp_growth","gdp_growth",15,-0.000303313080030572,-5.54182970284285e-05,-0.0436302779917222,-0.0235119542157669,0.0230444575429888,0.0425379585180985
"gdp_growth","gdp_growth",16,-0.000287734642710476,-0.000206954200492249,-0.0425212704087186,-0.0228333820828652,0.0224967673940211,0.041522137424924
"gdp_growth","gdp_growth",17,-0.000212353891465232,5.79074900687372e-05,-0.0405078746517659,-0.0212031508432525,0.0207428456715968,0.0404852430523091
"gdp_growth","gdp_growth",18,-0.000177376399706184,-0.000232179435659964,-0.0397133651078277,-0.0207454711640535,0.0206446550750634,0.0393409272475122
"gdp_growth","gdp_growth",19,-0.000187300904268002,-0.000167204152615611,-0.0382601205150583,-0.0196034649915113,0.0189115646409481,0.0375171429040334
"gdp_growth","gdp_growth",20,-0.000191724197217245,-0.000109796513625661,-0.0373923878877618,-0.0192123887055534,0.0185043954563764,0.0368946942960511
"gdp_growth","gdp_growth",21,-0.000174934923855343,1.68556676575331e-05,-0.0362379816278171,-0.0178022365931176,0.0172905015777798,0.0356691008295498
"gdp_growth","consumption_growth",1,0.00421841997363797,0.0109154178827175,-0.74792295673246,-0.479507072943213,0.483566444319589,0.744974289153426
"gdp_growth","consumption_growth",2,0.00260039161608395,0.00500948259201634,-0.277237418520241,-0.167890502604042,0.173679593024168,0.276444459248618
"gdp_growth","consumption_growth",3,0.00193018662073465,0.00292932396264085,-0.184179208396564,-0.109500070588652,0.112149895081013,0.187027697871401
"gdp_growth","consumption_growth",4,0.000362903133482041,0.000725641659004352,-0.13868710073939,-0.0821093139615487,0.0836276076110345,0.138150098970145
"gdp_growth","consumption_growth",5,0.000763677515921181,0.00143418467261884,-0.135569712901657,-0.0821737412341369,0.0825567814782671,0.138937047287203
"gdp_growth","consumption_growth",6,0.000507338987288278,0.000352670064363855,-0.0920049731560135,-0.0538297789911299,0.0551738361071604,0.0972663366369025
"gdp_growth","consumption_growth",7,-0.000145557153759209,-0.000483723112866312,-0.0986554868696743,-0.0567409653175899,0.0581073306813275,0.098593574042687
"gdp_growth","consumption_growth",8,-0.000524112176739048,-0.000661746440924589,-0.0725861093936748,-0.0425429198279488,0.0411023503874817,0.072487689528351
"gdp_growth","consumption_growth",9,-0.000330098820288836,7.04742802949667e-05,-0.0711512262564006,-0.0406235683519421,0.0397916499862035,0.0695038713035503
"gdp_growth","consumption_growth",10,-0.000254181853305333,-0.000165995981408153,-0.0580890822069429,-0.0331418148542182,0.0323486745766813,0.0581010749132495
"gdp_growth","consumption_growth",11,-0.000393031182987313,-0.000438972552563783,-0.0579156488425526,-0.0330953230426782,0.0321647739196508,0.0578079812268087
"gdp_growth","consumption_growth",12,-0.000451168310856004,-0.000255466314129191,-0.0503364855091471,-0.0285893478222486,0.0275873749085967,0.0500370879281608
"gdp_growth","consumption_growth",13,-0.000339227395545072,-0.000261496523900814,-0.0473161111048954,-0.0270348765392101,0.0263990063124894,0.0476702188359464
"gdp_growth","consumption_growth",14,-0.000231052045672755,-0.000213068446696617,-0.0455967553317523,-0.0250223835953142,0.024408568123344,0.0453474377844514
"gdp_growth","consumption_growth",15,-0.000240220634004772,-0.000369367473509685,-0.0433821152747807,-0.0236865295243935,0.0231408620746122,0.0432768831073074
"gdp_growth","consumption_growth",16,-0.000226021080936327,-0.000246666428313959,-0.0430332949590451,-0.0228193903896812,0.022359413214772,0.0430414058731166
"gdp_growth","consumption_growth",17,-0.000144710971316291,-0.000186171828931397,-0.0405113802703557,-0.0212234856107916,0.0211452189701165,0.0402512917905979
"gdp_growth","consumption_growth",18,-7.93088849910862e-05,-0.00029075197187627,-0.0398181966399595,-0.0209175035634327,0.0206194519592166,0.039964628060252
"gdp_growth","consumption_growth",19,-6.92165028799609e-05,-2.43948619094894e-05,-0.03747753201149,-0.0194108030399119,0.0191367600129255,0.0376914211304521
"gdp_growth","consumption_growth",20,-6.96685632689617e-05,-0.000130432262900693,-0.0368440715604515,-0.0191430469735038,0.0189934856588449,0.0369222986205715
"gdp_growth","consumption_growth",21,-4.86424139405626e-05,-2.26365766190706e-05,-0.0349640408156179,-0.017746883079016,0.0177224414342823,0.0349218983955934
"gdp_growth","cpi_growth",1,-0.00670370138008271,-0.00832064536409655,-0.764590678419096,-0.497368067520984,0.482021501750668,0.769081982149892
"gdp_growth","cpi_growth",2,-0.000655640871316851,-0.000784535696662477,-0.271765843083967,-0.170421282817743,0.168079220735584,0.274395607660713
"gdp_growth","cpi_growth",3,5.14265890353868e-05,0.000783721777967959,-0.187246676600498,-0.111926856085858,0.110887346300126,0.18540438496424
"gdp_growth","cpi_growth",4,-0.00059340496182214,-0.000281014075277032,-0.139016237042847,-0.0842074705657416,0.0824179934420168,0.137798618209819
"gdp_growth","cpi_growth",5,0.000959314991958733,0.00119366798441479,-0.136321946931875,-0.0800112169061773,0.0830459211650883,0.138472925441657
"gdp_growth","cpi_growth",6,0.00021679833163806,0.000340118069182893,-0.0963411564939457,-0.0553513046437218,0.0560236935817068,0.0955427295133475
"gdp_growth","cpi_growth",7,0.000344097383046464,0.000280375890785885,-0.095819202920198,-0.0567631165676788,0.0581481354843813,0.0975268372919868
"gdp_growth","cpi_growth",8,0.000312201859698762,0.000236747401516676,-0.0715705583292041,-0.0408607092066251,0.0413736870091397,0.0727041440302448
"gdp_growth","cpi_growth",9,0.000148267506922012,0.000461829307497212,-0.0686478152519552,-0.0396533843570528,0.0395225123492759,0.0693241246207597
"gdp_growth","cpi_growth",10,0.000232400669575373,0.000220717767819956,-0.0572497040326906,-0.0321391210430795,0.0324635335206543,0.0590683340922911
"gdp_growth","cpi_growth",11,0.000216116485524804,8.00002657331015e-05,-0.0580662172553001,-0.0322687449276777,0.0322217418150013,0.0586951213225914
"gdp_growth","cpi_growth",12,0.000269947903482711,3.19920134494523e-05,-0.0507736776695826,-0.0277425493116042,0.0286330868356424,0.052035963058687
"gdp_growth","cpi_growth",13,0.00018003357702971,-2.87492849556171e-05,-0.0485453438277461,-0.0267361996174924,0.0268436408552854,0.0499664424191542
"gdp_growth","cpi_growth",14,0.000173807149646807,-0.000123166155837525,-0.0454537785682433,-0.0247952066564942,0.0250089980247253,0.0473458658897953
"gdp_growth","cpi_growth",15,0.000181802017848556,-0.0003063912805983,-0.0440490107640782,-0.023750789142488,0.023870201398667,0.0452169459283641
"gdp_growth","cpi_growth",16,0.00020553110398641,-9.07263432725155e-05,-0.0428192244811174,-0.022407079808023,0.023201396144561,0.0441832801484295
"gdp_growth","cpi_growth",17,0.000183253200463936,-5.48348886765526e-06,-0.0408599984400544,-0.0212731438441325,0.0214692060439561,0.0419718208829818
"gdp_growth","cpi_growth",18,0.000176918438740162,-9.86948299001078e-05,-0.039650839501341,-0.0207209346000647,0.0213131412292514,0.0411337495633488
"gdp_growth","cpi_growth",19,0.000189042756744675,-3.41130139229812e-05,-0.0382494197349845,-0.0192427620850228,0.0200085920580622,0.0389660652991318
"gdp_growth","cpi_growth",20,0.000220264763928454,-6.90222893499001e-05,-0.037018908344679,-0.0187557387466369,0.0198238216227063,0.0380076719304004
"gdp_growth","cpi_growth",21,0.000227192373063272,-0.000153325830781446,-0.035460501110225,-0.0177859832185874,0.0187060869673784,0.036418141338684
"gdp_growth","saving_rate",1,0.00159842938744966,-2.15553356000847e-05,-0.770705562139031,-0.493740327966491,0.496314458808124,0.768171236077875
"gdp_growth","saving_rate",2,-0.000594168691642472,5.62833073567749e-05,-0.278622644890238,-0.171600326121123,0.167136890207104,0.277359521247909
"gdp_growth","saving_rate",3,0.000124701335402299,-0.000272739921614997,-0.189336106594499,-0.112001477335083,0.113624032785334,0.185607692191384
"gdp_growth","saving_rate",4,0.000256595282558124,-0.000220759772707248,-0.137722645417534,-0.0812376292116508,0.0814116141569301,0.136889175517252
"gdp_growth","saving_rate",5,-0.000429272042954257,-0.000429134710223212,-0.138031548731653,-0.0824592822942962,0.0806556792407974,0.134557439703944
"gdp_growth","saving_rate",6,0.000241327170493303,-0.000456051568475451,-0.0936883734664774,-0.0543720162558087,0.0554410114147352,0.0935191270759444
"gdp_growth","saving_rate",7,-6.14835336575777e-07,0.000233325344348393,-0.0968349634830822,-0.0558290127263734,0.0553846687786319,0.0973400865658776
"gdp_growth","saving_rate",8,-0.000122193309853652,0.000231236199433144,-0.0716200886982264,-0.0407351791347769,0.0404528690485395,0.0700398639993614
"gdp_growth","saving_rate",9,9.97631462669987e-05,0.000390678387068327,-0.0695832700547875,-0.0394386372554064,0.0390001366326082,0.0691066989939834
"gdp_growth","saving_rate",10,1.52328855841632e-05,0.000271554198829769,-0.0596502579860348,-0.0322861547537957,0.0327149337315141,0.0572557668433855
"gdp_growth","saving_rate",11,0.000223817111583487,0.000505944279176871,-0.0576506586939968,-0.0318488201353239,0.0322029003174059,0.0571211652757763
"gdp_growth","saving_rate",12,0.000265193923072115,-5.95626125327094e-05,-0.0503714235049153,-0.0276757503291806,0.0281195273083575,0.0507028453279424
"gdp_growth","saving_rate",13,0.000396751399255922,0.000265492145609616,-0.0472693058237299,-0.0256880943718404,0.0263398048509971,0.0482266481306898
"gdp_growth","saving_rate",14,0.000455338330412102,0.000190743708935998,-0.0451761956322772,-0.0244660170478685,0.0249803610466421,0.0470318186322719
"gdp_growth","saving_rate",15,0.000509623838870491,0.000228623670744381,-0.0426022759326423,-0.0231700319033793,0.0236869481852018,0.0450243235318053
"gdp_growth","saving_rate",16,0.000552843280805976,0.000202405631333182,-0.041040842877181,-0.0223981418119909,0.0232536183586518,0.0449398134091218
"gdp_growth","saving_rate",17,0.000578573685275929,0.000217042672260952,-0.0391262180116339,-0.0209649403658931,0.021864567968965,0.0424415224545741
"gdp_growth","saving_rate",18,0.000556525582292677,0.000151120169924049,-0.0391655975234054,-0.0208437604145369,0.0214263996640571,0.0417682064747644
"gdp_growth","saving_rate",19,0.000504288404265622,9.11295887340969e-05,-0.0371570717746892,-0.0192496568245407,0.0203214950498326,0.0389162129253114
"gdp_growth","saving_rate",20,0.000453281147694868,-0.000192888475103618,-0.0366888495508369,-0.0187647779553804,0.0197609559638835,0.0381568907860728
"gdp_growth","saving_rate",21,0.000394843999005504,-0.000196727015120091,-0.0346103456331413,-0.0175590957620246,0.0185596935748808,0.0371208238939811
"gdp_growth","policy_rate",1,0.0956349990489546,0.0985092500405155,-0.590182380049456,-0.337556478592552,0.527251153400728,0.790973239770198
"gdp_growth","policy_rate",2,-0.0335025155218797,-0.038526607714866,-0.289616124361508,-0.194160629835667,0.129090019873659,0.233332077255899
"gdp_growth","policy_rate",3,0.00201711582316977,0.000872432248837255,-0.163474695725529,-0.0971723519781782,0.101777325864107,0.170244319988612
"gdp_growth","policy_rate",4,-0.00813731224673025,-0.00739539974479799,-0.138165239014927,-0.085577194241567,0.0688258376631834,0.122335410193358
"gdp_growth","policy_rate",5,0.00309592209549465,0.0034755655120516,-0.102574652268624,-0.0601905158811326,0.0672036023503531,0.110836271395985
"gdp_growth","policy_rate",6,-0.00143560020163018,-0.00144413748680365,-0.0797962808766051,-0.0483233248883169,0.0455646958932556,0.0786626896322517
"gdp_growth","policy_rate",7,0.020285569963026,0.0199187978057631,-0.0493244227500529,-0.0208194775352091,0.060961228636105,0.0908613827884083
"gdp_growth","policy_rate",8,0.0112827370039858,0.0103127564292789,-0.0456462863571471,-0.0225645599128927,0.0452716424556468,0.0716369004453373
"gdp_growth","policy_rate",9,0.0169314720495599,0.0158439134222287,-0.0358600799885677,-0.014181893350941,0.048058283062819,0.0725666551971341
"gdp_growth","policy_rate",10,0.0118669284452769,0.0106078383076797,-0.0335396190466124,-0.0147040097345648,0.0390067833000781,0.0612203087165599
"gdp_growth","policy_rate",11,0.019504731979101,0.017979866576376,-0.0233075877564221,-0.00586809071414079,0.0447893191570465,0.0681765596811494
"gdp_growth","policy_rate",12,0.0128309994470589,0.0114753248553186,-0.0261386536814908,-0.00951615900530274,0.0351254363006653,0.0562354211514492
"gdp_growth","policy_rate",13,0.0139609133469127,0.0123793461238946,-0.0230820067882239,-0.00720803274422124,0.0352229693125116,0.0547777814057559
"gdp_growth","policy_rate",14,0.00854311793920305,0.00720416452818474,-0.0256463756583823,-0.0108318361312879,0.0279490259319391,0.0471617138894482
"gdp_growth","policy_rate",15,0.0102936434715989,0.008873867247315,-0.0227487412038939,-0.00867838701917906,0.0291215774141494,0.048146813309029
"gdp_growth","policy_rate",16,0.00531385894350431,0.00419124879143613,-0.0270596933206253,-0.0125948243878469,0.022730604660086,0.0411855080685805
"gdp_growth","policy_rate",17,0.00510394777853072,0.00407049230035044,-0.0258835322646392,-0.0125061049592779,0.0218233625564627,0.0401830592764809
"gdp_growth","policy_rate",18,0.00126384868602945,0.000590439774695572,-0.0297312960582903,-0.0152163156533988,0.0171463807617369,0.0347052171984204
"gdp_growth","policy_rate",19,0.00170816845293823,0.00118756249186505,-0.0285807626158343,-0.0144115145026734,0.0170340276898383,0.0339503804246539
"gdp_growth","policy_rate",20,-0.00108444872979403,-0.00151390776172886,-0.0307386459605352,-0.0162891636104708,0.0134091241402489,0.029292349070026
"gdp_growth","policy_rate",21,-0.000896023635341061,-0.00118472215109206,-0.0293553673970725,-0.0158086369591495,0.0131885869848065,0.0286679653846383
"gdp_growth","interest_burden",1,0.00791975102069331,0.00823631994643599,-0.763166030382151,-0.486140908877525,0.502205596771691,0.78419143863463
"gdp_growth","interest_burden",2,-9.40148090329244e-05,-0.00250689117811272,-0.269504407518689,-0.166842876263821,0.168405742569781,0.280613799396439
"gdp_growth","interest_burden",3,0.00118118706547682,-0.000228100418844835,-0.18457415333,-0.1107386173668,0.113194208752954,0.188678458988615
"gdp_growth","interest_burden",4,8.5559949747686e-05,-0.000328271108987154,-0.139278860231149,-0.0841486304827722,0.0836128049551429,0.141081327046779
"gdp_growth","interest_burden",5,-0.000415433035757672,-0.000434190173364758,-0.138799974629917,-0.082160182714598,0.0823429793609466,0.137441391132582
"gdp_growth","interest_burden",6,-0.000385147249353956,-0.000124264702480765,-0.0946297959149057,-0.0562488099990147,0.0555577566071131,0.0948602986742326
"gdp_growth","interest_burden",7,-0.000209391890348558,6.57830046440523e-05,-0.0966928079828987,-0.0569678545261019,0.0562239159265631,0.0966409129968077
"gdp_growth","interest_burden",8,-0.000113824891433894,-0.000135491735425794,-0.0725763305299162,-0.0413238780973058,0.0409907263240071,0.0724503283449421
"gdp_growth","interest_burden",9,-0.000204514536937958,0.000299418376770966,-0.0706938763998811,-0.0396822936370477,0.0395056450267058,0.0694032023827943
"gdp_growth","interest_burden",10,-6.67596615215434e-05,0.000117279692603247,-0.0599921459387921,-0.031833988376538,0.0327105003843656,0.0591851537813168
"gdp_growth","interest_burden",11,-5.13520017091194e-05,0.000178823099868053,-0.0587880372776099,-0.0327311537782324,0.032952690507282,0.0577504860001763
"gdp_growth","interest_burden",12,4.43081971953624e-05,-8.28444786120921e-05,-0.0510881387066137,-0.028563130089853,0.0282537699222547,0.0511320463064006
"gdp_growth","interest_burden",13,-1.22275551128962e-05,-6.66521127285426e-05,-0.0494070257900624,-0.0271168620066784,0.0275532669059696,0.0497338380113777
"gdp_growth","interest_burden",14,8.88888123672623e-05,0.000317220374949429,-0.0463863630094996,-0.0255367544013358,0.0254825293169478,0.0462397926570745
"gdp_growth","interest_burden",15,2.75176821219375e-05,-1.55674947436776e-06,-0.0455061786623876,-0.0243074216778221,0.0248843648614831,0.0447261450084129
"gdp_growth","interest_burden",16,7.38849220013248e-05,0.000352900819583702,-0.0444017651556729,-0.0232488080526406,0.0234491331138277,0.0439114676402733
"gdp_growth","interest_burden",17,6.92161402053876e-06,0.000342754251129789,-0.043024344438319,-0.0221347922214969,0.0221682602377709,0.0420709476296176
"gdp_growth","interest_burden",18,8.73180838561822e-05,0.000387203511775103,-0.0411310538766841,-0.021218439721571,0.021641306650446,0.0408332278324367
"gdp_growth","interest_burden",19,1.9606677407375e-05,0.000190258325103075,-0.0393935758462853,-0.0200732918530668,0.0200326843066436,0.0385705009185805
"gdp_growth","interest_burden",20,6.42059495903145e-05,0.000294796237593099,-0.0383044241348746,-0.0193028348364699,0.0196673824208069,0.0375175636296623
"gdp_growth","interest_burden",21,1.37601608926111e-05,0.000179900022733954,-0.0364376057541833,-0.0183854211376217,0.0184147232790707,0.0357431882662029
"gdp_growth","debt_growth",1,0.00486145649837946,0.00308831552158998,-0.768947575849957,-0.493772893360636,0.500901411555774,0.771281761923497
"gdp_growth","debt_growth",2,-0.00199190807469661,-0.000502517090591487,-0.277385641403828,-0.173931538073638,0.168749289187794,0.27519758590788
"gdp_growth","debt_growth",3,-0.000570378871687288,-0.00139858318449945,-0.185779654001684,-0.111680648930547,0.113212115921398,0.184604849928156
"gdp_growth","debt_growth",4,-0.000563754723404447,-1.13697926988777e-05,-0.136913228716909,-0.0834215926500177,0.0812248242313578,0.13882798277902
"gdp_growth","debt_growth",5,0.000193203485897895,-0.000690055711951709,-0.136082804432405,-0.0818227474925851,0.082722606265462,0.138722008715327
"gdp_growth","debt_growth",6,0.000534136021109547,0.000661355006696863,-0.0935158235575197,-0.0557656130352607,0.0556497569949337,0.0956124335251658
"gdp_growth","debt_growth",7,0.000298123920497079,9.48018608309814e-05,-0.0961310403272055,-0.0558091204793224,0.0559614655636519,0.0961058574535098
"gdp_growth","debt_growth",8,0.000420023323747031,0.000429201314578655,-0.0720636723017537,-0.0408652230784155,0.0414559188799183,0.0709276194741512
"gdp_growth","debt_growth",9,0.000100984154051193,-0.000376190882073811,-0.0696767440053914,-0.0392768011456637,0.0397243542080057,0.0703928098753472
"gdp_growth","debt_growth",10,0.00056477363911784,0.00070950208283775,-0.0577258532187597,-0.0320938881032593,0.0332048925417313,0.0586311179880506
"gdp_growth","debt_growth",11,0.000395907769548503,0.000519235825543416,-0.0570181080140712,-0.0320690348634632,0.0326761736920136,0.0581954291045944
"gdp_growth","debt_growth",12,0.000442828490920698,-4.27628605165925e-06,-0.0510472382912477,-0.0271826346678166,0.0278879442058447,0.0523853405829292
"gdp_growth","debt_growth",13,0.000247560723294451,0.000124836988134816,-0.0483254458789979,-0.0262760712700326,0.0269454043183538,0.0491898509270464
"gdp_growth","debt_growth",14,0.000348737779101012,0.000499201351746382,-0.0455830651252043,-0.0249624764003011,0.0250305945122123,0.0468404804337846
"gdp_growth","debt_growth",15,0.000245701586726376,0.000264874806720786,-0.043453379115677,-0.0237092632815433,0.0239698927851108,0.0442118790193952
"gdp_growth","debt_growth",16,0.000209629784662182,0.000544619715216631,-0.042573769170988,-0.022533349520095,0.0228684301531754,0.043594218204039
"gdp_growth","debt_growth",17,5.45663431064955e-05,0.000173723800116151,-0.0402251238505261,-0.0214223926966133,0.0214553869740018,0.0406258971703708
"gdp_growth","debt_growth",18,6.96520423184316e-05,0.000277667097565457,-0.0404309427207817,-0.0208001716989196,0.0209536879080828,0.038975586507359
"gdp_growth","debt_growth",19,-1.18562009598079e-06,0.000111745934367523,-0.0383009132272512,-0.0192986271327501,0.0193822896154313,0.0371378447124557
"gdp_growth","debt_growth",20,-1.69894840953875e-05,0.000136131425291711,-0.0374014519287797,-0.0187617618871655,0.0189683764551318,0.0364603954106338
"gdp_growth","debt_growth",21,-7.99714090248611e-05,0.000121061198419495,-0.0360591473759313,-0.0178326796414584,0.017593397400123,0.035120950188726
"gdp_growth","real_house_price_growth",1,-0.00395944059470079,-0.00813324921491056,-0.774579577927312,-0.494317597760571,0.495091112655857,0.775463039362624
"gdp_growth","real_house_price_growth",2,0.000724911678181109,0.00215971626458317,-0.272549124841952,-0.167707209675668,0.169832545907139,0.280851458569099
"gdp_growth","real_house_price_growth",3,5.71081783910723e-05,0.000564583900693288,-0.185750254693233,-0.112522504643412,0.11321878390755,0.186680289212843
"gdp_growth","real_house_price_growth",4,-0.000530559160923861,-0.000251687525486156,-0.139258083369099,-0.0829117753828374,0.0810027952941472,0.139719975250977
"gdp_growth","real_house_price_growth",5,-0.000897294728215972,-0.000676128489410864,-0.138112596282777,-0.0829069645594912,0.0816561888320367,0.136857161086393
"gdp_growth","real_house_price_growth",6,-0.00116828987386102,-0.00100557596072227,-0.0963095979787132,-0.0565870179645037,0.0535451091647101,0.094279935535405
"gdp_growth","real_house_price_growth",7,-0.000319732252422499,-0.000981287957970494,-0.0954915600693744,-0.0562346375131604,0.0547167670524744,0.0977695762766728
"gdp_growth","real_house_price_growth",8,-0.000519731691137725,-0.000892555647661581,-0.071123748591889,-0.0413767925810377,0.0396140511513785,0.0724551399437811
"gdp_growth","real_house_price_growth",9,-0.000227744099556086,-0.000582324003063651,-0.0698044124941503,-0.0391552959065242,0.0392612675398708,0.0687536422275042
"gdp_growth","real_house_price_growth",10,-0.000170195740301938,-0.000312564970992977,-0.0574164225391347,-0.0326540092436498,0.0316771413360294,0.0586441288297693
"gdp_growth","real_house_price_growth",11,-9.46250350035518e-05,-0.00042795542992022,-0.0571746440887037,-0.0319880210790454,0.0318551423718276,0.0578395359413112
"gdp_growth","real_house_price_growth",12,9.80349629247504e-06,-6.29937696405211e-05,-0.0493231457427495,-0.0279702123285099,0.0279378087222067,0.0511400534588643
"gdp_growth","real_house_price_growth",13,3.5139417117755e-05,-0.000155231867360484,-0.0474459555487533,-0.0266005165833948,0.0267870039613335,0.0486423347620528
"gdp_growth","real_house_price_growth",14,7.07038544695583e-05,-0.000109561821979155,-0.0456024970814804,-0.024999252121207,0.0253289226435526,0.0474677306176331
"gdp_growth","real_house_price_growth",15,7.39312330053284e-05,6.83578671103937e-06,-0.0434606426316465,-0.0240011991821702,0.0241626455355555,0.044859710423324
"gdp_growth","real_house_price_growth",16,4.36819323938194e-05,0.000196065796947941,-0.0423941114691319,-0.0229248053628898,0.0235118013265195,0.0438169152297157
"gdp_growth","real_house_price_growth",17,1.97829658183951e-05,0.000122932994207677,-0.0405763462611913,-0.0212557339194729,0.0217485463208043,0.0416528671855646
"gdp_growth","real_house_price_growth",18,-4.08857809625989e-05,0.000105441098126076,-0.0402947822651848,-0.0208035879739877,0.021129802283549,0.0408927531837649
"gdp_growth","real_house_price_growth",19,-5.97098676013528e-05,7.03870783528239e-05,-0.0378968563595663,-0.0192652015224156,0.0198338179032291,0.0382221953638955
"gdp_growth","real_house_price_growth",20,-0.000116164833529834,2.59919606303586e-05,-0.037293832280044,-0.0188936577112382,0.0192407936811222,0.0371314232805733
"gdp_growth","real_house_price_growth",21,-0.000145840356541822,2.57706008539426e-06,-0.0352726700022924,-0.0176642223577061,0.0179445783557603,0.0357471188732105
"gdp_growth","asset_liability_ratio",1,-0.00592481004001545,-0.00757896876227656,-0.762869814300997,-0.494481843896868,0.473408323805802,0.761136374949869
"gdp_growth","asset_liability_ratio",2,-0.00281572361411199,-0.00366490121962074,-0.272345419720315,-0.173140415725129,0.166104715486386,0.275078906980289
"gdp_growth","asset_liability_ratio",3,0.000355925114000625,0.00159447784123216,-0.1873928171713,-0.110384607915228,0.112081697111935,0.185289661514674
"gdp_growth","asset_liability_ratio",4,0.000232190902685834,0.000126461740835308,-0.135609581409379,-0.0823368660501815,0.0821763239635592,0.139330271826
"gdp_growth","asset_liability_ratio",5,-3.07252832907902e-05,0.000461029827161896,-0.137814273146131,-0.0802787754494173,0.0811286591569645,0.135790953812604
"gdp_growth","asset_liability_ratio",6,-7.87776763665551e-06,-2.02868128376006e-05,-0.0936781868489041,-0.0546759004185027,0.0547977622130733,0.093483652672741
"gdp_growth","asset_liability_ratio",7,0.000394083885455106,0.000889587981181716,-0.0960791596900931,-0.0556335901500865,0.0554962796675916,0.0987472427843236
"gdp_growth","asset_liability_ratio",8,0.000239341199191886,8.46866636210197e-05,-0.0702634474655638,-0.0404901309242458,0.0399235525119958,0.0720583990542052
"gdp_growth","asset_liability_ratio",9,0.00020136491565916,0.000403877292095897,-0.0690602038440028,-0.0393846133517734,0.0389082320301317,0.0701161435885288
"gdp_growth","asset_liability_ratio",10,0.000240561990144748,0.000127014898974029,-0.0577872214087968,-0.0327926734720422,0.032307760205289,0.0587371900621542
"gdp_growth","asset_liability_ratio",11,6.42302605403124e-05,0.000116296008612439,-0.0578425359750055,-0.032337376735927,0.0318734725775364,0.0579812129530515
"gdp_growth","asset_liability_ratio",12,0.000233664976057344,-0.000304015556552231,-0.0501272468242172,-0.0281997130598948,0.0283010968641647,0.0514236042148289
"gdp_growth","asset_liability_ratio",13,0.000219086443009297,-9.7286966774167e-05,-0.0479334577987973,-0.0263235927132424,0.0268193401681033,0.049031731334586
"gdp_growth","asset_liability_ratio",14,0.000257369478590463,-0.000220442336954445,-0.0456797634149642,-0.0249653402931083,0.0253991889038805,0.0472221804354265
"gdp_growth","asset_liability_ratio",15,0.000244251391317482,-4.49795972385474e-05,-0.0444722475625218,-0.0236268824577972,0.0235752392200423,0.0449437232349378
"gdp_growth","asset_liability_ratio",16,0.000285985908647921,-3.01363581394409e-05,-0.0425697158955101,-0.023101752072121,0.0232854973852471,0.0445409541784059
"gdp_growth","asset_liability_ratio",17,0.000277191777790378,-6.44513689303115e-05,-0.0411303528052836,-0.0219487374582064,0.021796296638429,0.0421893837643625
"gdp_growth","asset_liability_ratio",18,0.000264246794026573,-3.56209843746748e-05,-0.0401171843070825,-0.0214825029071665,0.0215749003194866,0.0411246352439904
"gdp_growth","asset_liability_ratio",19,0.000207332747326847,3.3763455476672e-05,-0.0378013928891643,-0.020122419047404,0.0200736056651063,0.0389547132505063
"gdp_growth","asset_liability_ratio",20,0.000185062149415841,9.05971092280181e-05,-0.0375301981700559,-0.0193632905694641,0.0195241548845284,0.038063924015093
"gdp_growth","asset_liability_ratio",21,0.000129222893190343,-4.88505849719585e-05,-0.0360254807359851,-0.0180782067834684,0.0183140414922992,0.0367691080408029
"consumption_growth","gdp_growth",1,-0.000594476288495457,-0.00557691869120477,-0.7004549833801,-0.449230860464896,0.448179337421147,0.697956259482474
"consumption_growth","gdp_growth",2,0.00022092297712176,0.000194574439190199,-0.293459260416182,-0.181375766200935,0.180966667838284,0.296458001837536
"consumption_growth","gdp_growth",3,0.000396716847073583,0.0010537799494512,-0.180143862729745,-0.109878711886357,0.10932717420876,0.18022361820423
"consumption_growth","gdp_growth",4,0.000291609132359743,0.000334131715758518,-0.137311929785411,-0.0816112536388455,0.0827030557122425,0.137039760788552
"consumption_growth","gdp_growth",5,0.000305606071040828,-0.000255378470903705,-0.126111657883395,-0.0753329314481527,0.0768134128579072,0.128471828490723
"consumption_growth","gdp_growth",6,0.000351471610927258,0.000507495732525219,-0.0835130974695302,-0.0494026883814459,0.049622631052889,0.0843583409329796
"consumption_growth","gdp_growth",7,0.000225086348267951,-8.72796936078005e-05,-0.0775015688208317,-0.0443537648541463,0.0441405532854245,0.0778912393321402
"consumption_growth","gdp_growth",8,0.000265170743478407,0.000127662103820727,-0.0620445121318202,-0.0356847555462301,0.0361857615874046,0.0631818769941409
"consumption_growth","gdp_growth",9,0.000276000492720241,0.000289606318448406,-0.059021731739192,-0.0327925849011158,0.0335894587145584,0.0593764024182028
"consumption_growth","gdp_growth",10,0.000365689087806123,0.000357148552843137,-0.052951508692843,-0.0290588292020954,0.0301840000964129,0.0521572931941247
"consumption_growth","gdp_growth",11,0.00021242621458918,8.27715776883268e-05,-0.0488978402988728,-0.0262598363797892,0.0275438756741477,0.0489005138357911
"consumption_growth","gdp_growth",12,0.000231060121117037,0.000455725734414438,-0.0479541793125275,-0.0257835287567605,0.0264365300307232,0.047105903950597
"consumption_growth","gdp_growth",13,0.000172484016261214,0.000129553172990726,-0.0434800987248219,-0.023188970306613,0.0236426605575548,0.0430475229067699
"consumption_growth","gdp_growth",14,0.000183010020921873,0.000370796029706637,-0.0426749854726881,-0.0229614466644271,0.0231529489632819,0.0419337138406281
"consumption_growth","gdp_growth",15,9.01759585519376e-05,0.000179943802940064,-0.0390215575941725,-0.0205428138171838,0.0208423595053767,0.0389507040274167
"consumption_growth","gdp_growth",16,2.82141296935221e-05,0.000194070754590599,-0.0386656240726404,-0.0202461205721125,0.0202077515727239,0.038325831564406
"consumption_growth","gdp_growth",17,-1.90428703033364e-05,0.000132086731025182,-0.0354926874895273,-0.0183094044872093,0.0184244095442109,0.0349154909774382
"consumption_growth","gdp_growth",18,-4.51735152670415e-05,0.000116461047653291,-0.0345636650024875,-0.0180653910933064,0.0177036726030777,0.034639490877854
"consumption_growth","gdp_growth",19,-6.99752957042564e-05,-2.28644246117321e-05,-0.0331328251899611,-0.016719896566979,0.0166079394837503,0.0321948897310437
"consumption_growth","gdp_growth",20,-7.82969620521393e-05,-6.08810980266133e-05,-0.0321334444672658,-0.0163446451522784,0.0161272652744356,0.03231345027994
"consumption_growth","gdp_growth",21,-5.9099090882024e-05,-6.29799598379915e-05,-0.0305149804801261,-0.0155238672133754,0.0152890543086798,0.0303623881202622
"consumption_growth","consumption_growth",1,0.000287320513064019,-0.000579608972387145,-0.699825785453586,-0.448284418118124,0.450650189311145,0.705462224216821
"consumption_growth","consumption_growth",2,0.00179377032073868,0.00363791462180266,-0.290116911770573,-0.175687518871346,0.178881623263501,0.286511002618828
"consumption_growth","consumption_growth",3,0.000207138050884151,0.00076991356272707,-0.179347229929605,-0.109552247854885,0.108769914717691,0.180327988886876
"consumption_growth","consumption_growth",4,-0.000249847923894726,0.00040132169559345,-0.136766001465249,-0.0829580459439332,0.0819536673665923,0.133840495643848
"consumption_growth","consumption_growth",5,0.000406993202401522,-0.000160282826075015,-0.130728264498333,-0.0754059602035266,0.0781373969223137,0.130028290428988
"consumption_growth","consumption_growth",6,0.000170598976322842,-1.49755186787659e-05,-0.0816366072388561,-0.0475432284741146,0.0481173801739102,0.0837597882849102
"consumption_growth","consumption_growth",7,2.41965667624975e-05,0.000224854231662298,-0.0767700664079036,-0.0438052875131964,0.0437911029050591,0.0773072353859981
"consumption_growth","consumption_growth",8,5.21640389430511e-05,-2.48190212067409e-05,-0.0609095650446601,-0.0350266727890818,0.0351314248059193,0.0619433220590412
"consumption_growth","consumption_growth",9,0.000107022500308835,-0.000163265642139647,-0.0582945794650041,-0.0335287168905498,0.0333484068060662,0.0592573495759833
"consumption_growth","consumption_growth",10,0.000132613873928475,-0.000142932262421189,-0.0513568567142677,-0.0291892021927933,0.0289255588494651,0.0536292273595882
"consumption_growth","consumption_growth",11,5.03723073488346e-05,-0.00022027446346687,-0.0474882029059698,-0.0269826286006176,0.0270478333490329,0.0488963828832288
"consumption_growth","consumption_growth",12,6.2119790259371e-05,-2.99537371821715e-05,-0.0468150756792013,-0.0262230367026001,0.0265120932310001,0.0476943866929671
"consumption_growth","consumption_growth",13,0.000134519460217112,-0.000237322319355355,-0.0420503068917934,-0.0233448300888294,0.0237235780823728,0.04466837641142
"consumption_growth","consumption_growth",14,0.000186947881489964,0.000190038554558578,-0.0418238282537306,-0.0233588517451131,0.0234755806369075,0.0439219320204729
"consumption_growth","consumption_growth",15,0.000192088100210547,-3.89335234673963e-05,-0.038260574673533,-0.0204274313594373,0.0206894003375996,0.0398754956957926
"consumption_growth","consumption_growth",16,0.000224484437561031,0.00021902291197105,-0.0383146185600578,-0.0205218636072116,0.0205763581466188,0.0396128902316007
"consumption_growth","consumption_growth",17,0.000261729999458756,0.000321490295117072,-0.0348425666054714,-0.0180701793660361,0.0179398252465351,0.0359935958704538
"consumption_growth","consumption_growth",18,0.000278307126614085,0.000221626883009641,-0.0347748120785176,-0.0178191998791499,0.0180955471021432,0.035476303574938
"consumption_growth","consumption_growth",19,0.000268707263235234,0.000212050084266742,-0.0322998404430059,-0.016454863392883,0.0164599268416381,0.0333480651456148
"consumption_growth","consumption_growth",20,0.000258000229437184,0.000139246188650853,-0.0322014319141901,-0.0161933682635258,0.0162459299891612,0.0324797822149099
"consumption_growth","consumption_growth",21,0.000251022507779433,0.000245207848617842,-0.0303070595477778,-0.0151762933572333,0.0152754651749415,0.0306454182043526
"consumption_growth","cpi_growth",1,-0.00195755596386158,-0.00389527214922672,-0.705344436117668,-0.45301016565351,0.446974470074539,0.709781227733948
"consumption_growth","cpi_growth",2,5.08495412466964e-05,0.000251677964056667,-0.293932239575055,-0.178774430644008,0.181273940411116,0.293311369334555
"consumption_growth","cpi_growth",3,-0.000456417467098705,-0.000393435193398512,-0.178284236821301,-0.11050546968173,0.108211668697391,0.180891967242534
"consumption_growth","cpi_growth",4,-0.000847941346345756,-0.000842977988609352,-0.136667176248903,-0.0826260172394786,0.0804578445800286,0.133812869664657
"consumption_growth","cpi_growth",5,0.000697689877975758,0.000199065498435977,-0.12780013701692,-0.0743498978151407,0.0761943964591301,0.128829599936287
"consumption_growth","cpi_growth",6,-0.000241412302504724,-0.000592935757836872,-0.0849858946924895,-0.0488354217312407,0.0491455546948627,0.0840546097578318
"consumption_growth","cpi_growth",7,0.000205235101235711,0.00022535438579947,-0.075240796722839,-0.0445024676328464,0.0447550651932387,0.0775225753493668
"consumption_growth","cpi_growth",8,7.0830591543731e-05,0.000314518884663316,-0.0624773821380229,-0.0357899413153444,0.0360992614342393,0.0627484403111201
"consumption_growth","cpi_growth",9,0.00011421876161083,0.000214173533239126,-0.0572774578197308,-0.0323217973818294,0.0327478689606553,0.0582423861159421
"consumption_growth","cpi_growth",10,2.40905581384092e-05,0.000267226517259072,-0.0531938081281948,-0.0294790565002083,0.0298991527577128,0.0530979551248113
"consumption_growth","cpi_growth",11,4.64471319122354e-05,0.000156134440675169,-0.0481895404834093,-0.0263045298037681,0.0267419172285445,0.0488395422236924
"consumption_growth","cpi_growth",12,6.72244948775529e-05,2.60782812665206e-05,-0.0477327197009438,-0.0261075437363791,0.0260752604431528,0.0486830210843498
"consumption_growth","cpi_growth",13,9.30847814634834e-05,0.000268604030197036,-0.043436652327326,-0.0235358778006612,0.0234260536583243,0.0432336470390202
"consumption_growth","cpi_growth",14,-7.22395118198889e-06,0.000359289774238437,-0.0435914363531732,-0.0234285568799611,0.0229696467796111,0.0429133104389006
"consumption_growth","cpi_growth",15,1.76061471247838e-05,0.000240926696279557,-0.0393922685463917,-0.0208983266843778,0.0206265640792263,0.0395728008592132
"consumption_growth","cpi_growth",16,-2.45648521729594e-05,0.000223619840245191,-0.0392647455873091,-0.0205033025130318,0.0204244946434246,0.0392278502498674
"consumption_growth","cpi_growth",17,1.81108616586907e-05,7.40299358190258e-05,-0.0362220731540508,-0.0187056635689835,0.0184814217325696,0.0357471837753979
"consumption_growth","cpi_growth",18,-2.4764210389386e-05,4.54749660351889e-05,-0.0352954305205173,-0.0181603250080318,0.0180768104803779,0.0350911950103937
"consumption_growth","cpi_growth",19,3.21328547872468e-05,-8.58034398006351e-05,-0.0332916804618623,-0.0167190123147181,0.0167517815994014,0.0329774935070717
"consumption_growth","cpi_growth",20,5.01648899557107e-05,-1.27047893851836e-05,-0.0326341769080068,-0.0164779870501394,0.0163476170418475,0.0324695545720021
"consumption_growth","cpi_growth",21,0.000125328163813364,-8.57426163409693e-05,-0.0311233571316087,-0.0153895176917561,0.0156409262231036,0.0313172376063965
"consumption_growth","saving_rate",1,0.002368190846249,0.00193607231154028,-0.704001515224545,-0.448931977772809,0.454199846993532,0.713027534736573
"consumption_growth","saving_rate",2,-0.001447348691605,-6.899976923058e-05,-0.301156720053016,-0.187124942615116,0.181556103729578,0.29389089178845
"consumption_growth","saving_rate",3,-0.00140290798988635,-0.000391137077183191,-0.18043495791395,-0.111824768454899,0.10842856592747,0.182933647201733
"consumption_growth","saving_rate",4,-0.00031232078677127,-1.46568892735955e-05,-0.135540557046677,-0.0818933130145603,0.0815174865366154,0.135680700706615
"consumption_growth","saving_rate",5,-0.00138168515124043,-0.00102071097749982,-0.13212945606836,-0.0779798981929459,0.0748842574053811,0.126866012897239
"consumption_growth","saving_rate",6,0.00023356534354083,-7.4986768862818e-05,-0.0829251755098929,-0.0479524661732081,0.0489830166677347,0.0837733556597891
"consumption_growth","saving_rate",7,-0.000291658562426756,3.50159019006768e-05,-0.077253112130045,-0.0447208794018139,0.0441980353666896,0.0768969820842648
"consumption_growth","saving_rate",8,-0.000295685313305075,-0.00051089569770135,-0.0627676115056207,-0.0347599375161902,0.0346825263722106,0.061679131324039
"consumption_growth","saving_rate",9,-0.000178944194060091,-0.000220206362447881,-0.0588061726559237,-0.0328049057621954,0.0332467740065672,0.0569774526351787
"consumption_growth","saving_rate",10,2.26045131838305e-06,0.000341923501968809,-0.0521400408959885,-0.0289023168095616,0.0288392411805196,0.0526670364591031
"consumption_growth","saving_rate",11,0.000127481695808443,5.13989784955888e-05,-0.0485612274973445,-0.0260577516451748,0.0265283776760528,0.04833313356033
"consumption_growth","saving_rate",12,0.000161934711767278,7.95541368513912e-05,-0.0465258293530785,-0.0257389598787261,0.0257411367501449,0.0478398633896012
"consumption_growth","saving_rate",13,0.000140759006480583,4.13531469410416e-06,-0.0425029150557509,-0.0233636009782799,0.0238707808130181,0.0425932524511419
"consumption_growth","saving_rate",14,0.000230490572896632,0.000285238964185273,-0.0421531603022363,-0.0230527727825423,0.0236278970229753,0.0427406289194231
"consumption_growth","saving_rate",15,0.000168430238332277,0.000251123697566874,-0.0387234300055619,-0.0204526236301664,0.0212005374122318,0.0386314017956584
"consumption_growth","saving_rate",16,0.000201739430767699,0.000145183110335206,-0.0380666208335659,-0.0205146516044662,0.020755443251659,0.0382296916734056
"consumption_growth","saving_rate",17,0.000123788001481648,0.000201512730682882,-0.035576714804224,-0.0185294782926756,0.0187525557755414,0.0348522070254212
"consumption_growth","saving_rate",18,0.000132063065212696,0.000188533246332851,-0.0345489159501765,-0.0182458850711829,0.0177053066197701,0.0347834978117771
"consumption_growth","saving_rate",19,4.2402513100921e-05,0.000164026862766922,-0.0326216786605961,-0.016767957452312,0.0163151862297286,0.0325225636143408
"consumption_growth","saving_rate",20,4.91715085093232e-05,0.000145882849249325,-0.0315090996864914,-0.0164440842525359,0.0160726049012671,0.0317732253865994
"consumption_growth","saving_rate",21,-1.71923430292593e-05,8.51690204636095e-05,-0.0299555368025065,-0.0152785122139694,0.015011259653378,0.0299259166880096
"consumption_growth","policy_rate",1,-0.0994070007198399,-0.106850081223798,-0.723316350796061,-0.50271842181731,0.306944131328231,0.55696861177563
"consumption_growth","policy_rate",2,-0.108353307122308,-0.114985174778659,-0.371808925679694,-0.269999382027672,0.0583878164079554,0.171351085136503
"consumption_growth","policy_rate",3,-0.0301252354823951,-0.0292858240471791,-0.188389199723691,-0.122905201169618,0.0622756671683829,0.124513765623166
"consumption_growth","policy_rate",4,-0.0170026073941202,-0.0162223830220606,-0.142104398131637,-0.0915514941171253,0.056996342069113,0.105966391907163
"consumption_growth","policy_rate",5,0.0216867861820584,0.0218168095488663,-0.07515318083579,-0.0350968248110553,0.0783732001153343,0.117249937208119
"consumption_growth","policy_rate",6,0.0122350223930858,0.0118408739130076,-0.0586670165998583,-0.0297906656068188,0.0543433115093568,0.0835643603009729
"consumption_growth","policy_rate",7,0.0268831788460952,0.025886499582805,-0.0331793087525612,-0.00935595998608951,0.0629740749520315,0.0896524364615369
"consumption_growth","policy_rate",8,0.0146993954015559,0.0138305414673069,-0.0376895224671039,-0.0158120006563169,0.0449439519236697,0.0692342183191229
"consumption_growth","policy_rate",9,0.0238205439909158,0.0224933075549938,-0.0241307403159764,-0.00467547583194369,0.0523623681597904,0.075718424464353
"consumption_growth","policy_rate",10,0.0115109814930105,0.0106812941301282,-0.0314286600346938,-0.0131801877128683,0.0362913167679367,0.0572828646244289
"consumption_growth","policy_rate",11,0.0144997256304676,0.0135648492016426,-0.0246783029827486,-0.00857684218604302,0.0370959502472261,0.056772722631144
"consumption_growth","policy_rate",12,0.00471081971289643,0.00413972251144502,-0.030954796841041,-0.0154576013883422,0.0248316523158273,0.042272780116024
"consumption_growth","policy_rate",13,0.00764629446536274,0.00693684690121941,-0.0260881555082452,-0.0114787893964461,0.0267525539546758,0.0441083783388359
"consumption_growth","policy_rate",14,0.000342565710563458,2.83363300929052e-05,-0.0317190415166768,-0.0172950125505544,0.0177525733223109,0.0333359335247011
"consumption_growth","policy_rate",15,0.00211101232210968,0.00189935859939464,-0.0292712621097406,-0.0146747951684065,0.0186859032362352,0.033836463437962
"consumption_growth","policy_rate",16,-0.00299402099566633,-0.00290543584052356,-0.0335877793193165,-0.0187938221075651,0.0126528682731338,0.0264028971442501
"consumption_growth","policy_rate",17,-0.000845319573029988,-0.000723980239073805,-0.0299205567168772,-0.0160321681763308,0.0142251054922848,0.0278251707529103
"consumption_growth","policy_rate",18,-0.00421170130509647,-0.00379682326010155,-0.0327927351903707,-0.0185124704357474,0.0100497403093592,0.0231146974170326
"consumption_growth","policy_rate",19,-0.00239308858038376,-0.00193904315358991,-0.0297429738477788,-0.0162581465030913,0.0112691578435852,0.023437787858969
"consumption_growth","policy_rate",20,-0.0045928288585017,-0.00399594156179063,-0.031481623265371,-0.017967179700839,0.00848138878259114,0.0205258425377132
"consumption_growth","policy_rate",21,-0.00274245562614301,-0.00216238551827143,-0.0285849730307204,-0.0156743205301874,0.00963695757743819,0.0215349341553911
"consumption_growth","interest_burden",1,-0.000653520710264094,-0.00136133671121843,-0.718378226416395,-0.442275477777128,0.448769020947336,0.701294290385713
"consumption_growth","interest_burden",2,-0.00286180263826581,-0.00332508622040135,-0.297162440655321,-0.183350419038555,0.176820536128049,0.292932615550305
"consumption_growth","interest_burden",3,-3.8455911587859e-05,0.000660336429699648,-0.184384183856007,-0.108273298664087,0.108720867033779,0.179384994486669
"consumption_growth","interest_burden",4,-4.65997515408459e-05,-0.000878537090321008,-0.138549883685075,-0.0826809092389916,0.0812506716061263,0.13980656933996
"consumption_growth","interest_burden",5,-0.000806851297035311,-0.000972015003056723,-0.127458598653457,-0.0764926922930355,0.07559575979626,0.126785826085292
"consumption_growth","interest_burden",6,0.000173971082415525,0.00051800241638955,-0.0840940299475636,-0.0477206921808108,0.0488294283550753,0.0841382561671076
"consumption_growth","interest_burden",7,-8.6082815537247e-05,-2.15981206382052e-05,-0.0787716381808525,-0.0445466064467459,0.044530268569136,0.0772728545469063
"consumption_growth","interest_burden",8,0.00027095111285622,0.000467328332949166,-0.0618957778287999,-0.0360663364422789,0.0358920688587963,0.0624915099085329
"consumption_growth","interest_burden",9,6.83962890381614e-05,-0.000145708970476656,-0.0592368948311205,-0.0326465091612193,0.0333827734934654,0.0597556142426499
"consumption_growth","interest_burden",10,0.000638690589828765,0.000627026048396866,-0.0513124246299193,-0.0287277024019189,0.0300172682273047,0.0532766384033704
"consumption_growth","interest_burden",11,0.000505464625523934,0.000524881965367207,-0.0470660820777182,-0.0266896752264182,0.0281282147238276,0.0491754318959131
"consumption_growth","interest_burden",12,0.00069963007487152,0.000809323907931983,-0.0463801416947878,-0.0255621219550872,0.0267416098215992,0.0479040709529231
"consumption_growth","interest_burden",13,0.000466705898192265,0.000560235783310574,-0.0430515693951326,-0.0235875621313367,0.0238741480939632,0.0442596340429053
"consumption_growth","interest_burden",14,0.000641189127161534,0.000777226100408725,-0.042214775355976,-0.0228294735148161,0.0243426800277174,0.0439023209462604
"consumption_growth","interest_burden",15,0.000444456867738828,0.000582095503794229,-0.0393891399274509,-0.0210969904349399,0.0218867183048289,0.0396919250157452
"consumption_growth","interest_burden",16,0.000502695422539984,0.00062054757443575,-0.0382600960911954,-0.020467196786747,0.0216941247569361,0.0386951683245944
"consumption_growth","interest_burden",17,0.000272128828570748,0.000291726937983651,-0.0358656241515043,-0.0187730830697677,0.0196260112673393,0.0348090185568713
"consumption_growth","interest_burden",18,0.000364125036032772,0.000366839030734622,-0.034321927696655,-0.0181381663645618,0.0192044649057429,0.0347732487547627
"consumption_growth","interest_burden",19,0.00019277537881768,0.000305248479578247,-0.0327328900603915,-0.0166993395721034,0.0176670155349811,0.0321634088546988
"consumption_growth","interest_burden",20,0.000276519915778137,0.000152620660259389,-0.0312288990705432,-0.0162439425905701,0.017260864537301,0.0320348070356012
"consumption_growth","interest_burden",21,0.000142192269849194,7.11960772123216e-05,-0.0301743788201112,-0.0155347718024056,0.0160609957647405,0.0301449311022841
"consumption_growth","debt_growth",1,0.0046378047529424,0.00452364615727635,-0.699430923076263,-0.438454947583973,0.446300284495146,0.706314148735247
"consumption_growth","debt_growth",2,-0.000969905364650141,-0.00118291040622814,-0.291432190917374,-0.183672372034585,0.181851226334468,0.291915309481005
"consumption_growth","debt_growth",3,0.000106981483215482,0.000801926483236244,-0.18294593823274,-0.111794890168287,0.110756811032653,0.181329526544715
"consumption_growth","debt_growth",4,-0.000573657523627877,-0.000949523965617812,-0.137710339349363,-0.0821626225338317,0.0822781177925476,0.135103602099524
"consumption_growth","debt_growth",5,-0.000672476480464495,-0.000432665375690504,-0.127782009682933,-0.0761353198075187,0.0763330139394893,0.128531319446637
"consumption_growth","debt_growth",6,7.99699702626643e-05,-2.45478113872055e-05,-0.0841566783280707,-0.0482380301061026,0.0486829785613999,0.0832286198580139
"consumption_growth","debt_growth",7,-0.000172712210846536,-0.000344868910437884,-0.0765296439920745,-0.0438591671054779,0.0445817712515658,0.0762071858687601
"consumption_growth","debt_growth",8,0.000219988943334479,0.000316127103303169,-0.0612320776249462,-0.0350475573995094,0.0352271309767394,0.0627648430925514
"consumption_growth","debt_growth",9,-0.000130864800286199,-0.000332131946689886,-0.0578359802576065,-0.0326331105963281,0.033031326706168,0.05769975553046
"consumption_growth","debt_growth",10,0.000411974828177024,0.000595274024583418,-0.0517269196076362,-0.028750405059764,0.0299893113176721,0.0521456439470786
"consumption_growth","debt_growth",11,-1.21335169050185e-05,0.000345012332691695,-0.0477067980044691,-0.0264209068510964,0.0261561731715742,0.0472422947811437
"consumption_growth","debt_growth",12,0.000146956575448704,0.000197128398282914,-0.0479791200155023,-0.0255828745654118,0.0261474544402295,0.047974829896308
"consumption_growth","debt_growth",13,-0.000145746027401354,9.04341834205916e-06,-0.0431555697765657,-0.0229961340401365,0.0233450580817534,0.0431291131598272
"consumption_growth","debt_growth",14,-2.44811496439501e-06,0.000119780463987168,-0.042973826146067,-0.0231839041751729,0.023000616962357,0.0427380726761327
"consumption_growth","debt_growth",15,-0.000229635482027854,3.38420233335071e-05,-0.0396686711535346,-0.0206474685786283,0.0203231229477824,0.038037995469302
"consumption_growth","debt_growth",16,-0.000162277318056348,0.000107159784807801,-0.0390245301897894,-0.0205534000175625,0.0205995372701378,0.0376024852280913
"consumption_growth","debt_growth",17,-0.00030915887780243,4.71414543396272e-05,-0.0355416513460213,-0.0181885604715203,0.0184062970633217,0.0344996785677635
"consumption_growth","debt_growth",18,-0.00019772594561947,0.000164121954246066,-0.0349023459851883,-0.0182211924194712,0.0181987392580099,0.0336915528971688
"consumption_growth","debt_growth",19,-0.000275191189945245,-4.79697397813669e-05,-0.0331637945171987,-0.0165805169391273,0.0164474198808093,0.0318278295767561
"consumption_growth","debt_growth",20,-0.000194313685466078,7.00957113146834e-05,-0.0322100942480124,-0.0161700399000902,0.0166628457558302,0.03109393495529
"consumption_growth","debt_growth",21,-0.000230957343427652,-0.000155950199883629,-0.0308583223701762,-0.0153782300913007,0.0156430555484572,0.0302156374754669
"consumption_growth","real_house_price_growth",1,-0.00495819884261015,-0.00524793008764951,-0.717410143801316,-0.458296265290749,0.453141161815945,0.700643369251724
"consumption_growth","real_house_price_growth",2,0.00106558763554741,0.000660915805744382,-0.29211107346064,-0.178559885673661,0.179523471384532,0.294467509103707
"consumption_growth","real_house_price_growth",3,-0.000623917808538106,-0.00112067650935653,-0.183079236909157,-0.109340737206402,0.109623708734933,0.181790727478738
"consumption_growth","real_house_price_growth",4,-0.000233639012823777,-0.000872452415368499,-0.135794775151257,-0.0830472493410014,0.0823807917906261,0.139935813814572
"consumption_growth","real_house_price_growth",5,-0.000440249387901916,-0.000675877650849391,-0.130684498233874,-0.0764565765431006,0.0765585149685504,0.129852931963099
"consumption_growth","real_house_price_growth",6,-0.000716015997957444,-0.000365699812864835,-0.0860161961803702,-0.049426164071109,0.0479621854963824,0.0837553475748493
"consumption_growth","real_house_price_growth",7,8.69847431323772e-05,3.43812122636039e-06,-0.0774048725439019,-0.0444502294690338,0.044581304058116,0.0779925183993233
"consumption_growth","real_house_price_growth",8,-0.000107295454266295,0.000195253560247664,-0.0625230508129777,-0.0356515405469745,0.0352282753364244,0.0632250393397288
"consumption_growth","real_house_price_growth",9,9.00125102162107e-05,0.000291692679924182,-0.0600892467482204,-0.0327441493674565,0.0324403625761661,0.0585603557909695
"consumption_growth","real_house_price_growth",10,0.000136110105604296,-5.86321328136579e-05,-0.0522467828310571,-0.0289719355721801,0.0294658041231171,0.0527947559019291
"consumption_growth","real_house_price_growth",11,0.000151098470872554,0.000172065111317034,-0.0480706595988906,-0.0264603097008094,0.0269884603549086,0.0481046382100288
"consumption_growth","real_house_price_growth",12,0.000220444819016611,0.000213566729233603,-0.047123789904113,-0.025467568073507,0.0259844840314417,0.0475984038167544
"consumption_growth","real_house_price_growth",13,0.000183905298974069,0.0002325885249703,-0.0429300655012533,-0.0227269592045884,0.0232122218034641,0.0436193127343114
"consumption_growth","real_house_price_growth",14,0.000215274376605259,0.000176124151080077,-0.0429001455059364,-0.0224930863721361,0.0231268111416216,0.0429632780129529
"consumption_growth","real_house_price_growth",15,0.000151346475193545,0.00040165595491638,-0.039343669683511,-0.0200521683696562,0.0205048865450271,0.0390663882849059
"consumption_growth","real_house_price_growth",16,0.000106230863769535,0.000343565035123127,-0.0388295577112652,-0.0202789008133011,0.0203864519587444,0.0383251333406714
"consumption_growth","real_house_price_growth",17,5.54443281277985e-05,0.00032488066201687,-0.0360734314632041,-0.0183047484004056,0.0183062629471118,0.0350335236621507
"consumption_growth","real_house_price_growth",18,2.07960488502523e-05,0.000249297058432215,-0.0348496683437691,-0.0180693752415122,0.0178042900527215,0.0342212699459777
"consumption_growth","real_house_price_growth",19,-1.89069524125784e-05,0.000334449483518556,-0.0327634942086878,-0.0165660910401707,0.0166814447191839,0.0318664198875482
"consumption_growth","real_house_price_growth",20,-5.4975852536243e-05,0.000281676186322114,-0.0322524233089792,-0.0162630307157409,0.0161112804099647,0.0309000566930664
"consumption_growth","real_house_price_growth",21,-6.79184059231877e-05,0.000109407871912411,-0.0304152958373274,-0.0154328135697248,0.0155350228730549,0.0299124416432669
"consumption_growth","asset_liability_ratio",1,-5.98580504702373e-05,-0.00239500969781459,-0.70867429913018,-0.454315800960556,0.456750165911538,0.70925761326485
"consumption_growth","asset_liability_ratio",2,-0.0010167727075186,-0.000770645538095322,-0.292640353812674,-0.181929284406561,0.180913523918719,0.288739659191393
"consumption_growth","asset_liability_ratio",3,0.000321755639377579,-0.000724914872084968,-0.179103708805763,-0.108882694679505,0.109475691438694,0.181636424173634
"consumption_growth","asset_liability_ratio",4,-0.0010729284721776,-0.000909491603939265,-0.139424940749123,-0.0840867086875263,0.0824707373302371,0.137221294988021
"consumption_growth","asset_liability_ratio",5,-0.000546717215863016,0.000286142676729539,-0.130108690575911,-0.0766883092259379,0.0757478215363201,0.127223486279522
"consumption_growth","asset_liability_ratio",6,-0.000197536921817997,-0.000762098387958735,-0.0841781336195855,-0.0493788356766942,0.0486100335722693,0.0856238143534309
"consumption_growth","asset_liability_ratio",7,-0.000207625155693419,0.000217421186496805,-0.0773686043706879,-0.0444148533190011,0.0437327835868434,0.0759379780990385
"consumption_growth","asset_liability_ratio",8,-0.00015034337227959,0.000282282094471149,-0.0614402155423158,-0.0362206505091927,0.0349906913386005,0.0622503799763457
"consumption_growth","asset_liability_ratio",9,-1.2687368922786e-05,-0.000237826733632431,-0.0582859960129796,-0.0319854161224555,0.0328270578850166,0.0571704585449454
"consumption_growth","asset_liability_ratio",10,0.000149933277668325,0.000117865904535039,-0.0514580053570543,-0.0289518357731089,0.029132775532355,0.0522817391478291
"consumption_growth","asset_liability_ratio",11,-0.000311626554718789,-5.71447111950936e-05,-0.0491998871752921,-0.0273251298303991,0.0262315869073816,0.0472871708190744
"consumption_growth","asset_liability_ratio",12,-0.000225547250719276,-5.09322893580359e-05,-0.0484000616988364,-0.0264385431923393,0.0259279510034807,0.0460450316383274
"consumption_growth","asset_liability_ratio",13,-0.000331815811464679,0.000115377536197028,-0.044444885171108,-0.0238289053917615,0.0232033350255176,0.0420172350792126
"consumption_growth","asset_liability_ratio",14,-0.000268309681812297,-0.000179836941302141,-0.0438597797438305,-0.0236675732672757,0.0228526621367146,0.0419104819291637
"consumption_growth","asset_liability_ratio",15,-0.000396143797318602,-1.49651218779925e-06,-0.0403399869273879,-0.021685353133034,0.0205408826805112,0.0376523436276315
"consumption_growth","asset_liability_ratio",16,-0.000349951421903165,-0.000293710788231071,-0.0391071702338897,-0.0213940198375508,0.020162738188392,0.0372809063655076
"consumption_growth","asset_liability_ratio",17,-0.000354305522688784,-0.000108567295602568,-0.036465348317035,-0.0189198758276018,0.0184038636252519,0.0338486596104307
"consumption_growth","asset_liability_ratio",18,-0.000276917722490994,-0.000169705509618239,-0.0353931193595113,-0.0186646462551536,0.0179313521651456,0.0341058882187194
"consumption_growth","asset_liability_ratio",19,-0.000312224444260622,-0.000124229328179046,-0.0335232854350122,-0.0173194634908993,0.0165329830030629,0.0315234860329137
"consumption_growth","asset_liability_ratio",20,-0.00027646286177448,-9.05074397909468e-05,-0.0328958573179899,-0.0166610141371188,0.0160760723733471,0.0309474402804056
"consumption_growth","asset_liability_ratio",21,-0.000292325523397559,-0.000112323493142434,-0.0310693672934906,-0.0156419993062163,0.0151935140747959,0.0294979782281359
"cpi_growth","gdp_growth",1,-0.000117931571930442,0.000303849471344283,-0.276079227644417,-0.179448112970269,0.179787974130758,0.277622257862208
"cpi_growth","gdp_growth",2,-0.00022694045100053,-0.000321677303061417,-0.146623932982843,-0.0943908809755269,0.0928291130752519,0.146469130153834
"cpi_growth","gdp_growth",3,-0.000444800927809353,-0.00167519740299804,-0.142487469393218,-0.0909312505704498,0.090670083721999,0.142796146550809
"cpi_growth","gdp_growth",4,-0.000290030869333066,-0.000130863353357442,-0.0923664150717331,-0.0565008549837235,0.0562183763717285,0.0934105894486588
"cpi_growth","gdp_growth",5,-0.000218821400064142,0.000369583025547523,-0.104650547789107,-0.0634562351934068,0.0629105741280501,0.10292173844116
"cpi_growth","gdp_growth",6,-2.78814446552288e-05,-0.000175703517310649,-0.0745744705625934,-0.0439144138915103,0.045009676484328,0.0752274240033605
"cpi_growth","gdp_growth",7,-0.000257216042098079,-0.000340165631472203,-0.0673382656891148,-0.0387535620010669,0.0390436817855695,0.0666977457119769
"cpi_growth","gdp_growth",8,-9.83353281409128e-05,9.10507593062824e-05,-0.0667234035788336,-0.0398892223377262,0.0393767747618001,0.0662293548969342
"cpi_growth","gdp_growth",9,-1.17530297201249e-05,-0.000165599384193514,-0.0569232599625211,-0.0331570417181033,0.0334333883329869,0.0576077005835492
"cpi_growth","gdp_growth",10,0.000215381248121652,0.000321036258941496,-0.063333968855911,-0.0368096204987085,0.0373099283950774,0.0640184449848842
"cpi_growth","gdp_growth",11,0.000105511754375256,3.97423277644234e-05,-0.0543208242155312,-0.0310484923585641,0.0306579124753882,0.0538117106379002
"cpi_growth","gdp_growth",12,0.000239467585951194,0.000308040416493882,-0.0587679637432754,-0.0340980273570775,0.0343404099420469,0.0598335664682606
"cpi_growth","gdp_growth",13,0.000199248212170149,0.000503435125149169,-0.0490169220381455,-0.0269243075107552,0.0271111715614789,0.0491977369152818
"cpi_growth","gdp_growth",14,0.000329522251590663,0.000274341098118865,-0.0499026661361678,-0.0279811043838191,0.0283189474144361,0.0519392419978861
"cpi_growth","gdp_growth",15,0.000194637603907849,0.000242147881005709,-0.0422813855698569,-0.0228215296293783,0.022928293144285,0.0424926908404272
"cpi_growth","gdp_growth",16,0.000226484225383618,0.00039649294098843,-0.0423517751253577,-0.0230543324849535,0.0234833927134745,0.0433830527526309
"cpi_growth","gdp_growth",17,0.000106323357710587,0.000110203198131596,-0.0359378724327881,-0.0189153534685874,0.019285095668907,0.0367782900332835
"cpi_growth","gdp_growth",18,0.000130522572783888,4.5424569417428e-05,-0.0355648166679045,-0.018561071482856,0.0189554443551805,0.0364818089339577
"cpi_growth","gdp_growth",19,-5.03492163638131e-06,0.000100226515165601,-0.0318223012519781,-0.0165687420050639,0.0166831505284481,0.0318459346123224
"cpi_growth","gdp_growth",20,-1.91294460126696e-05,3.21812123675537e-05,-0.0313611784209323,-0.0161671892570805,0.0163942247607486,0.0312237626249474
"cpi_growth","gdp_growth",21,-0.000134824847990404,7.09137822253452e-05,-0.0297228542538888,-0.014841284794721,0.0149221634423794,0.0288726726635845
"cpi_growth","consumption_growth",1,-0.000511991871136576,-0.00178884124149195,-0.282422387428839,-0.182136697246019,0.179820572217935,0.283070659983236
"cpi_growth","consumption_growth",2,-5.46040603239934e-05,0.00133445593944403,-0.148569334010772,-0.0936092370222044,0.0931273049598725,0.148678855092219
"cpi_growth","consumption_growth",3,-0.000352311971245798,-0.000994881004302159,-0.143506719052629,-0.0897993069368441,0.0907610433363488,0.143311941351487
"cpi_growth","consumption_growth",4,-0.000352555099636047,0.00026595424904177,-0.0940932529037255,-0.0560332945854784,0.0563748800263248,0.0908101281996896
"cpi_growth","consumption_growth",5,-0.000104899476080178,7.08492779588001e-05,-0.103683922807518,-0.0632008123707586,0.0627498354592658,0.103789729013793
"cpi_growth","consumption_growth",6,0.000114581317811255,5.93610100029164e-05,-0.0741509415762035,-0.0437465876718195,0.0446462508824348,0.0744954185722378
"cpi_growth","consumption_growth",7,9.79415115025195e-06,0.000692253778395755,-0.0667839128936497,-0.0390108628126399,0.038477383240372,0.0654238932124396
"cpi_growth","consumption_growth",8,1.47407841479651e-05,0.000206484968619195,-0.0658789887956624,-0.0394970653591854,0.0393588535320491,0.0654082132898437
"cpi_growth","consumption_growth",9,-0.000110475332877151,0.000164767636199142,-0.056613292691808,-0.0338023847793461,0.033193666521339,0.0565120836110573
"cpi_growth","consumption_growth",10,-8.52871850569634e-05,0.000113104613101403,-0.062997710723597,-0.0374478153089843,0.0368616830612817,0.0627451117014827
"cpi_growth","consumption_growth",11,-0.000143852624196006,-0.000233574518406874,-0.0538893016106402,-0.0312968495844097,0.0305688803198442,0.0537959525822976
"cpi_growth","consumption_growth",12,-0.000137774843634996,6.71206501565636e-05,-0.0595245673448901,-0.0344123780430251,0.0339878344857477,0.0591451611969686
"cpi_growth","consumption_growth",13,-0.000198098452567972,-0.000173075928055598,-0.0496051318219273,-0.0270793305478768,0.0271368639576338,0.0486328770164686
"cpi_growth","consumption_growth",14,-0.000183016051409837,-1.15594742566305e-05,-0.0513953533610553,-0.0283576420625205,0.0283462957904586,0.0506483512942773
"cpi_growth","consumption_growth",15,-0.000181618660012406,-0.000236890145309497,-0.043636618984164,-0.0233605663665632,0.0232638545512716,0.043272710994522
"cpi_growth","consumption_growth",16,-0.00016025401853053,-0.000207919818285151,-0.0438754759189282,-0.0233195257442636,0.0233458757743219,0.0435472597858307
"cpi_growth","consumption_growth",17,-0.000154618439158354,-0.000365634225217975,-0.0372221261843633,-0.0197208864518708,0.0197380534113326,0.0371419472008273
"cpi_growth","consumption_growth",18,-0.000133934594554743,-0.000256764873387907,-0.0366942126523045,-0.0192030269837131,0.0189175803056951,0.0360512432421156
"cpi_growth","consumption_growth",19,-0.000111502781713135,-0.000144426738271458,-0.0326707834531027,-0.0168702597096709,0.016808235818874,0.0325638422711216
"cpi_growth","consumption_growth",20,-0.000101823806957911,-0.000186334393453787,-0.032126334637199,-0.0165543890523456,0.0166150768084749,0.0315248646314812
"cpi_growth","consumption_growth",21,-9.31801096581971e-05,-0.000221060469114098,-0.029366480487545,-0.0149661012767063,0.0150639667486165,0.0291516656010536
"cpi_growth","cpi_growth",1,0.00140886435960493,0.00114331084576691,-0.277404302576646,-0.179366392981124,0.182964103491664,0.280516149043175
"cpi_growth","cpi_growth",2,5.59330094553736e-05,0.000883618903155239,-0.147451050474759,-0.0933588076938131,0.0922411300611266,0.148374880803019
"cpi_growth","cpi_growth",3,0.000595994016687654,0.00070407767513845,-0.144396118933976,-0.0893319818519757,0.0897872939772011,0.143108025388533
"cpi_growth","cpi_growth",4,0.000159640732535603,0.000129526615194909,-0.0936818228564845,-0.0573745716669011,0.0575619923494477,0.0951027752511803
"cpi_growth","cpi_growth",5,0.000198200829374938,-0.000447141631683109,-0.103313822658511,-0.0627633087600046,0.0646999004673624,0.105700155266433
"cpi_growth","cpi_growth",6,-0.000443213623554572,-0.000167334716605609,-0.0754188066514128,-0.0453977735034555,0.0444966919195654,0.0739624158922841
"cpi_growth","cpi_growth",7,0.000119857293459647,-4.83010606051031e-05,-0.0652666654136363,-0.0393795589236867,0.038660212320193,0.0660429443105023
"cpi_growth","cpi_growth",8,-0.000183292494861533,-2.49612910911583e-05,-0.0671302697681672,-0.0396696469936345,0.0392210715424577,0.0672481612129057
"cpi_growth","cpi_growth",9,-1.4767819815976e-05,-0.000190966136549585,-0.0565919486680166,-0.0338326238452513,0.0326158900575014,0.0576721590643852
"cpi_growth","cpi_growth",10,-0.000279265920237536,-0.000432308904111805,-0.0638997397373088,-0.0372875921739803,0.0372242162019675,0.0633409852496085
"cpi_growth","cpi_growth",11,9.02052144085441e-05,-0.000283082592120609,-0.0540232963684608,-0.0305920098089081,0.0315456805564525,0.0546659411808555
"cpi_growth","cpi_growth",12,-5.36380293962345e-05,-0.00051645958927028,-0.060415621114295,-0.0337723952946724,0.0345595237639896,0.0609114005020998
"cpi_growth","cpi_growth",13,7.23826359688794e-05,-0.000113697676650658,-0.0492235058584264,-0.0270177776230551,0.0275061946943344,0.0500392958853334
"cpi_growth","cpi_growth",14,-8.59298573865295e-05,-0.000243581870000829,-0.0526407830752487,-0.0282804049860173,0.0280297429174583,0.0523921804397042
"cpi_growth","cpi_growth",15,7.83773399446735e-05,-8.02428276655597e-06,-0.0433673754144119,-0.0233639433332302,0.0237672650048549,0.0441641679542501
"cpi_growth","cpi_growth",16,-4.28662968707801e-05,-0.000216793619023154,-0.0445723131714153,-0.0231635067837773,0.0231985567995318,0.0437473720416978
"cpi_growth","cpi_growth",17,-1.65374238727136e-05,-9.94127892568731e-05,-0.0376869539371084,-0.0195342882587909,0.0195574651637219,0.0375121044784863
"cpi_growth","cpi_growth",18,-0.000173209426096292,-0.000217279103094918,-0.037366384966977,-0.0193383035072113,0.0188870544861927,0.0361184823133728
"cpi_growth","cpi_growth",19,-0.000140288200717742,-0.000144522844231998,-0.0328462163979068,-0.01722433423636,0.0169785936807955,0.0325150237348776
"cpi_growth","cpi_growth",20,-0.000251397943014054,-0.000219719405620586,-0.0321513831279381,-0.0168174862946754,0.0161068158967542,0.0316996174359393
"cpi_growth","cpi_growth",21,-0.000253580761226088,-0.000202513131026916,-0.0300551635511963,-0.0153324379317407,0.0149109812078383,0.0288035102501921
"cpi_growth","saving_rate",1,0.00165326726429908,0.00151965362770171,-0.277727244148087,-0.176153118679757,0.182309594557752,0.279554202869123
"cpi_growth","saving_rate",2,0.000348664938885113,0.000906474928494795,-0.146169911190661,-0.0914883477142625,0.0918377943203114,0.144596998156453
"cpi_growth","saving_rate",3,0.00108846467856079,-0.000174944368141206,-0.142763185028128,-0.0863188068406265,0.0899772558769882,0.142153482105034
"cpi_growth","saving_rate",4,-8.30731547609938e-05,0.000208178349862158,-0.0947610372525064,-0.0561263139008661,0.0559368322026336,0.092366457451233
"cpi_growth","saving_rate",5,0.000603747931018463,0.000203732933542695,-0.101140147487564,-0.0605090269596709,0.0622066093349718,0.102065134271682
"cpi_growth","saving_rate",6,-0.000222805297695024,0.000311497354573019,-0.0751636129905518,-0.0448494558634815,0.0439427687219628,0.0738648277635434
"cpi_growth","saving_rate",7,8.80713405777746e-05,-4.64322352290974e-06,-0.0651155868854574,-0.0388226644269103,0.0385023877474844,0.0655154057598595
"cpi_growth","saving_rate",8,-0.000394298858025531,-0.00053239876307163,-0.0675368230060252,-0.0396992815108493,0.0395692277895002,0.0655761080443896
"cpi_growth","saving_rate",9,6.33172415303104e-05,-0.000327118529791377,-0.0568341276815724,-0.0333984349925514,0.0331179469239936,0.0581074265253921
"cpi_growth","saving_rate",10,-0.000274070763026202,-0.000224461110693325,-0.0637158117609336,-0.0376757865105158,0.0364175404721185,0.0637172176130141
"cpi_growth","saving_rate",11,5.25099402827052e-05,0.000186256390912174,-0.0544560516804165,-0.0313370159515544,0.0307051452405445,0.0542667571254608
"cpi_growth","saving_rate",12,-0.000223362225611542,-0.000208797986500621,-0.059805490542953,-0.0345242516363362,0.0338983075259528,0.0588340413336079
"cpi_growth","saving_rate",13,9.09029232689765e-05,0.000318949074461144,-0.0491057940062129,-0.0272568139280742,0.0271120042284033,0.0491509192303091
"cpi_growth","saving_rate",14,-0.000116095214846083,0.000267266935611952,-0.0510572629638323,-0.0291166799973762,0.0283105197174089,0.050600961908819
"cpi_growth","saving_rate",15,9.49672161460463e-05,0.000143316961802745,-0.0431048397669583,-0.0232899161077722,0.0231110917624769,0.0423382418581267
"cpi_growth","saving_rate",16,-8.08227333543407e-05,8.71815425250837e-05,-0.043237321815498,-0.0237592727782785,0.0234951841365313,0.0427915609860184
"cpi_growth","saving_rate",17,0.000100929545141289,2.15571790798049e-05,-0.0370515325365357,-0.01957670556916,0.0198059401362492,0.0369111102954689
"cpi_growth","saving_rate",18,-5.55576037925954e-05,1.45481515708326e-05,-0.0364089967787109,-0.019444243454321,0.0192338881016989,0.0358175108785559
"cpi_growth","saving_rate",19,5.57208724867952e-05,1.77539753085737e-05,-0.0327957362269826,-0.016687192663812,0.0173017514478438,0.0322096763953941
"cpi_growth","saving_rate",20,-9.04761521452103e-05,-2.39094551771967e-05,-0.0324065435970012,-0.0165494463371401,0.0169503880177859,0.0314255477570678
"cpi_growth","saving_rate",21,-1.11311906391208e-06,-0.00018370154829296,-0.029251286228726,-0.0150268705233922,0.0154021394071303,0.0293611289411589
"cpi_growth","policy_rate",1,-0.074638737692083,-0.0665073723584381,-0.171325927321435,-0.127848219007305,-0.0212521369051453,-0.00627761863755056
"cpi_growth","policy_rate",2,-0.0454151310748171,-0.0405423177104128,-0.104965468348376,-0.0769191512336108,-0.0134781809943768,-0.00437959086832568
"cpi_growth","policy_rate",3,-0.0732619680573973,-0.0716453100003021,-0.136382137866385,-0.10922020709052,-0.0353835293505442,-0.0164272746440393
"cpi_growth","policy_rate",4,-0.0391581565746516,-0.0337796854782676,-0.0936049619276145,-0.0679652579110679,-0.0108117971929871,-0.00355795399920158
"cpi_growth","policy_rate",5,-0.0732385928632694,-0.0718729931193912,-0.133581493825256,-0.107423479357683,-0.0389682895553242,-0.0181211269205691
"cpi_growth","policy_rate",6,-0.0494927177277282,-0.0476136773417004,-0.105810225084232,-0.0807332724387181,-0.017504994767581,0.000544689718144571
"cpi_growth","policy_rate",7,-0.0538687538636502,-0.0527625754424684,-0.109587146303992,-0.0840518739315525,-0.0225934752893082,-0.00307940503502668
"cpi_growth","policy_rate",8,-0.0265028746685845,-0.0246340587565236,-0.0769119885526341,-0.053728358594096,0.00111560751372793,0.0186788469185902
"cpi_growth","policy_rate",9,-0.033682138890884,-0.0322136045684198,-0.0844021480629796,-0.0612118988080078,-0.00583120004835696,0.0123566623830119
"cpi_growth","policy_rate",10,-0.0145594875011158,-0.0133312406120778,-0.0602671055865069,-0.0399634201520574,0.0111002965856373,0.0286292116911185
"cpi_growth","policy_rate",11,-0.0151350819235147,-0.0138529225821968,-0.0581507140057608,-0.0386270861015976,0.0083320075259403,0.0248181707006688
"cpi_growth","policy_rate",12,0.000531023389772172,0.000949806934061537,-0.0384074238712124,-0.0206720863017114,0.0222387736040308,0.0380792902279564
"cpi_growth","policy_rate",13,-0.00301792003852399,-0.00250121871704887,-0.0392140281841768,-0.0224268512445813,0.0166584115718224,0.0323717821919241
"cpi_growth","policy_rate",14,0.0065170686034349,0.0061556928478728,-0.0267972381045124,-0.0117801579229781,0.0251050083601937,0.0408711651323141
"cpi_growth","policy_rate",15,0.00401450026437545,0.00359387568350826,-0.0271884996872807,-0.0129818990405662,0.0213400812352125,0.0371068981501492
"cpi_growth","policy_rate",16,0.0107705627430055,0.00988338327295198,-0.0180357591417347,-0.00586830463880614,0.0275699353468676,0.0437973643726416
"cpi_growth","policy_rate",17,0.00703979643834815,0.00609464800406739,-0.0203181754224146,-0.00829792760325576,0.0229129011803445,0.0384595221405101
"cpi_growth","policy_rate",18,0.0106967578919048,0.00934881085924774,-0.0155774784423961,-0.00432673717869298,0.026102858836019,0.0426668745488063
"cpi_growth","policy_rate",19,0.00739148072007707,0.00604719550102889,-0.0173624462799874,-0.00670659628482453,0.0219374578593497,0.0373626104501898
"cpi_growth","policy_rate",20,0.0097590232655536,0.00825019291182143,-0.0137740323340455,-0.00377459862744346,0.0238312564196429,0.0382649952955228
"cpi_growth","policy_rate",21,0.00640789707247844,0.00497526629116593,-0.0164330698708737,-0.00622464415673369,0.0194285925828907,0.0331923059297923
"cpi_growth","interest_burden",1,0.0024718889628201,0.00326475495328224,-0.280507523784514,-0.176719827157292,0.181913894303016,0.277053036823364
"cpi_growth","interest_burden",2,0.00110097983475315,0.00265897784358525,-0.145854383387933,-0.0912625359821537,0.0930052963701004,0.144100384405426
"cpi_growth","interest_burden",3,0.000690546352109106,0.00111134095069068,-0.143960580782529,-0.0878203154303999,0.0915086496505043,0.141479603920334
"cpi_growth","interest_burden",4,0.000279099208405281,0.00106262060438764,-0.0919214798935721,-0.0567025028775913,0.0571078379916534,0.0933136875397516
"cpi_growth","interest_burden",5,0.000471236168361107,0.00109405545267454,-0.102413499998792,-0.0627733376788057,0.0629445172503566,0.103281516282401
"cpi_growth","interest_burden",6,-0.000237269458804828,0.000135554152341903,-0.0757842494152727,-0.0447233214691074,0.0434783707299003,0.0740838203714546
"cpi_growth","interest_burden",7,-3.71275420670405e-05,0.000207416225709974,-0.0668960424914281,-0.0393738654843825,0.0385008768006445,0.0665941115403666
"cpi_growth","interest_burden",8,-0.000505554151306824,5.6224574625393e-05,-0.0698993116956349,-0.0407322051635243,0.0392857818947406,0.0658842036258055
"cpi_growth","interest_burden",9,-0.000253898795344846,-8.81625094349518e-06,-0.0582794967621822,-0.0340283601813888,0.033510440140606,0.057833738096307
"cpi_growth","interest_burden",10,-0.000568176706319817,0.000172395772169002,-0.0654238144123752,-0.0387571266283859,0.0370624911740966,0.0640804733344199
"cpi_growth","interest_burden",11,-0.000271617085705203,-0.000430914743294415,-0.0559189324910056,-0.0323361432773636,0.0314514924968637,0.0554154172290153
"cpi_growth","interest_burden",12,-0.000480786591029003,-0.000553078545254811,-0.0609897512701973,-0.0350216045107558,0.0338846702828002,0.0609366082321381
"cpi_growth","interest_burden",13,-0.000170498508134607,-0.000250434501079652,-0.0487120560012209,-0.0280052622789186,0.0276837149237429,0.0509558668579469
"cpi_growth","interest_burden",14,-0.000331295741336732,-0.000497972786110162,-0.05151028238485,-0.0289530543813102,0.0280326071160852,0.0522231917900049
"cpi_growth","interest_burden",15,-7.10074130272044e-05,-0.000418239253119779,-0.0426611305088106,-0.0238851000258807,0.0239759264899502,0.0441201284481772
"cpi_growth","interest_burden",16,-0.000215682641699341,-0.00024174761049979,-0.0436101049007578,-0.0241693277140028,0.0231830013143937,0.043429390672004
"cpi_growth","interest_burden",17,1.78961696685199e-05,-3.79661946307624e-05,-0.0369024488367518,-0.0198377578059602,0.0198791019906636,0.0378155311568729
"cpi_growth","interest_burden",18,-0.000114264175135961,-6.50108378006857e-05,-0.0365728919524191,-0.0196815434826987,0.0190007261714511,0.0367489120073821
"cpi_growth","interest_burden",19,6.43091906127218e-05,-6.94722458392807e-05,-0.0327655222601945,-0.017306977121309,0.0171979417875996,0.0336735383615432
"cpi_growth","interest_burden",20,-7.39193165910738e-05,-1.97973728916452e-05,-0.0322864263321621,-0.0170626570142643,0.0165499542410297,0.0321985942781174
"cpi_growth","interest_burden",21,7.83810140821467e-05,-2.36792611736838e-05,-0.0297681233987647,-0.0153183242146543,0.015274132022028,0.0307108157078705
"cpi_growth","debt_growth",1,-0.000719825819043611,-0.00182734480787834,-0.28087235181382,-0.181190210121408,0.17785355235024,0.279019456817714
"cpi_growth","debt_growth",2,-0.000789752789424686,-0.000635652922316056,-0.146999776018872,-0.0944671259166191,0.0915743639087994,0.146566835611302
"cpi_growth","debt_growth",3,-0.000269573387032386,-2.32136036133973e-05,-0.14133277190486,-0.0898775898130765,0.0891186042249006,0.140596355966508
"cpi_growth","debt_growth",4,-0.000497515180446746,-0.000716218723151467,-0.0941565355052725,-0.0560457649527437,0.0551100746439802,0.095008071960776
"cpi_growth","debt_growth",5,-0.000672406000001542,-0.000624993817494965,-0.104485206058455,-0.0626137205318519,0.0625588629610872,0.103378286635732
"cpi_growth","debt_growth",6,-0.000921375006637104,-0.00129974420126753,-0.0757921983281642,-0.0460068285034771,0.0439927050589394,0.074761064884518
"cpi_growth","debt_growth",7,-0.000680851959413388,-0.000869291966006114,-0.0677006399399609,-0.0398483116730079,0.0388672268073973,0.0663731879080669
"cpi_growth","debt_growth",8,-0.000679069968652313,-0.000242314968893389,-0.0669659744017492,-0.0404427250981507,0.038742990900745,0.0659056095791801
"cpi_growth","debt_growth",9,-0.000510564244273623,-0.00045407242063114,-0.0579049078228355,-0.0348093659241024,0.0332209414557967,0.0571852389321969
"cpi_growth","debt_growth",10,-0.000489014743644879,-0.000276023645512008,-0.064425286239119,-0.0380001622229201,0.0366931913936788,0.0640336105649318
"cpi_growth","debt_growth",11,-0.000212207919005112,-0.00024110756668728,-0.0546669552505931,-0.0308802581836618,0.0311949092508014,0.0538600642327615
"cpi_growth","debt_growth",12,-0.000166189698082167,-0.000151376150651239,-0.0603176440574442,-0.0341604709150796,0.0340694002358675,0.0594738202374081
"cpi_growth","debt_growth",13,6.11234439365793e-06,5.68497301990712e-05,-0.0491064835388977,-0.0271443797065653,0.0275878531311215,0.0492093257342681
"cpi_growth","debt_growth",14,1.03560007511629e-05,-7.4062630386607e-05,-0.050422536872692,-0.0280163196736619,0.0288953669106617,0.0513072892634761
"cpi_growth","debt_growth",15,0.000162677093983077,-0.000395449464037842,-0.0422104047992692,-0.0229741377390594,0.0239705040834905,0.0436478425568196
"cpi_growth","debt_growth",16,0.000136193601870682,-0.000364565725128168,-0.0430561141837418,-0.0228886941871348,0.0239025939357523,0.0440618159682012
"cpi_growth","debt_growth",17,0.000192649056845654,6.58227666994315e-06,-0.0364510449803036,-0.019238920031609,0.0199799189516589,0.0369860560733532
"cpi_growth","debt_growth",18,0.000114836482299466,-0.000167346345874855,-0.0356738699792941,-0.0187523956884265,0.0193808331844349,0.0368782820175516
"cpi_growth","debt_growth",19,0.000137086027290849,4.59642741554514e-05,-0.0318604127558657,-0.0166192683570929,0.0171436185322473,0.0321126556790007
"cpi_growth","debt_growth",20,4.9035318498027e-05,-1.03138281595655e-05,-0.0306889329629989,-0.0165034081611769,0.0164696520853665,0.0320123969316716
"cpi_growth","debt_growth",21,3.62834257645592e-05,4.19954694010524e-05,-0.0286497175043726,-0.0148769193143656,0.0151791087688929,0.0294704841642764
"cpi_growth","real_house_price_growth",1,0.00130918648604312,0.00451812679071515,-0.280898321027026,-0.177696262958048,0.179222818534918,0.280017848888796
"cpi_growth","real_house_price_growth",2,0.000731445481744262,0.00173244368293083,-0.148509927219136,-0.0924901367637718,0.0929373893819413,0.14679000211831
"cpi_growth","real_house_price_growth",3,0.00069106437992912,0.00105232724906391,-0.143807384529514,-0.088369424014725,0.0891183418929325,0.141884431249964
"cpi_growth","real_house_price_growth",4,0.000226197673052278,0.000871143545278364,-0.0944418024317628,-0.0557923692584955,0.0568948765302326,0.0924428173798771
"cpi_growth","real_house_price_growth",5,0.000170576684910482,0.00120659531668882,-0.103674082749961,-0.0620152257895241,0.0624633965382184,0.101462497401863
"cpi_growth","real_house_price_growth",6,-0.000368305153008117,-1.83185230625295e-05,-0.0750965012601171,-0.0448161251276066,0.0435774354049233,0.07267594088218
"cpi_growth","real_house_price_growth",7,-0.000227200993129352,-8.95618194536495e-05,-0.0657196871295544,-0.0386274541648667,0.0387860024251563,0.0644350982545393
"cpi_growth","real_house_price_growth",8,-0.000480552777208184,-0.000433419366478912,-0.0669153153214904,-0.0397896031360155,0.038671603357351,0.0656984916912693
"cpi_growth","real_house_price_growth",9,-0.00027309646830063,-0.000159666069167356,-0.0575362585361885,-0.0331589260953287,0.0327001319659635,0.0558255807701838
"cpi_growth","real_house_price_growth",10,-0.000497710679834097,-8.03255963889531e-05,-0.0647458831414034,-0.0377268845722508,0.0368842847193101,0.0630652728965803
"cpi_growth","real_house_price_growth",11,-0.000320589368263833,-0.000225042097294108,-0.0545890263763433,-0.0314211092189742,0.0302050413669173,0.0535833225358962
"cpi_growth","real_house_price_growth",12,-0.000300352096835235,0.000496524922318078,-0.0606984198480555,-0.0348855779204248,0.0335839895104936,0.0601436188155444
"cpi_growth","real_house_price_growth",13,-6.48710086605667e-05,-0.000239718628457227,-0.0483152373080986,-0.0274609513745929,0.0270774639048612,0.048886246025896
"cpi_growth","real_house_price_growth",14,-5.26115594116099e-05,8.41550117554161e-05,-0.0506122566449894,-0.0288840367021904,0.0279700343273387,0.0512023636214933
"cpi_growth","real_house_price_growth",15,0.000109074945121842,2.90456874849583e-05,-0.041580565148155,-0.023415856517715,0.0228285363448653,0.0425046986450373
"cpi_growth","real_house_price_growth",16,0.000161435663357833,0.000106020872956706,-0.043507019768729,-0.023573608923491,0.0232713931082387,0.0428473477126541
"cpi_growth","real_house_price_growth",17,0.000304214209647458,0.000132118448209529,-0.0357201672485692,-0.0189425897728907,0.0194142001206269,0.0371163267544758
"cpi_growth","real_house_price_growth",18,0.000303904320524647,3.65015825298056e-05,-0.0360015778783139,-0.0190563502235127,0.0193192837062763,0.0365096275569823
"cpi_growth","real_house_price_growth",19,0.000365370774935222,8.84831748622274e-05,-0.0313131038693606,-0.0165146693422963,0.0171643526313779,0.0330776088499053
"cpi_growth","real_house_price_growth",20,0.00034909753956279,-6.18176651606026e-05,-0.0310890284975391,-0.0163346814688915,0.0172039553381156,0.03221464292651
"cpi_growth","real_house_price_growth",21,0.000378345354807373,-5.64277511583447e-05,-0.0289268260819959,-0.014724926694591,0.0156049103380262,0.0297993139895047
"cpi_growth","asset_liability_ratio",1,-0.000267694682322061,-0.00157241090653415,-0.27689865081172,-0.176707612923442,0.177933118299422,0.279599368299173
"cpi_growth","asset_liability_ratio",2,7.0313518196654e-05,0.000328576463451217,-0.145311233402863,-0.0922521168404765,0.0924109705189234,0.14694920933916
"cpi_growth","asset_liability_ratio",3,-0.000286231866435869,-0.000297647406198231,-0.142163259162091,-0.0882016166181779,0.088759742587873,0.139970135815568
"cpi_growth","asset_liability_ratio",4,-0.000191420219932333,0.000162343211801722,-0.0943723618307199,-0.0559490196420271,0.055705228358435,0.0923377758106676
"cpi_growth","asset_liability_ratio",5,-0.000293036611469555,0.000309322467036706,-0.102455964805097,-0.0633858350665894,0.062798286329452,0.102615445508138
"cpi_growth","asset_liability_ratio",6,-0.000380913619556184,-0.000354766523090272,-0.0755243482469812,-0.044980953437547,0.0437384549803188,0.074448568912721
"cpi_growth","asset_liability_ratio",7,-0.000134259249751478,0.000172086257660267,-0.065149150957573,-0.0392380621666145,0.0387515972398942,0.0661112213042259
"cpi_growth","asset_liability_ratio",8,-4.73863514853351e-05,-0.000287496560157996,-0.0672920614942446,-0.0395296312689377,0.0396655045057189,0.0678909090221204
"cpi_growth","asset_liability_ratio",9,2.46688948379607e-06,-6.6707983387849e-05,-0.0576821151168417,-0.0329009542169095,0.0337358599070995,0.0578525143708671
"cpi_growth","asset_liability_ratio",10,7.80720082430821e-06,-0.000408730769678379,-0.0641976725961438,-0.0370437013848109,0.0375426651700599,0.0645733864776462
"cpi_growth","asset_liability_ratio",11,4.2600097280102e-05,-0.00012165170995032,-0.0552014760762648,-0.0306333334035714,0.0311462923305848,0.0554073570606008
"cpi_growth","asset_liability_ratio",12,8.37422293193762e-05,8.80289283859554e-05,-0.060666367289098,-0.0339682420472839,0.0341474912129847,0.0603917465276872
"cpi_growth","asset_liability_ratio",13,8.0533199750393e-05,0.000321389971578593,-0.0484973680564551,-0.0270909984572384,0.0269082044337221,0.0496821504019712
"cpi_growth","asset_liability_ratio",14,7.22136067907174e-05,0.000127919124423312,-0.0505061220647752,-0.0275498405538618,0.0280640159848757,0.0520537710886062
"cpi_growth","asset_liability_ratio",15,6.8164627508374e-05,-6.22508248371509e-05,-0.0420963372740935,-0.0230092259621689,0.0229370423428988,0.0432912451253788
"cpi_growth","asset_liability_ratio",16,8.39898504206831e-05,-0.000130813929318662,-0.0433748537851098,-0.0227251079315991,0.0232343695244809,0.0430643919681914
"cpi_growth","asset_liability_ratio",17,0.000102703375961756,-0.00012309565819645,-0.0355813523794097,-0.0188504032801112,0.0191508050285398,0.0364822923441004
"cpi_growth","asset_liability_ratio",18,0.000118343062301922,3.12971716376102e-05,-0.0355740713242598,-0.0185577133585449,0.0189043745583397,0.0358652537253128
"cpi_growth","asset_liability_ratio",19,0.000129918646894294,-6.83981304082674e-06,-0.0313083185340287,-0.0164156544662779,0.0170023073463034,0.0318388506694771
"cpi_growth","asset_liability_ratio",20,0.000139657802762034,5.39696590642339e-05,-0.0312316411981807,-0.0161273435108664,0.0166365870256401,0.0317231514934426
"cpi_growth","asset_liability_ratio",21,0.000146436324767296,0.000143434363395978,-0.028887234226299,-0.0149369549708401,0.0152264070127144,0.0290119916301464
"saving_rate","gdp_growth",1,0.000818115135838543,0.00844939750989362,-0.713431424004352,-0.455029461095926,0.453563861846373,0.717264836931623
"saving_rate","gdp_growth",2,0.00245010001514841,0.00424293072736066,-0.448149291351889,-0.286796181403569,0.282878593207034,0.457829297425381
"saving_rate","gdp_growth",3,0.000751869731337658,0.00541255940710164,-0.46182198727386,-0.288599875896716,0.287050849788728,0.455331886445018
"saving_rate","gdp_growth",4,0.000653647902094048,0.00527418944374691,-0.460407877554734,-0.293911030731141,0.290703957913725,0.458520065469323
"saving_rate","gdp_growth",5,-0.000371722300952238,0.00419434356528462,-0.431257367116285,-0.270704892903905,0.269392592690667,0.423604501782499
"saving_rate","gdp_growth",6,-0.000599264572340127,0.0010940563395803,-0.420916334289364,-0.264656743604086,0.260220669147368,0.414400977341428
"saving_rate","gdp_growth",7,-0.000615688421561114,4.97590190852715e-05,-0.403340777953203,-0.249846215729763,0.250098919956025,0.395991817030895
"saving_rate","gdp_growth",8,-0.000928689844271363,0.00048261682333341,-0.39166471119241,-0.240570632639917,0.243034850506621,0.384353024615495
"saving_rate","gdp_growth",9,-0.00103184165555427,-0.0031502668696906,-0.378250243586429,-0.233134492962275,0.236373744727988,0.373414986049239
"saving_rate","gdp_growth",10,-0.00128865394973433,-0.00287097712908597,-0.370675522713215,-0.227190960921824,0.227458327937313,0.365905981354609
"saving_rate","gdp_growth",11,-0.00116921859366767,-0.0011892698078989,-0.367568554005697,-0.224119665547528,0.222310906394819,0.360557544113738
"saving_rate","gdp_growth",12,-0.00117425194057584,-0.000191009442693622,-0.37167111074328,-0.223251219655652,0.221401807698881,0.361377350352358
"saving_rate","gdp_growth",13,-0.00111953871096911,-3.29416593621826e-05,-0.375928473776901,-0.223384608232193,0.222199235413058,0.361935413307122
"saving_rate","gdp_growth",14,-0.00110234003186824,0.000443157288165314,-0.380704939700762,-0.225624895214705,0.224619778947101,0.367336768023031
"saving_rate","gdp_growth",15,-0.000962362325118267,0.000299593251413606,-0.384189054403348,-0.228909652170106,0.228385123431937,0.372736686925835
"saving_rate","gdp_growth",16,-0.000839058873970623,0.00125221803482618,-0.389993580344819,-0.230210853524348,0.228637816500487,0.379025740216046
"saving_rate","gdp_growth",17,-0.000715784293568442,0.00148843389067566,-0.392889144303211,-0.231444335487431,0.229389341121371,0.380717729577175
"saving_rate","gdp_growth",18,-0.000626789238913637,0.000366335755896913,-0.397708558956501,-0.231363850107068,0.22925725180982,0.38131797116152
"saving_rate","gdp_growth",19,-0.000505572508771414,0.000681422791048872,-0.400669053311095,-0.230240164121348,0.229736878564141,0.384956774126407
"saving_rate","gdp_growth",20,-0.000407767931169507,0.00105925092878901,-0.399218864705414,-0.228945552111455,0.227876952238958,0.387113665785304
"saving_rate","gdp_growth",21,-0.000326515224050116,0.00118020036912874,-0.395820524484175,-0.227162151707421,0.227233391414651,0.384758633486886
"saving_rate","consumption_growth",1,-0.00584299673805292,-0.00053245640140959,-0.726915202583125,-0.463790259595113,0.461856227083645,0.707610161061119
"saving_rate","consumption_growth",2,-0.00385999518331489,-0.00581392063973087,-0.45648552124699,-0.288790169177591,0.282250416697414,0.449693198374219
"saving_rate","consumption_growth",3,-0.00389953405468577,-0.00389102211289475,-0.461916211226521,-0.288010450907208,0.280277896450338,0.447218001878541
"saving_rate","consumption_growth",4,-0.0042184380703657,-0.00710643339347591,-0.462678179079077,-0.295252590580837,0.284312765890279,0.453481196385618
"saving_rate","consumption_growth",5,-0.00338671243287361,-0.0045205262303646,-0.425489948896688,-0.272113372256558,0.265557255478916,0.421131830846465
"saving_rate","consumption_growth",6,-0.00365255888622913,-0.00477129113840009,-0.414763139870793,-0.264203250016079,0.255977858583927,0.412468648451276
"saving_rate","consumption_growth",7,-0.00380454499250685,-0.00521228235127725,-0.400217225750347,-0.253434178463541,0.241431813191743,0.392884928488372
"saving_rate","consumption_growth",8,-0.00361141247689554,-0.00221616103444931,-0.390456085342956,-0.246688206153592,0.235726426369907,0.378775766378178
"saving_rate","consumption_growth",9,-0.00333653360871296,-0.00224694961265473,-0.376710927861767,-0.238208143982238,0.226239278473907,0.367708068531308
"saving_rate","consumption_growth",10,-0.00338779871280621,-0.00144187363458047,-0.370091807317996,-0.232863401512663,0.219384817541034,0.362849959255187
"saving_rate","consumption_growth",11,-0.00342516208409224,-0.00190676237378901,-0.364530314146376,-0.228976843292829,0.216419776948706,0.361094568184604
"saving_rate","consumption_growth",12,-0.00339688503700618,-0.00283402796010977,-0.365360787622136,-0.229189514894642,0.215641836271955,0.363172167123171
"saving_rate","consumption_growth",13,-0.0032764052850254,-0.00428281436969581,-0.370914338925351,-0.22902131888055,0.218663899279922,0.365563603851744
"saving_rate","consumption_growth",14,-0.00331450746900657,-0.00488757448568254,-0.372784281791416,-0.22998323929396,0.222345991867026,0.370564711071812
"saving_rate","consumption_growth",15,-0.00332444538082633,-0.00467767693578218,-0.376219299975803,-0.230783587751546,0.222227207627567,0.374448155009676
"saving_rate","consumption_growth",16,-0.0033229904595689,-0.00257423890622974,-0.381076999194564,-0.230788156275383,0.222989122442288,0.374948732128264
"saving_rate","consumption_growth",17,-0.00324727188589067,-0.00290654357889662,-0.379883012012082,-0.231424040754856,0.223077292539328,0.379407918102955
"saving_rate","consumption_growth",18,-0.00324998297365873,-0.00374528556433682,-0.380848554460246,-0.231395807898268,0.222297960557134,0.381240905297966
"saving_rate","consumption_growth",19,-0.00321410165899148,-0.00456670156172014,-0.382851095740777,-0.230835523658395,0.221899954743475,0.38401223846521
"saving_rate","consumption_growth",20,-0.00319632887975522,-0.00605066747681387,-0.382465524295822,-0.230410849812053,0.220743042918347,0.382227540897041
"saving_rate","consumption_growth",21,-0.00312687182417952,-0.00553501412563027,-0.38162942629545,-0.228462099554014,0.219052500360556,0.382909446045836
"saving_rate","cpi_growth",1,-0.00319097352160472,-0.00384793960353843,-0.735811716367443,-0.467148270394848,0.460635391684475,0.715706614721685
"saving_rate","cpi_growth",2,0.000349257460823985,-0.000304548249900504,-0.462535599075578,-0.285365054091513,0.285390155975666,0.456446149072513
"saving_rate","cpi_growth",3,0.0006206423124583,-0.00176088228606248,-0.463947301750772,-0.285889896985709,0.288989999792154,0.459445053354773
"saving_rate","cpi_growth",4,0.000389986154437576,-7.12196080342e-05,-0.470236056713251,-0.293934557927833,0.294402639142486,0.468854287159942
"saving_rate","cpi_growth",5,0.000995381326921504,0.000985959650731418,-0.435063867064317,-0.26491876248171,0.271373257122994,0.433371002839494
"saving_rate","cpi_growth",6,0.00108434775927945,-0.00231318905234156,-0.426760562728993,-0.260365742584811,0.265992915020821,0.4206653963958
"saving_rate","cpi_growth",7,0.00134142059010817,-0.00236707262093717,-0.406783883632521,-0.246911791573046,0.254007793180022,0.408099962174567
"saving_rate","cpi_growth",8,0.00105312487885494,-0.00293495102464986,-0.394892831368709,-0.23847678238692,0.246829644256082,0.399157433329419
"saving_rate","cpi_growth",9,0.0010985969859213,-0.00245894399513047,-0.382389516404109,-0.231325627772383,0.235566749555403,0.385700911740774
"saving_rate","cpi_growth",10,0.000953899131913091,-0.000478666665357101,-0.376311729754237,-0.227855177031824,0.231602744293355,0.375958427874349
"saving_rate","cpi_growth",11,0.00103341984841252,-9.25434811971516e-05,-0.37326685761317,-0.225048861657121,0.228035455135063,0.37299014215439
"saving_rate","cpi_growth",12,0.000934688408293033,-0.00126953514902426,-0.373009301181318,-0.226375011120636,0.227134138417962,0.37629173296032
"saving_rate","cpi_growth",13,0.000925923438008842,-0.000233865599239653,-0.372981818904307,-0.228062286435827,0.228113560877576,0.381139775052521
"saving_rate","cpi_growth",14,0.000871235150677698,-0.00117670314905169,-0.380450836068536,-0.229906944141383,0.23012938578496,0.382260611803579
"saving_rate","cpi_growth",15,0.000887114303313363,0.00112543444988935,-0.385546463126864,-0.231991387790026,0.2335157184704,0.385257661167959
"saving_rate","cpi_growth",16,0.000842641274868175,0.000431802791059307,-0.38873304523035,-0.233724950016097,0.234486242840294,0.389004378603256
"saving_rate","cpi_growth",17,0.000840461601803028,0.000356010760037877,-0.390428648090816,-0.234144294535622,0.236168950977035,0.391554463872628
"saving_rate","cpi_growth",18,0.000788810472945646,-0.000596706982587202,-0.390597823613219,-0.235076964887013,0.237166467446761,0.392980752591269
"saving_rate","cpi_growth",19,0.000787521714396083,-0.000341652627509765,-0.392882472327338,-0.234297713478002,0.236058695641123,0.395536147821742
"saving_rate","cpi_growth",20,0.000739132386879015,-0.00103105542980114,-0.391847371440023,-0.231645862799148,0.234422603708165,0.394835431235934
"saving_rate","cpi_growth",21,0.000727411944785182,0.000759247283451593,-0.391709804687045,-0.229908340805292,0.232085274647947,0.395222814662345
"saving_rate","saving_rate",1,0.000893114948225733,0.00479841014522263,-0.725464642944319,-0.45823697445839,0.455428669370098,0.722224347584276
"saving_rate","saving_rate",2,0.000442337347859833,0.000737839618094747,-0.458598609999289,-0.279865263056604,0.28261892976519,0.451422017088255
"saving_rate","saving_rate",3,0.000939901445540429,0.00193346809960045,-0.463320368176148,-0.289341712071197,0.286657355925311,0.460281749894156
"saving_rate","saving_rate",4,0.00237111312090762,0.00291469973898116,-0.466542329425974,-0.288216304174652,0.290148536076178,0.467434394405696
"saving_rate","saving_rate",5,0.00276504532779395,0.00476581173926849,-0.429441042845065,-0.265734911269736,0.268529539289413,0.427182122823845
"saving_rate","saving_rate",6,0.00327094017809506,0.00679729305482986,-0.414532806049663,-0.259264770957859,0.262919764114956,0.421669311033382
"saving_rate","saving_rate",7,0.00278286047734383,0.00523208092457367,-0.398067857776277,-0.24664819760964,0.249620542050509,0.405963394059003
"saving_rate","saving_rate",8,0.00272159121186048,0.00486606830997399,-0.391570222290852,-0.238870638615063,0.241797645213752,0.392202064124873
"saving_rate","saving_rate",9,0.00223409800154634,0.00531664638556745,-0.378581005751375,-0.231313666286249,0.230197932187092,0.374218779094611
"saving_rate","saving_rate",10,0.00207063636015192,0.0054557917240829,-0.370240225522843,-0.224271088644967,0.225071728952188,0.369908046612353
"saving_rate","saving_rate",11,0.00164297916077017,0.00382264796582794,-0.367042011224938,-0.222259052684268,0.225582648409731,0.368039805772893
"saving_rate","saving_rate",12,0.0014043435890765,0.00318709457399937,-0.367177645597922,-0.221622825565165,0.223820138210751,0.367474721679217
"saving_rate","saving_rate",13,0.00105649786815319,0.00233091327938722,-0.369121983536321,-0.2219491776163,0.225588502556788,0.369258225779878
"saving_rate","saving_rate",14,0.000880112392187061,0.00138585760942092,-0.371051059915261,-0.224864800001276,0.227470601787469,0.372448680989697
"saving_rate","saving_rate",15,0.000651062534778196,0.00107276346038022,-0.375493723999273,-0.226575432849064,0.228427198419082,0.376890282474271
"saving_rate","saving_rate",16,0.000561610496958642,0.00109707805468524,-0.380810650255435,-0.226991658940829,0.229234413353509,0.379752041902575
"saving_rate","saving_rate",17,0.000391019320855618,0.00238265664880398,-0.383371375032458,-0.228479216945807,0.230258398073589,0.382865639010447
"saving_rate","saving_rate",18,0.000355398567196563,0.00146743308185134,-0.385275672262354,-0.227215218413467,0.230601970308621,0.384968637522475
"saving_rate","saving_rate",19,0.000245895363708244,0.000719476363840894,-0.386833873080171,-0.226707323880281,0.22930833202398,0.387684310512491
"saving_rate","saving_rate",20,0.000228095205748647,0.00105520052418266,-0.386580140939916,-0.224818833313474,0.22868850719458,0.383537720297717
"saving_rate","saving_rate",21,0.000129946804701468,0.000635566367780885,-0.388128427051768,-0.224087691807043,0.228523678841219,0.384077588555616
"saving_rate","policy_rate",1,0.138320793181583,0.150270319275204,-0.547546017104065,-0.276915994670341,0.552764712590702,0.788061677094897
"saving_rate","policy_rate",2,0.138466539432843,0.144786045319493,-0.284122668539928,-0.115508338579133,0.391439993237733,0.541992490069933
"saving_rate","policy_rate",3,0.184695779334092,0.191814810606257,-0.242626607142656,-0.0683507180740005,0.437911584196293,0.57991081140018
"saving_rate","policy_rate",4,0.176335383294702,0.183317929318098,-0.247472769407168,-0.0762428939503787,0.429225456018381,0.575059210733037
"saving_rate","policy_rate",5,0.147474538997432,0.152041509247381,-0.240097777281277,-0.0872083648654132,0.375497056912898,0.516491276287347
"saving_rate","policy_rate",6,0.115028617295731,0.117836126804431,-0.258605274685877,-0.110172303325639,0.334442072492015,0.477145582888659
"saving_rate","policy_rate",7,0.0801722650408511,0.081594970272356,-0.275480324385866,-0.132289989725708,0.291311478490486,0.426644094539476
"saving_rate","policy_rate",8,0.0439768945838332,0.0445942126123089,-0.298480859517933,-0.16283571673018,0.247620694245805,0.390130378279221
"saving_rate","policy_rate",9,0.0201083489601988,0.0188989058841078,-0.308650010616779,-0.177976336507458,0.218844874437683,0.358462784191535
"saving_rate","policy_rate",10,0.00339564334586491,0.00188831261562559,-0.318942839853541,-0.191775036241122,0.198741306344234,0.338002777683661
"saving_rate","policy_rate",11,-0.00535032018104193,-0.0052110256248375,-0.324180137877207,-0.197793576381938,0.188397568795324,0.322316272633046
"saving_rate","policy_rate",12,-0.0104315306796927,-0.0100657532252384,-0.330264293782526,-0.199900291212251,0.180675595245587,0.313393302889477
"saving_rate","policy_rate",13,-0.0087837318646031,-0.00737659424515241,-0.327924745846234,-0.196820769773482,0.180034263233381,0.309275007152748
"saving_rate","policy_rate",14,-0.00427679352555372,-0.00150645859967751,-0.324953462970157,-0.190634608645283,0.182166825910182,0.309943918188402
"saving_rate","policy_rate",15,0.00283557402849151,0.00649353188318026,-0.317996718109842,-0.18160496818183,0.188716087440824,0.31366937647214
"saving_rate","policy_rate",16,0.00950617909929638,0.0136929409291078,-0.311835955970273,-0.174109849104515,0.193680831767372,0.317961961267276
"saving_rate","policy_rate",17,0.0170078099015728,0.021564910888518,-0.304967839781666,-0.166133912490992,0.200199334627345,0.323378708478605
"saving_rate","policy_rate",18,0.0235069030016992,0.0278049147675684,-0.297629361459402,-0.158094864694727,0.205836434134109,0.328958659421381
"saving_rate","policy_rate",19,0.0294672988775098,0.0347258700746718,-0.291014489220084,-0.150081100006651,0.211532519319701,0.335149793803743
"saving_rate","policy_rate",20,0.0336196663992175,0.0383432137708074,-0.287468199403611,-0.14488702258891,0.214459479408941,0.338569629490981
"saving_rate","policy_rate",21,0.0369856998556971,0.0425327821598165,-0.285114981892189,-0.140855501207033,0.216618839829302,0.343138685408038
"saving_rate","interest_burden",1,0.0031010319192988,0.00487312724887351,-0.714538545469667,-0.449678965670632,0.462837082670967,0.71977342658725
"saving_rate","interest_burden",2,0.00149047564912733,0.000435599379831838,-0.457575490874044,-0.286722472254139,0.287246334952576,0.458579071958786
"saving_rate","interest_burden",3,0.00206030874196525,0.00404236360636442,-0.466792754740985,-0.288621128561042,0.291581643943073,0.459725011444691
"saving_rate","interest_burden",4,0.00157375072748609,0.00257430027133241,-0.469580926394737,-0.290664905330128,0.293213526466242,0.467975104175401
"saving_rate","interest_burden",5,0.00216113728853451,0.00408336304420575,-0.435735664487457,-0.266633122850008,0.274538637083134,0.43207408922965
"saving_rate","interest_burden",6,0.00118193928679817,0.00323818392232726,-0.423323550129971,-0.259081637756288,0.263735953674963,0.417629936702925
"saving_rate","interest_burden",7,0.000830094021886062,0.0021148221582812,-0.404700070747256,-0.247666817753663,0.252157377790515,0.399219711984916
"saving_rate","interest_burden",8,0.000346414421462428,0.000902254472001147,-0.393411150454293,-0.239930502155786,0.243154341445479,0.38816089616513
"saving_rate","interest_burden",9,-0.000131430472546286,0.00295211103644006,-0.38438775195634,-0.22987939388187,0.233103231766944,0.375389666432482
"saving_rate","interest_burden",10,-0.00066463474714345,0.00271978199947476,-0.37682953084068,-0.226960395268273,0.228391029057426,0.365947312167437
"saving_rate","interest_burden",11,-0.00101596544921361,0.00170192431604951,-0.375073553057726,-0.226462650011701,0.224185880438237,0.360876543637507
"saving_rate","interest_burden",12,-0.001298740307417,0.000455028241132143,-0.372733304639012,-0.22647134733,0.222095907267301,0.363125357128123
"saving_rate","interest_burden",13,-0.00152644427553756,-0.000934342259674317,-0.372871464680382,-0.228684379934755,0.222869289912682,0.364139811417286
"saving_rate","interest_burden",14,-0.00171619751078941,-0.000416307964474959,-0.375494667265456,-0.229868837355627,0.225235424576055,0.369811033710166
"saving_rate","interest_burden",15,-0.00185030051903558,-0.00147749820444975,-0.38282650067833,-0.232306448032589,0.227700397525655,0.376190308222041
"saving_rate","interest_burden",16,-0.00190874682644583,-0.00223755883453489,-0.388886757909664,-0.232647538326974,0.228958275348851,0.378342241976523
"saving_rate","interest_burden",17,-0.00197072120080349,-0.00208266712355512,-0.392777908927994,-0.234306950530076,0.229506993240992,0.381978526864807
"saving_rate","interest_burden",18,-0.00199614595648202,-0.00275642668915498,-0.392160416319539,-0.232876037952873,0.23059288846069,0.385248396915247
"saving_rate","interest_burden",19,-0.00204213983295165,-0.00211621637771876,-0.393149771767328,-0.231694051171473,0.22977227950664,0.386722926896667
"saving_rate","interest_burden",20,-0.00204074870820444,-0.00246910023978801,-0.39489350598637,-0.230332675786301,0.228384472272926,0.388618092960011
"saving_rate","interest_burden",21,-0.00207041017813679,-0.00295143882915443,-0.392252297394909,-0.229486858361739,0.225894166780252,0.385816834290936
"saving_rate","debt_growth",1,-0.00240416630110077,-0.00665096332331839,-0.719496460803042,-0.45595831181722,0.452314270548653,0.7206724320882
"saving_rate","debt_growth",2,-0.000333959734559068,-0.00311429873387982,-0.454804928973987,-0.283021761209768,0.284422116846634,0.452231069394569
"saving_rate","debt_growth",3,-0.000220395776796933,-0.00265383934001387,-0.458825335334538,-0.282876615531127,0.285532933057844,0.461267446658652
"saving_rate","debt_growth",4,-0.00222130462741958,-0.00472521931143804,-0.465291846707034,-0.289226128220241,0.282829639325612,0.463736895286417
"saving_rate","debt_growth",5,-0.000699081175796866,-0.00252720324306063,-0.430582934176446,-0.268507700944141,0.266370125728177,0.427851181248673
"saving_rate","debt_growth",6,-0.000444963238949484,-0.00225652483862359,-0.416224237703422,-0.257975955827234,0.259865811610145,0.420081359598347
"saving_rate","debt_growth",7,4.38664359289444e-05,-0.00334074513011209,-0.402689262617423,-0.247190333938971,0.249951140848503,0.399562846531281
"saving_rate","debt_growth",8,-0.00020070485536482,-0.00283269049202987,-0.389957582495211,-0.23606599823416,0.242552640581712,0.390477176198223
"saving_rate","debt_growth",9,0.000196953447250574,-0.00329471043185939,-0.38045443916717,-0.228560665662935,0.232988340789556,0.381846201682893
"saving_rate","debt_growth",10,0.000241455953915783,-0.00294467256404154,-0.370198197167454,-0.224817703909548,0.224849056728683,0.376267331945669
"saving_rate","debt_growth",11,0.000418605557845108,-0.00160532177054399,-0.366849872547705,-0.222837079947076,0.225904402075039,0.3725461903594
"saving_rate","debt_growth",12,0.000331683633203144,-0.000137467220660359,-0.365224987366204,-0.220018573182976,0.223667140259714,0.372470796501262
"saving_rate","debt_growth",13,0.000473475711490867,0.00154559326927751,-0.370065570596805,-0.221085061334405,0.222017808777109,0.373285881712616
"saving_rate","debt_growth",14,0.000522553730191294,0.000199712947476867,-0.373213576621743,-0.221924188063944,0.223183948773177,0.378927396204042
"saving_rate","debt_growth",15,0.000706895610738428,0.00135730821501366,-0.374762511962494,-0.223543259726282,0.225439556985741,0.378882577642137
"saving_rate","debt_growth",16,0.000747201188002325,0.00147697914567631,-0.377329762427337,-0.225360030373826,0.226054075096166,0.381932651819863
"saving_rate","debt_growth",17,0.000924030073849413,0.00150397811407065,-0.381279118826552,-0.226567250095077,0.227379229454464,0.386107529726549
"saving_rate","debt_growth",18,0.00101449266071513,0.00304111803557425,-0.384165495003062,-0.227365379861748,0.228895271372408,0.387740864479594
"saving_rate","debt_growth",19,0.00117223843067229,0.00399415542852481,-0.38735575457991,-0.226684255576522,0.229379395494716,0.388294841695922
"saving_rate","debt_growth",20,0.00121959456801103,0.00396923088744467,-0.388341648920154,-0.225282398010117,0.227651329910035,0.388696394978262
"saving_rate","debt_growth",21,0.00130997297878895,0.00320579516240248,-0.388887022775011,-0.221968760625391,0.226350876820558,0.387295541358346
"saving_rate","real_house_price_growth",1,-0.00160118828402887,0.000534223604325271,-0.71193932772112,-0.46096586200094,0.459549313089548,0.7205735204327
"saving_rate","real_house_price_growth",2,0.000908461570556433,-0.00069503336840799,-0.451908808114818,-0.28520534464117,0.286600191996192,0.457654126679153
"saving_rate","real_house_price_growth",3,0.000769865369551148,0.00185973335993638,-0.45947784225308,-0.287158410665199,0.285737531960592,0.462044900581157
"saving_rate","real_house_price_growth",4,0.00144609951174009,0.000195414638209707,-0.462345200686076,-0.289841684353961,0.291923616940008,0.465788131721911
"saving_rate","real_house_price_growth",5,0.000527167563778673,0.00150205530151418,-0.433341396971036,-0.267041128905263,0.267513787622463,0.426795342532013
"saving_rate","real_house_price_growth",6,0.00109781417973875,0.00265212727323718,-0.423859661104135,-0.258050141399787,0.261507813400274,0.417226455936234
"saving_rate","real_house_price_growth",7,0.000461991525639576,0.000867757084351059,-0.403592647025538,-0.246636743049435,0.248428357936133,0.394247286073884
"saving_rate","real_house_price_growth",8,0.000259903519977034,-0.000994079922730909,-0.393066599116993,-0.24232201106637,0.241616612972891,0.384389662044529
"saving_rate","real_house_price_growth",9,0.000137882082841059,-0.00226885658155471,-0.377927300067727,-0.233029401888585,0.232222057058857,0.372731262308713
"saving_rate","real_house_price_growth",10,-4.10286205202625e-05,-0.00116358704574388,-0.372171555980003,-0.226266119581831,0.226274866966212,0.365739773564535
"saving_rate","real_house_price_growth",11,-8.0578895842184e-05,-0.00325559555430577,-0.368682791554801,-0.223575707060541,0.223850098472663,0.363603837127646
"saving_rate","real_house_price_growth",12,-0.000143011756548771,-0.00430487674988593,-0.367904911713131,-0.223138529168261,0.223257460206461,0.366174106650811
"saving_rate","real_house_price_growth",13,8.6771655903505e-06,-0.00463664966265926,-0.371818306331224,-0.225138510267844,0.226387213919107,0.369887470100099
"saving_rate","real_house_price_growth",14,0.00013009695495182,-0.00434939554467102,-0.374950793285443,-0.226265437137357,0.228309081453375,0.37397075004943
"saving_rate","real_house_price_growth",15,0.00028445875851158,-0.00367248975238927,-0.378914342740396,-0.227413964431687,0.230964284544093,0.375704824647688
"saving_rate","real_house_price_growth",16,0.000452757985756505,-0.00338196225925833,-0.382704437309308,-0.229285134367261,0.233017415929205,0.379654168315259
"saving_rate","real_house_price_growth",17,0.000680991786631943,-0.00265309628742542,-0.386433885466556,-0.229260733608351,0.235245316362296,0.38381516531531
"saving_rate","real_house_price_growth",18,0.000903154598567487,-0.00133160041519144,-0.387289692768762,-0.22687370417585,0.235066445107461,0.386811940486344
"saving_rate","real_house_price_growth",19,0.00112413728659225,-0.00153340299567979,-0.387071541242195,-0.226367360244149,0.234809210067921,0.388694280189206
"saving_rate","real_house_price_growth",20,0.00133196495086954,-0.0021182675501206,-0.385258768142313,-0.225493396971013,0.233304200771332,0.39019514001548
"saving_rate","real_house_price_growth",21,0.00154916655335627,-0.00144022514964335,-0.384976307708902,-0.223215665472867,0.232313562032586,0.388234161817779
"saving_rate","asset_liability_ratio",1,-0.00200747193355224,-0.00328947001380438,-0.712527263045689,-0.461604814705753,0.458882286122803,0.711185824687095
"saving_rate","asset_liability_ratio",2,-0.00132001904334435,0.00044760033043173,-0.451593976544998,-0.282612925720935,0.28046013024209,0.451971254939457
"saving_rate","asset_liability_ratio",3,-0.00088405805295003,-0.00086165172755205,-0.45863903986426,-0.286063771748648,0.288656880513506,0.457476240652827
"saving_rate","asset_liability_ratio",4,0.000675313590086893,0.00108147236400092,-0.471066872549796,-0.292499628682697,0.291456320622438,0.465304278666974
"saving_rate","asset_liability_ratio",5,0.000110157157111361,0.00218979869965636,-0.432810110557539,-0.268147385523384,0.271545360203712,0.431663857978109
"saving_rate","asset_liability_ratio",6,0.000512586242622479,0.00278203338064331,-0.425212949392008,-0.263692450431602,0.27000798188708,0.420982165915642
"saving_rate","asset_liability_ratio",7,0.000520711662215725,0.0023192875822479,-0.403771092739373,-0.253097532574673,0.25424393864353,0.404730940397818
"saving_rate","asset_liability_ratio",8,0.000766108767200774,0.00223336573645388,-0.390479975189793,-0.244312408543851,0.249179481130659,0.397305424742699
"saving_rate","asset_liability_ratio",9,0.000734518438263577,-4.6090966947565e-05,-0.378438542787653,-0.234246622485992,0.238489134743237,0.38151706617597
"saving_rate","asset_liability_ratio",10,0.000644239857446171,-0.00178204511528323,-0.368797518827955,-0.228237793338686,0.232372026418167,0.373156775633842
"saving_rate","asset_liability_ratio",11,0.000653943442129699,-0.00273852573125554,-0.365615338602398,-0.224150308995359,0.227563424403637,0.368798491483942
"saving_rate","asset_liability_ratio",12,0.000688599304078434,-0.00262978248192728,-0.364333675587453,-0.2214961334897,0.225530439641947,0.369394447547799
"saving_rate","asset_liability_ratio",13,0.000712753802453836,-0.00313215098972004,-0.366306219074984,-0.222210314334918,0.226260682729032,0.369925107517374
"saving_rate","asset_liability_ratio",14,0.000659475349938376,-0.00159443795401966,-0.367134881552177,-0.225030927945365,0.226856366709466,0.374232669282244
"saving_rate","asset_liability_ratio",15,0.000612470220955958,-0.00136193899382767,-0.37306925347341,-0.227249905924262,0.229646402069246,0.380177268765401
"saving_rate","asset_liability_ratio",16,0.000561850882222753,-0.00130371776097878,-0.375758928452347,-0.228061803061927,0.230705007366481,0.38023940188862
"saving_rate","asset_liability_ratio",17,0.000536362898742719,-0.000479485146121353,-0.378302626574281,-0.226886873331566,0.231583594423177,0.382677938139157
"saving_rate","asset_liability_ratio",18,0.000450077438345408,-0.00090017777217605,-0.381569043712763,-0.227120441592399,0.231805993445816,0.383640040712209
"saving_rate","asset_liability_ratio",19,0.000389273983256724,-0.00039214145446548,-0.383623570482654,-0.226817055297751,0.230233415022074,0.386472168209237
"saving_rate","asset_liability_ratio",20,0.000318130265494268,0.000152631262485858,-0.383989295004136,-0.22580843574551,0.229763309143893,0.386404462775404
"saving_rate","asset_liability_ratio",21,0.000283462719768349,-0.000915573598637072,-0.383400381948824,-0.224464940323812,0.225526155937468,0.386673396582491
"policy_rate","gdp_growth",1,0.00115211026446285,0.00223462356375943,-0.138607743791318,-0.0882140552562405,0.0904990471213082,0.139443024629061
"policy_rate","gdp_growth",2,0.00135870967752796,0.0019895898705056,-0.185079115850282,-0.115883855019436,0.118902606407426,0.183551097005808
"policy_rate","gdp_growth",3,0.00132665184141673,0.00112906462701799,-0.216978411964115,-0.135089619818925,0.139226942390335,0.213726853279257
"policy_rate","gdp_growth",4,0.000896660246370874,-0.00191347907835447,-0.233703392045858,-0.145609943933804,0.149790741549199,0.231820732552648
"policy_rate","gdp_growth",5,0.000405456940714711,-2.08377865870329e-05,-0.243611204664477,-0.152724702835078,0.155892932390519,0.240870438904866
"policy_rate","gdp_growth",6,0.000260601827058657,-0.000396278974369272,-0.246295711029949,-0.155120032461963,0.156251951807377,0.244104794781841
"policy_rate","gdp_growth",7,0.000111902946747847,-0.000312580859738865,-0.240350346216089,-0.151318611709715,0.151235149419907,0.238808836049985
"policy_rate","gdp_growth",8,-3.6906859902043e-05,0.000119556426088013,-0.23193636282264,-0.143093623671712,0.143326495762126,0.229469232849165
"policy_rate","gdp_growth",9,-0.000168769832172158,-4.78415741301348e-06,-0.216744271798045,-0.134037050697569,0.134024398657488,0.217034845793161
"policy_rate","gdp_growth",10,-0.000161965263899249,-0.000245492050412537,-0.202987615730606,-0.122882984268859,0.122999028100496,0.20354054918003
"policy_rate","gdp_growth",11,-0.000102135514772854,-0.00130488371736182,-0.190471440679823,-0.113163058863132,0.114675675533641,0.192592504876126
"policy_rate","gdp_growth",12,-2.78363993089827e-05,-0.00184177540219198,-0.178218335690207,-0.106176559191655,0.107022000784805,0.18202987754205
"policy_rate","gdp_growth",13,6.63384499178074e-05,-0.0014779969364977,-0.1694344144003,-0.099832337950906,0.100479853325103,0.173017568700408
"policy_rate","gdp_growth",14,0.000197643574441821,-0.000833281350310688,-0.162921344212066,-0.0940852172048166,0.09596032243834,0.164183245040388
"policy_rate","gdp_growth",15,0.000329008482830071,-0.000498148988774115,-0.157563349038843,-0.0905166276862212,0.0908670713780152,0.159390617508934
"policy_rate","gdp_growth",16,0.000426868541798187,0.000167895791680724,-0.151760949683163,-0.0881713746049373,0.0874815485836694,0.155062448953003
"policy_rate","gdp_growth",17,0.000500059543743002,0.000217478939615931,-0.148700452076022,-0.0849455811330894,0.0855821336218967,0.152199611836085
"policy_rate","gdp_growth",18,0.000552826891856508,0.000341478057209653,-0.145115019597436,-0.081761844803774,0.0829227841826284,0.147769064147895
"policy_rate","gdp_growth",19,0.000580485328400416,-0.000163363406154377,-0.143049180133224,-0.0785598700271954,0.0810099420287637,0.145162573187091
"policy_rate","gdp_growth",20,0.000566669796140566,-0.000336523641936325,-0.139918466488691,-0.0766360721131549,0.0784388224117721,0.142004376093153
"policy_rate","gdp_growth",21,0.000523459995251037,-0.000817051335914813,-0.137475542888933,-0.0739465517062767,0.0762849624879339,0.140631641371798
"policy_rate","consumption_growth",1,9.02501530932878e-05,-0.000370942446283095,-0.141656336960995,-0.0879378268865147,0.0897189373206416,0.140836077218125
"policy_rate","consumption_growth",2,0.000484120283290551,-0.000293786382426182,-0.182916608196014,-0.116599279223229,0.118335194765231,0.184265324653245
"policy_rate","consumption_growth",3,0.000787653491336091,0.00110908308182163,-0.213283794434169,-0.139014618462489,0.140106786616357,0.212041379343313
"policy_rate","consumption_growth",4,0.000905452691352043,0.00247057744431364,-0.232506849631974,-0.149269395224788,0.149743956798027,0.22864637816346
"policy_rate","consumption_growth",5,0.000953289399574697,0.00241616476331111,-0.240549498891865,-0.154186404976551,0.153739303149492,0.23918183613233
"policy_rate","consumption_growth",6,0.00108384236530588,0.00183086014593401,-0.242533932522186,-0.153407021260551,0.155007978415548,0.242864594399919
"policy_rate","consumption_growth",7,0.00118166703953754,0.00259231399498176,-0.235227732772331,-0.149014276858558,0.150409415621991,0.239680512182784
"policy_rate","consumption_growth",8,0.00120313606249597,0.00187052139188704,-0.223998871279636,-0.140701537060412,0.142468119497909,0.227770977982498
"policy_rate","consumption_growth",9,0.00114800215403902,0.00105149935387147,-0.212681023918927,-0.131001898057101,0.13311638739428,0.213132833121252
"policy_rate","consumption_growth",10,0.00106850778077158,0.002857080279754,-0.200685202466352,-0.121141365590858,0.122591604121184,0.201043276158688
"policy_rate","consumption_growth",11,0.000969414230408672,0.00184861478879089,-0.18734128087998,-0.112542795226998,0.114214810382731,0.18905102650699
"policy_rate","consumption_growth",12,0.000861616476212096,0.000846571557330274,-0.176977496896344,-0.103840387485908,0.106922229652276,0.176393158434549
"policy_rate","consumption_growth",13,0.000733983778056268,0.00145595227330858,-0.168801788060876,-0.0977954903737875,0.100023671451074,0.167647772817483
"policy_rate","consumption_growth",14,0.000615043908734801,0.000504138944980363,-0.161478837127343,-0.0936634696705705,0.0956969859396346,0.160627874210854
"policy_rate","consumption_growth",15,0.000514928272959547,0.0002997997407603,-0.154443319353349,-0.0897202359352426,0.0906825728093862,0.156025758899644
"policy_rate","consumption_growth",16,0.000436265115900256,0.000754508765570323,-0.150981143269761,-0.08642357280297,0.0870175234893205,0.152246457599634
"policy_rate","consumption_growth",17,0.000371073725508178,0.000542568763377514,-0.147902478812436,-0.0827943696821806,0.083955027367204,0.148800895612212
"policy_rate","consumption_growth",18,0.000322342713605561,0.000474727719054743,-0.145853607903917,-0.0806331895987947,0.0812690578499587,0.146036316348054
"policy_rate","consumption_growth",19,0.000291947311762158,0.000546425500266835,-0.142471917889395,-0.0782302064499486,0.0793666220485863,0.140370153503091
"policy_rate","consumption_growth",20,0.000273396534756581,0.000502918706425002,-0.140389080474771,-0.0761847635158995,0.0770649391294937,0.137201838189715
"policy_rate","consumption_growth",21,0.000260448393030292,0.000728672292175426,-0.137415464198666,-0.0749258513919698,0.0747223602661342,0.135437562756094
"policy_rate","cpi_growth",1,-0.000236566570052436,-0.000695582069634442,-0.140761720935436,-0.0892262151076609,0.0906915959732998,0.141390785345457
"policy_rate","cpi_growth",2,-0.000440887142090248,-9.60049013269637e-05,-0.184814439673676,-0.118526025439578,0.118019901849537,0.184843671186029
"policy_rate","cpi_growth",3,-0.000432756885778297,-0.000414824031696601,-0.216017614132315,-0.138302309815375,0.13812927049272,0.214688267264348
"policy_rate","cpi_growth",4,-0.00051088609506958,-0.00100287031887681,-0.232558745854799,-0.150145326381745,0.149091283581738,0.231124359931539
"policy_rate","cpi_growth",5,-0.000364605067974307,-0.000146928711766976,-0.242279162829195,-0.155711619140133,0.153918817309306,0.238594422214595
"policy_rate","cpi_growth",6,-0.000299590559079756,0.000649508057786336,-0.247417213817266,-0.1561850190404,0.153367890014756,0.24035721231971
"policy_rate","cpi_growth",7,-0.000268950094060477,0.000914733062368166,-0.24245033247044,-0.151635095689742,0.148493027892751,0.236475984076803
"policy_rate","cpi_growth",8,-0.000269721422463777,0.000988357904342629,-0.230505859328727,-0.142801987573113,0.141622796241115,0.227051000500798
"policy_rate","cpi_growth",9,-0.000240530535054723,0.000814654670111876,-0.217590810823346,-0.133624950663096,0.133699652277807,0.215208317763947
"policy_rate","cpi_growth",10,-0.000223622656948252,0.000220464948681099,-0.203320438305072,-0.124170285997289,0.122893199044468,0.201537615811729
"policy_rate","cpi_growth",11,-0.000176471886795959,3.74044568172939e-05,-0.190103117533107,-0.114401214160501,0.114684992946936,0.190824148852209
"policy_rate","cpi_growth",12,-0.000132868103407323,-0.000832698866564276,-0.180469274516734,-0.106039418149951,0.107397520707916,0.181006578818894
"policy_rate","cpi_growth",13,-8.46179660462614e-05,-0.00120267503532703,-0.169673145861789,-0.100548381204332,0.101859622244317,0.17170763671173
"policy_rate","cpi_growth",14,-6.74068279396529e-05,-0.000906033407431472,-0.163447590423801,-0.0952128870066258,0.0967865676384393,0.166042060773532
"policy_rate","cpi_growth",15,-5.53014656305304e-05,-0.000824638487366774,-0.15918409398438,-0.0909591273586549,0.0923876573051675,0.16125032022297
"policy_rate","cpi_growth",16,-7.02864425874997e-05,-0.000215118686632972,-0.154503302890859,-0.0878280733245466,0.0878868952004635,0.158279620936021
"policy_rate","cpi_growth",17,-0.000101022395049182,-0.000124139470543382,-0.15113343521018,-0.085480362518658,0.0844971612530037,0.15453124086745
"policy_rate","cpi_growth",18,-0.000168316718487541,4.48161223742161e-05,-0.148010321318881,-0.0827639397132534,0.0818610989264597,0.150661233165713
"policy_rate","cpi_growth",19,-0.000253848626723787,-0.000552112244638508,-0.145397174777175,-0.0802462999339014,0.0791131353897989,0.146608172193825
"policy_rate","cpi_growth",20,-0.000363081116910424,-0.000486275466711016,-0.142388307401423,-0.0779081952066032,0.0770685045859736,0.143423421476872
"policy_rate","cpi_growth",21,-0.000481744884552457,-0.000509845986609439,-0.14221650822801,-0.0750815401212808,0.0750337014461392,0.141344822088493
"policy_rate","saving_rate",1,-0.000559962008114525,-7.67497607389676e-05,-0.139409754229872,-0.0892992390792573,0.0872598861148435,0.136951994233995
"policy_rate","saving_rate",2,-0.000270108068699833,0.000391338989782947,-0.184788343320376,-0.117440118225976,0.115948348918086,0.182141586258323
"policy_rate","saving_rate",3,7.72086356922194e-05,0.00268718955213498,-0.2167877123981,-0.136716850608601,0.134217406089418,0.210351268224995
"policy_rate","saving_rate",4,0.000382529927741238,0.00144208557152378,-0.232423864758466,-0.147847489283921,0.144015874206698,0.231537636206052
"policy_rate","saving_rate",5,0.000558502297788984,0.00206041036431325,-0.241134834327238,-0.152412260875017,0.15015219118295,0.240902960860804
"policy_rate","saving_rate",6,0.00064160836712311,0.00181096423182648,-0.241846369406217,-0.152042483645789,0.151204289993801,0.24281073414988
"policy_rate","saving_rate",7,0.000634586958642172,0.00129978965187116,-0.234927117090266,-0.148813108655809,0.148282009237911,0.238855744498829
"policy_rate","saving_rate",8,0.000507086863054243,-2.8168742385524e-05,-0.224121825462223,-0.139127175518084,0.139854711210731,0.229579333581293
"policy_rate","saving_rate",9,0.000370587934597087,0.00031021898373472,-0.21185875367189,-0.127445363827841,0.130746479657664,0.215654390167087
"policy_rate","saving_rate",10,0.000254942016246924,-0.000170492090567751,-0.198094732576276,-0.118562600100253,0.120343269502616,0.203197629406129
"policy_rate","saving_rate",11,0.000139930426078709,-0.000577240104434114,-0.186868341818188,-0.110945455264483,0.11211567509069,0.190532381998105
"policy_rate","saving_rate",12,5.26999212717842e-05,-0.000314479316238906,-0.177147768534013,-0.104816071814498,0.10488029601915,0.179781538662211
"policy_rate","saving_rate",13,1.05582083366282e-06,-0.00036477159552474,-0.16983843501879,-0.097877021755836,0.0984109176893783,0.170308992904228
"policy_rate","saving_rate",14,-4.48579805442294e-06,-0.000195547757368978,-0.162885569631592,-0.0926958192027689,0.0930932694903385,0.164552789088909
"policy_rate","saving_rate",15,2.19371034380775e-05,-0.000390606223204972,-0.157530453335175,-0.0893106713311931,0.0894863717976927,0.156988608575609
"policy_rate","saving_rate",16,6.52938851285441e-05,-0.000291092617865168,-0.151998614986621,-0.0861100953771083,0.0861852578114859,0.152269790259101
"policy_rate","saving_rate",17,0.000121622983145272,-0.000126638919751724,-0.148794158956002,-0.0836722474341594,0.0836052689857258,0.148259932845154
"policy_rate","saving_rate",18,0.00018715658327255,-0.000132834304481171,-0.146085059944154,-0.080810915524785,0.0813864343168381,0.145032961147098
"policy_rate","saving_rate",19,0.00024712137695276,0.000394644275932424,-0.143273787547236,-0.0776785553090839,0.0796391832674709,0.142674270473472
"policy_rate","saving_rate",20,0.000289019393077837,0.000639085038751796,-0.138573987206616,-0.0754679955558279,0.0772209174717512,0.141096554305374
"policy_rate","saving_rate",21,0.00031045582797034,0.00050803399061269,-0.136490006892462,-0.0729722281674585,0.075062744630761,0.140208399288495
"policy_rate","policy_rate",1,0.12028793671572,0.121277007616478,0.0369096309613718,0.0677116355332165,0.171068381528657,0.200159921367698
"policy_rate","policy_rate",2,0.125616182222774,0.123153848995802,0.0435742876526459,0.071034770021439,0.179359001664184,0.217501772972491
"policy_rate","policy_rate",3,0.111510440394536,0.106820618932463,0.0309106307834964,0.054809335401051,0.168424282693939,0.211073701000911
"policy_rate","policy_rate",4,0.0906437172082112,0.0843145885540366,0.0110158771090838,0.0305320182561692,0.149472907852015,0.195219553334466
"policy_rate","policy_rate",5,0.0625031512033113,0.0573701248285672,-0.0232916348853498,0.000407006461421963,0.123474881867964,0.170462682356011
"policy_rate","policy_rate",6,0.0309312163701263,0.02633094707883,-0.0647683535883261,-0.0344029795385408,0.096242520834967,0.143545841212295
"policy_rate","policy_rate",7,0.00269247647379222,-0.00112708886322197,-0.103709833532738,-0.0654006917937845,0.0713438123473042,0.121196399313087
"policy_rate","policy_rate",8,-0.0185918352507101,-0.0207360009072706,-0.135510371374857,-0.0895611900765362,0.0545428199665511,0.104036750277959
"policy_rate","policy_rate",9,-0.0339228258402223,-0.0350156617302526,-0.15762079451912,-0.107416050477078,0.0413932561718435,0.0924125078050137
"policy_rate","policy_rate",10,-0.044007622998726,-0.0443127435173039,-0.17397125390439,-0.119131715578582,0.032297833185882,0.0862361938030403
"policy_rate","policy_rate",11,-0.0486831590544856,-0.048640554412626,-0.18189421936147,-0.125360872042135,0.0271763820407726,0.0838132850130124
"policy_rate","policy_rate",12,-0.0482943845423296,-0.0480872354810341,-0.181842800586059,-0.124548936628766,0.0271980758439681,0.0838013684545265
"policy_rate","policy_rate",13,-0.0445797413125348,-0.0435199572126372,-0.177912438858475,-0.119341594798555,0.0299928676269408,0.0853557011013792
"policy_rate","policy_rate",14,-0.0389124312330534,-0.0377539726623295,-0.169569135439066,-0.111639157496765,0.0338852509868176,0.090040500480561
"policy_rate","policy_rate",15,-0.0320661143375696,-0.0312010501322862,-0.161023784827296,-0.10384108976595,0.0393767391322093,0.0942399608119353
"policy_rate","policy_rate",16,-0.0245758614725755,-0.0237257216103985,-0.151478059996784,-0.0942854404323235,0.0449828184730317,0.0992241035665197
"policy_rate","policy_rate",17,-0.0172587128392159,-0.016965599934512,-0.139814194208159,-0.0852595024765733,0.0499701962610894,0.103832576110698
"policy_rate","policy_rate",18,-0.0106329201810747,-0.0104045793532766,-0.12866577698282,-0.0764818006126244,0.0546525311063645,0.108658923823667
"policy_rate","policy_rate",19,-0.00491394570257237,-0.00511185867534809,-0.119988482577484,-0.0684274567764509,0.0584594758670067,0.113425240079696
"policy_rate","policy_rate",20,-0.000119154982910698,-0.000819155872616753,-0.112762326966928,-0.0617256189002746,0.0614735622619592,0.116503327194579
"policy_rate","policy_rate",21,0.00365897031872736,0.00262108813084682,-0.106987193237018,-0.0568310199897716,0.0636806312605876,0.119177155066001
"policy_rate","interest_burden",1,0.00201307636273884,0.00231304158833771,-0.141168316016436,-0.0883421254976992,0.0901030017407911,0.141431437112109
"policy_rate","interest_burden",2,0.00279146736856602,0.0044540276034238,-0.183878288849197,-0.115438607987828,0.120765173716813,0.186438561865514
"policy_rate","interest_burden",3,0.00308600156115086,0.00404685077379908,-0.214968298888333,-0.134599154054725,0.140384523795405,0.216014693929717
"policy_rate","interest_burden",4,0.00350327608940542,0.00403384642512597,-0.23211409495698,-0.144425842236921,0.152062159490898,0.234685605986415
"policy_rate","interest_burden",5,0.00326276172174432,0.00698371180026382,-0.241237580039533,-0.151426699878267,0.155355151999108,0.244211344204011
"policy_rate","interest_burden",6,0.00299134119289589,0.007033379334332,-0.244145241789227,-0.152128418768963,0.154549394043763,0.244823671655586
"policy_rate","interest_burden",7,0.00254921680278053,0.00617705445382174,-0.24072020288282,-0.14810318982168,0.150563624671902,0.240416367371136
"policy_rate","interest_burden",8,0.00217145019883552,0.00490368777335729,-0.228977935716848,-0.140691803515961,0.1431913002743,0.227607397350031
"policy_rate","interest_burden",9,0.00172828467757033,0.00355999222141771,-0.216867530253299,-0.131219593413614,0.133054005866126,0.21493582484773
"policy_rate","interest_burden",10,0.00135544002436477,0.00222609140236295,-0.199361136396627,-0.121192936148708,0.123364507084647,0.198922562154097
"policy_rate","interest_burden",11,0.000989613701929365,0.00197032146141976,-0.1874285993925,-0.111760338997313,0.114647901641505,0.185750465896602
"policy_rate","interest_burden",12,0.000722693277150604,0.00130684120912002,-0.175445157991063,-0.105496137465434,0.107026820987688,0.174800744591523
"policy_rate","interest_burden",13,0.000493170443556865,-9.30438857424292e-06,-0.165766969272063,-0.100193522627121,0.101000172210777,0.16777265616726
"policy_rate","interest_burden",14,0.000345788689817383,0.000683661123569113,-0.16007738822111,-0.0941912243832182,0.0954967287057588,0.161827891144136
"policy_rate","interest_burden",15,0.0002271951412722,0.000448294813298446,-0.15555940330098,-0.091398226895492,0.0901237218706511,0.15658712672006
"policy_rate","interest_burden",16,0.000168813436909476,0.000545406510860091,-0.150453950109997,-0.0886519051025982,0.0874449073683895,0.151826648188816
"policy_rate","interest_burden",17,0.000124911168615571,0.000929553746262323,-0.14698173754953,-0.0853046897287834,0.0841067553907579,0.14895137079039
"policy_rate","interest_burden",18,0.000117811650623392,0.000597937092185547,-0.143776037453289,-0.082404215042914,0.0818569983448158,0.145510956809198
"policy_rate","interest_burden",19,0.000113894797312066,0.000481188867396282,-0.140776563231501,-0.0802622584377574,0.0789981130264,0.143071495903635
"policy_rate","interest_burden",20,0.000132186697023202,0.000526084284352269,-0.139079062794864,-0.077005620717791,0.0768178429715388,0.140878194796814
"policy_rate","interest_burden",21,0.000146928185175968,0.000529734480356219,-0.137580745014088,-0.0749955224298815,0.0748329006060329,0.13882007627757
"policy_rate","debt_growth",1,0.000282329976884468,-0.000740106925289532,-0.140559387053154,-0.0883336941009464,0.0893123103150447,0.142584518198854
"policy_rate","debt_growth",2,0.000370344126041073,-0.00151455110145293,-0.183945815701968,-0.115577560171129,0.117731224082472,0.188335059032642
"policy_rate","debt_growth",3,0.000100432810144618,5.62116160920967e-05,-0.215050559653994,-0.137359741715128,0.137088800065107,0.218943545107131
"policy_rate","debt_growth",4,8.64012624800071e-05,-0.000803038334342583,-0.231572133163076,-0.147023428364654,0.147003534738331,0.236414624980233
"policy_rate","debt_growth",5,-0.000120131123935427,-0.00159310456467319,-0.242757743736107,-0.152689093203728,0.153521617688097,0.246174320592443
"policy_rate","debt_growth",6,-0.000291857020884132,-0.00258388061904418,-0.245553367854931,-0.152993767732684,0.152341816196505,0.245039175127404
"policy_rate","debt_growth",7,-0.000459679130981612,-0.00145789592016872,-0.24057801690514,-0.149830371159127,0.148762597758472,0.241238702131969
"policy_rate","debt_growth",8,-0.000529807200624723,3.03780668295058e-05,-0.228779113759007,-0.140858277267196,0.141041968094303,0.229898053829543
"policy_rate","debt_growth",9,-0.000722410285851289,-0.000485625315515663,-0.216547498441143,-0.130533352406984,0.131439028326398,0.215373289973942
"policy_rate","debt_growth",10,-0.000859506504591032,-0.00101409076534114,-0.200456671791614,-0.123305558886037,0.121303742742035,0.202392369337771
"policy_rate","debt_growth",11,-0.000977257631039638,-0.000762351969508458,-0.18702720170659,-0.115627416685689,0.111906299102972,0.188329186779617
"policy_rate","debt_growth",12,-0.000996160972076582,-0.000647809623012644,-0.177793362143795,-0.107798894643169,0.104468307285694,0.177492181800331
"policy_rate","debt_growth",13,-0.00101895139621389,-0.00011933401123837,-0.16973929757877,-0.100903745634769,0.0980426755021639,0.168024531047655
"policy_rate","debt_growth",14,-0.000990765793350111,-0.000530518976224028,-0.162572546562695,-0.0957121201171148,0.0938587511283222,0.158955845449852
"policy_rate","debt_growth",15,-0.000940033784221765,-0.00094574808678394,-0.156962823273742,-0.0922407286023574,0.0900521642105152,0.153181248281371
"policy_rate","debt_growth",16,-0.000839728858679874,-0.00123127997525966,-0.152570015004884,-0.0881955324589949,0.085784718265365,0.148668641901418
"policy_rate","debt_growth",17,-0.00075984237090777,-0.00099959233522528,-0.14926806598638,-0.0851900796605164,0.0827774710068259,0.145689192942724
"policy_rate","debt_growth",18,-0.000681120674424807,-0.000538782503185834,-0.145479762366058,-0.0830005130551453,0.0808482633760204,0.142782249187494
"policy_rate","debt_growth",19,-0.000630646189858674,-0.000502330943395111,-0.143210288927495,-0.0802246894767053,0.078165201457855,0.139523344006828
"policy_rate","debt_growth",20,-0.000584102849809393,-0.000313147090506951,-0.139002272654957,-0.0776533309442862,0.0758462314223281,0.137887323936704
"policy_rate","debt_growth",21,-0.000576578208418925,-0.000299467792400439,-0.136953601861036,-0.0753192802757587,0.0737958341373533,0.136179529453731
"policy_rate","real_house_price_growth",1,0.00073301423277357,0.00183967275027933,-0.140221806849679,-0.0884734134249252,0.088385961418649,0.140806713743871
"policy_rate","real_house_price_growth",2,0.000982609163585495,0.00181566524150949,-0.185045319839947,-0.115673823062367,0.11737895674035,0.184935773345696
"policy_rate","real_house_price_growth",3,0.00117633822598614,0.00284858821674476,-0.215256177954067,-0.134965926900452,0.136625990096244,0.215645898700859
"policy_rate","real_house_price_growth",4,0.00127913854946198,0.00210755563126891,-0.231846841595512,-0.145115945312818,0.146668801235536,0.234281628402677
"policy_rate","real_house_price_growth",5,0.00121655947824308,0.00175480733667382,-0.242326308643351,-0.149508579640163,0.151374541748702,0.244175897036021
"policy_rate","real_house_price_growth",6,0.000862089669784497,0.00133848398289684,-0.246258803713811,-0.151607051847296,0.151058732940485,0.245505569435254
"policy_rate","real_house_price_growth",7,0.000481887535547494,0.000450833789724341,-0.242672483006299,-0.148518631557417,0.148160088093477,0.239153855446533
"policy_rate","real_house_price_growth",8,8.03154810767659e-05,0.000519168331472116,-0.22995343507589,-0.141397894136082,0.141403717744514,0.22880709280051
"policy_rate","real_house_price_growth",9,-0.00023863122943553,0.000244138244324874,-0.218440307890912,-0.131789819241658,0.133567377549796,0.214045728128888
"policy_rate","real_house_price_growth",10,-0.000502489125782719,0.00174223828729322,-0.205728155936345,-0.121394478827998,0.122402669666379,0.199951012754161
"policy_rate","real_house_price_growth",11,-0.000707643575245943,0.000320101317665665,-0.192381459041494,-0.111930995794214,0.112555831042813,0.187702614566549
"policy_rate","real_house_price_growth",12,-0.000880155109602403,-0.000865905655058601,-0.180949995334,-0.105369136419067,0.104294291742267,0.176115763623957
"policy_rate","real_house_price_growth",13,-0.000959288698563094,-0.00107759774420027,-0.170686990718926,-0.0994132155091179,0.0981443804333492,0.168087625706471
"policy_rate","real_house_price_growth",14,-0.000985475677266849,-0.000567842500061926,-0.162906040904075,-0.0952243914738217,0.0925406457053627,0.16085687571016
"policy_rate","real_house_price_growth",15,-0.000956646493090305,-0.000313529370266078,-0.157756857233303,-0.0907868200074185,0.0889141011150798,0.155778040375882
"policy_rate","real_house_price_growth",16,-0.00090335320085596,2.91221882144799e-05,-0.154609900575259,-0.0868258350111219,0.0845748192589582,0.150827352630384
"policy_rate","real_house_price_growth",17,-0.000807443815301113,-6.01207498229742e-05,-0.150480498878234,-0.0845002429927785,0.0821414747835051,0.148244818125707
"policy_rate","real_house_price_growth",18,-0.000693057759586694,0.000576401013701812,-0.147897963156019,-0.0820432459021824,0.0802342546010138,0.144902168869945
"policy_rate","real_house_price_growth",19,-0.0005643399649326,0.000551872975836226,-0.143706209929271,-0.079640498197614,0.0779837310475891,0.142671620827334
"policy_rate","real_house_price_growth",20,-0.000443307621963275,0.000653593504104057,-0.141207353527867,-0.0774594041368522,0.0761032619731828,0.139700595645904
"policy_rate","real_house_price_growth",21,-0.000323513576698417,-8.90942990566134e-05,-0.138751737311308,-0.0749235736218243,0.0741360169753179,0.137592686705736
"policy_rate","asset_liability_ratio",1,-0.00111384980549299,-0.00217399243306296,-0.142590928922456,-0.0922445386450774,0.0890191580468567,0.143337485170403
"policy_rate","asset_liability_ratio",2,-0.00160575756304185,-0.00250871699763012,-0.18520260273826,-0.119646164637753,0.116669604738506,0.185395598594258
"policy_rate","asset_liability_ratio",3,-0.00192040511992342,-0.00343029046308336,-0.216645392182657,-0.140678155155493,0.135539972530639,0.215120181593102
"policy_rate","asset_liability_ratio",4,-0.0018527639984323,-0.00290410072540363,-0.235157173573024,-0.15017747349647,0.146486891681472,0.233372987211947
"policy_rate","asset_liability_ratio",5,-0.00165720508950469,-0.00238456176656249,-0.243865036805344,-0.153080344966976,0.150360574627585,0.243932246912008
"policy_rate","asset_liability_ratio",6,-0.0015113837717828,-0.00267508081116407,-0.245863038447955,-0.15326974403497,0.150867459611496,0.242714704948258
"policy_rate","asset_liability_ratio",7,-0.00149819927529465,-0.00211870797351761,-0.237500665716592,-0.149582237285179,0.147383137440713,0.236731283375341
"policy_rate","asset_liability_ratio",8,-0.00145824021016704,-0.00140926471969204,-0.22776819814559,-0.142932766998414,0.139712386810697,0.224499455633421
"policy_rate","asset_liability_ratio",9,-0.00143714981150519,-0.000861005180792232,-0.215556790247328,-0.132544662358303,0.130185696561999,0.212209619268928
"policy_rate","asset_liability_ratio",10,-0.00142215253385696,0.000404841317738815,-0.201134145853091,-0.124254279844436,0.120370381108353,0.19983591132439
"policy_rate","asset_liability_ratio",11,-0.00142907897135512,-7.00138758205885e-05,-0.190469489818385,-0.114351165436968,0.110617173418122,0.184847544161471
"policy_rate","asset_liability_ratio",12,-0.00139722151685567,-0.00062789190804409,-0.181570449366194,-0.106305924423665,0.103230091727629,0.174896670928979
"policy_rate","asset_liability_ratio",13,-0.00135763350612222,-0.000451321136257665,-0.173165940281926,-0.100203212296,0.0983228259115106,0.16726811921754
"policy_rate","asset_liability_ratio",14,-0.0012962904459,-0.000256533268573427,-0.164984207412135,-0.0956917230987509,0.0940661274888499,0.161293502161521
"policy_rate","asset_liability_ratio",15,-0.00124007624679911,-0.000858660948385477,-0.161251678072667,-0.0913027382739027,0.090351005025794,0.157499782172178
"policy_rate","asset_liability_ratio",16,-0.00115715095824244,-0.000539808198477488,-0.156290976352281,-0.0879461386638887,0.0876005359147199,0.152433357099892
"policy_rate","asset_liability_ratio",17,-0.00106714850202097,-0.000614239044137835,-0.151814421552688,-0.0846420946920591,0.0840754744406354,0.150885647903968
"policy_rate","asset_liability_ratio",18,-0.000959696901728929,-0.00063229489962644,-0.149037108948803,-0.081733173334341,0.0809364690841096,0.147581249692767
"policy_rate","asset_liability_ratio",19,-0.000858962583450369,-0.000501215270558759,-0.144969763451708,-0.0793427553287819,0.0779715346947185,0.142645642204866
"policy_rate","asset_liability_ratio",20,-0.000746646358459607,-0.00034761748645944,-0.141008826616271,-0.0766558888036282,0.0751245116041499,0.14011521236105
"policy_rate","asset_liability_ratio",21,-0.000641790867929691,-0.000198442809299846,-0.138464987624661,-0.0745099887126613,0.0729397457629272,0.137409318527811
"interest_burden","gdp_growth",1,0.000417212233352191,0.000715312166463041,-0.204830092282976,-0.128182996229885,0.130802023293035,0.206652642079809
"interest_burden","gdp_growth",2,0.00132351064524241,0.00144585098443876,-0.188156879676813,-0.117414492718154,0.11977095653881,0.187339140927022
"interest_burden","gdp_growth",3,0.0016343557497469,0.00362109268084714,-0.188812054627429,-0.117445109161504,0.120632828128116,0.190280057818301
"interest_burden","gdp_growth",4,0.000786077009084085,0.00106561316396829,-0.209686023235536,-0.133460550955982,0.134972695741259,0.215228124611411
"interest_burden","gdp_growth",5,0.000480131167361777,0.0024040630827487,-0.215076004061347,-0.134444665710385,0.134725200741188,0.21414920670288
"interest_burden","gdp_growth",6,0.000410773238449258,0.00131520274956752,-0.237655457338012,-0.147428808450946,0.149074327717003,0.239079875143854
"interest_burden","gdp_growth",7,0.000606515874936531,0.00115135085712678,-0.22188270273234,-0.138477996050596,0.139820692645048,0.222203210112595
"interest_burden","gdp_growth",8,0.000239238924941866,0.00041410223690823,-0.221534908393064,-0.137451227624419,0.138216975207618,0.222021838456968
"interest_burden","gdp_growth",9,9.59489250445946e-05,-0.000383859588968783,-0.200806007043218,-0.123181495379087,0.1235575501364,0.201682404797901
"interest_burden","gdp_growth",10,5.16006802436634e-05,-0.000836050528157349,-0.19336819988343,-0.1185632104061,0.117809421977309,0.194761869463824
"interest_burden","gdp_growth",11,0.000286048602226342,-0.00100169433854448,-0.174919525433756,-0.104518632736241,0.104911058476957,0.178378247968007
"interest_burden","gdp_growth",12,0.00021979478423842,-0.000999274326872239,-0.163677722948511,-0.0958002294886574,0.0969123922382984,0.167153190628966
"interest_burden","gdp_growth",13,0.000289162554925783,-0.000742479646060054,-0.150876805016808,-0.0859025489951426,0.0868867086563098,0.152429071145531
"interest_burden","gdp_growth",14,0.000320676889430599,-0.000801099302397238,-0.142645468902671,-0.0785663402706829,0.0798827580511283,0.142961690288363
"interest_burden","gdp_growth",15,0.000538021563327036,-0.000474261637174635,-0.133495212412512,-0.0717569446728559,0.0740916100401525,0.134043041040897
"interest_burden","gdp_growth",16,0.000547002341067096,-0.000100640224745143,-0.127553952700748,-0.0674110592260077,0.0691221186473412,0.12803853695792
"interest_burden","gdp_growth",17,0.000627199236384333,0.000677292074287915,-0.121268223424752,-0.0645864674630711,0.0656792156567773,0.122711259221835
"interest_burden","gdp_growth",18,0.000611608728768516,0.000855418506485319,-0.115423921831039,-0.0620666229295257,0.0623385110190468,0.11851987696583
"interest_burden","gdp_growth",19,0.000696023296578798,0.00112150678689612,-0.112193119572873,-0.0600987630429543,0.0599816086878211,0.114085503932791
"interest_burden","gdp_growth",20,0.000636520785329673,0.000408449905846565,-0.108009827469077,-0.0570768359626764,0.0576444516314131,0.108574475561617
"interest_burden","gdp_growth",21,0.000621253260359197,0.000858952029694647,-0.104182295912796,-0.0559704758115737,0.0561751396111614,0.106081667771247
"interest_burden","consumption_growth",1,3.36888137477997e-05,0.000357885071383703,-0.202606331563456,-0.129119826233568,0.128725375026035,0.205939913623407
"interest_burden","consumption_growth",2,0.000186962767260795,-0.000494065531505695,-0.186684276878591,-0.121928243746384,0.120802940500858,0.189466321960231
"interest_burden","consumption_growth",3,0.000682296733292703,0.00244909361760357,-0.186313103990535,-0.122359938241667,0.121458119840262,0.185856944600054
"interest_burden","consumption_growth",4,0.000381805302100691,0.00181128154272151,-0.210989893096128,-0.13669388164591,0.135045346492724,0.209409652676811
"interest_burden","consumption_growth",5,0.000505277195867982,0.0016149631420956,-0.214486701682032,-0.132577323232262,0.134291273410811,0.210006686958275
"interest_burden","consumption_growth",6,0.000495476582634675,0.00211669457015166,-0.236042586103139,-0.14905818207816,0.151678522155929,0.236174071363706
"interest_burden","consumption_growth",7,0.00077383828274296,0.000579500294984592,-0.222305762997518,-0.13867380171496,0.141220901835459,0.223451723393221
"interest_burden","consumption_growth",8,0.00076361393793265,0.00115433690428204,-0.221004723688885,-0.136807864765051,0.140501261511877,0.220136548036409
"interest_burden","consumption_growth",9,0.000741934123377138,0.000155981989582415,-0.198220252531796,-0.121120323423057,0.124658971613444,0.200755873388122
"interest_burden","consumption_growth",10,0.000616719039856128,0.000269169081871706,-0.191724865481953,-0.117395534052346,0.11947682432868,0.195192889539922
"interest_burden","consumption_growth",11,0.000643426686820631,0.0010748676089955,-0.174614321287927,-0.103460071470708,0.105051534257074,0.17638710716524
"interest_burden","consumption_growth",12,0.000563955646170809,0.000810317469377641,-0.163518208927762,-0.0949056803553811,0.0963135786837298,0.164976325348332
"interest_burden","consumption_growth",13,0.000447180290840195,0.00122372559537579,-0.147687252399887,-0.0829666008302521,0.0852894470783024,0.150963999613788
"interest_burden","consumption_growth",14,0.000294355497843641,0.000316498193293482,-0.139189304873337,-0.0782140520538144,0.0794607381677686,0.140495460703882
"interest_burden","consumption_growth",15,0.00024024873431888,0.000188345845462244,-0.131059149584703,-0.0712119272178397,0.0726739857309305,0.131804748516959
"interest_burden","consumption_growth",16,0.000171862077233242,0.000270033121440929,-0.122606391610946,-0.0676206432837403,0.069282994492485,0.124173638319808
"interest_burden","consumption_growth",17,8.67223188432333e-05,0.000459309253691093,-0.118746696166773,-0.0638480019222095,0.0648933447091989,0.117962438390687
"interest_burden","consumption_growth",18,-4.17646446399162e-07,0.000303937392372827,-0.113410033571839,-0.0610287075377658,0.0614938894254826,0.113530595426187
"interest_burden","consumption_growth",19,-3.666167383069e-05,0.000516678022211304,-0.111330992058137,-0.058091222522741,0.0587323123796177,0.110245180970993
"interest_burden","consumption_growth",20,-6.00115893018017e-05,0.000343405125867542,-0.108865392734841,-0.0561266316204517,0.0560435036710114,0.106348136752744
"interest_burden","consumption_growth",21,-9.77159302573626e-05,0.000635223397717657,-0.106395574072934,-0.054037299375372,0.0542167191348103,0.105345520087011
"interest_burden","cpi_growth",1,0.00169117406081249,0.00260681511007091,-0.201698385251932,-0.128459092327141,0.130013586029226,0.205127513918346
"interest_burden","cpi_growth",2,0.000784910674148893,0.000183934385529716,-0.186709739738798,-0.116926694204429,0.121257519664039,0.191027238021206
"interest_burden","cpi_growth",3,-0.000105783847919861,-5.47802110080378e-05,-0.188480252695338,-0.120564489439186,0.119772324075459,0.188286210058013
"interest_burden","cpi_growth",4,0.000939984873785106,0.00041143913679462,-0.210046875688869,-0.131742909029707,0.134654133637033,0.212144827156205
"interest_burden","cpi_growth",5,0.00110250462620162,0.00133377621221668,-0.2123492718833,-0.133915515184954,0.136865022618842,0.212210348035636
"interest_burden","cpi_growth",6,0.00116121593737441,0.00191436031216839,-0.235592400994231,-0.1474134523039,0.150784023102902,0.236534820384238
"interest_burden","cpi_growth",7,0.000649101579177736,0.00299635028497928,-0.221295534980696,-0.138291845531066,0.136848083962504,0.222563448625527
"interest_burden","cpi_growth",8,0.00106514083049111,0.00266568941127167,-0.220355674394314,-0.136692816778984,0.13637128126539,0.220571373961659
"interest_burden","cpi_growth",9,0.00106280537847622,0.00333526692159501,-0.196744163969031,-0.12348883769011,0.121070178416749,0.199972802418886
"interest_burden","cpi_growth",10,0.00116114819686546,0.0029466002911085,-0.191714799826321,-0.117186158144336,0.117847345100194,0.1934810410506
"interest_burden","cpi_growth",11,0.000885470904743103,0.00123690252202465,-0.171966512252266,-0.104202212751811,0.102775702327239,0.177156097892338
"interest_burden","cpi_growth",12,0.00111950100406128,0.000307501277131879,-0.160463966131751,-0.0948839000570856,0.0964157481788205,0.16782544519192
"interest_burden","cpi_growth",13,0.00113545276129813,0.000889954397790795,-0.145693904880692,-0.085406526086055,0.0861676280065573,0.152225898043943
"interest_burden","cpi_growth",14,0.00124081833516233,0.000644546069024132,-0.135856323212492,-0.0777978153958858,0.0800356288513937,0.14429843937347
"interest_burden","cpi_growth",15,0.00107949059634963,0.000712957324509884,-0.127682396165292,-0.0716697318129149,0.0734550048943491,0.134539575131254
"interest_burden","cpi_growth",16,0.00115994101952053,0.000474873651814223,-0.11926613167063,-0.0665177914000544,0.0694826247565833,0.126328534640777
"interest_burden","cpi_growth",17,0.00110629877449958,0.000195758409105595,-0.115806721735228,-0.0635542703751411,0.0664763256022753,0.121964662461004
"interest_burden","cpi_growth",18,0.00110581689038954,0.000350276494528724,-0.110560133139635,-0.0607474979080107,0.0627075164980468,0.116397928328202
"interest_burden","cpi_growth",19,0.000918716894628765,0.000715446407507972,-0.107114903722913,-0.0584388722949695,0.0601943356635472,0.11330057453075
"interest_burden","cpi_growth",20,0.000847569279927911,0.00100371889310494,-0.105775667082729,-0.055619047043479,0.0569826034927904,0.111114072882976
"interest_burden","cpi_growth",21,0.000690745112139872,0.000602814856561253,-0.104321303469135,-0.0538974398270888,0.0559519724601252,0.109690074676977
"interest_burden","saving_rate",1,-0.00155599878282573,-0.00213839090592175,-0.203477802579209,-0.129712089794023,0.124477315416096,0.201612893499775
"interest_burden","saving_rate",2,-0.000323429494201764,-0.000285824080308077,-0.189984533442151,-0.12163345387063,0.118819307124507,0.190885560521063
"interest_burden","saving_rate",3,-0.000256776065521665,-5.31180259924565e-05,-0.191180592745923,-0.120009512317951,0.119342697036601,0.187172006230359
"interest_burden","saving_rate",4,0.000181395004502479,0.00204696275036106,-0.21484772387525,-0.135461427722052,0.134381791438742,0.212455187310571
"interest_burden","saving_rate",5,-3.38697213763807e-05,0.00111864565364444,-0.214473065716629,-0.133956546574639,0.13517354283328,0.211811860260804
"interest_burden","saving_rate",6,0.000687747058342584,0.00119206078735264,-0.237376968074186,-0.149263490544884,0.151253683420625,0.238091571474984
"interest_burden","saving_rate",7,0.000537990818649136,0.000750914547108769,-0.225742996002614,-0.138491629595086,0.140639081694243,0.220615290374537
"interest_burden","saving_rate",8,0.000588221977049003,0.000939665380792687,-0.221814324804697,-0.134550425552053,0.138596685393958,0.22040118200535
"interest_burden","saving_rate",9,0.000254995363730197,-0.00171806675338738,-0.201796029754687,-0.118999939802327,0.123702820801181,0.198736404755512
"interest_burden","saving_rate",10,0.000493886645337426,-0.0010981508288575,-0.192963938246869,-0.114055186228754,0.119222684787411,0.194798700166485
"interest_burden","saving_rate",11,0.000256173008793433,-0.000891985230835374,-0.173976847673907,-0.101712636886446,0.104952076983232,0.177757587392831
"interest_burden","saving_rate",12,0.000267271839466031,-0.000797801081839288,-0.162244976153252,-0.094907363859941,0.0968964650947378,0.165353802939618
"interest_burden","saving_rate",13,3.33874512475676e-05,-0.00116348702594684,-0.148429165301634,-0.0844252010038875,0.0858412984861662,0.152669388588387
"interest_burden","saving_rate",14,0.000174559214422475,-0.00101334373862142,-0.139399886916488,-0.0773868774194834,0.0800100137057125,0.143185168914564
"interest_burden","saving_rate",15,5.72346228653436e-05,-0.00101448033729134,-0.128925220568868,-0.0722434698792452,0.0735914853337862,0.135575851764774
"interest_burden","saving_rate",16,0.000135908334645408,-0.000928659960308551,-0.123587083677384,-0.0679979806654459,0.0690797333720697,0.127170457227536
"interest_burden","saving_rate",17,4.06206274455747e-05,-0.00111694920011746,-0.118322664511123,-0.0640289624121019,0.0656880283957953,0.121523541521355
"interest_burden","saving_rate",18,0.000164083683959849,-0.000553040046258834,-0.114060701874681,-0.0605855294572757,0.0617887516292595,0.117227699557698
"interest_burden","saving_rate",19,0.000110730555223637,-0.000336078085509029,-0.110202826997963,-0.0577694547157605,0.0594686418551681,0.114085289563795
"interest_burden","saving_rate",20,0.000178390855423924,-0.000332841537816044,-0.106968246697721,-0.0556868851178125,0.0567145137360668,0.111192670012609
"interest_burden","saving_rate",21,0.000102118130457637,1.34929429609671e-06,-0.104963725136397,-0.053826147230707,0.0544396593420352,0.108364010622508
"interest_burden","policy_rate",1,0.150821695024297,0.147835975517383,0.025535427712561,0.0660577801256242,0.235301045285542,0.284667127806179
"interest_burden","policy_rate",2,0.106597104470205,0.102204928294312,0.0199843473446897,0.0470086690114425,0.164849309128198,0.208836143344788
"interest_burden","policy_rate",3,0.093085137650017,0.0885794154508115,0.0169153495510944,0.0388690814951818,0.146944237896494,0.187327933529673
"interest_burden","policy_rate",4,0.0810518821789182,0.0749633883107856,0.0124716934388741,0.0304475129325218,0.130519108324529,0.171464728091245
"interest_burden","policy_rate",5,0.0934721805408857,0.0899096551014114,0.00333142306057034,0.0338495996956458,0.152927399221241,0.197386382671764
"interest_burden","policy_rate",6,0.0415385285215947,0.037459744501253,-0.0456152919379436,-0.0157359749160048,0.0982301974244425,0.14216544474622
"interest_burden","policy_rate",7,0.0144760703657175,0.011551030093997,-0.0721839593231257,-0.0406261648758626,0.0699063758099265,0.111988452518916
"interest_burden","policy_rate",8,-0.0108302337772497,-0.0123306759942141,-0.104863336438879,-0.0679122608380089,0.0473682360208933,0.0889000043644788
"interest_burden","policy_rate",9,-0.0121697057913386,-0.0116641270993066,-0.115123294996315,-0.0732425557701289,0.0485068409088254,0.0897076008189138
"interest_burden","policy_rate",10,-0.034742320727264,-0.0338739262146332,-0.14089598798394,-0.0966682571511826,0.0266712150603543,0.0680208678169936
"interest_burden","policy_rate",11,-0.040676891389796,-0.0387378111990752,-0.148273264113428,-0.102211762672188,0.0207258494006927,0.0618541217165011
"interest_burden","policy_rate",12,-0.0473909287755926,-0.0455289582800701,-0.156154821865592,-0.107525520444891,0.0131036072108819,0.054565760164866
"interest_burden","policy_rate",13,-0.0397662484621011,-0.037342606895512,-0.149697180872304,-0.0993240052409491,0.0203829892021837,0.0614853917120119
"interest_burden","policy_rate",14,-0.0417099881361941,-0.0389910118086958,-0.150520294101023,-0.0993611186105168,0.0169116622439566,0.0571091904210336
"interest_burden","policy_rate",15,-0.0355945023620445,-0.033198787140399,-0.141157941032463,-0.0907077441128648,0.0210198639513331,0.061530404414473
"interest_burden","policy_rate",16,-0.0328940287290454,-0.0307031075733641,-0.135877391586394,-0.0864084485792869,0.020890331811069,0.061077440865284
"interest_burden","policy_rate",17,-0.0237411805168848,-0.0213431345786449,-0.122600727585217,-0.0755418216342872,0.0277514705432728,0.0674529354866556
"interest_burden","policy_rate",18,-0.0207002451158444,-0.0187007817038295,-0.116719080022116,-0.0698259186459635,0.0283696557420609,0.0665981708600224
"interest_burden","policy_rate",19,-0.0143518477874747,-0.0128180992613926,-0.106070730048261,-0.0611925684672836,0.0327104841150973,0.071858830785383
"interest_burden","policy_rate",20,-0.0116653369243141,-0.0104770070145353,-0.100327180659431,-0.0569978706858098,0.0337008142564263,0.0725971910557724
"interest_burden","policy_rate",21,-0.00620690648999541,-0.00545355080590754,-0.0921923416185011,-0.0502712073949687,0.0371509461720992,0.0771832495671472
"interest_burden","interest_burden",1,0.000993575705705165,0.00175225536960488,-0.199957692222403,-0.126922909850355,0.128562724859019,0.201369057397871
"interest_burden","interest_burden",2,0.00235190526818121,0.00141032343131842,-0.187928519731752,-0.118628712800786,0.121849599162888,0.194297972787754
"interest_burden","interest_burden",3,0.00238196260010292,0.00241729308969509,-0.188766083577972,-0.11855947610782,0.123669610163399,0.190605975610858
"interest_burden","interest_burden",4,0.00289649924377239,0.0022111397020527,-0.209666929434669,-0.13193370385747,0.137535805979702,0.214682991091462
"interest_burden","interest_burden",5,0.00271850856825108,0.00287756849199829,-0.211672527437562,-0.131971145562998,0.13990327063021,0.217345019144252
"interest_burden","interest_burden",6,0.00287270754073828,0.00195724761721379,-0.234951513828695,-0.148950072729176,0.154009275465861,0.241007256309049
"interest_burden","interest_burden",7,0.00232719525296438,0.00421116036166067,-0.221388885989472,-0.138891801232275,0.142201489820974,0.22501417637396
"interest_burden","interest_burden",8,0.00213697089596632,0.0039623890301183,-0.221601073787251,-0.138338186011998,0.13888322789586,0.221606737699863
"interest_burden","interest_burden",9,0.00158633011044265,0.00321174247998578,-0.19838678111856,-0.123990331449236,0.125141360870176,0.200563298988792
"interest_burden","interest_burden",10,0.0014265926996821,0.00206402340295748,-0.19290798934561,-0.118851992781802,0.119296398021237,0.195373104029606
"interest_burden","interest_burden",11,0.000929658384723603,0.00185825606716692,-0.175797401592663,-0.104717812002029,0.105114417610358,0.177334733518156
"interest_burden","interest_burden",12,0.000763239104787242,0.000772916079037699,-0.162203669655062,-0.0966319853810644,0.0962649343202051,0.165530707707565
"interest_burden","interest_burden",13,0.00036567330254959,-0.000257978148591114,-0.146842177085918,-0.0861132153895955,0.0849746317947992,0.149303132355519
"interest_burden","interest_burden",14,0.000332335406439019,4.94616638276234e-06,-0.136801675106186,-0.0800875604869949,0.0779127451616073,0.140273545610985
"interest_burden","interest_burden",15,0.00010109988980499,-0.000447006408242923,-0.128149730736119,-0.0732256261612026,0.0721426917323518,0.130846974071775
"interest_burden","interest_burden",16,0.000125505880607627,-0.000253801812401659,-0.120980780876117,-0.0688382999416967,0.0677733610623736,0.123250254215851
"interest_burden","interest_burden",17,-4.70585994117881e-05,-0.000443986187385443,-0.11711762026346,-0.0651333840878024,0.0647753686825421,0.118709156161933
"interest_burden","interest_burden",18,3.06265873295322e-05,-4.16076284952245e-05,-0.111969156848639,-0.0621206173979053,0.0601865222746397,0.114821186757843
"interest_burden","interest_burden",19,-5.71792555593976e-05,-0.000280814540713661,-0.109851442247702,-0.0597019992443081,0.0581645948518484,0.110528014578681
"interest_burden","interest_burden",20,3.39389747108336e-05,-9.09719518866163e-05,-0.106954975686656,-0.0564073694239009,0.0559947801650857,0.108227461213009
"interest_burden","interest_burden",21,-4.88519542318476e-05,-0.000228551360253201,-0.106218898767583,-0.0547074197295494,0.0540617860495476,0.104308005122498
"interest_burden","debt_growth",1,0.000450242568071758,0.00104760891077717,-0.204768966155226,-0.128785865172308,0.128815276359595,0.202431681354765
"interest_burden","debt_growth",2,0.000244153435891176,-0.000183026521891171,-0.188737640589266,-0.119465942410743,0.121963029273945,0.188794968527741
"interest_burden","debt_growth",3,-0.000181537902258045,-0.000669998358894306,-0.188953103996919,-0.121708242092593,0.12130250552338,0.189318986673082
"interest_burden","debt_growth",4,0.000122968170124724,-0.000840807139604464,-0.213050887254268,-0.135489449243614,0.135060395710268,0.215349489057565
"interest_burden","debt_growth",5,0.000317142411206228,-1.56081371055247e-05,-0.213666559031031,-0.135153412800444,0.137504966202867,0.214177460550789
"interest_burden","debt_growth",6,1.71700606093233e-05,-0.00161498245124427,-0.238029601129287,-0.151999756487424,0.150738744399712,0.239878870810865
"interest_burden","debt_growth",7,-0.000283259249321065,-0.00028049823054969,-0.222581850512591,-0.139915383670591,0.139397839591549,0.225030444654386
"interest_burden","debt_growth",8,-9.07639662032546e-05,8.17148993961784e-05,-0.221170976515554,-0.138784089799229,0.137535968685339,0.224023370921945
"interest_burden","debt_growth",9,-7.66214235732107e-05,-0.000229926877649123,-0.200202557872896,-0.122547569541827,0.122886647111107,0.202935400509829
"interest_burden","debt_growth",10,-0.00017360515378175,-0.000206569957648824,-0.194757561997232,-0.118001488720709,0.116890461345694,0.19676597716022
"interest_burden","debt_growth",11,-0.000391583291461244,-0.000320049490126767,-0.175546901825956,-0.101875339574814,0.102093463581708,0.177644613126038
"interest_burden","debt_growth",12,-0.000280925789140403,-0.000517065682834771,-0.164099249032472,-0.0942105719868431,0.0946654592961831,0.1645664194873
"interest_burden","debt_growth",13,-0.000247728701351713,-0.000345351613891611,-0.147063397908145,-0.0835888042100503,0.0835171188397625,0.149108318373668
"interest_burden","debt_growth",14,-0.000181838995282638,-0.000339393021984671,-0.138170693123655,-0.0781057463209461,0.0782349209861414,0.13998710398313
"interest_burden","debt_growth",15,-0.000206619715573288,-0.000229792195266014,-0.129167502377305,-0.072744965933071,0.0715309139943806,0.131543599519038
"interest_burden","debt_growth",16,-4.84939935174836e-05,8.57727792664465e-05,-0.122284054046181,-0.067988995059248,0.067142615268946,0.125777121730601
"interest_burden","debt_growth",17,4.65604136602293e-05,6.00721768648877e-06,-0.116091132102347,-0.0643992769201106,0.0639456177620669,0.117732115869626
"interest_burden","debt_growth",18,0.000169538504312913,0.000483834242770213,-0.110554011254874,-0.0613435033285524,0.0606200275101504,0.112140703488229
"interest_burden","debt_growth",19,0.000198652509649696,0.000336929494555562,-0.106254493465617,-0.0586874006101473,0.058656928114913,0.109325117956569
"interest_burden","debt_growth",20,0.0003027613575308,0.000400036250104816,-0.102673098666523,-0.0558972116579095,0.0565501885416586,0.105919105849155
"interest_burden","debt_growth",21,0.000341525605099036,0.00063809113366912,-0.101545363712376,-0.0538257868820271,0.0545368372558609,0.104541728566914
"interest_burden","real_house_price_growth",1,0.00115790725823133,0.00188859569007479,-0.20200639827261,-0.127786201075283,0.128459337440044,0.202371856909951
"interest_burden","real_house_price_growth",2,0.00233554240776764,0.00232929046754097,-0.184902636649248,-0.116869736634858,0.121603615132945,0.187497177682301
"interest_burden","real_house_price_growth",3,0.00209728944504999,0.00144201687801673,-0.187969765751225,-0.116448747319496,0.122156151549965,0.190506712006405
"interest_burden","real_house_price_growth",4,0.00201850001241559,0.0030577488572986,-0.209571280619525,-0.130179392778038,0.135380732379108,0.21169929241555
"interest_burden","real_house_price_growth",5,0.00199167574337244,0.00122688465627088,-0.209059968719669,-0.131187561477695,0.135412914944503,0.214495154099434
"interest_burden","real_house_price_growth",6,0.00224237846308911,0.00291316601753781,-0.235871468526058,-0.144476303085627,0.150294256381693,0.237370584303264
"interest_burden","real_house_price_growth",7,0.0016974016140626,0.00279602214443393,-0.225426567599794,-0.136119582272979,0.138393388182184,0.222096923395745
"interest_burden","real_house_price_growth",8,0.00119327708958895,0.00170511745092632,-0.222769417679391,-0.133096795974555,0.135876129113585,0.220423200976655
"interest_burden","real_house_price_growth",9,0.000800531813834792,0.00219552776659656,-0.200583645307004,-0.120337258191605,0.122999630747547,0.196748923976888
"interest_burden","real_house_price_growth",10,0.000702500340793048,0.00154265235434132,-0.194911334328233,-0.115329832293085,0.117726257191289,0.193285965262219
"interest_burden","real_house_price_growth",11,0.000310089467307789,0.00117625290729901,-0.178550206359465,-0.102450773805127,0.103656291202694,0.172458193614072
"interest_burden","real_house_price_growth",12,4.28962178838339e-05,0.000797032452722209,-0.167929015189051,-0.0936321832838308,0.0946827635312391,0.162644250353987
"interest_burden","real_house_price_growth",13,-0.000170458960098159,0.000273831098592446,-0.15155272119925,-0.083530613538415,0.0836397685338674,0.147618656016999
"interest_burden","real_house_price_growth",14,-0.000186636677191094,-0.000422940915872758,-0.141083382657287,-0.0767512626803929,0.0780130250719299,0.140103720192754
"interest_burden","real_house_price_growth",15,-0.00030410959720571,-0.000254048412572892,-0.130993975100698,-0.0718288482566787,0.0718073305852845,0.130980933393708
"interest_burden","real_house_price_growth",16,-0.000338850601576261,-0.000769970956692267,-0.124457309589706,-0.0671520789536596,0.0677674810228725,0.125006155138058
"interest_burden","real_house_price_growth",17,-0.000346973075230441,-0.000815343297818469,-0.119353309839124,-0.0640905391278919,0.0644593641862699,0.119740009833719
"interest_burden","real_house_price_growth",18,-0.000252536927417033,-0.00105508284082631,-0.114954602074579,-0.0599303646068416,0.0616134798415115,0.114460170755342
"interest_burden","real_house_price_growth",19,-0.000214027606755339,-0.00112272008344843,-0.112092147906671,-0.0574684078210335,0.0589464489662463,0.111794556089698
"interest_burden","real_house_price_growth",20,-0.000146722671902337,-0.000767685958756344,-0.107947416706183,-0.0543919483417333,0.0563999047931423,0.106700964721528
"interest_burden","real_house_price_growth",21,-9.16756818450321e-05,-0.000625901387639923,-0.106327585600846,-0.0530005973715421,0.0544587153581977,0.105805379338804
"interest_burden","asset_liability_ratio",1,0.000668799957252755,-0.000481162590067648,-0.205349054113549,-0.127919516747609,0.129625160161548,0.205834600291153
"interest_burden","asset_liability_ratio",2,-0.000556019089171766,-0.000307128146641601,-0.192449174994498,-0.118367921091948,0.117627044704324,0.189040416063389
"interest_burden","asset_liability_ratio",3,-0.00127468431457272,-0.0012663872106817,-0.191293425153286,-0.121630923969927,0.117427937408738,0.189010543331031
"interest_burden","asset_liability_ratio",4,-0.00124677666788939,-0.00171523312617757,-0.215217231361694,-0.13510428094546,0.132427635727212,0.211978822302759
"interest_burden","asset_liability_ratio",5,-0.000709460998517711,-0.00118858944451746,-0.217267986055525,-0.135629836116759,0.133009438158967,0.216167169228659
"interest_burden","asset_liability_ratio",6,-0.000771426281457721,-0.00306124888049473,-0.237615100198501,-0.149835461134709,0.147503047883902,0.239591441831763
"interest_burden","asset_liability_ratio",7,-0.000743022615642894,-0.00101541572251601,-0.221840568485997,-0.14108286746975,0.138172109559351,0.221872350681134
"interest_burden","asset_liability_ratio",8,-0.000729960310572283,-0.00107383868955391,-0.220620718682471,-0.137155021647601,0.135452451824785,0.220618187480242
"interest_burden","asset_liability_ratio",9,-0.000647882177230898,-2.76828174801844e-05,-0.199530700068387,-0.122752732391278,0.122143965451058,0.197826683462176
"interest_burden","asset_liability_ratio",10,-0.000701418652015029,-0.00068466324629529,-0.194930391138717,-0.117767058554359,0.116635343449192,0.192352838352497
"interest_burden","asset_liability_ratio",11,-0.000710070003699312,3.23716248607055e-05,-0.176182218902765,-0.105990757326473,0.102671446281954,0.174393639632053
"interest_burden","asset_liability_ratio",12,-0.000739624995475861,-0.000288143823843755,-0.166191474568731,-0.0961021935799697,0.0942604379381843,0.165621082439016
"interest_burden","asset_liability_ratio",13,-0.000716702805343954,0.000262305773961996,-0.152338485046505,-0.0870214424134287,0.0840718347943594,0.148449151339083
"interest_burden","asset_liability_ratio",14,-0.000720739520684567,0.00115442027768458,-0.145118390986593,-0.080177013221269,0.0780317533439117,0.138253246380294
"interest_burden","asset_liability_ratio",15,-0.00068289429615325,0.000877449487266558,-0.13665120428498,-0.0751562822151799,0.0727879511470278,0.128099257105304
"interest_burden","asset_liability_ratio",16,-0.000665219518725131,0.00115069804906718,-0.129167349078754,-0.0696301228132198,0.068578090694518,0.120748921956209
"interest_burden","asset_liability_ratio",17,-0.000610663957769093,0.00118977650473726,-0.124495211733221,-0.0661025719529287,0.065456786836225,0.116696941779129
"interest_burden","asset_liability_ratio",18,-0.000559475550564698,0.00150799073384513,-0.118153831193495,-0.0634095261284911,0.0622951377835313,0.111360565092188
"interest_burden","asset_liability_ratio",19,-0.000479353836110737,0.000832330082481086,-0.114494451775996,-0.0608596775268086,0.0597008765310033,0.110451401226559
"interest_burden","asset_liability_ratio",20,-0.000412862382478158,0.000900723589339246,-0.110664489681621,-0.0572613377204921,0.0570099559135312,0.106841031334909
"interest_burden","asset_liability_ratio",21,-0.000331289281211705,0.000528945644616626,-0.108348888346059,-0.0555848551205192,0.0552224671120757,0.105736637597471
"debt_growth","gdp_growth",1,0.0003530855180892,0.00146309372111151,-0.154659370646732,-0.0985176789634254,0.0984452566971488,0.153387266758179
"debt_growth","gdp_growth",2,-0.000102489509451458,-9.7161592449344e-05,-0.0850839653639061,-0.0530813167133015,0.052957217918596,0.0850685098737104
"debt_growth","gdp_growth",3,-0.000356456183156741,0.000139073255388122,-0.090532159939629,-0.0574257535677126,0.0565188277913104,0.0902871261803451
"debt_growth","gdp_growth",4,-7.30529583008252e-05,-0.000194324843060047,-0.0983932162410913,-0.061035251771351,0.0621025953038064,0.0971982284894284
"debt_growth","gdp_growth",5,0.000127144025659042,0.0002885358521072,-0.0963895341015846,-0.0608246823333963,0.0613384607092997,0.0979065342543355
"debt_growth","gdp_growth",6,0.000193191333079242,0.000320302243064011,-0.0958440087245402,-0.0599650500204549,0.0612027877023183,0.0954652229991779
"debt_growth","gdp_growth",7,7.41792284820515e-06,-0.00016268639687564,-0.0875800436049968,-0.0544427189982034,0.0553306538706607,0.088550770235145
"debt_growth","gdp_growth",8,0.000114774067351601,0.000125593053689142,-0.0880237855377896,-0.0534355024704776,0.0541964708973076,0.0878834350565538
"debt_growth","gdp_growth",9,0.000143991526212284,-0.000253657871360509,-0.0781555591567673,-0.0457883332984826,0.0461489016860591,0.0773951606350826
"debt_growth","gdp_growth",10,0.00023771513869186,0.00036221406727183,-0.0728792307698046,-0.0421468032967395,0.0429712288584791,0.0737988226337091
"debt_growth","gdp_growth",11,0.000111164424421503,0.000135514486132385,-0.0647978949221723,-0.0367773831522221,0.0378978513196152,0.064628028996255
"debt_growth","gdp_growth",12,0.000151216788470515,0.000373115719903978,-0.0616541984192964,-0.0344576037478276,0.0339579774409819,0.0608183179876131
"debt_growth","gdp_growth",13,8.94525704932973e-05,0.000487301294838604,-0.0561281879060531,-0.0315923188919848,0.0310996387244226,0.0556542805924662
"debt_growth","gdp_growth",14,0.00013675341650963,0.00067515249064192,-0.0519791537670876,-0.0294127941980809,0.0289095236902297,0.0515871955625247
"debt_growth","gdp_growth",15,3.82697786066279e-05,0.000564865513213441,-0.0505164578004245,-0.02826283293228,0.0277445802191333,0.0496438725317871
"debt_growth","gdp_growth",16,6.11344611617678e-05,0.000711278079524289,-0.0486219015476956,-0.0267948276817357,0.0268318867411127,0.0476448739682552
"debt_growth","gdp_growth",17,7.61036104177134e-06,0.000418841900339199,-0.0479634806978683,-0.0270879007555146,0.0265326375391864,0.0473427343823725
"debt_growth","gdp_growth",18,5.5308036423916e-05,0.000412040275645122,-0.0462801402923653,-0.0262430073066948,0.0256726405769951,0.0458917131063818
"debt_growth","gdp_growth",19,1.22607854628539e-05,0.00028301094472153,-0.0466969250601892,-0.0263804931841105,0.0257189604738346,0.046435785311952
"debt_growth","gdp_growth",20,5.79611155102576e-05,0.000378652667895569,-0.0450015007717985,-0.0258933201562627,0.0249830015489487,0.0448293357099201
"debt_growth","gdp_growth",21,4.65908284088942e-05,0.000467544143437141,-0.0455330981342535,-0.0256986310437016,0.0247067920171064,0.0450190346455964
"debt_growth","consumption_growth",1,0.00103864374064359,0.00176055417493525,-0.154382329538269,-0.0971910422043836,0.100038090673496,0.154912145291122
"debt_growth","consumption_growth",2,0.00106789275280871,0.00140330902604471,-0.0866972692080406,-0.0534058184180248,0.0552046036284044,0.0869802805477798
"debt_growth","consumption_growth",3,0.00115830252473438,0.00153159930339333,-0.0920165943944922,-0.056469591197254,0.0584416664152356,0.0919988093834417
"debt_growth","consumption_growth",4,0.00126982411606731,0.00181877045556039,-0.0982211815168554,-0.0610370913345398,0.063892186990664,0.100094372184939
"debt_growth","consumption_growth",5,0.00121418202406864,0.00110410822570187,-0.0973024151831966,-0.0600138723071659,0.0631708138197439,0.0980198867847682
"debt_growth","consumption_growth",6,0.00121700871154268,0.00184175215528853,-0.0970358732494056,-0.0598613073780259,0.0616821592711486,0.0988233509989426
"debt_growth","consumption_growth",7,0.00112630296498389,0.00115411008408527,-0.088813694396403,-0.0535594554325928,0.0552407933533119,0.0894891897956908
"debt_growth","consumption_growth",8,0.00110377765554277,0.00189424933500354,-0.088293203019907,-0.0518088919513001,0.0536178321160815,0.0886532049664059
"debt_growth","consumption_growth",9,0.00102289374511139,0.00158849837308502,-0.0774055866284009,-0.0445378449616324,0.0471657683881071,0.0785868288003434
"debt_growth","consumption_growth",10,0.000993917269048367,0.00160496534688872,-0.0720976819597076,-0.0420242220192208,0.043288559192492,0.0736471367427127
"debt_growth","consumption_growth",11,0.00095262308752543,0.00110904185118688,-0.0645096165655316,-0.036224519694291,0.0384687788617763,0.0658299901100538
"debt_growth","consumption_growth",12,0.00091339324002601,0.000932343500211986,-0.0597200092606035,-0.033670160294449,0.0357402469418843,0.0612629332885497
"debt_growth","consumption_growth",13,0.000880411538403097,0.00113039813033413,-0.0552404051277764,-0.0308961594498087,0.0321273539187914,0.0563220397517902
"debt_growth","consumption_growth",14,0.000870045676697508,0.000935703667348212,-0.0508172167732192,-0.0281762551371819,0.0300395275486151,0.0525993044020005
"debt_growth","consumption_growth",15,0.000859684719928215,0.0010835833794661,-0.0492990551700186,-0.0273629718409379,0.0292443261901205,0.0506629535046025
"debt_growth","consumption_growth",16,0.00083105030150452,0.00114006395900772,-0.04690102568035,-0.0260233572278151,0.0276614539175712,0.0486949359774104
"debt_growth","consumption_growth",17,0.000814397716225692,0.000921685016249873,-0.0468617456921865,-0.0258036445207787,0.0274030015469225,0.0480316844060278
"debt_growth","consumption_growth",18,0.000797558048033758,0.000870819945276018,-0.0454196882226539,-0.0246847421235324,0.0265314347362084,0.0464450210585538
"debt_growth","consumption_growth",19,0.000785753845808659,0.000809549605852504,-0.0454931574546372,-0.0250568697278743,0.0267252224693478,0.0468825432053761
"debt_growth","consumption_growth",20,0.000750890261665501,0.00100495337080195,-0.0445096381711337,-0.023974172340797,0.0259969635404556,0.04568979211124
"debt_growth","consumption_growth",21,0.000727730255150771,0.000803209035105378,-0.045102234763202,-0.0242908521240277,0.0259749400251163,0.0455065498274454
"debt_growth","cpi_growth",1,0.000712419859965111,0.000151020364724034,-0.152141067193196,-0.0985936579407142,0.0992984283797189,0.155595318166028
"debt_growth","cpi_growth",2,-0.000143671890213302,-0.000488700046727111,-0.08649749414524,-0.0537067998879279,0.0539560159864596,0.0852124731529609
"debt_growth","cpi_growth",3,0.00028264176254089,7.76973497572753e-05,-0.0919453559438346,-0.0560331991962189,0.0572470900451922,0.0926696982343021
"debt_growth","cpi_growth",4,0.000114203558292402,-0.000786727861083635,-0.0967029932378009,-0.0608978808099574,0.0619386696804051,0.0988307410834102
"debt_growth","cpi_growth",5,0.000235708730199088,0.000111684043057043,-0.0976672618251858,-0.0610959982134128,0.0619613910271158,0.0987427661915088
"debt_growth","cpi_growth",6,-0.000125211039535283,-0.00061986414803906,-0.0954616772916444,-0.0600059247242384,0.0601107048875862,0.0972263758010255
"debt_growth","cpi_growth",7,0.00014239101147573,0.000220574514827167,-0.0885876556542201,-0.0540934096735876,0.0551386666212993,0.0887837596514908
"debt_growth","cpi_growth",8,-1.33442734856997e-05,-0.000437079690472999,-0.086798210807351,-0.0528975501322859,0.0531827414824998,0.0880077934556102
"debt_growth","cpi_growth",9,6.52556530738546e-05,0.000239800459286474,-0.0771593794680204,-0.0459526150113554,0.0463941007510774,0.0772194739728797
"debt_growth","cpi_growth",10,-9.8769586066954e-05,-0.000214908465997995,-0.0719011159956548,-0.0423644862977446,0.0418081326461065,0.0727375834971072
"debt_growth","cpi_growth",11,4.79921543326279e-05,0.000150175943351372,-0.0649879920961012,-0.0372049138345,0.0368469448155359,0.0653908258670054
"debt_growth","cpi_growth",12,-3.68169712473178e-05,-5.40911692634233e-05,-0.0599236452099967,-0.0345400288024449,0.0340728117091391,0.0604104728824169
"debt_growth","cpi_growth",13,1.91862326228137e-05,0.000150358509196987,-0.0557912733311054,-0.0319240479035433,0.0312951360249754,0.0563758261992115
"debt_growth","cpi_growth",14,-7.17390240710046e-05,-0.000162871046831358,-0.0514448734969536,-0.0294984123514269,0.0288537651528577,0.052681401409033
"debt_growth","cpi_growth",15,4.89180829112441e-06,0.000432973338643785,-0.0507479018251258,-0.0289378994041555,0.0285471043178058,0.0512738045447873
"debt_growth","cpi_growth",16,-4.00447541692507e-05,0.000182072932277757,-0.0481823330864622,-0.0271460130835731,0.0265276450095367,0.0494950664458984
"debt_growth","cpi_growth",17,1.01494618605082e-06,0.000324474955814462,-0.048442666868424,-0.0276196596030944,0.0271221198078004,0.0479942809237144
"debt_growth","cpi_growth",18,-4.19553652197856e-05,0.000167956468004889,-0.046881396892767,-0.0263974431487927,0.0261964350774781,0.0463546784293419
"debt_growth","cpi_growth",19,1.74194082813954e-05,0.00016103682938687,-0.0470785687460482,-0.0262395975279407,0.0261851705926179,0.0465933387444962
"debt_growth","cpi_growth",20,1.50236322338177e-05,0.000168612353064495,-0.0459651493143238,-0.0253966913808793,0.0254628273588123,0.0460542117153641
"debt_growth","cpi_growth",21,6.98822745488975e-05,0.000241042592047923,-0.0457829881479588,-0.0254253725742811,0.0253389215133171,0.0462467016507795
"debt_growth","saving_rate",1,0.000301624562950829,0.000397426315462941,-0.152427979978524,-0.0973326148344019,0.0978572525846254,0.154229238791389
"debt_growth","saving_rate",2,-0.000372419272985234,-0.000271497072832656,-0.0863810821523268,-0.0540293801866725,0.05399761286066,0.0849965838194895
"debt_growth","saving_rate",3,-0.000168792049001556,0.000177313390832734,-0.0915292840118149,-0.0569391714586811,0.0567761466509323,0.0907555476950256
"debt_growth","saving_rate",4,-0.000704456247107418,-0.00123910033925188,-0.0983629624205548,-0.0620090624679977,0.0610375200457374,0.0980225396167639
"debt_growth","saving_rate",5,-0.000282895606770687,-0.000396135268440071,-0.09651955745273,-0.0612391224535338,0.0602167918065959,0.0980779247206176
"debt_growth","saving_rate",6,-0.000731015588122578,-0.000611229547702423,-0.0976390050954887,-0.0606030688675317,0.060494414328967,0.0962500282142424
"debt_growth","saving_rate",7,-0.000503059164260434,-0.000478741255944125,-0.0876551369973637,-0.0545023185944217,0.0537228146508977,0.0885154631721489
"debt_growth","saving_rate",8,-0.000719549406141892,-0.000954481698696739,-0.0882192079508137,-0.0541633047275338,0.0532865462510227,0.087897194504216
"debt_growth","saving_rate",9,-0.000426223261235752,-0.000434809356365148,-0.0769980645811046,-0.0463860655131066,0.045411592481222,0.0776606243903269
"debt_growth","saving_rate",10,-0.000602322154228735,-0.000704491392332252,-0.0736309461304204,-0.0429457890608814,0.0421762475709913,0.0723510803067063
"debt_growth","saving_rate",11,-0.0003913885497146,-0.000368818879607125,-0.0659303826267987,-0.0378477655427016,0.0365752341024041,0.0648161848370946
"debt_growth","saving_rate",12,-0.000491782947345857,-0.000439616920496151,-0.0616756741945891,-0.0349963457592211,0.033878664674062,0.0608794420111673
"debt_growth","saving_rate",13,-0.000277536045974865,-6.57552814387412e-05,-0.0564815781536993,-0.0321408798793751,0.0314000303515151,0.0559623297794559
"debt_growth","saving_rate",14,-0.000369473310432585,-0.00020715152965207,-0.0525896953759777,-0.0302543127642537,0.0291625202862686,0.0521623346056599
"debt_growth","saving_rate",15,-0.00021658101931608,2.49823721380379e-06,-0.0502038819476522,-0.0290673492798106,0.0287342527287411,0.0506301631914612
"debt_growth","saving_rate",16,-0.000290839419360551,-0.000130346317612269,-0.0484089823246973,-0.0273061163746634,0.0270859235237982,0.0481995631576831
"debt_growth","saving_rate",17,-0.00015611735288324,-3.94753840285135e-06,-0.0475979764328475,-0.0274966153048067,0.0270237861480243,0.0478190950649762
"debt_growth","saving_rate",18,-0.000224417824592935,-3.84479258570254e-05,-0.0467230843975394,-0.0263898552744412,0.0258575855719874,0.0463212969869744
"debt_growth","saving_rate",19,-0.000126235213705282,-4.17294205150742e-05,-0.0464217692469019,-0.0265109511112247,0.0262915343029408,0.0465989668658562
"debt_growth","saving_rate",20,-0.000181865624336451,0.000183782926289963,-0.0456953871805788,-0.0258420326717517,0.0251880592914845,0.045717657744469
"debt_growth","saving_rate",21,-9.07689119575684e-05,0.000180840750976674,-0.0458028787715945,-0.0260009312866829,0.02542608865655,0.0459933623741436
"debt_growth","policy_rate",1,-0.0820299992898353,-0.0773356476829124,-0.169776671411001,-0.133920071507405,-0.0306077571780986,-0.0116217483098827
"debt_growth","policy_rate",2,-0.0522961510916908,-0.0503702314915479,-0.0980705823159208,-0.078510946718694,-0.0260352481633605,-0.012865281015436
"debt_growth","policy_rate",3,-0.0554377441596405,-0.0535921479340923,-0.102998438700894,-0.0821925185621847,-0.0283736093492296,-0.0142195289645948
"debt_growth","policy_rate",4,-0.0270441533764426,-0.0229069095488721,-0.0663253593309112,-0.0472833617988486,-0.00697748383190133,-0.00224820061051116
"debt_growth","policy_rate",5,-0.0399037936399806,-0.0383013327308909,-0.086622338671733,-0.0660640737264266,-0.0135030978885834,0.00107867629919041
"debt_growth","policy_rate",6,-0.0162478352740668,-0.0145199953830281,-0.0572419353074017,-0.0382957537477673,0.00635047344547459,0.0181380325309407
"debt_growth","policy_rate",7,-0.0147333636086772,-0.0137572328583209,-0.0557277960533614,-0.0381923749649018,0.00855108556273024,0.0231910790569694
"debt_growth","policy_rate",8,0.00267623559368433,0.00353662021217682,-0.0368647343201897,-0.019360668969636,0.0244237224486656,0.0389141762799705
"debt_growth","policy_rate",9,-0.00317732234814767,-0.00291975629475617,-0.0432515630825002,-0.0267376111364765,0.0205677863962946,0.0366582752543367
"debt_growth","policy_rate",10,0.00692531445674996,0.00691164880523887,-0.0327469978786766,-0.0161241653060546,0.0297063356566726,0.0466464614163118
"debt_growth","policy_rate",11,0.00384775971411545,0.00367752466396896,-0.0360971470243404,-0.0196511773496488,0.027189185473764,0.0439485516986578
"debt_growth","policy_rate",12,0.0101626259766181,0.00993253656528108,-0.0290094558195007,-0.0129364287451141,0.0330733253291506,0.0501129648607032
"debt_growth","policy_rate",13,0.00438181574284752,0.00401814391493206,-0.03491995754153,-0.0184295774999709,0.0272021569752999,0.044777534218106
"debt_growth","policy_rate",14,0.00718379984958142,0.00694191456560594,-0.0313850677778343,-0.0151186263155301,0.029463994660396,0.0472859457257057
"debt_growth","policy_rate",15,0.00277072635214986,0.00233812967843986,-0.0353058506029967,-0.0190984358477006,0.0247969644036528,0.0419746256144024
"debt_growth","policy_rate",16,0.00438959759571868,0.00399995374171395,-0.0328594384296381,-0.0168949352059449,0.0259731369266756,0.0428861443996795
"debt_growth","policy_rate",17,-0.000136109157559634,-0.000526608970073426,-0.0370226636491301,-0.0210070347401268,0.021172013430893,0.0375424419718047
"debt_growth","policy_rate",18,0.000460095778851796,0.000168214614841043,-0.0359340320167002,-0.020067785698342,0.0209440346053883,0.037259286271165
"debt_growth","policy_rate",19,-0.00286372938380379,-0.00288030690296203,-0.0388096346479739,-0.0231151576985222,0.0170205873463608,0.0340348790376045
"debt_growth","policy_rate",20,-0.00231741683376267,-0.00215294190778658,-0.0381120521589805,-0.0220839086063263,0.0171780597289473,0.0338855442355375
"debt_growth","policy_rate",21,-0.00501058661865437,-0.00479555089745555,-0.0410365357445557,-0.0245715331220513,0.0144895040631354,0.0309896308528865
"debt_growth","interest_burden",1,-0.000692907740033434,-0.00044806470846416,-0.151532654521872,-0.0990220889222688,0.0979324934370059,0.152190426493721
"debt_growth","interest_burden",2,-0.00108311680535619,-0.00157648154009829,-0.0868975613471706,-0.0540133691874299,0.0524189642184106,0.0848610896029737
"debt_growth","interest_burden",3,-0.000654153320620348,-0.000757163536588205,-0.0914421241394524,-0.0580992951847752,0.0559394616640248,0.0908352870981102
"debt_growth","interest_burden",4,-0.00099131183660423,-0.00127085669485255,-0.0980761663895342,-0.0615712876038877,0.0603208019483792,0.0977355671531152
"debt_growth","interest_burden",5,-0.000730119168901372,-0.000858787988176585,-0.0971252367676634,-0.0622585172164983,0.0599224946763142,0.0971878828341336
"debt_growth","interest_burden",6,-0.00085493246689162,-0.0014452696461658,-0.096878268731836,-0.0606883518976227,0.0588896246026348,0.096692980933775
"debt_growth","interest_burden",7,-0.000538580042575328,9.59739667271311e-05,-0.0894017478947274,-0.0549387279864153,0.0537208655721386,0.0878636009783924
"debt_growth","interest_burden",8,-0.00069953976128897,-0.0012947489930783,-0.0883901006914755,-0.0537953148113037,0.0524079854867767,0.0881806304539759
"debt_growth","interest_burden",9,-0.000393584733318675,-0.000387656912087152,-0.0777045963821243,-0.0461658051353572,0.0451146870103483,0.0779808650428989
"debt_growth","interest_burden",10,-0.000437209781912763,-0.000739537187472829,-0.0734023043125472,-0.0429651023209046,0.0418410619182702,0.0738561963984305
"debt_growth","interest_burden",11,-0.00014595643449245,-0.000253144377935766,-0.0650273548423994,-0.0381088210314689,0.0374193207361579,0.0667008490243428
"debt_growth","interest_burden",12,-0.00020216554478112,-7.49060962030857e-05,-0.0611740135215413,-0.0347632680334144,0.0345340441186739,0.0626005086675588
"debt_growth","interest_burden",13,3.36690601693305e-05,0.000194629249619485,-0.056025284142794,-0.0323217672214829,0.0317335612994742,0.0571803972808207
"debt_growth","interest_burden",14,-1.20154541447594e-05,-0.000215911883194168,-0.0526977175000421,-0.0296370678699955,0.0295105966963393,0.0533461975708085
"debt_growth","interest_burden",15,0.000178234822254406,-3.84188256783949e-05,-0.0506231569724579,-0.0285818882282534,0.0287940373936455,0.0511701099227131
"debt_growth","interest_burden",16,0.000108036098664253,-0.000145226330607524,-0.0491358616678841,-0.0270112896257505,0.0274663282554963,0.0493160723382584
"debt_growth","interest_burden",17,0.000256715562533828,0.000285319632884094,-0.0483135727223317,-0.0271156954831183,0.0275418247576867,0.0486615773733055
"debt_growth","interest_burden",18,0.000187166733191847,0.000255116994482456,-0.0471566846609846,-0.0257614515834432,0.0264216709602461,0.0474108337792354
"debt_growth","interest_burden",19,0.000303235379819941,0.000526709482944256,-0.0473117214925941,-0.0259688762364454,0.0264332122518459,0.0474796009305312
"debt_growth","interest_burden",20,0.000223968787183326,0.000367229562427002,-0.0466427931474911,-0.0252902028953243,0.0254681343952064,0.0459573475338691
"debt_growth","interest_burden",21,0.00031701879921091,0.000254193245025412,-0.0466717800036863,-0.0250662521386388,0.0255920169386027,0.0465339345867522
"debt_growth","debt_growth",1,0.000551328980572168,-0.000498999032970231,-0.151333851459283,-0.0956629331724956,0.0985172703169424,0.151446860333552
"debt_growth","debt_growth",2,-0.000169997656170027,0.000213554184091468,-0.0863612917430896,-0.054201161363985,0.0540151647221452,0.0858310472889922
"debt_growth","debt_growth",3,0.000185111984649121,-0.000118716587496635,-0.092084739811653,-0.0565580731017143,0.0574038098503093,0.0911323915923068
"debt_growth","debt_growth",4,-1.10966258248508e-05,9.33173080452923e-05,-0.0974810579408837,-0.0613914157419202,0.0627345756155463,0.0975913721900074
"debt_growth","debt_growth",5,-7.44203700343356e-05,1.08773273056917e-05,-0.0979439637285807,-0.0608412980824393,0.061078092592558,0.0982330804758074
"debt_growth","debt_growth",6,-8.1736856093455e-05,2.67604141093603e-05,-0.0969796485259345,-0.0606269074126176,0.0608243743243526,0.0973508529575146
"debt_growth","debt_growth",7,0.000126873103437268,0.00023108601123922,-0.0891922355075487,-0.0537482993701453,0.0544221235286388,0.0888450280413765
"debt_growth","debt_growth",8,8.0021504087321e-05,0.000134839721115181,-0.0863455070717671,-0.0540871452096342,0.0536989305177431,0.0881009777545392
"debt_growth","debt_growth",9,0.000118750555056346,-0.000201990073227947,-0.0782273424832184,-0.0459504556075837,0.0465155368364688,0.0775590738892981
"debt_growth","debt_growth",10,0.000100729900094676,0.000547875907551461,-0.0727829641417574,-0.0428125861716633,0.0427592692763564,0.0730759415073928
"debt_growth","debt_growth",11,0.000207333820377039,0.000471923100778697,-0.0654430942877094,-0.0371276119119844,0.037518484801839,0.06533670986368
"debt_growth","debt_growth",12,0.000141176309001121,0.000692983927152088,-0.0610354523319198,-0.0346254275152778,0.0342541754049064,0.0602733121023768
"debt_growth","debt_growth",13,0.000143267162248361,-9.48677883977687e-05,-0.0552273785697183,-0.0313336801242422,0.031798556406458,0.0549728490999043
"debt_growth","debt_growth",14,6.85303524389928e-05,-0.000177497963688671,-0.0516011635786579,-0.0290157474379744,0.029530198294519,0.0516078274536363
"debt_growth","debt_growth",15,8.59780319598913e-05,-0.000215064880127054,-0.0487907039055356,-0.027816481289767,0.0280784197065241,0.05073953947381
"debt_growth","debt_growth",16,2.9880432222031e-07,-0.000279842923199487,-0.0471057315039511,-0.0267915094381391,0.0270964112765739,0.0478676804966331
"debt_growth","debt_growth",17,-1.9271262416038e-05,-0.000248030803455796,-0.04713361448987,-0.0267782753521315,0.0266090769702118,0.0476150593587456
"debt_growth","debt_growth",18,-8.9956049880166e-05,-0.000195085966026091,-0.0461073764824997,-0.0259309428890105,0.0259063466105637,0.046452869163166
"debt_growth","debt_growth",19,-8.40617046383397e-05,-0.000275989515440608,-0.0460287234071525,-0.0258696205557397,0.0257737473540946,0.0465299535362383
"debt_growth","debt_growth",20,-0.00013226646994227,-0.000188674521653417,-0.044963184375023,-0.025273435047874,0.0249672116834904,0.0456384466614218
"debt_growth","debt_growth",21,-0.000122466355101076,-0.00028867798427301,-0.0450762178802128,-0.0253535718745574,0.0251635071415736,0.045891319330787
"debt_growth","real_house_price_growth",1,0.00051103367964536,-0.000658409903466557,-0.151218335476787,-0.0959788506510522,0.0989302810702366,0.155362893854025
"debt_growth","real_house_price_growth",2,-0.000409581808262392,-0.000413121883316868,-0.0869753924984366,-0.0542619989522328,0.0528503062047928,0.0858560068587755
"debt_growth","real_house_price_growth",3,-0.000161720277723897,0.000242214708194103,-0.0911043883152927,-0.0579662802565429,0.0570172870619869,0.0916169218291561
"debt_growth","real_house_price_growth",4,-0.000496508988476936,-0.000389222729532443,-0.0980599040508212,-0.0620346696170611,0.0612667282378697,0.0973361632561221
"debt_growth","real_house_price_growth",5,-0.000228027476785176,-0.000133828696734353,-0.0979137134135897,-0.061414467469695,0.0605557262424243,0.0968102890085766
"debt_growth","real_house_price_growth",6,-0.000501788581727471,-1.24710798760316e-05,-0.0970724763987216,-0.0604313229078694,0.0599621890638638,0.0969393923657492
"debt_growth","real_house_price_growth",7,-0.000324664787194708,-0.000187626848684057,-0.0892579192466491,-0.0551219855618721,0.0543849245217279,0.088758195783476
"debt_growth","real_house_price_growth",8,-0.000352831516907907,-0.000755559897302167,-0.0877541842213538,-0.0543673915597532,0.0533637322065112,0.0888132495373361
"debt_growth","real_house_price_growth",9,-0.000196580190700368,0.000100836885164971,-0.0776748433874184,-0.0471249249437084,0.0457568042778357,0.077778221432536
"debt_growth","real_house_price_growth",10,-0.000267132347672694,-7.8468185270964e-05,-0.0729691709759702,-0.0429959307444021,0.0419821061389618,0.0722628371943509
"debt_growth","real_house_price_growth",11,-0.000160235002397765,-3.25198344165563e-05,-0.0660440362822526,-0.0384687441418268,0.0374609342517741,0.0652147197298319
"debt_growth","real_house_price_growth",12,-0.000126923860838533,-0.000124378584354911,-0.0610688420232762,-0.0347374634987751,0.0343878179193637,0.0612378477580051
"debt_growth","real_house_price_growth",13,-1.04490971121524e-05,-0.000208457902277838,-0.0560363528322865,-0.0321974885817804,0.0317161784198638,0.0564523262291306
"debt_growth","real_house_price_growth",14,-2.79025604156539e-05,-0.000220095589143657,-0.0521212030013537,-0.0289783060131371,0.0289238139390272,0.0529082853247923
"debt_growth","real_house_price_growth",15,3.54995975969775e-05,-0.000114996000706215,-0.0502169917157365,-0.0283854944249878,0.0285504362525265,0.0507795321762853
"debt_growth","real_house_price_growth",16,3.38334139087124e-05,-0.000118294682706283,-0.0476313126435449,-0.0263798040569707,0.0271207665032556,0.0480745937153835
"debt_growth","real_house_price_growth",17,7.9898832760441e-05,0.000121393602330257,-0.0470180557735782,-0.0266909512641128,0.0267476264473478,0.0475863032927221
"debt_growth","real_house_price_growth",18,4.38253621223639e-05,0.00042347623982753,-0.0458990650979834,-0.0252600940052675,0.0253732289755058,0.0454410399369783
"debt_growth","real_house_price_growth",19,5.02102204505863e-05,0.00028279101273483,-0.0458628226003977,-0.0256515182286151,0.0258950293141546,0.0457744151271403
"debt_growth","real_house_price_growth",20,1.86891768426259e-05,0.00029605197889586,-0.0449663517713723,-0.024672153633609,0.0249178557857432,0.0444996623449432
"debt_growth","real_house_price_growth",21,2.07955678808014e-05,0.000332393772112686,-0.045079141048722,-0.0251003962894771,0.0251077734926894,0.0444662206840764
"debt_growth","asset_liability_ratio",1,0.000311647651716048,0.00029056244585919,-0.152210795636671,-0.0987859927397453,0.0995234615343892,0.153360831539909
"debt_growth","asset_liability_ratio",2,0.000167359234938003,-5.97900230861507e-05,-0.0852692566225624,-0.0536780501007196,0.0540629682404116,0.0856718483235969
"debt_growth","asset_liability_ratio",3,0.000135088220082151,0.000125182121192433,-0.0918436423468297,-0.0568193130181451,0.0581203339503446,0.091779778382888
"debt_growth","asset_liability_ratio",4,0.000163446556080667,0.000552103850491254,-0.0969018866685942,-0.0604801893654134,0.061465442114695,0.0984719467180894
"debt_growth","asset_liability_ratio",5,8.71766540000142e-05,-0.000204228530542511,-0.0978270602996026,-0.062208802193657,0.0614365470295867,0.0994275823891317
"debt_growth","asset_liability_ratio",6,-1.5471545946408e-05,-0.000310938425310319,-0.0959892864988927,-0.0604053039068024,0.0601126067010472,0.0970247420402122
"debt_growth","asset_liability_ratio",7,3.42402222254754e-05,-0.000427233000244301,-0.0895905187324971,-0.054721182524966,0.0550822254547625,0.089044272907808
"debt_growth","asset_liability_ratio",8,2.11453710239629e-05,-9.67418936259545e-05,-0.0873619687259212,-0.0529683001226293,0.0536219024049695,0.087366632600856
"debt_growth","asset_liability_ratio",9,-3.7437378766976e-05,-0.000533319094830701,-0.0774063900368776,-0.0460597285598186,0.0464490493396583,0.078180476648773
"debt_growth","asset_liability_ratio",10,-0.000103421416116137,-6.68554132703072e-05,-0.0726647025585203,-0.0423913305017983,0.0427933208733777,0.0720482769236218
"debt_growth","asset_liability_ratio",11,-0.000124455439560602,-0.000436112422786054,-0.0636983929212234,-0.0371085125679299,0.0381324427763129,0.0644380455030112
"debt_growth","asset_liability_ratio",12,-0.000182664584835247,-0.000292248943075285,-0.060480737463742,-0.0344059392759439,0.0347051820846794,0.059965457203609
"debt_growth","asset_liability_ratio",13,-0.000238528445693842,-0.000378799976399705,-0.0550401105134804,-0.0318242707294731,0.0314705080330792,0.0553404247213753
"debt_growth","asset_liability_ratio",14,-0.000307675436364653,5.91085971152319e-06,-0.0526966099293941,-0.0290692364935274,0.0291169331805307,0.0518871872366934
"debt_growth","asset_liability_ratio",15,-0.000333887282425389,-0.000107727258669098,-0.0501652849507572,-0.028448102936098,0.0283806623741314,0.0494421048387226
"debt_growth","asset_liability_ratio",16,-0.000373260045988968,-0.000172416897497773,-0.0486690932297434,-0.0271952530837196,0.0267015167584629,0.047413826789304
"debt_growth","asset_liability_ratio",17,-0.00039673384912237,-5.62075124511106e-06,-0.0483800019297761,-0.0275604271310081,0.0265918324556983,0.0472964086951736
"debt_growth","asset_liability_ratio",18,-0.00043305717366157,8.11457292903732e-05,-0.0468338303077881,-0.0267532263244034,0.0252881419988655,0.0458321138445021
"debt_growth","asset_liability_ratio",19,-0.000445204607327646,-5.0276226141395e-06,-0.0468584407746168,-0.026502653587527,0.0253705833042359,0.0456601700994418
"debt_growth","asset_liability_ratio",20,-0.000466584900396317,-0.000106843174139788,-0.0459213879356753,-0.0258577489347797,0.024522344645715,0.0443988264336583
"debt_growth","asset_liability_ratio",21,-0.000475747637497316,-0.000192397713050149,-0.0461300294394323,-0.0257119540032087,0.0246927747018781,0.0443262494622894
"real_house_price_growth","gdp_growth",1,0.00470062085615108,0.00856213474761981,-0.687261314145873,-0.45003300143934,0.458909673428333,0.698780435518695
"real_house_price_growth","gdp_growth",2,0.000937444475549783,0.000246320005734317,-0.478831105389895,-0.29637746099908,0.300750939072603,0.474426806150088
"real_house_price_growth","gdp_growth",3,-0.000966326652044964,0.00275280257284368,-0.527303893047811,-0.333101379659647,0.32826853963972,0.514513818291386
"real_house_price_growth","gdp_growth",4,-0.000115570883864299,-0.000743499745829759,-0.36446402029814,-0.227006039005053,0.228736603579088,0.366123941463414
"real_house_price_growth","gdp_growth",5,0.00187419531763954,0.00141834816602303,-0.319666818780182,-0.197734016555366,0.198631664497598,0.323390360394882
"real_house_price_growth","gdp_growth",6,0.00143844253742671,0.000346977979518024,-0.237902715533962,-0.142444226325401,0.146444891056052,0.244495309112031
"real_house_price_growth","gdp_growth",7,0.000469067720103101,-0.00108727818270239,-0.238990072722024,-0.144716468715366,0.144905995904646,0.243119487480763
"real_house_price_growth","gdp_growth",8,0.000375899941078908,0.000209782208909843,-0.182988870717156,-0.108650977552793,0.106851590838801,0.183108378513307
"real_house_price_growth","gdp_growth",9,0.000808872945220856,0.0007621735621645,-0.16135865741156,-0.0907770705495325,0.0908613413763777,0.158885674160084
"real_house_price_growth","gdp_growth",10,0.000629202657247354,0.000397941486138311,-0.147000754771679,-0.0830425059784769,0.0845742484359886,0.148817679544293
"real_house_price_growth","gdp_growth",11,7.19969487696138e-05,0.000418345985119644,-0.138379336536882,-0.0788849435978038,0.0769041260543603,0.135818198897726
"real_house_price_growth","gdp_growth",12,-0.000327204756254495,0.000473071289476192,-0.136663952092089,-0.0780234777077644,0.0775388723332277,0.135920771410258
"real_house_price_growth","gdp_growth",13,-0.000179825198977908,0.00112589968098633,-0.128187042088229,-0.0726928466249671,0.0706688366792666,0.126064402181451
"real_house_price_growth","gdp_growth",14,-0.000334985124602755,0.000312991552985615,-0.129819961586942,-0.0725742017540254,0.0700968197184185,0.126815492177966
"real_house_price_growth","gdp_growth",15,-0.000504320666085658,2.58167173381191e-05,-0.117627271083506,-0.0648532258832042,0.0629027519254239,0.114099505192507
"real_house_price_growth","gdp_growth",16,-0.000711797750620095,-3.20312741448892e-05,-0.116845501463545,-0.0628235886940073,0.0604999140618802,0.111865652610017
"real_house_price_growth","gdp_growth",17,-0.000541883082225259,0.000245356894352075,-0.108785646139846,-0.0573304630413917,0.0560644308667489,0.104082778306187
"real_house_price_growth","gdp_growth",18,-0.000510370174850617,-0.000335736306408904,-0.107057865224381,-0.0563152281047243,0.0539068940070063,0.102332790360597
"real_house_price_growth","gdp_growth",19,-0.000409430860375779,-0.00055108256389868,-0.0964484595382296,-0.0499479740171792,0.0492490196914195,0.092916993964193
"real_house_price_growth","gdp_growth",20,-0.000377071952206346,-0.000393104107449554,-0.0948879843834354,-0.0486729481776515,0.0477384244287312,0.0913006764661583
"real_house_price_growth","gdp_growth",21,-0.000153377528738,-0.000399405828335015,-0.0873212931019438,-0.0461962314178606,0.0452601252896858,0.0871967605210486
"real_house_price_growth","consumption_growth",1,0.0119602378173889,0.00981715809794155,-0.670782454273445,-0.42412657681733,0.453405200823871,0.705042047968541
"real_house_price_growth","consumption_growth",2,0.00756847485392953,0.00826402590394166,-0.470632405222961,-0.292418283600683,0.306893053618858,0.484013996047017
"real_house_price_growth","consumption_growth",3,0.00456600655372676,0.00817245709766989,-0.527300384015424,-0.334930860935735,0.340083369825415,0.527743648626625
"real_house_price_growth","consumption_growth",4,0.00275810228419007,0.0075223949061978,-0.371192775173078,-0.22280442303834,0.226931777252941,0.363011403977658
"real_house_price_growth","consumption_growth",5,0.00235376308612109,0.003764824126938,-0.314681115895845,-0.194885458709745,0.1955904167048,0.317242517692586
"real_house_price_growth","consumption_growth",6,0.001489022405169,0.000824673423621795,-0.236723961966593,-0.141725144105982,0.141580077847143,0.242075667502141
"real_house_price_growth","consumption_growth",7,0.000990962750463528,0.00136466972419757,-0.236997492706151,-0.141207399490462,0.142588526028833,0.24243009074379
"real_house_price_growth","consumption_growth",8,0.000513182783075455,-0.00232480144775174,-0.183454857426576,-0.108375924038609,0.107654936653184,0.192280851962617
"real_house_price_growth","consumption_growth",9,0.000963144442609944,-0.00059753003497642,-0.151064084975281,-0.0905900189672809,0.0929500693393454,0.159626311914314
"real_house_price_growth","consumption_growth",10,0.00111298258304608,0.000784057524974452,-0.143680240338275,-0.0847829977566925,0.0860381797553958,0.149362316029697
"real_house_price_growth","consumption_growth",11,0.00101567809455472,0.000334977202961211,-0.136010815531683,-0.0768846145470284,0.0803729751603318,0.140875691468983
"real_house_price_growth","consumption_growth",12,0.00067861268851509,0.000180364960917263,-0.135218348667651,-0.0775677521662463,0.0782294473804458,0.140740519199031
"real_house_price_growth","consumption_growth",13,0.000772258076252121,0.000375871198176215,-0.126586657719523,-0.0697527187001502,0.0711860326259574,0.128492111619646
"real_house_price_growth","consumption_growth",14,0.000863139023987047,7.47806294653155e-05,-0.126330756912211,-0.0694553367934066,0.0726624313504915,0.131311795856047
"real_house_price_growth","consumption_growth",15,0.000810325083817041,0.00022586167696904,-0.114002782135794,-0.0607548119257311,0.0630995861856697,0.118619186070224
"real_house_price_growth","consumption_growth",16,0.000605523293201098,-0.000419426652861125,-0.112796457561353,-0.0610400556730251,0.0630785198275566,0.119051713491839
"real_house_price_growth","consumption_growth",17,0.000562361892808415,0.00043213945419081,-0.104127863436528,-0.0558224489807306,0.0573744107960936,0.108672399488815
"real_house_price_growth","consumption_growth",18,0.000578837146487275,0.000467920702524975,-0.103619198891982,-0.0553986413760987,0.0574919738751977,0.105821678552464
"real_house_price_growth","consumption_growth",19,0.000509486872842955,0.000948293051319765,-0.095334356812021,-0.0496268299453454,0.0511614266887071,0.0958429543164256
"real_house_price_growth","consumption_growth",20,0.000374179894251913,5.86438093916324e-05,-0.0926903662186914,-0.0489147113250735,0.050514680018626,0.0933552803408291
"real_house_price_growth","consumption_growth",21,0.000288412085537941,0.000575173707467335,-0.087799778367756,-0.0451051979715952,0.0468407778393119,0.0874541381792048
"real_house_price_growth","cpi_growth",1,-0.00866933433002681,-0.0058541334607548,-0.700948123793343,-0.447036287149706,0.429206579293368,0.680110585008326
"real_house_price_growth","cpi_growth",2,-0.00571239050531148,-0.00455502550915668,-0.488198290730826,-0.308630928620875,0.294097139169121,0.464786369768567
"real_house_price_growth","cpi_growth",3,-0.0025514430332917,-0.00549272811596717,-0.526152499692356,-0.332999852771449,0.330322072265179,0.518272793920403
"real_house_price_growth","cpi_growth",4,-0.00137302367565545,0.000171535965270558,-0.37528218997509,-0.22995324622365,0.223554692171338,0.3652487263594
"real_house_price_growth","cpi_growth",5,-0.00199470988413606,-0.00100825709507706,-0.321750602222887,-0.195246695746933,0.192762915943318,0.316965884726616
"real_house_price_growth","cpi_growth",6,-0.000779234169850726,-0.00100710406686217,-0.240063556828638,-0.143643645585542,0.14416455265483,0.240321854392715
"real_house_price_growth","cpi_growth",7,-0.000343959775182506,-0.000613291393510616,-0.238104513453361,-0.144001556866958,0.143413445331337,0.23884876437898
"real_house_price_growth","cpi_growth",8,0.000743899535693024,-0.000454294901257132,-0.187111040434811,-0.109309556526223,0.112201808337128,0.188528890312026
"real_house_price_growth","cpi_growth",9,-0.000117295697721833,-0.00108634843656422,-0.157973191418763,-0.0908523317133396,0.0921699207701397,0.157194319082982
"real_house_price_growth","cpi_growth",10,0.000282524441004307,0.00115597998106926,-0.14682123676007,-0.0849519356093533,0.0853817707478212,0.149000695900047
"real_house_price_growth","cpi_growth",11,0.000345056544053476,0.000946789595395385,-0.137146891592939,-0.0773143508515897,0.0794750546501531,0.137318945768639
"real_house_price_growth","cpi_growth",12,0.000798254996757933,0.000814289347562533,-0.136834052683639,-0.0767393539968689,0.0780055102406964,0.140395003327513
"real_house_price_growth","cpi_growth",13,0.000211311895246133,0.000215605563030771,-0.128610159503848,-0.0702610219837616,0.0711255857071917,0.127488011597426
"real_house_price_growth","cpi_growth",14,0.000273763766874207,0.000895067687382861,-0.130501608398811,-0.0710770226765917,0.0709558562319204,0.129821633375981
"real_house_price_growth","cpi_growth",15,0.000186693377342086,0.000395901858488989,-0.115967715075082,-0.0621024621762122,0.0620457493684467,0.11653228012467
"real_house_price_growth","cpi_growth",16,0.000418251231369106,0.000802966646167151,-0.115954999145238,-0.061834488972698,0.0611920821031765,0.116124567342858
"real_house_price_growth","cpi_growth",17,0.000106868311426212,0.000375618569072518,-0.106408198294696,-0.0560255680513019,0.0554435898597492,0.108606860905279
"real_house_price_growth","cpi_growth",18,0.000172996824062502,0.000311966481226886,-0.104157500455042,-0.0556143715652683,0.0552390380373091,0.106240732111035
"real_house_price_growth","cpi_growth",19,0.000182758432468505,0.000233591882156025,-0.0946924806536741,-0.0498643287809565,0.0503880650459914,0.0990170520901906
"real_house_price_growth","cpi_growth",20,0.000448054217332643,0.000176796148293959,-0.0927527622182901,-0.0490527929134215,0.0492211053556366,0.0961348059844489
"real_house_price_growth","cpi_growth",21,0.000414927486629401,0.000225502229175126,-0.0870743964602026,-0.0457906393395123,0.045937334482554,0.0907122981642687
"real_house_price_growth","saving_rate",1,-0.00402592704049004,-0.00249720947879289,-0.702511213941903,-0.443119736449278,0.438636737673187,0.700558523201479
"real_house_price_growth","saving_rate",2,-0.00174131419173991,0.000662145130337475,-0.483152807701399,-0.306482483487817,0.297641739764855,0.478377609687916
"real_house_price_growth","saving_rate",3,-0.00389534980308188,-0.00268061220913498,-0.526100984130057,-0.337146321791209,0.329416784662528,0.518706252752647
"real_house_price_growth","saving_rate",4,-0.00204989910466935,-0.00400429114607313,-0.365206072388372,-0.225637310320206,0.222641212765912,0.367582419509977
"real_house_price_growth","saving_rate",5,-0.00201818058984285,-0.00330942445750997,-0.319500830688637,-0.197530982682043,0.193824532891012,0.317251963059703
"real_house_price_growth","saving_rate",6,-0.00117679540234549,-0.00223468596140472,-0.240575753117798,-0.143869042667609,0.141540288147737,0.237965815634423
"real_house_price_growth","saving_rate",7,-0.00174170044065046,-0.000440093122201493,-0.24216831285395,-0.142794056288556,0.136957911135265,0.239417364202537
"real_house_price_growth","saving_rate",8,-0.000517688064181858,-0.000935664233064599,-0.184584591238378,-0.108395948078456,0.107537744014689,0.183278863172708
"real_house_price_growth","saving_rate",9,-0.000326146676857595,-0.000344076424049527,-0.157383081199235,-0.0902190618475449,0.0911393306717875,0.153997985720325
"real_house_price_growth","saving_rate",10,0.000105178473820475,0.00060296875116972,-0.14923540195753,-0.0854891594259203,0.0844828652728178,0.149487409327241
"real_house_price_growth","saving_rate",11,-0.000449228405935439,-0.000147339199321262,-0.138879775851603,-0.0789755853649085,0.0779255127910854,0.136798685914419
"real_house_price_growth","saving_rate",12,0.000187282458376965,-0.000133892738247275,-0.136591248824443,-0.077875150978593,0.077522549979017,0.140355158013948
"real_house_price_growth","saving_rate",13,3.40906636286791e-05,0.000144978051350027,-0.127297676134982,-0.0715128472516743,0.0714353305789411,0.130080131920729
"real_house_price_growth","saving_rate",14,0.000257895111604103,0.00106648620159819,-0.127982216452666,-0.0724253431862829,0.071572987822055,0.130996150135808
"real_house_price_growth","saving_rate",15,-0.000102849049108281,-0.000318298671766106,-0.114100865728023,-0.063279903591924,0.0631367573467061,0.117679460418179
"real_house_price_growth","saving_rate",16,0.000185070352245831,9.23600916762019e-05,-0.113966592692407,-0.0623822516225611,0.0634183295609423,0.115402787560148
"real_house_price_growth","saving_rate",17,7.56472005964565e-06,-0.000214058045588947,-0.105218019477174,-0.0582950463168142,0.0575425004957672,0.107423271516257
"real_house_price_growth","saving_rate",18,0.000141021350919852,-0.000127965528121232,-0.102939660002331,-0.0569818837253068,0.0564011959486029,0.103992587949913
"real_house_price_growth","saving_rate",19,-8.12216703745765e-05,6.10310466603809e-05,-0.0949285093221145,-0.0512786626161382,0.0501422573563998,0.0962176878779016
"real_house_price_growth","saving_rate",20,0.000103322178353763,-0.000226985528320062,-0.0923753839040352,-0.0496420219439099,0.0490393942946922,0.0944461491989842
"real_house_price_growth","saving_rate",21,3.18290735176509e-06,0.000191426075468366,-0.0870078817067885,-0.0463961682432304,0.0464192343870939,0.0900097288239982
"real_house_price_growth","policy_rate",1,-0.245533490825456,-0.262323870875665,-0.765806029865998,-0.58845643320664,0.100299280078103,0.330012604991388
"real_house_price_growth","policy_rate",2,-0.250600445049812,-0.258577859649045,-0.593530844835929,-0.47078383146359,-0.0309912692569431,0.123082711289983
"real_house_price_growth","policy_rate",3,0.0610660462090232,0.0620586098693779,-0.222242184888242,-0.112132744590937,0.230913737074051,0.343548800569542
"real_house_price_growth","policy_rate",4,0.0908739843588408,0.0930028562118428,-0.103120187473842,-0.0237494151111037,0.204954351826583,0.28200483564479
"real_house_price_growth","policy_rate",5,0.0798695521155502,0.0787037472461612,-0.0987133108149542,-0.0287669730312358,0.188481159239648,0.266091842098045
"real_house_price_growth","policy_rate",6,0.0586620119640857,0.0546209942308812,-0.0877340937874332,-0.0307958692989453,0.149012158134383,0.218844731996302
"real_house_price_growth","policy_rate",7,0.133435721819495,0.129465066781949,-0.0102170997725405,0.0451503382713491,0.221664622545193,0.288638267450497
"real_house_price_growth","policy_rate",8,0.105083731435404,0.101108998886371,-0.0310004926764809,0.0218173944890007,0.189416564940953,0.252472893362908
"real_house_price_growth","policy_rate",9,0.0832006398639167,0.0802229758650315,-0.0464952638382699,0.00485994164979229,0.161660312565881,0.222279587157105
"real_house_price_growth","policy_rate",10,0.0443963704185627,0.0409318676769085,-0.0748756546850965,-0.0284606683857858,0.115792660634227,0.172712934727655
"real_house_price_growth","policy_rate",11,0.0576906967253117,0.0551933884419872,-0.0582001477036475,-0.0118850990603513,0.125821682035324,0.183968675914675
"real_house_price_growth","policy_rate",12,0.0329318316002822,0.0306112563668786,-0.0754695893450345,-0.0313855868175915,0.0964048486984539,0.148374040809545
"real_house_price_growth","policy_rate",13,0.0221686380771787,0.0204390307000203,-0.0791510900185509,-0.0368305623403615,0.0801611857360187,0.128341956798251
"real_house_price_growth","policy_rate",14,-0.000758766811630815,-0.00190740419191639,-0.0964761944423851,-0.0543352447784155,0.0523743129352503,0.0961177144054891
"real_house_price_growth","policy_rate",15,0.0037179680886413,0.0032187336103675,-0.0874634264160355,-0.0460317808212059,0.0526097233677415,0.0942764704341001
"real_house_price_growth","policy_rate",16,-0.00852404505542689,-0.00799960558707048,-0.0978860125747149,-0.0561142302576334,0.0383971002515692,0.0753239194660681
"real_house_price_growth","policy_rate",17,-0.00994821626436712,-0.00866304524366917,-0.0954001693124589,-0.0550314754343621,0.0345632553152923,0.0692489780069645
"real_house_price_growth","policy_rate",18,-0.0199641302413451,-0.018121552416824,-0.103533317626121,-0.0637564486679655,0.0226637277131322,0.0550944808934325
"real_house_price_growth","policy_rate",19,-0.0157580662415696,-0.0136571421180805,-0.0969042290823292,-0.0571878025638536,0.0245636440546559,0.0568692288668815
"real_house_price_growth","policy_rate",20,-0.0202307623427626,-0.0177016023756876,-0.100456158492778,-0.0603713088930668,0.0189179980956613,0.0495592333586264
"real_house_price_growth","policy_rate",21,-0.017630610391856,-0.0149326011322271,-0.0951922990960014,-0.0563411726508475,0.0199008369258091,0.0499875163091613
"real_house_price_growth","interest_burden",1,0.000953914700550817,-0.00176767407341521,-0.693236069954886,-0.437651113207706,0.441563197595618,0.681327498309109
"real_house_price_growth","interest_burden",2,-0.00110138168900719,-0.00341198406013991,-0.472981416597297,-0.296587971440788,0.302208071771615,0.47783085322011
"real_house_price_growth","interest_burden",3,-0.00250066085110441,-0.00217186118392787,-0.521910539946707,-0.333021655809973,0.326592695375533,0.52033527030329
"real_house_price_growth","interest_burden",4,-0.0013940943170874,-0.00257126576955122,-0.366251146028561,-0.223798480138788,0.223417409118297,0.365978434127009
"real_house_price_growth","interest_burden",5,-0.00139166668787591,-0.00155845929689415,-0.318374386324004,-0.198906068074753,0.193451559417139,0.319945624131938
"real_house_price_growth","interest_burden",6,-0.000396835125716614,0.000123841475457079,-0.240820301545047,-0.143813117702697,0.142218912299411,0.243369375291079
"real_house_price_growth","interest_burden",7,-0.000822855329523452,-0.000852787696363296,-0.241593729119245,-0.142505173559173,0.143119980870775,0.241221400039486
"real_house_price_growth","interest_burden",8,-3.56231510209934e-05,-0.000521273356631144,-0.18824962951516,-0.109081882730448,0.10942839020971,0.190621020700877
"real_house_price_growth","interest_burden",9,2.35588477546875e-05,-0.000331538926272843,-0.159559002176938,-0.0914084251225034,0.0914616567128905,0.160660137485643
"real_house_price_growth","interest_burden",10,0.000864299093558317,-0.000698484655794768,-0.146882236512838,-0.0850531172669737,0.0869262480566971,0.15042376040057
"real_house_price_growth","interest_burden",11,0.000476380595842769,-0.000331921731025251,-0.139484667624791,-0.079332534397169,0.0811432711137018,0.140627427480904
"real_house_price_growth","interest_burden",12,0.000837928846462912,9.98183738366183e-05,-0.13793197285228,-0.0782968004785974,0.0814469149346673,0.141525646206877
"real_house_price_growth","interest_burden",13,0.000582707972553332,0.000324992244752088,-0.129715824236305,-0.071640724166395,0.0738830026601875,0.131282784500656
"real_house_price_growth","interest_burden",14,0.000976631892808952,0.000740898518268916,-0.132079469911183,-0.0712056795518882,0.0738267154566747,0.131815236613428
"real_house_price_growth","interest_burden",15,0.00053115917524884,0.00162460061547774,-0.119947605305742,-0.0630642411978403,0.0651119949055111,0.116787341184925
"real_house_price_growth","interest_burden",16,0.000676467894313756,0.00137774818259659,-0.117515251955527,-0.062242453716071,0.0646002527506564,0.116034493462621
"real_house_price_growth","interest_burden",17,0.000374427951227865,0.00144499424613472,-0.108186522089809,-0.0573192697004164,0.0587624085498226,0.106912941711589
"real_house_price_growth","interest_burden",18,0.00061100769241999,0.00132884509997906,-0.104668543203568,-0.0570775780028874,0.0581705506542748,0.105376603966113
"real_house_price_growth","interest_burden",19,0.000275257349431247,0.00135096102278079,-0.0952258188259641,-0.0513421052504749,0.0519634148572997,0.0951029921000782
"real_house_price_growth","interest_burden",20,0.000403810047840094,0.00066936726559521,-0.092689492712219,-0.0494839742460477,0.050445190104858,0.0926299806743182
"real_house_price_growth","interest_burden",21,0.000180192750877058,0.000873142086672929,-0.0886598026467231,-0.046332228361769,0.0463387607820057,0.0881292961069507
"real_house_price_growth","debt_growth",1,-0.00328478964287768,-0.00809971461349457,-0.690776994631557,-0.443251753942165,0.442103014908651,0.688965237882575
"real_house_price_growth","debt_growth",2,-0.00245211481736281,-0.00200878940648255,-0.4789386530357,-0.303570700289357,0.296506879489977,0.464507834599464
"real_house_price_growth","debt_growth",3,-0.00105837985039208,0.00238792249163725,-0.520520730158666,-0.334532693167038,0.333360878968645,0.523491449233536
"real_house_price_growth","debt_growth",4,-7.87741287379302e-05,-0.000605803470297881,-0.363624680833038,-0.227492446400384,0.227208462490201,0.366138066954185
"real_house_price_growth","debt_growth",5,-0.00172952759942742,-0.000439559804972776,-0.323648033596698,-0.200246473744227,0.193255703394164,0.318203956930096
"real_house_price_growth","debt_growth",6,-0.000446906746400007,0.000359734966560724,-0.242709013232209,-0.142935750376479,0.141975706758256,0.2392979216397
"real_house_price_growth","debt_growth",7,0.00110975490548592,0.0021275667421693,-0.240352265421137,-0.143531653635906,0.142304077868339,0.240531909978979
"real_house_price_growth","debt_growth",8,0.00160423425989192,0.00180274157219227,-0.185438900336828,-0.1082686371694,0.111354591650079,0.190402566633658
"real_house_price_growth","debt_growth",9,0.000857056677641699,0.0019666141439656,-0.15715462076984,-0.0917710745761354,0.091896357545225,0.158216678553988
"real_house_price_growth","debt_growth",10,0.00108308896149761,0.00130687674849166,-0.142316738683293,-0.083593049067522,0.0853297756900982,0.148081182927248
"real_house_price_growth","debt_growth",11,0.00112168336037175,0.000937016347962256,-0.13368801140941,-0.0768544718089786,0.0790212353942511,0.138792204272959
"real_house_price_growth","debt_growth",12,0.00104738110210934,0.00047479346025815,-0.134305731745361,-0.0764254330136004,0.0783371795551834,0.136161299375367
"real_house_price_growth","debt_growth",13,0.000314516380687837,0.000222439318262146,-0.124640631232486,-0.0715894701281584,0.0713290460915347,0.124537258656319
"real_house_price_growth","debt_growth",14,0.000163414246072048,0.000238563703185014,-0.123519663042454,-0.0714632062333079,0.0709568311033724,0.12598793855566
"real_house_price_growth","debt_growth",15,-7.86378433610449e-05,-0.000216035541402897,-0.114123324371222,-0.0632551868290797,0.0624483360470511,0.114110505140298
"real_house_price_growth","debt_growth",16,-0.000135619470788766,0.000283135693255583,-0.112730151501807,-0.0630464334400385,0.0622654351636956,0.11400000578687
"real_house_price_growth","debt_growth",17,-0.000539386465372613,-0.000595272017609469,-0.105245927028105,-0.056835182421271,0.0566496367771078,0.104310808396642
"real_house_price_growth","debt_growth",18,-0.000557842681074401,-0.000997861831905659,-0.102542108375259,-0.0559471242740956,0.0556788527723229,0.1023459245618
"real_house_price_growth","debt_growth",19,-0.000654019627983445,-0.000904060130522308,-0.0930771847641318,-0.0502955719852281,0.0503423044260145,0.0948852479800302
"real_house_price_growth","debt_growth",20,-0.000543220356181672,-0.000994276898686809,-0.0904353115487075,-0.0485963733425281,0.0494017878508195,0.0927727094501226
"real_house_price_growth","debt_growth",21,-0.000652460165972956,-0.00102017133486395,-0.0845024963726998,-0.0454462089939681,0.0456089162283504,0.086482513543784
"real_house_price_growth","real_house_price_growth",1,0.00220500232801596,0.0062850698109447,-0.688137842224013,-0.443268365982357,0.435257510628974,0.698094027780839
"real_house_price_growth","real_house_price_growth",2,-0.00195499322419674,-0.00189216556818745,-0.482074924679098,-0.305207696398155,0.297867708244365,0.464890217470367
"real_house_price_growth","real_house_price_growth",3,-0.00324355202375162,-0.0025805753866626,-0.525305362980197,-0.331675026461268,0.327058699672176,0.525204772392349
"real_house_price_growth","real_house_price_growth",4,-0.00203155230245634,-0.00297038659212734,-0.370973027736528,-0.227403258303674,0.223159586666073,0.372014740832835
"real_house_price_growth","real_house_price_growth",5,-0.000754404829060436,-0.000632033900347964,-0.322775535920815,-0.195140807808895,0.195440971805391,0.328253434339765
"real_house_price_growth","real_house_price_growth",6,-0.000732265397806397,-0.00150995511393381,-0.242027253347337,-0.143375420543324,0.14112533786062,0.246088477721587
"real_house_price_growth","real_house_price_growth",7,-0.000658802119222993,-0.0024677324056513,-0.237339838105897,-0.142348007529629,0.140659794654971,0.241375111340692
"real_house_price_growth","real_house_price_growth",8,0.000698809431536592,-0.00016421378260411,-0.183075598030592,-0.106549701416845,0.108772023899977,0.186577011774392
"real_house_price_growth","real_house_price_growth",9,0.00100524730362496,0.000967892468740047,-0.152149408312822,-0.0893877366297113,0.0903596909726908,0.155537529095064
"real_house_price_growth","real_house_price_growth",10,0.00112076017727509,0.000252646066222244,-0.142241470844735,-0.0827497814244442,0.0868745942640284,0.147340265399545
"real_house_price_growth","real_house_price_growth",11,0.00102187743578535,-0.000629531287725406,-0.133550746587259,-0.0759573559855816,0.0791326351484599,0.140033695710405
"real_house_price_growth","real_house_price_growth",12,0.00146239517493971,0.000791689553317096,-0.134129062538953,-0.0765703692263339,0.0800338895550975,0.139224183297261
"real_house_price_growth","real_house_price_growth",13,0.00138040065012175,0.00133084966045704,-0.125045021384917,-0.068757867212034,0.0706457316173966,0.129583091085158
"real_house_price_growth","real_house_price_growth",14,0.00115992901423508,0.000641936764018744,-0.126428489560952,-0.0708966993309977,0.0733233784751697,0.130169060135917
"real_house_price_growth","real_house_price_growth",15,0.000857182540383523,0.000794345199737609,-0.113211466604139,-0.0622813615850383,0.0640839020231014,0.117086270886857
"real_house_price_growth","real_house_price_growth",16,0.000804176625470229,0.000596765193818261,-0.11195412587316,-0.0619210877750633,0.0646497548373862,0.115333597114645
"real_house_price_growth","real_house_price_growth",17,0.00054147172497558,0.000899290881232752,-0.102799775575296,-0.0565380486003246,0.0570561442554343,0.105500996316424
"real_house_price_growth","real_house_price_growth",18,0.000289390864807982,0.000474030176652854,-0.101566601297834,-0.0559601383337305,0.0556250018490525,0.103837414908499
"real_house_price_growth","real_house_price_growth",19,3.18743973221365e-05,0.000339453498165347,-0.092743620893842,-0.0506336576428333,0.0495046459713054,0.0942211819809903
"real_house_price_growth","real_house_price_growth",20,-2.4185895616584e-05,0.000210171113800478,-0.0902403041595694,-0.0491001960164975,0.0490150840255229,0.0918214693193347
"real_house_price_growth","real_house_price_growth",21,-0.000128197738896156,6.86004646135549e-05,-0.0865312900219146,-0.0457794438187957,0.0451535832212171,0.0866386640573965
"real_house_price_growth","asset_liability_ratio",1,-0.00443057704411077,-0.00433050041309241,-0.691393854432472,-0.45169722071508,0.440223123060733,0.678371449973014
"real_house_price_growth","asset_liability_ratio",2,-0.00291687833700571,-0.00603137444182683,-0.483539792085113,-0.304838525389356,0.301480848415932,0.479232740055102
"real_house_price_growth","asset_liability_ratio",3,0.000302441786582216,-0.000896459581190496,-0.523466366042986,-0.330494726809392,0.332278554205703,0.528099941693625
"real_house_price_growth","asset_liability_ratio",4,0.000267459108284604,0.000691888856309464,-0.36887394145463,-0.226585422669349,0.22651349880662,0.367352829054426
"real_house_price_growth","asset_liability_ratio",5,-0.00027259225510038,-0.000614529384927552,-0.322901927049444,-0.193802286697708,0.196321811989376,0.318371375959119
"real_house_price_growth","asset_liability_ratio",6,0.000228691804488046,-0.00139482034534151,-0.23988558012947,-0.14388082658997,0.145763205889869,0.241711950596222
"real_house_price_growth","asset_liability_ratio",7,0.000371330241753647,0.00204237557594428,-0.239289677416074,-0.143534865727684,0.140910734424218,0.243120638876412
"real_house_price_growth","asset_liability_ratio",8,0.000494936159973145,0.00106177748884807,-0.183833195481041,-0.108686058621078,0.109704947460248,0.185797175488191
"real_house_price_growth","asset_liability_ratio",9,0.000215932369756686,-0.000308881580342457,-0.153925263092413,-0.0897485536636942,0.0907473565213609,0.157473399129765
"real_house_price_growth","asset_liability_ratio",10,4.41897754828765e-05,0.000822623653909147,-0.146737389476178,-0.0833836729561016,0.0842916456689838,0.145988847310561
"real_house_price_growth","asset_liability_ratio",11,-7.01114165726661e-05,0.000780006530668741,-0.139168439236484,-0.0765567316276655,0.0783914661310236,0.136507178516667
"real_house_price_growth","asset_liability_ratio",12,-0.000156272070758177,0.000750690408067434,-0.139500077287762,-0.0767840205739152,0.0772481311736836,0.136601780139145
"real_house_price_growth","asset_liability_ratio",13,-0.000164309119561546,0.000239829087975712,-0.128432997764248,-0.0719197746173749,0.0707544318678414,0.128697900052823
"real_house_price_growth","asset_liability_ratio",14,-0.000180294948657955,3.88531857636668e-05,-0.128816321987135,-0.0715569627030208,0.0712090689689538,0.129341994766129
"real_house_price_growth","asset_liability_ratio",15,-0.000200167934002417,-0.000228522325750315,-0.117827104616012,-0.0639109025799788,0.0625453966704636,0.114634850166117
"real_house_price_growth","asset_liability_ratio",16,-0.000224020627999382,-6.15122400767481e-05,-0.116953501163375,-0.0635638735234112,0.0615854132671911,0.116048197390491
"real_house_price_growth","asset_liability_ratio",17,-0.000244989934370082,6.49027109667023e-05,-0.105245218448535,-0.0572066376518839,0.0565429198821463,0.106416542684021
"real_house_price_growth","asset_liability_ratio",18,-0.000299562817011928,3.63470193018882e-05,-0.10310623945636,-0.056568067169448,0.0549687350137939,0.104086117968733
"real_house_price_growth","asset_liability_ratio",19,-0.00040007723789491,-0.000653218437441633,-0.0950528168265566,-0.0508501681777145,0.0494480680099213,0.0955003871274833
"real_house_price_growth","asset_liability_ratio",20,-0.000509927864519719,-0.000383038090705558,-0.0939254543471391,-0.0494286813456382,0.0487280004672127,0.0926568698922013
"real_house_price_growth","asset_liability_ratio",21,-0.00060967456669749,-0.000521104593103319,-0.0881668341671231,-0.0459202219955246,0.0451547138784839,0.0869572192231349
"asset_liability_ratio","gdp_growth",1,2.04450615611835e-05,8.82844468079583e-06,-0.0530586597023294,-0.0341776031246398,0.0346211797084145,0.054249252613286
"asset_liability_ratio","gdp_growth",2,-5.10404390563061e-05,-0.00017435603927765,-0.046689419530852,-0.0302411063058748,0.0304722124005697,0.0474342970681412
"asset_liability_ratio","gdp_growth",3,-9.75910739561626e-05,0.000111202759482123,-0.0460841023010165,-0.0296421644927524,0.0298401327694987,0.0462324948784611
"asset_liability_ratio","gdp_growth",4,-7.61410741940456e-05,1.14912901963499e-05,-0.0456692573682698,-0.0287800030293004,0.0290306445933605,0.0450451164052843
"asset_liability_ratio","gdp_growth",5,-4.2179207636398e-05,-8.12704980911258e-05,-0.0456905303164402,-0.0290401530144331,0.0294108790486452,0.0459116286581605
"asset_liability_ratio","gdp_growth",6,-7.46773704431129e-05,-5.43961343063978e-05,-0.0449731544844398,-0.028187592301436,0.0281922712830491,0.0450422650258493
"asset_liability_ratio","gdp_growth",7,-6.04159294133743e-05,-0.000277073854210188,-0.0436016396695086,-0.0269716977558994,0.0271382711941875,0.0439456821318603
"asset_liability_ratio","gdp_growth",8,-1.38484843323104e-05,-0.000101956175333904,-0.0422007118037707,-0.0256993480228983,0.0258687559215709,0.0423263463360723
"asset_liability_ratio","gdp_growth",9,1.97709095756e-05,-7.44724919390599e-05,-0.0416768230295711,-0.0252388447043315,0.0251198567115264,0.0420812773664571
"asset_liability_ratio","gdp_growth",10,1.6796414430962e-05,-1.47161409748745e-06,-0.041364474414524,-0.0245568417476869,0.0246251619301834,0.0414946894409059
"asset_liability_ratio","gdp_growth",11,3.2342455030929e-05,0.000169078015789494,-0.0409638230834033,-0.0240112783878514,0.024437693584721,0.0415791731881399
"asset_liability_ratio","gdp_growth",12,4.88371793940379e-05,5.10120606463899e-05,-0.0405825893124059,-0.0237207719866055,0.0240553483949585,0.0411667714230608
"asset_liability_ratio","gdp_growth",13,6.48364699305846e-05,-0.000101532359285179,-0.0407647384639956,-0.023736817096233,0.0239542909239676,0.0409276425349642
"asset_liability_ratio","gdp_growth",14,5.7047043590524e-05,-0.000108899158482872,-0.0404948835267071,-0.0237188941347004,0.0237210079424555,0.0410551820876409
"asset_liability_ratio","gdp_growth",15,5.63404683748624e-05,-0.000174304709288876,-0.0403221725812622,-0.0233549874137589,0.0234996326548929,0.0411058454137139
"asset_liability_ratio","gdp_growth",16,5.28787621400694e-05,-0.000136322930977038,-0.040300789722668,-0.0232788553687351,0.0232011249583015,0.0409585077102892
"asset_liability_ratio","gdp_growth",17,5.29658933254774e-05,-0.000103598537296293,-0.0404080921798348,-0.0234352735260373,0.0232458225017405,0.041333439984567
"asset_liability_ratio","gdp_growth",18,4.14072608686853e-05,-8.4952557180758e-05,-0.0407038271483971,-0.0232744712901285,0.0232729255756783,0.0414954413254141
"asset_liability_ratio","gdp_growth",19,3.60703930649354e-05,-4.67764747159018e-05,-0.0408197518501409,-0.0231625609624522,0.0230611052510674,0.0416925693344141
"asset_liability_ratio","gdp_growth",20,2.86448900358134e-05,-4.37915533780452e-05,-0.0407341320101622,-0.0228022300980392,0.0228550450298671,0.0418432805021809
"asset_liability_ratio","gdp_growth",21,2.62721892268362e-05,-1.02730648650274e-05,-0.0408364809441498,-0.0226644609501644,0.0227430006495359,0.0419664210527824
"asset_liability_ratio","consumption_growth",1,0.000524675967432719,0.000155369482092937,-0.0545096724250739,-0.034016578865042,0.0349524219625057,0.0546366584159315
"asset_liability_ratio","consumption_growth",2,0.000410905539263117,0.000352643172129321,-0.0479740911055624,-0.0300092899929787,0.0310331568825364,0.0484367868643434
"asset_liability_ratio","consumption_growth",3,0.000374805635036257,0.000551695986461569,-0.0473362196592016,-0.0295555796241345,0.0303863346166943,0.0477876535420422
"asset_liability_ratio","consumption_growth",4,0.000309023980380746,0.000552354462326526,-0.0461682553981278,-0.0288729803544046,0.0293730626876815,0.0468280485837666
"asset_liability_ratio","consumption_growth",5,0.000280756883068927,0.00055080842696651,-0.0463817221018295,-0.0289635923216416,0.0294493352375017,0.0467435220357443
"asset_liability_ratio","consumption_growth",6,0.000200473512248519,0.000299936021891134,-0.0453426880749393,-0.0282835071364486,0.0284318617034274,0.0458848208598126
"asset_liability_ratio","consumption_growth",7,0.000150176229049376,0.000374104184049236,-0.044214269222427,-0.0272719924356032,0.0272684054352679,0.0440684967091104
"asset_liability_ratio","consumption_growth",8,8.75549589434173e-05,5.70356730621005e-05,-0.0426701834085118,-0.0259817734448073,0.0259671961068247,0.042038582142386
"asset_liability_ratio","consumption_growth",9,4.02274300662321e-05,-6.47232436160412e-05,-0.0416866437048226,-0.0256068938906631,0.0256094214391238,0.0414601289710981
"asset_liability_ratio","consumption_growth",10,-2.51185781022206e-05,-5.28100932503819e-05,-0.0415836436639069,-0.0250934010431368,0.0253991076963448,0.0409214086912338
"asset_liability_ratio","consumption_growth",11,-7.74313766566466e-05,-0.000182499211934164,-0.0411563104397875,-0.0250204414518035,0.0247215541508833,0.0404147311458781
"asset_liability_ratio","consumption_growth",12,-0.000132119237496167,-0.000213859206746266,-0.0408683948451413,-0.0246559329101945,0.0243610298651494,0.040098166056999
"asset_liability_ratio","consumption_growth",13,-0.000170540291004697,-0.000193805908231905,-0.0406703824230074,-0.0246132530619745,0.0243624305807235,0.0401291431989679
"asset_liability_ratio","consumption_growth",14,-0.000219404868346289,-0.000338697822265664,-0.0409298783661224,-0.0243429942984269,0.0241934019199369,0.0401476306863048
"asset_liability_ratio","consumption_growth",15,-0.000258561073995948,-0.000435857388806081,-0.0412006985782672,-0.0242427629994767,0.0239871564583955,0.0404925928281923
"asset_liability_ratio","consumption_growth",16,-0.000298381451716425,-0.000370395000576435,-0.0416406922991433,-0.0242581809128174,0.0237931882710268,0.0405687437981084
"asset_liability_ratio","consumption_growth",17,-0.000327789677375275,-0.000280026434203915,-0.041869321387189,-0.0241301124197104,0.0236813024912312,0.0408360506234956
"asset_liability_ratio","consumption_growth",18,-0.00036406299293064,-0.000322308679823495,-0.0418943789257978,-0.0240312526354391,0.0235575491084865,0.0405527597029719
"asset_liability_ratio","consumption_growth",19,-0.000394647272326423,-0.000407856647468104,-0.0419532050650296,-0.023908652878217,0.0234324006399116,0.0405004332063563
"asset_liability_ratio","consumption_growth",20,-0.00042680367659399,-0.000464257808232669,-0.0420100398523603,-0.0238218215544532,0.0232366069455373,0.0404402920860822
"asset_liability_ratio","consumption_growth",21,-0.000451624210623167,-0.000469724495368289,-0.0422339993646728,-0.0235715680264504,0.0231873732124554,0.0404881367287542
"asset_liability_ratio","cpi_growth",1,-0.000151208768276011,5.77741774887287e-05,-0.0538159853916947,-0.0343573509835291,0.0331781473628349,0.0528495941054798
"asset_liability_ratio","cpi_growth",2,-8.54289193379128e-05,2.62704374142761e-05,-0.0473024123112374,-0.0302270392739674,0.0295251178377699,0.0469830040999512
"asset_liability_ratio","cpi_growth",3,-9.16566644166323e-05,2.40315429244904e-06,-0.0470741142496601,-0.0297782342316065,0.0288234469456357,0.0463708840454268
"asset_liability_ratio","cpi_growth",4,-6.7694240746212e-05,0.000203456745866891,-0.0464955613648155,-0.0289386204445324,0.0286095893143555,0.0457412051810048
"asset_liability_ratio","cpi_growth",5,-0.000106416847392913,-2.3442740968393e-05,-0.0468077328909641,-0.0289755773852155,0.0288235870274451,0.045626520739319
"asset_liability_ratio","cpi_growth",6,-7.00233464124594e-05,-0.000292697732200108,-0.0455056886060166,-0.0284039379460212,0.0281045188628467,0.0454030640913036
"asset_liability_ratio","cpi_growth",7,-4.43613693937692e-05,-0.00017116581225097,-0.0438625429907717,-0.0273158006198369,0.0272275459577598,0.0440616825088298
"asset_liability_ratio","cpi_growth",8,-4.34191927737853e-05,-8.60367613814611e-05,-0.0421845830344593,-0.0261355287342433,0.0260956811779344,0.0418807005449891
"asset_liability_ratio","cpi_growth",9,-3.05376936812485e-05,-6.93524533968724e-05,-0.0415689529151441,-0.0255238249546525,0.0256359069500757,0.0416694007228488
"asset_liability_ratio","cpi_growth",10,-1.3897710965761e-05,-0.000143017797578662,-0.041014736839267,-0.0249029414900783,0.0248570415761853,0.0411510402701131
"asset_liability_ratio","cpi_growth",11,9.28324450446843e-06,-2.02978042073494e-05,-0.0404064408039356,-0.0244247483728832,0.0243185065743076,0.0409002658033585
"asset_liability_ratio","cpi_growth",12,1.19554704398729e-05,4.19813864564226e-05,-0.0398690104953964,-0.0240350520540003,0.0239744495113893,0.0401396904087001
"asset_liability_ratio","cpi_growth",13,1.81140203739735e-05,8.4349000060905e-07,-0.0401583470441256,-0.0240879076392442,0.0239726340235401,0.040285993860613
"asset_liability_ratio","cpi_growth",14,2.6555732828015e-05,-2.99377883383457e-05,-0.0402983374783275,-0.0239477621626163,0.0240016857588717,0.0404423162823713
"asset_liability_ratio","cpi_growth",15,3.62144147868472e-05,-2.85077557575042e-08,-0.040383194495501,-0.0239474978877204,0.0237728797093117,0.040649898127384
"asset_liability_ratio","cpi_growth",16,3.76873756808698e-05,-4.87124802293486e-05,-0.0401959665102633,-0.0240081252132369,0.0236294339399873,0.0406777069027201
"asset_liability_ratio","cpi_growth",17,4.33236849317598e-05,-6.18388999719407e-05,-0.0401742792630528,-0.0238020667263131,0.0234832534337624,0.0406514052853086
"asset_liability_ratio","cpi_growth",18,5.36996521674974e-05,3.01821803239673e-05,-0.0401908827060802,-0.0235147971520765,0.02327006375058,0.0408899941843608
"asset_liability_ratio","cpi_growth",19,6.91511219238827e-05,2.11834656650517e-07,-0.0403371393759629,-0.0233535135612736,0.0231104902582435,0.0407127162527278
"asset_liability_ratio","cpi_growth",20,8.20830963868745e-05,1.66762394207394e-05,-0.0404178414631279,-0.0232321962236973,0.0231374679295513,0.0407259796652603
"asset_liability_ratio","cpi_growth",21,9.96088692773733e-05,1.05226949253237e-05,-0.0405994385347524,-0.0230464509259868,0.023001420159576,0.0407500502268063
"asset_liability_ratio","saving_rate",1,-9.46026385856068e-06,-0.000264836356630889,-0.0541100991806736,-0.0339177569630649,0.0342845110914904,0.0541862522084379
"asset_liability_ratio","saving_rate",2,6.24628508638325e-06,-7.14207776843581e-05,-0.0481196954959571,-0.0301642346211788,0.030478536648418,0.0478325928754545
"asset_liability_ratio","saving_rate",3,-3.96806588759334e-05,-9.31548545521214e-06,-0.0470222259912962,-0.030132808298074,0.0298864558110734,0.0471089366259455
"asset_liability_ratio","saving_rate",4,-6.75431120233686e-05,-0.000203250218674061,-0.0463912459726282,-0.0294089235957597,0.0293353162076737,0.0461674616860603
"asset_liability_ratio","saving_rate",5,-2.65904541247574e-05,9.45285946884196e-05,-0.0465012120752971,-0.0296976349759563,0.0295291774905292,0.0465364760063078
"asset_liability_ratio","saving_rate",6,6.28108751703006e-06,-5.70933855463911e-05,-0.0451085072200635,-0.0287110767936198,0.0288138067280445,0.0458356795876675
"asset_liability_ratio","saving_rate",7,8.16511531731337e-05,7.31510062741389e-05,-0.0442063832532146,-0.0275069737333942,0.0278864167760597,0.0443067187673133
"asset_liability_ratio","saving_rate",8,0.000131545563279093,1.02736627255984e-05,-0.0422860946929566,-0.0261583952074047,0.0265924897229431,0.0422699820728809
"asset_liability_ratio","saving_rate",9,0.00016056256718835,-0.000171068418655642,-0.0420515497180993,-0.0255000765920683,0.0262065851580638,0.0419792175724365
"asset_liability_ratio","saving_rate",10,0.000200957883879461,-9.00869709239577e-05,-0.0411718062808111,-0.0249164484172953,0.0258945791408504,0.041095238145861
"asset_liability_ratio","saving_rate",11,0.000243859453588053,-1.97994003295809e-05,-0.0405387068385335,-0.0246128182500645,0.0255251010778237,0.0408971695332875
"asset_liability_ratio","saving_rate",12,0.000280162967608144,7.93510824585879e-05,-0.0397206056334538,-0.0243689763438644,0.025023375110364,0.0405891381451023
"asset_liability_ratio","saving_rate",13,0.000303448853139193,6.74073246694854e-05,-0.0399215595538703,-0.0240544973765379,0.0246709104904236,0.0409936812058936
"asset_liability_ratio","saving_rate",14,0.000331898252250103,0.000116285093803485,-0.0397411000623795,-0.0237674605333459,0.0246044501547799,0.0411790191992774
"asset_liability_ratio","saving_rate",15,0.000357441964840423,0.000101992107253312,-0.0397144633634296,-0.0236771464634251,0.024561801352265,0.0410403973746192
"asset_liability_ratio","saving_rate",16,0.00038147584551071,0.000178884090331492,-0.0396817644177785,-0.0235897870969412,0.0243728046390871,0.0409287811364593
"asset_liability_ratio","saving_rate",17,0.00039524305027687,0.000172947344800615,-0.0399129392394849,-0.0235327484902489,0.0241147535457822,0.041159725910069
"asset_liability_ratio","saving_rate",18,0.0004113765536115,0.000256625681972676,-0.0397693004964218,-0.0235282876484279,0.0240474925318859,0.0413846017510173
"asset_liability_ratio","saving_rate",19,0.000423341866713846,0.000249487894636408,-0.0398897946235487,-0.0233212341833915,0.0239532656139907,0.0413463471403022
"asset_liability_ratio","saving_rate",20,0.000435914279070064,0.000317885593999369,-0.0400626787245584,-0.0230637642425171,0.0238730896210063,0.0414155555174691
"asset_liability_ratio","saving_rate",21,0.000442216970986593,0.000332865611765995,-0.0401882325844897,-0.0229265145439867,0.023793833872561,0.0413924794788916
"asset_liability_ratio","policy_rate",1,-0.00481966342027684,-0.00506702468597034,-0.0516848289336759,-0.0361240485154051,0.0256791723752086,0.0441613768199272
"asset_liability_ratio","policy_rate",2,-0.00112076750088804,-0.00121855874732959,-0.0423520222092582,-0.0277466002592637,0.0252301705858187,0.0407125452032867
"asset_liability_ratio","policy_rate",3,0.000789063988806443,0.000644474964081473,-0.0395447850539624,-0.0247560668038837,0.0262425309249626,0.041898712913755
"asset_liability_ratio","policy_rate",4,0.00171950594771135,0.00132063515075863,-0.0383025363357519,-0.0232565528988321,0.0265873232416997,0.042505329468377
"asset_liability_ratio","policy_rate",5,0.00551390763707468,0.00529814838361278,-0.0344871120114728,-0.0195696581217036,0.0303771237977198,0.045815515754373
"asset_liability_ratio","policy_rate",6,0.00896586158460423,0.00876022861453318,-0.0306117476443005,-0.0153048182654978,0.033216377085963,0.0487485675452827
"asset_liability_ratio","policy_rate",7,0.0111433980422151,0.0108569483783694,-0.0273791886642528,-0.0125296216516003,0.0348817521485169,0.0493731707628727
"asset_liability_ratio","policy_rate",8,0.0118522494182655,0.0115873361770137,-0.0258410214327777,-0.0112326533773143,0.0348781876589381,0.0492779488232451
"asset_liability_ratio","policy_rate",9,0.0128057038187276,0.0125376540770094,-0.0242605711241131,-0.00979280182899844,0.0353709544980784,0.0500630418223707
"asset_liability_ratio","policy_rate",10,0.0134556026436903,0.013063248382305,-0.0229150859657477,-0.00870494848915369,0.0355513712452535,0.0501660523544357
"asset_liability_ratio","policy_rate",11,0.0136502081546785,0.0131964738684283,-0.0221504922760655,-0.00786148482721339,0.0352959532946488,0.0501531163095252
"asset_liability_ratio","policy_rate",12,0.0132138015283941,0.0127408996167604,-0.0219701268480587,-0.00779113203879933,0.0342224457248411,0.049558784258562
"asset_liability_ratio","policy_rate",13,0.0128897198041842,0.0123534275316651,-0.0216195584778385,-0.00795582757737064,0.0333808478277886,0.0491296773108452
"asset_liability_ratio","policy_rate",14,0.0124780572669789,0.0119264716189318,-0.0213933669070338,-0.00800206865036074,0.0325897050171378,0.0485958856726823
"asset_liability_ratio","policy_rate",15,0.0120254118600105,0.0113414730225384,-0.0212578985884708,-0.00806261401124052,0.0317690589692163,0.0478465681926866
"asset_liability_ratio","policy_rate",16,0.0113862024953732,0.0106386157300854,-0.0215845119400724,-0.00840736906868975,0.0308371986780664,0.0471047380080553
"asset_liability_ratio","policy_rate",17,0.0108820907985929,0.00995129987268397,-0.021751077905317,-0.00868143604739158,0.0300466026560756,0.0466629582720733
"asset_liability_ratio","policy_rate",18,0.0104027228130373,0.00935292620723312,-0.0218876150718895,-0.00899747829804047,0.0295467526943349,0.0462268226640516
"asset_liability_ratio","policy_rate",19,0.010013098265094,0.00889658951402463,-0.0221320852784237,-0.00921705025418076,0.0290156558032692,0.0458477274812257
"asset_liability_ratio","policy_rate",20,0.00960616821158929,0.00831551382427313,-0.0223385961919288,-0.00947580307942816,0.0284757044384443,0.0455010992332371
"asset_liability_ratio","policy_rate",21,0.00932217778302547,0.00795378505290211,-0.0223986174525559,-0.0097347534747138,0.0281819847995966,0.0453707308697951
"asset_liability_ratio","interest_burden",1,7.68854247703374e-05,-0.000721867284842919,-0.0538614442684336,-0.0338400815599962,0.0347520591819807,0.0548076795762993
"asset_liability_ratio","interest_burden",2,2.70687293924642e-05,-0.000406696908329778,-0.0476531882937453,-0.0302481934514925,0.0301887708351641,0.0486837416288478
"asset_liability_ratio","interest_burden",3,2.95511629514396e-06,-6.80567334994949e-05,-0.0468311895573526,-0.0298729799701591,0.0298438915846386,0.0478523789251176
"asset_liability_ratio","interest_burden",4,-8.3515074178545e-07,-0.00027113014922743,-0.0456594317540967,-0.0288271225840608,0.0292166403644673,0.047026491168528
"asset_liability_ratio","interest_burden",5,-8.25090562783676e-05,-4.82601839034909e-05,-0.0463828924956616,-0.0294029437048473,0.0291876947760042,0.0476344970774511
"asset_liability_ratio","interest_burden",6,-9.53353871246501e-05,-9.03934873092708e-05,-0.0457929315280191,-0.0287381573238855,0.0285887118780529,0.0464627285506748
"asset_liability_ratio","interest_burden",7,-8.23002370731095e-05,-0.000129065392742652,-0.0445186618659435,-0.0274654773399656,0.0276065236066048,0.0447245065825534
"asset_liability_ratio","interest_burden",8,-6.92344234826756e-05,-0.000282067281032144,-0.0430602735930358,-0.0263641209340092,0.0264602560017077,0.0431626446276063
"asset_liability_ratio","interest_burden",9,-4.53984562514446e-05,-0.000310924639363394,-0.0422652092900607,-0.0258722161195848,0.0261650137513789,0.0426160161385802
"asset_liability_ratio","interest_burden",10,-3.50249679347306e-05,-0.000228735605524511,-0.0421289082808198,-0.0252949958563623,0.0258330683187017,0.0415660573668672
"asset_liability_ratio","interest_burden",11,-1.49447198051222e-05,-0.000283086215708328,-0.0416841627741137,-0.0248653711301988,0.0254445177213296,0.0412101753802966
"asset_liability_ratio","interest_burden",12,5.54370187287382e-06,-0.00024842679650896,-0.0412145783735038,-0.0243931940698624,0.025094013783984,0.0408848809077411
"asset_liability_ratio","interest_burden",13,1.982801380058e-05,-6.90960833136457e-05,-0.0408629719961609,-0.0242469230623637,0.0248085402740693,0.0407164437917244
"asset_liability_ratio","interest_burden",14,2.29327045667022e-05,-4.97313998668123e-05,-0.0407145186431876,-0.0242731660522286,0.0246544762682205,0.0407560195084164
"asset_liability_ratio","interest_burden",15,2.28659100891552e-05,-2.36789572231752e-05,-0.0408179896540551,-0.0240631621302628,0.0242892856655987,0.04057839101076
"asset_liability_ratio","interest_burden",16,1.98951177660359e-05,-0.000140048573728945,-0.0407682424794853,-0.0238741747343788,0.0241163950474185,0.0405601051346918
"asset_liability_ratio","interest_burden",17,1.12970515150217e-05,-4.10933478992652e-05,-0.0409641739758631,-0.0238242259397959,0.0238484810649891,0.0407343939698095
"asset_liability_ratio","interest_burden",18,-3.81438653650176e-06,2.00842210456535e-05,-0.0406527071075863,-0.0238823970990284,0.0238417434987779,0.0407733597640461
"asset_liability_ratio","interest_burden",19,-2.20336695284829e-05,-8.20402182209482e-05,-0.040718253578805,-0.0238361128438897,0.0237524541184401,0.0407063154930155
"asset_liability_ratio","interest_burden",20,-4.02154182339668e-05,7.15513351502267e-06,-0.0411218962524183,-0.0236247035319769,0.0237169856378258,0.0407887066887659
"asset_liability_ratio","interest_burden",21,-6.04176112190787e-05,-4.17650891753283e-05,-0.041218197210402,-0.0234238275065023,0.0235789905114456,0.0406679485275996
"asset_liability_ratio","debt_growth",1,-0.000127199617476287,0.00043177809995726,-0.0549512824766857,-0.0351566682470921,0.0338490521029497,0.0530881392387361
"asset_liability_ratio","debt_growth",2,-5.95285281131374e-05,5.90935386546661e-05,-0.0479160635002363,-0.0301201165758629,0.029961578741009,0.0476748494732369
"asset_liability_ratio","debt_growth",3,-8.06612270553576e-05,-0.000100868592533181,-0.0470227240120622,-0.0295499931207598,0.0295076250889008,0.0470461211928229
"asset_liability_ratio","debt_growth",4,-0.000164812843169411,-0.000327760900652777,-0.0461576935472578,-0.0290371773209178,0.0286742712805736,0.0463271143782526
"asset_liability_ratio","debt_growth",5,-0.000122438909450721,-9.35153560942262e-05,-0.0462100668876622,-0.0290677950176863,0.0286204444819915,0.0463011342331179
"asset_liability_ratio","debt_growth",6,-0.000113254255420574,5.50007391730487e-06,-0.0453695989902763,-0.0280499187770893,0.0279090563412906,0.0455945496684282
"asset_liability_ratio","debt_growth",7,-8.23822270399818e-05,0.000137838805384543,-0.0436597277441351,-0.0270518166741232,0.0266475138181901,0.0439190213263612
"asset_liability_ratio","debt_growth",8,-6.8237033828972e-05,0.000188377180034859,-0.0422900822707054,-0.0260074731828221,0.0255326176087055,0.0425995418523848
"asset_liability_ratio","debt_growth",9,-4.33651826246894e-05,7.08110821047326e-05,-0.0421375011343899,-0.0253355142838337,0.0251680671737341,0.0420913654864597
"asset_liability_ratio","debt_growth",10,-2.69544494897395e-05,4.89553481548468e-05,-0.0416532304155539,-0.0248098133803476,0.0247894471454372,0.041523553143678
"asset_liability_ratio","debt_growth",11,-1.88902656614864e-05,-2.93487555206964e-05,-0.0416204184086243,-0.0246682644000211,0.0245893094540068,0.0410709993090158
"asset_liability_ratio","debt_growth",12,-2.56886548001036e-05,-0.000104078283186229,-0.0408090640627164,-0.0243488568735602,0.0243431666164018,0.0406854864713428
"asset_liability_ratio","debt_growth",13,-3.00812109335721e-05,-6.33505372758489e-05,-0.0409189610016292,-0.0245012851844835,0.0241459795301943,0.0406062590744235
"asset_liability_ratio","debt_growth",14,-4.09604108605858e-05,-5.59480276906295e-05,-0.0410410013253715,-0.0242662652492812,0.0242648111669645,0.0404304221187291
"asset_liability_ratio","debt_growth",15,-5.46757415788331e-05,-0.000106278553750472,-0.040961853716434,-0.0242355689674535,0.0242022356425998,0.0404270782913707
"asset_liability_ratio","debt_growth",16,-7.3684820966272e-05,-0.000102483003647865,-0.0407915533751174,-0.0241775964461431,0.0241839269466251,0.0404789144302394
"asset_liability_ratio","debt_growth",17,-9.18440947508538e-05,2.3163538516674e-05,-0.0406197195611808,-0.0240759906824036,0.0239720209438617,0.0404652883054118
"asset_liability_ratio","debt_growth",18,-0.000110688463298045,-3.61800615860181e-06,-0.0405808247001307,-0.0239698245690723,0.0238635279172898,0.0404698892982897
"asset_liability_ratio","debt_growth",19,-0.000129125798031249,-5.14347444849192e-05,-0.0408044317767391,-0.0236617446274747,0.0238492421014844,0.0406405219502602
"asset_liability_ratio","debt_growth",20,-0.000146595226453735,-1.74040506890252e-05,-0.0407835467179853,-0.0234953179520835,0.0235762966539047,0.0406765876827184
"asset_liability_ratio","debt_growth",21,-0.000162009548632814,2.55651755470508e-05,-0.0405847822388913,-0.0234420916983689,0.0234293236120052,0.0407128445946792
"asset_liability_ratio","real_house_price_growth",1,-0.000360322775262192,-0.000323080795398775,-0.0540652633005162,-0.0348685659675681,0.0338781856899441,0.0533581190296828
"asset_liability_ratio","real_house_price_growth",2,-0.000224693400213034,-1.14184308108005e-05,-0.0478530762263555,-0.0305039312841224,0.0296821841248917,0.046957472021588
"asset_liability_ratio","real_house_price_growth",3,-0.000289975118098698,-0.000246128003696372,-0.0476591200573101,-0.0298798221236521,0.0290822859022474,0.0461259109957767
"asset_liability_ratio","real_house_price_growth",4,-0.000237897038808346,-8.3115928859571e-05,-0.0457433243351993,-0.0290267777388294,0.0284096872395294,0.0458341628273284
"asset_liability_ratio","real_house_price_growth",5,-0.000294380132977003,-0.000485558464043767,-0.0459205931379583,-0.0295308680478314,0.0287075436275847,0.0455295505055703
"asset_liability_ratio","real_house_price_growth",6,-0.000249917932441967,-0.000225177946003367,-0.0453467437600412,-0.0284696760694167,0.0279054022789341,0.044624413480191
"asset_liability_ratio","real_house_price_growth",7,-0.000216907639784428,-0.00025571237469322,-0.043716464826149,-0.0276680089445877,0.0270319059517807,0.0433190886572824
"asset_liability_ratio","real_house_price_growth",8,-0.00018206331545667,-0.000229948737907318,-0.04239068566611,-0.0261333448049919,0.0255658597022848,0.0415783557257231
"asset_liability_ratio","real_house_price_growth",9,-0.000157286559709171,6.12561185875815e-05,-0.0415621878727436,-0.0255976653470285,0.0249896219833132,0.0413528521395456
"asset_liability_ratio","real_house_price_growth",10,-0.000127244931490501,-0.000180760609232904,-0.0406466699452067,-0.0251685702510034,0.0247503811229958,0.0406430422439486
"asset_liability_ratio","real_house_price_growth",11,-9.56529570895309e-05,-0.000289246107035277,-0.040034558585734,-0.0247447534219459,0.0243584897348213,0.0399912867609716
"asset_liability_ratio","real_house_price_growth",12,-7.32981505786898e-05,-0.000466856626386596,-0.0398552830538051,-0.0242273402468601,0.024004643465961,0.0399851003587363
"asset_liability_ratio","real_house_price_growth",13,-5.57251871283238e-05,-0.000295876052496467,-0.0403461056355146,-0.0240614193155762,0.0238670704555928,0.0400273365648723
"asset_liability_ratio","real_house_price_growth",14,-3.95816246418112e-05,-0.000333388029122876,-0.0408048075204068,-0.023868748246418,0.0237501570385868,0.0401232312347465
"asset_liability_ratio","real_house_price_growth",15,-2.52835286555285e-05,-0.000331879447246136,-0.0409255747848766,-0.0236255333778491,0.0237481750187938,0.0404209918877262
"asset_liability_ratio","real_house_price_growth",16,-1.67405250241786e-05,-0.000345920162291569,-0.0409536616082321,-0.023488019147772,0.0236897578445847,0.0405346889402943
"asset_liability_ratio","real_house_price_growth",17,-1.35205005642008e-05,-0.000222642994094487,-0.0410617975998876,-0.0234123706020607,0.0236239006407619,0.0407108499489778
"asset_liability_ratio","real_house_price_growth",18,-1.20353855100678e-05,-0.000256099803540316,-0.0409229845371313,-0.0232588347259302,0.0235965436117721,0.0407880999493519
"asset_liability_ratio","real_house_price_growth",19,-9.27337233775851e-06,-7.93266368992097e-05,-0.0408590905298969,-0.0230385311152159,0.0234774051440464,0.0408469570634131
"asset_liability_ratio","real_house_price_growth",20,-7.73327804411515e-06,-9.638551610469e-05,-0.0407981856896131,-0.0228559056569331,0.0231890590840695,0.0406364475763029
"asset_liability_ratio","real_house_price_growth",21,-6.87994239463927e-06,-0.000106108044084144,-0.0407329169431908,-0.0227209687945844,0.023137686860416,0.0408788542183108
"asset_liability_ratio","asset_liability_ratio",1,-0.000239351329388507,-0.000366125313213461,-0.0543868233213125,-0.0341739800865916,0.034275688396179,0.0539118381358243
"asset_liability_ratio","asset_liability_ratio",2,-0.000248381406472198,-0.000564012881783016,-0.0480068677256646,-0.0306162864927752,0.0303868238822279,0.0477461168033469
"asset_liability_ratio","asset_liability_ratio",3,-0.000259168261428042,-0.000665617080786434,-0.0472842154456645,-0.0296512834799093,0.0295862336360186,0.0473266405245547
"asset_liability_ratio","asset_liability_ratio",4,-0.000286073541373588,-0.000700378834340194,-0.0462892663020793,-0.0289698049126608,0.0287149112583989,0.0464695614881749
"asset_liability_ratio","asset_liability_ratio",5,-0.000284504825346027,-0.000573997072824217,-0.0466701636788198,-0.0292880318128333,0.0290700813449152,0.0463120312325691
"asset_liability_ratio","asset_liability_ratio",6,-0.000323777922913588,-0.000648313951727375,-0.0456532301189595,-0.0284853073191356,0.0282899342826534,0.0449378518167454
"asset_liability_ratio","asset_liability_ratio",7,-0.000318551074733089,-0.000565718064427624,-0.044352226184344,-0.0275002825158801,0.027039226392049,0.0432483481731809
"asset_liability_ratio","asset_liability_ratio",8,-0.000315924862766743,-0.000456003897995058,-0.0423495838906282,-0.0262211827185726,0.0254702386677044,0.0414267131420537
"asset_liability_ratio","asset_liability_ratio",9,-0.00030474546530368,-0.00026861791649312,-0.0416379959100061,-0.0258379696304807,0.0249580824984968,0.0412758410882555
"asset_liability_ratio","asset_liability_ratio",10,-0.000311682344623194,-0.000399330359241835,-0.0410239532818468,-0.0253942844412225,0.0245843203873737,0.0408439942888053
"asset_liability_ratio","asset_liability_ratio",11,-0.000305264591690394,-0.000356739854981696,-0.0404350061238363,-0.0249245799786035,0.0240210386089305,0.0400001940285105
"asset_liability_ratio","asset_liability_ratio",12,-0.000291686927660663,-0.000199130231826562,-0.0403758126807292,-0.0245183939463699,0.0237995821347496,0.0397278123969986
"asset_liability_ratio","asset_liability_ratio",13,-0.000274291793317148,-2.1498127826513e-05,-0.0408376323529024,-0.0244420687910269,0.0236060838163901,0.0394887472044261
"asset_liability_ratio","asset_liability_ratio",14,-0.000261760235887162,8.12255257646364e-05,-0.0411494867291702,-0.0242169408348092,0.023592156361464,0.0399103969712182
"asset_liability_ratio","asset_liability_ratio",15,-0.00024499239755115,4.38140619812235e-05,-0.0411612094379091,-0.024292693803559,0.0233854778169259,0.0397914286543418
"asset_liability_ratio","asset_liability_ratio",16,-0.000225411028079862,2.02635369803975e-05,-0.0411872369170299,-0.024040399871989,0.023494491341511,0.0398480716123363
"asset_liability_ratio","asset_liability_ratio",17,-0.00020419141100859,0.000123681601860969,-0.0412090406550732,-0.0239832852459308,0.0233729017447562,0.0397901019957681
"asset_liability_ratio","asset_liability_ratio",18,-0.000188496155284852,0.000123652884513853,-0.0413678641826319,-0.023913507721313,0.0235261549643492,0.0400522994754457
"asset_liability_ratio","asset_liability_ratio",19,-0.000173996211707382,0.000112890588284957,-0.0413471470596186,-0.0238496529474215,0.0232978809257463,0.0404116812844135
"asset_liability_ratio","asset_liability_ratio",20,-0.000159526928571806,2.89641569303584e-05,-0.0413948600396847,-0.0234802448290507,0.0231461260408299,0.0403193567654629
"asset_liability_ratio","asset_liability_ratio",21,-0.000144531841853068,-3.53490860944564e-05,-0.0415118286193413,-0.0234337915053964,0.0228530573850966,0.0404324698594075
