"Variable","Shock","Horizon","Mean","Median","Lower_90","Lower_68","Upper_68","Upper_90"
"gdp_growth","gdp_growth",1,-0.0019541764780568,-0.000434349973248032,-0.764367741001458,-0.493268821618491,0.484498407093467,0.778619622432823
"gdp_growth","gdp_growth",2,-0.000466109742125991,-0.000332170489351989,-0.273415513398789,-0.17063922780751,0.171603642727934,0.279124860008661
"gdp_growth","gdp_growth",3,-0.00100435252364727,-0.000879926098430652,-0.187725384766949,-0.115385582439533,0.112441975309407,0.194705204716078
"gdp_growth","gdp_growth",4,-0.000651713634146663,0.000263641976418068,-0.141927138395776,-0.0856675629316512,0.0823690944904012,0.139880559647129
"gdp_growth","gdp_growth",5,-0.000484509159060374,-0.000859498080247652,-0.13683681465185,-0.081967936462405,0.0809140145275686,0.133967489949773
"gdp_growth","gdp_growth",6,0.000372303130845985,0.000205442272857705,-0.0945943271969042,-0.0537267790265528,0.0567911124050902,0.0944232539265787
"gdp_growth","gdp_growth",7,-0.000394107930728085,-0.00215145560024613,-0.0955990973628057,-0.0571756733704831,0.0571971283630612,0.0977161561369534
"gdp_growth","gdp_growth",8,0.000373907088291054,2.39750306328928e-05,-0.0724176791456875,-0.0418085380613642,0.0410046471099009,0.074758310073757
"gdp_growth","gdp_growth",9,-7.84142716514256e-06,-2.44250282937675e-05,-0.0695491701942407,-0.0391188109539369,0.0397666234717104,0.0707949203286368
"gdp_growth","gdp_growth",10,0.000419281650034556,0.000437180600276503,-0.058088772250914,-0.0325065097229145,0.0332112820676211,0.0586228075033636
"gdp_growth","gdp_growth",11,-6.63644015563777e-05,-0.000187255475047272,-0.0566484444801013,-0.0325796342918862,0.0321292163583124,0.0590533205557039
"gdp_growth","gdp_growth",12,0.000187499881364169,0.00019064886592746,-0.0502547422757832,-0.0274726741345312,0.0282852012101395,0.0499229471182497
"gdp_growth","gdp_growth",13,-0.000289090776241585,-0.000350432824873358,-0.0476023315720247,-0.0267638583127746,0.0262557029611396,0.0487439922114881
"gdp_growth","gdp_growth",14,-5.57932356797529e-05,0.000146820141633544,-0.046506497385208,-0.0245386896810248,0.0248402403861578,0.0455879084320483
"gdp_growth","gdp_growth",15,-0.000228805798289963,-4.32002380890675e-05,-0.0446916721080605,-0.023434155347967,0.0237639309056084,0.0432431342875152
"gdp_growth","gdp_growth",16,-5.9575846455646e-06,0.000426846844456459,-0.0444683737445131,-0.0227163111160359,0.0233649216155177,0.0434503305113575
"gdp_growth","gdp_growth",17,-0.000234217664300144,-0.000201744862998432,-0.0420516417870288,-0.0220160601299275,0.0217390318326071,0.0408944040934523
"gdp_growth","gdp_growth",18,-3.21176501628497e-05,0.000370021184382394,-0.0408963219972376,-0.0213128603249358,0.021598390663857,0.0411378888660004
"gdp_growth","gdp_growth",19,-0.000118101865366333,-0.000184995138281119,-0.0388602857511555,-0.0199307625881474,0.02029038649387,0.0392379565394797
"gdp_growth","gdp_growth",20,5.64409436902087e-05,0.000235299466933749,-0.0375253704944599,-0.019572355072331,0.0201646866245706,0.0376805772336952
"gdp_growth","gdp_growth",21,-8.82288933551178e-05,-8.92611963104985e-05,-0.0361419525569915,-0.018230990451636,0.0183273895727815,0.0356849024625162
"gdp_growth","consumption_growth",1,-0.00207705811162981,-0.00515445708288465,-0.766717110898462,-0.494732492342546,0.491464744649743,0.757938020942244
"gdp_growth","consumption_growth",2,0.000746670554577739,0.00149802160926588,-0.279493219879115,-0.173442746328221,0.175083438105877,0.280939925407045
"gdp_growth","consumption_growth",3,0.00158651444464133,0.00196060180994512,-0.186643859730741,-0.110605134359384,0.112058990701347,0.18472158806686
"gdp_growth","consumption_growth",4,0.00134943456053569,0.000552344832418093,-0.1371193588803,-0.0799877858115647,0.0840416079459245,0.139820400474845
"gdp_growth","consumption_growth",5,0.00129776225502915,0.00187445134337556,-0.136700261571484,-0.0829693552875315,0.084612714014088,0.13879448730229
"gdp_growth","consumption_growth",6,0.000438626320456468,0.000366795959818643,-0.0932816509128454,-0.0556289306349745,0.0551153487861726,0.0961003889649912
"gdp_growth","consumption_growth",7,0.00145813985334729,0.00184897962056219,-0.0985025471686977,-0.0560701908725137,0.0588141801495387,0.0981270372583563
"gdp_growth","consumption_growth",8,0.000232093827298679,0.000372609175049036,-0.0735793942175396,-0.040509147759379,0.0414327596269535,0.0744820660271803
"gdp_growth","consumption_growth",9,0.000743724322483033,0.00123318953782862,-0.0715339252393243,-0.0392925826175945,0.0408502711106105,0.070818621593774
"gdp_growth","consumption_growth",10,-5.43659268107498e-05,0.000114263897726204,-0.0615999411230121,-0.0320467176883714,0.0325080214037185,0.0607760104805332
"gdp_growth","consumption_growth",11,0.000414724306070477,0.000574041901579911,-0.0599483747637422,-0.0325588630821439,0.0323149734899566,0.0603372968850196
"gdp_growth","consumption_growth",12,4.0839434648296e-05,0.000135024709966777,-0.0521971141366718,-0.0281764946783844,0.0285474641548531,0.0517741245529893
"gdp_growth","consumption_growth",13,0.000406216518568088,0.000361403514487542,-0.049617134794126,-0.0257651098833412,0.0269440750689321,0.0502935426985743
"gdp_growth","consumption_growth",14,8.24330937104699e-05,-0.000118650442699671,-0.0463423265978139,-0.0243654574274055,0.0256933456132353,0.0470983210289503
"gdp_growth","consumption_growth",15,0.000457143391575207,0.000704929589188713,-0.0443437387787919,-0.0237458550816788,0.0245984517016133,0.0458107197429189
"gdp_growth","consumption_growth",16,0.000203558365722857,0.000395898324134536,-0.0434782993406996,-0.0232615297454496,0.0238058454614456,0.0427733738182864
"gdp_growth","consumption_growth",17,0.000493972620445834,0.000688327999709346,-0.0414502315671858,-0.0215211649381767,0.022641370893645,0.0414683874401624
"gdp_growth","consumption_growth",18,0.000296526902076841,0.000647168613942583,-0.0401331393674105,-0.0210923612272709,0.022085788994942,0.039823335830597
"gdp_growth","consumption_growth",19,0.00054359446776116,0.00046028217805657,-0.0376314130082153,-0.0191208246437859,0.0206577859981136,0.038091170820662
"gdp_growth","consumption_growth",20,0.000390867218947153,0.00044548324638427,-0.0372408280730994,-0.0186646490572193,0.0203694533204697,0.0376310215733288
"gdp_growth","consumption_growth",21,0.000602801788243104,0.000503313017267099,-0.0353588390202607,-0.0173756462153278,0.0190432748254171,0.0363477636180267
"gdp_growth","cpi_growth",1,0.001177780324622,-0.00218008673093289,-0.742310596350835,-0.474956554638217,0.480607339001285,0.757186704825775
"gdp_growth","cpi_growth",2,-0.00122446415816652,0.00192791748236858,-0.283359898303624,-0.173364742527964,0.172497247017931,0.277140141494049
"gdp_growth","cpi_growth",3,-0.000535908598519845,-0.000940288210216331,-0.186848502489031,-0.11348167453325,0.111168771040481,0.187595238449072
"gdp_growth","cpi_growth",4,-0.00177600178264715,-0.000871502224447072,-0.142378090479899,-0.0850448869159643,0.0799925374896523,0.134500107071612
"gdp_growth","cpi_growth",5,-0.000785502469260755,-0.0013486046621512,-0.139261271519052,-0.0842879231875478,0.0820682390961598,0.140789938190038
"gdp_growth","cpi_growth",6,-0.000121547522249426,0.000213878311388757,-0.0951116057764568,-0.0555240572830495,0.0531267256398482,0.0936055997395867
"gdp_growth","cpi_growth",7,-0.000932174550413927,-0.00115670585095496,-0.099503500254135,-0.0585215943970796,0.0574676751058822,0.0963273398935815
"gdp_growth","cpi_growth",8,-0.00093485167661274,-0.000415148579332109,-0.0749213478684373,-0.0426881927887331,0.0402661782603899,0.0697855641444222
"gdp_growth","cpi_growth",9,-0.000849536915607676,9.43334707046006e-05,-0.0729648380190148,-0.0399551943558181,0.0379237554806573,0.0673623303832942
"gdp_growth","cpi_growth",10,-0.000630002609040566,-0.000218474678423587,-0.0602046262322534,-0.0321899240922913,0.0312588165204821,0.0560463636157857
"gdp_growth","cpi_growth",11,-0.000836813584589105,-0.000590195590952192,-0.0608104640112979,-0.0331646239981321,0.0314408365721936,0.0560726194362484
"gdp_growth","cpi_growth",12,-0.000964088024608436,-0.000719653212022368,-0.0536266285373732,-0.0281876295495833,0.0272409056899147,0.0491520748018689
"gdp_growth","cpi_growth",13,-0.000850799519546453,-0.000464996856522664,-0.0510230546445999,-0.0271508438228855,0.0259986205154573,0.0470281729049644
"gdp_growth","cpi_growth",14,-0.000769077294452956,-0.000310853098750736,-0.047686468455225,-0.0257122104540244,0.0243232780782652,0.0456594190441893
"gdp_growth","cpi_growth",15,-0.000736657093504677,3.15443834846456e-05,-0.0456058755466202,-0.0240810072723612,0.0228177863215484,0.0437271315439054
"gdp_growth","cpi_growth",16,-0.000682656537856396,-0.000252267162532119,-0.0448633124265687,-0.023129818103358,0.0219027979365629,0.0436087150272287
"gdp_growth","cpi_growth",17,-0.00059668749165931,-0.000617385645357257,-0.0420666407017182,-0.0215792796162372,0.0210953884959991,0.0406869335158336
"gdp_growth","cpi_growth",18,-0.000532649172627988,-0.000594523612147811,-0.0411472329044307,-0.0213398960157253,0.0206188209384724,0.0402797264570782
"gdp_growth","cpi_growth",19,-0.000464516640556966,-0.000342840996533417,-0.0390434050601441,-0.0196462202368604,0.019497526787258,0.0382695691543518
"gdp_growth","cpi_growth",20,-0.00040662447634401,-0.000125969712215229,-0.0383847770833095,-0.0189848282571472,0.0185516864137323,0.0372710028660805
"gdp_growth","cpi_growth",21,-0.000336990191598528,-0.000202884701764609,-0.0362897050359011,-0.0176525709585886,0.0176449714522867,0.0353663396429763
"gdp_growth","saving_rate",1,-0.00258445750400308,-0.00498399890939516,-0.756039918116129,-0.491459590675091,0.481795564472404,0.759792834517983
"gdp_growth","saving_rate",2,-0.00215670075256447,-0.0025675477490351,-0.276293643749247,-0.168064751900862,0.167616442305303,0.272303148259193
"gdp_growth","saving_rate",3,-0.00211153636323043,-0.000694534441328108,-0.192915867255922,-0.11756497068363,0.110471301148591,0.181044104032074
"gdp_growth","saving_rate",4,-0.000415573561673065,-0.00192400932125614,-0.137024818948172,-0.0819953590544183,0.0835598897010332,0.139035124729828
"gdp_growth","saving_rate",5,-0.00124413067767771,-0.0005645773889,-0.139836284884955,-0.0844887787063728,0.0799948590000157,0.136803843544393
"gdp_growth","saving_rate",6,9.29317895634662e-05,-0.000883829508781961,-0.0927495334024072,-0.0566568298625946,0.0560411983535531,0.0952796907688123
"gdp_growth","saving_rate",7,-0.00106616302114607,-0.000858453914542251,-0.0972008343120651,-0.0589349213112646,0.0549625554273678,0.0969410610837769
"gdp_growth","saving_rate",8,-0.000717935192925863,-0.00162402438573635,-0.0736953736274263,-0.0424420815242472,0.0408980366742944,0.0738900554217544
"gdp_growth","saving_rate",9,-0.00080130848304359,-0.00154741051436132,-0.0708674601277105,-0.0409869944349958,0.0388939293896329,0.0713892990449065
"gdp_growth","saving_rate",10,-0.00023449043090522,-0.000567438218504458,-0.0588966047020305,-0.0337412216102828,0.0327739572462203,0.0612222512567338
"gdp_growth","saving_rate",11,-0.000786311878221394,-0.00107246348164457,-0.0589834424191399,-0.033458463761992,0.031147049450025,0.0600946986495682
"gdp_growth","saving_rate",12,-0.000454600963390714,-0.000908737046616722,-0.0529508334085603,-0.0292897296079657,0.0282295207346316,0.0530699594925552
"gdp_growth","saving_rate",13,-0.000504654993616347,-0.00099516263132123,-0.0508931365528487,-0.0270077022456915,0.0266816936457115,0.0490291183215925
"gdp_growth","saving_rate",14,-0.000276787600003166,-0.00059189324660115,-0.0481529077834963,-0.025983698859177,0.0259239269902983,0.0476310125538316
"gdp_growth","saving_rate",15,-0.000517480130436998,-0.000515943574340804,-0.0456994324322754,-0.0246048844999799,0.0239579994840394,0.0434011088590607
"gdp_growth","saving_rate",16,-0.000444405124757112,-0.000856554918975329,-0.0438671383191935,-0.023266975575551,0.0232522292057908,0.0436718591319277
"gdp_growth","saving_rate",17,-0.000498480162083699,-0.000458525890735123,-0.0416732121620007,-0.0223045430370729,0.0212680929454996,0.0409802204315148
"gdp_growth","saving_rate",18,-0.000408573845898736,-0.000503074991368137,-0.0409397294994154,-0.0215834492011618,0.0215913132551279,0.0399669259171091
"gdp_growth","saving_rate",19,-0.000532076147207833,-0.000331191116482277,-0.038809278034717,-0.0201218711902868,0.0193103462071196,0.0376499819475979
"gdp_growth","saving_rate",20,-0.000520666246095411,-0.000272228558778315,-0.038064666294775,-0.0197447660156184,0.0192459244518725,0.0363425053725438
"gdp_growth","saving_rate",21,-0.00056056003122501,-0.000150483570253888,-0.0372286125198,-0.0184555351089689,0.0175720864299439,0.0342915744560838
"gdp_growth","policy_rate",1,0.178758422446548,0.185670356581085,-0.481523322152313,-0.222923536831231,0.588978774146366,0.821967410243968
"gdp_growth","policy_rate",2,-0.0495723675808628,-0.0506478110303037,-0.302346478466065,-0.20206178684991,0.105446538287027,0.205073091139284
"gdp_growth","policy_rate",3,0.01600349817221,0.0166849710593995,-0.144108970537057,-0.084167227423206,0.11380802827448,0.182706929412045
"gdp_growth","policy_rate",4,-0.00572062203726807,-0.00744650094258154,-0.134330982200188,-0.0809667809275929,0.0696731556971635,0.123801049415714
"gdp_growth","policy_rate",5,0.00198134875976156,0.000195736649773429,-0.10017498393075,-0.0592094761668309,0.0646397927878958,0.106535410277918
"gdp_growth","policy_rate",6,-0.00217222645723407,-0.00323017231768325,-0.0790174821368741,-0.0489657778841144,0.0442546492047112,0.0744041161344356
"gdp_growth","policy_rate",7,0.0189766053970046,0.0182244233602345,-0.0492955389650762,-0.0203754868904488,0.0582937320754918,0.0905437827001401
"gdp_growth","policy_rate",8,0.0109006237284588,0.0107829995284856,-0.0472504250783649,-0.0233127099286698,0.0445019456728151,0.070784194806815
"gdp_growth","policy_rate",9,0.0160404576950832,0.0149026526140459,-0.036686637157911,-0.0150149036012135,0.0469955229912079,0.0717923784137892
"gdp_growth","policy_rate",10,0.0115567397099209,0.0103867373544407,-0.0347884167160889,-0.0161872319001528,0.0379843342390417,0.0617849255394147
"gdp_growth","policy_rate",11,0.0206318819213339,0.0183363426035275,-0.0212958549374822,-0.00524666245322792,0.0471349224720917,0.0695861022820558
"gdp_growth","policy_rate",12,0.0144297086977081,0.0123122570157172,-0.0227279877533442,-0.00855586835204507,0.0375689335269487,0.0589879456066377
"gdp_growth","policy_rate",13,0.0160039559704081,0.0137301451700054,-0.0198299837581709,-0.00531936303672132,0.038150771621899,0.0587927176595536
"gdp_growth","policy_rate",14,0.0110292779616332,0.00878882955798826,-0.021743230126115,-0.00820564984682014,0.0309493326416983,0.050289397048932
"gdp_growth","policy_rate",15,0.0134290308608845,0.0111064121249175,-0.0185274168590816,-0.00514703765202455,0.0325471275676281,0.0511735401038937
"gdp_growth","policy_rate",16,0.00863662006465871,0.00658711362973203,-0.0219943383791518,-0.00874054366284271,0.0262735344911574,0.0447183532289041
"gdp_growth","policy_rate",17,0.00844419454114791,0.00654622484394652,-0.0213516949936102,-0.00813450778678379,0.025201846394649,0.0429204215815615
"gdp_growth","policy_rate",18,0.00452751507583482,0.00319041607873876,-0.024858681493153,-0.0112476243889127,0.0201471282797543,0.0377296478176103
"gdp_growth","policy_rate",19,0.0049496351720524,0.00357760480990713,-0.0232318245541148,-0.0101757223830742,0.0201980232419604,0.0372493555681553
"gdp_growth","policy_rate",20,0.00194145841333579,0.000886429090994314,-0.026358060160092,-0.0126019826443631,0.0161399556876369,0.0323394917737634
"gdp_growth","policy_rate",21,0.00184686418021184,0.000918503424226742,-0.0247740494031438,-0.0122912039410569,0.0153539586021183,0.0314057222388152
"gdp_growth","interest_burden",1,0.00660659422437665,0.00760512866269432,-0.765788952100713,-0.474903733102796,0.480822171934687,0.77461811875284
"gdp_growth","interest_burden",2,0.00161904481670459,0.00226252968730422,-0.272381234187727,-0.172291703143371,0.172073283491023,0.28114469314673
"gdp_growth","interest_burden",3,0.00178850086295814,0.00215837193874684,-0.188181546684164,-0.111718799436363,0.113610578238758,0.185824281163666
"gdp_growth","interest_burden",4,0.000546697681806238,0.00125161154398464,-0.137858089383244,-0.0816101644240146,0.0825624240552881,0.139297828169797
"gdp_growth","interest_burden",5,0.00129447048797935,0.00231935191628041,-0.138946353591109,-0.0815684063068578,0.083849961933659,0.139652406276397
"gdp_growth","interest_burden",6,0.00121737862411262,0.00180746575195631,-0.0938417609900086,-0.0550690162097483,0.0574772553525879,0.0964638017920134
"gdp_growth","interest_burden",7,0.00122120619950837,0.00170776838972116,-0.0946076073872814,-0.0555606186608509,0.0573071565140496,0.0984238392012023
"gdp_growth","interest_burden",8,0.00060226628384493,0.000106067533032763,-0.07334514486857,-0.0407685682632273,0.0425965827279951,0.0752033437990944
"gdp_growth","interest_burden",9,0.000875749841404692,0.000241678543440952,-0.0694905399077473,-0.038892634914515,0.040960608752417,0.0725046545865895
"gdp_growth","interest_burden",10,0.000622857969678373,0.00069737586776958,-0.0583250240804653,-0.0319077196859888,0.033626712483113,0.0598614701702001
"gdp_growth","interest_burden",11,0.000525438064009811,0.00051943753407817,-0.057356914005644,-0.0309841484838719,0.0316946736598597,0.0580163656524283
"gdp_growth","interest_burden",12,0.000266815696807051,-0.000209116590310596,-0.0506464747092025,-0.0267439469477592,0.027932538157643,0.0506157772698813
"gdp_growth","interest_burden",13,0.000293691966227688,0.000453636834405319,-0.0479233353388088,-0.0253646897195019,0.0259488486187137,0.0480732956634614
"gdp_growth","interest_burden",14,0.000250927575896466,-0.000294620197350509,-0.0452039881050607,-0.024410524565943,0.0251289053426076,0.0465111849577728
"gdp_growth","interest_burden",15,0.000242588634394681,0.000244369649930438,-0.0430855438560075,-0.0232165663997496,0.023900683910171,0.0441088837553798
"gdp_growth","interest_burden",16,0.000136547635929865,-0.000119293313640441,-0.0417245422702861,-0.0229311099220586,0.0227566341493185,0.0435849862339603
"gdp_growth","interest_burden",17,0.000172731363946491,8.40230853141923e-05,-0.0399288015721414,-0.0214385934469979,0.0217677713876928,0.0416147500491957
"gdp_growth","interest_burden",18,0.000215063520331626,5.61738593985862e-05,-0.039186459701995,-0.0208993865408706,0.0211073500936465,0.0412304753129679
"gdp_growth","interest_burden",19,0.000233148734224395,0.000287564913377827,-0.037322261932142,-0.0201811538229963,0.0201008981922438,0.0392696584014509
"gdp_growth","interest_burden",20,0.000218662782130025,6.97700200775735e-05,-0.0362052993588685,-0.0192503531924134,0.0194743598434612,0.0377245155644911
"gdp_growth","interest_burden",21,0.000226611151757396,-1.18091169874057e-05,-0.0352520100230052,-0.0182954950868237,0.0185286568634009,0.0360227488860743
"gdp_growth","debt_growth",1,-0.000134756510598829,0.00392816159501684,-0.771694506290201,-0.484075718172081,0.481834432495796,0.754045839472879
"gdp_growth","debt_growth",2,0.00282573296408241,0.00414481604831837,-0.276922510333905,-0.167788982195789,0.174557664715354,0.276569051335665
"gdp_growth","debt_growth",3,0.000914803606284619,0.00280051740349422,-0.183025913145244,-0.112213439214578,0.110673586098973,0.185147396549059
"gdp_growth","debt_growth",4,0.00113230194322189,-4.04428884715549e-05,-0.135887948807329,-0.0793425137897408,0.0834770011599237,0.13918270800867
"gdp_growth","debt_growth",5,0.000636755206961444,-0.000272823079644506,-0.135021333980423,-0.0822050505689232,0.0835403119216597,0.136331230559703
"gdp_growth","debt_growth",6,0.00109891042850791,0.000935197182722848,-0.0911461507562301,-0.0536667549497129,0.0540675367715224,0.0965424612625207
"gdp_growth","debt_growth",7,0.000628983401538175,-0.000621832983605209,-0.0945339498459918,-0.0555921147577397,0.0585584445631435,0.0967385512601469
"gdp_growth","debt_growth",8,0.000728939277455334,-0.000539498686476799,-0.0695065449117447,-0.0403291644463319,0.0413742633553871,0.0743182043335886
"gdp_growth","debt_growth",9,0.000600975895248187,-0.000181181835323341,-0.0670837014986938,-0.0384229927452961,0.0399831973112119,0.0701922095463554
"gdp_growth","debt_growth",10,0.000714051733673886,0.000836611748022641,-0.0552431032487067,-0.0313809751760418,0.032331138380865,0.0585295537698349
"gdp_growth","debt_growth",11,0.00023013273393103,-0.000295283534780855,-0.0560523052645705,-0.0304648057118425,0.0320365871705865,0.0581077243590261
"gdp_growth","debt_growth",12,0.000300895988856956,-9.82270421468097e-06,-0.0488578487189893,-0.0275382256819189,0.0276485430190142,0.0504142203953028
"gdp_growth","debt_growth",13,0.000108912310008618,0.000420335802222262,-0.0489073036772805,-0.0257829616737222,0.0259728592113834,0.04851326903369
"gdp_growth","debt_growth",14,0.000156074068785563,0.000407876330277623,-0.0467300968719813,-0.0243080656161436,0.0247318600981266,0.045251790711183
"gdp_growth","debt_growth",15,-0.000103523822438248,0.000534549431768653,-0.0459127430518456,-0.0236964342876422,0.0237647642103653,0.0428348685885098
"gdp_growth","debt_growth",16,-5.97240996280827e-05,0.00033193788963387,-0.0454020281226862,-0.0231709122990688,0.0230000837091834,0.0409977297005846
"gdp_growth","debt_growth",17,-0.000103819632556597,0.000577722252423655,-0.043088930459544,-0.0218114952370962,0.0215708674321166,0.0394739297466328
"gdp_growth","debt_growth",18,-4.11513181900026e-05,0.000506383252434788,-0.0414879233390488,-0.0214649839023822,0.021463888911064,0.0389639939712851
"gdp_growth","debt_growth",19,-0.000122998253000613,0.000468185958620969,-0.039758341872426,-0.0202535407008581,0.0199368802770921,0.0371641167894823
"gdp_growth","debt_growth",20,-7.17694846105186e-05,0.000416790471439645,-0.0384241880139022,-0.0196423893515564,0.0194316111173275,0.0363923117919337
"gdp_growth","debt_growth",21,-6.22415531831826e-05,0.000333231630283952,-0.0378951602701541,-0.0182142761753609,0.0181906600468773,0.0342320441963333
"gdp_growth","real_house_price_growth",1,-0.0117409169691973,-0.0154564548445779,-0.791021298664935,-0.501471337046605,0.489898607943737,0.768569074778929
"gdp_growth","real_house_price_growth",2,0.00204521049684117,0.00469796261279017,-0.282835221010768,-0.170675901514977,0.172177953950949,0.281663335535868
"gdp_growth","real_house_price_growth",3,-0.000660819325763312,7.84046558689275e-05,-0.186896384645778,-0.115641586358946,0.112384663314118,0.185030499834996
"gdp_growth","real_house_price_growth",4,-0.000319779164868286,-0.000335955358647696,-0.141054986388399,-0.0818015894022195,0.0809559163680179,0.137830479976922
"gdp_growth","real_house_price_growth",5,-0.000298489892899151,-0.000343332755858686,-0.135396404481356,-0.0831277950502284,0.0812359906434478,0.135403811149821
"gdp_growth","real_house_price_growth",6,-2.25910748497852e-05,0.000640606271781967,-0.0949897086464793,-0.0555749200620339,0.0546474467718954,0.0925468565016765
"gdp_growth","real_house_price_growth",7,-0.000516205557623642,-0.00151126556374255,-0.100181104776578,-0.0567951864303521,0.0568958620743573,0.0957968880954999
"gdp_growth","real_house_price_growth",8,-0.00049312815771227,-0.00066777465439347,-0.0727591899335524,-0.0422136571117183,0.041393931000789,0.0708302674246744
"gdp_growth","real_house_price_growth",9,-0.000142184759461354,-0.000430084322563779,-0.0711018695496304,-0.0401521653520706,0.0403785233546462,0.0739298173206541
"gdp_growth","real_house_price_growth",10,-7.6859792098768e-05,-0.000175705032641719,-0.0591711298723221,-0.0321311235223361,0.0325535495997861,0.0611175927538167
"gdp_growth","real_house_price_growth",11,-0.000192006948176483,-0.000418678870785095,-0.0591570072994595,-0.0327044985405469,0.0323233056107335,0.0608583314974739
"gdp_growth","real_house_price_growth",12,-0.000218181064764067,-0.000431892152931213,-0.052015514738063,-0.0277634949446013,0.0281493795731371,0.0522273260938695
"gdp_growth","real_house_price_growth",13,-7.53758394937592e-05,-2.92068538699306e-05,-0.0492140337717381,-0.0265438655191789,0.0262151112075025,0.0496257924978481
"gdp_growth","real_house_price_growth",14,-5.91105260505106e-05,-0.000163046817865668,-0.0467379685046969,-0.0251181895671549,0.0248757494759635,0.046815522810421
"gdp_growth","real_house_price_growth",15,-2.19908441135941e-05,8.14278005870067e-05,-0.0442363234028933,-0.0239596564345073,0.0232647160973064,0.0453185784858721
"gdp_growth","real_house_price_growth",16,-0.000116850006351344,-0.000260018629252312,-0.0434978233958181,-0.0228925701805775,0.022785489948345,0.0432569575403827
"gdp_growth","real_house_price_growth",17,-1.2355126753571e-05,-0.000214243890382375,-0.0396393343747396,-0.0214258816837555,0.0210043681024057,0.0416240578109448
"gdp_growth","real_house_price_growth",18,-9.2698386333767e-05,-0.000190965956741374,-0.0397404644476948,-0.0210045777400028,0.0206497257770932,0.0406801810267036
"gdp_growth","real_house_price_growth",19,-3.80970583785763e-05,-0.000298282498461081,-0.0367685502033399,-0.0198764226482451,0.0187043751670613,0.0377526936355027
"gdp_growth","real_house_price_growth",20,-0.000164729511631515,-0.000148277964532023,-0.0369318910715745,-0.0193159198512115,0.0180718553200049,0.0372368316374946
"gdp_growth","real_house_price_growth",21,-8.79054647040431e-05,-0.000113231865002758,-0.0342366162420209,-0.0180876433742775,0.0169803202425885,0.0356007459444713
"gdp_growth","asset_liability_ratio",1,0.00040128079285196,-0.00073685892471255,-0.773172743560274,-0.497176217915113,0.49870607843422,0.777991050096508
"gdp_growth","asset_liability_ratio",2,0.00143074358920111,-0.00219715576058266,-0.272928538347922,-0.166658967523555,0.177077349320557,0.279165891517779
"gdp_growth","asset_liability_ratio",3,-0.000719783474739421,-0.00111206374096147,-0.187065884926445,-0.115096220963268,0.112044397444253,0.184949471640699
"gdp_growth","asset_liability_ratio",4,0.000368059845230982,0.00130379641817414,-0.141767479923037,-0.0823821042514808,0.0822605627901366,0.138015689998478
"gdp_growth","asset_liability_ratio",5,-0.00150649524812931,-0.0014919370698409,-0.136911596811446,-0.0839683682858684,0.0813325450084216,0.135507481271142
"gdp_growth","asset_liability_ratio",6,-0.000136005650566358,2.25146706494184e-05,-0.0948910209030085,-0.0559702200586139,0.0545621745787252,0.0960786497585901
"gdp_growth","asset_liability_ratio",7,-0.000571983647103725,-0.00057674374575572,-0.0994078883990322,-0.055551419989941,0.055468751133223,0.0959136377145488
"gdp_growth","asset_liability_ratio",8,-9.31775093325369e-05,0.000671717414174367,-0.0730562097835938,-0.0409969334450519,0.0402852258365198,0.0713903817298922
"gdp_growth","asset_liability_ratio",9,0.000264180726745772,-0.000179149830880263,-0.0699454114826621,-0.0382688620431572,0.0398353924048507,0.0692137813889588
"gdp_growth","asset_liability_ratio",10,0.000419409861898712,0.000453701218258659,-0.0597368377619661,-0.0320479031708579,0.0337247222574559,0.0591629164362153
"gdp_growth","asset_liability_ratio",11,0.000396885548409459,-0.000130369644928429,-0.0573961037081411,-0.0320532421712584,0.0329402350536963,0.0601052002366495
"gdp_growth","asset_liability_ratio",12,0.000419756075757799,0.000270780552366523,-0.051145919839362,-0.0272554167173924,0.0284807864585416,0.053020858867566
"gdp_growth","asset_liability_ratio",13,0.000561242898603786,0.000906103154532556,-0.0496239586914485,-0.0256853695048993,0.0264617489686636,0.0506321774177283
"gdp_growth","asset_liability_ratio",14,0.000567920061385918,0.000446650349218066,-0.047238018580004,-0.0248403258473238,0.025812701056695,0.0482673828670153
"gdp_growth","asset_liability_ratio",15,0.000509075009707453,0.000581649290345107,-0.0446352827445679,-0.0235436369306865,0.0243794738757094,0.0458058988213626
"gdp_growth","asset_liability_ratio",16,0.000511270539215082,0.000223148453228541,-0.043668035503124,-0.0226402101415833,0.0238387179924507,0.0447441750154754
"gdp_growth","asset_liability_ratio",17,0.000533039862395104,0.000587120558786255,-0.0417200229434446,-0.0213437135233035,0.0224492492047149,0.0419431943101009
"gdp_growth","asset_liability_ratio",18,0.000533840985769254,0.000318893849346509,-0.040774370121114,-0.020355123695251,0.022160906059666,0.041612718470505
"gdp_growth","asset_liability_ratio",19,0.000483817621443567,0.000714016634537275,-0.0383029978135014,-0.0191057870584043,0.0204505914289636,0.0385904120298844
"gdp_growth","asset_liability_ratio",20,0.000459679216449804,0.000402312811887405,-0.0383768439004477,-0.0189873663419656,0.0201413548143247,0.0379085696772994
"gdp_growth","asset_liability_ratio",21,0.000451519691952872,0.000679615673658312,-0.0367441980066074,-0.0174573524026099,0.0192088693027549,0.0358600868606652
"consumption_growth","gdp_growth",1,0.0025861682267511,-0.000677753682103305,-0.701813559939398,-0.44196287537609,0.454982608885457,0.710818331172836
"consumption_growth","gdp_growth",2,-0.00194882117329546,-0.00252840934394322,-0.296122684060125,-0.183957077751269,0.179670385261083,0.290766083416819
"consumption_growth","gdp_growth",3,-0.00218390913727633,-0.00182870624597479,-0.180614341214938,-0.109603332031374,0.108635136578198,0.176791784138915
"consumption_growth","gdp_growth",4,-0.000391675048855942,-0.000659296695656985,-0.137201806286318,-0.0814034901865227,0.0802740231053469,0.135290573651635
"consumption_growth","gdp_growth",5,0.000719270970767022,8.44320358293973e-05,-0.126140173072447,-0.0745036285923146,0.0780579186164019,0.131195359672665
"consumption_growth","gdp_growth",6,6.42906665604372e-05,0.000518812766458049,-0.0830941062545571,-0.0474128405150667,0.0488437122192355,0.0823978373373578
"consumption_growth","gdp_growth",7,-0.000558059963828136,-0.000904808698946697,-0.0768544713935695,-0.0433587456999605,0.0432420748300608,0.0773060911675378
"consumption_growth","gdp_growth",8,0.000574023848737978,0.000254435799552901,-0.0618021220031511,-0.0351778593541957,0.0357262650076843,0.0633491539885626
"consumption_growth","gdp_growth",9,0.000659462109212192,-0.000107115297472853,-0.0565124520843612,-0.0321649572641881,0.0336570443058775,0.0608373359536307
"consumption_growth","gdp_growth",10,0.000584096814045056,0.000585400714380042,-0.0508427253342852,-0.0286729916178805,0.0288286289909035,0.0521415022649857
"consumption_growth","gdp_growth",11,9.30736003895711e-05,0.000199289228032772,-0.0459652201815,-0.026641733621038,0.0261804171141398,0.0472369330098254
"consumption_growth","gdp_growth",12,0.00027701222358986,0.000718139792401568,-0.0454016384341254,-0.0252159965972089,0.0252414844826562,0.0454101816428052
"consumption_growth","gdp_growth",13,-0.0001351239764183,-0.000105079629466722,-0.0426587512809958,-0.0229295285939258,0.0223001921724364,0.0415584813520027
"consumption_growth","gdp_growth",14,-0.000197521006168944,0.000264858082615957,-0.0425190479147037,-0.022622015813185,0.0216032378122306,0.0414920162605473
"consumption_growth","gdp_growth",15,-0.000416744135761067,-0.00033303880004031,-0.0385874029060791,-0.0201727177891942,0.0195473805014765,0.0383954496176152
"consumption_growth","gdp_growth",16,-0.000260092835879682,-4.78108171734089e-05,-0.0395825610846343,-0.0197749620659934,0.0193974893999955,0.0370880631834945
"consumption_growth","gdp_growth",17,-0.000433560469207366,-0.000299478995609018,-0.035731149341223,-0.0186844121908282,0.0175349691742457,0.0345885189122998
"consumption_growth","gdp_growth",18,-0.000340409296598072,-5.20629985991446e-06,-0.0358229576512203,-0.0180546822623183,0.0174154045338724,0.0341115304965259
"consumption_growth","gdp_growth",19,-0.000416711975460272,-0.000297261220166176,-0.0327149009536762,-0.0173452207017922,0.016204521893348,0.0321020624078864
"consumption_growth","gdp_growth",20,-0.000245068128211143,-0.000103412447692414,-0.03253399103724,-0.016581775946073,0.0161016541588248,0.0311416763438936
"consumption_growth","gdp_growth",21,-0.000322187353787025,-0.000299683471612615,-0.0310140861377484,-0.0158325681106467,0.0152061371312906,0.0292247762167868
"consumption_growth","consumption_growth",1,-0.000707165213054933,0.000196116949219374,-0.705710654633618,-0.46238354289908,0.463245325574959,0.702620282206139
"consumption_growth","consumption_growth",2,0.00080938303147137,0.000246273086377567,-0.289857103017047,-0.181310551868822,0.185050906048511,0.29293247682349
"consumption_growth","consumption_growth",3,-0.000190545453405676,0.00094920871519476,-0.182658472825725,-0.109991429552324,0.110188439721225,0.175092349779879
"consumption_growth","consumption_growth",4,-0.000922594529091197,-0.000426721308043271,-0.13575613427405,-0.0827700809961586,0.0800893643627908,0.135007122638273
"consumption_growth","consumption_growth",5,0.000552542981063062,0.000784410575152274,-0.130094617451968,-0.0754122733621782,0.0765875633837979,0.131938757578387
"consumption_growth","consumption_growth",6,-0.000156637617253194,-0.000261950712231327,-0.0823552553467906,-0.0465146288797399,0.0473433468210391,0.0786484018798237
"consumption_growth","consumption_growth",7,0.00112369927161857,0.0007378008153558,-0.0744634868981082,-0.0415940146001824,0.0441628506333092,0.07762072066708
"consumption_growth","consumption_growth",8,-2.43628866421789e-05,9.93587020704303e-05,-0.0602728301580635,-0.0353118993863495,0.0349493854904681,0.0592751303791363
"consumption_growth","consumption_growth",9,0.000903447472150839,0.00101227694936779,-0.0557372598506691,-0.0316561793610126,0.0318916372741014,0.0584435043951788
"consumption_growth","consumption_growth",10,0.000200240046633679,0.000297653219095456,-0.0495138565278137,-0.0286725905803809,0.0287730698200516,0.052697765302959
"consumption_growth","consumption_growth",11,0.000664693261888633,0.000330556950931234,-0.0458627397257378,-0.02565070083571,0.0269947650198407,0.0486647163496641
"consumption_growth","consumption_growth",12,0.000111757640901499,-8.2622786201734e-05,-0.0459422553989045,-0.0257744692108145,0.0257154374665856,0.0462744141054307
"consumption_growth","consumption_growth",13,0.000474297661384362,1.97616982715325e-05,-0.0413345618580291,-0.0231604121620954,0.0237565161639236,0.0439880810771926
"consumption_growth","consumption_growth",14,-2.41261493288252e-06,-0.000202381654671927,-0.0421085530625928,-0.0233302942413828,0.0235513075717905,0.0431390948270044
"consumption_growth","consumption_growth",15,0.000246537358808128,0.000379443516617714,-0.0383592069680322,-0.0208930097506495,0.0208219836566204,0.0398059369929847
"consumption_growth","consumption_growth",16,-0.000161940006682473,-4.08998436525072e-05,-0.0393359670620729,-0.0209442338900376,0.0205029444736054,0.0386672119652837
"consumption_growth","consumption_growth",17,8.51713438400218e-05,-0.000120299280564112,-0.0350380344185691,-0.0184784540571534,0.018814086313761,0.035654681178421
"consumption_growth","consumption_growth",18,-0.000205572139779509,-2.19267606954791e-05,-0.0353025810150255,-0.0181882666326112,0.0177480449951809,0.034368519041507
"consumption_growth","consumption_growth",19,-3.13475235735975e-06,-0.000188873096472193,-0.032980381558048,-0.0167836579339788,0.0164537235287373,0.0323743894702265
"consumption_growth","consumption_growth",20,-0.000206697441595776,-0.00035323550748909,-0.0319248838758865,-0.016223495036343,0.0156227598244882,0.0312956907187791
"consumption_growth","consumption_growth",21,2.08917409119378e-05,-0.000201149821703964,-0.0304928609109396,-0.0151023295127853,0.0149094628451766,0.0309497788949773
"consumption_growth","cpi_growth",1,0.00338957336391789,-0.00624991867190947,-0.707318239183111,-0.44248044922985,0.461215158423237,0.702494335196996
"consumption_growth","cpi_growth",2,0.00124933812294859,0.00301022741152736,-0.282006527059233,-0.176209472229145,0.176381044664499,0.292447100761804
"consumption_growth","cpi_growth",3,0.00184802206694362,0.00311684879635815,-0.18047556129042,-0.109231825558369,0.111880089828762,0.179052806023973
"consumption_growth","cpi_growth",4,0.00116314455954812,0.00132869536537145,-0.135408466853896,-0.0791751244831592,0.0821768828792259,0.135605141914476
"consumption_growth","cpi_growth",5,0.000970676962427342,0.0003479969162454,-0.12806744032795,-0.0749499291630348,0.0782195742505646,0.131414897868224
"consumption_growth","cpi_growth",6,0.000388496587883082,-2.57769623213961e-05,-0.0819853279150336,-0.0484372596810706,0.0492008226796011,0.0825599882268271
"consumption_growth","cpi_growth",7,-0.000599564040055704,-0.000628772491700354,-0.0779028722064387,-0.0449396872882418,0.043644437558154,0.0774597300351693
"consumption_growth","cpi_growth",8,-0.00045481792172369,0.000147231140761175,-0.0625517779943204,-0.0350686499033605,0.0341627982864598,0.060574857242274
"consumption_growth","cpi_growth",9,-0.00035778251203103,1.49259145124005e-06,-0.0581276006138489,-0.0323292497148668,0.0322005116345961,0.0566798137417468
"consumption_growth","cpi_growth",10,-0.000477971201335495,0.000147297964991282,-0.0526253197552385,-0.0287855822555892,0.0277689004620618,0.0496074105282782
"consumption_growth","cpi_growth",11,-0.000507876513214926,-0.000124831034388407,-0.0475169482371584,-0.0259338280102937,0.0261992353706326,0.0460525076678671
"consumption_growth","cpi_growth",12,-0.000593544436803027,-0.000159073647776613,-0.0471457338710044,-0.025375205681445,0.0243721693404021,0.0438000407284515
"consumption_growth","cpi_growth",13,-0.000302552980451301,0.000152668001257064,-0.0409667490286464,-0.0230044209507466,0.02303113732624,0.0402726024983683
"consumption_growth","cpi_growth",14,-0.000338542814504185,-4.35986760502502e-05,-0.0413762389141301,-0.0222129682946075,0.0222153272681505,0.0400089342913983
"consumption_growth","cpi_growth",15,-0.000276651933013359,8.16238838194365e-05,-0.0380829337573964,-0.0202682675081741,0.020175121492177,0.0358505152719563
"consumption_growth","cpi_growth",16,-0.000300620071895352,-2.3344930661813e-05,-0.0377384255987959,-0.0198266650613958,0.0194413447389606,0.035749130285823
"consumption_growth","cpi_growth",17,-0.000136060545433236,5.44358143537912e-05,-0.0340721722097453,-0.0180942596854513,0.0180463741866757,0.0336197610327307
"consumption_growth","cpi_growth",18,-0.000146583621005807,7.19451770875177e-05,-0.0334505707793479,-0.0175543605630897,0.0173569648563698,0.0335537853729162
"consumption_growth","cpi_growth",19,-9.98514645632343e-05,0.000107006222139394,-0.0314296134932363,-0.0165506542569643,0.0162944118775375,0.0311796305830063
"consumption_growth","cpi_growth",20,-0.000140498958537626,-0.000146223814594212,-0.0313598991579576,-0.0157678463853363,0.0159373046900292,0.031314244110577
"consumption_growth","cpi_growth",21,-6.16228008550258e-05,-6.32305293797354e-05,-0.0294896113287516,-0.0152264443617829,0.0151611026521056,0.0297114103321677
"consumption_growth","saving_rate",1,-9.90221296956845e-05,-0.000359410207862038,-0.70381046979029,-0.455621934982013,0.45381898451162,0.708273495399704
"consumption_growth","saving_rate",2,0.000153999448614056,0.000800932784091626,-0.289409802993226,-0.175582012074976,0.177957100811803,0.288103595678421
"consumption_growth","saving_rate",3,-0.000384977624738166,-0.00117991028997422,-0.177771613453709,-0.10614475755602,0.106258065855682,0.178973667486789
"consumption_growth","saving_rate",4,-0.000150317838234785,-0.000269999079667692,-0.140384777283983,-0.0822705922534935,0.0811394667281855,0.135038326557711
"consumption_growth","saving_rate",5,-0.00141028145605249,-0.00222414345478435,-0.128394587615604,-0.0760147800313069,0.0725223076792229,0.12454039276267
"consumption_growth","saving_rate",6,9.21660456486678e-05,0.000496611120544569,-0.0845052815350872,-0.048217714124426,0.0497746273498146,0.0838589868273492
"consumption_growth","saving_rate",7,-0.000770979823999995,-0.00128125520033519,-0.0765042869156834,-0.0445482791214088,0.043886370183026,0.0783028550900044
"consumption_growth","saving_rate",8,-0.000255423011408554,-0.000973052011647711,-0.0615188250148654,-0.0346511087131506,0.035556496719669,0.0618009110363573
"consumption_growth","saving_rate",9,-0.00105850299173148,-0.00119937123910067,-0.0573745133369218,-0.03322322791897,0.0306870830564555,0.0563086136798474
"consumption_growth","saving_rate",10,-0.000231798449913856,-0.000215263780440218,-0.0520792178807144,-0.0290898410365197,0.029087961936367,0.0530310168980247
"consumption_growth","saving_rate",11,-0.000670882643951858,-0.000870833642229439,-0.0469955388429431,-0.0261492463904353,0.0257428734023718,0.0458904109627679
"consumption_growth","saving_rate",12,-0.000128362717856523,-0.000531319566039097,-0.0453147825885694,-0.0269009540859194,0.0260737048636158,0.0466585335296045
"consumption_growth","saving_rate",13,-0.000469137917732402,-0.0010830822124339,-0.0409659037650675,-0.0225813221347208,0.0224365484107804,0.0414165051222655
"consumption_growth","saving_rate",14,8.47270224317247e-07,-0.000405733489940755,-0.0420914305512026,-0.0228891479916419,0.0234505298406373,0.0420471606376863
"consumption_growth","saving_rate",15,-0.000155690789626025,-0.000519912574296106,-0.0378549509159819,-0.0204577855229419,0.0203646152814861,0.0379989788024214
"consumption_growth","saving_rate",16,0.000106685692343896,-8.63186402907772e-05,-0.0373759087326222,-0.0203719686378435,0.0209312736710689,0.0381605293044253
"consumption_growth","saving_rate",17,-6.595462762537e-05,-0.000336727657004621,-0.0339289591275036,-0.0179084171200284,0.0181312421538503,0.0349358604320412
"consumption_growth","saving_rate",18,0.000153424235777696,-0.00015701248164562,-0.0341226752579702,-0.0177184767457995,0.0186908059529922,0.0348889091362121
"consumption_growth","saving_rate",19,4.36629716193364e-05,-0.000461873970735432,-0.0311658544781639,-0.0161056524267009,0.0161575727218213,0.0321381787161248
"consumption_growth","saving_rate",20,0.000150829946731833,-1.83815144125757e-05,-0.0320559931223564,-0.0162982465621545,0.01647179991582,0.0322887699466381
"consumption_growth","saving_rate",21,2.90779834673463e-05,-8.42691807195436e-05,-0.0291891121631439,-0.0151327806815834,0.015020673553416,0.0307237087392562
"consumption_growth","policy_rate",1,-0.00818743265867345,-0.0222490499559398,-0.622831421671304,-0.391052150215056,0.388614286265735,0.622921382031905
"consumption_growth","policy_rate",2,-0.135459699517159,-0.135489955856571,-0.389117169350771,-0.290577580091573,0.0217495400264229,0.12602825792844
"consumption_growth","policy_rate",3,-0.0284614547106995,-0.0287763950654836,-0.180842638992357,-0.117885451199936,0.0630915305421587,0.121881015181094
"consumption_growth","policy_rate",4,-0.028895856557799,-0.0278922246925438,-0.150943942800469,-0.0990808933477565,0.0423004565552025,0.0893228883595932
"consumption_growth","policy_rate",5,0.0152728275933524,0.0168428931507827,-0.0792835397138759,-0.0398517320719204,0.0697248300924743,0.107505566600854
"consumption_growth","policy_rate",6,0.00649204366365673,0.00699679643501547,-0.0647200308369793,-0.0337867462070035,0.0466342212288125,0.0762909196135996
"consumption_growth","policy_rate",7,0.0222884224753062,0.0222684797221443,-0.0358034661832523,-0.0122871535824597,0.0566684145596382,0.081506274230701
"consumption_growth","policy_rate",8,0.0120348293099937,0.0124695721463,-0.0398599414111594,-0.0177384976018938,0.0410409082646468,0.0634172057956645
"consumption_growth","policy_rate",9,0.0230341070794426,0.0223256411145643,-0.0223543839559078,-0.00374955711071994,0.0499707700533451,0.0724143030710804
"consumption_growth","policy_rate",10,0.0120619183559465,0.0114755480169687,-0.0276273604179333,-0.0115394986969795,0.0360921092216834,0.0546919748456099
"consumption_growth","policy_rate",11,0.01617682497189,0.0147411697560626,-0.020831634905125,-0.00513986146591048,0.0382705152524861,0.0565162122456676
"consumption_growth","policy_rate",12,0.00683387790455171,0.00561242677042675,-0.0261020548354959,-0.0122772514168805,0.0263015880508884,0.0427970642307026
"consumption_growth","policy_rate",13,0.0105764501401117,0.00922071380523464,-0.021155980226825,-0.00711687566069883,0.0287615121114624,0.0447522967205052
"consumption_growth","policy_rate",14,0.0036553932187233,0.00285369444429655,-0.0253725379873336,-0.012851356892788,0.0199107090233127,0.0348611624345424
"consumption_growth","policy_rate",15,0.00554897880062758,0.0047258288236146,-0.0222543271448684,-0.00992786299063976,0.0210918260067949,0.0358659432349645
"consumption_growth","policy_rate",16,0.00028760126390307,-0.000263345732145846,-0.0271833834447027,-0.0142890122800036,0.0146544261101252,0.0285419812689461
"consumption_growth","policy_rate",17,0.00233258377333031,0.00189983574211101,-0.0238894679176463,-0.0119686441286206,0.0159932559527917,0.0294972688276662
"consumption_growth","policy_rate",18,-0.0012256017230353,-0.0013366396248089,-0.0277855096814454,-0.0145273934012257,0.0117648854316351,0.0249484909965667
"consumption_growth","policy_rate",19,0.000323638448292815,0.000131578710352301,-0.025418599318313,-0.0126029085573833,0.013000961150651,0.0254698813046699
"consumption_growth","policy_rate",20,-0.00219460870018805,-0.00215632985873777,-0.0274424899713517,-0.0146876686948838,0.00977568255717869,0.0220531958878872
"consumption_growth","policy_rate",21,-0.000619880131214373,-0.000775848205783913,-0.0249198624344611,-0.0128430032223014,0.011138785953063,0.0230480519735954
"consumption_growth","interest_burden",1,0.00542622537391567,-0.00197577848747928,-0.692682067466605,-0.449197701957865,0.458862217318795,0.719732057787596
"consumption_growth","interest_burden",2,0.00142246435195634,0.0015101895955147,-0.289588443636647,-0.170715482624142,0.174999020519449,0.295226570934327
"consumption_growth","interest_burden",3,0.00220086752275532,0.00143520968456193,-0.174488143304989,-0.106349337145345,0.110792003903377,0.183274899105681
"consumption_growth","interest_burden",4,0.000871685532719974,0.000560122890597589,-0.134010421982282,-0.0799228255875155,0.082728773507159,0.136579547316132
"consumption_growth","interest_burden",5,0.0011142476369148,0.00195845241640925,-0.129783553795239,-0.0753418043314082,0.0778786775946918,0.12596761758892
"consumption_growth","interest_burden",6,0.000258626530032607,0.000888511024259313,-0.0833152392594728,-0.0479783145755032,0.0482766688624826,0.0819430141761917
"consumption_growth","interest_burden",7,0.000227878424554894,0.000174403269295315,-0.075220030709487,-0.0441662939694141,0.0436090562731153,0.0762569307447304
"consumption_growth","interest_burden",8,-0.000202062131394977,-0.000514522390432561,-0.0617414445246376,-0.0354666552638929,0.0352019791467041,0.0622290610816507
"consumption_growth","interest_burden",9,-1.85315001163919e-06,-0.000530270835835986,-0.0565096059057614,-0.0315837132680519,0.0318853721929595,0.0565454193875158
"consumption_growth","interest_burden",10,-0.000422661873809882,-0.000869736025801929,-0.0498390888672237,-0.0290433242323765,0.02832602692712,0.0509685812071863
"consumption_growth","interest_burden",11,-0.00035223955099174,-0.000226066870428782,-0.0459866333059025,-0.0265611506993896,0.0252596139721882,0.0466961310018124
"consumption_growth","interest_burden",12,-0.000464893804351407,-0.000440780494136132,-0.0469345611590516,-0.0260413502813913,0.0246861247867375,0.0457816136092228
"consumption_growth","interest_burden",13,-0.000268594309435459,-0.00018049885195044,-0.0417355282794783,-0.0229586522109479,0.0219605848346052,0.0405622654039305
"consumption_growth","interest_burden",14,-0.000321902785259347,-0.000261724159419671,-0.0424468777011825,-0.0224991289113694,0.0218363031746438,0.0415357461493854
"consumption_growth","interest_burden",15,-0.000160318074554595,-0.000359070460572224,-0.0378122158714199,-0.0196930970060653,0.020016753618545,0.0377334479002037
"consumption_growth","interest_burden",16,-0.000181402969012881,-0.000303852683211165,-0.0388436096774859,-0.0196173397532121,0.0196587450553518,0.0371771418691034
"consumption_growth","interest_burden",17,-4.61562659183593e-05,-0.00031736146787544,-0.0336269974962356,-0.017699440875205,0.0173880799735381,0.0338304809665766
"consumption_growth","interest_burden",18,-3.47431247730154e-05,-0.000271540651545151,-0.0343481379498517,-0.0175567488157654,0.0174687877021906,0.0327672411209523
"consumption_growth","interest_burden",19,6.37336697100968e-05,-0.000170368670054013,-0.0316275658503946,-0.0160440768050654,0.0161238812146055,0.0307330860158472
"consumption_growth","interest_burden",20,9.38526514536127e-05,0.000146684506944115,-0.0311595523522032,-0.0156702470203952,0.0160499763286431,0.0301832977375415
"consumption_growth","interest_burden",21,0.000166914863500132,6.72255662622421e-05,-0.0287526156535619,-0.0145810228783077,0.0149520815344557,0.0292180911712326
"consumption_growth","debt_growth",1,-0.0012980310761538,0.00383644615906412,-0.704469789810361,-0.462547115936394,0.456286914544238,0.700475671751916
"consumption_growth","debt_growth",2,0.00278027969049212,0.00230012895163421,-0.294213849790855,-0.175801815031004,0.182319826989885,0.294221374370942
"consumption_growth","debt_growth",3,-0.000468339698996091,-0.000796174715613577,-0.180052852492743,-0.111042962888832,0.107974809074188,0.181006693043709
"consumption_growth","debt_growth",4,0.00176747601317079,0.00161152372937414,-0.133042288099545,-0.0807092779271258,0.0820792284857462,0.137112729924545
"consumption_growth","debt_growth",5,-6.93180420118309e-05,-0.000791146262366709,-0.128095167422718,-0.0746182788581507,0.0756092964893799,0.127380868701445
"consumption_growth","debt_growth",6,0.000222654679425967,0.000819565614618991,-0.0828809019657532,-0.0476402087481673,0.0478757354477778,0.0836147014709774
"consumption_growth","debt_growth",7,0.00027746020791753,0.000548981590655103,-0.0757434346384436,-0.0437641366145099,0.0434198346423039,0.0777736010877595
"consumption_growth","debt_growth",8,0.000286171576532833,0.000254137233633201,-0.061326345629217,-0.0353762376097534,0.0367646681785528,0.0632296773923926
"consumption_growth","debt_growth",9,-4.49048738383828e-05,0.000659126721464992,-0.0601373267988371,-0.0334715091005028,0.0318052024120508,0.0579251859155776
"consumption_growth","debt_growth",10,-9.8363200895493e-05,-2.78277735142477e-05,-0.0516091216329474,-0.0290393708038346,0.028655399313745,0.0517696028081781
"consumption_growth","debt_growth",11,-0.0003471404904525,-0.000220881003860917,-0.0476958539855952,-0.0260812760578111,0.0255323563413145,0.0466921320007433
"consumption_growth","debt_growth",12,-0.000256181083139474,-0.000151376316900924,-0.0456551426243342,-0.025206848018061,0.0241645460097358,0.0451015626853987
"consumption_growth","debt_growth",13,-0.000410905672852327,-0.000465932543110124,-0.0421928414064667,-0.0228444721028261,0.022207921254572,0.0410809701978553
"consumption_growth","debt_growth",14,-0.000301218660045808,-0.000261126846998585,-0.0415174361123478,-0.0224685460267373,0.0213414576522387,0.0398190884170817
"consumption_growth","debt_growth",15,-0.00032089661455248,-2.3577019496976e-05,-0.0371140792921013,-0.0207345514106164,0.0191861653551642,0.0363583280842906
"consumption_growth","debt_growth",16,-0.000203141616232585,-0.000294799627000794,-0.0368580192251239,-0.019795273877614,0.0190890900022546,0.0363154416389754
"consumption_growth","debt_growth",17,-0.000191758258074067,-9.3726275664232e-05,-0.0348720119966502,-0.0181302527849192,0.0177634456185142,0.0338093779152429
"consumption_growth","debt_growth",18,-0.000108931196920555,-0.000116112265724266,-0.0340035395827665,-0.0175904784969103,0.0166480286784355,0.0328974977088632
"consumption_growth","debt_growth",19,-8.19019411544619e-05,-6.82268756603951e-05,-0.0319108054283858,-0.0161598516712598,0.0161254554210335,0.030931614300407
"consumption_growth","debt_growth",20,-1.42235338330696e-05,-0.0002089396422323,-0.0311302587945615,-0.0157238333832806,0.0157661456837369,0.0306664786035979
"consumption_growth","debt_growth",21,2.13732877742221e-05,-8.54873130523099e-05,-0.0289500637674325,-0.0150486243631879,0.0150418253387432,0.0301065679218107
"consumption_growth","real_house_price_growth",1,-0.0170581143966501,-0.0182481893958102,-0.728749610550576,-0.467455468794598,0.429680842085135,0.700114268902903
"consumption_growth","real_house_price_growth",2,0.00243722486038461,0.00173344775617089,-0.294233390757367,-0.178561861221463,0.184120057109103,0.303087169007735
"consumption_growth","real_house_price_growth",3,-0.00122346308084278,-0.000329811060055018,-0.184021237548058,-0.110232745721887,0.107862355088437,0.179194417457694
"consumption_growth","real_house_price_growth",4,-0.000895782806347605,-0.000997613340464075,-0.135984060416304,-0.0825999843581921,0.0807423324555592,0.137922304921368
"consumption_growth","real_house_price_growth",5,-0.000470025789451769,-0.00142058100553765,-0.129238315694506,-0.0763231880814402,0.0760125471272737,0.128141957812431
"consumption_growth","real_house_price_growth",6,0.000212457168279532,-1.67284284604255e-05,-0.0814976279139618,-0.0481782486834448,0.0485103302316353,0.0838551679495507
"consumption_growth","real_house_price_growth",7,-0.0002669306189157,-0.000978774701892231,-0.0754703704358462,-0.0442524722820368,0.044388709506015,0.0784432994789126
"consumption_growth","real_house_price_growth",8,-0.000200658645038498,0.000484215856578253,-0.0605082670169519,-0.0354039398644913,0.0338004234612254,0.0602475196877768
"consumption_growth","real_house_price_growth",9,8.68829327785068e-05,3.98572735048602e-05,-0.0569484039539464,-0.0321477701601472,0.0322089797868991,0.0592992544955002
"consumption_growth","real_house_price_growth",10,-6.95522680767907e-06,0.000316182332581304,-0.0516993998055789,-0.0289325155593971,0.028814171681648,0.0518372512307728
"consumption_growth","real_house_price_growth",11,5.15252776605255e-05,-4.58283899911456e-05,-0.0469215616413983,-0.0252947098132222,0.0257364617776207,0.0487617560124614
"consumption_growth","real_house_price_growth",12,-7.13125462543036e-05,0.000162883290045864,-0.0471711102203507,-0.0249357771015193,0.025449221829617,0.0470684743337081
"consumption_growth","real_house_price_growth",13,-2.25913434545721e-05,-0.000448983633663654,-0.0413274936206269,-0.0224369908590174,0.022618621403573,0.041226436044576
"consumption_growth","real_house_price_growth",14,-0.000169505491724791,0.000274497261846878,-0.0419302181734807,-0.0227711398347892,0.0224291805301715,0.042744438773431
"consumption_growth","real_house_price_growth",15,-0.000141949003245052,7.12451390906532e-05,-0.0378687230409006,-0.0200270471692077,0.0196713066643532,0.0381297011038706
"consumption_growth","real_house_price_growth",16,-0.000314898119602179,2.78219003835146e-05,-0.0379355979934333,-0.0207213294228894,0.0198998622114112,0.0374209146900239
"consumption_growth","real_house_price_growth",17,-0.000225377906927915,-9.96390409894786e-05,-0.0342829927405886,-0.0184454565820152,0.0177376141050331,0.0337324425768802
"consumption_growth","real_house_price_growth",18,-0.000340510154602514,0.000100834508108463,-0.033998722548267,-0.0188034903524496,0.0177651125972972,0.0331181434021663
"consumption_growth","real_house_price_growth",19,-0.000241988033690315,-0.000130454894748393,-0.0309186802647607,-0.0168165942150284,0.0162210743007239,0.0312870262749127
"consumption_growth","real_house_price_growth",20,-0.000331544016410507,-9.28734818010405e-05,-0.0314210659727235,-0.0170993340973817,0.0156176370300121,0.0311702680291692
"consumption_growth","real_house_price_growth",21,-0.000181600563413346,-0.000145946002526258,-0.0293272752146771,-0.0155010650510125,0.0147414663200247,0.0305079812577218
"consumption_growth","asset_liability_ratio",1,-0.00220517125195517,-0.00748520154167375,-0.709498769232713,-0.461408797880992,0.454201053242397,0.701962047761575
"consumption_growth","asset_liability_ratio",2,-0.000546950109781853,-0.00154866186013004,-0.288608199776501,-0.176911715652899,0.174912427898964,0.292565961319509
"consumption_growth","asset_liability_ratio",3,-0.0027978699135261,-0.00273750169994733,-0.18374600668546,-0.111897367003446,0.106097788819414,0.17946052669802
"consumption_growth","asset_liability_ratio",4,-0.000713017053469095,-0.00163706262655938,-0.138036261953305,-0.082786713969579,0.0813784345664445,0.137437891833462
"consumption_growth","asset_liability_ratio",5,-0.000509813152324423,-6.516888973334e-05,-0.126903114402961,-0.0767881076414264,0.0758929520131616,0.128242689580378
"consumption_growth","asset_liability_ratio",6,0.000358895342214116,9.92895906198948e-05,-0.0826034821825724,-0.0480248783295448,0.0486284376659797,0.0818277151179524
"consumption_growth","asset_liability_ratio",7,-0.000170729447483972,-0.000507229177299699,-0.0765619494423644,-0.044129205876007,0.0443103549107774,0.0775095205908948
"consumption_growth","asset_liability_ratio",8,2.21195124547737e-05,0.000228455737249973,-0.0627307501700119,-0.0361348775809269,0.0358960056191957,0.0642085983788604
"consumption_growth","asset_liability_ratio",9,0.000108887788097833,-0.000216434340260065,-0.0569222456849663,-0.0328264631858647,0.0331007346425736,0.0580771926041287
"consumption_growth","asset_liability_ratio",10,-1.78496330871391e-05,0.000112771726779127,-0.0521229847433948,-0.0292824979491653,0.0293489171113741,0.052724467329528
"consumption_growth","asset_liability_ratio",11,-6.58851229816438e-05,6.03793870427999e-05,-0.0473736173733956,-0.0260866466663264,0.0260259454695478,0.0477400676652875
"consumption_growth","asset_liability_ratio",12,-0.000135086304380866,0.000572985600276184,-0.0477178389675269,-0.0260334555452472,0.0249090776276504,0.0467779062939761
"consumption_growth","asset_liability_ratio",13,3.87033168511558e-05,5.9639707600357e-05,-0.0419094253070337,-0.0233149213458167,0.0231191587248516,0.0428749581379153
"consumption_growth","asset_liability_ratio",14,-5.76364310972436e-05,0.000110220998685752,-0.0426347841217528,-0.0229103685544769,0.0223064193381272,0.0420124155320903
"consumption_growth","asset_liability_ratio",15,2.18105948191329e-05,0.000274182883862347,-0.0385885082484233,-0.0208998563011112,0.0204217128807384,0.0383105179714618
"consumption_growth","asset_liability_ratio",16,5.01779130378131e-05,-2.12155273691828e-05,-0.0387626512406822,-0.0204194867183901,0.0206034419359917,0.0388099683006058
"consumption_growth","asset_liability_ratio",17,0.000222329003670241,0.000387191110006042,-0.035378578633565,-0.0184067215275645,0.0186738328678087,0.035411316314802
"consumption_growth","asset_liability_ratio",18,0.000266207235811168,0.000291254414752731,-0.0344057118919672,-0.0178138788767343,0.0181551160954037,0.0351444134554272
"consumption_growth","asset_liability_ratio",19,0.000365378598521885,0.000331456917756903,-0.0322590412864088,-0.0163340572079122,0.0171690658753197,0.0333649703766856
"consumption_growth","asset_liability_ratio",20,0.000393008610931895,0.000172057529107246,-0.0312158638185635,-0.0161376419134247,0.0164625421318693,0.0328395442436522
"consumption_growth","asset_liability_ratio",21,0.000504484722656087,0.000349805262279529,-0.0294351666256573,-0.0148511208351223,0.0154993299787063,0.0307650464851486
"cpi_growth","gdp_growth",1,0.001774433336612,0.000546920826311795,-0.275668091605939,-0.17745802579416,0.182417933356878,0.27219248138439
"cpi_growth","gdp_growth",2,0.00196526244512565,0.00362675787618248,-0.146903416829292,-0.0906038513665346,0.0953038513130144,0.147279279691275
"cpi_growth","gdp_growth",3,0.00137721925336162,0.00150642363579667,-0.143998213203931,-0.0857746004695713,0.0919823428186932,0.142366780830885
"cpi_growth","gdp_growth",4,0.00128074585875817,0.00052858185156052,-0.0931726259530131,-0.0539886295046294,0.0578797679475845,0.0947246697896878
"cpi_growth","gdp_growth",5,0.000141252324374343,0.000144811962971536,-0.103630139947441,-0.0629169910070094,0.0630570025075594,0.10025454285723
"cpi_growth","gdp_growth",6,2.41643838593822e-05,0.000257227727088533,-0.0746027814031135,-0.0441742594597618,0.044251544197839,0.0754568068478497
"cpi_growth","gdp_growth",7,-0.00035954532711285,-8.7823536943253e-05,-0.067076457285469,-0.0398730840882917,0.0383656561963999,0.0653448035487668
"cpi_growth","gdp_growth",8,-0.000159280366720657,-0.0017706053681376,-0.0651397723765238,-0.0385547699,0.038956357115036,0.0650788098654217
"cpi_growth","gdp_growth",9,-0.00039911895742533,-0.000466682589996993,-0.0565120802403177,-0.0330431402165883,0.0325613431995652,0.0572616531176769
"cpi_growth","gdp_growth",10,-0.00022186693582873,-0.00117763891005334,-0.060905899410207,-0.0366257910971812,0.0365828782365991,0.0622631386051179
"cpi_growth","gdp_growth",11,-0.000177291784524695,-0.000584910002385101,-0.0530445089132538,-0.0305759457365788,0.0303846915695605,0.0539631714738936
"cpi_growth","gdp_growth",12,-6.20495286689997e-05,-0.00067597145117305,-0.0583809624060794,-0.0336558240786105,0.0338932416799492,0.0594676230340435
"cpi_growth","gdp_growth",13,-9.64248504094283e-05,-0.00011431760382544,-0.0483438165793604,-0.0276650067500776,0.0273475709145353,0.0496169591503207
"cpi_growth","gdp_growth",14,-4.88884439178842e-05,-0.000121068578986471,-0.0506984542758548,-0.0284079761274832,0.0286513786694651,0.0507458126821502
"cpi_growth","gdp_growth",15,-2.42105711134044e-05,-0.000166365607552092,-0.0421036513620644,-0.023069503301827,0.0237319299682966,0.0432843631316749
"cpi_growth","gdp_growth",16,-3.09325608506282e-05,-0.000177718126191576,-0.042909020134523,-0.0234007561972824,0.0238898845462468,0.0436164990170861
"cpi_growth","gdp_growth",17,-4.29031913860768e-05,8.18995530959751e-05,-0.0360975106278108,-0.0191112987424868,0.0191526004071485,0.0371337011358101
"cpi_growth","gdp_growth",18,-4.35378997884393e-05,-3.55376233465077e-05,-0.0362118945792033,-0.0189882532243864,0.0189834127050575,0.0364311215127411
"cpi_growth","gdp_growth",19,8.99524532090221e-06,-4.00836857834187e-05,-0.031622137477619,-0.0165208003610765,0.0163906722116863,0.0317547019200318
"cpi_growth","gdp_growth",20,2.07657644647687e-05,-7.08755526044127e-05,-0.0316450811617734,-0.0160982284015813,0.0161612174723387,0.0315455204459565
"cpi_growth","gdp_growth",21,7.29570706686812e-05,0.000107976379552849,-0.0285686476455697,-0.0146472013930104,0.0150587959417332,0.0289878125769147
"cpi_growth","consumption_growth",1,-0.00137613528667722,-0.0044350714673314,-0.2761654606341,-0.179012186090875,0.180326182297414,0.282348811727121
"cpi_growth","consumption_growth",2,-0.000260932312651617,-0.00111330996555039,-0.146248553067428,-0.0926080951502075,0.0924971264645104,0.144519532454775
"cpi_growth","consumption_growth",3,-7.80269525861048e-05,-0.0024063831094517,-0.141659050826102,-0.0886756614500793,0.0887348880002714,0.141997711559952
"cpi_growth","consumption_growth",4,0.00058829245012694,0.000966930132754053,-0.0930870026528317,-0.055578800825515,0.0561370083827558,0.0931658175274141
"cpi_growth","consumption_growth",5,-0.000753091243739387,-0.000705459404066514,-0.102483781436761,-0.0640586614637484,0.0629734585661018,0.101755208625247
"cpi_growth","consumption_growth",6,4.79326106561678e-05,-0.000146818778255573,-0.0746078227471679,-0.04331572459702,0.0436404400625346,0.071894381362351
"cpi_growth","consumption_growth",7,-0.000243502095251503,-0.00026464950013005,-0.0655138919192912,-0.0391200970484036,0.0377421915171815,0.0632768781034258
"cpi_growth","consumption_growth",8,-5.9695839705266e-05,0.000144318470075392,-0.0659676143890191,-0.0392751053893582,0.0396280896616481,0.0655311809662456
"cpi_growth","consumption_growth",9,-0.000516808939152449,0.000224232103941648,-0.0567485996090108,-0.0336177367106382,0.0316229308174543,0.0549230994030217
"cpi_growth","consumption_growth",10,-4.13069267850354e-05,0.000442081220969077,-0.0621606401832402,-0.0368866973274607,0.0359874958396793,0.0609648294088217
"cpi_growth","consumption_growth",11,-9.40281386153591e-05,-0.000132044230736433,-0.0540854401171955,-0.0303142073539649,0.0301264511136495,0.0523360321721218
"cpi_growth","consumption_growth",12,0.000261382356482662,0.000502658654382038,-0.059330332976628,-0.0335067573759031,0.0334935818233619,0.0580905088544528
"cpi_growth","consumption_growth",13,0.000111439134971493,0.000169984653087755,-0.0491098848868391,-0.0269414266669837,0.0267688011748724,0.0484842043579834
"cpi_growth","consumption_growth",14,0.000431361660055109,0.000494248961337877,-0.0498797715831489,-0.0286165456378086,0.0282607759961282,0.0507857693079351
"cpi_growth","consumption_growth",15,0.000366707266908905,7.37541846954099e-05,-0.0426446051904871,-0.0229469558757362,0.0232798163105791,0.0437742818096667
"cpi_growth","consumption_growth",16,0.000556051645298722,0.000541739081513615,-0.0427178974291618,-0.0233110758002189,0.0240462261914195,0.0450934021396185
"cpi_growth","consumption_growth",17,0.000424599679716368,0.000132264948806079,-0.0363726488231257,-0.0195263763781091,0.0198113207689066,0.0377874558194537
"cpi_growth","consumption_growth",18,0.000539096963126681,0.000442340425051532,-0.0356533111568862,-0.019069841470313,0.0198130457761692,0.0370853917338987
"cpi_growth","consumption_growth",19,0.00041844958331268,0.000456924412591553,-0.031572256175339,-0.0168364049881234,0.0174074791914709,0.0326677364939779
"cpi_growth","consumption_growth",20,0.000470614627800389,0.00042912288460703,-0.0314685846215174,-0.0164609761424993,0.0174040087114862,0.0321064833085498
"cpi_growth","consumption_growth",21,0.000341802331687938,0.000495377808525267,-0.0285309938059356,-0.01502715133622,0.0156095761872368,0.028669874062765
"cpi_growth","cpi_growth",1,-0.0037149507494217,-0.00440544736587221,-0.281451355713028,-0.183566063506135,0.175052238490306,0.284755941019287
"cpi_growth","cpi_growth",2,-0.000902382147438293,-0.00194705120924257,-0.145069345018323,-0.0917275175731429,0.091722362811327,0.145354938401524
"cpi_growth","cpi_growth",3,-0.000209588589445421,0.000189332170611565,-0.141125181685125,-0.0885328869346443,0.0882266643874896,0.139562652556623
"cpi_growth","cpi_growth",4,0.00047373130442507,0.000325933868091105,-0.0938027763815013,-0.0547325250684415,0.0560689172040839,0.0912403374494755
"cpi_growth","cpi_growth",5,0.000323511143851649,0.00046376751818583,-0.0995436053182337,-0.0635502438641235,0.0629181031249154,0.101648646351224
"cpi_growth","cpi_growth",6,0.00124720225341283,0.00115772796074128,-0.0718495083198227,-0.0428458007047527,0.0442733239387134,0.0761114558387972
"cpi_growth","cpi_growth",7,0.000979202469221531,0.000316367611908564,-0.0644761705021925,-0.0376920551390356,0.0395940822295383,0.0680430563173327
"cpi_growth","cpi_growth",8,0.00128666131683255,0.000998784285446724,-0.0641949442213913,-0.0375902059644045,0.0401950644545571,0.0673904608328613
"cpi_growth","cpi_growth",9,0.000840551854254959,0.000787225086979528,-0.0544004383080772,-0.032172376979025,0.0332054286338881,0.0573801650483161
"cpi_growth","cpi_growth",10,0.00093222432340894,0.000618216667208395,-0.0602516268721626,-0.0353238102109978,0.0371716789145583,0.0650572250446244
"cpi_growth","cpi_growth",11,0.000520940511822008,0.000329515305813087,-0.0508795936453078,-0.0301729207770199,0.0307267339512561,0.0539230895343116
"cpi_growth","cpi_growth",12,0.000488116928622742,0.000275116645210689,-0.0565938452820391,-0.0327177929646525,0.0336799436479187,0.0597899175753669
"cpi_growth","cpi_growth",13,0.000163535926795247,-0.000167058428835911,-0.0467080917119177,-0.0267119267975042,0.0268173853398225,0.0488975203146508
"cpi_growth","cpi_growth",14,9.88234236208907e-05,-0.000202123219155766,-0.0491999572677233,-0.0278385039485606,0.0278634096311492,0.050656213331903
"cpi_growth","cpi_growth",15,-0.00015246345498808,-0.000394273455395586,-0.0418673008956181,-0.0230807955880032,0.022909738872399,0.0424935445855686
"cpi_growth","cpi_growth",16,-0.000177210171045884,-0.000229606053895784,-0.042533234240765,-0.0235011934794106,0.0234817972546396,0.0422540380941949
"cpi_growth","cpi_growth",17,-0.000331127117320218,-0.000453406433261369,-0.0361861309043178,-0.0199730985065177,0.0190962798252303,0.0364267141733808
"cpi_growth","cpi_growth",18,-0.000351794085754334,-0.000175599305881394,-0.0360301094249935,-0.0198972238168023,0.0188826781608548,0.0362389397788643
"cpi_growth","cpi_growth",19,-0.000440886154246457,-0.000229960820038292,-0.0323808635543012,-0.0175084613707689,0.0166403947729769,0.0325176488341588
"cpi_growth","cpi_growth",20,-0.000405712548044084,-0.000197550433507549,-0.0318684984558789,-0.0174288388172438,0.016284662054584,0.0310630505035882
"cpi_growth","cpi_growth",21,-0.000424025525625742,-0.000314716377105354,-0.0293669349641868,-0.0152543930982041,0.0145863190719074,0.029028899489707
"cpi_growth","saving_rate",1,0.00220469251670202,0.00413849073119567,-0.287864845199885,-0.17886610997976,0.184607319973486,0.282867255570581
"cpi_growth","saving_rate",2,0.00132877411776863,0.00207710542005659,-0.146505954571245,-0.0921204295060766,0.0939132550411032,0.146600725608229
"cpi_growth","saving_rate",3,0.00186534844042056,0.00242680425031043,-0.142686552856451,-0.088106055399422,0.0927726104310498,0.145827567253394
"cpi_growth","saving_rate",4,0.000448038929906092,0.000655707524965973,-0.0915912783954817,-0.0556970872940802,0.0552488193839662,0.093073761087727
"cpi_growth","saving_rate",5,0.00169433810528115,0.00118183804028282,-0.105050310718136,-0.0623123638667592,0.0654118913266673,0.105418991600744
"cpi_growth","saving_rate",6,0.00107682488458807,0.000835500957651726,-0.0729873420656922,-0.0429401519162921,0.0445848779930841,0.0728697720336908
"cpi_growth","saving_rate",7,0.000938071718640265,0.00145252024403185,-0.0642221037299563,-0.0371718244724065,0.0388102720616402,0.0661683730828833
"cpi_growth","saving_rate",8,6.73063761503276e-05,0.000759480362757782,-0.0657028912764772,-0.0399057633790268,0.03948470041619,0.0657911871463586
"cpi_growth","saving_rate",9,0.000418394617132286,0.000572262935225317,-0.0541043511023819,-0.0322849609416193,0.0333248860077138,0.0580209813441875
"cpi_growth","saving_rate",10,6.05221422599924e-05,2.77616766028395e-05,-0.0636815402711784,-0.037836789974095,0.0372428198537232,0.063360090769961
"cpi_growth","saving_rate",11,1.47870802668806e-05,0.00019107037272875,-0.0545130943395824,-0.0309700736700849,0.0309596106627498,0.054158324296947
"cpi_growth","saving_rate",12,-0.000365615587737425,-5.86791101079513e-07,-0.0603040983407415,-0.0354130576171537,0.0347464900999529,0.0585305588800963
"cpi_growth","saving_rate",13,-0.00020660588348338,1.11407623013478e-06,-0.0492486789874035,-0.0274454835875005,0.0268125922567569,0.0481657554692105
"cpi_growth","saving_rate",14,-0.000359564714052216,0.00010233008175471,-0.051204186953789,-0.0293117104324837,0.0283937212167014,0.0511850496727704
"cpi_growth","saving_rate",15,-0.000312963012978775,-1.23972208491747e-05,-0.0426385672394611,-0.0236860006789026,0.0224899870117107,0.0417574844951612
"cpi_growth","saving_rate",16,-0.000447267508789179,5.41643940344294e-06,-0.0432388007579422,-0.0244015220458487,0.023086157281179,0.0422963521775192
"cpi_growth","saving_rate",17,-0.000325686535826831,-0.000245095177388172,-0.0371097027258032,-0.0194296282507849,0.0188127481950909,0.0357382857462365
"cpi_growth","saving_rate",18,-0.000354942564017997,-0.000220221124439288,-0.0365996770425823,-0.0192337089595153,0.0185917822004916,0.0354802399622408
"cpi_growth","saving_rate",19,-0.000277606082217347,-0.000194129663927728,-0.0316298317023205,-0.0166124589622072,0.016105552325905,0.0314607383285726
"cpi_growth","saving_rate",20,-0.000309867097554643,-0.000112322885261641,-0.0319186353807965,-0.0164766361485992,0.0162570714856385,0.0304670134907403
"cpi_growth","saving_rate",21,-0.000229005501051101,-9.51886500397688e-05,-0.0291726760276918,-0.0147925405192344,0.0149532428793583,0.028136166680321
"cpi_growth","policy_rate",1,-0.0644586024587319,-0.0557360931806792,-0.15521168003028,-0.112923633287022,-0.0177474500591451,-0.0059637389034903
"cpi_growth","policy_rate",2,-0.040465995038811,-0.0357183527521253,-0.0948114888083674,-0.0696088195080347,-0.0113505993387122,-0.00395248972523594
"cpi_growth","policy_rate",3,-0.0605814481737314,-0.0581307481989938,-0.117631837039665,-0.0938273832803599,-0.0267038867824641,-0.0117292289585748
"cpi_growth","policy_rate",4,-0.0304343868665629,-0.0252790472134088,-0.0753510988014849,-0.053501853514095,-0.00828607769693665,-0.00272747817578441
"cpi_growth","policy_rate",5,-0.0672400108214391,-0.0657608502298047,-0.11988655591869,-0.0967565827923112,-0.0368595728447434,-0.0192926706712034
"cpi_growth","policy_rate",6,-0.0492467023968444,-0.0463370941467174,-0.0982352557515038,-0.076082379610426,-0.0219158679382366,-0.00950165004686625
"cpi_growth","policy_rate",7,-0.0546462059166061,-0.0528248746944598,-0.104071141126144,-0.0811859621213216,-0.0267043927550671,-0.0123940654871996
"cpi_growth","policy_rate",8,-0.0291165082743159,-0.0270396013573627,-0.0757533798635495,-0.0534366232640248,-0.00491823610699391,0.00834904558987614
"cpi_growth","policy_rate",9,-0.0382345864074663,-0.0364953507682789,-0.0843898414753839,-0.0624597215868943,-0.0130408124944882,0.00115397308110601
"cpi_growth","policy_rate",10,-0.0211222643341212,-0.0193360334911426,-0.0626797926306153,-0.0434797333303565,0.00140773772301345,0.0145092101681896
"cpi_growth","policy_rate",11,-0.0218059270535444,-0.0204201002679662,-0.0622300640401477,-0.0431515518516358,1.00236586702329e-05,0.0132358689049173
"cpi_growth","policy_rate",12,-0.00621207865978599,-0.00528219718873905,-0.0422394984638597,-0.0255064401419411,0.013169703469297,0.0270706711643283
"cpi_growth","policy_rate",13,-0.00950972099553114,-0.00815768546098082,-0.0439296804151497,-0.0279282727004229,0.00928194912506427,0.021598456086699
"cpi_growth","policy_rate",14,1.43599571257116e-05,0.000404699280162422,-0.0309523712337691,-0.0166838715946917,0.0169014635707213,0.0311781862938876
"cpi_growth","policy_rate",15,-0.00167006154242112,-0.00140580459492918,-0.0318511452806248,-0.0177280600193855,0.0146668723680195,0.0281957180629388
"cpi_growth","policy_rate",16,0.00574221345609191,0.0052665142296696,-0.0225946557349803,-0.00920059192112629,0.0214125544961651,0.0358877816463566
"cpi_growth","policy_rate",17,0.00285726966026777,0.00244616876160693,-0.0234640133447282,-0.0118850345962849,0.0180595264354406,0.031071226302034
"cpi_growth","policy_rate",18,0.00700448691376439,0.0062181193612886,-0.0178966577420949,-0.00666147077216352,0.021262582598372,0.0351519615054329
"cpi_growth","policy_rate",19,0.00447800094093655,0.00361487865203374,-0.0188557347271213,-0.00885788391509352,0.018282943390249,0.0318026506526388
"cpi_growth","policy_rate",20,0.00736715779101766,0.0063178690490292,-0.0149069382757897,-0.00530330925500481,0.0205119212119262,0.0338733238914757
"cpi_growth","policy_rate",21,0.00462155571435831,0.00358487544597405,-0.0161687384424411,-0.00726725293923125,0.0172228378341515,0.0299881744890394
"cpi_growth","interest_burden",1,-0.00296881859344239,-0.000572384302642631,-0.28648713957612,-0.182125895533607,0.175296699643339,0.27693372751518
"cpi_growth","interest_burden",2,-0.00204143954146679,-0.00153791883830934,-0.147105088483004,-0.09528282063265,0.0889532170417868,0.143148327486872
"cpi_growth","interest_burden",3,-0.00140317604056765,-0.000415266700272441,-0.148297557663432,-0.0905060299660711,0.087421304811703,0.140538509185608
"cpi_growth","interest_burden",4,-0.000618819251853473,-0.000859360445949341,-0.0926056485272543,-0.0564602997071124,0.0552310876616554,0.093226814692823
"cpi_growth","interest_burden",5,-2.87414433069145e-05,0.00128764653665735,-0.104183243791518,-0.0641297337365949,0.0636270380459139,0.101744101070649
"cpi_growth","interest_burden",6,0.000634811633656983,0.000446815855241468,-0.0735144250420466,-0.0421099962311746,0.0438836730112387,0.0734197388762064
"cpi_growth","interest_burden",7,0.000965715581847652,0.00100770531698421,-0.0646961223675435,-0.0371845327765852,0.0391739890633418,0.0659935173647493
"cpi_growth","interest_burden",8,0.00108752233016751,0.000788806265021221,-0.0631164340891674,-0.0369188024368981,0.0392503158181152,0.0657071155907919
"cpi_growth","interest_burden",9,0.00104434370273521,0.000556369081060584,-0.0536205702102676,-0.0305025125080741,0.0330565393693058,0.0564833712688644
"cpi_growth","interest_burden",10,0.00107299808729604,0.00044399742743343,-0.0601542913190065,-0.0341401353430293,0.0381304593925965,0.0636157380804667
"cpi_growth","interest_burden",11,0.000901269275274654,0.000235986097832724,-0.0514733188593336,-0.0290873660255113,0.0310298250554142,0.0530354724743296
"cpi_growth","interest_burden",12,0.000709924833330906,8.98548498444809e-06,-0.0574285365070619,-0.0324251131059112,0.034473878132755,0.0609503167555937
"cpi_growth","interest_burden",13,0.000489919267455632,0.000395140672569818,-0.046869038997572,-0.0258480950059893,0.0277919634610958,0.0483380522476402
"cpi_growth","interest_burden",14,0.000355975819522976,0.00030897270528633,-0.0499235987863339,-0.0279562903867287,0.0290927245405805,0.0516167976643389
"cpi_growth","interest_burden",15,0.00017157742741342,0.000197417797569494,-0.0423078891272279,-0.0224408173447563,0.023382846654282,0.0437781114824553
"cpi_growth","interest_burden",16,2.94374653654091e-05,-8.90541793044547e-05,-0.0432868025307872,-0.0227508587755566,0.0236731831098191,0.0429123860626848
"cpi_growth","interest_burden",17,-9.63402003372096e-05,-0.000330363879041065,-0.0360988697130674,-0.0188763107787868,0.0193318874736283,0.0367483230427079
"cpi_growth","interest_burden",18,-0.000137759059229364,-0.000181803545757151,-0.0363341621080612,-0.0184901543014413,0.0189192539508418,0.0355516195808003
"cpi_growth","interest_burden",19,-0.000192363764268151,-0.000213441006118876,-0.0314872614213174,-0.0164921112546382,0.0166861050144138,0.0316765337135229
"cpi_growth","interest_burden",20,-0.000208164385500834,-0.000345430177401498,-0.0311979533388161,-0.0162429539664529,0.0165475669063896,0.0304954279312254
"cpi_growth","interest_burden",21,-0.000219421993658967,-0.000499205722688065,-0.0287215308592555,-0.0148921304515276,0.0148055348407525,0.0289248322753981
"cpi_growth","debt_growth",1,0.000447385833039061,-7.91315027286891e-05,-0.275596387537101,-0.17661069917725,0.174374823969504,0.27420835826818
"cpi_growth","debt_growth",2,0.000569885952708719,0.000997075007494385,-0.145631193364566,-0.0908260605626946,0.0899437740612795,0.147199396347527
"cpi_growth","debt_growth",3,0.0012189751710521,0.00225006583985273,-0.13873115525546,-0.0862321181487448,0.0877351106913179,0.140666374122294
"cpi_growth","debt_growth",4,0.000428252524466085,0.0001277031359351,-0.0905818338633325,-0.0564291907510149,0.0568524456947759,0.0915443956666506
"cpi_growth","debt_growth",5,0.000699830509613933,0.00103620205698821,-0.0996201958355965,-0.0616893677184992,0.0617097841272031,0.103730001459653
"cpi_growth","debt_growth",6,0.000710068899897303,0.000626582871939807,-0.0738924551701655,-0.0429315662340609,0.0445859267932437,0.0752396141473304
"cpi_growth","debt_growth",7,0.000766975593341348,0.000403037843924821,-0.0644582521905173,-0.0369651452739461,0.0391878482786445,0.0648370234106562
"cpi_growth","debt_growth",8,0.000626700606710134,0.000575846490209757,-0.0667187478936232,-0.0386692898038232,0.0398194715249863,0.0660726277344541
"cpi_growth","debt_growth",9,0.000690320628777547,0.000569917492984368,-0.0553999151160779,-0.0320086315208982,0.0334592613835185,0.0564153871325551
"cpi_growth","debt_growth",10,0.00066273657742053,0.000635084429011374,-0.0615677614568208,-0.0359787621855728,0.0372145951091519,0.0638687695540623
"cpi_growth","debt_growth",11,0.000528136474970134,0.000496191219923866,-0.0527413884331054,-0.0302965869968259,0.030765827712814,0.0543925760140019
"cpi_growth","debt_growth",12,0.000461225325581808,0.000341957186509376,-0.057599145180743,-0.0330902024839866,0.0341347291095271,0.0598791997530495
"cpi_growth","debt_growth",13,0.00035547009614274,-6.29670195111088e-05,-0.0482715961413865,-0.0272914121594124,0.027472537329872,0.0499902793618247
"cpi_growth","debt_growth",14,0.000343079622592101,7.59791298615455e-05,-0.0498875785961269,-0.0277207725607947,0.0288402357843287,0.051977739733027
"cpi_growth","debt_growth",15,0.000172268727328503,9.21765632508062e-05,-0.0421289179154554,-0.0237952975894842,0.0231711799357935,0.0439162069929344
"cpi_growth","debt_growth",16,0.000147309813767072,-0.00013911441723311,-0.0426521619505456,-0.0236486827666391,0.0238437818593199,0.0444081885265593
"cpi_growth","debt_growth",17,3.42323697097617e-05,-0.000241837843599392,-0.0355518183247989,-0.0202405747491466,0.0198346049706745,0.0383885469019445
"cpi_growth","debt_growth",18,5.53779514707024e-05,-9.81124022647616e-05,-0.0353869099998169,-0.0193691363936843,0.0194773199211782,0.0367200692406416
"cpi_growth","debt_growth",19,-6.12996386885927e-05,-0.000299599666849178,-0.0312198715665471,-0.0169190559196335,0.0169760248227345,0.0320875624574233
"cpi_growth","debt_growth",20,-4.10769067708113e-05,-0.000251044386312729,-0.0312645157690693,-0.0164721631550917,0.0161893350575083,0.0311888624555803
"cpi_growth","debt_growth",21,-0.000115631919379764,-8.56178507110082e-05,-0.0282525932837266,-0.0148562228457372,0.0144189461802439,0.0287521511463512
"cpi_growth","real_house_price_growth",1,0.00279897003474179,0.00286123521002987,-0.27886212584886,-0.17734015442027,0.182165866206961,0.280943756141205
"cpi_growth","real_house_price_growth",2,0.00300835007745575,0.00335941773785007,-0.141779817861049,-0.0893101275662285,0.0924533457980697,0.147391977400168
"cpi_growth","real_house_price_growth",3,0.00164462498099557,0.00253661914996346,-0.140304581891944,-0.0865961229480575,0.0899931223409588,0.143709359822895
"cpi_growth","real_house_price_growth",4,0.00070933694204042,1.74513304818813e-06,-0.0892787201175894,-0.0535629365132119,0.0549121005142025,0.0926165275101193
"cpi_growth","real_house_price_growth",5,0.000637416432209695,0.000276572937634853,-0.101520902086096,-0.061846425690706,0.0638388906511849,0.101027726834298
"cpi_growth","real_house_price_growth",6,0.000500539733738404,0.000831656131165623,-0.0728568781088316,-0.0425558191249489,0.0447159163892897,0.07258574860467
"cpi_growth","real_house_price_growth",7,0.000549811662654389,0.00125719656608863,-0.0648218603389712,-0.0381415081838975,0.0380082660206664,0.0642690018136936
"cpi_growth","real_house_price_growth",8,0.000480430057024433,0.000214853822583489,-0.0653122356001675,-0.0382218800612846,0.0389948248560169,0.0670578120963223
"cpi_growth","real_house_price_growth",9,0.000645364895050922,0.00091894156921554,-0.0546959277813458,-0.032169362711301,0.0333771784270377,0.0556247927740708
"cpi_growth","real_house_price_growth",10,0.000616694539111925,0.000174846359618025,-0.0625909952808021,-0.0361159921744034,0.0371518451407394,0.0643905748920529
"cpi_growth","real_house_price_growth",11,0.00072880463171255,0.000687283960904237,-0.0522266244443372,-0.0297323553164595,0.0311548777465175,0.0539596837045222
"cpi_growth","real_house_price_growth",12,0.000748740699475888,0.000112158669526064,-0.0571526951621025,-0.0325926459031513,0.0338587342115342,0.0626194643370607
"cpi_growth","real_house_price_growth",13,0.000756041651863016,0.000695784380105999,-0.0472042183063971,-0.0262422401756309,0.0268703480169436,0.0490292029239283
"cpi_growth","real_house_price_growth",14,0.000726175035302056,0.000346121991427714,-0.048912412703005,-0.0268187204909229,0.0280952361115984,0.052079296824004
"cpi_growth","real_house_price_growth",15,0.000683506404260886,0.000641959263373347,-0.0418700338423473,-0.0225526948409658,0.0235652880825935,0.0423774865995492
"cpi_growth","real_house_price_growth",16,0.000654233793180613,0.00033999026461615,-0.0415664250505033,-0.0224521333735333,0.0237018900922918,0.0434460102144983
"cpi_growth","real_house_price_growth",17,0.000538156542712055,0.0005241733209588,-0.0363625869514717,-0.0188856939796982,0.0197452530037106,0.0369113717428277
"cpi_growth","real_house_price_growth",18,0.000462103461857762,0.000373572082549532,-0.0358414256843179,-0.0187712021808873,0.0197412704756407,0.0367196092065179
"cpi_growth","real_house_price_growth",19,0.000319814348780484,0.000715030072192137,-0.0320112443270892,-0.0168485401912481,0.0169716196834166,0.03224880384155
"cpi_growth","real_house_price_growth",20,0.000261885664398526,0.000293673367878224,-0.0315557305752239,-0.01632310102379,0.0167280414861556,0.0314434785630534
"cpi_growth","real_house_price_growth",21,0.00011934403263555,0.000451761735001917,-0.0297448452749636,-0.0147859388122911,0.0148962169666648,0.0291722547555015
"cpi_growth","asset_liability_ratio",1,0.00446097903960959,0.00550165315639505,-0.275801381161955,-0.179751671345446,0.184565975565486,0.285660398183103
"cpi_growth","asset_liability_ratio",2,0.0019495919383835,0.00106228821510871,-0.143797283212547,-0.0908966235322652,0.0946748740973004,0.148256009749689
"cpi_growth","asset_liability_ratio",3,0.00174191158915168,0.000629705730715569,-0.142317396589479,-0.0871802202693139,0.091185304150991,0.145925865610531
"cpi_growth","asset_liability_ratio",4,0.000928512903156503,0.00101046406007292,-0.0894015752259586,-0.0559517049552216,0.057531292723235,0.0931692173573367
"cpi_growth","asset_liability_ratio",5,0.0011591120007533,0.00196390828308254,-0.102703785429057,-0.0620437787321068,0.0643734807831026,0.103898248990271
"cpi_growth","asset_liability_ratio",6,0.000110760800960951,0.000349839750364016,-0.0727446771727894,-0.0451021401929747,0.04423408707852,0.0745550162763503
"cpi_growth","asset_liability_ratio",7,0.000337626988307346,0.000988099255083405,-0.0644924257840873,-0.0399964523694228,0.0388131625591216,0.0663630508523641
"cpi_growth","asset_liability_ratio",8,-0.00014424539694477,-0.000414186699536309,-0.0650042175186274,-0.0398308188969107,0.0391301109998597,0.066225338707386
"cpi_growth","asset_liability_ratio",9,0.000204031310935242,0.000387404725976864,-0.0573413135456971,-0.0329494159427845,0.0328148275858694,0.0571570776602857
"cpi_growth","asset_liability_ratio",10,-0.000103138206626302,-0.000456758499176739,-0.0626295873595831,-0.0373938788908916,0.0365705109259777,0.0644922362640366
"cpi_growth","asset_liability_ratio",11,9.2241444705452e-05,0.000166906887115459,-0.0547312449842697,-0.0300280620111423,0.0303898057823887,0.0536774313585086
"cpi_growth","asset_liability_ratio",12,-0.000146615355754451,-0.000422876888342819,-0.059260200324698,-0.0346715886910686,0.033966405815229,0.059429483480449
"cpi_growth","asset_liability_ratio",13,-2.36122213567172e-06,0.000275515456327701,-0.0498058812519353,-0.0273755445038404,0.0266485826880084,0.0492287775145185
"cpi_growth","asset_liability_ratio",14,-0.00018623660748242,-0.00015956403696975,-0.0519633094095133,-0.0291047145936322,0.0277434936630923,0.0516607940545202
"cpi_growth","asset_liability_ratio",15,-0.0001192831878469,0.00013329730323485,-0.0439300135343849,-0.0233394348870509,0.0225611770481371,0.0432859165672199
"cpi_growth","asset_liability_ratio",16,-0.000254192050512605,-0.000368344331681053,-0.0434625917505282,-0.0237500848890538,0.0228240315254884,0.0427329799384153
"cpi_growth","asset_liability_ratio",17,-0.000209094331020638,-8.58466726696479e-05,-0.0377834696668479,-0.0195191960261963,0.0191043450205485,0.0362824859551908
"cpi_growth","asset_liability_ratio",18,-0.000306004792880707,-0.000517556871784863,-0.036336651641571,-0.019557742488701,0.018791674623377,0.0353623786113864
"cpi_growth","asset_liability_ratio",19,-0.000271801458539134,-0.000151902753764701,-0.0335401578575831,-0.0171426580049616,0.016770051995458,0.031979133959732
"cpi_growth","asset_liability_ratio",20,-0.000318504509267226,-0.0004697844248882,-0.0315928610665245,-0.0167382618535169,0.0161711677227002,0.0319972236194113
"cpi_growth","asset_liability_ratio",21,-0.000279357627358112,-0.000369496276344897,-0.0289640600123883,-0.0153159103723644,0.0148913586643689,0.0297604235586622
"saving_rate","gdp_growth",1,-0.00496952954580203,-0.0239514444786994,-0.718620299982363,-0.459616560060345,0.457891502471308,0.721055545628221
"saving_rate","gdp_growth",2,-0.00156681028232766,-0.00529143602443101,-0.452893313742466,-0.292539155824728,0.293441379483989,0.461391275861137
"saving_rate","gdp_growth",3,-0.000206434370506038,-0.00590099317384777,-0.455378858904629,-0.298010872144741,0.294991529443869,0.460875078378829
"saving_rate","gdp_growth",4,-0.000659659838083349,-0.00610429990691445,-0.465513350502984,-0.295364911304209,0.300905057126992,0.475984246256226
"saving_rate","gdp_growth",5,-0.00119221421866624,-0.00240516876733663,-0.433399048499556,-0.277003138494457,0.276525402067198,0.43555221330023
"saving_rate","gdp_growth",6,0.000592258506750011,-0.00412066586325027,-0.418053668272507,-0.26139387427805,0.270295006912823,0.423802725129173
"saving_rate","gdp_growth",7,0.000168339019199351,-0.0029200036778282,-0.402269547138993,-0.25029066435656,0.251662308333469,0.407688138738863
"saving_rate","gdp_growth",8,0.000264919263969372,0.000523624018956911,-0.39175555954696,-0.241310618225779,0.240915658930655,0.398697138997875
"saving_rate","gdp_growth",9,-7.88834602941263e-05,0.000168534706542585,-0.373681287994323,-0.230649673248812,0.229354925771846,0.38221271192274
"saving_rate","gdp_growth",10,-0.000142520528536407,-0.000508603131294307,-0.366573468434855,-0.225523440711256,0.223883443264934,0.375105615534637
"saving_rate","gdp_growth",11,-0.000770492172575781,-0.00213496277260386,-0.362148572049917,-0.223241859188903,0.220640819802262,0.369408128154003
"saving_rate","gdp_growth",12,-0.000996907900944645,-0.00116745717996732,-0.361830012502437,-0.221585055203476,0.216939088923399,0.367728315415616
"saving_rate","gdp_growth",13,-0.00136869142393558,-0.00345877522558819,-0.363188791898723,-0.227021877703921,0.217837537496955,0.366567359885871
"saving_rate","gdp_growth",14,-0.00134301639978284,-0.00296672181915599,-0.366027346376146,-0.230712509485124,0.219752215626181,0.371886505772317
"saving_rate","gdp_growth",15,-0.00163946509137606,-0.00430393475279591,-0.36887091347644,-0.233892873233195,0.220755668542009,0.379089252544383
"saving_rate","gdp_growth",16,-0.00173254776719977,-0.00235129863041701,-0.372848640590432,-0.234816024791454,0.222345204436365,0.379943889152863
"saving_rate","gdp_growth",17,-0.00196277065823189,-0.00333793596855142,-0.376659703976966,-0.235085748637637,0.223238679864555,0.383221964171352
"saving_rate","gdp_growth",18,-0.00201993217036274,-0.00208740682247532,-0.38317671646662,-0.236330726138771,0.223499898632437,0.381884392885226
"saving_rate","gdp_growth",19,-0.00226390305277588,-0.00116515177004671,-0.385214121876034,-0.234157007286364,0.224622452437607,0.384099267578759
"saving_rate","gdp_growth",20,-0.00243191008723417,-0.00113692598272351,-0.385209481377457,-0.23412526664599,0.222369119798388,0.38241146104884
"saving_rate","gdp_growth",21,-0.00268772013125969,-0.00019605190180126,-0.384775013207317,-0.233002184997815,0.220140044938052,0.381323387278298
"saving_rate","consumption_growth",1,0.00472546979387984,0.00384673164761104,-0.727810382153818,-0.46139963705292,0.476564226974819,0.730363842164662
"saving_rate","consumption_growth",2,0.00286662323646572,0.00316899142905961,-0.465965564674079,-0.294843558917517,0.295834979057763,0.469075189468016
"saving_rate","consumption_growth",3,0.00472909845006678,0.00548362356259935,-0.466525961106166,-0.293381446381739,0.300096288473979,0.473318591279615
"saving_rate","consumption_growth",4,0.0041145370625674,0.00636936634949123,-0.480143835384113,-0.296013396697172,0.306392975187546,0.480616961894606
"saving_rate","consumption_growth",5,0.00525657583542869,0.00683311752922824,-0.436794459213348,-0.270250577317636,0.282031570886446,0.445649905450035
"saving_rate","consumption_growth",6,0.00501779480487843,0.00324285857902501,-0.424444413302923,-0.260612685154744,0.276151940183722,0.435023850989893
"saving_rate","consumption_growth",7,0.00431050679761583,0.00563408037722675,-0.406793146760376,-0.247554202829449,0.25909807865233,0.412603893640727
"saving_rate","consumption_growth",8,0.00425084413817885,0.00700338581440206,-0.394913536424741,-0.239646241660381,0.251361397443756,0.400480277421217
"saving_rate","consumption_growth",9,0.00384912337261216,0.00704268603150539,-0.382484455023178,-0.230985885880583,0.236582444594632,0.381330047864555
"saving_rate","consumption_growth",10,0.00348152338755725,0.00431483575815969,-0.370038539205435,-0.227770990252229,0.233032377140949,0.37877208788549
"saving_rate","consumption_growth",11,0.00316871015147397,0.00679933237885472,-0.368266769019465,-0.225636529568442,0.230647438299167,0.36726654793265
"saving_rate","consumption_growth",12,0.00293257460745803,0.00679083502780497,-0.36730979365425,-0.22678155566085,0.228542644464133,0.363907309574998
"saving_rate","consumption_growth",13,0.0027117574152844,0.00599990973057735,-0.372023525462851,-0.225840524279793,0.229278038373037,0.364544557569773
"saving_rate","consumption_growth",14,0.00256223560518437,0.00481519915245885,-0.372749647597056,-0.228905533994336,0.231148989362448,0.370216754216443
"saving_rate","consumption_growth",15,0.00243501494148215,0.00445393457163564,-0.37929514038442,-0.228443186635417,0.227789359916804,0.377257743948351
"saving_rate","consumption_growth",16,0.00234245432073876,0.00392916757998397,-0.380240526658194,-0.229346471170006,0.228202067957452,0.37882032110873
"saving_rate","consumption_growth",17,0.00225756261161972,0.00338702306354088,-0.387102385253323,-0.229161323234148,0.22874330937863,0.382272374577337
"saving_rate","consumption_growth",18,0.00218374436624795,0.00282814590850777,-0.39555744642497,-0.228096584284439,0.228089566737609,0.3831880792432
"saving_rate","consumption_growth",19,0.00209511058121556,0.00315006320210426,-0.393279226847188,-0.226981082589669,0.227134829465916,0.382012896436572
"saving_rate","consumption_growth",20,0.00197143784043127,0.00315073121137115,-0.392900748979693,-0.226047664829394,0.22800634307464,0.382468426031091
"saving_rate","consumption_growth",21,0.00183268342785685,0.00312548184282063,-0.388906025360896,-0.223194394201534,0.226278195278818,0.379799709110648
"saving_rate","cpi_growth",1,0.00994947233924538,-0.000990004122145591,-0.710763243052154,-0.446568364025534,0.473499246238697,0.743287258143763
"saving_rate","cpi_growth",2,0.00804489823908714,0.00680483439682608,-0.440484378940471,-0.277633987971029,0.293660278564309,0.4673120344311
"saving_rate","cpi_growth",3,0.00612530888400788,0.00246969940798783,-0.445261100201089,-0.281504205500003,0.287551146260609,0.46426211521985
"saving_rate","cpi_growth",4,0.00650071875035078,0.00708630473763173,-0.451539608302014,-0.277495652675363,0.29493312142944,0.470219886500008
"saving_rate","cpi_growth",5,0.00624296738931861,0.0057905190612411,-0.417021173003566,-0.259976193047197,0.271956231031876,0.434268035583502
"saving_rate","cpi_growth",6,0.0057140992976014,0.00414322385173526,-0.404538759168392,-0.251986680092552,0.264155469885057,0.421308127830581
"saving_rate","cpi_growth",7,0.00461629387138102,0.00310805989996144,-0.388850180624883,-0.241912398660107,0.250385607962278,0.407225529139576
"saving_rate","cpi_growth",8,0.00475921164249476,0.000779711059743361,-0.380419844113239,-0.238444579602273,0.244892125052618,0.394809073163095
"saving_rate","cpi_growth",9,0.00509781472812598,-0.00156080024579484,-0.36789079156614,-0.222696862511348,0.23658029890464,0.382623903095264
"saving_rate","cpi_growth",10,0.00534020797032366,-0.00362617666982448,-0.356813679855646,-0.216949131399675,0.228586077328873,0.373112232324493
"saving_rate","cpi_growth",11,0.00548361334227302,-0.000495141602457273,-0.354631113583851,-0.213095354204648,0.225688088023538,0.372803172735344
"saving_rate","cpi_growth",12,0.00581271709850084,-0.000593233597814546,-0.351082322909762,-0.211514599797866,0.226589678445971,0.372704542846156
"saving_rate","cpi_growth",13,0.00613538050832589,0.00122500286358216,-0.351494316282867,-0.212337838166819,0.225101540780413,0.370830439343902
"saving_rate","cpi_growth",14,0.00626734076431186,0.00252933377731134,-0.35644419495399,-0.215770493423257,0.224695734741419,0.373059096155715
"saving_rate","cpi_growth",15,0.00635408825846476,0.00440503733349201,-0.360732573633091,-0.21869725569331,0.226663493948107,0.378222586902292
"saving_rate","cpi_growth",16,0.00637575242845436,0.00514012602877737,-0.366118560926687,-0.221419223337702,0.229381655187664,0.378103562204934
"saving_rate","cpi_growth",17,0.00637650835760535,0.00567820108051632,-0.36674042744796,-0.223602918652959,0.23033447784753,0.383229539512401
"saving_rate","cpi_growth",18,0.00626718994205696,0.00415529858352185,-0.371472991396302,-0.22520681924375,0.232595073049145,0.38509084882611
"saving_rate","cpi_growth",19,0.00617083690518217,0.00411348759242778,-0.3711269355377,-0.222373144010741,0.231500218170029,0.388619623288407
"saving_rate","cpi_growth",20,0.00605645642845172,0.0034676539487328,-0.374930654555593,-0.221237149631873,0.229864989750443,0.391730614597547
"saving_rate","cpi_growth",21,0.00595926917606056,0.00310898893503638,-0.374018293866587,-0.217748433936443,0.228610959885291,0.391780229529263
"saving_rate","saving_rate",1,-0.0070805175254067,-0.00950050931433654,-0.731051289976155,-0.472316863334303,0.460386990589407,0.715283192565932
"saving_rate","saving_rate",2,-0.005067785742144,-0.0102955172954261,-0.462523146914389,-0.294018804132506,0.286454511180944,0.453918671245135
"saving_rate","saving_rate",3,-0.00304149188758718,-0.0109644663270231,-0.465194676512906,-0.299804103562274,0.297856188518088,0.473790703044958
"saving_rate","saving_rate",4,-0.00445467617897334,-0.00696066206458575,-0.472670358137423,-0.300872778025403,0.288695648319033,0.478969330162527
"saving_rate","saving_rate",5,-0.00243255615268304,-0.00715673500893718,-0.431644044578686,-0.276701716161993,0.270196717901278,0.437852376499607
"saving_rate","saving_rate",6,-0.00178601453748653,-0.00699594432040811,-0.419088455532144,-0.269824121051536,0.265628458581202,0.433011164529813
"saving_rate","saving_rate",7,-0.00149188791270704,-0.00352764257549347,-0.401872097348017,-0.254158393739765,0.250954051314961,0.409892307758426
"saving_rate","saving_rate",8,-0.00117369421930383,-0.00293322279751202,-0.389742674082259,-0.244251166777963,0.242521844074841,0.400791499132216
"saving_rate","saving_rate",9,-0.000911204557012956,-0.00218016504892088,-0.377324411161351,-0.234828709310638,0.233919877040315,0.388047828581849
"saving_rate","saving_rate",10,-0.000701367946376445,-0.000170725855234059,-0.371508485846256,-0.231952300461926,0.231117489357327,0.375842207294829
"saving_rate","saving_rate",11,-0.000731396622271499,0.00135041930627699,-0.368933264137062,-0.226977478246959,0.225300935892687,0.366126210425307
"saving_rate","saving_rate",12,-0.000675053344188255,0.00148475176328501,-0.365757605596739,-0.224516249363191,0.223232850443509,0.359755476846865
"saving_rate","saving_rate",13,-0.000749174591965566,-0.00126528988045565,-0.368713955283719,-0.224609394426065,0.223056274235668,0.358075474816382
"saving_rate","saving_rate",14,-0.000725620294902382,-0.000280781268082333,-0.371862455798994,-0.229633192492254,0.223784941705515,0.362117843339596
"saving_rate","saving_rate",15,-0.000837962076833412,-0.00207679647062128,-0.376390242691941,-0.230095142958607,0.2249447095248,0.365601368497655
"saving_rate","saving_rate",16,-0.000869281153955472,-0.00317588889295804,-0.381369739530624,-0.23008114379943,0.224930211407807,0.37507153182797
"saving_rate","saving_rate",17,-0.000934525752844856,-0.00143398447233398,-0.381926435845851,-0.230725647985765,0.226756856188359,0.37605066040738
"saving_rate","saving_rate",18,-0.000900511910950732,-8.51664557815411e-06,-0.383966913195608,-0.232494969761107,0.227880141067899,0.379879700046781
"saving_rate","saving_rate",19,-0.000894594525539103,-0.000200812244608871,-0.383618616168723,-0.232286180405233,0.226595030384781,0.383429878822459
"saving_rate","saving_rate",20,-0.000807832129974425,-0.0010109389604172,-0.38830879830751,-0.230906751547874,0.22417601513081,0.384584088577595
"saving_rate","saving_rate",21,-0.0006996446003497,-0.00260175421266341,-0.384862843359359,-0.230038392603987,0.224938331053844,0.382522000617824
"saving_rate","policy_rate",1,0.0337843406820644,0.0382082910680681,-0.608456559686158,-0.378039243964282,0.439789103746244,0.67425271473351
"saving_rate","policy_rate",2,0.0665243690372417,0.0692442816641926,-0.336134713749184,-0.177971538721708,0.310872100819442,0.452007757649279
"saving_rate","policy_rate",3,0.120088489974104,0.122260426517263,-0.291619854594766,-0.120125352168083,0.365641065447441,0.515629979977409
"saving_rate","policy_rate",4,0.115713031064337,0.114939516064639,-0.298681074694319,-0.124996347719436,0.362361523919753,0.518024020053992
"saving_rate","policy_rate",5,0.102545429968286,0.101438362935848,-0.27167644397883,-0.125228018510735,0.33089106233681,0.477616167239013
"saving_rate","policy_rate",6,0.0739781289667358,0.0699708202302667,-0.286973121098398,-0.146666382615727,0.292527048561675,0.439807773192997
"saving_rate","policy_rate",7,0.0448165239610241,0.0371557689267369,-0.293561333527557,-0.163966219781218,0.255402344241704,0.396590178723203
"saving_rate","policy_rate",8,0.00904003005890784,0.00161066233316577,-0.321505939249321,-0.192127417387687,0.215239918352735,0.354070729467701
"saving_rate","policy_rate",9,-0.0156052961743776,-0.0220613871493211,-0.33855544224108,-0.212813509153645,0.181927899941278,0.313995305496145
"saving_rate","policy_rate",10,-0.0345039989189659,-0.0393732754822032,-0.351330261042207,-0.225582222620163,0.156495567806914,0.290827574637256
"saving_rate","policy_rate",11,-0.0468141463347366,-0.0525445185716985,-0.358842765578753,-0.230358615093131,0.143055208407975,0.270668853393746
"saving_rate","policy_rate",12,-0.055673446762049,-0.0586590608013461,-0.365053247062069,-0.23746535192347,0.13026841268383,0.255367652731167
"saving_rate","policy_rate",13,-0.0576475793061054,-0.0590104888862118,-0.366945580156569,-0.2363972179209,0.124864287105673,0.248685723586095
"saving_rate","policy_rate",14,-0.0561826773867702,-0.0582047821802407,-0.363936187180283,-0.233035397571456,0.122392249169077,0.245265398979207
"saving_rate","policy_rate",15,-0.0515908608346615,-0.0514122982841096,-0.357940392317618,-0.225733176440538,0.125646069757577,0.245294399522608
"saving_rate","policy_rate",16,-0.0466561084413822,-0.0444841455096378,-0.350485800298926,-0.219202327885236,0.127884361054639,0.245634042456995
"saving_rate","policy_rate",17,-0.0401329804904399,-0.0358857897145971,-0.340513501542012,-0.210788375797274,0.131854495740563,0.250066783963576
"saving_rate","policy_rate",18,-0.0338680291911721,-0.0294623677966714,-0.333468707893372,-0.203580016935696,0.138678897477351,0.251853377004671
"saving_rate","policy_rate",19,-0.0276022678938525,-0.0223946938607939,-0.325826462244769,-0.196433543138573,0.144150159670944,0.255499312093818
"saving_rate","policy_rate",20,-0.0226522621385797,-0.0169767642646857,-0.318940108617062,-0.190561888611903,0.148484575197319,0.260189130780707
"saving_rate","policy_rate",21,-0.0181510212233911,-0.0120628688231006,-0.312065189733045,-0.18425254398162,0.151188146096296,0.2687726584805
"saving_rate","interest_burden",1,0.00470472989043776,0.00168550319217389,-0.71790174768816,-0.459908429540655,0.481304005190321,0.734090859690042
"saving_rate","interest_burden",2,0.00127470880024996,0.000159930527717427,-0.459694881722868,-0.282201556016453,0.295785061558685,0.455099397466878
"saving_rate","interest_burden",3,-0.00167001840098513,-0.00313055411552437,-0.468091163533121,-0.296622847261316,0.293170250864847,0.468769288526313
"saving_rate","interest_burden",4,-0.00253423512897751,-0.00527974860086614,-0.470026854878941,-0.298477685226947,0.293719219331785,0.468459122918394
"saving_rate","interest_burden",5,-0.00241940011548857,-0.00537784064204765,-0.424549747032863,-0.272460240429372,0.270167735190148,0.434653015952816
"saving_rate","interest_burden",6,-0.00312107115354254,-0.00645489453535126,-0.412357232213792,-0.26967930869476,0.261561052319764,0.425517677626707
"saving_rate","interest_burden",7,-0.00359092153639494,-0.00814768441934636,-0.395579665730626,-0.255531213311993,0.250399868940465,0.40377086764842
"saving_rate","interest_burden",8,-0.00363934222863146,-0.00702312985234047,-0.38558644711322,-0.248188860347416,0.245106176487851,0.387796022679318
"saving_rate","interest_burden",9,-0.00315593096741743,-0.00562020187969812,-0.377332132468048,-0.239726520165369,0.234532328281564,0.376095056300237
"saving_rate","interest_burden",10,-0.00279294180565557,-0.00483169100868751,-0.368804420020593,-0.233377022309692,0.231595903658283,0.370757610364641
"saving_rate","interest_burden",11,-0.00241786010879057,-0.00478574496960738,-0.364911339085133,-0.230776498955871,0.227269626944153,0.367364320398425
"saving_rate","interest_burden",12,-0.00200047401186002,-0.00364670366276124,-0.368439743469814,-0.232250817864181,0.228212338900179,0.366852207016135
"saving_rate","interest_burden",13,-0.00139594864685729,-0.00260351834441842,-0.37434902680743,-0.231579889795586,0.22887229332979,0.371661602247795
"saving_rate","interest_burden",14,-0.0010827056141024,-8.95302152057491e-05,-0.376390998104134,-0.231871976770175,0.229392719591377,0.375786356781851
"saving_rate","interest_burden",15,-0.000866684220913524,-0.00165056405425827,-0.381931556542633,-0.235604323280356,0.229632903772086,0.380007306110442
"saving_rate","interest_burden",16,-0.000824888431911225,-0.000452082289347928,-0.384421711763397,-0.236736487498174,0.229447804314034,0.386342501067504
"saving_rate","interest_burden",17,-0.000699791686896942,-0.000231430565523379,-0.391033995518757,-0.23684010042374,0.229575694572748,0.391288055128578
"saving_rate","interest_burden",18,-0.00077094525592967,-0.000304518088463961,-0.392373313311801,-0.235588112876988,0.229621079026304,0.388313565649942
"saving_rate","interest_burden",19,-0.000851142745019142,0.000305324113549203,-0.394712482153443,-0.234715873138126,0.229626206883974,0.388717186508518
"saving_rate","interest_burden",20,-0.00105664793318262,0.000115659835983943,-0.394616429305956,-0.233687735394585,0.230752669052273,0.385809784521615
"saving_rate","interest_burden",21,-0.00116596106567953,-0.000289307074892381,-0.392232139448602,-0.233292395837288,0.22914495718219,0.384411392028805
"saving_rate","debt_growth",1,-0.00276763935853058,-0.00589447958482205,-0.713679907600321,-0.461344660589427,0.455226049844076,0.734948107028916
"saving_rate","debt_growth",2,0.00121877231782218,0.00172177121202607,-0.464428136348161,-0.281992420570805,0.287629285009419,0.460303090325019
"saving_rate","debt_growth",3,-9.14369581515614e-05,0.000383043147595567,-0.465891161049439,-0.288974836040411,0.287692402575111,0.469200265059029
"saving_rate","debt_growth",4,0.000179569639900041,0.00249176728329884,-0.470261795458244,-0.296124306328381,0.300042279940342,0.472877196500397
"saving_rate","debt_growth",5,-0.00123414764639767,0.00301025745956557,-0.438593034726987,-0.27498383022517,0.273316463723051,0.434068156751401
"saving_rate","debt_growth",6,-0.00133620646778167,7.97724705731484e-05,-0.430790715080316,-0.266936466752273,0.267725466835969,0.422401324121029
"saving_rate","debt_growth",7,-0.00185400466763774,-0.00328209559613172,-0.412374300928253,-0.250995775647871,0.251285970239595,0.402069652180677
"saving_rate","debt_growth",8,-0.00150204258226437,0.00101102213349707,-0.401761050585875,-0.245236179127363,0.240340613947496,0.395219834881745
"saving_rate","debt_growth",9,-0.00139547652936153,-0.000338664680073171,-0.383962550371957,-0.23408644846287,0.231592892366833,0.382366019994022
"saving_rate","debt_growth",10,-0.00154165443014699,-0.000297865683345413,-0.3762102614481,-0.227819029652685,0.223976697894795,0.372430735518397
"saving_rate","debt_growth",11,-0.00162494895095961,-0.00160445040041561,-0.368847654249274,-0.223888336902015,0.222333191481422,0.361379160637922
"saving_rate","debt_growth",12,-0.00142803626134529,-0.000268684175993,-0.366740971441316,-0.222005178710282,0.219871895802774,0.360563936513161
"saving_rate","debt_growth",13,-0.00137648835690581,-0.000625009626472319,-0.369084475054842,-0.222646135558828,0.219293277789661,0.357139884073983
"saving_rate","debt_growth",14,-0.00133866499979431,-0.0009999926706715,-0.370473228645892,-0.224238009019332,0.222024281120605,0.360480888986044
"saving_rate","debt_growth",15,-0.00150466874483834,-0.000761278406224465,-0.374991639826368,-0.225781619319087,0.223957411456567,0.364239021611492
"saving_rate","debt_growth",16,-0.00142506274909793,7.77367797635464e-05,-0.37735328187729,-0.228664239070221,0.227232641756789,0.36732635336662
"saving_rate","debt_growth",17,-0.00151394430731997,-0.000276116516150209,-0.383930018481146,-0.231089394081489,0.229809927583184,0.369311365383466
"saving_rate","debt_growth",18,-0.00151240572815141,-0.00195767841121373,-0.382223997831931,-0.233112186997124,0.229548867601447,0.373374552018602
"saving_rate","debt_growth",19,-0.00166123293898495,-0.00268686894839875,-0.383607762920158,-0.231136066062899,0.229409045540266,0.376012180562008
"saving_rate","debt_growth",20,-0.00161940988380904,-0.000456460857253994,-0.382383380349286,-0.230953658425238,0.226248010558132,0.376110570379125
"saving_rate","debt_growth",21,-0.00168102240167883,-8.89872858874897e-05,-0.383711033815467,-0.227797072082377,0.225549113197251,0.377036357176755
"saving_rate","real_house_price_growth",1,-0.00263096741466412,-0.00266873995212285,-0.718138075523348,-0.458082250184733,0.451474804936482,0.709254231824636
"saving_rate","real_house_price_growth",2,0.00306457495117335,0.00280435728240993,-0.43952285318446,-0.279588849591286,0.282045689734621,0.453907472007248
"saving_rate","real_house_price_growth",3,0.00231843590529184,0.00224421816400463,-0.452734434244029,-0.2809169001816,0.291760305158042,0.456292925372494
"saving_rate","real_house_price_growth",4,0.00524901725729966,0.00582053719130683,-0.462514831190363,-0.284904472609744,0.300486780203747,0.473030001767056
"saving_rate","real_house_price_growth",5,0.00440665041680634,0.00478927799811867,-0.424020162627238,-0.260802337606378,0.272730695981812,0.434155170439132
"saving_rate","real_house_price_growth",6,0.00444581463387707,0.00403435729579624,-0.412641233476418,-0.253632673223907,0.259227244439003,0.426614920079646
"saving_rate","real_house_price_growth",7,0.00381694578512498,0.000771358433755704,-0.398138811093693,-0.240638458785336,0.248816554541912,0.405880731104955
"saving_rate","real_house_price_growth",8,0.00355717045462226,0.000666494161275026,-0.385979593327608,-0.234512462388654,0.240431892611944,0.389929601634123
"saving_rate","real_house_price_growth",9,0.00328415956450517,0.00139113564986233,-0.37100124822232,-0.222539220666125,0.233423576859194,0.376793967283861
"saving_rate","real_house_price_growth",10,0.00251676379667776,0.000150110782802583,-0.365754423688637,-0.216991149964474,0.224604792590002,0.366652937177784
"saving_rate","real_house_price_growth",11,0.00190540832323198,-0.000942473510267101,-0.359484654142068,-0.215646330593425,0.223030142461923,0.361995641599464
"saving_rate","real_house_price_growth",12,0.00128183286479373,-0.00421423488418557,-0.360178701909138,-0.215861172351741,0.220273526247116,0.361386434839337
"saving_rate","real_house_price_growth",13,0.00101331365253549,-0.00309969350570275,-0.365993417182044,-0.216395046872745,0.22278682282173,0.36368840456443
"saving_rate","real_house_price_growth",14,0.000597353215142091,-0.000915871215739961,-0.36711504857099,-0.218965130545229,0.221386068493209,0.370418678594906
"saving_rate","real_house_price_growth",15,0.000411373617252982,-0.000533560017389051,-0.370200011425167,-0.222056275610514,0.224684893276922,0.372507049551646
"saving_rate","real_house_price_growth",16,0.000203461330340864,-0.000169387645637463,-0.37501249996941,-0.224980273189763,0.225112722428841,0.376715741064396
"saving_rate","real_house_price_growth",17,0.00022318760437282,-0.00149053443617221,-0.377068842585974,-0.224176048306382,0.226157577406981,0.379816537814584
"saving_rate","real_house_price_growth",18,0.000172924577479678,-0.00248485617077555,-0.377866132432414,-0.223734177212629,0.227869093949155,0.385438356219082
"saving_rate","real_house_price_growth",19,0.000242912534780296,-0.00134785898224416,-0.382587399949019,-0.227376885875679,0.229084829008891,0.388041912989579
"saving_rate","real_house_price_growth",20,0.000235975407847285,-0.00244005800220701,-0.383601632091429,-0.22698739384011,0.228915461414856,0.38828440972482
"saving_rate","real_house_price_growth",21,0.000317466043492297,-0.00362273591132275,-0.382749583836949,-0.225934787018255,0.226812069261455,0.388502045173065
"saving_rate","asset_liability_ratio",1,-0.00064305178079858,-0.00266575151789141,-0.724923688252457,-0.464644483760888,0.464800603204816,0.715268528521429
"saving_rate","asset_liability_ratio",2,-0.00072247600413719,0.00197170367731008,-0.448442861183854,-0.287304830351476,0.280866613969328,0.464928120880954
"saving_rate","asset_liability_ratio",3,0.00280689258732417,0.00128391147585933,-0.455405073148689,-0.28901799190196,0.291886807393406,0.478032213952495
"saving_rate","asset_liability_ratio",4,0.00240732674865521,-0.000515090494493779,-0.466259211604378,-0.290047748833828,0.288559081361669,0.480814333796954
"saving_rate","asset_liability_ratio",5,0.00261482143695695,0.00457205915554545,-0.428031045892634,-0.266280454662879,0.270570563034685,0.429154230913037
"saving_rate","asset_liability_ratio",6,0.00273276863076001,0.00196243444770655,-0.41761753946955,-0.256143588996702,0.263982128107889,0.41636484123218
"saving_rate","asset_liability_ratio",7,0.00128391531780373,-0.000477706975164253,-0.401493077515343,-0.243757809643453,0.252381787619112,0.40105019064158
"saving_rate","asset_liability_ratio",8,0.000967138167420439,-0.00096670930697959,-0.389007215298538,-0.237259605656799,0.24496148924105,0.389633888308295
"saving_rate","asset_liability_ratio",9,0.000188915599166671,-0.00100548864532922,-0.376298172923671,-0.230374362705032,0.234156118721883,0.37492409251875
"saving_rate","asset_liability_ratio",10,-0.000535723858669466,0.000217691087311161,-0.368655103487641,-0.225001475890404,0.226334445034567,0.364351115343166
"saving_rate","asset_liability_ratio",11,-0.00127566915759049,0.000806239008079978,-0.36480916585577,-0.22400939751242,0.223662537175343,0.361528229574858
"saving_rate","asset_liability_ratio",12,-0.00155431005083285,-0.000703834621524225,-0.366871835817866,-0.225322870179456,0.222994580851966,0.364764205216534
"saving_rate","asset_liability_ratio",13,-0.0017733538290555,-0.00104108986443461,-0.376817622061263,-0.225029198427369,0.223475213039076,0.366886570227891
"saving_rate","asset_liability_ratio",14,-0.00201602364410253,0.00110579620857088,-0.379720997297812,-0.228711959594698,0.225096783137646,0.372373990473603
"saving_rate","asset_liability_ratio",15,-0.00222646623566535,-0.000335869541288987,-0.383124743314407,-0.229541448899642,0.229412666954016,0.376184586981196
"saving_rate","asset_liability_ratio",16,-0.00228888758942558,-0.00125162538763358,-0.388241044554824,-0.231183051644769,0.22734196817343,0.384388322623862
"saving_rate","asset_liability_ratio",17,-0.00235473771758401,-0.00275593124573574,-0.387001066518125,-0.23212892582331,0.22907783866521,0.38559915219219
"saving_rate","asset_liability_ratio",18,-0.00248504246742404,-0.00372886255321628,-0.386502396282885,-0.231897781788182,0.229086423463915,0.386974510245494
"saving_rate","asset_liability_ratio",19,-0.00264232350040161,-0.00349297693948161,-0.387843120336518,-0.232465756217284,0.227685849254416,0.388007054889346
"saving_rate","asset_liability_ratio",20,-0.00278328133873498,-0.00322025876079752,-0.388613636928346,-0.231286539186163,0.22293854411774,0.385975523414855
"saving_rate","asset_liability_ratio",21,-0.00294110525164834,-0.00263267817537321,-0.38965476892476,-0.231457431479209,0.218489207286766,0.384762247915901
"policy_rate","gdp_growth",1,-0.000422553188164959,-0.00100348279308986,-0.140267019422257,-0.0853681789480697,0.0863650989931935,0.139994215956532
"policy_rate","gdp_growth",2,-0.000320956724132778,-0.000476247277539233,-0.182286855977234,-0.114407521924586,0.113955698018859,0.178294460338414
"policy_rate","gdp_growth",3,0.000351895536729827,-0.000253672480971047,-0.210064326628759,-0.133729380769661,0.135570137231892,0.207901187043804
"policy_rate","gdp_growth",4,0.000926771559219778,-0.00111525953004359,-0.225753383315928,-0.143733099926338,0.145065804012757,0.225152286832383
"policy_rate","gdp_growth",5,0.00115084687192062,0.00177305157692646,-0.236926791890711,-0.146806605267603,0.148714731167023,0.238274763361645
"policy_rate","gdp_growth",6,0.00116632195440699,0.00265510829610087,-0.243226945562286,-0.145986656506598,0.149082137271904,0.24087334778649
"policy_rate","gdp_growth",7,0.00123968824586905,0.0031179216851957,-0.238559275238973,-0.144748676718811,0.14635768978718,0.237887544296157
"policy_rate","gdp_growth",8,0.00118058684114431,0.00338022556373602,-0.22963610386182,-0.139565085051901,0.141704494490801,0.224541436465855
"policy_rate","gdp_growth",9,0.00101240897160388,0.0027383585472843,-0.215430762412761,-0.130433714475595,0.132754289924417,0.211862076001841
"policy_rate","gdp_growth",10,0.000796309085513311,0.00355279477589237,-0.20308039873675,-0.12245546495773,0.121666230233403,0.197769754116768
"policy_rate","gdp_growth",11,0.000652290851264336,0.00326899652001696,-0.191084495348454,-0.111560912708283,0.115243397345823,0.183774562211608
"policy_rate","gdp_growth",12,0.000494015104972584,0.00140788547602314,-0.180750473153895,-0.10351503312011,0.108184786579662,0.173695116586206
"policy_rate","gdp_growth",13,0.000334347153451184,0.000524885721415489,-0.170760215778126,-0.0972396360408312,0.100660444106003,0.166512638151861
"policy_rate","gdp_growth",14,0.000162523896663757,0.00049550997466271,-0.164833781278954,-0.0921308691912077,0.095295897701325,0.160091685022634
"policy_rate","gdp_growth",15,4.46450346554072e-05,0.000514714310627044,-0.15749923453974,-0.0883538297364876,0.0912865465412175,0.153632947996103
"policy_rate","gdp_growth",16,-6.69010527699637e-05,-0.000127473766306042,-0.152479652927786,-0.0854833537915125,0.0868904951520681,0.150081865222551
"policy_rate","gdp_growth",17,-0.000152862272680149,-1.00034890913056e-05,-0.148923427026322,-0.0815485587343029,0.0839673437484004,0.145933681536673
"policy_rate","gdp_growth",18,-0.000233212601750918,-0.000247610417397281,-0.144017548394006,-0.0787244291994665,0.0809331105814974,0.142375217057465
"policy_rate","gdp_growth",19,-0.000268744255026786,-0.000332043759034629,-0.141721179534625,-0.076234509469474,0.0781002509287289,0.138724150868343
"policy_rate","gdp_growth",20,-0.000285548690180595,-0.000165441195121562,-0.138871288452574,-0.0743948079803513,0.0760754319498204,0.136387712094837
"policy_rate","gdp_growth",21,-0.000266460819564543,-0.000756024611266875,-0.137070913619244,-0.0721850046337822,0.0741218329783068,0.133359345543914
"policy_rate","consumption_growth",1,-0.000749838169273946,-0.000965392595205174,-0.14047185514592,-0.0904858306795764,0.0860617429970112,0.139560243063257
"policy_rate","consumption_growth",2,-0.00110528647959997,-4.93758955485746e-05,-0.184270423699909,-0.117953672190301,0.113354363866819,0.182691425245925
"policy_rate","consumption_growth",3,-0.0011225112844738,0.00202861153141638,-0.213874312873656,-0.136317165351825,0.132020716862274,0.212842599648277
"policy_rate","consumption_growth",4,-0.000639706413193359,0.00203392236064347,-0.229914428841664,-0.146142198271909,0.144814401732371,0.234675725867127
"policy_rate","consumption_growth",5,-0.000456898694690281,0.000928820035734743,-0.24281173618822,-0.152244359329604,0.150550542036099,0.243427661817846
"policy_rate","consumption_growth",6,-0.000267066924758895,-0.000836106083900401,-0.246084419578023,-0.153189847510849,0.151900064290436,0.244969209965946
"policy_rate","consumption_growth",7,-0.000213996051193521,-0.00173189178306988,-0.243492352076229,-0.147726866924721,0.148187158257664,0.244877995022341
"policy_rate","consumption_growth",8,-0.000184759224524947,-0.000269000141105666,-0.23497829937634,-0.139109632126822,0.141869019512002,0.233998049440489
"policy_rate","consumption_growth",9,-0.000172018399919569,-0.00127281040415624,-0.219938552867181,-0.132070878268044,0.132104530325988,0.220669554874822
"policy_rate","consumption_growth",10,-0.000230383399820452,-0.000770534456765387,-0.204321688206436,-0.123174032808329,0.122529464144461,0.208952777343813
"policy_rate","consumption_growth",11,-0.000312450404367085,-0.000310581462052469,-0.191817402016106,-0.114639692661448,0.114194269656573,0.19734098730359
"policy_rate","consumption_growth",12,-0.000387608178046062,0.00136084726447319,-0.180597460318194,-0.106797523248902,0.104575530689101,0.182136165748638
"policy_rate","consumption_growth",13,-0.000433318970749215,0.00133342352955868,-0.171629838315063,-0.100235218341079,0.0990967341390881,0.16843146554836
"policy_rate","consumption_growth",14,-0.000447145070267252,0.0014199924155614,-0.166037835768913,-0.0932622951693304,0.0937356751744477,0.160956932891989
"policy_rate","consumption_growth",15,-0.000423110137861969,0.00163616216226223,-0.162832611549932,-0.0894328598970558,0.0891420532484097,0.154402513265923
"policy_rate","consumption_growth",16,-0.000360022999249989,0.00149916287361296,-0.154813266842444,-0.0872317481985444,0.0853862661331583,0.148195269393575
"policy_rate","consumption_growth",17,-0.000268367619116621,0.000327843632880548,-0.148371285422609,-0.0844032312686678,0.0820097331515353,0.144052882765542
"policy_rate","consumption_growth",18,-0.00015873771359861,0.000200977707007138,-0.144476037123818,-0.0811234030562126,0.0791652370486378,0.14431725808268
"policy_rate","consumption_growth",19,-4.54246415875201e-05,0.000695775154893865,-0.141353963238601,-0.0789082790324444,0.0771174827559874,0.140905746210066
"policy_rate","consumption_growth",20,6.69970388498458e-05,0.000797324381006623,-0.135949344751793,-0.0760678160524573,0.0741552043569582,0.138920869404764
"policy_rate","consumption_growth",21,0.000168450554229687,0.000626450250316034,-0.134607253429226,-0.0739899197272767,0.0719856508979456,0.138480745708923
"policy_rate","cpi_growth",1,-0.000383137654720483,-0.000424809106763099,-0.137450167869082,-0.0901430862562925,0.0873557518080289,0.140995813680324
"policy_rate","cpi_growth",2,-0.000851162077439634,-0.001899907058799,-0.181670031721221,-0.114523767074166,0.115719439270613,0.183606950429211
"policy_rate","cpi_growth",3,-0.00118052875083138,-0.00169902994886614,-0.21279271468139,-0.134958018907604,0.133802081359782,0.215056692617957
"policy_rate","cpi_growth",4,-0.00154904878289377,-0.0024847947905234,-0.227339553251004,-0.146054935210945,0.143335573444508,0.231303004290749
"policy_rate","cpi_growth",5,-0.00193192496891661,-0.0015111938842103,-0.230892577449761,-0.152675116309838,0.149459082192482,0.239762898733686
"policy_rate","cpi_growth",6,-0.00196150404116836,-0.00173496950456219,-0.233104563500137,-0.154205769699006,0.148697139382686,0.239995216831571
"policy_rate","cpi_growth",7,-0.00182985259229007,-0.00144439276806821,-0.232122064260202,-0.149826555785694,0.146521612595842,0.23618170351938
"policy_rate","cpi_growth",8,-0.00166111554597177,-0.00037392695172651,-0.223040557521607,-0.142631270343804,0.138777806480729,0.224801958525043
"policy_rate","cpi_growth",9,-0.00143702170322534,-0.000752178518040263,-0.214054287044143,-0.132215962021244,0.127802081704804,0.212871496483413
"policy_rate","cpi_growth",10,-0.00120867723090783,-0.000166417307544493,-0.202042335866074,-0.119888042589488,0.119959795236713,0.199077728154553
"policy_rate","cpi_growth",11,-0.000984508032487071,-0.000819712913896152,-0.189940474189353,-0.111214894211403,0.113424157831538,0.187772714040253
"policy_rate","cpi_growth",12,-0.000839673474536433,-0.00279079143369283,-0.17848029715143,-0.104561340201294,0.106443938394614,0.176218903102726
"policy_rate","cpi_growth",13,-0.00075302777336442,-0.00140581090152359,-0.167584865394043,-0.0985037908909871,0.100008326314293,0.168064121342285
"policy_rate","cpi_growth",14,-0.000763681406754759,-0.00198381838871659,-0.158372532590074,-0.0937144811203071,0.094469582459508,0.159414409954714
"policy_rate","cpi_growth",15,-0.000829567808004592,-0.00133262940686126,-0.154261394127704,-0.0893175231080585,0.0905927456652314,0.155440324879824
"policy_rate","cpi_growth",16,-0.00095966485863093,-0.00173839835105921,-0.150993233191686,-0.0855230944500221,0.08617349997258,0.147948441203839
"policy_rate","cpi_growth",17,-0.00111396507166065,-0.00182691762697579,-0.148741781833017,-0.082629102805312,0.0816802258699805,0.144377683349209
"policy_rate","cpi_growth",18,-0.00130657345985592,-0.00144251316015903,-0.145451862931334,-0.0805143628924018,0.0785383223687045,0.141177139726952
"policy_rate","cpi_growth",19,-0.00150532821423677,-0.0020191277445726,-0.142850505207298,-0.0785924007309523,0.0762178721374228,0.137843184574408
"policy_rate","cpi_growth",20,-0.00170615470414611,-0.00158382845698271,-0.13995224877733,-0.0758217329869052,0.0743417198711407,0.135675450640323
"policy_rate","cpi_growth",21,-0.00188270038307141,-0.00146478983543941,-0.137428841717525,-0.0742095904229571,0.0719838205836881,0.132810902051312
"policy_rate","saving_rate",1,0.00140260389477524,0.00126993407471928,-0.138464517194669,-0.0877038996371983,0.0910711407359867,0.139935809688063
"policy_rate","saving_rate",2,0.00136841465195777,0.00192266706315599,-0.181862981003418,-0.116716670118916,0.119603211537668,0.185919122222024
"policy_rate","saving_rate",3,0.00141150852684348,0.0015638226628242,-0.213725599251919,-0.139535313613946,0.140267985888775,0.215414446118474
"policy_rate","saving_rate",4,0.00156178829158528,0.00116515928318938,-0.229681874185161,-0.148778890723157,0.149467621562503,0.233477826433374
"policy_rate","saving_rate",5,0.00148926905151213,0.00296782888948613,-0.2440609152289,-0.15140849473952,0.156359161169322,0.24640198813752
"policy_rate","saving_rate",6,0.00170532082305095,0.00158148018971363,-0.245457430185528,-0.149946384773768,0.158902699600808,0.245327491893331
"policy_rate","saving_rate",7,0.00178839484511021,0.00282580233819919,-0.241046482222339,-0.148697095294756,0.154582589139219,0.242918638917753
"policy_rate","saving_rate",8,0.00174199387192841,0.00206211719701256,-0.230614012849385,-0.14155682042096,0.146682081691697,0.23442293652394
"policy_rate","saving_rate",9,0.00163317528058254,0.0020723022152079,-0.21562859116588,-0.133582492732665,0.135805655591276,0.220669127903957
"policy_rate","saving_rate",10,0.00158513417649621,0.00172509739538316,-0.20208455830298,-0.123645498121234,0.126729614034101,0.20699836587873
"policy_rate","saving_rate",11,0.00146776598286175,0.00255518592996869,-0.191182733677391,-0.114407024400714,0.117670546971574,0.195901946338153
"policy_rate","saving_rate",12,0.00129505068773886,0.00248667330602725,-0.18103177155711,-0.105400709124035,0.108910186205918,0.181308030823149
"policy_rate","saving_rate",13,0.00105827053789447,0.00146494472945842,-0.174095053247574,-0.0994993324820568,0.102638510574686,0.170966524077807
"policy_rate","saving_rate",14,0.00084896877832001,0.0013048977675069,-0.167505093246844,-0.0940653280764555,0.0966106410375041,0.165429537201542
"policy_rate","saving_rate",15,0.0006112166033345,0.00159410388164249,-0.160854728739857,-0.0899062572590521,0.0933752073472613,0.15870914321625
"policy_rate","saving_rate",16,0.000369604665850639,0.0020227216992162,-0.154086368304937,-0.0869800284930148,0.0896882009815513,0.153201532904667
"policy_rate","saving_rate",17,0.000107566306042832,0.00149101431931209,-0.149490382067939,-0.0845770440444932,0.0856579480705207,0.14951906191762
"policy_rate","saving_rate",18,-0.000123302694014248,0.000479441391708373,-0.144844409414098,-0.0814483636328338,0.0810646252498341,0.14619151170187
"policy_rate","saving_rate",19,-0.000342955221449685,0.000165403077364196,-0.142279383533727,-0.0793199733366879,0.0781810785947313,0.142731322832608
"policy_rate","saving_rate",20,-0.000534612490911061,6.84800989364892e-05,-0.139774898842612,-0.075973177777868,0.0752550337756367,0.139435369077007
"policy_rate","saving_rate",21,-0.000711713505384439,-0.000557329931136044,-0.137519992731863,-0.0736073944332137,0.0729913038210115,0.134564259932122
"policy_rate","policy_rate",1,0.123622370887269,0.125465197654032,0.0358627332850932,0.068243648259149,0.176739100107779,0.206249726491022
"policy_rate","policy_rate",2,0.136623698044894,0.136531819285498,0.0487060570246617,0.0790529344415213,0.191928829848006,0.228306869060828
"policy_rate","policy_rate",3,0.130777858838539,0.128245528596138,0.0473196416386212,0.0742293710505289,0.187178318828237,0.225413466797693
"policy_rate","policy_rate",4,0.11932735605981,0.113550963973705,0.0431651504121772,0.0667409400445489,0.17273970721011,0.215195982606137
"policy_rate","policy_rate",5,0.0983432618957258,0.0901847070745963,0.0316711685782433,0.04857260029278,0.14892510806774,0.192400673868856
"policy_rate","policy_rate",6,0.0705069613864012,0.0613739618014763,0.00604798191671746,0.0203735009126355,0.120801992592929,0.164426114199219
"policy_rate","policy_rate",7,0.0431735041532757,0.0346105457302605,-0.0256066530751409,-0.00801544401988915,0.0965591286710892,0.139884770637621
"policy_rate","policy_rate",8,0.0209743749043817,0.0140677336060957,-0.0574657366127869,-0.0326156148301609,0.0771971274009781,0.119871432946091
"policy_rate","policy_rate",9,0.00335518989328409,-0.00174656369882056,-0.0862561844783755,-0.0530197754754744,0.0634411131256925,0.105542224323636
"policy_rate","policy_rate",10,-0.0102353947001306,-0.0130546179362183,-0.109633127430579,-0.0693936356788565,0.0516841262859311,0.0953352062033473
"policy_rate","policy_rate",11,-0.0190672169395165,-0.0203222590378108,-0.125932528860944,-0.0817645766878324,0.045227162295851,0.0912779807020941
"policy_rate","policy_rate",12,-0.0228714097774424,-0.0229154444683037,-0.136403587803211,-0.0869973022875451,0.0420971969554904,0.0894207527111606
"policy_rate","policy_rate",13,-0.0230417898771618,-0.0224802427178133,-0.140529522537225,-0.088114771224624,0.0429029305903574,0.090377394535371
"policy_rate","policy_rate",14,-0.020877816247952,-0.020204261426465,-0.140067275686954,-0.0871487429368949,0.0449824180630214,0.092794970027718
"policy_rate","policy_rate",15,-0.017011246294083,-0.0164474296159902,-0.134609696198768,-0.0820930735920338,0.0492921953381759,0.0961466928505532
"policy_rate","policy_rate",16,-0.0118631271885057,-0.0115554446676241,-0.126839018581358,-0.0757888937433734,0.054123042872371,0.101706681947198
"policy_rate","policy_rate",17,-0.00624586894037846,-0.00652142020551289,-0.119582122922752,-0.069079371293998,0.0584381571933556,0.106279682717062
"policy_rate","policy_rate",18,-0.000783551261119671,-0.00120680352734167,-0.112388166744458,-0.0624686853579751,0.0621810363554672,0.109699085790035
"policy_rate","policy_rate",19,0.00422012373655493,0.00321582078025932,-0.104119527439318,-0.0558512066441569,0.0656348841521343,0.112956295453689
"policy_rate","policy_rate",20,0.00867563721738092,0.00713811038580851,-0.0971714147353812,-0.0490170865964432,0.0677997004491748,0.116489660871713
"policy_rate","policy_rate",21,0.012404827392342,0.0107807353270949,-0.0888702261414011,-0.0437918015660401,0.0707744019059021,0.119962968968228
"policy_rate","interest_burden",1,-0.000294422935221686,-0.0016069829585559,-0.141187567659758,-0.0879161566140081,0.0885361702906431,0.141951995223937
"policy_rate","interest_burden",2,-0.000442158048428961,-0.00162580123445129,-0.180142348781852,-0.115342244327023,0.114418788275959,0.18396717314024
"policy_rate","interest_burden",3,-0.000950905272707688,-0.000182412785836053,-0.21013646489142,-0.136343423740464,0.132020486848773,0.213693312084801
"policy_rate","interest_burden",4,-0.00139776004267136,-0.00114911482751566,-0.226997734011148,-0.148076851506895,0.142261019508604,0.232817356336526
"policy_rate","interest_burden",5,-0.00174526714459499,-0.00121384622416166,-0.238045071028915,-0.152346693523425,0.148248507660914,0.241547793969717
"policy_rate","interest_burden",6,-0.00173273742826233,0.000337512167841872,-0.242347425256346,-0.154602985599469,0.151756087173759,0.242183120603781
"policy_rate","interest_burden",7,-0.00148908712990285,-7.3021003187018e-05,-0.240234161462166,-0.150941992721268,0.148611841459129,0.241507069816023
"policy_rate","interest_burden",8,-0.00105491351911882,-0.00148741556501145,-0.228718972869043,-0.143770526818419,0.140061285988252,0.230346651480026
"policy_rate","interest_burden",9,-0.00064806084413286,-0.00180415991353881,-0.217255487493258,-0.13485995094444,0.132320243149018,0.218432467317409
"policy_rate","interest_burden",10,-0.000164439000617686,-0.00109353673074409,-0.201625281504903,-0.123703890651864,0.125086129032105,0.204064588945105
"policy_rate","interest_burden",11,0.000317190365868187,-0.00104054812455342,-0.190378520741093,-0.113967123739131,0.115806901559547,0.192113082251294
"policy_rate","interest_burden",12,0.000749668617656345,-0.000662911988960447,-0.173720999006636,-0.107008917922586,0.106893972790496,0.180398088359689
"policy_rate","interest_burden",13,0.00105093235597282,0.000328277297248757,-0.162751409880691,-0.0992011828568351,0.100322657330005,0.17162971573429
"policy_rate","interest_burden",14,0.00126910765334845,-0.000363157488294816,-0.155568896538556,-0.0932102528953894,0.0964390853503015,0.163272696843595
"policy_rate","interest_burden",15,0.00141020578369118,-0.000176752779511467,-0.150781551414336,-0.0881557640935407,0.0923970949627169,0.155416030280949
"policy_rate","interest_burden",16,0.00147863059546587,-0.000509371034524279,-0.145792842852215,-0.08354023138292,0.088391808786589,0.151674222595557
"policy_rate","interest_burden",17,0.00145741588158783,-0.00171663572644434,-0.142124613342285,-0.0802291262204115,0.0856903286665359,0.148647100452111
"policy_rate","interest_burden",18,0.00139151908344408,-0.00135927352775074,-0.13837577156307,-0.0780438810403322,0.082805852985942,0.146372884319151
"policy_rate","interest_burden",19,0.00130264821027655,-0.00134759503628835,-0.136111949522423,-0.0754195990682269,0.0794815896602794,0.143332856330502
"policy_rate","interest_burden",20,0.00120409568944116,-0.00164412464665703,-0.132820292586633,-0.0731794013544403,0.0775570692823367,0.141712717794285
"policy_rate","interest_burden",21,0.00109410661773018,-0.00138848792263837,-0.133119705504975,-0.0709917028260456,0.0759021139909978,0.139320265156275
"policy_rate","debt_growth",1,-0.000553926226817818,-0.000656394430879231,-0.139315493401732,-0.086296270582295,0.0850696834111243,0.138429918319637
"policy_rate","debt_growth",2,-0.000653978999454267,-0.00337976106483386,-0.180789453428827,-0.114956536243281,0.113898679233933,0.181054153607825
"policy_rate","debt_growth",3,-0.000483845206130695,-0.00400173868192699,-0.208722098664679,-0.134458394571945,0.134222073226763,0.211480756901044
"policy_rate","debt_growth",4,-0.000496428639759181,-0.000654102511668957,-0.226972224556876,-0.143880105552487,0.143843144793074,0.228388566099774
"policy_rate","debt_growth",5,-0.000545447548576015,-0.000540643980623073,-0.232830269665289,-0.151123317536598,0.149450155190695,0.239115219141159
"policy_rate","debt_growth",6,-0.000434363242947039,0.000511321747106374,-0.237869320222542,-0.151659425216803,0.14951585794638,0.244374218372949
"policy_rate","debt_growth",7,-0.000358936947453747,1.76284525835607e-05,-0.235763437772525,-0.148538816554902,0.147681346680939,0.24252100197193
"policy_rate","debt_growth",8,-0.000193311050719638,0.000670159182445179,-0.228913811659027,-0.141301871944673,0.140442778675484,0.231743438061386
"policy_rate","debt_growth",9,-1.24262875317732e-05,0.00112577561654923,-0.215488534493852,-0.130348586725933,0.131448221384696,0.21806419134504
"policy_rate","debt_growth",10,0.000222321454537836,0.00146961389227458,-0.202375905468861,-0.122368345226177,0.123029494813856,0.203016138429446
"policy_rate","debt_growth",11,0.00042691720753925,0.00115216872979617,-0.189552143581131,-0.114270971079228,0.114835154628785,0.190902029157019
"policy_rate","debt_growth",12,0.00059673107331855,0.00167252297024364,-0.179331057081554,-0.106646767055646,0.106681855985327,0.182659194353919
"policy_rate","debt_growth",13,0.000710388399559757,0.00225713843838682,-0.171596012405218,-0.10052687294091,0.100911294521914,0.173393574781987
"policy_rate","debt_growth",14,0.000804526415686951,0.00188846518433448,-0.164537283026431,-0.0961903234361541,0.0954610514029503,0.165541269361479
"policy_rate","debt_growth",15,0.000849688111176816,0.00181402484463558,-0.159402944078211,-0.0912395133393086,0.0920222186377202,0.159452132871239
"policy_rate","debt_growth",16,0.000858610932666099,0.000863642162631478,-0.155688685246171,-0.087403717014557,0.086569991772613,0.154539493511729
"policy_rate","debt_growth",17,0.000825343757361887,0.0010374253630025,-0.150890089922381,-0.0834597668013846,0.0837131905299378,0.150573601567805
"policy_rate","debt_growth",18,0.00078519125064721,0.000340036124141178,-0.145853527691416,-0.0815572854975068,0.0816007891491334,0.147254404587593
"policy_rate","debt_growth",19,0.000730032047290019,0.000130035614523091,-0.142760276693658,-0.0775670267436457,0.0790364356577346,0.14457636658824
"policy_rate","debt_growth",20,0.000673939528693602,-0.000194979314248201,-0.139621765655081,-0.0747263606985627,0.0766513207213908,0.143099429560611
"policy_rate","debt_growth",21,0.000609792811629784,0.000143565962195049,-0.136715653946357,-0.0731704479368713,0.0751550389421337,0.142597308123775
"policy_rate","real_house_price_growth",1,0.00161049327002437,0.00234191958004691,-0.138640150634491,-0.0854493862065768,0.0885865325807865,0.14055540331671
"policy_rate","real_house_price_growth",2,0.00144241572356733,0.00103072968863592,-0.180324438275023,-0.114179003463199,0.118848093909022,0.183637309026949
"policy_rate","real_house_price_growth",3,0.001788460493067,0.00144870890166725,-0.214082171023591,-0.133672035092833,0.137402476802825,0.212720166652686
"policy_rate","real_house_price_growth",4,0.00180310108576338,0.00259070190690401,-0.230991130925618,-0.14500043138929,0.148110737404689,0.230206638331341
"policy_rate","real_house_price_growth",5,0.00161819606436822,0.00244463045097895,-0.240419812118755,-0.151234449155118,0.152764684369894,0.239867090731115
"policy_rate","real_house_price_growth",6,0.00138548030361925,0.0027548107478772,-0.242169411312817,-0.154637134096269,0.152930377259294,0.243467052293989
"policy_rate","real_house_price_growth",7,0.00112679929097907,0.00293757153103102,-0.236202941225669,-0.14882781504008,0.150687549337711,0.238521438758983
"policy_rate","real_house_price_growth",8,0.000854087801254328,0.00148269438504911,-0.225480863401836,-0.140698770501406,0.1414636987072,0.227811229290383
"policy_rate","real_house_price_growth",9,0.00057284452885775,0.00088244585573742,-0.211498364193729,-0.1322913658367,0.133315532532368,0.215552608031953
"policy_rate","real_house_price_growth",10,0.000322164795218289,0.00200481411046619,-0.199367003228225,-0.121303956060413,0.122548855247508,0.20240850927249
"policy_rate","real_house_price_growth",11,0.000149845098016251,0.00161590565217548,-0.185208241168471,-0.113561219127322,0.114569862205902,0.188745319662872
"policy_rate","real_house_price_growth",12,7.73997463217713e-05,0.00113061623993849,-0.175399811891229,-0.107669774206448,0.106816967797856,0.174682187040476
"policy_rate","real_house_price_growth",13,7.93001136177624e-05,0.0002513569151471,-0.169493132886705,-0.101194705305038,0.102036904453322,0.166574905599535
"policy_rate","real_house_price_growth",14,0.000129800672691054,4.23120854791169e-05,-0.161679849482633,-0.0969611354941352,0.0970538319662736,0.159224656374507
"policy_rate","real_house_price_growth",15,0.000222856203230272,-1.53858031867874e-05,-0.157110163094929,-0.0913819716200637,0.0932812978048881,0.153030925327311
"policy_rate","real_house_price_growth",16,0.000346448227500836,-0.000458386899336805,-0.15274989990356,-0.0867759103977678,0.089797597131053,0.150069234678378
"policy_rate","real_house_price_growth",17,0.00047079070874116,0.000249674560211406,-0.148026185130302,-0.0849663624681419,0.0874365112479117,0.148200397067003
"policy_rate","real_house_price_growth",18,0.000571446807802601,0.000544029795472006,-0.146093571997993,-0.0810026589180404,0.0841893768156294,0.145727491205141
"policy_rate","real_house_price_growth",19,0.000635224209863373,0.000985420723320826,-0.140996921588975,-0.0787719544304509,0.0818418896173778,0.141114414376788
"policy_rate","real_house_price_growth",20,0.000659002016730719,0.00162690949569446,-0.137447771444083,-0.0762418582195557,0.0800001809249774,0.137903620941389
"policy_rate","real_house_price_growth",21,0.000633742986449932,0.00103095850528665,-0.135534702291018,-0.0739988674491978,0.0773892388706126,0.134769073692151
"policy_rate","asset_liability_ratio",1,0.00359993819780144,0.00336279777801289,-0.139178095511686,-0.0849188205388441,0.0936105044209861,0.144543577182594
"policy_rate","asset_liability_ratio",2,0.00457204151348552,0.00535791986975154,-0.180469942125054,-0.115014469557054,0.122406301134865,0.188734037574937
"policy_rate","asset_liability_ratio",3,0.00547038876982137,0.00562740641032788,-0.21276569296381,-0.134295060124857,0.144050734371275,0.220174601106027
"policy_rate","asset_liability_ratio",4,0.00588933158050383,0.00603747955485407,-0.227035231783986,-0.143396258290902,0.15272722410343,0.239128367287802
"policy_rate","asset_liability_ratio",5,0.00594869846798394,0.00678401944389995,-0.238038153612117,-0.147693760900743,0.161324484564004,0.252179042748061
"policy_rate","asset_liability_ratio",6,0.00569879294739489,0.00794187682781259,-0.240173282973497,-0.147505920657081,0.159716010873019,0.256943635833585
"policy_rate","asset_liability_ratio",7,0.00533983719039681,0.00636003358255747,-0.236545098944814,-0.143789371515689,0.155223767372627,0.252308126715216
"policy_rate","asset_liability_ratio",8,0.00495177414351929,0.0039833102016744,-0.228999401231673,-0.13690610274823,0.14553572440168,0.243568597712282
"policy_rate","asset_liability_ratio",9,0.00452516635942689,0.00368615559689599,-0.217846521526788,-0.127269772914404,0.133801264584514,0.231326562545394
"policy_rate","asset_liability_ratio",10,0.00420806573073049,0.00396856575119557,-0.202596439392778,-0.118227009062819,0.125721995702666,0.218426978773577
"policy_rate","asset_liability_ratio",11,0.00395227286787055,0.00359290680896967,-0.191570536732915,-0.111126671336367,0.117125272325268,0.202844471941024
"policy_rate","asset_liability_ratio",12,0.00374210585201851,0.00386682562804296,-0.17653218905317,-0.103247352457621,0.110038453824663,0.189074191627484
"policy_rate","asset_liability_ratio",13,0.00356519019534439,0.00338471033160109,-0.163605415142569,-0.0983001156402374,0.10381873634134,0.177513879403999
"policy_rate","asset_liability_ratio",14,0.00344870845470966,0.00250637544611599,-0.155960315747825,-0.0915494763799513,0.0983062304145289,0.169733244762298
"policy_rate","asset_liability_ratio",15,0.00334594869345325,0.00275330935972221,-0.151645068917571,-0.08654772619545,0.0934014757421132,0.161102428419892
"policy_rate","asset_liability_ratio",16,0.00325595059335154,0.0019622646923751,-0.148447015245841,-0.0834052092805069,0.0905942735010685,0.157460892512985
"policy_rate","asset_liability_ratio",17,0.00315592872735288,0.00182171895416876,-0.143966276659313,-0.0803128043692122,0.0877435454123746,0.153982101911478
"policy_rate","asset_liability_ratio",18,0.00306423814386468,0.00158617159448024,-0.140977025708714,-0.0770210554884721,0.0843906868047829,0.147781979230598
"policy_rate","asset_liability_ratio",19,0.00296001323728071,0.00245335420537263,-0.137428158680392,-0.0750347817709706,0.0827230015084507,0.145953389398899
"policy_rate","asset_liability_ratio",20,0.00285973128775644,0.00238445189027434,-0.134614946349486,-0.0717519470915608,0.0806530088436681,0.144426786701102
"policy_rate","asset_liability_ratio",21,0.00275263322136823,0.00243991265255483,-0.132668364990701,-0.0694965362047198,0.077283192879808,0.141680995977116
"interest_burden","gdp_growth",1,0.00033367574183582,-0.00110152696189435,-0.200514914483149,-0.127130833145392,0.126959286447661,0.203342742579513
"interest_burden","gdp_growth",2,-0.000698307709395331,-0.00132894562094192,-0.186978097695618,-0.121962198633347,0.119343360217276,0.187934521137397
"interest_burden","gdp_growth",3,0.000325913457652893,-0.000674339612399622,-0.187379924001538,-0.118601265406484,0.119550300205138,0.188532422329421
"interest_burden","gdp_growth",4,0.000976639755997517,0.00250623931309404,-0.205442655947637,-0.129606481927449,0.133791027506791,0.206934019774012
"interest_burden","gdp_growth",5,0.00145809617658173,-0.000314301014392499,-0.206551096577769,-0.130181562565805,0.133664689128094,0.212232297481711
"interest_burden","gdp_growth",6,0.000903784200703526,0.00175806578152975,-0.232474369104609,-0.146111467516628,0.148301649955927,0.232686436523551
"interest_burden","gdp_growth",7,0.00110992017907866,0.00342099674188715,-0.22028221640132,-0.133287040870451,0.139125660622033,0.222427867032151
"interest_burden","gdp_growth",8,0.00127124986698978,0.00338177622235698,-0.224412457064767,-0.131755275831041,0.136270072908817,0.218912050128069
"interest_burden","gdp_growth",9,0.00124413707429977,0.000163271811295396,-0.201820115781344,-0.117674952765571,0.124820673718196,0.199565767604714
"interest_burden","gdp_growth",10,0.000858034460683479,0.00143232960695525,-0.194959546479974,-0.114872849825175,0.118767913691973,0.195692739359416
"interest_burden","gdp_growth",11,0.000731775395292448,0.000670281704513003,-0.176789955369656,-0.101226145642774,0.105484243448974,0.1784651199992
"interest_burden","gdp_growth",12,0.00076777281964909,0.000606481109041334,-0.166786223868841,-0.094382628110826,0.0980862600136645,0.166960345447378
"interest_burden","gdp_growth",13,0.00069771226167429,0.00117486450142131,-0.149248182830814,-0.0849158590654612,0.0871799050965467,0.150971142634508
"interest_burden","gdp_growth",14,0.000515910873339951,0.00140553679511972,-0.140767196354162,-0.0778939144183574,0.0811631507223121,0.14296372204122
"interest_burden","gdp_growth",15,0.000405793849476513,0.000997886246251559,-0.129787597033553,-0.0715964223930701,0.0739994252331314,0.1339962507161
"interest_burden","gdp_growth",16,0.000416840504625721,0.000396939679887904,-0.123697016119864,-0.0669127756154174,0.0688978769485515,0.125591694552965
"interest_burden","gdp_growth",17,0.000362091644153163,0.000825954554527999,-0.117171323968631,-0.0635683601243028,0.0641987084100885,0.120711305031879
"interest_burden","gdp_growth",18,0.000291318379011742,0.000833445705010903,-0.110696072046838,-0.0604663559911173,0.0617807889819696,0.115326107459186
"interest_burden","gdp_growth",19,0.000216579756186311,0.000461847864160478,-0.108535330449577,-0.0576953392626278,0.0586950477192393,0.110777054326133
"interest_burden","gdp_growth",20,0.000238151062305197,-0.000137214656990768,-0.105457380817589,-0.054561667512102,0.0562679493227122,0.106931257612905
"interest_burden","gdp_growth",21,0.000225237666955557,-0.000249676045916765,-0.102313046301074,-0.0538792884027454,0.0540864679840455,0.103718707570942
"interest_burden","consumption_growth",1,0.00154222015264556,0.00218591032255821,-0.202687206862437,-0.125124528306005,0.127581955441332,0.205407699132479
"interest_burden","consumption_growth",2,-0.000712105097653556,-0.00201221264365061,-0.190263833861746,-0.121710382478601,0.121493403184256,0.187366967071546
"interest_burden","consumption_growth",3,-0.000920351475857147,-0.000892986347383608,-0.190801515272733,-0.121646936751425,0.119947546582697,0.189877964937399
"interest_burden","consumption_growth",4,-0.00050138663584728,0.000619093706102844,-0.210120297680725,-0.135059368548585,0.132632487996339,0.209259998096413
"interest_burden","consumption_growth",5,0.000174166421767622,0.00245956786480846,-0.210784518258489,-0.132728526921905,0.131992666783254,0.212693848892806
"interest_burden","consumption_growth",6,-0.000511433787395127,-0.00197273729454032,-0.23885280668749,-0.150271440909131,0.15001797344579,0.23875234172131
"interest_burden","consumption_growth",7,-0.000194646487222039,-0.00144573261828566,-0.22821657736393,-0.140205498951994,0.139322732746332,0.227212154483934
"interest_burden","consumption_growth",8,-0.00026361951801124,-0.00250390571877714,-0.226778073445691,-0.136952429285762,0.139548846247138,0.228267498793357
"interest_burden","consumption_growth",9,5.41214175467439e-05,0.00111641625914543,-0.205484018408311,-0.122884285158729,0.125478790722656,0.205642982183806
"interest_burden","consumption_growth",10,-0.000415638471630751,-0.00148717681747349,-0.200705954110325,-0.118087998694806,0.120835993414755,0.198570392008966
"interest_burden","consumption_growth",11,-0.00035689631093123,-0.000406373949361511,-0.179297882109479,-0.106582680051734,0.107605654986501,0.178609608183947
"interest_burden","consumption_growth",12,-0.000560143398785291,-4.88819002164563e-05,-0.165549789573903,-0.0975574965080044,0.0984956739792231,0.16837541645572
"interest_burden","consumption_growth",13,-0.000439250480659128,0.000103677253862238,-0.151895777652796,-0.0878893941131056,0.0869707016691544,0.151685488907756
"interest_burden","consumption_growth",14,-0.00070966773182244,-0.0005948402044735,-0.143584666954827,-0.0795720531129057,0.0800911696394681,0.143359936479367
"interest_burden","consumption_growth",15,-0.000637126109516248,-2.81478695179273e-05,-0.135001025462046,-0.0742334833567416,0.075093338275795,0.132810510602572
"interest_burden","consumption_growth",16,-0.000722880261191741,-0.000261891104557048,-0.128620290017389,-0.0693552565807761,0.0694383258932543,0.125917576489105
"interest_burden","consumption_growth",17,-0.000574926752139095,-0.000544345707197386,-0.122465338346663,-0.0641880487305019,0.0656972770376629,0.119799067828896
"interest_burden","consumption_growth",18,-0.00064580319654976,-0.000349677569685313,-0.117118608488835,-0.0602153141307451,0.061893190570945,0.114983417298396
"interest_burden","consumption_growth",19,-0.000532886283028275,-0.000248775759071459,-0.112885066254851,-0.0578279700363583,0.0594498784068763,0.111348750816191
"interest_burden","consumption_growth",20,-0.000552711753150753,-0.000845416983838594,-0.107571051966686,-0.0562366940339545,0.0554960846145074,0.108197103350204
"interest_burden","consumption_growth",21,-0.000446814208094674,-0.000631713464672572,-0.104858327871034,-0.0546496942750125,0.0540720858439833,0.104562102248004
"interest_burden","cpi_growth",1,-0.00107055336543115,-0.00124364288459937,-0.20295004582208,-0.126999041315377,0.125600049417301,0.203305211150883
"interest_burden","cpi_growth",2,-0.00173303852388607,-0.00270096520962784,-0.187450766612531,-0.121589679053273,0.115414901103391,0.185479860394253
"interest_burden","cpi_growth",3,-0.000596465482912786,-0.00118947872715623,-0.183139889802504,-0.118703629218799,0.11756304462221,0.186838114646999
"interest_burden","cpi_growth",4,-0.00118120459238251,-0.00117991861750681,-0.206235269821766,-0.131919742628258,0.130825566583861,0.21003503886325
"interest_burden","cpi_growth",5,-0.00154333397548197,-0.00250041323375136,-0.203609872077639,-0.132075433160814,0.131305866038963,0.210422855540225
"interest_burden","cpi_growth",6,-0.00209233681065616,-0.00296090624273279,-0.233148607957462,-0.150049552259615,0.147995454120037,0.234909958680697
"interest_burden","cpi_growth",7,-0.00154127737526338,-0.00125713642707003,-0.219783247427301,-0.137463858479318,0.136735356574629,0.22090475464097
"interest_burden","cpi_growth",8,-0.00143396136479996,-0.00118229875341287,-0.2165706204433,-0.134425293670909,0.134730232793483,0.218813065694938
"interest_burden","cpi_growth",9,-0.00123868608845409,-0.00165765366332131,-0.198288545063473,-0.120604671258636,0.119767471542239,0.199924673652747
"interest_burden","cpi_growth",10,-0.00115963607210078,-0.00203588242594022,-0.19441479058744,-0.116654550438221,0.116294023278608,0.195129959715864
"interest_burden","cpi_growth",11,-0.000789142109847997,-0.0012724573341221,-0.176262097447152,-0.103027301290124,0.101564759760402,0.176919571099866
"interest_burden","cpi_growth",12,-0.000640557054827454,-0.00058135784451223,-0.164654554904711,-0.0938898738195287,0.0941171678784461,0.165539832560228
"interest_burden","cpi_growth",13,-0.000491949064506941,-0.00125807221112457,-0.149148634217063,-0.0846298090965611,0.0845847052044369,0.150563779821864
"interest_burden","cpi_growth",14,-0.000490645743268523,-0.000918570485070707,-0.139266938492349,-0.0787920473871781,0.0795150016360158,0.139525808666324
"interest_burden","cpi_growth",15,-0.000457593230431625,0.000217443362252761,-0.130749944973849,-0.0730143960588908,0.071293452878182,0.129166673532928
"interest_burden","cpi_growth",16,-0.000566975484884013,-0.000182648574025009,-0.123463488783179,-0.0675233316764829,0.0672264787358072,0.12219543806183
"interest_burden","cpi_growth",17,-0.00065222541230387,-0.000640335287375839,-0.12044022551038,-0.0638565916271674,0.0617822751817843,0.117443013223615
"interest_burden","cpi_growth",18,-0.000811836552605937,-0.000917949553053789,-0.115459261785444,-0.0610258305174593,0.058231997788221,0.112513498555922
"interest_burden","cpi_growth",19,-0.000968545950091459,-0.000644151285215001,-0.109142243725342,-0.0580813072393509,0.0554741747322353,0.107311313512825
"interest_burden","cpi_growth",20,-0.00117863678860988,-0.00129372554350033,-0.105234068016132,-0.0553615090918588,0.0537528867677325,0.104101680830901
"interest_burden","cpi_growth",21,-0.0013406118738381,-0.00109609269466494,-0.100758930543644,-0.0543021676182412,0.0517948678662004,0.101222102466566
"interest_burden","saving_rate",1,-0.00214201491869864,-0.000759568153448402,-0.20418928718191,-0.130682421584288,0.123539347055653,0.199471161578636
"interest_burden","saving_rate",2,0.000558784881734508,-0.000761884614556182,-0.18535034148491,-0.117865760130607,0.118738869863608,0.186485799795806
"interest_burden","saving_rate",3,0.00136439924339045,0.0017416129271375,-0.184301471573278,-0.119774220229041,0.120219864312144,0.186582653014925
"interest_burden","saving_rate",4,0.00128939867879384,0.00225855071721788,-0.21109626471859,-0.131917278982576,0.134971079150235,0.214738880670922
"interest_burden","saving_rate",5,-2.0646007872956e-05,-0.00110337563078978,-0.21012160961675,-0.133379115927679,0.132283784421279,0.211211317865104
"interest_burden","saving_rate",6,0.00122104631033051,0.00168097218769523,-0.23473006312049,-0.150140080994156,0.151139431250435,0.235971722584334
"interest_burden","saving_rate",7,0.00173633761134903,0.00351593273306289,-0.222654542482336,-0.138442909241213,0.141292459012463,0.226513555854697
"interest_burden","saving_rate",8,0.00187235165086519,0.00186582988392579,-0.223221846111401,-0.138055154729834,0.14086763065725,0.224522272473838
"interest_burden","saving_rate",9,0.00128608281801229,0.00173751789331218,-0.201708960722992,-0.124511712346709,0.124026732873143,0.206238584222746
"interest_burden","saving_rate",10,0.00170984884413754,0.00247357225841037,-0.195881480392577,-0.118453179004079,0.120490561891265,0.19835252109312
"interest_burden","saving_rate",11,0.00185382940509976,0.00262719733969401,-0.176863415658659,-0.104813634917751,0.104660423821016,0.180366736847796
"interest_burden","saving_rate",12,0.00185581065900216,0.00335156839307773,-0.165135662904323,-0.0971088484721943,0.09731332707121,0.168976007042834
"interest_burden","saving_rate",13,0.00145145318438787,0.00288288384951768,-0.150773937885283,-0.0853526901922984,0.0872762813050395,0.151372681377005
"interest_burden","saving_rate",14,0.00146780469317338,0.00245773302049977,-0.14101318030618,-0.0782675844883527,0.0824537643591753,0.140565163631859
"interest_burden","saving_rate",15,0.00135697883509429,0.00160927699869646,-0.133542257270992,-0.0722181854748547,0.0742572640385581,0.13010248257884
"interest_burden","saving_rate",16,0.00123489079870443,0.000949908541725981,-0.126482244484062,-0.0671857971659706,0.0691999797397483,0.124149738504172
"interest_burden","saving_rate",17,0.000905442898759256,0.000914059145593087,-0.119052201508291,-0.0627152187596241,0.06465537702442,0.11794613034532
"interest_burden","saving_rate",18,0.000766197152671819,0.000209701195116424,-0.114286643936149,-0.0602833899680132,0.0608285262511628,0.113510927838507
"interest_burden","saving_rate",19,0.000590100727850127,0.000344181203505736,-0.110401818046504,-0.0574252400081139,0.0572674288573367,0.109896610454904
"interest_burden","saving_rate",20,0.000458552618663236,0.000470675199986643,-0.106515877830773,-0.0551459355100255,0.0561949526881297,0.105076080423277
"interest_burden","saving_rate",21,0.000246641657599915,0.000247672355213919,-0.104334641966173,-0.053233667445437,0.0541326802591701,0.102242356448337
"interest_burden","policy_rate",1,0.161584998634859,0.161176724288026,0.0327489327427439,0.0756418370615803,0.243953839774863,0.291218232679723
"interest_burden","policy_rate",2,0.115706218901879,0.111556499719624,0.0258737738672834,0.0563720692063567,0.174887464587434,0.218727931589601
"interest_burden","policy_rate",3,0.102647554958968,0.0983718875448018,0.0212386370910121,0.0460539900874448,0.157669558303917,0.19664133398729
"interest_burden","policy_rate",4,0.101177550805111,0.0957909215303214,0.0283602206657895,0.0525788700850931,0.149449862580777,0.188173931092567
"interest_burden","policy_rate",5,0.125125991065501,0.119731330988342,0.0452050056147662,0.0721573209459775,0.179921608753457,0.220400554658758
"interest_burden","policy_rate",6,0.0765987508325655,0.0696979792557252,0.00963835499451502,0.0263932831331527,0.125503967461214,0.167791201189206
"interest_burden","policy_rate",7,0.0475635117567218,0.0424267374556066,-0.0181289693343291,0.00183515347883785,0.0934598222596044,0.13327427303273
"interest_burden","policy_rate",8,0.0231153931932958,0.0186782646486789,-0.0462229222611328,-0.0231978857298373,0.0698309231479251,0.107738653027394
"interest_burden","policy_rate",9,0.0222457792550558,0.0196057907591791,-0.0535274524808284,-0.0266962627147598,0.0709039490617174,0.107795211745736
"interest_burden","policy_rate",10,-0.00277700374023809,-0.0041478564841474,-0.0837777448038135,-0.0527551952086885,0.0459103264556606,0.0833555472744179
"interest_burden","policy_rate",11,-0.0134765178117619,-0.0126288291368585,-0.099709939079899,-0.0647181222415761,0.036084562304497,0.0722665186561589
"interest_burden","policy_rate",12,-0.023784548022034,-0.0221666311361053,-0.115316097270688,-0.0763528849108448,0.0263714152770098,0.0635645291126709
"interest_burden","policy_rate",13,-0.0191011052235698,-0.0167703843083661,-0.112950649768293,-0.0718214611649855,0.0317794172173497,0.0687362468406515
"interest_burden","policy_rate",14,-0.0241995081107375,-0.0211921335301103,-0.121112505540464,-0.0759847444015904,0.0266025337050617,0.0636840876632389
"interest_burden","policy_rate",15,-0.0216131266869852,-0.0187418831204906,-0.117227808937499,-0.0726902175947739,0.028797598721726,0.0646763473473924
"interest_burden","policy_rate",16,-0.0214709063197892,-0.0180475351066407,-0.116666510639408,-0.0709895103600089,0.0279117084146035,0.0636146191117942
"interest_burden","policy_rate",17,-0.0141469762256638,-0.0110183566930745,-0.106143873102998,-0.062081364847455,0.033453431535992,0.069576174516494
"interest_burden","policy_rate",18,-0.012475598636404,-0.00945625200525897,-0.101348442772306,-0.0589114660820343,0.0340313479141141,0.0692610056396337
"interest_burden","policy_rate",19,-0.00741943392311264,-0.00517735529836921,-0.0935855825688527,-0.0515750749809661,0.0372869106454229,0.0730170870152416
"interest_burden","policy_rate",20,-0.00546365584721597,-0.00346470728467862,-0.0917041844732484,-0.0480459133567304,0.0380050671753866,0.0739069743380199
"interest_burden","policy_rate",21,-0.000392871304581982,0.000800023826180212,-0.0834717788543432,-0.0413948859588414,0.0412589355043204,0.0793629086676911
"interest_burden","interest_burden",1,-0.00055929054024089,-0.0017707885774949,-0.200099573632035,-0.126482855799564,0.125467296492732,0.199370741787407
"interest_burden","interest_burden",2,-0.00200118952469113,-0.00441914290569204,-0.186740421310025,-0.118978338763657,0.117755480032802,0.187613629331354
"interest_burden","interest_burden",3,-0.00156791482464419,-0.00323763867353732,-0.185102453166129,-0.119822182459492,0.119728025953164,0.189251955996561
"interest_burden","interest_burden",4,-0.00154083582206254,-0.00242674994539054,-0.207021330012016,-0.133299441044203,0.128869845643408,0.210102433604277
"interest_burden","interest_burden",5,-0.00189830374443712,-0.00561665200276197,-0.206063194194826,-0.133507494997953,0.132159819679422,0.211264898853277
"interest_burden","interest_burden",6,-0.00254462281571535,-0.00432977848264092,-0.234759786728479,-0.150333076406271,0.144981470372043,0.233959052551864
"interest_burden","interest_burden",7,-0.00212609113549641,-0.0042506714205301,-0.222894727866391,-0.141420182889022,0.134658471702669,0.221246401674364
"interest_burden","interest_burden",8,-0.00153650745935894,-0.00194093655968459,-0.222729453113206,-0.138737008918124,0.134796093084791,0.220076120356407
"interest_burden","interest_burden",9,-0.00117792289723672,-0.00108998675215564,-0.203006854266948,-0.123834483410543,0.122242867969457,0.19926842831484
"interest_burden","interest_burden",10,-0.00100851561382724,-0.000848474597534105,-0.199017168441239,-0.116737769005005,0.11606862146733,0.196320839576613
"interest_burden","interest_burden",11,-0.000435479481889337,-0.000699949325912353,-0.178980095241817,-0.102769455663418,0.104733182651001,0.178338686668141
"interest_burden","interest_burden",12,0.000128857601546754,-0.000318521342435822,-0.16515964991393,-0.0945803851026941,0.0982998101730812,0.167833640156599
"interest_burden","interest_burden",13,0.000489420709182523,-0.000940274725173404,-0.149163079836093,-0.0848015398271552,0.0878542568989323,0.150925025326903
"interest_burden","interest_burden",14,0.000636049617757175,0.000354612322029407,-0.138664956140698,-0.0788981946567261,0.0809194977976594,0.14167850928662
"interest_burden","interest_burden",15,0.000911454621059254,0.000469019533303811,-0.127504144284791,-0.0714973438410021,0.07509590178573,0.131440283580058
"interest_burden","interest_burden",16,0.00112690482650729,0.000828265417835396,-0.120348874199719,-0.0671161181330107,0.070771682361383,0.121918664237788
"interest_burden","interest_burden",17,0.00122103417562011,0.00194544955981716,-0.115983616213832,-0.0630377313190853,0.0661694952784232,0.114126706280958
"interest_burden","interest_burden",18,0.00117147298357674,0.00116446190363205,-0.109245206488769,-0.0594048438082012,0.0623665907826982,0.108695345545743
"interest_burden","interest_burden",19,0.00119784932021237,0.000923963775787679,-0.106624269598749,-0.0572168825725857,0.0600221459721691,0.10523462317248
"interest_burden","interest_burden",20,0.00120475554047869,0.00090010352435607,-0.103178537260764,-0.0549390400948469,0.0565304546047102,0.102943349478012
"interest_burden","interest_burden",21,0.00118707377790258,0.000595435085594444,-0.100406864442285,-0.0531486878173393,0.0545862554675961,0.101786697122514
"interest_burden","debt_growth",1,-0.00184594267817594,-0.00258616551453864,-0.202119254341838,-0.128372787997287,0.126509288175828,0.1979109734648
"interest_burden","debt_growth",2,-0.00123586866171647,-0.00163143941455908,-0.187591768615423,-0.116351599157894,0.115883539534603,0.186707476358941
"interest_burden","debt_growth",3,-0.000684258900926293,0.000486774654023578,-0.185087974831969,-0.117595026989872,0.115685979209778,0.184488620111889
"interest_burden","debt_growth",4,-4.98125324446315e-05,-0.000201776655543763,-0.2053071768566,-0.131854310327815,0.127419600071497,0.206462253827677
"interest_burden","debt_growth",5,-0.00083672890575293,0.000924593206929803,-0.212310273336276,-0.12908457160839,0.125671353659215,0.207365907208405
"interest_burden","debt_growth",6,-0.000586242502221504,-0.000869648529803245,-0.233154430872612,-0.145504550645384,0.143731020653855,0.23003074870119
"interest_burden","debt_growth",7,-0.000324164120789559,2.6999461035556e-05,-0.224358614909799,-0.135426893875842,0.136193208038873,0.218517239965047
"interest_burden","debt_growth",8,-4.40824704242949e-05,0.00208853301380995,-0.218808331416172,-0.134152511181563,0.132911641184343,0.21946007660166
"interest_burden","debt_growth",9,-0.000170899210056309,-0.000716000788656037,-0.201728479116967,-0.121156611306485,0.121494335834206,0.20042781549882
"interest_burden","debt_growth",10,4.73877962157511e-05,0.000686979984969106,-0.193020113982236,-0.11516964170636,0.11704975513696,0.193950019890998
"interest_burden","debt_growth",11,0.000364585781952295,0.00140606484156842,-0.178184576984106,-0.101762977245066,0.105288179507003,0.175639923497162
"interest_burden","debt_growth",12,0.000540940593538557,0.00133897529154749,-0.167922394693466,-0.0948814335056372,0.0959755938941611,0.164111517305562
"interest_burden","debt_growth",13,0.000580088425473425,0.000971043172396744,-0.15248534060446,-0.0864530487001275,0.0870227026391251,0.14930960245612
"interest_burden","debt_growth",14,0.000663944131858854,0.00242680373775457,-0.142351644715174,-0.0809792229668147,0.080841327705756,0.140785678197116
"interest_burden","debt_growth",15,0.000835879897843255,0.00183953624878237,-0.132033850979546,-0.0742671081115272,0.0747997799196677,0.132177172336854
"interest_burden","debt_growth",16,0.000849344091538984,0.00119735423260867,-0.122217730633676,-0.068358859581451,0.0705439203051961,0.127290254508152
"interest_burden","debt_growth",17,0.000844127387879565,0.000372322801071478,-0.116468963856425,-0.063693807660846,0.0671607506995032,0.121215816959184
"interest_burden","debt_growth",18,0.000796536391943502,0.000871157469574187,-0.11341594605064,-0.0618882093126937,0.0629896008612149,0.116197295445528
"interest_burden","debt_growth",19,0.000833007219136845,0.000906690586710316,-0.109382253919847,-0.0582490817433606,0.0600695864925365,0.110433080980374
"interest_burden","debt_growth",20,0.000758206912790808,0.000504565463906548,-0.104840739070389,-0.0564302697728241,0.0568413022767762,0.109497387930796
"interest_burden","debt_growth",21,0.000720233172313762,0.000250998676990679,-0.100567331795761,-0.0533582419930135,0.055272801697989,0.10657331014259
"interest_burden","real_house_price_growth",1,-0.00106854785080157,-0.00176605095788757,-0.20116075379752,-0.126251381168086,0.123433366554705,0.196070762152331
"interest_burden","real_house_price_growth",2,0.000423926351452708,-0.00211701467477977,-0.185607130141781,-0.118906209421231,0.11953695582777,0.191501600284192
"interest_burden","real_house_price_growth",3,0.00124192515066069,0.000439507882309585,-0.186436637212849,-0.119301566229096,0.120818218056268,0.188116746603377
"interest_burden","real_house_price_growth",4,0.00146879500486175,0.000744378174092392,-0.207001749136164,-0.131867162706389,0.135522459972205,0.208937065312389
"interest_burden","real_house_price_growth",5,0.00124543852228693,0.000553632920890527,-0.209803027154912,-0.132400275205378,0.133751854243247,0.208330921592772
"interest_burden","real_house_price_growth",6,0.0012563403058386,-0.000548668446281313,-0.235136213025388,-0.145616720848578,0.150293090163001,0.235639871750334
"interest_burden","real_house_price_growth",7,0.00126409811823624,0.00104557172633366,-0.223344809810615,-0.137666326319814,0.139021554428124,0.225331933822726
"interest_burden","real_house_price_growth",8,0.00112353781088732,-0.000112833671326189,-0.220226540328928,-0.137635172370054,0.139013579196684,0.225661101603083
"interest_burden","real_house_price_growth",9,0.000894901251176209,-7.30201445821395e-05,-0.201346360654585,-0.120051772092274,0.123191387974574,0.203674606612263
"interest_burden","real_house_price_growth",10,0.000702262525992449,-0.000466701092038538,-0.195809404510292,-0.115408552367046,0.119036661510329,0.202297284301234
"interest_burden","real_house_price_growth",11,0.00054109128521096,-0.000485696010863469,-0.176622136824146,-0.102127131370034,0.105897103276048,0.179744021705665
"interest_burden","real_house_price_growth",12,0.000454029925979024,4.9623869471816e-05,-0.163743836373118,-0.0946392286308794,0.097201529731802,0.167620312711501
"interest_burden","real_house_price_growth",13,0.000471636318087742,-0.000491672963545314,-0.147601243363852,-0.0845158146659597,0.0868389615962551,0.151839488122541
"interest_burden","real_house_price_growth",14,0.000489473202474791,4.8677325385833e-05,-0.137556327322179,-0.0791036917147083,0.0802919538494208,0.144619202431882
"interest_burden","real_house_price_growth",15,0.000570719936390069,-0.000733995220557696,-0.127228352447057,-0.0722184971016379,0.074588528084293,0.132961859181553
"interest_burden","real_house_price_growth",16,0.000647050668655676,-0.000447272192421032,-0.120345455314699,-0.0678142769103787,0.0706278006665588,0.127431086081685
"interest_burden","real_house_price_growth",17,0.000817643425486721,4.38967929174745e-05,-0.115198094490141,-0.0635019840717231,0.0668210571212832,0.119683550921744
"interest_burden","real_house_price_growth",18,0.000904300440292269,0.000151449637687739,-0.112381300326087,-0.0594833702522125,0.0632918001905524,0.114200346225809
"interest_burden","real_house_price_growth",19,0.00101839718002955,8.09986260403253e-05,-0.107191982113063,-0.0565692258840583,0.0599697851755298,0.108928268339564
"interest_burden","real_house_price_growth",20,0.00103676383598048,0.000477043820845519,-0.105056954495271,-0.0541388654331324,0.0570413904800431,0.106080894894278
"interest_burden","real_house_price_growth",21,0.00110562005052871,0.000498123730007592,-0.102355396584745,-0.0508477526839469,0.0554778914861866,0.103976211153062
"interest_burden","asset_liability_ratio",1,-0.000443814105830979,-0.000116091877744286,-0.196675358850644,-0.125430419055588,0.126157745677606,0.197757806263022
"interest_burden","asset_liability_ratio",2,0.00237487271492576,0.00376597475450958,-0.18593233883472,-0.121160075258572,0.121692608966167,0.191716032442695
"interest_burden","asset_liability_ratio",3,0.00280227062186582,0.00283955277142589,-0.189676918063775,-0.119151088435499,0.127224406798596,0.193587899907457
"interest_burden","asset_liability_ratio",4,0.00385943508969055,0.00747795613270143,-0.212482952444173,-0.13318682087054,0.14007719941297,0.213261872154909
"interest_burden","asset_liability_ratio",5,0.00328989277834718,0.00649089465433844,-0.212816902124439,-0.129537892075832,0.137628180288846,0.21133342800237
"interest_burden","asset_liability_ratio",6,0.00366906455034488,0.00528027047860142,-0.241272781488032,-0.14573734246817,0.155665614857125,0.242569576059258
"interest_burden","asset_liability_ratio",7,0.00339171903540786,0.00448146201243684,-0.228245906267648,-0.133444113187741,0.146468532492131,0.230109105915654
"interest_burden","asset_liability_ratio",8,0.00333082009715541,0.00333258519526951,-0.224627441276817,-0.129693887111449,0.143218515743058,0.229454139085423
"interest_burden","asset_liability_ratio",9,0.00272406505923281,0.00222881425953498,-0.206115789143747,-0.117826187511586,0.125945543562635,0.207398210173546
"interest_burden","asset_liability_ratio",10,0.0026095730089853,0.00211110191282429,-0.202466761786075,-0.112457202391901,0.121068409096289,0.202444407774164
"interest_burden","asset_liability_ratio",11,0.00237112571739236,0.00199902209428282,-0.181078284968886,-0.100900472940564,0.107890502126991,0.1813014777459
"interest_burden","asset_liability_ratio",12,0.00234387218665218,0.00217631163481116,-0.167643526728116,-0.0917404503900705,0.0990142057827706,0.170797027749614
"interest_burden","asset_liability_ratio",13,0.00212432820837613,0.00236229515245609,-0.151378145058734,-0.0812038498304938,0.0877657822960563,0.155896090627663
"interest_burden","asset_liability_ratio",14,0.00210280572220554,0.00210919346839953,-0.144362584792421,-0.075789539854477,0.0807446994252397,0.14366309568595
"interest_burden","asset_liability_ratio",15,0.00201396726076296,0.00124041952346191,-0.134096489067711,-0.0690480451879235,0.0740871047015048,0.132957221159917
"interest_burden","asset_liability_ratio",16,0.00202989798272187,0.00134490840576509,-0.124996356412315,-0.0648929604452299,0.0697730973166725,0.127493874699632
"interest_burden","asset_liability_ratio",17,0.00193828729451853,0.00162831077169001,-0.11929310202916,-0.0606797188331001,0.0651815408037043,0.118552989202864
"interest_burden","asset_liability_ratio",18,0.00189898073207189,0.00263828044163988,-0.113377874511169,-0.0579006626445186,0.0625449635405034,0.114100877648138
"interest_burden","asset_liability_ratio",19,0.00180578561158414,0.00226934515695043,-0.110285136610448,-0.0551683656372793,0.060071284074626,0.110889283692298
"interest_burden","asset_liability_ratio",20,0.00175788826303153,0.00195770259054641,-0.106971359251039,-0.053047649488214,0.0583665053400259,0.109019153181968
"interest_burden","asset_liability_ratio",21,0.00166322738525144,0.00150428673285702,-0.103581348872321,-0.0515038310012018,0.0556622974111988,0.106668917629727
"debt_growth","gdp_growth",1,-0.00149611671275353,7.86819503512245e-05,-0.160246441619195,-0.101309996503207,0.0958271908413872,0.153195078766565
"debt_growth","gdp_growth",2,-0.000698015362049047,0.00075344456972084,-0.0868812253347556,-0.0554761748375928,0.0525224466167533,0.0838600811676168
"debt_growth","gdp_growth",3,-0.00082971806265072,0.00161246054964199,-0.0932637836370827,-0.0596084691197349,0.0560162417437043,0.0884140999280848
"debt_growth","gdp_growth",4,-0.000597101487192417,-0.000441069794454292,-0.0980899539809942,-0.062635440218118,0.0613980511076586,0.0969797412591844
"debt_growth","gdp_growth",5,-0.000994392376244668,-3.93660937763895e-05,-0.0991602791369248,-0.0632061298796356,0.0601635503709554,0.0940462301257409
"debt_growth","gdp_growth",6,-0.000543259726171736,-0.00103565514509963,-0.0961449734539433,-0.060879019810365,0.0585231516159295,0.0954268505364403
"debt_growth","gdp_growth",7,-0.000388430181067916,0.000149067854100706,-0.0889907043463597,-0.0552526609430831,0.0540429224382995,0.0883301032074975
"debt_growth","gdp_growth",8,-0.000207764183707599,0.000184590001001834,-0.0872229297193279,-0.0530273062055505,0.0527615041251931,0.0854979749421355
"debt_growth","gdp_growth",9,-0.000270428771043142,0.000720991936247831,-0.0798365227077589,-0.0464956207272057,0.0449145409781962,0.0758280798912242
"debt_growth","gdp_growth",10,-8.83192719519575e-05,-0.000283639059086048,-0.0738173485862423,-0.0427576546199037,0.0425123892058242,0.0710350621677109
"debt_growth","gdp_growth",11,6.80724931019383e-06,0.000369679646631397,-0.0668148300433376,-0.0372663868197628,0.036924601021601,0.0626043870743925
"debt_growth","gdp_growth",12,4.01487888220875e-05,-0.000119089357639793,-0.0617257425542893,-0.0354514366499949,0.0343717755755403,0.0598416495153855
"debt_growth","gdp_growth",13,-5.07573324147299e-06,0.000529329159875178,-0.0573451692334494,-0.03209210936088,0.0318476409490939,0.0542290649560781
"debt_growth","gdp_growth",14,-3.15901759915234e-07,0.000569835092069937,-0.0527432500782687,-0.0297181849857001,0.0286635231213701,0.0514962870764261
"debt_growth","gdp_growth",15,2.42978450695081e-05,0.000634477061471013,-0.0514090470153507,-0.028478940755884,0.0284470836693829,0.0494332527943866
"debt_growth","gdp_growth",16,1.05651167160863e-06,0.000340139423563191,-0.0482755396292968,-0.0274362676847957,0.0265038648194181,0.047643326464528
"debt_growth","gdp_growth",17,-6.27544856033249e-06,0.000412362450228031,-0.048970413504218,-0.0271112195629587,0.0266269818336296,0.0470415166419738
"debt_growth","gdp_growth",18,-2.29893449077507e-05,0.000317715369529091,-0.0469449779948079,-0.025773703234896,0.0254586900226168,0.0456391083340755
"debt_growth","gdp_growth",19,5.41851138352512e-06,0.000342216636038948,-0.0474543194694036,-0.0255006450265117,0.0260892904642047,0.0451436695014707
"debt_growth","gdp_growth",20,-1.53000026347231e-05,0.000513031503012029,-0.0461116243321804,-0.0246186266016597,0.0250387374096516,0.0439305371318768
"debt_growth","gdp_growth",21,-2.83904649407031e-06,0.000502198314689608,-0.0470363765827783,-0.0247587625563241,0.0250315020903313,0.0445593851810218
"debt_growth","consumption_growth",1,-0.0010833715005539,8.65275654127516e-05,-0.154855078831143,-0.0979028310420118,0.0955557117615455,0.149531740595482
"debt_growth","consumption_growth",2,1.43596321408899e-05,-0.000646834161740426,-0.0859054480198536,-0.0538581064994838,0.0549512588223453,0.0859012371149938
"debt_growth","consumption_growth",3,-0.000240191311079437,8.88813094743505e-06,-0.0917141984046434,-0.0575736572734933,0.0580809349785243,0.0907318597530611
"debt_growth","consumption_growth",4,-1.11846927783156e-05,0.00111168798257468,-0.0990024242279482,-0.0615659496685068,0.0610116168248938,0.0982913427237073
"debt_growth","consumption_growth",5,-0.000829682682816355,0.000154241053719967,-0.0981533696182775,-0.0630440772187384,0.0606338581180897,0.0950795181275547
"debt_growth","consumption_growth",6,-0.000508037126676517,0.000339679052635758,-0.0970132936184507,-0.0604415547080538,0.0585470764865899,0.095291055519515
"debt_growth","consumption_growth",7,-0.000699223219646801,-0.000411052573687284,-0.0894776782571031,-0.0556017932010513,0.0538269090763924,0.0868269832740871
"debt_growth","consumption_growth",8,-0.000449358301136961,-0.000846855246964965,-0.088300429087982,-0.0541775338115156,0.0525757485755726,0.0873793094016084
"debt_growth","consumption_growth",9,-0.000761320529804285,-0.000855355642306691,-0.0777956904229607,-0.0473925244119176,0.0454072003121298,0.0758497850623414
"debt_growth","consumption_growth",10,-0.000518394136098827,-0.000827189613293752,-0.0733739501661148,-0.0430276152377739,0.0423805578028421,0.0716569831476647
"debt_growth","consumption_growth",11,-0.000634032118719266,-0.00112353870127827,-0.0666634886053452,-0.0387262876729973,0.0371870339632632,0.0643845645618346
"debt_growth","consumption_growth",12,-0.000458563721928965,-0.000502637865540405,-0.0616994483159356,-0.0352804100494695,0.0344203903437766,0.0602605916552065
"debt_growth","consumption_growth",13,-0.000656324439431329,-0.00102797209441616,-0.0571608475620067,-0.0327880530129156,0.030918813666995,0.0552192287229356
"debt_growth","consumption_growth",14,-0.000554718896758009,-0.000731408949069716,-0.0536249588960372,-0.0303774130722845,0.0290494639354343,0.0505510560153847
"debt_growth","consumption_growth",15,-0.00068828749079548,-0.000778257487259958,-0.0509197113070707,-0.0290019258606319,0.0280504351091683,0.0500710112926068
"debt_growth","consumption_growth",16,-0.000626610735347289,-0.000410615593045935,-0.0487254226241567,-0.0279652861370045,0.0263375192172042,0.0471613250066465
"debt_growth","consumption_growth",17,-0.000771084619298711,-0.000652505374681115,-0.0491035207091003,-0.0278999619756141,0.0263404735866161,0.0476010813311181
"debt_growth","consumption_growth",18,-0.000730187020270554,-0.000786736554088984,-0.0483563480709072,-0.0267287525776279,0.0252297689967368,0.0455652937072073
"debt_growth","consumption_growth",19,-0.000824736318712484,-0.000937871227924295,-0.0485497836649084,-0.0269271032541631,0.0253254714985998,0.0459582901463322
"debt_growth","consumption_growth",20,-0.00077840343196063,-0.000820180877421175,-0.0467822672610318,-0.0259435242482668,0.0246309310784166,0.044439610256317
"debt_growth","consumption_growth",21,-0.000845678227254235,-0.00117754268412575,-0.0469733854235047,-0.0260845900677236,0.0247904433399368,0.0453254891500397
"debt_growth","cpi_growth",1,0.000324313946836677,0.00010437531436913,-0.151858424861203,-0.0982585117617276,0.0976173101955164,0.153442536926478
"debt_growth","cpi_growth",2,0.00102710895417374,0.000930578886314,-0.0845546363569834,-0.0530417405346198,0.0540807330875308,0.0880974027468161
"debt_growth","cpi_growth",3,0.000665118170239105,-0.000556777110654267,-0.087856651568876,-0.0560794844413997,0.0575856547238548,0.0921968718869568
"debt_growth","cpi_growth",4,0.000839857093584377,0.000424607900725732,-0.097013302718449,-0.0595331316309225,0.0612976425428728,0.0984395195705162
"debt_growth","cpi_growth",5,0.000527589769268632,0.000176275429594673,-0.0935459949017513,-0.0605034864718043,0.0612476957176934,0.0986503771325158
"debt_growth","cpi_growth",6,0.000758149637546831,0.000968232480965049,-0.0965676357964502,-0.0588227887045078,0.0592838938508243,0.0996004653364585
"debt_growth","cpi_growth",7,0.000323362236094972,-0.00034155778702236,-0.0864406030002678,-0.0532606250217555,0.054780676923321,0.090037623592466
"debt_growth","cpi_growth",8,0.000230467033225802,0.000156943125817255,-0.0855391577793119,-0.0524407695219999,0.0526271098719709,0.0891324183828382
"debt_growth","cpi_growth",9,-6.03655841231249e-05,-0.000487512277054407,-0.076588053392228,-0.0459512206105085,0.0464005689487855,0.0788663952355709
"debt_growth","cpi_growth",10,7.68339029182358e-07,-0.000401447679635067,-0.0727337810889082,-0.0428369260097499,0.0426774727580044,0.0732401033803335
"debt_growth","cpi_growth",11,-0.000232426361460147,-0.000763820801288123,-0.0654397954756624,-0.0383535904937419,0.0378924595093158,0.0660940350126478
"debt_growth","cpi_growth",12,-0.000209165546168282,-0.00107691003644023,-0.0619424657051122,-0.0349116362200637,0.0350074670080728,0.0615959548624931
"debt_growth","cpi_growth",13,-0.000361931585861384,-0.000393855278100577,-0.0564613616739895,-0.0328111182044015,0.0316986711271386,0.0566130295342867
"debt_growth","cpi_growth",14,-0.000297707482863514,-0.000756239028590926,-0.054098458580803,-0.0294361311824356,0.029535716779128,0.0539843544284829
"debt_growth","cpi_growth",15,-0.000370464212455988,-0.000736126176538835,-0.0502613248136645,-0.0294297835788727,0.0279882393404809,0.0504036977903045
"debt_growth","cpi_growth",16,-0.000289081980509822,-0.000602818083930203,-0.0485338428601874,-0.02714953379473,0.0265991287962956,0.049235350642766
"debt_growth","cpi_growth",17,-0.000314447367802415,-0.000265810334963526,-0.0482467164072207,-0.027421761363117,0.0264354450830202,0.0481801878333001
"debt_growth","cpi_growth",18,-0.000234223884882493,-0.000382893974010661,-0.0460305451559813,-0.025757719997093,0.0251152260686979,0.0467948483702199
"debt_growth","cpi_growth",19,-0.000224266134896905,-0.000211832268892989,-0.0465495986186527,-0.0258161401664112,0.0251927964041028,0.047241374933694
"debt_growth","cpi_growth",20,-0.000140264147633824,-0.000213260098099481,-0.0448543626479305,-0.0248936530670664,0.0241615231537789,0.046531454501908
"debt_growth","cpi_growth",21,-0.000120716290641221,-0.000316049934079783,-0.0452664114939177,-0.0251613654317841,0.0244430253617255,0.0464262278008529
"debt_growth","saving_rate",1,0.00248243061835926,0.00259566102016872,-0.149372071905776,-0.0951931949617437,0.0995497245730925,0.15545064353471
"debt_growth","saving_rate",2,0.00177110107677204,0.00201912585274534,-0.0823315489477923,-0.0517372934061489,0.0550281583620051,0.0860266819990122
"debt_growth","saving_rate",3,0.00138094080998274,0.00164567229625301,-0.0894302876826428,-0.0570095981464649,0.0587871073850544,0.092913026370909
"debt_growth","saving_rate",4,0.000659546415092161,0.000135208526122406,-0.0966756448202428,-0.0616981743028111,0.0632293285772341,0.0974990846000866
"debt_growth","saving_rate",5,0.00135434149148542,0.00143118705857995,-0.0962266762427169,-0.0605154488197134,0.0621061107846216,0.0960967121746944
"debt_growth","saving_rate",6,0.000726568890848158,0.000616180173108318,-0.0961754295758028,-0.0586321082528129,0.0619881554612946,0.0966643214650338
"debt_growth","saving_rate",7,0.000535860169235033,0.000362248078842107,-0.0874239811647836,-0.0542204464651163,0.0556636968902672,0.0866682181395538
"debt_growth","saving_rate",8,7.45364657957533e-05,9.76453807475903e-06,-0.0867715050362142,-0.0526624470944804,0.0543907409924228,0.0886165850080137
"debt_growth","saving_rate",9,0.000446378088622292,0.000603116384274951,-0.0766475092341034,-0.0453830972874169,0.0465511226822251,0.07698289145372
"debt_growth","saving_rate",10,0.000205621310586618,4.10821675453588e-05,-0.0722662701659158,-0.0415737231403157,0.0423974446194945,0.0732097439420431
"debt_growth","saving_rate",11,0.000217576872006227,0.000506222040633151,-0.0639392410779879,-0.0363706595390334,0.0379105241882729,0.0644015107084862
"debt_growth","saving_rate",12,7.00376102430348e-05,-0.000258653072904333,-0.0590498929413502,-0.0343627401532023,0.0349138526550864,0.060696300319061
"debt_growth","saving_rate",13,0.000305183904871586,0.000467710418972674,-0.0542972660882061,-0.0316354831116821,0.0320482282954455,0.0555576624520954
"debt_growth","saving_rate",14,0.000282936856502263,2.17001159473416e-05,-0.0502120822049099,-0.0289838007418808,0.0288968873652297,0.0530447434218024
"debt_growth","saving_rate",15,0.000380299143030339,1.79573500012475e-05,-0.0483161193243882,-0.028099378662243,0.0285512584808257,0.0499197251366521
"debt_growth","saving_rate",16,0.000355682991668638,0.000164808525858624,-0.0464490888888623,-0.0260251465172973,0.026701897991003,0.0483017515419878
"debt_growth","saving_rate",17,0.000502202452324231,0.000333745844027298,-0.0460426232139136,-0.0262240053990967,0.0270093616868559,0.0479273287306685
"debt_growth","saving_rate",18,0.000523739561719702,0.000160590532224357,-0.0443358712515662,-0.0249801949180649,0.0259682819001637,0.0466888589247824
"debt_growth","saving_rate",19,0.000594693371098999,0.000340961899638188,-0.0445136953602795,-0.0255515044497684,0.0266078046619152,0.0470293649519841
"debt_growth","saving_rate",20,0.000583467593209118,0.000538858958701661,-0.043539130350691,-0.0247475069540283,0.025328298549976,0.0463394964518201
"debt_growth","saving_rate",21,0.000641646427156444,0.000655086927166255,-0.0432185322688966,-0.0246379803239752,0.0259527807681287,0.0459758841203406
"debt_growth","policy_rate",1,-0.0840178920465899,-0.0798805305599887,-0.170652616568648,-0.135253527234405,-0.031725203720787,-0.0118216131473526
"debt_growth","policy_rate",2,-0.0570629162025912,-0.055485776596644,-0.101757024227973,-0.0823229152241527,-0.0320152116358865,-0.0173042162610383
"debt_growth","policy_rate",3,-0.0594186366632223,-0.0573118273168453,-0.107296139136143,-0.0862013274880125,-0.0328871966920916,-0.0186200296308578
"debt_growth","policy_rate",4,-0.0324394861065041,-0.0293714012002407,-0.0710355494358703,-0.052578656370513,-0.0115862603037195,-0.00441989671747324
"debt_growth","policy_rate",5,-0.0491634658621408,-0.0471605980906505,-0.0924898094470907,-0.0724931708977061,-0.0250071361491837,-0.0140016810207129
"debt_growth","policy_rate",6,-0.0267107052961839,-0.0228655852764535,-0.0633190922425094,-0.0454851266778748,-0.00785374135056612,-0.00294467010847247
"debt_growth","policy_rate",7,-0.0238734485195301,-0.0215948264888022,-0.0624924894492086,-0.0441269127768439,-0.00363662514087153,0.00576459955989112
"debt_growth","policy_rate",8,-0.00531180458216333,-0.00316614804628236,-0.0418840059787045,-0.0245202182144032,0.0132145308380908,0.0233322268108449
"debt_growth","policy_rate",9,-0.0104251079194996,-0.00847376309257687,-0.0479454941044525,-0.0306527208062282,0.00944344165069855,0.0215138178016351
"debt_growth","policy_rate",10,0.000461369376158818,0.00164470273609059,-0.0360991664257248,-0.0191760343545231,0.0195543456800993,0.032851378240603
"debt_growth","policy_rate",11,-0.000753181518783546,-9.15760195572465e-05,-0.038129907767424,-0.0212591110878318,0.0199345171693977,0.0342443590541374
"debt_growth","policy_rate",12,0.00714001613197471,0.00752124678327373,-0.0308507101069416,-0.013535011973878,0.0277151442200516,0.0426408136950384
"debt_growth","policy_rate",13,0.0027410561371385,0.00296053317232886,-0.0352549660090014,-0.0182996906030454,0.0236812341944303,0.0388969936818491
"debt_growth","policy_rate",14,0.00654529215330583,0.00661125557393276,-0.0317506198532566,-0.0141591572207699,0.0271907084255212,0.0425780086687883
"debt_growth","policy_rate",15,0.00341271804817058,0.00334311817659957,-0.0340931891523343,-0.0170631350218594,0.0241841251568191,0.0400294076462566
"debt_growth","policy_rate",16,0.00598235427109791,0.00583592373949277,-0.0308653595023771,-0.0144315322144471,0.0263915758374308,0.0421851872691613
"debt_growth","policy_rate",17,0.00227273282437028,0.00230229249235497,-0.0347543546532282,-0.017511584201144,0.0226347544456316,0.0375904535641885
"debt_growth","policy_rate",18,0.00332171558060322,0.00305981215478271,-0.0332952638098775,-0.0160359580282893,0.0233595761759019,0.0385758001956588
"debt_growth","policy_rate",19,0.000514724490291713,0.000313057802860953,-0.0353790222310626,-0.0186242143719427,0.0202990020156559,0.034871781532526
"debt_growth","policy_rate",20,0.00134063221867677,0.00112237622382153,-0.0339927304465084,-0.017586868452666,0.020470867477278,0.0352568519918794
"debt_growth","policy_rate",21,-0.0011030936852266,-0.00107740831395877,-0.0359956261031338,-0.019972593259444,0.0182204828030424,0.0321117988742134
"debt_growth","interest_burden",1,0.000267346390794319,0.000462747651924892,-0.152737320404632,-0.100447376703252,0.0991565673078455,0.153633688593713
"debt_growth","interest_burden",2,0.000914765292897117,0.00199435073373649,-0.0827568720282706,-0.0514343753154207,0.0539010716910312,0.0847188563828794
"debt_growth","interest_burden",3,0.00116595504794438,0.00190168004164423,-0.0901425156088999,-0.0551476825411987,0.0567765388134853,0.09009372549544
"debt_growth","interest_burden",4,0.00119651566013256,0.00160866764137263,-0.0967669433341195,-0.0595692183281826,0.0628593821423589,0.0972231905433402
"debt_growth","interest_burden",5,0.00113994789477571,0.00206266068063766,-0.0961266611725903,-0.058932804107632,0.0608808456494207,0.0950912816705005
"debt_growth","interest_burden",6,0.00119939580493092,0.0020267169105343,-0.094774741127848,-0.0588285200039381,0.0609106490080959,0.0964649544314565
"debt_growth","interest_burden",7,0.000998024646108047,0.00229234088563505,-0.0881733300418424,-0.0528706986054811,0.0551090170936457,0.0873196728323723
"debt_growth","interest_burden",8,0.000732517771069735,0.000917699591881903,-0.0868646959953198,-0.0526937518845529,0.0549764092947096,0.086959784608091
"debt_growth","interest_burden",9,0.000483812668203302,0.00155391934386395,-0.0768307369328905,-0.0458520910950168,0.0457825333426038,0.0764257996462378
"debt_growth","interest_burden",10,0.000403481313565569,0.00100198469920568,-0.0722716424395346,-0.0430386417557702,0.043351832480111,0.0731515537384359
"debt_growth","interest_burden",11,0.000225372167143437,0.00108651079807022,-0.0654335610728267,-0.0379965908610896,0.0379356611666432,0.0648918660529093
"debt_growth","interest_burden",12,8.81294556256084e-05,0.000308898038071207,-0.0609834735762283,-0.0357262412943548,0.0353423385774541,0.060206964429439
"debt_growth","interest_burden",13,-4.67460615286135e-05,7.86964775972522e-05,-0.0574502507241775,-0.0318519408181867,0.0317965337863409,0.0553524004068311
"debt_growth","interest_burden",14,-5.36226484575567e-05,0.000182298305308066,-0.0530851236522504,-0.0294333448759004,0.029403721156083,0.0511335907817475
"debt_growth","interest_burden",15,-0.000100822555315264,-0.000109752734182367,-0.0517317854588182,-0.0285538829967935,0.0284539134929247,0.0491479797589953
"debt_growth","interest_burden",16,-0.000113734938954225,-0.000131420819145647,-0.0491697594643316,-0.0270192323673107,0.0268001987175789,0.0468495668211695
"debt_growth","interest_burden",17,-0.000138049269550204,-3.5980214891084e-07,-0.0491142130877748,-0.0264854387670681,0.0267697639966294,0.0470372385006383
"debt_growth","interest_burden",18,-8.82610261309184e-05,-0.000146489185975254,-0.0467570918372726,-0.0254833256243045,0.0253940810076474,0.0460837693300118
"debt_growth","interest_burden",19,-7.9142615332161e-05,9.18846193804485e-05,-0.0467712724190164,-0.0259345824271986,0.0256603539915218,0.0466297733277049
"debt_growth","interest_burden",20,-5.17047721757642e-05,-0.000247434298760549,-0.0453299249142212,-0.0254840476189239,0.0246744170982832,0.0455589490934652
"debt_growth","interest_burden",21,-5.28286132544797e-05,-0.000115351985776841,-0.0459311693653348,-0.0255294327331366,0.0249575951887223,0.0462356094923154
"debt_growth","debt_growth",1,0.00075664911300097,-0.000564944668866073,-0.149936074308994,-0.0962714248322157,0.0993738784896476,0.153833006662857
"debt_growth","debt_growth",2,0.00101873145066222,0.00182290736311616,-0.084613842306489,-0.0522648751026913,0.0531548672344133,0.0861372285713575
"debt_growth","debt_growth",3,0.000989729081349539,0.000857999325067845,-0.0896881640821157,-0.0566093185993397,0.0579968829301233,0.0917031246005634
"debt_growth","debt_growth",4,0.000501397917664247,0.000871454727627912,-0.0948017816322211,-0.0606723609017601,0.0604092024783807,0.0963394528232546
"debt_growth","debt_growth",5,0.000890916360938179,0.000717245329388094,-0.0955146530101378,-0.0588877704730101,0.0612498380969979,0.0968253835011551
"debt_growth","debt_growth",6,0.000770459560127993,0.000382381404501857,-0.0921499385101219,-0.0585585747231894,0.0603585322883226,0.0955738808000113
"debt_growth","debt_growth",7,0.000696058556754455,-0.000471730289684702,-0.0878191301178491,-0.0517038795148318,0.0548123207368214,0.0885185515779481
"debt_growth","debt_growth",8,0.000488579654329688,-0.00049614419736494,-0.0865915700444525,-0.0523746559337649,0.0529946713958039,0.0857889347684244
"debt_growth","debt_growth",9,0.000434312952774062,-0.000665410235687953,-0.0752279686131514,-0.0446970110587336,0.0465707028642057,0.0765666813882792
"debt_growth","debt_growth",10,0.000393751453983948,-0.000353700811068166,-0.0725048673130393,-0.0411893927901042,0.0430568149888155,0.072312350289955
"debt_growth","debt_growth",11,0.000248008881937154,-0.000604586693292575,-0.0631664414044629,-0.0368533311630364,0.0382573681337758,0.0665974763996125
"debt_growth","debt_growth",12,0.000190683642250508,-0.000472268644091297,-0.0590562932765351,-0.0337666881131916,0.0343378583160981,0.0613943579357267
"debt_growth","debt_growth",13,0.000114927889755267,-0.000477209592662666,-0.0543052496035927,-0.0315957405167616,0.0320569914699899,0.0564455150904271
"debt_growth","debt_growth",14,0.000132844302224357,-0.000637363106127542,-0.0513779103412203,-0.028949113303972,0.0287598804566003,0.0530549136251724
"debt_growth","debt_growth",15,5.76375339623632e-05,-0.000611408073126558,-0.0493136597522261,-0.0285581881615725,0.0286003210307541,0.0504246839980455
"debt_growth","debt_growth",16,9.20872769519832e-05,-0.000133360390791961,-0.0479187864270388,-0.0265265629998266,0.0264542254332265,0.0488591532673826
"debt_growth","debt_growth",17,6.32133113198669e-05,-0.000196578718809391,-0.0474706250831248,-0.0261421460755859,0.0268527154376469,0.0489055077180479
"debt_growth","debt_growth",18,0.000127602006276439,-7.83250160219155e-05,-0.0462674683063904,-0.0246579480013851,0.0251693217623621,0.0468586727271133
"debt_growth","debt_growth",19,9.78298428454318e-05,-5.20420955499424e-05,-0.0458725178452498,-0.0249223819629982,0.0253316968080329,0.0469226509667414
"debt_growth","debt_growth",20,0.000156713165521129,7.54256203018044e-05,-0.0450671281458135,-0.0242950928069811,0.0245686724855051,0.046216989328897
"debt_growth","debt_growth",21,0.000141159362074553,3.30366113493739e-05,-0.0451150129954355,-0.0241623757964978,0.0246372022437476,0.0462927805626381
"debt_growth","real_house_price_growth",1,-0.000339280499845844,-0.00155677507438494,-0.152425905418745,-0.0982950551592179,0.0981600242935591,0.15302428178113
"debt_growth","real_house_price_growth",2,-0.000259145369426704,-0.000216195230236466,-0.085069817417498,-0.0538023992672983,0.0530343487440194,0.0851676436094497
"debt_growth","real_house_price_growth",3,-0.000321547551507284,5.71054377276003e-07,-0.0904502787003949,-0.0570605736176875,0.0564830402673519,0.0908977650952495
"debt_growth","real_house_price_growth",4,-0.00075104972534438,-0.00084964856501233,-0.0960007932654701,-0.0619554818346024,0.0596130987055658,0.0956684753557536
"debt_growth","real_house_price_growth",5,-0.000454882947006915,-0.00112251507332907,-0.0948060600962057,-0.0608631706818814,0.0605080563230988,0.0964783739328122
"debt_growth","real_house_price_growth",6,-0.00039636937095257,-0.000897686736408198,-0.0938275724029921,-0.0601914301313282,0.0589323626070357,0.0970784853367987
"debt_growth","real_house_price_growth",7,-0.000280447003756727,-0.000465435676498584,-0.0886515693252693,-0.0537028771990573,0.0518659644513237,0.0881336569062206
"debt_growth","real_house_price_growth",8,-0.000333295193783887,-0.000765710515594553,-0.086259945553808,-0.0539809525551612,0.0521300199498108,0.0883024926352416
"debt_growth","real_house_price_growth",9,-0.00022762040015521,4.98125716438054e-06,-0.0776399356962473,-0.0457084941040928,0.0455108663530766,0.0773663202993907
"debt_growth","real_house_price_growth",10,-0.000255199512622212,-0.000672415158309806,-0.0728149556986552,-0.0429956282803799,0.0421180805925374,0.0715471214702486
"debt_growth","real_house_price_growth",11,-0.000234042057246519,-0.000132130247696141,-0.0650958801947524,-0.0372956007743646,0.0370268317896294,0.0643358893344909
"debt_growth","real_house_price_growth",12,-0.000279120605657491,-0.000111703662629377,-0.0607505812046925,-0.0346244985577422,0.0342407682284928,0.0595501250092422
"debt_growth","real_house_price_growth",13,-0.000322596604857657,0.000153148580439352,-0.0560733844517808,-0.0319106618040675,0.031041916242029,0.0533373357032475
"debt_growth","real_house_price_growth",14,-0.000365506720322722,-0.000166123561699356,-0.052722034032998,-0.0294888082587795,0.0284555958198701,0.0505944007676636
"debt_growth","real_house_price_growth",15,-0.000413106162770416,-0.000193600369674111,-0.0516235185431554,-0.0282757350991001,0.0275086269711342,0.0480345830853048
"debt_growth","real_house_price_growth",16,-0.000434837736872244,-0.000216411869732843,-0.0489573553034149,-0.0267375604217589,0.0257625552628327,0.0466872256247381
"debt_growth","real_house_price_growth",17,-0.000481612209293823,-0.000172147832088675,-0.0491101511810301,-0.0266757379214626,0.0256689896091187,0.0459900762546136
"debt_growth","real_house_price_growth",18,-0.000475791065544859,-1.53837636776166e-05,-0.0471590835151358,-0.026031764709044,0.0247379799791061,0.0448972908136873
"debt_growth","real_house_price_growth",19,-0.000490120477702119,0.000199804429658488,-0.0474240587503293,-0.0263423588140445,0.0246322521508468,0.0460253201499571
"debt_growth","real_house_price_growth",20,-0.000441298144720167,0.000265823731941264,-0.0453024985666293,-0.0256696264277127,0.0239038182480889,0.0448881196670448
"debt_growth","real_house_price_growth",21,-0.000432883079428565,2.17260577828948e-05,-0.0469245463991975,-0.0260388580137188,0.0238164964579522,0.0457349173369024
"debt_growth","asset_liability_ratio",1,-0.00153734339671731,-0.00217217680302373,-0.154211777883834,-0.098730566693953,0.0943418684562301,0.152276904968967
"debt_growth","asset_liability_ratio",2,-0.00170398050171375,-0.00161443684008632,-0.0849478511973702,-0.0545322868774532,0.0512445305566438,0.0824559927652912
"debt_growth","asset_liability_ratio",3,-0.00166445734503764,-0.00214096818983376,-0.0914765429443714,-0.0579039735326076,0.0553151159923631,0.0909259866967935
"debt_growth","asset_liability_ratio",4,-0.00219556650180863,-0.00170251487914882,-0.0985215232656176,-0.0625873688623093,0.0580501689985812,0.0945254495963325
"debt_growth","asset_liability_ratio",5,-0.00172347876458296,-0.00172141999651162,-0.0980262757501423,-0.0613264433301647,0.0585206759434708,0.0957743887591371
"debt_growth","asset_liability_ratio",6,-0.00188146078160567,-0.00194270223309233,-0.0981980650554817,-0.0602983327053764,0.0581207262725789,0.0943170266245256
"debt_growth","asset_liability_ratio",7,-0.00145421170709546,-0.00199730182864355,-0.0895520622705361,-0.0537000033427497,0.0523564393172524,0.0879687865044837
"debt_growth","asset_liability_ratio",8,-0.00160336353075818,-0.00136713717535194,-0.0901139224230241,-0.0535538976761393,0.0514480512997968,0.0859931650169053
"debt_growth","asset_liability_ratio",9,-0.00123132678960647,-0.00167068306185543,-0.0791641211067385,-0.0461964787186465,0.0444332290898722,0.0773662027741529
"debt_growth","asset_liability_ratio",10,-0.001304346752285,-0.00100877044995522,-0.0757251034114768,-0.0435561668752823,0.0409936719279109,0.0721128278290182
"debt_growth","asset_liability_ratio",11,-0.00105500713609446,-0.000879618427035356,-0.0673428205299652,-0.0388735925240356,0.0366506588913317,0.0635630014768711
"debt_growth","asset_liability_ratio",12,-0.00109854477420327,-0.000659015838206048,-0.06401942517798,-0.0363982089882699,0.0337050381337334,0.0607482871165904
"debt_growth","asset_liability_ratio",13,-0.000919339887732579,-0.000856766421620605,-0.0575238486578925,-0.0326719994060857,0.0310799168879,0.0561913901308024
"debt_growth","asset_liability_ratio",14,-0.000929273351722838,-0.000666974296299701,-0.0540192563491302,-0.0307334840248135,0.0284684203030986,0.0520563543367924
"debt_growth","asset_liability_ratio",15,-0.000771627772083009,-0.000584999251473784,-0.0513461399299139,-0.0293264632513662,0.0277773465241787,0.0505491512819587
"debt_growth","asset_liability_ratio",16,-0.000744234935778793,-0.000320409243352905,-0.049784656990055,-0.0282283299614239,0.0262210308167087,0.0477781043039077
"debt_growth","asset_liability_ratio",17,-0.000613920865878188,-0.0007348826929706,-0.049467616376881,-0.0274697931182364,0.0265132033730435,0.047804246446351
"debt_growth","asset_liability_ratio",18,-0.000562209747586938,-0.000551571764335982,-0.0477352751364547,-0.0269884909646587,0.025467062621441,0.0459016767854805
"debt_growth","asset_liability_ratio",19,-0.000429658545481807,-0.000480942444155487,-0.0465023807925442,-0.0265980556025402,0.0258291996152672,0.0458899009348978
"debt_growth","asset_liability_ratio",20,-0.000360340052253233,-0.000476273008062871,-0.0462822064334516,-0.0255509486154302,0.0249303729527606,0.0446971227796977
"debt_growth","asset_liability_ratio",21,-0.00025173279506073,-0.000275323422177204,-0.0466503722327001,-0.0253993493223511,0.0252761141970131,0.0449955243595896
"real_house_price_growth","gdp_growth",1,0.000817369671082328,0.00793723090228567,-0.690956747317433,-0.434719701381856,0.432413276130993,0.667290148420862
"real_house_price_growth","gdp_growth",2,-0.00340522059228049,-0.00512411554278923,-0.477659775037794,-0.301803267676905,0.291891546611699,0.469818154890152
"real_house_price_growth","gdp_growth",3,-0.00279823985686428,-0.00471126688902324,-0.527487501615725,-0.330955015187633,0.333029127010328,0.512424745506047
"real_house_price_growth","gdp_growth",4,-0.00320323547600963,-0.00533966486168889,-0.368620064454614,-0.229391441410485,0.225651860857685,0.358787807632419
"real_house_price_growth","gdp_growth",5,-0.000472800940881917,-0.00180273799060504,-0.312436563876054,-0.196086415638011,0.195327446254878,0.316858304470045
"real_house_price_growth","gdp_growth",6,0.00109435579692513,0.00184630010908665,-0.237019402319245,-0.140823118405969,0.141477445178953,0.239867866351328
"real_house_price_growth","gdp_growth",7,0.00274024155167903,-0.000105865561229192,-0.229755795417189,-0.139609575118363,0.145841244678027,0.24796026131511
"real_house_price_growth","gdp_growth",8,0.00211737255713106,3.85107345660203e-05,-0.183567785514147,-0.10673831814099,0.113114145140388,0.191702639881949
"real_house_price_growth","gdp_growth",9,0.0019649654125834,-0.000249295592213598,-0.153790729682987,-0.0893529517950951,0.0928969369525879,0.159203497055386
"real_house_price_growth","gdp_growth",10,0.00185543293950955,0.00225898654256181,-0.147606735856118,-0.0823912145198165,0.0844841784784127,0.147096707337211
"real_house_price_growth","gdp_growth",11,0.00185857900774261,0.00127896046844972,-0.136777783375318,-0.0751519627571349,0.0781679517593361,0.137973409587085
"real_house_price_growth","gdp_growth",12,0.000897455516607415,0.00189129021685296,-0.137163981030453,-0.0746735377321958,0.0767547364396467,0.134855419480427
"real_house_price_growth","gdp_growth",13,0.00040182386098409,0.00122420029287931,-0.127733099865901,-0.0689015738331396,0.0686975315972977,0.122762775008851
"real_house_price_growth","gdp_growth",14,0.000277484978527115,0.00165979876120406,-0.1309257585559,-0.0705152475892507,0.0696511517273613,0.124969168042054
"real_house_price_growth","gdp_growth",15,0.000361970675069304,0.000813508299131544,-0.117340333693906,-0.0622619303412976,0.0625337370065433,0.112532221745347
"real_house_price_growth","gdp_growth",16,0.000169497798843549,0.00085127547971397,-0.114281837439332,-0.061951682347092,0.0617593913216141,0.112617915874457
"real_house_price_growth","gdp_growth",17,0.000101709461211441,0.000781153219313936,-0.104962946893058,-0.0565925914806344,0.0564611047101023,0.104959592808232
"real_house_price_growth","gdp_growth",18,0.000220939917311482,0.000857488467118152,-0.101843944374337,-0.0562258893821353,0.0554833156005334,0.102521547127675
"real_house_price_growth","gdp_growth",19,0.000341665516082586,-5.57827986159963e-05,-0.0949713362459298,-0.0496104750222526,0.0496466383228363,0.0953213164074764
"real_house_price_growth","gdp_growth",20,0.000321566794826861,0.000484879678298639,-0.0925303175921109,-0.0482114174682697,0.0484444300544937,0.0903564440748176
"real_house_price_growth","gdp_growth",21,0.000235480080302895,0.000341236386668955,-0.0870552111989972,-0.0442058594380419,0.0451715679126332,0.0875129584291177
"real_house_price_growth","consumption_growth",1,-0.000976184685353747,0.00560085903984325,-0.682665937545505,-0.440205118998277,0.434883155810739,0.688398354847616
"real_house_price_growth","consumption_growth",2,0.000676290001605736,0.0013059231545656,-0.465498062160815,-0.298902900384069,0.289967350317286,0.47783173677614
"real_house_price_growth","consumption_growth",3,0.00437326261874332,0.00543351663354122,-0.527685912830963,-0.324927011080923,0.336755388322705,0.526018587415115
"real_house_price_growth","consumption_growth",4,0.000745229961145352,0.00276296577276567,-0.365924279847797,-0.222530778946599,0.223354063955654,0.365039499831712
"real_house_price_growth","consumption_growth",5,0.000533905450173468,-0.00244728117889533,-0.32250914206798,-0.193229640229491,0.196209898708059,0.31335890415173
"real_house_price_growth","consumption_growth",6,-0.000277948392883367,-0.00171613668329658,-0.242222308216022,-0.14328357007999,0.140298839645859,0.236996172480888
"real_house_price_growth","consumption_growth",7,0.00116367823098684,0.000781144230443905,-0.237910234004695,-0.141738319720873,0.141665366005025,0.243852583043296
"real_house_price_growth","consumption_growth",8,0.000257672991480188,-2.61305353509659e-05,-0.186782640384019,-0.108098807601189,0.107079903181339,0.190206542078167
"real_house_price_growth","consumption_growth",9,0.000595299384157781,0.000169052301686104,-0.158907450840016,-0.0883348064622314,0.0910031014274384,0.157433297647154
"real_house_price_growth","consumption_growth",10,0.000243743497172835,-0.000716419345642183,-0.147261708412371,-0.0838513589509185,0.0845734053659521,0.148910322115227
"real_house_price_growth","consumption_growth",11,0.000542709758107742,0.00024737321239093,-0.134630804451903,-0.0758329003016112,0.0765795334847406,0.137331690814083
"real_house_price_growth","consumption_growth",12,-0.000229065447520092,-0.000623556605095971,-0.132916178884611,-0.0771076478008507,0.0751624300755505,0.135078065455615
"real_house_price_growth","consumption_growth",13,-0.000325618917151736,-0.000828010366836046,-0.125165050616061,-0.0706923243988254,0.0689550783736334,0.12577355604484
"real_house_price_growth","consumption_growth",14,-0.000800361771185506,-0.000728068871808447,-0.130602009666397,-0.0703596440483223,0.0688531025448611,0.129242704711625
"real_house_price_growth","consumption_growth",15,-0.000666664851180091,-0.00102568994424894,-0.114174057574735,-0.0633689504508486,0.0616935438188715,0.116046702857914
"real_house_price_growth","consumption_growth",16,-0.00100902697459292,-0.000715465797247619,-0.114971665382235,-0.0629575132785193,0.0612244484158209,0.114511235560794
"real_house_price_growth","consumption_growth",17,-0.000928557134174832,-0.000403960632894115,-0.107104260498369,-0.0582284834784128,0.0563782475531143,0.104138601014718
"real_house_price_growth","consumption_growth",18,-0.00103355156642415,-0.000235786086139033,-0.105319606109951,-0.0583764569891795,0.0555479465827099,0.103236937769488
"real_house_price_growth","consumption_growth",19,-0.000759198166016595,0.000152819833615249,-0.0967343507834536,-0.0504457609335133,0.0503643572270363,0.0939046435419944
"real_house_price_growth","consumption_growth",20,-0.000710306502300512,2.47432298032782e-05,-0.092241224188648,-0.0506916248827168,0.0493579413742478,0.0923252235824632
"real_house_price_growth","consumption_growth",21,-0.000445951357993895,0.000189971222975312,-0.0871092249709545,-0.0466374236120772,0.0454777132746099,0.086155647008177
"real_house_price_growth","cpi_growth",1,0.00993379879580155,0.0146679511487715,-0.677665280308171,-0.43250119319795,0.454680076972197,0.696588714684797
"real_house_price_growth","cpi_growth",2,0.00844906698930299,0.0102341364918899,-0.465045416411836,-0.289497620721539,0.30624959142544,0.488934412966966
"real_house_price_growth","cpi_growth",3,0.00526608653208751,0.000347771192311511,-0.522101812828895,-0.318302184627641,0.3319758326963,0.53179615995526
"real_house_price_growth","cpi_growth",4,0.00091352951929112,0.000441165414197644,-0.35825326142912,-0.224695365474289,0.224430527688648,0.364743882487599
"real_house_price_growth","cpi_growth",5,0.000222383331778688,-0.00026893888163417,-0.321134178622322,-0.195065665106856,0.197018718443518,0.31950211703617
"real_house_price_growth","cpi_growth",6,-0.000737752501574888,-0.00359476441892098,-0.245413014922439,-0.14302896170871,0.144342328940876,0.234410755604949
"real_house_price_growth","cpi_growth",7,-0.00156243036075626,-0.00119671304413427,-0.24538739810335,-0.143696906150976,0.143136342684205,0.233135347820083
"real_house_price_growth","cpi_growth",8,-0.00311265368926423,-0.00180646393457823,-0.1886224705647,-0.109228863026344,0.104897888109338,0.180586967316572
"real_house_price_growth","cpi_growth",9,-0.00264239969851774,-0.00187010062294422,-0.154118864829486,-0.0927120352507241,0.0877235193870829,0.149899349310231
"real_house_price_growth","cpi_growth",10,-0.00258350233168891,-0.000245977175476692,-0.142702287571145,-0.0856037023288322,0.0800093048682696,0.138099948114458
"real_house_price_growth","cpi_growth",11,-0.00222295093350686,-0.00178719531661216,-0.137843393954976,-0.0775739993099767,0.0733011220750129,0.131042615453471
"real_house_price_growth","cpi_growth",12,-0.0021616378087745,-0.00100199849259235,-0.136197854853659,-0.0771253579028682,0.0719020400747692,0.129617864522713
"real_house_price_growth","cpi_growth",13,-0.00153741069852432,0.000916766226145708,-0.125467595027021,-0.0710337804926349,0.0668666719558361,0.122583131743919
"real_house_price_growth","cpi_growth",14,-0.00117221549888183,0.00131151773530201,-0.127084418989014,-0.0722370974412699,0.0678379321274401,0.122884607575711
"real_house_price_growth","cpi_growth",15,-0.000719272114728481,0.00151946206900958,-0.11222560318231,-0.0626671177409424,0.060640474411443,0.111057327583077
"real_house_price_growth","cpi_growth",16,-0.000403623560666723,0.00144698554481937,-0.110665167774417,-0.060889454463569,0.05972285651682,0.109988740339934
"real_house_price_growth","cpi_growth",17,1.49063092219758e-05,0.000533502565141361,-0.100481324049516,-0.0556180773633114,0.0561527469083867,0.102749845935307
"real_house_price_growth","cpi_growth",18,0.000242968289456633,3.02488234545007e-05,-0.0991368579399952,-0.0546665689840472,0.0546307214373138,0.100201633793146
"real_house_price_growth","cpi_growth",19,0.00050318412221082,-1.10547070153034e-05,-0.0903586768065512,-0.0488530842509385,0.0492186732731706,0.093471484850281
"real_house_price_growth","cpi_growth",20,0.000699451426341017,0.000624548392905008,-0.0901270091721162,-0.047498627624113,0.0484144430462737,0.0932399660812463
"real_house_price_growth","cpi_growth",21,0.000866042553338302,0.000918880303316987,-0.0855015983055141,-0.0443416451920771,0.0457845048252245,0.0885518566046321
"real_house_price_growth","saving_rate",1,0.0098541041135314,0.0115475320363522,-0.686910138659351,-0.420131863085625,0.441344777139492,0.718442778836959
"real_house_price_growth","saving_rate",2,0.00538797054163584,0.00500415165566906,-0.466196751318627,-0.29382727666672,0.305883956371231,0.477835360326295
"real_house_price_growth","saving_rate",3,-0.00379339268760748,-0.00217422157378553,-0.541725757422309,-0.342517360697686,0.328999177431941,0.529144936813361
"real_house_price_growth","saving_rate",4,-0.00170769167331647,-0.00144005591037692,-0.380046764040541,-0.231848377905052,0.234312436779136,0.378171916449167
"real_house_price_growth","saving_rate",5,-0.000985025182126842,-0.00212610383928311,-0.325513735220754,-0.198221489438791,0.199915927724203,0.326670655714785
"real_house_price_growth","saving_rate",6,-0.000571693705777366,0.00046700187868733,-0.243782445409158,-0.14237862955512,0.142603558606003,0.238915376300207
"real_house_price_growth","saving_rate",7,-0.0040282908103897,-0.00610707000818293,-0.241740825676747,-0.147970581444907,0.142041126339896,0.241923002128235
"real_house_price_growth","saving_rate",8,-0.00326307536309544,-0.00290914431544414,-0.185003077583483,-0.10819739644307,0.104528387129098,0.183512847580014
"real_house_price_growth","saving_rate",9,-0.00164999786256769,-0.00138685983843351,-0.153053182840123,-0.0906626759326439,0.087091758215773,0.156968888921085
"real_house_price_growth","saving_rate",10,-0.000237189751628397,-0.00118115168282105,-0.142898199487682,-0.0824216709585557,0.0837798175777952,0.148220303197345
"real_house_price_growth","saving_rate",11,-0.00101228058141456,-0.000589742163976968,-0.136272552665054,-0.0775204238521843,0.0754420583897363,0.137695822375219
"real_house_price_growth","saving_rate",12,-0.000456314454341302,-0.00105988284479224,-0.137364807942761,-0.078677891130847,0.0765012837084613,0.138176742919364
"real_house_price_growth","saving_rate",13,0.000355830977694552,-0.000502830470677972,-0.125117857748775,-0.0709344072962695,0.0698652770132623,0.128256188709641
"real_house_price_growth","saving_rate",14,0.00114058775883018,1.44763524047946e-05,-0.12545044832808,-0.0703191024697732,0.0729206953748233,0.130931271435003
"real_house_price_growth","saving_rate",15,0.000858219034041721,5.43095369523426e-05,-0.112682841633516,-0.0616158651847723,0.0626954919877644,0.117815895825385
"real_house_price_growth","saving_rate",16,0.00102344817367274,0.000352424393645903,-0.112564358864471,-0.0616143148868362,0.0618145057337855,0.116931154287333
"real_house_price_growth","saving_rate",17,0.001205786341204,0.000628232639995664,-0.102712175132045,-0.0557553427307613,0.0564366594335758,0.10831535250474
"real_house_price_growth","saving_rate",18,0.00148602213448906,0.00170401241218723,-0.100901758402234,-0.0546411377521222,0.0566796545179967,0.105488011034498
"real_house_price_growth","saving_rate",19,0.00125147300457492,0.00103398967077662,-0.0925735948883688,-0.0487157958388781,0.050579889131474,0.0964642926490156
"real_house_price_growth","saving_rate",20,0.00119713074598163,0.00115130746399253,-0.0898575200935388,-0.0472383110865637,0.048719372333916,0.0944825186242678
"real_house_price_growth","saving_rate",21,0.00110631676135127,0.000856184395510341,-0.0868731690546214,-0.0439069198448632,0.0454610571595526,0.0869525032961242
"real_house_price_growth","policy_rate",1,-0.294120656803393,-0.304679810295223,-0.797876455961233,-0.623074515578829,0.0329806732585336,0.258135223638202
"real_house_price_growth","policy_rate",2,-0.296938056013186,-0.301465538468427,-0.612989849154341,-0.49245194858882,-0.100810059805216,0.04118748742068
"real_house_price_growth","policy_rate",3,0.0197087215193017,0.0177541645796739,-0.248730539264604,-0.139653007791061,0.180812292835192,0.286638797583075
"real_house_price_growth","policy_rate",4,0.0691688279273911,0.0694957034855775,-0.114696104182624,-0.0422265293226589,0.182944687715338,0.25346805612162
"real_house_price_growth","policy_rate",5,0.0422587151865266,0.041804062442143,-0.122915547564951,-0.0565531320608126,0.138453869192588,0.210278793944845
"real_house_price_growth","policy_rate",6,0.0272298672291601,0.025922265553246,-0.103930430791714,-0.0512168739113253,0.105964272988245,0.162017061668688
"real_house_price_growth","policy_rate",7,0.118728255670721,0.117207087581503,-0.0153001485177856,0.0392807146369646,0.197953828228092,0.260592951845967
"real_house_price_growth","policy_rate",8,0.102964333609594,0.0992101291737342,-0.0175862943489792,0.0276520767311379,0.178650173400856,0.239115556528965
"real_house_price_growth","policy_rate",9,0.0816263344024507,0.0784269592680386,-0.0345864975124592,0.0104602494951319,0.152753021065922,0.212241901393439
"real_house_price_growth","policy_rate",10,0.0453599458176094,0.040982180924202,-0.0634005599343423,-0.0201145187817509,0.111070144795808,0.167101125556533
"real_house_price_growth","policy_rate",11,0.0652766790869605,0.0614549393912597,-0.0421179264233713,0.00324983315332927,0.128856917162987,0.18064473402658
"real_house_price_growth","policy_rate",12,0.0457656492944355,0.0424198523106026,-0.0533825001645361,-0.0111098011404274,0.102776485235432,0.1540619157032
"real_house_price_growth","policy_rate",13,0.0348201962383896,0.0326345007312455,-0.0586319641052936,-0.0200014659840377,0.0881143867507918,0.138012664156384
"real_house_price_growth","policy_rate",14,0.0116719644683375,0.00979684556524758,-0.0755343097084474,-0.0391263903392729,0.0609423504449036,0.105454000316979
"real_house_price_growth","policy_rate",15,0.0168909012455408,0.0148497859420961,-0.0661949380286357,-0.0301816805866544,0.0630398372474886,0.107259391925443
"real_house_price_growth","policy_rate",16,0.005445339688425,0.00431124036859261,-0.0762856864981528,-0.0391035675853207,0.0490788431878147,0.0888489410926827
"real_house_price_growth","policy_rate",17,0.00265110998933281,0.00186103178400031,-0.0777753486036726,-0.0406219717302491,0.045121843511512,0.0823728039104103
"real_house_price_growth","policy_rate",18,-0.00872678366969836,-0.00847179485049095,-0.0888798875851406,-0.0500296120755389,0.0324659722151767,0.0654262141907745
"real_house_price_growth","policy_rate",19,-0.00562401063438312,-0.00499129972067333,-0.0811360569586575,-0.0459703404246568,0.0338177637846383,0.0654870836620548
"real_house_price_growth","policy_rate",20,-0.0107323333638495,-0.00948122549563864,-0.0862046812821595,-0.0496481136336924,0.0270731735423944,0.0572036619551834
"real_house_price_growth","policy_rate",21,-0.00946557128619142,-0.00789767353784173,-0.0819084967386655,-0.0476719997047248,0.0266615984229247,0.0544607123972173
"real_house_price_growth","interest_burden",1,0.00267002573315222,0.00543157253603208,-0.686323917499416,-0.430567182410108,0.437154294581518,0.675712998396195
"real_house_price_growth","interest_burden",2,0.00797699755759186,0.00679399290632087,-0.456812554426908,-0.280707809875048,0.293293811598782,0.465768550496955
"real_house_price_growth","interest_burden",3,0.00848557504312436,0.00627320477970909,-0.503544048904199,-0.324516906045144,0.346071115020839,0.525191015071621
"real_house_price_growth","interest_burden",4,0.00692851517212499,0.00776604843775739,-0.354968012904866,-0.217229684656264,0.23482415183953,0.375775305563827
"real_house_price_growth","interest_burden",5,0.00343830800681723,0.00181212703055347,-0.316997170205762,-0.198095362842475,0.202120737258174,0.329005588205987
"real_house_price_growth","interest_burden",6,0.00276714657612297,0.00162034460308734,-0.235191544422337,-0.142349951051333,0.145620086559387,0.252010664811787
"real_house_price_growth","interest_burden",7,0.00130158658515662,0.00129916286832906,-0.241678843053784,-0.144232488259284,0.145196142493128,0.244642775705677
"real_house_price_growth","interest_burden",8,-0.000484674945710933,0.000173777292221101,-0.190785490255404,-0.108571130838137,0.108632468647816,0.185414215071901
"real_house_price_growth","interest_burden",9,-0.00144038226454909,-0.00129266337037729,-0.158400204949636,-0.0908003934030358,0.0882209227258511,0.155135517441886
"real_house_price_growth","interest_burden",10,-0.00139557138726003,-0.000341840879982583,-0.149786431216362,-0.0841911283386812,0.0814298499866864,0.141368050297538
"real_house_price_growth","interest_burden",11,-0.0014749429244171,-0.00190538837058318,-0.135129349921787,-0.0749237286693699,0.0753079895590303,0.12766803945431
"real_house_price_growth","interest_burden",12,-0.00181928876311662,-0.000316460130776863,-0.138805905591278,-0.0764797870855278,0.0728533564157782,0.128354382980623
"real_house_price_growth","interest_burden",13,-0.00173731213752446,-0.00066015019338113,-0.125343750792475,-0.0700524388274393,0.0652498068254963,0.118534731288426
"real_house_price_growth","interest_burden",14,-0.00108068690199055,0.000123471939966732,-0.128640960162408,-0.0710165732497692,0.068261345950079,0.122114510931243
"real_house_price_growth","interest_burden",15,-0.000644029861813606,-0.000145082216256343,-0.113602366839447,-0.0619807012501191,0.0597970187218442,0.112047301168179
"real_house_price_growth","interest_burden",16,-0.000516233745968272,0.000255790620408886,-0.114601525124515,-0.0627035762122709,0.0613425100063438,0.111264813458618
"real_house_price_growth","interest_burden",17,-0.000318250234084431,-0.000485584948959908,-0.103700462664736,-0.0563441266433717,0.0551374723410988,0.102508563582697
"real_house_price_growth","interest_burden",18,0.000107356388720276,0.000227440141098448,-0.102088794618399,-0.0553130442011374,0.054298004680742,0.102497095452557
"real_house_price_growth","interest_burden",19,0.000359397135386484,0.000369649616634154,-0.09155038456833,-0.0498981992646109,0.04839381941785,0.0929393302513224
"real_house_price_growth","interest_burden",20,0.00038081339578726,0.000262034869146808,-0.0904424619533641,-0.0487326728949291,0.0483687490061938,0.0914348736860322
"real_house_price_growth","interest_burden",21,0.000395436083864345,0.000388545561338297,-0.0858777844106237,-0.0457056657232147,0.0448761500610294,0.0871721872270226
"real_house_price_growth","debt_growth",1,0.00867375292718295,0.0145626367901106,-0.681028000045376,-0.44139495139308,0.447904701496107,0.690979576701618
"real_house_price_growth","debt_growth",2,0.00605510314438419,0.0088945430339023,-0.463002623346813,-0.295461207690548,0.301463630064215,0.477932169029776
"real_house_price_growth","debt_growth",3,0.00199276029084394,0.00404040333948886,-0.517443441461989,-0.322973778255164,0.334717583011251,0.50403027815502
"real_house_price_growth","debt_growth",4,0.000606768630773582,-0.000594052751870333,-0.362702779890434,-0.220478069548294,0.221481657356768,0.354675792339852
"real_house_price_growth","debt_growth",5,0.00114806423782878,-4.06564842220039e-05,-0.305988874109256,-0.187882075199808,0.195280910254696,0.322052002924081
"real_house_price_growth","debt_growth",6,0.00220287719741938,0.000795658693432772,-0.231599737292058,-0.141026535161059,0.143846137011493,0.249089466300445
"real_house_price_growth","debt_growth",7,0.00100404229933494,0.000741682565482646,-0.233470714663298,-0.136569158702578,0.14121504991284,0.243494939863101
"real_house_price_growth","debt_growth",8,-6.24958809683065e-05,-0.00173205316344084,-0.182724979693376,-0.107198373983123,0.108884967786051,0.18666256683141
"real_house_price_growth","debt_growth",9,0.000378474704455305,-0.00120395833666774,-0.154437411291292,-0.0903055023188397,0.0908656755228486,0.158015544131804
"real_house_price_growth","debt_growth",10,0.000884046780230538,-0.000578121102601315,-0.141530264338417,-0.0859357698526595,0.0855290686239375,0.148389678036542
"real_house_price_growth","debt_growth",11,0.000613796549076006,-0.000670684043750998,-0.132505187412199,-0.0753643884821525,0.0778721616933374,0.139555332628793
"real_house_price_growth","debt_growth",12,9.07081828544169e-05,-0.00114699226062155,-0.134445739238514,-0.0780117856795554,0.0768272306900178,0.132621008992524
"real_house_price_growth","debt_growth",13,0.000536648531910725,-0.000506832363030176,-0.122481913434531,-0.0702385152676459,0.0691670492793131,0.12442520393534
"real_house_price_growth","debt_growth",14,0.000694717642702392,-0.000474691048090763,-0.12409966118395,-0.0694300438889041,0.0718295915139849,0.124994524262684
"real_house_price_growth","debt_growth",15,0.000728855825899286,0.000446737752843528,-0.111058374205462,-0.0611854666331777,0.0619461749542016,0.112845687873285
"real_house_price_growth","debt_growth",16,0.000449736839997976,0.000510461624091979,-0.111810888698978,-0.0603589060424734,0.0624079649439457,0.113315879056321
"real_house_price_growth","debt_growth",17,0.000717899976112233,0.00085007636983886,-0.104077599173993,-0.0560423788024269,0.0567309435808693,0.103756481097375
"real_house_price_growth","debt_growth",18,0.000701947915392387,0.000649543508156381,-0.101192394840493,-0.0551663947259826,0.0566335428762651,0.101637037185061
"real_house_price_growth","debt_growth",19,0.000754123746243864,0.000656389181869413,-0.0932059785635601,-0.049767822011924,0.0505502665733182,0.0915002014627685
"real_house_price_growth","debt_growth",20,0.000566178385951535,0.000689392584293494,-0.0882399634035464,-0.0483143942643859,0.0496096907515714,0.0898254526395437
"real_house_price_growth","debt_growth",21,0.000735740834297926,0.00109893225692798,-0.0835469512019366,-0.0440597437857525,0.0462085088739423,0.0834737394789712
"real_house_price_growth","real_house_price_growth",1,-5.5522728173882e-05,-0.00100849759329215,-0.69560890884395,-0.448573889652373,0.437430826932427,0.701446788573444
"real_house_price_growth","real_house_price_growth",2,-0.00207490090128912,-0.00196743446246729,-0.476967795924681,-0.307240014581986,0.29283469197362,0.479454907166629
"real_house_price_growth","real_house_price_growth",3,-0.00282343932289272,-0.00484782108410296,-0.531796875111564,-0.328975553649823,0.330445511248734,0.517334912392286
"real_house_price_growth","real_house_price_growth",4,-0.00362505581375566,-0.000958169057692638,-0.368810863288494,-0.230394900713078,0.222311843073634,0.367232983280719
"real_house_price_growth","real_house_price_growth",5,-0.00226335038626122,-0.0006917331395863,-0.324310142142919,-0.194767110283572,0.193075996006216,0.318791502747389
"real_house_price_growth","real_house_price_growth",6,-0.00047009925869428,0.000191263800448315,-0.238800691854309,-0.139785786017782,0.140023416497936,0.241988884572401
"real_house_price_growth","real_house_price_growth",7,-0.000395888597186099,-0.000760601844115626,-0.237902078206872,-0.141618097460604,0.13982775668991,0.239172677753042
"real_house_price_growth","real_house_price_growth",8,-0.000271946858191613,0.000166263883382727,-0.189738166065507,-0.108924101528107,0.10709103514424,0.184337079570826
"real_house_price_growth","real_house_price_growth",9,-0.000915475831832859,-0.000606170238484549,-0.157839312657644,-0.0914822812511412,0.0875173383200782,0.155663909973911
"real_house_price_growth","real_house_price_growth",10,-0.000926036950879521,-0.000215944509750873,-0.145842956729125,-0.0833011127871141,0.0815028390528003,0.144231833218027
"real_house_price_growth","real_house_price_growth",11,-0.00124750237867402,-0.00155877659555135,-0.132544998105555,-0.077364919510573,0.074324511969598,0.134536085185865
"real_house_price_growth","real_house_price_growth",12,-0.00134438019459467,-0.000230896008100211,-0.133717653688002,-0.0766528109138662,0.0735658273603752,0.130619330860895
"real_house_price_growth","real_house_price_growth",13,-0.00176675908542486,-0.00167632816956062,-0.123626115564275,-0.0706509411326185,0.0655349805289349,0.123401236734971
"real_house_price_growth","real_house_price_growth",14,-0.00196666718646388,-0.00109201573497765,-0.132302685916224,-0.0724017959333155,0.0688390096849861,0.121877860243433
"real_house_price_growth","real_house_price_growth",15,-0.00205835868754376,-0.000232265490763405,-0.119572641373116,-0.0635631102574428,0.0596385072207834,0.113042139683211
"real_house_price_growth","real_house_price_growth",16,-0.00200849889759647,-0.00084468034529281,-0.121251286670649,-0.0639448359916784,0.0599745932571785,0.110728550120069
"real_house_price_growth","real_house_price_growth",17,-0.00198532236922994,-0.00130658095390645,-0.110164947808284,-0.0582982679840373,0.0542137127690406,0.104762758364303
"real_house_price_growth","real_house_price_growth",18,-0.00192127686504902,-0.00142561172532045,-0.108504381812233,-0.0575385807531606,0.0537663424747807,0.100924017535337
"real_house_price_growth","real_house_price_growth",19,-0.00170996391690415,-0.00139364982616227,-0.0985065789013995,-0.0518387637126048,0.0475735920308316,0.0910719649398346
"real_house_price_growth","real_house_price_growth",20,-0.00148625438626957,-0.000944549874396757,-0.0959734465571416,-0.0509889176064279,0.0471121532501742,0.0904811357283848
"real_house_price_growth","real_house_price_growth",21,-0.00122142573437856,-0.00120287708452998,-0.0898962377873847,-0.0475167475280053,0.0448659002342898,0.0848849621066217
"real_house_price_growth","asset_liability_ratio",1,-0.008407036707876,-0.0111334057629258,-0.676369011391586,-0.444518907210208,0.433124788476557,0.672491753904788
"real_house_price_growth","asset_liability_ratio",2,-0.0058750944871013,-0.0111995922793071,-0.471589676118506,-0.295491319115582,0.286709554809102,0.469598152731196
"real_house_price_growth","asset_liability_ratio",3,-0.00555194219992278,-0.01590304199789,-0.524596683594604,-0.336590013213723,0.324563517601666,0.527134322052979
"real_house_price_growth","asset_liability_ratio",4,-0.00374682965961366,-0.003966680023794,-0.360927938616081,-0.2323226416018,0.223957176775901,0.359984178368723
"real_house_price_growth","asset_liability_ratio",5,-0.00293324084852071,-0.00424068424805766,-0.326603738731841,-0.19569318387505,0.193779268969561,0.321497746337622
"real_house_price_growth","asset_liability_ratio",6,-0.000812391802815973,-0.00229817184965765,-0.239481753774421,-0.142312556735969,0.140821217608668,0.250814323082606
"real_house_price_growth","asset_liability_ratio",7,-0.00127912579800948,-0.00220303136084783,-0.240443520780657,-0.142078060140104,0.14224684572352,0.24328740668688
"real_house_price_growth","asset_liability_ratio",8,-0.000889647953509929,-0.000902058813108744,-0.18963831959869,-0.11140314425868,0.111466751888098,0.188415853938354
"real_house_price_growth","asset_liability_ratio",9,-0.00129842023321316,-0.000998293483083473,-0.160565562936085,-0.0920884223305991,0.0916054680534691,0.157897197167803
"real_house_price_growth","asset_liability_ratio",10,-0.000894908970034427,-0.00100089837656598,-0.151086285222615,-0.0855205541920745,0.0830008861058225,0.150926020719766
"real_house_price_growth","asset_liability_ratio",11,-0.0015177924291447,-0.00120817169981453,-0.140454288358831,-0.0793353375828905,0.0755520262350173,0.135864659867167
"real_house_price_growth","asset_liability_ratio",12,-0.00140094989056063,-0.000172530741963938,-0.139862531059359,-0.0792467792140951,0.0737755421800206,0.135799133971533
"real_house_price_growth","asset_liability_ratio",13,-0.00163220514810969,-0.000560011208080236,-0.129313881419625,-0.0715361504934865,0.0661526045599167,0.127653105136212
"real_house_price_growth","asset_liability_ratio",14,-0.00122597005722207,-0.000526033702448446,-0.129136058869199,-0.0739333542983053,0.0694233327661149,0.130020503898722
"real_house_price_growth","asset_liability_ratio",15,-0.00124711931528356,-0.000160208177144599,-0.11699033457097,-0.0646329123963131,0.0615642595717257,0.115705417807139
"real_house_price_growth","asset_liability_ratio",16,-0.00097578366625318,-0.000539811343085037,-0.112465452897426,-0.0639132273159524,0.0611603462344892,0.116718334144165
"real_house_price_growth","asset_liability_ratio",17,-0.000968451088922248,-0.000458129774129251,-0.105431461383852,-0.0577940209502032,0.0548461000895234,0.104425052405883
"real_house_price_growth","asset_liability_ratio",18,-0.000694545225368456,-0.000896361067125505,-0.10234143823347,-0.0563311756918645,0.0549644687590032,0.103211790078703
"real_house_price_growth","asset_liability_ratio",19,-0.000626609893313074,-0.000546252469036209,-0.0936909309681994,-0.0501023599082665,0.0490907486727012,0.0945745636148584
"real_house_price_growth","asset_liability_ratio",20,-0.000489765037202902,-0.000310264592982291,-0.0932312416140605,-0.0487708284739703,0.0475823144553087,0.092750602951206
"real_house_price_growth","asset_liability_ratio",21,-0.000521797028179881,5.28724768097217e-05,-0.0907853634545368,-0.046252353376467,0.0442858782078557,0.086074902585329
"asset_liability_ratio","gdp_growth",1,-0.000645130837927175,-0.000582239711979901,-0.054236066695409,-0.0350758499885666,0.0334850224096891,0.0529623616562612
"asset_liability_ratio","gdp_growth",2,-0.000784503275712947,-0.000683519470859247,-0.0483859112019282,-0.0308799157039185,0.0292595339867596,0.0465000160889555
"asset_liability_ratio","gdp_growth",3,-0.000771217843235156,-0.000491255953389685,-0.0470222508323323,-0.0303822082057398,0.0287784247180863,0.0459956937685265
"asset_liability_ratio","gdp_growth",4,-0.000818095692587061,-0.00105160102962639,-0.0461679709038991,-0.0295809152164639,0.0285368127346206,0.0445566804762526
"asset_liability_ratio","gdp_growth",5,-0.000714792946573882,-0.00124054144098046,-0.0463038067269537,-0.029553349541625,0.0286483118556985,0.0447764030556523
"asset_liability_ratio","gdp_growth",6,-0.000736617089330936,-0.00104165863198683,-0.0460973227034733,-0.0284699610829115,0.0283862954496336,0.043460607584445
"asset_liability_ratio","gdp_growth",7,-0.000717757551145954,-0.000644348405278222,-0.0440919585270815,-0.0278080999243291,0.0270798509995618,0.0420187092601612
"asset_liability_ratio","gdp_growth",8,-0.000705086887932592,-0.000685840343461437,-0.0426023799626774,-0.0267963347104016,0.0255773503152385,0.0407165650132823
"asset_liability_ratio","gdp_growth",9,-0.000693681796908035,-0.000634747658556633,-0.0423941356107063,-0.0264453142968463,0.0252063281291874,0.0404682481717935
"asset_liability_ratio","gdp_growth",10,-0.000709365709495421,-0.000484576357181239,-0.0419251329916923,-0.0261093255865432,0.0247038899233829,0.0403285203849523
"asset_liability_ratio","gdp_growth",11,-0.000725185781752651,-0.00054234161256176,-0.0412694616891914,-0.0256511851491323,0.0243258880520229,0.0403245214045379
"asset_liability_ratio","gdp_growth",12,-0.000752772257457947,-0.000515405860040794,-0.0408793060835324,-0.0254341632353364,0.023758162108588,0.0401309139709775
"asset_liability_ratio","gdp_growth",13,-0.000762203568256823,-0.000526812155274342,-0.0409839205717132,-0.0253773143801398,0.0239565395275313,0.0400528351566902
"asset_liability_ratio","gdp_growth",14,-0.000778316620967446,-0.00046553666283677,-0.0408218653790301,-0.025215390878781,0.0240809454339062,0.0404417785758885
"asset_liability_ratio","gdp_growth",15,-0.000786106998382775,-0.00065670882963963,-0.0412544864922238,-0.0250715034824418,0.0239180001414618,0.0401126395956216
"asset_liability_ratio","gdp_growth",16,-0.000796067469295393,-0.000795275129635935,-0.0413046354178262,-0.0252064373606476,0.0237232998921673,0.0402578827589944
"asset_liability_ratio","gdp_growth",17,-0.000794603942316672,-0.000789189655174636,-0.041592027079262,-0.025046953781259,0.0237496929971024,0.0399375432584688
"asset_liability_ratio","gdp_growth",18,-0.000795143297688748,-0.000882221426579778,-0.0414617193295851,-0.024801760189376,0.0235027321265168,0.0401512298824515
"asset_liability_ratio","gdp_growth",19,-0.00079497776095446,-0.000943476793672078,-0.0417300853755162,-0.0246188224948811,0.0232946743708396,0.0403861900834729
"asset_liability_ratio","gdp_growth",20,-0.000799223452168055,-0.00101993058263128,-0.0420929881042422,-0.0244338920916032,0.023016066355326,0.0402750104786528
"asset_liability_ratio","gdp_growth",21,-0.000801418682844334,-0.00105836919147204,-0.0423214775286808,-0.0243248653886922,0.0228240811012592,0.0404705712693727
"asset_liability_ratio","consumption_growth",1,0.000153800981602161,0.000175370997301678,-0.0535420400397418,-0.034263652805002,0.0339892839680352,0.0531119496202819
"asset_liability_ratio","consumption_growth",2,0.000320108770069078,0.000780092017557782,-0.0481150848871504,-0.0300197202971836,0.0297923317674193,0.0481600639737129
"asset_liability_ratio","consumption_growth",3,0.000479268264047916,0.00104151248233115,-0.0466968284736345,-0.0292192322841834,0.0292393597017322,0.0473731557456691
"asset_liability_ratio","consumption_growth",4,0.000565800358539796,0.000976539993872945,-0.0459378380620223,-0.0287960215591613,0.028889853529873,0.0469405320084978
"asset_liability_ratio","consumption_growth",5,0.000574102352546956,0.000699081964069076,-0.0463181696329928,-0.0287953764791139,0.029562708667799,0.0470518335177387
"asset_liability_ratio","consumption_growth",6,0.000637580187794433,0.000941936204115234,-0.0453001811776989,-0.0279813584288054,0.0289526155975294,0.045319773653069
"asset_liability_ratio","consumption_growth",7,0.000647484537672689,0.000939141969545256,-0.0434628897022635,-0.0267244225243508,0.0279167895815352,0.0445604948918766
"asset_liability_ratio","consumption_growth",8,0.000658520328762901,0.000695815676875488,-0.041642220909019,-0.0254343272827485,0.0268419141768778,0.0434285575014345
"asset_liability_ratio","consumption_growth",9,0.000658857776425882,0.000731880948090019,-0.0412267065119628,-0.0248846582276032,0.0261435815344039,0.0429481954347105
"asset_liability_ratio","consumption_growth",10,0.000655191469857492,0.00100313651856687,-0.0411809024972655,-0.0247445206916033,0.0252766370329805,0.0426454277474849
"asset_liability_ratio","consumption_growth",11,0.000652575116408873,0.000910230537787925,-0.0406952765361424,-0.024506461967506,0.0249782557606787,0.0425384308321458
"asset_liability_ratio","consumption_growth",12,0.000644507826275851,0.000664262602356044,-0.0406869285156094,-0.0237721716290511,0.0244520317001398,0.0419480103753218
"asset_liability_ratio","consumption_growth",13,0.000644517783640861,0.000645521284760659,-0.0404804874100488,-0.0236962748590219,0.0246807010419899,0.0422249349687345
"asset_liability_ratio","consumption_growth",14,0.000644998179598927,0.000552436717868263,-0.040232319718964,-0.0237039434156997,0.0244919320952612,0.0423498405243161
"asset_liability_ratio","consumption_growth",15,0.000651823693910885,0.000641252196577604,-0.0395760537552617,-0.023663347569437,0.0242813029004906,0.0421537569606572
"asset_liability_ratio","consumption_growth",16,0.000658827422058984,0.000647908021481863,-0.0397524514016936,-0.0234609182946345,0.0241560217403435,0.041905088371692
"asset_liability_ratio","consumption_growth",17,0.000675184386825993,0.000713416908743406,-0.0399235882535356,-0.0233369956332946,0.0239955899189318,0.0419088310480442
"asset_liability_ratio","consumption_growth",18,0.000692744944391974,0.000711582594733685,-0.039651423673889,-0.0234179376772002,0.02388112855748,0.0423432250906783
"asset_liability_ratio","consumption_growth",19,0.000717806773959754,0.000807538886713051,-0.0395191273994185,-0.023400852404488,0.0237610598444827,0.0422639172441806
"asset_liability_ratio","consumption_growth",20,0.000743155339974339,0.000808604708080952,-0.0393111860263345,-0.0233336121111029,0.0237827840600181,0.0422020225781278
"asset_liability_ratio","consumption_growth",21,0.000773791915169357,0.000863583017246605,-0.039212320839588,-0.022975714328598,0.02358346958145,0.0419913630444638
"asset_liability_ratio","cpi_growth",1,0.000161056457370415,-8.64726113927773e-05,-0.0533733243379772,-0.0339514614794375,0.0348320371564969,0.0535402352019048
"asset_liability_ratio","cpi_growth",2,0.000119602023261671,0.000192156122631873,-0.0468755685474868,-0.0304901993076305,0.0304285398521295,0.0474483770695565
"asset_liability_ratio","cpi_growth",3,-1.97759431874154e-05,-0.000398345961592928,-0.0463866901930111,-0.029720386883917,0.0296494609866944,0.0466198197196477
"asset_liability_ratio","cpi_growth",4,-1.58782060354774e-06,0.00014458590574463,-0.0448641038284896,-0.0289246828049628,0.0293782965591452,0.0452873435535082
"asset_liability_ratio","cpi_growth",5,-0.00010750594944111,-0.000158721614916638,-0.0454439141794711,-0.0293185912944982,0.028969561149583,0.0463494189355173
"asset_liability_ratio","cpi_growth",6,-0.000183465622851755,-0.000500736624989746,-0.0448908685011425,-0.0282032220387029,0.0279154122383279,0.0452924371609245
"asset_liability_ratio","cpi_growth",7,-0.000251309280191897,-0.000310453320684683,-0.0436378401618312,-0.0271447866780356,0.0270188234060684,0.0434538502084416
"asset_liability_ratio","cpi_growth",8,-0.000288958869374911,-0.000162278454412997,-0.0419800474468401,-0.0259213612184119,0.0253948215046805,0.0425257580403604
"asset_liability_ratio","cpi_growth",9,-0.000341569123766423,-0.000384983707824937,-0.0417079851333592,-0.0257162558753458,0.0247227946283534,0.0424694359494135
"asset_liability_ratio","cpi_growth",10,-0.000359696061302278,-0.000408669079455584,-0.0407809886389992,-0.0254486381637484,0.024075081997566,0.0412771419155263
"asset_liability_ratio","cpi_growth",11,-0.000374109499194556,-0.000578539747684114,-0.040688809882343,-0.0252337295907022,0.0234551973436002,0.0403622234549482
"asset_liability_ratio","cpi_growth",12,-0.000371493697138043,-0.000471937647162048,-0.0404504879084288,-0.0247254682217228,0.0231821450248353,0.0399049884130702
"asset_liability_ratio","cpi_growth",13,-0.000373491967940538,-0.000535649914179014,-0.0400151878344981,-0.0244117710355738,0.0232152790788203,0.0402844529041681
"asset_liability_ratio","cpi_growth",14,-0.000362518732501707,-0.000548576834737548,-0.0402379537880299,-0.024183260349561,0.0232443965544408,0.0400057416735509
"asset_liability_ratio","cpi_growth",15,-0.000350612440341124,-0.000332252951524315,-0.0400300147877313,-0.0241813502763088,0.0232134496134634,0.0400241316521028
"asset_liability_ratio","cpi_growth",16,-0.000330802049955748,-0.000429373460405289,-0.0398077184564678,-0.0241241543480639,0.0230032546222026,0.0395440274800354
"asset_liability_ratio","cpi_growth",17,-0.0003148607108932,-0.000462590615266067,-0.0397831332165695,-0.0239848091370917,0.0228769075280922,0.0392030306227293
"asset_liability_ratio","cpi_growth",18,-0.000293195528020494,-0.000464476319532892,-0.0398869571943566,-0.0237656849054731,0.0228652290496364,0.0393621279230774
"asset_liability_ratio","cpi_growth",19,-0.000271807883510207,-0.000524614589180986,-0.0402885171242886,-0.0235078343253702,0.0227918955717802,0.0395866346993957
"asset_liability_ratio","cpi_growth",20,-0.000248517974121998,-0.000465910919010928,-0.0405223218306546,-0.0232904137173117,0.0225916729216848,0.039472712579769
"asset_liability_ratio","cpi_growth",21,-0.000228487717681114,-0.000405023494017123,-0.0401505375078675,-0.0230791173541172,0.0222696441844927,0.0394914074936785
"asset_liability_ratio","saving_rate",1,-0.000155304132239107,-0.000565650545464577,-0.0537279764990406,-0.0346721228493494,0.0342230533683728,0.0540682409663852
"asset_liability_ratio","saving_rate",2,-0.000297947786263055,-0.000353373988875725,-0.0482085197138908,-0.030785865040263,0.029696042149735,0.0485170731056148
"asset_liability_ratio","saving_rate",3,-0.000441602019372071,-0.000472145272463536,-0.0478111211835836,-0.0297840679850823,0.0294273756299323,0.0472808768160702
"asset_liability_ratio","saving_rate",4,-0.000443444370058824,-0.000740427586687218,-0.0469374876788607,-0.0295522621506555,0.0289409195732724,0.0471600007213575
"asset_liability_ratio","saving_rate",5,-0.000530932804445287,-0.00078056857599906,-0.0477817028891336,-0.0297966405339171,0.0292910009014251,0.0470135774265307
"asset_liability_ratio","saving_rate",6,-0.000629993026093177,-0.000989807920122082,-0.0468658207409715,-0.0290432119443875,0.0282787333242086,0.0457452864613457
"asset_liability_ratio","saving_rate",7,-0.000671889786390282,-0.00071990843195887,-0.0447172884105009,-0.0277968719230978,0.0274124081789264,0.0437907950405101
"asset_liability_ratio","saving_rate",8,-0.000670242590779642,-0.000518831948035661,-0.0426722577254168,-0.0266993249525106,0.0254874560804247,0.0424214465031988
"asset_liability_ratio","saving_rate",9,-0.000656986023576755,-0.00058483109222792,-0.0421582048254433,-0.0260820617203022,0.024647342025049,0.0418967255669474
"asset_liability_ratio","saving_rate",10,-0.000677038627739348,-0.000739499335269925,-0.0419264973401709,-0.0254700450033362,0.0240292394720902,0.0408113349602209
"asset_liability_ratio","saving_rate",11,-0.000664927435300518,-0.000971970985531028,-0.0411840381222084,-0.0251600954728828,0.0238708296915904,0.0406775044728616
"asset_liability_ratio","saving_rate",12,-0.00064319449734964,-0.000850574131379556,-0.0407706337647783,-0.0243472900433841,0.0233041819141421,0.0402603855435787
"asset_liability_ratio","saving_rate",13,-0.000615146180895657,-0.000606272173676813,-0.0401969185971542,-0.0244497030989923,0.0232723370617569,0.0402143236547384
"asset_liability_ratio","saving_rate",14,-0.000605129646532259,-0.000657588481895047,-0.0403197060087366,-0.024491173448319,0.0233609743045328,0.0403465923331884
"asset_liability_ratio","saving_rate",15,-0.000586614215755412,-0.000575495409958742,-0.0406771217923467,-0.0243340318412594,0.0233105921324401,0.0402559892615831
"asset_liability_ratio","saving_rate",16,-0.000570712419249944,-0.000499517541713162,-0.0408597544186501,-0.0239553432565129,0.023240932305523,0.0402249881742908
"asset_liability_ratio","saving_rate",17,-0.000552257831384862,-0.000663051115747477,-0.0410248698493915,-0.0237912442113813,0.0234167150145751,0.0400469587272416
"asset_liability_ratio","saving_rate",18,-0.0005465721213796,-0.000679685812245198,-0.0408682015358383,-0.0236691304333094,0.0234588213185648,0.0404090705574553
"asset_liability_ratio","saving_rate",19,-0.000540494679691244,-0.000776940610745034,-0.040853722134139,-0.0233960067648762,0.0231737677034399,0.0403401737350193
"asset_liability_ratio","saving_rate",20,-0.000540410452365951,-0.000816128346567735,-0.0407607835976542,-0.0232536889618968,0.0228467552991738,0.0405554538895297
"asset_liability_ratio","saving_rate",21,-0.000539756392128895,-0.000941062546767262,-0.0408238498741996,-0.0233786480833521,0.022916468550775,0.0404975382057499
"asset_liability_ratio","policy_rate",1,-0.00660133155985696,-0.00726749460768624,-0.0526577724462679,-0.0359533087547086,0.0229249077097747,0.0403954901685676
"asset_liability_ratio","policy_rate",2,-0.0027861687648301,-0.00311616631622699,-0.0425165901489223,-0.0278879071491827,0.0227125105277138,0.0384947403074317
"asset_liability_ratio","policy_rate",3,-0.00082351341333289,-0.00115586083489923,-0.0397981455680343,-0.0258847227163947,0.0241674388717573,0.0393219567400151
"asset_liability_ratio","policy_rate",4,-0.000678608231159549,-0.00130714421526206,-0.0395324332361402,-0.024880710533218,0.0236430058503645,0.0394537410928803
"asset_liability_ratio","policy_rate",5,0.00281889958156463,0.00242713983299374,-0.0365262967386606,-0.0212879724868571,0.0279719215182793,0.0426098009310686
"asset_liability_ratio","policy_rate",6,0.00661987196624305,0.00649404316818173,-0.0324864329383383,-0.0175691956458436,0.0309276750366452,0.0458604319656435
"asset_liability_ratio","policy_rate",7,0.00904455595741108,0.0090204931958917,-0.0288966922737325,-0.0147846982308399,0.0326503064435,0.0477593039896043
"asset_liability_ratio","policy_rate",8,0.00993043627947339,0.00989988765288801,-0.0275156774978092,-0.0133457762730247,0.0331107607511947,0.0477121507623131
"asset_liability_ratio","policy_rate",9,0.0111808058959908,0.0107426465882856,-0.026092031881819,-0.0117475318438428,0.0339787806683457,0.0487729514297512
"asset_liability_ratio","policy_rate",10,0.0122772291052614,0.011793996755661,-0.0243840872480542,-0.0103026388806074,0.0346255667595559,0.0495091435874508
"asset_liability_ratio","policy_rate",11,0.0128533588346213,0.0123879738336421,-0.0230070561548848,-0.00939141329976521,0.0349863245169679,0.049493660179173
"asset_liability_ratio","policy_rate",12,0.0126933423200105,0.0121769951402215,-0.0225279449817239,-0.00902057203758336,0.0342746990515186,0.0489722944768153
"asset_liability_ratio","policy_rate",13,0.0126232800475724,0.0120672792744138,-0.0222314655778703,-0.00848143891403775,0.0341182203517854,0.0488056149510591
"asset_liability_ratio","policy_rate",14,0.0124678400787158,0.0118437298815145,-0.0218460586958024,-0.00804566530784855,0.0335043433720575,0.0487775801697177
"asset_liability_ratio","policy_rate",15,0.0122069459307056,0.0114877418948586,-0.0212378089970113,-0.00805070536857816,0.0326917106129397,0.0484113184934971
"asset_liability_ratio","policy_rate",16,0.0116762660433854,0.0108552844230449,-0.0212416628245187,-0.00826664171359083,0.0317664906013945,0.0478701547990251
"asset_liability_ratio","policy_rate",17,0.0112332289623196,0.0101836383039719,-0.0213302607101503,-0.00833997985762391,0.0310933175152393,0.0473949885389959
"asset_liability_ratio","policy_rate",18,0.0107881713282446,0.00942857511282032,-0.0213410451295095,-0.00861559308473813,0.0304661835224596,0.0471777627152593
"asset_liability_ratio","policy_rate",19,0.0103939136178519,0.00883807425552083,-0.0214294047357895,-0.00882577563990248,0.0296866908600936,0.0471453968874859
"asset_liability_ratio","policy_rate",20,0.00993958554849812,0.00827624286107895,-0.021528504520423,-0.00943515852422919,0.0291342868163102,0.0468781614496255
"asset_liability_ratio","policy_rate",21,0.00958266427794093,0.00782116203883393,-0.0215488568518741,-0.00973813039441244,0.0287269909465483,0.0469258406173071
"asset_liability_ratio","interest_burden",1,0.000702066259340947,0.00108263993015409,-0.0524526088901325,-0.0335564600736286,0.0349179229446697,0.0534396591888516
"asset_liability_ratio","interest_burden",2,0.000667518568701983,0.00103530428071764,-0.0462327227001176,-0.0294184337144823,0.0300355953586325,0.0484220392767198
"asset_liability_ratio","interest_burden",3,0.000685482878603712,0.000765333893022707,-0.0459587129215209,-0.0284522338330817,0.0302581117589298,0.0470743084539751
"asset_liability_ratio","interest_burden",4,0.00066707360017781,0.000570263384472412,-0.04484455365453,-0.027820925139324,0.0293109506390508,0.0466872772796054
"asset_liability_ratio","interest_burden",5,0.00071474374511476,0.000562867745838193,-0.0448820368131467,-0.0274604118356011,0.0296244165230342,0.0471276458972073
"asset_liability_ratio","interest_burden",6,0.000601432219553579,0.000240688033785799,-0.0438857689141798,-0.0268193027221819,0.0287447522161613,0.0460926419405125
"asset_liability_ratio","interest_burden",7,0.000486536413500183,0.000277645448317475,-0.0428002119655632,-0.0263904361624969,0.0275644526308905,0.0448384781774515
"asset_liability_ratio","interest_burden",8,0.0003948854078253,0.00022499296554331,-0.040858843472276,-0.0250210251058339,0.0266905773384571,0.0425540678777238
"asset_liability_ratio","interest_burden",9,0.000312697850954494,8.82002829747071e-05,-0.0409386230745634,-0.0246707224428319,0.0259022677388156,0.041709907722711
"asset_liability_ratio","interest_burden",10,0.000225737371027664,0.000248378575244199,-0.040524194970069,-0.0245744866403877,0.025486674309237,0.0410361439240469
"asset_liability_ratio","interest_burden",11,0.000124895894226422,0.000308629707759444,-0.0404274705941623,-0.0245879566109404,0.0246201683068631,0.0404102058386043
"asset_liability_ratio","interest_burden",12,5.91484542992319e-05,0.000521551641543614,-0.0401387038545703,-0.0242124813312715,0.0240932743032786,0.0395111094402958
"asset_liability_ratio","interest_burden",13,9.17620770717636e-06,0.000410137771447471,-0.0401823148981863,-0.0241802896397488,0.0235408101315357,0.0400663615136795
"asset_liability_ratio","interest_burden",14,-2.91661849691297e-05,0.000311009520187439,-0.0403424374043497,-0.0240242468429478,0.0234076811845557,0.0402215306629484
"asset_liability_ratio","interest_burden",15,-7.17599516067652e-05,0.000246371971807842,-0.0406954891866946,-0.0239977644114273,0.0233625087898029,0.0405424958958317
"asset_liability_ratio","interest_burden",16,-9.55774834585237e-05,0.000202594166644052,-0.0411958472459554,-0.0238755392088942,0.0233374043123581,0.0410819623518296
"asset_liability_ratio","interest_burden",17,-0.000111157278041616,1.73634586943476e-05,-0.0408997336111826,-0.0236601296084769,0.0233434481171674,0.041503195391881
"asset_liability_ratio","interest_burden",18,-0.000121262368146673,2.20534761688311e-06,-0.0408315166950431,-0.0234702573206836,0.023013528540084,0.0415396752381476
"asset_liability_ratio","interest_burden",19,-0.000136716251512519,-5.52123873828982e-06,-0.0408865187694462,-0.0234214725700232,0.0226240200494104,0.0415793257615692
"asset_liability_ratio","interest_burden",20,-0.000144656567399264,-1.6329611672024e-05,-0.0409518467115229,-0.0232741132292619,0.0225153194045654,0.041577008649978
"asset_liability_ratio","interest_burden",21,-0.000150631032262933,-2.87328687847006e-05,-0.0407381531395905,-0.0230500298170775,0.0224597286336962,0.041447544866438
"asset_liability_ratio","debt_growth",1,0.000169981276139223,0.000295352669844871,-0.0550137087415471,-0.0350688073823402,0.0347535659056262,0.0541218117116097
"asset_liability_ratio","debt_growth",2,0.000148005023253793,3.4064483303184e-05,-0.0479418517259345,-0.0307519620955357,0.0306876816162046,0.0486131413212989
"asset_liability_ratio","debt_growth",3,0.000135818342511615,0.00032127576539136,-0.0473397216115165,-0.0304575897668939,0.0299394299895598,0.0477510889426776
"asset_liability_ratio","debt_growth",4,0.000218277784668294,6.92256273507411e-05,-0.0458290304227202,-0.029250991640458,0.0292277089600045,0.0474906090279569
"asset_liability_ratio","debt_growth",5,0.000151485862203943,0.000300463605876978,-0.0461584572051026,-0.029701052494408,0.028704848485825,0.0476458415745032
"asset_liability_ratio","debt_growth",6,7.74021677576421e-05,0.000211934078710059,-0.045102749382289,-0.0286455864871608,0.027975935703199,0.0463158598204239
"asset_liability_ratio","debt_growth",7,9.23626165355414e-06,7.54664782909883e-05,-0.0433911636775271,-0.0273335911907244,0.0270342246445994,0.0450479671560262
"asset_liability_ratio","debt_growth",8,-7.19181626135483e-07,7.10982794113266e-06,-0.0417238539518623,-0.0261802448313392,0.0259439197629737,0.0432495648651846
"asset_liability_ratio","debt_growth",9,-1.40420563890555e-05,-0.000187838409385893,-0.0416273588202261,-0.0256334335689812,0.0252335321815491,0.0425606957138491
"asset_liability_ratio","debt_growth",10,-4.16925189424815e-05,-0.000235691611310538,-0.0410724366578176,-0.0248689287059988,0.02466988503727,0.0415480070285077
"asset_liability_ratio","debt_growth",11,-6.07659951059148e-05,-0.000517817704222883,-0.040845046310354,-0.0245255157785168,0.024379236554888,0.0406466072773622
"asset_liability_ratio","debt_growth",12,-5.91301869927199e-05,-0.00061910524759052,-0.039987112993238,-0.0242983049850819,0.0240294981970176,0.0404611741369356
"asset_liability_ratio","debt_growth",13,-5.23054694442018e-05,-0.000407591896877418,-0.0398945455435571,-0.0241599645962724,0.0235454818859218,0.0403630838015182
"asset_liability_ratio","debt_growth",14,-5.96457807592599e-05,-0.000446779407683872,-0.0401281486343624,-0.023919183683965,0.023516510943118,0.0404304595072372
"asset_liability_ratio","debt_growth",15,-5.87591409479128e-05,-0.000228019973461991,-0.0405016067849927,-0.0238103004014345,0.023229689538217,0.0406612641589637
"asset_liability_ratio","debt_growth",16,-5.898153292347e-05,-0.000273460887355389,-0.0403131210180622,-0.0235857782448667,0.0232431242836112,0.0406654103313537
"asset_liability_ratio","debt_growth",17,-5.5868326235446e-05,-0.000115003396989626,-0.0406285413437704,-0.0235510611439461,0.0230548814553702,0.0414502589869511
"asset_liability_ratio","debt_growth",18,-6.58939803228143e-05,-0.000160589166012129,-0.041037324840127,-0.0234658925760475,0.0227351644035768,0.0411570649531812
"asset_liability_ratio","debt_growth",19,-7.04974998189707e-05,1.53725233989033e-05,-0.041216974476657,-0.0231839297268678,0.0226321718180069,0.0414693553310929
"asset_liability_ratio","debt_growth",20,-7.93399178430841e-05,-0.000153376196120715,-0.0409647167897959,-0.0229313576995835,0.0224142515562885,0.0413655410119041
"asset_liability_ratio","debt_growth",21,-8.37844606055675e-05,-8.4790872643469e-05,-0.0410386114183755,-0.0228269013065919,0.0221703784582718,0.0409718713024884
"asset_liability_ratio","real_house_price_growth",1,0.00019228023635032,-3.21699797527315e-05,-0.0535383907728212,-0.0338058975197469,0.0355649184421772,0.0543664634860976
"asset_liability_ratio","real_house_price_growth",2,6.91382313842267e-05,-0.000218086208281681,-0.0477798681325016,-0.0303155411811141,0.030730639357814,0.0479123073807075
"asset_liability_ratio","real_house_price_growth",3,5.80233192497861e-06,-0.000354594797290214,-0.0480540581649969,-0.0301113024443094,0.0306072265257161,0.0467838044427674
"asset_liability_ratio","real_house_price_growth",4,7.13397954789175e-05,-0.00020811549545953,-0.0467689065433182,-0.029437975758787,0.0299847354174417,0.0469578148246311
"asset_liability_ratio","real_house_price_growth",5,0.000177293997759006,0.000441861690424256,-0.0465218530206157,-0.029473132075348,0.029991451326502,0.0465112106126767
"asset_liability_ratio","real_house_price_growth",6,0.000164432744721265,0.000491082876806273,-0.0460785973037234,-0.0284510138550651,0.0292227530635405,0.0461219016121356
"asset_liability_ratio","real_house_price_growth",7,0.000145970792680933,0.000246732238665164,-0.0449485693016335,-0.0273648508045389,0.0280392571655573,0.0442242554420634
"asset_liability_ratio","real_house_price_growth",8,0.000140755135170962,0.000121536889348904,-0.0430957141369003,-0.0261765933826371,0.0265419616630542,0.0431027286566956
"asset_liability_ratio","real_house_price_growth",9,0.000115654413501041,-2.45295604660889e-05,-0.0424735871302872,-0.0260766606753132,0.026023968843233,0.0427214226624346
"asset_liability_ratio","real_house_price_growth",10,9.03234333834518e-05,9.21047447624898e-05,-0.0409911753885731,-0.0257919430115481,0.0256867106487916,0.0421838974479654
"asset_liability_ratio","real_house_price_growth",11,6.39020932432333e-05,5.48048725778068e-05,-0.0405355357775677,-0.0252998014317394,0.0249170324130581,0.041847734809564
"asset_liability_ratio","real_house_price_growth",12,4.71191942167386e-05,8.56156328992647e-05,-0.0399192617910439,-0.024952356404859,0.0241961552643592,0.0414759346998588
"asset_liability_ratio","real_house_price_growth",13,2.72563102575519e-05,-6.67418514722452e-06,-0.0400402220986032,-0.0247780885322127,0.0238393505006311,0.0412825295961951
"asset_liability_ratio","real_house_price_growth",14,1.80900989346592e-05,-7.49004824375951e-05,-0.0400553227212909,-0.0244116794172175,0.0240814490963731,0.0411356964927621
"asset_liability_ratio","real_house_price_growth",15,1.60318967891075e-05,-0.000158859817171543,-0.0403532401513086,-0.0242062426880974,0.0240051103613542,0.0412740203917634
"asset_liability_ratio","real_house_price_growth",16,2.36599594140145e-05,-0.000138448111035242,-0.0403691549079917,-0.0237760068678038,0.0237855945386663,0.0416342818776789
"asset_liability_ratio","real_house_price_growth",17,3.55738552222086e-05,-7.89660899085572e-05,-0.0403763422893078,-0.0237416666017289,0.0235759965994695,0.0416908937388568
"asset_liability_ratio","real_house_price_growth",18,5.54692011464682e-05,-4.6789444798526e-05,-0.0407812724347128,-0.0236489591802363,0.0236632099248999,0.0420602327998083
"asset_liability_ratio","real_house_price_growth",19,8.27664493575354e-05,-0.000104299437875957,-0.0408830621709942,-0.023395379091241,0.023438104308551,0.0418288834117163
"asset_liability_ratio","real_house_price_growth",20,0.000113637769105031,-0.000101792316103952,-0.0412008539031676,-0.0230920597646459,0.023099348018947,0.0417553062393539
"asset_liability_ratio","real_house_price_growth",21,0.000147000486346977,3.40824047535172e-06,-0.0414357986800644,-0.0230667989234581,0.0227398452677471,0.0419053144694006
"asset_liability_ratio","asset_liability_ratio",1,0.000283745251408719,0.000317049091104724,-0.0536285834071167,-0.0341785971475819,0.0352450915247604,0.0536786603230161
"asset_liability_ratio","asset_liability_ratio",2,2.65308041496528e-05,-0.000231162299544529,-0.047480109207892,-0.030495049354974,0.0305900129196062,0.0475744423453917
"asset_liability_ratio","asset_liability_ratio",3,-0.000114718077746066,-0.000731451580873712,-0.0470125371406713,-0.029690716840305,0.0300412364437059,0.0464574462170394
"asset_liability_ratio","asset_liability_ratio",4,9.54063633198645e-06,-6.01506171229119e-05,-0.0465818287056754,-0.0292246396947968,0.0294115978787768,0.0459849671965374
"asset_liability_ratio","asset_liability_ratio",5,5.60534563820634e-05,7.63925463657569e-05,-0.0464517189282915,-0.0291105918350655,0.0293571550905667,0.0460383733011205
"asset_liability_ratio","asset_liability_ratio",6,9.06536739012691e-05,0.000159954691202056,-0.0452788249138541,-0.0281578019314206,0.0285061574875628,0.0451952267422434
"asset_liability_ratio","asset_liability_ratio",7,0.000117026550821171,-5.66886276125912e-06,-0.0445284170503249,-0.027266329436517,0.0274464814181884,0.0443404461893287
"asset_liability_ratio","asset_liability_ratio",8,0.000188194633613569,0.000125040863827499,-0.0430608335285749,-0.0259440839673706,0.0261543324057205,0.0428577617839295
"asset_liability_ratio","asset_liability_ratio",9,0.000219576808731232,0.000161619167582,-0.0428258430768435,-0.0255563959467807,0.0258549953534109,0.0422790336293859
"asset_liability_ratio","asset_liability_ratio",10,0.000255791146555248,8.07872545924579e-05,-0.0418618492943297,-0.0250829171644373,0.0256105611344068,0.0418542290545029
"asset_liability_ratio","asset_liability_ratio",11,0.000271307467104688,-0.000115302844710258,-0.0419977148912362,-0.024533910449729,0.0253738038571585,0.0422905806482245
"asset_liability_ratio","asset_liability_ratio",12,0.000320229976189846,0.000122744252758332,-0.0415149838803847,-0.0241522066770256,0.0248808889551423,0.0418924739743486
"asset_liability_ratio","asset_liability_ratio",13,0.000354455957609224,0.000475732257757673,-0.0413272022337342,-0.0239922663879293,0.0248443698702515,0.0420428240849878
"asset_liability_ratio","asset_liability_ratio",14,0.000396669220810474,0.000693098743158399,-0.0410104447693226,-0.0238615482630572,0.0248011670633043,0.0421874330359999
"asset_liability_ratio","asset_liability_ratio",15,0.000427536277946604,0.000650750110256017,-0.0413109927901066,-0.0237984174426938,0.0250495119421635,0.0423619164257159
"asset_liability_ratio","asset_liability_ratio",16,0.000473514591442927,0.00057798817323178,-0.0411013709187559,-0.0232953765041122,0.0247675123742278,0.0423681872186344
"asset_liability_ratio","asset_liability_ratio",17,0.000511480312179655,0.000546124470818384,-0.0415282452327488,-0.0233184520136501,0.0246605575568169,0.0422427146553094
"asset_liability_ratio","asset_liability_ratio",18,0.000552979129999442,0.000579133416800528,-0.0414015084836327,-0.0231852196774538,0.0244985816892527,0.0423201923211049
"asset_liability_ratio","asset_liability_ratio",19,0.000582974789146698,0.00054122687690354,-0.0413935367539745,-0.0231202593231278,0.0245502818941942,0.04237803558365
"asset_liability_ratio","asset_liability_ratio",20,0.000616422926166744,0.000499492147616888,-0.0416912381241349,-0.0227429125397188,0.0245370141802698,0.042939219462175
"asset_liability_ratio","asset_liability_ratio",21,0.000641284361204188,0.000556485209836452,-0.0415583834789715,-0.0226660816658307,0.0245146777752527,0.0429825323586399
