"Variable","Shock","Horizon","Mean","Median","Lower_90","Lower_68","Upper_68","Upper_90"
"gdp_growth","gdp_growth",1,0.00212487938180511,-0.00121576802833757,-0.757695990330185,-0.478965029580381,0.491771740402634,0.762744814222093
"gdp_growth","gdp_growth",2,0.000230630051248031,-0.00037901090667531,-0.272417715063671,-0.168483268785483,0.170620400120893,0.27426944191939
"gdp_growth","gdp_growth",3,-0.000631515079900615,-0.0015785363096328,-0.18453842768441,-0.111820688021584,0.110707468526147,0.183423741040461
"gdp_growth","gdp_growth",4,-0.00059388431486259,-0.000517177869540498,-0.138358183195543,-0.083098055421563,0.0818064336794405,0.137001607048259
"gdp_growth","gdp_growth",5,-0.00050482037685476,-0.000785047128803094,-0.137727694723398,-0.081420260707193,0.0807276962240016,0.135836702283732
"gdp_growth","gdp_growth",6,-1.05669556770015e-05,0.000144267014282132,-0.0940567094334255,-0.0549941279882007,0.0547490679276146,0.0936271653723337
"gdp_growth","gdp_growth",7,-0.000876742143995579,-0.000960062865075682,-0.0965087393547895,-0.055714138957497,0.0544893475916321,0.0938468085867125
"gdp_growth","gdp_growth",8,-0.000242244866221485,-0.000182609688974206,-0.0720692263521888,-0.0404856725139669,0.0404038634665877,0.0707184988341004
"gdp_growth","gdp_growth",9,-0.000373746578553022,-0.00033491665214222,-0.069418444013863,-0.0391326467427288,0.0382287467336072,0.0687243665598544
"gdp_growth","gdp_growth",10,-7.348903506789e-05,8.70843270716121e-05,-0.0574450445587974,-0.0319990151645467,0.0318351982395824,0.0576149205455904
"gdp_growth","gdp_growth",11,-0.000284143216114678,-0.000172287291778318,-0.0570026821170133,-0.0316885064531414,0.0312099215711197,0.0567791888082895
"gdp_growth","gdp_growth",12,-0.000126189640801586,-9.39169810945247e-05,-0.0499981916608489,-0.0275143883915645,0.0272713433451936,0.0496591638065636
"gdp_growth","gdp_growth",13,-0.000111339534803666,6.35877826674906e-05,-0.0475504607682601,-0.0260473879382003,0.0258031178341183,0.0477159025016596
"gdp_growth","gdp_growth",14,7.86262039589702e-05,1.05865132810008e-05,-0.0449796201161295,-0.0242923912442355,0.0246076212961984,0.0453343012804122
"gdp_growth","gdp_growth",15,-1.68860268988566e-05,-0.000271425255747321,-0.0426701551574147,-0.0232937425793588,0.0232992101750604,0.043824119086111
"gdp_growth","gdp_growth",16,7.51483302578747e-05,-2.12865253749791e-05,-0.0417331770399118,-0.0225413187052147,0.0227848006590569,0.042342680803357
"gdp_growth","gdp_growth",17,1.64225720463482e-05,-1.48772399864818e-05,-0.0397191534098214,-0.0210337741746569,0.0210451230769841,0.0404467792420548
"gdp_growth","gdp_growth",18,0.000113867797926176,7.91026578060469e-06,-0.0389909430924491,-0.0203837980816519,0.0208357511102011,0.0398005122865629
"gdp_growth","gdp_growth",19,2.00129874387886e-05,6.3387785795507e-05,-0.0370189990348758,-0.018990481133527,0.0191927805211913,0.0373457429202133
"gdp_growth","gdp_growth",20,5.14041262132449e-05,-7.27316300633794e-06,-0.0360504374181209,-0.0185407347147502,0.0189448608367779,0.0365694872652219
"gdp_growth","gdp_growth",21,-1.76029726213541e-05,1.74652724637592e-05,-0.0343797229253855,-0.0173793907023913,0.0174927468423309,0.0346762784661217
"gdp_growth","consumption_growth",1,-0.00481071059866971,-0.00678164972404267,-0.76562248776043,-0.48989663713052,0.478971615037351,0.763507612529798
"gdp_growth","consumption_growth",2,-0.000349147509602352,-0.00245630563150977,-0.27465530361671,-0.168076646744741,0.169252594712789,0.275728446257882
"gdp_growth","consumption_growth",3,-0.000913386142478918,-0.000137172233462097,-0.182684668569018,-0.112342864308463,0.109376024848447,0.182010752637535
"gdp_growth","consumption_growth",4,0.000294198870934919,0.000461477021861,-0.135728360454118,-0.0819139122171872,0.0822231678243328,0.136847137675457
"gdp_growth","consumption_growth",5,0.000231665959034447,-0.000114096713189795,-0.133887257371998,-0.080373160401964,0.0808783052579004,0.134997553761419
"gdp_growth","consumption_growth",6,0.000382407850273912,6.99987748072877e-05,-0.0916815619030912,-0.0550186495002272,0.055364386452332,0.0949145215778412
"gdp_growth","consumption_growth",7,0.000419409027328636,-6.83798577502574e-05,-0.093072070937629,-0.0547154165631751,0.0556081443742844,0.0963923788416012
"gdp_growth","consumption_growth",8,0.000569782433442376,0.000344069123052978,-0.0697383653210471,-0.0401774764889955,0.0409934922669774,0.0727197121604965
"gdp_growth","consumption_growth",9,0.000232915935006561,7.10777779975094e-08,-0.0677229625594798,-0.0386799987725884,0.0386990924097631,0.0699901613890267
"gdp_growth","consumption_growth",10,0.000284036227683123,0.000118112193475445,-0.0564098706177757,-0.0317861927819929,0.0318563982361491,0.0581165212425832
"gdp_growth","consumption_growth",11,0.00023948545505116,7.71730318126686e-05,-0.0561678180150811,-0.0314921446477464,0.031606286712192,0.057666893710949
"gdp_growth","consumption_growth",12,0.000216126594372551,0.00010248701400015,-0.0493495859734039,-0.0275488368819305,0.0274570232051341,0.0504006266810717
"gdp_growth","consumption_growth",13,3.79210611694706e-05,-4.99397580614788e-05,-0.0476763859122503,-0.0261153836146273,0.0257327863584382,0.0479436847541933
"gdp_growth","consumption_growth",14,-1.86197451172741e-06,-0.00013329836199475,-0.0453441988054138,-0.0243646740357875,0.024455844209194,0.0451042036812901
"gdp_growth","consumption_growth",15,-7.38569603675202e-05,-0.000122739537200642,-0.0436795879554147,-0.0233502850888136,0.023368635384874,0.0431424146272712
"gdp_growth","consumption_growth",16,-0.000102526532372239,3.48226840730173e-05,-0.0428060904667614,-0.0226654658721578,0.0223889701276796,0.041772375352135
"gdp_growth","consumption_growth",17,-0.000190300614068604,-4.92848489880463e-05,-0.0407754209015394,-0.0213091787068595,0.0210269144852998,0.0398906612740213
"gdp_growth","consumption_growth",18,-0.000205279803419712,-6.46509589755139e-05,-0.0396681391540199,-0.0207803825965325,0.0204356238278993,0.038568811951558
"gdp_growth","consumption_growth",19,-0.000222023383120916,-0.000174027093878431,-0.0378206449721147,-0.0193755803169325,0.0190550134017442,0.0366673003342595
"gdp_growth","consumption_growth",20,-0.000211497935891889,-0.00022135403301323,-0.0369481462893635,-0.0189308559466647,0.0184952813548158,0.0358857209502302
"gdp_growth","consumption_growth",21,-0.000222669758001189,-0.000113916980045247,-0.0351268448946983,-0.0176812088549711,0.0173593236768352,0.0343908357027605
"gdp_growth","cpi_growth",1,-0.00388084182367874,-0.00548896153351694,-0.763226259916092,-0.482472679624268,0.479296533560781,0.757091134447341
"gdp_growth","cpi_growth",2,-0.000140732342991893,-0.00051409805940885,-0.274322398347253,-0.168956598869364,0.168050079254876,0.273711452824693
"gdp_growth","cpi_growth",3,-0.000718187061537003,-0.001041701460144,-0.186054301690247,-0.111645111745688,0.110789575329417,0.183537444982849
"gdp_growth","cpi_growth",4,9.06226603406811e-05,0.000217342408034081,-0.137729116010763,-0.0819597496367708,0.0822306921661135,0.138617919052514
"gdp_growth","cpi_growth",5,0.000100129465245446,0.000565571047419253,-0.135271054914433,-0.0798586606108648,0.0800941780814076,0.134342466674161
"gdp_growth","cpi_growth",6,-0.000170097283358817,-7.56394600332374e-05,-0.092506537197867,-0.0547452736274975,0.0543864813530259,0.092738494991158
"gdp_growth","cpi_growth",7,-0.000213887187329127,-5.24398536344041e-06,-0.0947869418772378,-0.0550029556513801,0.0546963395076354,0.0941893608688601
"gdp_growth","cpi_growth",8,-0.000371416711945121,-0.00027525460303782,-0.0710959187883257,-0.0407878985722279,0.0397623476215525,0.06997474434142
"gdp_growth","cpi_growth",9,-0.000297189969584041,0.000363530506069237,-0.0692327436901356,-0.0391899554056288,0.0382570894070523,0.0673021135621059
"gdp_growth","cpi_growth",10,-0.000253946031081946,1.76161467026915e-05,-0.0580511029029317,-0.0322905673414391,0.0312942871601795,0.0568114662999729
"gdp_growth","cpi_growth",11,-0.000403701665160594,-0.000264979842734053,-0.0576928093473564,-0.0320960313590277,0.0314583801499155,0.0566313372989184
"gdp_growth","cpi_growth",12,-0.000354126954626885,-0.000298954979124076,-0.0505377256872824,-0.0276252384688041,0.0271798909475241,0.0486156179243078
"gdp_growth","cpi_growth",13,-0.000368943971132095,-0.000155382452110629,-0.0481476367354494,-0.0263745922342618,0.0256529649735639,0.0466910135486833
"gdp_growth","cpi_growth",14,-0.000236746642468361,-0.000198560105615845,-0.0457599240595047,-0.0245471420618986,0.0241308225960847,0.0448961486469076
"gdp_growth","cpi_growth",15,-0.000310619477066738,-0.000169491335175919,-0.0438430906765687,-0.0237077588103458,0.0228455486135982,0.0428310403673595
"gdp_growth","cpi_growth",16,-0.000237495404810893,-7.43314345696946e-05,-0.0429192795155966,-0.0227954068356421,0.0221554783109866,0.0415022231581503
"gdp_growth","cpi_growth",17,-0.000221388618687286,-5.25315678165501e-05,-0.0408819167934893,-0.0211466415655685,0.0207598311610448,0.0395724036618256
"gdp_growth","cpi_growth",18,-0.000111511807534161,-8.45178956904121e-05,-0.0398868340096576,-0.0204768730718024,0.0204266423439893,0.0389631330979951
"gdp_growth","cpi_growth",19,-0.000115261513660164,-0.00012418144049239,-0.0381129141091152,-0.0194183125983805,0.0191147534157775,0.0374252294297291
"gdp_growth","cpi_growth",20,-4.4459148085691e-05,-7.37570854503497e-05,-0.0371207364766787,-0.0186568640870427,0.0187405869641871,0.0366760443333398
"gdp_growth","cpi_growth",21,-1.85910547921789e-05,-8.47364886917713e-05,-0.0353936828470108,-0.0174946516603721,0.0175748764788686,0.0354050915491009
"gdp_growth","saving_rate",1,-0.000246602126543152,-0.000487103158082358,-0.755997107988199,-0.484520028017949,0.482661790577489,0.761229030406787
"gdp_growth","saving_rate",2,0.000401124178914348,0.00062948628168376,-0.278014947202909,-0.168804920497847,0.171222375847497,0.275742964875392
"gdp_growth","saving_rate",3,-0.00047748263133257,0.000619568496534169,-0.184806121282411,-0.111933415223277,0.109352100185319,0.183767600027496
"gdp_growth","saving_rate",4,-4.97823721959254e-05,-0.000248811696346159,-0.13810886137535,-0.0824567413556317,0.0815830994783447,0.138104056816563
"gdp_growth","saving_rate",5,0.000326343407667764,0.000125759987161829,-0.133463554997619,-0.0796539765313725,0.0806965155503775,0.134216907490299
"gdp_growth","saving_rate",6,-6.04736907926017e-06,-0.000280924510980085,-0.0928204690691759,-0.0543051626583195,0.0546201278311685,0.0934909774239918
"gdp_growth","saving_rate",7,0.000305484628980991,0.000200802530396627,-0.0951404533300437,-0.0550625004701645,0.0551049972220106,0.0953104650341582
"gdp_growth","saving_rate",8,0.000189736795960195,0.000299791009497513,-0.0714009268436838,-0.0407931698000221,0.0408876728894798,0.0714685519675849
"gdp_growth","saving_rate",9,4.63422961693452e-05,-9.69480099534195e-05,-0.0685159842773773,-0.0390485405421993,0.0391239368588777,0.0693142428457332
"gdp_growth","saving_rate",10,-0.000117260171117263,-0.000270422468954062,-0.0578449553569557,-0.032212131161134,0.0319041945456945,0.0580227021194267
"gdp_growth","saving_rate",11,-0.00025560305939628,-0.000300294448654327,-0.0575005658089287,-0.032142108120094,0.0311244063425818,0.0569856104529236
"gdp_growth","saving_rate",12,-0.00029867713382913,-0.000286328065654878,-0.0503587804708555,-0.0276845356921977,0.0271918754387093,0.0498890860693845
"gdp_growth","saving_rate",13,-0.000302235125629315,-0.000290644328591479,-0.0481291425650867,-0.0264049913772731,0.02592356358858,0.0474290924549312
"gdp_growth","saving_rate",14,-0.000329212240959957,-0.000162184156492066,-0.0457185102229972,-0.0248151119627139,0.0241327880536628,0.0448358028243509
"gdp_growth","saving_rate",15,-0.000306293545751707,-0.000136127808252052,-0.0434408346167564,-0.0235740985067304,0.0229620615505557,0.0430440167641989
"gdp_growth","saving_rate",16,-0.000272897046078907,-0.000230823145927974,-0.0426395865807237,-0.0225943618297664,0.0221879359030178,0.0416129566056083
"gdp_growth","saving_rate",17,-0.000198761618044742,-0.000177816344487848,-0.0399728671105212,-0.0212799092476914,0.0208828042293303,0.0393048631530717
"gdp_growth","saving_rate",18,-0.000149669643039478,-0.000151710768542258,-0.0392492434426192,-0.0205887432703946,0.0201869512515382,0.0389834087610185
"gdp_growth","saving_rate",19,-9.45628992218847e-05,-9.34747514858705e-05,-0.0368997866725654,-0.019133689255566,0.018959094081964,0.0371274911461042
"gdp_growth","saving_rate",20,-4.71866647367402e-05,-9.2396110624744e-05,-0.0360271517474531,-0.018681124549384,0.018474883987871,0.0365464478492424
"gdp_growth","saving_rate",21,8.7800267461104e-06,2.16539134529181e-05,-0.0345351884826604,-0.0174433462264001,0.017343355024716,0.0346279330555088
"gdp_growth","policy_rate",1,-0.0417409035213841,-0.0428977157505455,-0.788949573045484,-0.518284585740694,0.434745471301898,0.712241218552245
"gdp_growth","policy_rate",2,-0.0159517147203467,-0.0168291510918838,-0.285605649671411,-0.18116180590316,0.150041206132386,0.255844422888723
"gdp_growth","policy_rate",3,0.0396065300828612,0.0390507500162773,-0.135074555027877,-0.0659923998872504,0.144680855138682,0.214567374352634
"gdp_growth","policy_rate",4,0.008434297923277,0.00770826910259431,-0.125497013151381,-0.0716434131786512,0.0889932608931413,0.144236577906453
"gdp_growth","policy_rate",5,0.0282894397780626,0.0271975796037874,-0.0857039499286687,-0.0413577293840808,0.0977007826474099,0.145770285853376
"gdp_growth","policy_rate",6,0.00322004320243428,0.00183025074823987,-0.0800355264995139,-0.0470252846038746,0.0530120729896081,0.0903673874564232
"gdp_growth","policy_rate",7,0.0302172966249359,0.0288816403415731,-0.044163600211968,-0.0145920046758271,0.0755010337253369,0.109750120291105
"gdp_growth","policy_rate",8,0.0065760022231734,0.00583097106315421,-0.0577703732440935,-0.0310960279974592,0.0438046332794395,0.0736223455848701
"gdp_growth","policy_rate",9,0.0171368536658826,0.0159148079704414,-0.0402144802119847,-0.0167317347080201,0.051235543710983,0.07869887524797
"gdp_growth","policy_rate",10,0.00335354640818641,0.00261839954823327,-0.0488492514086908,-0.0267620618653111,0.0331317957457438,0.0576646402075188
"gdp_growth","policy_rate",11,0.0151983464728012,0.0140390831215375,-0.0330086341448238,-0.0125742700826599,0.0431800434324601,0.0668282536516015
"gdp_growth","policy_rate",12,0.00234991477601367,0.00187436540758769,-0.0431827640167103,-0.0233624804283113,0.0279099654041138,0.049225859608694
"gdp_growth","policy_rate",13,0.00784746477288429,0.00735798992435115,-0.0348051909219424,-0.0158245356466461,0.0313124356903454,0.0519660686381154
"gdp_growth","policy_rate",14,-0.00107475842487875,-0.000913682490990871,-0.0422368756968218,-0.023328077415613,0.0211624545660387,0.0394766027994763
"gdp_growth","policy_rate",15,0.00490555423851356,0.00472078624581371,-0.0339657489804735,-0.0159867281886865,0.0257539063285115,0.0444759640302773
"gdp_growth","policy_rate",16,-0.0022463516508356,-0.00190720738275745,-0.0403440316836143,-0.0226200766534208,0.0175807122260118,0.0353833520585247
"gdp_growth","policy_rate",17,0.00131086179588357,0.00145446289095353,-0.0349460769443347,-0.0178249586132945,0.0200443619164094,0.0370971517416765
"gdp_growth","policy_rate",18,-0.00377447639492777,-0.00339110363490954,-0.0392393181931409,-0.0220997012474819,0.0140936704033163,0.0304151310491018
"gdp_growth","policy_rate",19,-0.000112449935700895,6.67728095440012e-05,-0.0343087876805163,-0.017692220665971,0.0168863146874373,0.033292330035374
"gdp_growth","policy_rate",20,-0.00380163888946244,-0.00348555078520952,-0.0367370147678229,-0.0205784881028719,0.0125728773100356,0.0282601511433461
"gdp_growth","policy_rate",21,-0.00110499742667034,-0.000885430840471911,-0.0330217143188938,-0.0171651869287072,0.0146502279622966,0.0305546824182026
"gdp_growth","interest_burden",1,0.00122424041774781,-0.000901744377676203,-0.754135559046307,-0.485005013490936,0.485414840456472,0.763505311884617
"gdp_growth","interest_burden",2,0.00165535751334273,0.00151635568976827,-0.277471121419308,-0.169050977809357,0.171616453204705,0.277368104693338
"gdp_growth","interest_burden",3,0.000626856727596265,9.85407064284845e-05,-0.181500327728396,-0.110155753550578,0.111581753162796,0.183338382248706
"gdp_growth","interest_burden",4,0.00039682061025714,0.00079656457949042,-0.138292835720468,-0.0815138263730339,0.0822451684931575,0.1372477091044
"gdp_growth","interest_burden",5,-0.000670714863759087,-0.000657365726374527,-0.135549969050407,-0.0809376635015281,0.0790778648243834,0.133897834023461
"gdp_growth","interest_burden",6,-0.000568271561975006,-0.000552706742555563,-0.0924356190539996,-0.055358962337757,0.0535929766708842,0.0916622021722717
"gdp_growth","interest_burden",7,-0.000188913948756157,-0.000379953761600882,-0.0960701907207445,-0.0546011510525627,0.0550683464086043,0.0949894258751541
"gdp_growth","interest_burden",8,-0.00018789430025453,0.000100689616050985,-0.0706649949357596,-0.0405144641519021,0.0395559691581533,0.0707956381905803
"gdp_growth","interest_burden",9,-0.000198350518571869,-0.000185593471401526,-0.0697332503521658,-0.038424532574454,0.0380999527071149,0.0686857301234848
"gdp_growth","interest_burden",10,-0.000296257679768005,-9.58673898558182e-05,-0.0577029389770256,-0.0322522056246488,0.0316299780046346,0.056013515667375
"gdp_growth","interest_burden",11,1.30138893055461e-05,-0.000287973096226347,-0.0569689890773632,-0.0317599350654776,0.0318117703984087,0.0568694084781131
"gdp_growth","interest_burden",12,-6.47044830364434e-05,-0.000217819865669633,-0.050062826941704,-0.0276140565305927,0.0274930073728506,0.0496250158094642
"gdp_growth","interest_burden",13,8.3214821560784e-05,-0.000150535797212107,-0.0470440507966549,-0.025906505996386,0.02619387475687,0.0481197844984364
"gdp_growth","interest_burden",14,-1.36989140806568e-05,-0.000199584666167395,-0.0450563391315148,-0.0243015253127259,0.0243436649514244,0.0453696193489342
"gdp_growth","interest_burden",15,0.000169907106713549,1.44083457455594e-05,-0.0424891826568051,-0.02286146347474,0.0233868762637823,0.0438277631668731
"gdp_growth","interest_burden",16,0.000132814468729422,-2.42713772309871e-06,-0.0412832739208681,-0.0222371819891024,0.0227599007762839,0.0421528088139017
"gdp_growth","interest_burden",17,0.000210855740701022,5.87923865702674e-05,-0.0391794793856916,-0.0205794590746309,0.0213104163261044,0.0404889991120802
"gdp_growth","interest_burden",18,0.000118163426995483,2.7084909630902e-06,-0.0386643875865827,-0.0203350984433652,0.0207630625443042,0.0394047754137216
"gdp_growth","interest_burden",19,0.000183274126082099,0.000117755673489933,-0.036491631307911,-0.0187357582427661,0.0193540946716645,0.0371433561553189
"gdp_growth","interest_burden",20,0.000120462057425233,8.36259675837613e-05,-0.036118422875943,-0.0184734886533145,0.0187501547311565,0.0364196158728743
"gdp_growth","interest_burden",21,0.000146244302248961,0.000101089515820852,-0.034342362249204,-0.0170779963002823,0.0174858243092895,0.034804393941465
"gdp_growth","debt_growth",1,0.00308023795462886,0.00270236782534184,-0.761091762646618,-0.487103532845133,0.489501525365493,0.767111349883044
"gdp_growth","debt_growth",2,-0.00109192646261852,-0.00118265543291519,-0.278081930512275,-0.171383055075413,0.168608112342447,0.276396636384379
"gdp_growth","debt_growth",3,0.00034664379705074,0.000922713812173587,-0.182886255094032,-0.110383374119501,0.110158738735266,0.184920157715174
"gdp_growth","debt_growth",4,-0.000601286737773146,-0.000726815731916315,-0.137188124513524,-0.0824176985832467,0.0814855910971002,0.136670739382761
"gdp_growth","debt_growth",5,-0.000284850790681635,-0.000449459490167937,-0.13583204974047,-0.0804126858886874,0.0807264789123832,0.134412903952592
"gdp_growth","debt_growth",6,-0.000496609683770985,-0.000919724876155361,-0.0930055165564863,-0.0546220302662844,0.0539825208112407,0.0933952211468884
"gdp_growth","debt_growth",7,-0.000456394223501183,-0.000286466845537107,-0.0949238998159704,-0.0554123830399635,0.0541507998019761,0.0942195301330158
"gdp_growth","debt_growth",8,-0.000452222539651559,-0.000281523168731114,-0.0714736050739404,-0.0407378556514686,0.0397910908920518,0.0703004904416513
"gdp_growth","debt_growth",9,-0.000160268632437416,-8.67573126987192e-05,-0.0691327321684631,-0.0386413612206393,0.038375563629648,0.0677711301075684
"gdp_growth","debt_growth",10,-9.91304491717711e-05,3.07702154093217e-05,-0.0573775509668667,-0.0323402585897644,0.0318913884872131,0.0566761123289028
"gdp_growth","debt_growth",11,-1.62421740393235e-05,0.000192918001662625,-0.0564080656218773,-0.0316201182732189,0.0320083684202285,0.0564150388057555
"gdp_growth","debt_growth",12,0.000104396905605216,0.000206064750281956,-0.0493823089486675,-0.0275784933363714,0.0277882786168191,0.0502127898307999
"gdp_growth","debt_growth",13,0.000158671966477933,0.000119493179312875,-0.0469875707773478,-0.0257414617160442,0.0263154408223212,0.047865488940188
"gdp_growth","debt_growth",14,0.000246245007474374,0.000214644657010128,-0.0446467478296443,-0.0243938331708229,0.0249367782359256,0.0462002005192161
"gdp_growth","debt_growth",15,0.000188728972684397,0.000174803939514549,-0.0427229928870951,-0.0231966212103692,0.0235330745993897,0.043618790256102
"gdp_growth","debt_growth",16,0.000174162604956002,0.000190449189046269,-0.0421225239251511,-0.0223480772581948,0.0230837092440099,0.0427603032482368
"gdp_growth","debt_growth",17,0.000131414558636442,0.000137062417784309,-0.0399142777434593,-0.0209916628912522,0.0214271294856145,0.0404571928331277
"gdp_growth","debt_growth",18,0.000111715976803203,0.000150017240960978,-0.0392531724560101,-0.0206234944118181,0.0209896721639901,0.0393232376398939
"gdp_growth","debt_growth",19,2.77257375286948e-05,0.000137103969088424,-0.0371069891259973,-0.0193812466156851,0.0193210565526463,0.0371834278278619
"gdp_growth","debt_growth",20,-3.91156813582449e-05,2.68998785074106e-05,-0.0365227062044598,-0.0189580194615489,0.0190250219087506,0.036020281400114
"gdp_growth","debt_growth",21,-0.000110112388829882,-4.40549557747505e-05,-0.0347294500991064,-0.0177144988817432,0.017665621564591,0.0339729423608708
"gdp_growth","real_house_price_growth",1,-0.00115644320452766,-0.00137659180129924,-0.756556720255725,-0.488199511495681,0.483996934809533,0.755222965823803
"gdp_growth","real_house_price_growth",2,0.000191891408578655,-0.00146228676533342,-0.273735982072582,-0.169898757616038,0.17063747328925,0.279627615247774
"gdp_growth","real_house_price_growth",3,0.000503056155095198,0.00115968037879668,-0.182419394568169,-0.110477716742849,0.110652905066734,0.18389881702816
"gdp_growth","real_house_price_growth",4,-0.000197438411638555,-7.78881373979322e-05,-0.139090145680447,-0.0822786965143522,0.0826423261299565,0.136933203823482
"gdp_growth","real_house_price_growth",5,-0.000398665418500712,-0.00077500336589915,-0.132712431625014,-0.0805779446083845,0.0795528613835213,0.132402103176274
"gdp_growth","real_house_price_growth",6,4.79868170968724e-06,0.000351326982450823,-0.0931796451338656,-0.0546159100625446,0.053934793999086,0.0927151968342915
"gdp_growth","real_house_price_growth",7,2.58382325668019e-05,0.00021943222726445,-0.094117612936813,-0.0547857210961695,0.0546635659330999,0.0943230239358168
"gdp_growth","real_house_price_growth",8,-0.000180192490317257,-8.31611807606132e-05,-0.0717741499494717,-0.0407037698306857,0.040309968201791,0.0709447094768279
"gdp_growth","real_house_price_growth",9,-2.21701696011406e-05,-2.98275383741821e-05,-0.0687020786127639,-0.0388149722750683,0.0388754533793534,0.0693108182367029
"gdp_growth","real_house_price_growth",10,1.62910429296075e-06,0.000194372593551864,-0.0574826394129863,-0.0323167159030637,0.0319594525760398,0.0572184308169873
"gdp_growth","real_house_price_growth",11,0.000158442550799417,1.9699379801434e-05,-0.056930231814008,-0.0316673991106347,0.0318903351954454,0.0575559828030716
"gdp_growth","real_house_price_growth",12,0.000194707841770628,0.000241838290995158,-0.0505885206646822,-0.027590239882661,0.028143718230474,0.0501332266549633
"gdp_growth","real_house_price_growth",13,0.000286007369701016,8.28129992732869e-05,-0.0475622849143498,-0.0259942272233783,0.0264882375529066,0.0481997529694907
"gdp_growth","real_house_price_growth",14,0.000316451616953898,0.000169200886963242,-0.0451946076230393,-0.0243434426472128,0.0251685096203472,0.0453685014474107
"gdp_growth","real_house_price_growth",15,0.000345516077055615,0.00022484630029452,-0.0432605953950261,-0.0231303001696807,0.0237665293999776,0.0438352364656715
"gdp_growth","real_house_price_growth",16,0.000336862554696594,0.000252852570976706,-0.04249194549816,-0.0224178414891402,0.0229450672650876,0.0426718986206009
"gdp_growth","real_house_price_growth",17,0.000357869482396602,0.000349790150145839,-0.040060248986999,-0.0210035554580186,0.0214802518377149,0.0406724881732681
"gdp_growth","real_house_price_growth",18,0.000358155164822147,0.000367169292490664,-0.0393993397727765,-0.0204787866010979,0.0209718337034867,0.0397725818797401
"gdp_growth","real_house_price_growth",19,0.000347433502024417,0.000371357834547469,-0.0370283835802685,-0.0192185080058253,0.019524803162291,0.0378115709958412
"gdp_growth","real_house_price_growth",20,0.000313334139525773,0.000186400089664435,-0.0362668150596359,-0.0186237806589387,0.0190940622843324,0.0371010980796941
"gdp_growth","real_house_price_growth",21,0.000302158788223705,0.000155000160202119,-0.0345185664807669,-0.017476475881075,0.0179789040777231,0.0350840086060829
"gdp_growth","asset_liability_ratio",1,-0.000457633039487171,-0.000773183859802467,-0.76081481404751,-0.485994084221908,0.482077544994702,0.768895143718334
"gdp_growth","asset_liability_ratio",2,0.000195622180525785,-0.000142375901438289,-0.276280870110297,-0.168288951249402,0.16964137852244,0.273246743837758
"gdp_growth","asset_liability_ratio",3,-0.0012651552903538,-0.000492956176506161,-0.184781581656484,-0.110793716518069,0.108865336325308,0.179913094539177
"gdp_growth","asset_liability_ratio",4,-0.000286982287331059,-0.000440621844509602,-0.137612342949232,-0.0813565969809473,0.0806564889481541,0.136488657226764
"gdp_growth","asset_liability_ratio",5,-0.000818358725929271,-0.000782390757044173,-0.134155852699682,-0.0811757035235174,0.0800457649716441,0.132500158487141
"gdp_growth","asset_liability_ratio",6,-0.000413200335095533,-0.000614765164090506,-0.0937268605813694,-0.0553789119539528,0.0539920249770324,0.0920107959828147
"gdp_growth","asset_liability_ratio",7,-0.0008474276704994,-0.000437901400818865,-0.0950775895118205,-0.0556019447444178,0.0541329949230437,0.0936374460364614
"gdp_growth","asset_liability_ratio",8,-0.000400553951645571,-0.000265997861692751,-0.0710599703603024,-0.0408281298525427,0.0397556348129045,0.0707507585007001
"gdp_growth","asset_liability_ratio",9,-0.000566362564817083,-0.000522194330121933,-0.0693263708262866,-0.0389829561626671,0.0381307485361909,0.0672808539669593
"gdp_growth","asset_liability_ratio",10,-0.000113285222704822,-0.000223906040368335,-0.0577026508191117,-0.0322893559031059,0.0321513470618203,0.0579730359009492
"gdp_growth","asset_liability_ratio",11,-0.000387502529653109,-0.000483922049422707,-0.05732779636812,-0.0321652080004948,0.0314371135071534,0.0565026311717727
"gdp_growth","asset_liability_ratio",12,-0.000117883106906566,-5.08490804974021e-05,-0.0497763756944127,-0.0276821725124449,0.027549216415919,0.0501559362831724
"gdp_growth","asset_liability_ratio",13,-0.000278053101616257,-0.000405682012765494,-0.0477198070702748,-0.0261334976483892,0.0257286544699023,0.0471506299538399
"gdp_growth","asset_liability_ratio",14,-5.52128772865937e-05,-9.66007120079687e-06,-0.0451089696314907,-0.0245159162999769,0.0243309542103955,0.0450305703944398
"gdp_growth","asset_liability_ratio",15,-0.000261357713066281,-0.00026026115063968,-0.0437449099468489,-0.0236259602782357,0.0229190389037413,0.0426086060567199
"gdp_growth","asset_liability_ratio",16,-0.000147840240382598,-0.000179841375690716,-0.0428189043858291,-0.0226205484470833,0.022459882767647,0.0419241078672106
"gdp_growth","asset_liability_ratio",17,-0.000259234403810027,-0.000233467732206437,-0.0407195107535993,-0.0214314618773218,0.0210528024799487,0.0397948057417677
"gdp_growth","asset_liability_ratio",18,-0.000153288942337565,-0.000104647618581474,-0.0398561099436885,-0.0208131010343178,0.0205456978278238,0.0392435308377466
"gdp_growth","asset_liability_ratio",19,-0.000267460418201386,-0.000140782294231771,-0.0380360272048293,-0.0194510743234387,0.0191267506078751,0.0370494878741621
"gdp_growth","asset_liability_ratio",20,-0.000208437582626804,-0.00012630576888835,-0.0369363298912868,-0.0190670860721512,0.0186660777459296,0.036498758449984
"gdp_growth","asset_liability_ratio",21,-0.000270692709525801,-0.000127583334131003,-0.0354831554449143,-0.0178153764372425,0.017276996449552,0.0345590970137427
"consumption_growth","gdp_growth",1,0.000491743488903991,-0.000607340475610729,-0.706135489365717,-0.448689963193895,0.449602863430851,0.710928300812112
"consumption_growth","gdp_growth",2,0.000221537337659682,-0.000220442514271824,-0.295880850131313,-0.182463762003734,0.182334644862844,0.29644223028145
"consumption_growth","gdp_growth",3,7.5915975819323e-05,0.000473859196129467,-0.1795738019677,-0.109277888451341,0.10770965703193,0.180782300982872
"consumption_growth","gdp_growth",4,-0.000123405749909911,-0.000687249407956181,-0.137344882261069,-0.0825501401850733,0.0825241617790721,0.137235460417339
"consumption_growth","gdp_growth",5,-0.000890010730133008,-0.000547302692803191,-0.127617764759757,-0.0762401759698881,0.0736942385321502,0.124995630870014
"consumption_growth","gdp_growth",6,0.000378470931478526,0.000552683209799548,-0.0819742308143915,-0.0479022575926887,0.0484557315755182,0.0828933069338473
"consumption_growth","gdp_growth",7,-0.00037918553400701,-0.000279169671662032,-0.0762800257486928,-0.0446594641320273,0.0435021572567276,0.0762815523598402
"consumption_growth","gdp_growth",8,0.000431540245610665,0.000556268110439938,-0.0614815865381053,-0.034900388296607,0.0355512230135703,0.0622762793600911
"consumption_growth","gdp_growth",9,-1.76287937227686e-05,-9.88413899178785e-05,-0.0583427852981758,-0.0331015642933511,0.0330435348562184,0.058613855956785
"consumption_growth","gdp_growth",10,0.000363539743171525,0.000153827421388746,-0.0513711693162905,-0.029067646590975,0.0297489773851885,0.0525425336899884
"consumption_growth","gdp_growth",11,0.000106693492275855,-0.000114849794706098,-0.0478026289396519,-0.0267392469447817,0.0268814035237287,0.0486125339613347
"consumption_growth","gdp_growth",12,0.000312078564488973,0.000319092652009488,-0.0465068472334775,-0.0253510120875588,0.0259272419224033,0.0474407762921294
"consumption_growth","gdp_growth",13,0.000136923147073131,9.68939931708045e-05,-0.0429379873954971,-0.0234024647374603,0.0234791181479275,0.0431833725003676
"consumption_growth","gdp_growth",14,0.000295663360847772,0.000139194397157308,-0.0419061066134648,-0.0224098797446119,0.0230449549624092,0.0427449935338615
"consumption_growth","gdp_growth",15,0.000113099661864137,4.21219651985752e-05,-0.0383881477063898,-0.02049923043334,0.0207695225438192,0.0388802947812079
"consumption_growth","gdp_growth",16,0.000220881781782332,0.000173639041625397,-0.0376407015037907,-0.0198846955171545,0.0204042460182476,0.038681887602776
"consumption_growth","gdp_growth",17,6.97205790675227e-05,-8.30111469900187e-05,-0.0345347780486326,-0.018257756891365,0.0184188679548471,0.0350675794377909
"consumption_growth","gdp_growth",18,0.000158878364554786,8.24828174515509e-05,-0.0340509609538201,-0.0176765884250854,0.018089222457305,0.0347008840940652
"consumption_growth","gdp_growth",19,1.88543409435992e-05,-4.52689701780447e-05,-0.0319050039528303,-0.0165158519602504,0.0165700098040279,0.0321973215057641
"consumption_growth","gdp_growth",20,6.89669655412499e-05,8.8560728672317e-05,-0.0311143841801026,-0.0161756362820237,0.0162246238025663,0.0317470931679959
"consumption_growth","gdp_growth",21,-3.61242521688169e-05,-3.26165398146084e-05,-0.0300906210931876,-0.0152577898833343,0.0152026073948233,0.0301404018334743
"consumption_growth","consumption_growth",1,8.82849761397613e-05,0.0020131810744422,-0.697986395842212,-0.444544774542246,0.447250107007044,0.699378305400886
"consumption_growth","consumption_growth",2,0.00151196829769205,0.00338161703376557,-0.295963691222039,-0.181259027859629,0.183040226744567,0.291733287326064
"consumption_growth","consumption_growth",3,0.000664404835470266,0.000393715089374448,-0.177653784266709,-0.107887395882521,0.109593190029611,0.181065517929588
"consumption_growth","consumption_growth",4,0.000372366285762011,0.000180661486926114,-0.136059918512926,-0.0810745278729749,0.0820540180940877,0.138461713438301
"consumption_growth","consumption_growth",5,0.0004306848925042,0.000323395558963346,-0.126560164573308,-0.074025088062974,0.0749067762237902,0.127178669954623
"consumption_growth","consumption_growth",6,0.00026180609670991,0.000265231413712421,-0.0827398014786035,-0.0481972485542532,0.0481105501719976,0.0837463733808096
"consumption_growth","consumption_growth",7,0.000186644084739956,3.17134988030418e-05,-0.0766647958200777,-0.0434473138991212,0.0443120381551613,0.0766711244295114
"consumption_growth","consumption_growth",8,0.000158515385152101,8.68311518349554e-05,-0.0615210616648598,-0.035348283059242,0.0357544388436905,0.0631654095243476
"consumption_growth","consumption_growth",9,9.50383554244599e-06,-0.000259505397916066,-0.058558606469163,-0.0330520792815903,0.0333574458756613,0.0596254650023221
"consumption_growth","consumption_growth",10,4.29777499078264e-06,-0.000266110506958074,-0.0513245798868822,-0.029216091788933,0.0292593889404765,0.0531763510646876
"consumption_growth","consumption_growth",11,-1.74583462125372e-05,-0.000217611183720426,-0.0479908849764446,-0.026787752317974,0.0265601410683553,0.0492812563240277
"consumption_growth","consumption_growth",12,-3.30620686982137e-05,-0.00032939629621233,-0.0461482364182098,-0.025851136349816,0.0255296598950794,0.0472765556501743
"consumption_growth","consumption_growth",13,-5.09596342824596e-05,-0.00022642149425709,-0.0421128465041997,-0.0236636490005778,0.023212355706798,0.0430865007796688
"consumption_growth","consumption_growth",14,-3.48261764039926e-05,-0.000165963590905378,-0.0418762087669575,-0.0228489690620716,0.0227266858185214,0.0423551210907963
"consumption_growth","consumption_growth",15,-3.54202071787215e-05,-0.000164454370045322,-0.037964633327369,-0.0207004089955785,0.0204494495270961,0.038480812611747
"consumption_growth","consumption_growth",16,-4.21450159819513e-05,-0.000169388719908356,-0.0379841438858153,-0.0203823425207848,0.020356015572216,0.038158821449375
"consumption_growth","consumption_growth",17,-4.63945236148703e-05,5.4897017372525e-06,-0.0348369735853546,-0.0185491696406915,0.0182737705191902,0.0349296394937513
"consumption_growth","consumption_growth",18,-4.91709174294369e-05,-2.82180798328656e-05,-0.0344290229694834,-0.0181267113344412,0.018125502835645,0.034285934731087
"consumption_growth","consumption_growth",19,-3.9874499040841e-05,4.39823858299609e-05,-0.0321594690905042,-0.0168071440456212,0.0165001656570772,0.0320069672544801
"consumption_growth","consumption_growth",20,-5.30956434212329e-05,-3.81957371573059e-06,-0.0317667756582693,-0.0164844984632892,0.0162242367270679,0.0315110455591998
"consumption_growth","consumption_growth",21,-4.81217957182204e-05,2.58241289966706e-05,-0.0302487935773186,-0.0154449491337651,0.0152130687281903,0.0299239895366853
"consumption_growth","cpi_growth",1,0.00100741234485304,7.34524915424924e-05,-0.702088688426892,-0.442446836798572,0.446254992262827,0.697934025939476
"consumption_growth","cpi_growth",2,0.000881086697295505,0.000548165438411456,-0.294053765062505,-0.180473872455865,0.183110532003856,0.298132386140406
"consumption_growth","cpi_growth",3,0.000244631316934087,0.00071765703549808,-0.179244177823292,-0.107412913552623,0.108877429117831,0.178281105180055
"consumption_growth","cpi_growth",4,0.000239459238105083,0.000550214610662849,-0.138374756637179,-0.082554954127714,0.0825803663574399,0.138034295564128
"consumption_growth","cpi_growth",5,6.37806720354949e-05,0.000463202965976841,-0.124537436570289,-0.074533339634851,0.0740258766970257,0.125292224036889
"consumption_growth","cpi_growth",6,-0.000101933095282239,-0.000139706733433052,-0.0838216346022592,-0.0480643734307271,0.0483446920563692,0.0827642249923406
"consumption_growth","cpi_growth",7,1.88622213011881e-05,-0.000213360423202841,-0.0767129947835468,-0.0441309851669687,0.0439383543899678,0.0768042032403445
"consumption_growth","cpi_growth",8,-0.000184368450797288,-0.000275912576777623,-0.06305322535572,-0.0354557200165583,0.0357947969219309,0.0624894359394818
"consumption_growth","cpi_growth",9,-7.29564064218996e-07,-7.63908668280104e-05,-0.0586940978791747,-0.0333829357358209,0.0330701230441378,0.0586161198246192
"consumption_growth","cpi_growth",10,-0.000121154730114223,-0.00022982776587727,-0.0523106956949616,-0.0296958236712639,0.0293943453783819,0.0523791277510369
"consumption_growth","cpi_growth",11,-0.000135633050832991,-9.17785876796762e-05,-0.0487877790174314,-0.0271458762596155,0.0267054817566365,0.0480559790921486
"consumption_growth","cpi_growth",12,-7.13513202800933e-05,-0.000188578117242815,-0.0476063619445354,-0.0257962438178145,0.0257233554486334,0.0462141926472665
"consumption_growth","cpi_growth",13,-5.86132756890937e-05,-9.80031493618195e-05,-0.043051075093332,-0.0232204161394158,0.0233504659872764,0.0426498873125269
"consumption_growth","cpi_growth",14,1.39379978172685e-05,-8.25630773196567e-07,-0.0428399537328412,-0.0227681231209379,0.0229349923749606,0.0425001747662639
"consumption_growth","cpi_growth",15,9.20650161940614e-06,4.24198684391287e-05,-0.0390087485652979,-0.0205494562190674,0.0206798437161023,0.0388068315707174
"consumption_growth","cpi_growth",16,9.73720551531191e-05,-7.9340255692284e-05,-0.0384942227781956,-0.0202067379017163,0.0204702463639037,0.0388241583415946
"consumption_growth","cpi_growth",17,0.000119876717574522,-9.76902013005933e-05,-0.0352343979370227,-0.018145980829563,0.0185305466154915,0.035601117328629
"consumption_growth","cpi_growth",18,0.000170652862473571,1.76209588303443e-05,-0.0345178731211397,-0.0177888332942191,0.0182054957301405,0.0351107093497712
"consumption_growth","cpi_growth",19,0.000171007840583621,1.96547762848668e-05,-0.0322950866061597,-0.0164139818102074,0.0168608737889566,0.0329651032071028
"consumption_growth","cpi_growth",20,0.000212832500888231,0.000145070652514837,-0.031627327362297,-0.0160928208896955,0.016542359864137,0.0323204981269661
"consumption_growth","cpi_growth",21,0.000221627931052999,9.03411171826373e-05,-0.0301935033463101,-0.0150370787818112,0.015419310791635,0.0307316053303307
"consumption_growth","saving_rate",1,-0.00150443677769594,-0.00408310305053785,-0.698590313208492,-0.445993934928501,0.447270988079777,0.707026716318296
"consumption_growth","saving_rate",2,0.000789820818235018,0.00142151947460521,-0.295983976557413,-0.183138532170363,0.184984142856011,0.298508896739025
"consumption_growth","saving_rate",3,-0.000390413280838868,-0.00120763701303219,-0.178915211047995,-0.107674419347635,0.107515358326383,0.178498298651729
"consumption_growth","saving_rate",4,0.000488887906767874,0.000430096233708261,-0.136503750297361,-0.0819918799484699,0.0829883785288445,0.138912552650668
"consumption_growth","saving_rate",5,0.000729830676815865,0.000662743596294554,-0.124987428140458,-0.0732078681929586,0.07537007787042,0.12593797909345
"consumption_growth","saving_rate",6,0.000200891194772548,-5.49612973221978e-05,-0.0834143713288822,-0.0487375037755771,0.0490958938930044,0.0843303648716652
"consumption_growth","saving_rate",7,0.000173836437961734,0.000186449132605125,-0.0754512177259533,-0.0435172876582752,0.0438631063880996,0.0760702970036763
"consumption_growth","saving_rate",8,0.00012184670273146,-0.000206722041470017,-0.0620259425876348,-0.0355676164261049,0.0359294561617992,0.0624823942184868
"consumption_growth","saving_rate",9,6.72005812863135e-05,1.49721831242202e-05,-0.0582955370830559,-0.0332960162787984,0.0333084838242859,0.0583285171406832
"consumption_growth","saving_rate",10,-3.26722564971194e-05,-4.17526724317933e-06,-0.0522003353339486,-0.0297609622223425,0.029330755193878,0.0526580566156491
"consumption_growth","saving_rate",11,-0.000101190011523385,-0.000148446270190799,-0.0478233860359144,-0.027077206038934,0.0267558702893607,0.0480015303796276
"consumption_growth","saving_rate",12,-4.72173628918931e-05,-3.91206129037255e-05,-0.0469922270768152,-0.0258545987348794,0.0257293585945295,0.0467242644237832
"consumption_growth","saving_rate",13,1.24075630835605e-05,7.34906611596505e-06,-0.0420568289240887,-0.0234514430102405,0.0233724243786342,0.0423009729544719
"consumption_growth","saving_rate",14,1.69925163132607e-05,-6.17131886744034e-05,-0.0415059892083662,-0.022926414404874,0.0229768941271806,0.0423228818194023
"consumption_growth","saving_rate",15,3.71653160246839e-05,-0.000114948495368522,-0.0380696714932298,-0.0207280154335656,0.0206856583944959,0.0383746678042718
"consumption_growth","saving_rate",16,7.84671562837143e-05,-9.60387016495153e-05,-0.0372696258724285,-0.0202820076522369,0.0204315509530922,0.038459309674035
"consumption_growth","saving_rate",17,0.000119472701793453,2.21376405476874e-05,-0.0346645384082357,-0.0183957628034925,0.0184246587302535,0.0354236030425549
"consumption_growth","saving_rate",18,0.000130694809183284,6.36963224236296e-05,-0.0340228665570722,-0.0179660841438154,0.018358463501853,0.0347745896356881
"consumption_growth","saving_rate",19,0.000136270488126262,9.31236535315979e-05,-0.0321690174885631,-0.0166332357110297,0.01679112417346,0.0327013666369866
"consumption_growth","saving_rate",20,0.000156319416960251,0.000150648848371998,-0.0316345735849745,-0.01614850794617,0.0165974414438959,0.031937253593099
"consumption_growth","saving_rate",21,0.000168908327979054,0.000141983901804185,-0.0300567704673356,-0.0151343740287393,0.0155410207965631,0.0304743427714988
"consumption_growth","policy_rate",1,-0.00402279889439418,-0.00548191251349805,-0.702094896976204,-0.446044356358931,0.44202510145469,0.700293661637299
"consumption_growth","policy_rate",2,-0.0132586874816393,-0.0141450672996633,-0.305983692352463,-0.195733346993442,0.167500456127653,0.283770956226466
"consumption_growth","policy_rate",3,0.032316469456557,0.0319201980739577,-0.136452182826193,-0.0688062136875444,0.132819191207412,0.202507269594225
"consumption_growth","policy_rate",4,-0.000216116390198574,-0.00119581406006881,-0.131517242967764,-0.0797193918644739,0.0791143586990562,0.135858106815997
"consumption_growth","policy_rate",5,0.0434598315521126,0.0422502026900337,-0.0624019900376362,-0.0215687077799668,0.107823729991702,0.153837048393961
"consumption_growth","policy_rate",6,0.00623730228312791,0.00513125739943678,-0.0713908386348001,-0.0401315091015874,0.0529067714229641,0.0863705100000624
"consumption_growth","policy_rate",7,0.0282086513154223,0.0264596697755864,-0.0370928750379011,-0.0113932009857752,0.0677222803934438,0.0990560544280171
"consumption_growth","policy_rate",8,0.00034647299908087,-2.5755277837998e-05,-0.0581572885538306,-0.0336409629767119,0.0341696420488229,0.0603477354095047
"consumption_growth","policy_rate",9,0.0189371715994434,0.0177378227270236,-0.0315755411942035,-0.0111862057432242,0.0490117870643837,0.0738920385730373
"consumption_growth","policy_rate",10,-0.00221935595126612,-0.00232661949137968,-0.049430288536914,-0.0293803108211091,0.02484873716309,0.0457828793449051
"consumption_growth","policy_rate",11,0.0094425881273319,0.00881345472080139,-0.0340411997672503,-0.0152118266945718,0.0337393156325611,0.0547209208508189
"consumption_growth","policy_rate",12,-0.00558415218465641,-0.00517169592573242,-0.0477730654097361,-0.0284747074818689,0.0170972321207365,0.0350186477911929
"consumption_growth","policy_rate",13,0.00516070771501504,0.00515693467544564,-0.0338243492243911,-0.0161888381801649,0.0264669372928906,0.0440584265626959
"consumption_growth","policy_rate",14,-0.00583751461557438,-0.00525367404174013,-0.0441607028506499,-0.0259549747398867,0.0141804757119989,0.0297801339685315
"consumption_growth","policy_rate",15,0.00199451347457802,0.00217501050649733,-0.0335297240106111,-0.0170254808032337,0.0207558446085117,0.0366676075876986
"consumption_growth","policy_rate",16,-0.00590410875051079,-0.00528890438651683,-0.0406956699507179,-0.0239363936963587,0.0117153366234204,0.0266457400218437
"consumption_growth","policy_rate",17,0.000920795903530113,0.0010754124500509,-0.0316904945395129,-0.0160723508604996,0.017780149450396,0.0326933539052279
"consumption_growth","policy_rate",18,-0.00487338992168774,-0.00433932648788942,-0.0368406723554091,-0.0211048695095816,0.011136827998818,0.0248694122792701
"consumption_growth","policy_rate",19,0.00031121280812481,0.000370195317367341,-0.0300811528252317,-0.0150169559213676,0.0156979631162729,0.029619653100377
"consumption_growth","policy_rate",20,-0.00400884289534718,-0.00364091860971466,-0.0335622865413939,-0.0187710547695445,0.0106760574639385,0.0239294422664816
"consumption_growth","policy_rate",21,0.000317500412458692,0.000259492279104585,-0.0274899689682111,-0.01376487519235,0.0143487686045995,0.0279804614576011
"consumption_growth","interest_burden",1,0.00358912659019425,0.00853823977562457,-0.705091829704474,-0.443252677781556,0.445647922276508,0.697684276198949
"consumption_growth","interest_burden",2,0.000478777590703022,-0.000280161754351284,-0.293935602799627,-0.1814408341041,0.181781327812914,0.295494611116598
"consumption_growth","interest_burden",3,-0.000583558614811423,-0.000360030078931563,-0.180233648690053,-0.108995541238424,0.106821545005479,0.176618327169437
"consumption_growth","interest_burden",4,2.33771909892731e-05,4.13817135377702e-05,-0.137106204422304,-0.0815783797595639,0.0816994311709922,0.137701102887408
"consumption_growth","interest_burden",5,-0.000372538359662716,-0.000137603364902201,-0.125389859919053,-0.0752465267163655,0.0739936027097353,0.123867196304872
"consumption_growth","interest_burden",6,-0.000339011844415929,-0.000581755251353897,-0.08315899885451,-0.0490414005710521,0.0486224013291588,0.0824586554901081
"consumption_growth","interest_burden",7,-0.000244132200906093,-0.000429522045276203,-0.0759396616001399,-0.0439235883023401,0.0439157472754318,0.0762014422142848
"consumption_growth","interest_burden",8,-2.50628743637402e-05,7.00530010257918e-05,-0.0625196054569764,-0.0357429267068916,0.03586004632402,0.0617407522816219
"consumption_growth","interest_burden",9,9.81722126254186e-05,-0.000182767272871513,-0.0585639423481071,-0.0330478779424867,0.0333549911443181,0.0595050382852855
"consumption_growth","interest_burden",10,-1.1129509235921e-05,0.000184507965201937,-0.0526588605192589,-0.0297261638131167,0.0296297360032256,0.0526481364927339
"consumption_growth","interest_burden",11,0.000195768135704123,0.000212346637738613,-0.0484472430027473,-0.0265356265386849,0.0270127005218182,0.0484755307406705
"consumption_growth","interest_burden",12,0.000108223988693923,0.000288212116956079,-0.0467753696927098,-0.0260301116373152,0.0259611684938354,0.0464985917380732
"consumption_growth","interest_burden",13,0.000241912707269069,0.00030664102747385,-0.0429269399272899,-0.0229918376195055,0.0234197453724185,0.0425526340477682
"consumption_growth","interest_burden",14,0.000100333299471564,9.49774183038327e-05,-0.0419093857525844,-0.022946192892781,0.0231123872515972,0.0421283242925433
"consumption_growth","interest_burden",15,0.00020283791209649,0.000238109616274617,-0.037808546670447,-0.0201146963292233,0.0207062599022111,0.0384816480229656
"consumption_growth","interest_burden",16,0.000122394423310567,9.04023072580149e-05,-0.0374252731179118,-0.0202716529172005,0.0206258404554041,0.0378738639377286
"consumption_growth","interest_burden",17,0.000177602989472991,0.000118350499473353,-0.034432363583314,-0.0180703144093725,0.0184803582717314,0.0348316541086056
"consumption_growth","interest_burden",18,7.14947750373359e-05,3.20902100278467e-05,-0.0343718227560718,-0.0179605740939029,0.0182335681433577,0.0341707783585848
"consumption_growth","interest_burden",19,0.000111758568403791,9.22247587903791e-05,-0.0318431532506847,-0.0163616308146507,0.0167525873198157,0.0322347880942099
"consumption_growth","interest_burden",20,3.90411693832518e-05,0.000107838596154895,-0.0317091497276142,-0.0161429625933817,0.0164988374791642,0.0318133518348361
"consumption_growth","interest_burden",21,6.58748301304009e-05,0.000122049708964586,-0.0299415489608202,-0.0151239384948493,0.0153757395682117,0.030180815622932
"consumption_growth","debt_growth",1,0.0034317051172011,0.00217456077822119,-0.695956299780823,-0.442064504857777,0.452013472372689,0.70142470869219
"consumption_growth","debt_growth",2,-0.00073026304175983,-0.000438409577762002,-0.295459592968636,-0.183460943246711,0.180832335590328,0.293876927497643
"consumption_growth","debt_growth",3,-0.000310523507099827,-0.000486896409918117,-0.178847385602502,-0.107508112923728,0.107495453514045,0.178541935978385
"consumption_growth","debt_growth",4,-0.000552666725995055,-0.000715922033042111,-0.136868101454862,-0.0816089185499286,0.0813516749512892,0.136685377974304
"consumption_growth","debt_growth",5,-0.000337472306235633,-0.000133641967337638,-0.127472479297938,-0.0753933306621248,0.0747702115861154,0.125049321043623
"consumption_growth","debt_growth",6,-0.000261850939341782,-5.10197674774213e-05,-0.0839938781476289,-0.048625051786966,0.048265812044782,0.0824603225370272
"consumption_growth","debt_growth",7,-0.000271543667761661,-0.00013034901292166,-0.0770557941758469,-0.0442282283003212,0.0431181864050399,0.0754648181426233
"consumption_growth","debt_growth",8,-0.000446802718014544,-0.000268407183552454,-0.0628990286097167,-0.0361983228828834,0.0350778765196938,0.0616884685158938
"consumption_growth","debt_growth",9,-0.000361913275300299,-0.000320878875326554,-0.0589408827569484,-0.0336398957721452,0.0325270139812183,0.0582508645535561
"consumption_growth","debt_growth",10,-0.000376041145082023,-0.000403627747932213,-0.0531790421752538,-0.0299337212427933,0.0293366901457463,0.0519234082149208
"consumption_growth","debt_growth",11,-0.000249984243229163,-0.000336737124242094,-0.0484855143676017,-0.0269646575128655,0.0264730289494105,0.0482266968473794
"consumption_growth","debt_growth",12,-0.000147064374353523,-0.00017521942517542,-0.0475470345807561,-0.0256944608181907,0.0257341770738004,0.0466055413736505
"consumption_growth","debt_growth",13,-8.78223332112809e-05,-0.000199728521261808,-0.0429618742744099,-0.0233394051033379,0.0231405215686692,0.0429501678728464
"consumption_growth","debt_growth",14,-1.04015598209193e-05,-0.000190086171944921,-0.0423623820678123,-0.0228523294982367,0.0231600608461102,0.0422750781149649
"consumption_growth","debt_growth",15,9.55353473615467e-06,-0.000235879623291193,-0.0382373102219777,-0.0205700604512077,0.0206380128074855,0.0382361224019802
"consumption_growth","debt_growth",16,3.23367363869966e-05,-1.402020711952e-05,-0.038198915217559,-0.020389070137311,0.0205469299022761,0.0382227681615847
"consumption_growth","debt_growth",17,2.50608362954312e-05,5.11059946644381e-05,-0.0352608884037473,-0.0182767339514992,0.0182537513125048,0.0349152131103501
"consumption_growth","debt_growth",18,2.51678212546063e-05,9.52399259964407e-05,-0.0348706532705835,-0.018218135664148,0.0182158879057442,0.0344069845944969
"consumption_growth","debt_growth",19,7.26731876114174e-06,8.71832271882016e-05,-0.0326056783552242,-0.0166873756769495,0.0166002403540836,0.0322547710677071
"consumption_growth","debt_growth",20,-1.83213382786999e-05,3.58881198785216e-05,-0.0321227283568642,-0.016430708491714,0.0162879667868708,0.0314569256223605
"consumption_growth","debt_growth",21,-4.48514691337943e-05,4.72456046983955e-05,-0.0306725434486112,-0.0153165306188254,0.0150989994932189,0.0300970156812726
"consumption_growth","real_house_price_growth",1,-0.0010468422093408,-0.000933269817354601,-0.708833828673377,-0.448743986304496,0.449821130495679,0.701521057689805
"consumption_growth","real_house_price_growth",2,0.000366205271344431,9.25163432312325e-05,-0.296567120818317,-0.184571020071968,0.18580756011711,0.299396051879225
"consumption_growth","real_house_price_growth",3,6.78289399121452e-05,0.000587962485524278,-0.179575264133758,-0.109622537152939,0.107243896611345,0.18181609144853
"consumption_growth","real_house_price_growth",4,-0.000595926588430068,-0.00132441740875894,-0.138489546589499,-0.0835335187209712,0.0826005520254846,0.138353415166083
"consumption_growth","real_house_price_growth",5,-0.000148040414832096,-0.000393020398450369,-0.126130031562664,-0.0749723830363756,0.074792755491587,0.126158709518292
"consumption_growth","real_house_price_growth",6,0.000169500576375854,0.000557855238256461,-0.0835495221242852,-0.0484493084920418,0.048526485126912,0.0827859318379876
"consumption_growth","real_house_price_growth",7,0.000166899485181777,9.50823435838495e-05,-0.0759106404958013,-0.0436761057154912,0.0442846723133621,0.0761103250114105
"consumption_growth","real_house_price_growth",8,-2.79092822513658e-05,9.73254683395126e-05,-0.0628523372964277,-0.0353820186222472,0.0361274331707117,0.0618719815924496
"consumption_growth","real_house_price_growth",9,6.10543117511761e-05,-8.47900688154841e-05,-0.0581734771083503,-0.0333878630690132,0.0331536688738351,0.058557617919222
"consumption_growth","real_house_price_growth",10,-3.71885922253653e-06,0.000155447970305015,-0.0526213606317831,-0.0294214609878739,0.0293156713956154,0.0516850852730447
"consumption_growth","real_house_price_growth",11,7.95894035755196e-05,-2.13491472091272e-05,-0.0482068309914486,-0.0266203316666286,0.0267756023791535,0.0482867554046737
"consumption_growth","real_house_price_growth",12,5.67247614486858e-05,6.58892229454863e-05,-0.0465662866012194,-0.0256994070617075,0.0258632109968801,0.046460378338062
"consumption_growth","real_house_price_growth",13,0.000145766543941101,6.95058411276806e-05,-0.043087409003511,-0.0233147913496657,0.0235167015752849,0.0429443201317156
"consumption_growth","real_house_price_growth",14,0.000125677010578294,7.17758862826155e-05,-0.0426134905285167,-0.0227218064184733,0.0230497093751363,0.0422147511516808
"consumption_growth","real_house_price_growth",15,0.000167604683702932,1.71322078731245e-05,-0.038520456355928,-0.0204293653918462,0.020741235107423,0.0393078783437473
"consumption_growth","real_house_price_growth",16,0.000159916753766958,3.71991730299731e-05,-0.0381985312174128,-0.0201065744822791,0.0205041904158942,0.0385582688081492
"consumption_growth","real_house_price_growth",17,0.000185595931301392,5.88448657864622e-05,-0.0349430025687001,-0.0180484132696299,0.0183963230572812,0.0356575223469381
"consumption_growth","real_house_price_growth",18,0.000163582368676969,9.68689175080514e-05,-0.0344269121902809,-0.0175957813668603,0.0178786820084719,0.0350784149412774
"consumption_growth","real_house_price_growth",19,0.000158042946086009,3.15549345043602e-05,-0.0322339959444291,-0.0165226645563832,0.0166879566189955,0.0326893747238863
"consumption_growth","real_house_price_growth",20,0.000131352016210852,5.24727776077222e-05,-0.0316935603814363,-0.0162763247656893,0.016196331503193,0.0322470677262571
"consumption_growth","real_house_price_growth",21,0.000125560842539571,1.969832615405e-05,-0.0298484596089702,-0.0151621892663642,0.0153518364181115,0.0306931980322921
"consumption_growth","asset_liability_ratio",1,-0.00249438624143797,-0.00280993617905715,-0.704421180155985,-0.448962115661954,0.441667406821844,0.697806957494243
"consumption_growth","asset_liability_ratio",2,-9.99218084396588e-06,-0.000679849932745002,-0.295857912529778,-0.184247900236846,0.182615075148707,0.296254448079934
"consumption_growth","asset_liability_ratio",3,-0.00072868626263092,-0.000327408958101634,-0.182225228191819,-0.10832550508002,0.107040402112052,0.178574748503101
"consumption_growth","asset_liability_ratio",4,-0.000284264542210447,5.54999776570149e-05,-0.138378629639767,-0.0828137457433081,0.0821589270411122,0.137908025897484
"consumption_growth","asset_liability_ratio",5,-0.00080659651412227,-3.33229585582055e-05,-0.12577690927485,-0.0753213511417234,0.073356909762517,0.1241975629833
"consumption_growth","asset_liability_ratio",6,-0.000101900503584284,-8.54841540866361e-05,-0.0835253601426136,-0.0483604839293702,0.0482781180994439,0.0825005566256696
"consumption_growth","asset_liability_ratio",7,-0.000362517104881235,9.66565234088125e-05,-0.0773254012148267,-0.043801806730504,0.0433235578117439,0.0748854317684291
"consumption_growth","asset_liability_ratio",8,8.91425590433631e-06,-0.000216329393481229,-0.0619569839390255,-0.035356088289539,0.035372479491624,0.0620378453641794
"consumption_growth","asset_liability_ratio",9,-0.000347008083550215,-0.000120536971185024,-0.0586773950144118,-0.0331999565151753,0.0325721748653847,0.0572974365562109
"consumption_growth","asset_liability_ratio",10,2.15933266026412e-05,0.000146519908401975,-0.0520674737954684,-0.0292510337389782,0.0290973908597044,0.0520146184380798
"consumption_growth","asset_liability_ratio",11,-0.000199042563183919,-0.000279389300628051,-0.0477817038502643,-0.0266359216794824,0.0262128836341674,0.0473425730411945
"consumption_growth","asset_liability_ratio",12,2.10439974165266e-05,2.58414991557751e-05,-0.0463305365920568,-0.0254830804493243,0.025669738972688,0.0457990080416368
"consumption_growth","asset_liability_ratio",13,-0.000236390502194355,-0.000331556800615861,-0.0420668152059859,-0.0231828931288265,0.0228264116139475,0.041608051996076
"consumption_growth","asset_liability_ratio",14,-6.70210294123206e-05,-0.000133363417148622,-0.0415323773889675,-0.0226564012540175,0.0225375281095323,0.0412137970941561
"consumption_growth","asset_liability_ratio",15,-0.000231702620463179,-0.000347222836103583,-0.0379248240596384,-0.0205913953639166,0.0200436182293373,0.0376896988204382
"consumption_growth","asset_liability_ratio",16,-0.000103316636559324,-0.000201439030957604,-0.0372134009691434,-0.0201677965081573,0.0199766796032764,0.037097194514261
"consumption_growth","asset_liability_ratio",17,-0.00024221148679653,-0.000206816022080709,-0.0346012834183132,-0.0183218602713606,0.0179116707272269,0.034191604871045
"consumption_growth","asset_liability_ratio",18,-0.00014507140811331,-0.000106633266055345,-0.0341699878970036,-0.0179789956308495,0.0175629103214025,0.0337613443527674
"consumption_growth","asset_liability_ratio",19,-0.000228209286139083,-0.000246462042851179,-0.0323714515500038,-0.0166723433122869,0.0161327925145879,0.0315167834066508
"consumption_growth","asset_liability_ratio",20,-0.000140180023729844,-6.08965031570615e-06,-0.0318535252541603,-0.0162891204477751,0.0158895291063563,0.0310986939941223
"consumption_growth","asset_liability_ratio",21,-0.000208097373076279,-9.77128707512383e-05,-0.0303270210683564,-0.0154389343844093,0.0149095061424486,0.029408578462248
"cpi_growth","gdp_growth",1,0.00157218910746178,0.000783799681516515,-0.268904185969426,-0.170520973630174,0.174601948417618,0.271209034607812
"cpi_growth","gdp_growth",2,5.52223080823696e-05,0.000171693165541643,-0.144207366169136,-0.0898855301993263,0.0901182733369827,0.143239558584462
"cpi_growth","gdp_growth",3,0.000610851696010872,0.000673471890109334,-0.137528807700084,-0.0856070604467179,0.0865924470089481,0.138486768416328
"cpi_growth","gdp_growth",4,-0.000486331901841801,-0.000929016745978369,-0.0919875118501273,-0.0564403257335899,0.0558170729649466,0.0919396202260882
"cpi_growth","gdp_growth",5,0.000402016209943073,0.000329630834222477,-0.102333915300578,-0.0617823923414807,0.0632452199010705,0.103753431443987
"cpi_growth","gdp_growth",6,-0.000268376514883029,-0.000432946833247506,-0.0760525195300605,-0.0454683657559966,0.0450671417476222,0.0760786569139736
"cpi_growth","gdp_growth",7,0.000121580892354875,-0.00024757541288834,-0.0669296919719637,-0.0397854076010998,0.0400909586240054,0.0679360133066111
"cpi_growth","gdp_growth",8,-0.000477707802489848,-0.000617922304686272,-0.0670022817037693,-0.0395769944746275,0.0388756252684394,0.0655670504950748
"cpi_growth","gdp_growth",9,4.19844401085034e-05,-0.000114655838386532,-0.0570423863791173,-0.0333253344570621,0.0336377329077586,0.0579520075919976
"cpi_growth","gdp_growth",10,-0.000299110417074771,-0.000219883073270082,-0.0631032484847246,-0.0364726279445458,0.0362766348172877,0.0622427014337604
"cpi_growth","gdp_growth",11,2.90712596927009e-05,9.52526431164433e-05,-0.053280639025589,-0.0298178521595306,0.0302194631418983,0.0535045059635532
"cpi_growth","gdp_growth",12,-0.00028350627943537,-0.000110690018698065,-0.0583021545952966,-0.0332317759911211,0.0326900000095973,0.0574097646860628
"cpi_growth","gdp_growth",13,6.1988091376594e-05,6.01596330424109e-05,-0.0470214964380514,-0.0259316688581202,0.0261990692470027,0.0474742777057336
"cpi_growth","gdp_growth",14,-0.000117137447445667,0.000102948330808522,-0.049167727861557,-0.0269861823511545,0.0271324013966982,0.0492329564621388
"cpi_growth","gdp_growth",15,0.000123600331278894,4.97376237610523e-05,-0.0406468620729504,-0.0218514653369933,0.022389025119488,0.0412922378985088
"cpi_growth","gdp_growth",16,-4.69153763430078e-05,5.33818275673261e-05,-0.0415428706302694,-0.0223959522031901,0.0224983982322165,0.0417769842518967
"cpi_growth","gdp_growth",17,0.000169563479692817,5.36793745976093e-05,-0.0345450469795829,-0.0181694342224022,0.0187592868748265,0.0354388266134267
"cpi_growth","gdp_growth",18,6.59099544649963e-05,-4.06929183352862e-05,-0.0345997709425623,-0.0181222812216352,0.0186055885422656,0.0353904243366249
"cpi_growth","gdp_growth",19,0.000221003513944752,0.000138236591200463,-0.0303516848740057,-0.0159613655788758,0.0164149001960174,0.0314517284203109
"cpi_growth","gdp_growth",20,0.000111387142976786,-2.04983589278576e-05,-0.0304136973021618,-0.015754503046112,0.016299614348431,0.0310832388647279
"cpi_growth","gdp_growth",21,0.000230511009952931,6.70231077218183e-05,-0.0275558593290626,-0.014339666986223,0.0146786624412121,0.0285746794457139
"cpi_growth","consumption_growth",1,-0.00104582345953762,-0.00111683964310912,-0.270043738042865,-0.173007370327368,0.169730898206699,0.271059331570374
"cpi_growth","consumption_growth",2,-0.000584470767029701,-0.000379736365983192,-0.14478135796683,-0.0915733772572409,0.0903330419454274,0.142138792344461
"cpi_growth","consumption_growth",3,-0.000624941739727887,-0.000601115264904276,-0.139168078551445,-0.0861871766998258,0.0848708213231356,0.139641765204393
"cpi_growth","consumption_growth",4,-0.000192853653908457,-0.000218909578684367,-0.0913438275735905,-0.0553665015689669,0.0553112778834969,0.090736546384272
"cpi_growth","consumption_growth",5,-0.000115780957917352,1.69403200345579e-05,-0.102985017442335,-0.0625249323475337,0.0623240090327729,0.103083988897089
"cpi_growth","consumption_growth",6,1.21359463424431e-05,-0.000194559966259338,-0.0760607017632695,-0.0451089837840861,0.0456011377244857,0.0758989026947585
"cpi_growth","consumption_growth",7,4.26237136080484e-05,7.70258453751784e-06,-0.0675364213988041,-0.0396962226723169,0.0402919582403877,0.0679012102356382
"cpi_growth","consumption_growth",8,0.000284753606212769,0.000312172428719139,-0.0662410883183925,-0.0386871099395693,0.0397093712569952,0.0666318750674416
"cpi_growth","consumption_growth",9,0.000313044831478526,0.000136887809524396,-0.0571477554786202,-0.0331745368966441,0.0339871041041839,0.0577470550331408
"cpi_growth","consumption_growth",10,0.00037207891164485,0.000150987655186382,-0.0625571711756568,-0.0359723271145417,0.036711183917144,0.0627029399308612
"cpi_growth","consumption_growth",11,0.000310538795553669,0.000428508128039929,-0.0528305246644542,-0.0297880717505933,0.030826975196508,0.0535041070576596
"cpi_growth","consumption_growth",12,0.000387702137836963,0.000270581935943482,-0.0580718418977512,-0.0324644473680459,0.0334488458837805,0.0585202818442079
"cpi_growth","consumption_growth",13,0.000323694919723996,0.000410399883050229,-0.0472786687910494,-0.0258022622930322,0.026554028983332,0.0477985031394518
"cpi_growth","consumption_growth",14,0.00034109040975846,0.00022785790498436,-0.0492560466458691,-0.0271650361513732,0.0278747509416314,0.0498287914969755
"cpi_growth","consumption_growth",15,0.000240436448243499,0.000204146325008543,-0.0414957726652818,-0.0220473858443596,0.0225423802821286,0.0415701529205304
"cpi_growth","consumption_growth",16,0.000271410606036357,0.000150940511837517,-0.0419913289107533,-0.0225740310636814,0.0231833478966172,0.0428259271883214
"cpi_growth","consumption_growth",17,0.000183433638062769,0.000163868393923791,-0.0352961049993044,-0.0186234179480359,0.0190179966366151,0.0360448739822207
"cpi_growth","consumption_growth",18,0.000202073570953764,4.47004147224642e-05,-0.0350794882763837,-0.0184549446176831,0.0188988512000164,0.0361067413322337
"cpi_growth","consumption_growth",19,0.000107940598525007,1.31231655715283e-05,-0.0311743281454963,-0.0163185990366401,0.0166457373089872,0.0315690077037262
"cpi_growth","consumption_growth",20,0.000135862045809878,-7.75522312762161e-06,-0.0308224018993122,-0.0160773783491725,0.016415347385401,0.0316106317970119
"cpi_growth","consumption_growth",21,5.94165291905054e-05,4.76087726573047e-05,-0.0282277824875511,-0.0146344562427363,0.0146569402746409,0.0284115003622512
"cpi_growth","cpi_growth",1,0.000272363330603163,-0.000349419316997096,-0.265826450031981,-0.170047957204504,0.17010001746913,0.27035733984948
"cpi_growth","cpi_growth",2,0.000274604025741698,0.000150143118618047,-0.142245401134842,-0.088613051320548,0.0897128525783619,0.142806892553961
"cpi_growth","cpi_growth",3,0.000529267227481691,-0.000423806916633889,-0.136863986006421,-0.0843076360122974,0.0860805462965249,0.140424035462589
"cpi_growth","cpi_growth",4,0.000276781832307913,0.000524260025302322,-0.0933418201470817,-0.055019709701718,0.0559573604331439,0.0927397869466297
"cpi_growth","cpi_growth",5,0.000412050373005872,0.000333259825632335,-0.102569096008026,-0.0615752806250567,0.0620451746237079,0.10347252635415
"cpi_growth","cpi_growth",6,0.000297937238733257,0.000137028187039582,-0.0759564912860394,-0.0454131819243677,0.0457291814026336,0.0769472354493289
"cpi_growth","cpi_growth",7,0.000408221283541044,0.000333690005516694,-0.0669599978938761,-0.0400148259431007,0.040710045016543,0.0681529115356947
"cpi_growth","cpi_growth",8,0.000222077529489206,0.000102516314838847,-0.0658853027337826,-0.0392181994731345,0.0393599465244222,0.0663241417996439
"cpi_growth","cpi_growth",9,0.000279170811698452,0.000261118284416237,-0.057234726337242,-0.0334381771433791,0.0338645403531234,0.0580247920164396
"cpi_growth","cpi_growth",10,0.000144074118510239,0.000140379238404943,-0.0618986490519442,-0.0359087267125916,0.0363274748658833,0.0626456446802574
"cpi_growth","cpi_growth",11,0.000175894919006775,-7.93307618097546e-05,-0.0529065988437218,-0.0299351805760632,0.0303851319366471,0.0532310776448272
"cpi_growth","cpi_growth",12,4.46707001908077e-05,0.000172183418027931,-0.0573893814783799,-0.0327645859426681,0.0330852707442197,0.0576331721897607
"cpi_growth","cpi_growth",13,6.45447610836196e-05,-3.81397790288912e-06,-0.047182349542543,-0.0261186290264385,0.0262508359172688,0.047821651333888
"cpi_growth","cpi_growth",14,2.19077138527475e-06,-2.61168411931152e-05,-0.0490774150404905,-0.0271862986013905,0.0270525793787806,0.0496094252207029
"cpi_growth","cpi_growth",15,2.58113392452556e-05,-2.77308484722145e-06,-0.0412241197073817,-0.0221509275818233,0.022215765389725,0.041311684626491
"cpi_growth","cpi_growth",16,-2.65405487939629e-05,1.38983941177146e-05,-0.0421386956749697,-0.0226873991553595,0.0225286599618146,0.042331176218768
"cpi_growth","cpi_growth",17,-2.30690632599886e-06,-3.21188520082559e-05,-0.035099953667213,-0.0186614314792238,0.01870342739198,0.0359737948987391
"cpi_growth","cpi_growth",18,-1.86291679103945e-05,-0.000167116124509317,-0.0351960209100665,-0.0186099973385354,0.0186379780451125,0.0357121155686725
"cpi_growth","cpi_growth",19,5.73050419500468e-06,-2.02787880883818e-05,-0.0314142482000732,-0.0165358699735538,0.0163869899138076,0.031883952498528
"cpi_growth","cpi_growth",20,-1.20398380768768e-05,-0.000140158397090767,-0.030722964528442,-0.0161819667765933,0.0161336222980907,0.0310121601401752
"cpi_growth","cpi_growth",21,3.33996930280895e-06,-1.15898077108783e-05,-0.0284296120321535,-0.0146441796669818,0.0147359323978712,0.0285074672193648
"cpi_growth","saving_rate",1,-0.00207987904437361,-0.00196626689669567,-0.272439907760182,-0.173634928771001,0.168779297484281,0.268813043379494
"cpi_growth","saving_rate",2,-0.000891615509799923,-0.00117067226924076,-0.144746433237927,-0.0913062691210473,0.0897306118032547,0.143573663582568
"cpi_growth","saving_rate",3,-0.000831118490231516,-0.000958778771321649,-0.138514287353528,-0.0864040694452897,0.085208696827774,0.136551696876452
"cpi_growth","saving_rate",4,-0.000116372648244034,-0.000423178815065105,-0.0915864685773488,-0.05498397415988,0.0551341881233566,0.0920781830898639
"cpi_growth","saving_rate",5,-0.000126804347641252,-0.000143579809980947,-0.103144594539106,-0.0629143068843716,0.0630611126614737,0.103203588596109
"cpi_growth","saving_rate",6,9.64827467944538e-05,0.000257500843141121,-0.0762001043574194,-0.0452842235238956,0.0456822865911828,0.0758483246071085
"cpi_growth","saving_rate",7,0.000160013374556595,0.000151519278189569,-0.0675464759356632,-0.0397667635814213,0.0400118139294632,0.0680768417509596
"cpi_growth","saving_rate",8,0.000366654111554716,0.000669197057586559,-0.0655114397720689,-0.0387331112547348,0.0388266466998562,0.0661588295374322
"cpi_growth","saving_rate",9,0.000329044703838548,0.000437912713812007,-0.0568263966665913,-0.0332605407587594,0.0340219106444343,0.057871486895739
"cpi_growth","saving_rate",10,0.000357232686903454,0.000584854738622898,-0.0619655305625719,-0.0358500197703025,0.0364418729140388,0.0623465083989237
"cpi_growth","saving_rate",11,0.000288071530803245,0.000188472957776671,-0.0533705410048934,-0.0296883228261914,0.0305606176165016,0.0535013458860813
"cpi_growth","saving_rate",12,0.000279110314346882,0.000441328043887346,-0.0577353792734392,-0.032570375200609,0.033048823824725,0.0581092823408911
"cpi_growth","saving_rate",13,0.000204341663479658,0.000228173068143559,-0.0475526707716254,-0.0257670609209406,0.0263318509720525,0.0474754806708001
"cpi_growth","saving_rate",14,0.000150620392403223,0.000184393258135177,-0.0491247107952953,-0.0269003262313399,0.0274341322547857,0.0492248977923134
"cpi_growth","saving_rate",15,8.11585646499027e-05,0.000132957017997397,-0.0413161549867204,-0.0222480979428375,0.0224266269948682,0.0416479371964693
"cpi_growth","saving_rate",16,3.49520538095835e-05,0.000157260969379031,-0.0420828107017568,-0.0226565401075772,0.0227496754806734,0.0421893545378059
"cpi_growth","saving_rate",17,-2.81153862919621e-06,0.000145407640165328,-0.0357565363347032,-0.0187526200288808,0.018796056285546,0.0358171822372804
"cpi_growth","saving_rate",18,-3.80059634144309e-05,5.45871903272428e-05,-0.035529448564763,-0.0186410493415479,0.0186433021271825,0.035317092717332
"cpi_growth","saving_rate",19,-5.88403240163628e-05,-3.16823337381653e-05,-0.0311399795115647,-0.0164149068738713,0.0162304933280937,0.031529872383599
"cpi_growth","saving_rate",20,-7.69037212775518e-05,2.43715285455216e-05,-0.030974483363636,-0.0162864639276033,0.0160393032086351,0.0310308249565695
"cpi_growth","saving_rate",21,-7.41663788389862e-05,-6.99116990488777e-05,-0.0282224115941204,-0.0147093079322876,0.0145196182993989,0.0286118348149851
"cpi_growth","policy_rate",1,-0.13577220033498,-0.12205971964942,-0.308958320032197,-0.237342930405602,-0.0374228211040346,-0.0114459348156539
"cpi_growth","policy_rate",2,-0.032493540895627,-0.0305667825898742,-0.143779210402904,-0.0986770971057005,0.0335383674635715,0.072245856470305
"cpi_growth","policy_rate",3,-0.0750188288084186,-0.0728359244042206,-0.177631773607176,-0.134781597365882,-0.015491625323156,0.0191899084920609
"cpi_growth","policy_rate",4,-0.00315364124283579,-0.00226835508487724,-0.0871590976524948,-0.0517925405288036,0.0458380638874009,0.0772378678109974
"cpi_growth","policy_rate",5,-0.0595728736443969,-0.0587381854243486,-0.139130046025655,-0.105178264303273,-0.013363867728525,0.0170054683156475
"cpi_growth","policy_rate",6,-0.00949597464358808,-0.00912055063359854,-0.0812743154146998,-0.0516339299091109,0.033403914426678,0.0618042185175936
"cpi_growth","policy_rate",7,-0.0315794105770419,-0.0312002122883518,-0.0924959355957945,-0.0663382783613134,0.00364876021391816,0.028218039414903
"cpi_growth","policy_rate",8,0.0100290842977668,0.0100088463911014,-0.0474340127140105,-0.0232346520250871,0.0438100610340465,0.0677154620389834
"cpi_growth","policy_rate",9,-0.0165501458220148,-0.0165558308416197,-0.0674891692292765,-0.0459129990470612,0.0130099723846699,0.0344385608413589
"cpi_growth","policy_rate",10,0.0107957376899528,0.0101042172588283,-0.0389224230542123,-0.018504665863147,0.0403712485955844,0.0631585229197397
"cpi_growth","policy_rate",11,-0.00516405842606154,-0.00582841388169216,-0.0503371311924027,-0.0314163406249917,0.0209387813539134,0.0420725491141912
"cpi_growth","policy_rate",12,0.016105287803309,0.0146260612924158,-0.0266719292256606,-0.0092693408616965,0.0417367225980896,0.0633408140649069
"cpi_growth","policy_rate",13,-0.000175228587981077,-0.00101086134909678,-0.0396212618289153,-0.0233157999920227,0.0228732536453175,0.0429058450860385
"cpi_growth","policy_rate",14,0.01373419167343,0.0121608836074842,-0.0232342075326725,-0.0082337052124817,0.0358600268765768,0.0559771632509001
"cpi_growth","policy_rate",15,0.00212016007426102,0.00088667491873588,-0.0327798830676731,-0.018351268914954,0.0223812713074557,0.0411755362899363
"cpi_growth","policy_rate",16,0.0129270618444546,0.0113581444815976,-0.0199410947050322,-0.00620902774956627,0.0319908465086463,0.0511967961138785
"cpi_growth","policy_rate",17,0.00247347121951723,0.00126285151891352,-0.028731022495899,-0.0151415150052485,0.0199737695102246,0.0373483286575539
"cpi_growth","policy_rate",18,0.00984315294900883,0.0083298924398162,-0.0188262294054867,-0.00665716529121646,0.0264222679049347,0.043940152930672
"cpi_growth","policy_rate",19,0.00195240421409396,0.000911918447039345,-0.0255665992269563,-0.0135595726162433,0.0172242097172287,0.0329088521006658
"cpi_growth","policy_rate",20,0.00783837341427828,0.00654745237091617,-0.0179141753717477,-0.00670058886039579,0.0223438354995968,0.037815852879259
"cpi_growth","policy_rate",21,0.00124304839182856,0.000576637662394974,-0.0241573766517392,-0.012430752761641,0.0147601235935661,0.028794013871357
"cpi_growth","interest_burden",1,0.000275452208235043,0.00037629714881583,-0.268542988071113,-0.172152674148494,0.172210624227314,0.271919034485885
"cpi_growth","interest_burden",2,0.000555771349978347,0.000847005944150735,-0.142260109778604,-0.0897251245993776,0.0907489017512468,0.142707353433494
"cpi_growth","interest_burden",3,0.000278513828276339,0.000294903472637721,-0.137907400469883,-0.0855488129987143,0.0860657288715431,0.138530935361527
"cpi_growth","interest_burden",4,0.000462398036894979,0.000716973140912303,-0.0912712478432337,-0.0547537381379055,0.0554821964228865,0.0912981865463004
"cpi_growth","interest_burden",5,-0.000207997993444692,-0.000488835496646417,-0.103207698989247,-0.0626374518692297,0.0623527324468086,0.102758266412518
"cpi_growth","interest_burden",6,0.000108976988876166,0.000433989049869206,-0.0765930950478318,-0.0453024494742341,0.0452697205461723,0.0763792080897085
"cpi_growth","interest_burden",7,-0.000177269709214975,-2.70672155787071e-05,-0.068573292497843,-0.0398324274327278,0.0396609776992402,0.0675237191785599
"cpi_growth","interest_burden",8,1.61969397305997e-05,-5.37562792649051e-05,-0.066483564203568,-0.0391226192793067,0.0392862911181075,0.065739770241671
"cpi_growth","interest_burden",9,-0.000421665738982125,-0.000425995228037862,-0.0573473618237113,-0.0336587384443476,0.0331406582978727,0.0562152183658128
"cpi_growth","interest_burden",10,-0.000258096554398416,-2.01621066793999e-06,-0.0631399753614082,-0.0362866640966586,0.035820284470219,0.0617107041978802
"cpi_growth","interest_burden",11,-0.000443861533232858,-0.0001881010945045,-0.0536798239012755,-0.0304645754671974,0.0297910426367005,0.0518280031934366
"cpi_growth","interest_burden",12,-0.000242796416197425,0.000116601168434495,-0.0591435495679793,-0.0329748346319648,0.0324792510082701,0.0573395330357276
"cpi_growth","interest_burden",13,-0.000412789718537701,-0.00021148170240703,-0.048464267166637,-0.0267563040010867,0.0257248320628795,0.0460201973735287
"cpi_growth","interest_burden",14,-0.000247131732440907,-7.69869599014103e-05,-0.0505101361521036,-0.0275476903948565,0.0272848176589255,0.0489007764743562
"cpi_growth","interest_burden",15,-0.000317980823223748,-4.36825014530226e-05,-0.0419696498948553,-0.022790029883383,0.0223015903257806,0.0410460186049877
"cpi_growth","interest_burden",16,-0.000145373813685178,-7.00103970874754e-06,-0.042709957912633,-0.0229121180260966,0.022697890949497,0.041967287652088
"cpi_growth","interest_burden",17,-0.000204096341892933,-0.000194644957709549,-0.0357901053532681,-0.0191467697139671,0.0187144267416238,0.0353535344826824
"cpi_growth","interest_burden",18,-7.49324627297146e-05,-0.000107479688864054,-0.0354867695238903,-0.0188661730805059,0.0187637399026312,0.0354772820779824
"cpi_growth","interest_burden",19,-0.000113804821878205,-6.55568557759837e-05,-0.0314682278436017,-0.0166079955618748,0.0163478561836856,0.0311585431351292
"cpi_growth","interest_burden",20,-5.0887334057571e-06,-5.9320083972222e-06,-0.0310989022502286,-0.0162674911814019,0.0162892714687005,0.0312007967575177
"cpi_growth","interest_burden",21,-4.8043935540679e-05,-4.31743940714614e-05,-0.0288813049275663,-0.0147032650918566,0.0146928738219159,0.028226566339915
"cpi_growth","debt_growth",1,0.000565600015905088,0.000117497412439316,-0.266494210947671,-0.17169158260102,0.172847971201546,0.26980863557275
"cpi_growth","debt_growth",2,0.000655012683453587,0.000693996288033675,-0.142929027230703,-0.0900172554305374,0.0911943727665037,0.143832448534993
"cpi_growth","debt_growth",3,0.000785772287114164,0.000247844249665984,-0.137239876631351,-0.085678102054578,0.0874611011395007,0.139759543186173
"cpi_growth","debt_growth",4,0.000550389966009435,0.00061587984079302,-0.0897562989405833,-0.0542415413694228,0.0555728971518464,0.0922329511103111
"cpi_growth","debt_growth",5,0.000243913476463149,0.00038255818228563,-0.102682852047133,-0.0627005263981265,0.0630630349750358,0.103148956577853
"cpi_growth","debt_growth",6,0.000147343229859536,-0.000125315625351475,-0.0758587768930756,-0.0448460857154228,0.0455030196905001,0.0759139125714983
"cpi_growth","debt_growth",7,4.6956477433123e-05,4.87885437541252e-05,-0.068282306362158,-0.0401490956633695,0.0404985532580846,0.0673520324464349
"cpi_growth","debt_growth",8,-2.64717429385515e-05,0.000130870116250989,-0.065868211325255,-0.0389826572844562,0.0387577404644738,0.0658663815831959
"cpi_growth","debt_growth",9,-0.00014345718061258,-6.55420353269714e-05,-0.0587394185003167,-0.0338945735496032,0.033720932567131,0.057349957020963
"cpi_growth","debt_growth",10,-0.000155832532700095,-5.77892459769728e-05,-0.0632902095223885,-0.0367800562836057,0.0364002103732721,0.0621413341792668
"cpi_growth","debt_growth",11,-0.000160387693133893,0.000280114259170046,-0.0544891407825639,-0.0309553297445098,0.0305017295077084,0.0531896799209124
"cpi_growth","debt_growth",12,-0.000157645438227522,-2.3455389718958e-05,-0.0592115337648631,-0.0333694227373887,0.0330002824749062,0.0579588189562947
"cpi_growth","debt_growth",13,-0.000157015680971066,8.20415853129098e-05,-0.0482277382532621,-0.026651504873479,0.0262179732177239,0.0469994701757214
"cpi_growth","debt_growth",14,-0.000104312668263614,1.19265148996266e-05,-0.0500368193260158,-0.0275630346913413,0.0274459635059291,0.0494003630536252
"cpi_growth","debt_growth",15,-4.5677709537379e-05,-1.64152371096429e-05,-0.0415226340827526,-0.0226448907533356,0.0224994651442048,0.0410469448662162
"cpi_growth","debt_growth",16,1.25757801193556e-05,8.57634664057035e-05,-0.0424770660272312,-0.0226118522664238,0.022949471611456,0.042171348047619
"cpi_growth","debt_growth",17,6.06083454110959e-05,1.672836076572e-06,-0.0353710597574297,-0.0187677905909996,0.0190787061710388,0.035047183629481
"cpi_growth","debt_growth",18,0.00011361673524608,0.000142130008501223,-0.0349832096160545,-0.0186508515016023,0.0188913490430922,0.0354074714524431
"cpi_growth","debt_growth",19,0.000158268879165863,0.000110257334007701,-0.0310820423169614,-0.0162375796801583,0.0167789417751621,0.0312615411071711
"cpi_growth","debt_growth",20,0.000187001916911782,0.000150470201471616,-0.0309395821895038,-0.0160834833986648,0.0163562385248672,0.0312754393965962
"cpi_growth","debt_growth",21,0.000201305534464904,9.5448218389432e-05,-0.0284944376503561,-0.0145397020001409,0.0149274070927973,0.0287664191240599
"cpi_growth","real_house_price_growth",1,-4.17448652469721e-05,0.00107333019349122,-0.267508890670701,-0.170702869619028,0.169792180386792,0.266971525948971
"cpi_growth","real_house_price_growth",2,0.000190849840843152,0.00030134104852085,-0.143326928213151,-0.0908300473110853,0.0908180621381293,0.143991566048456
"cpi_growth","real_house_price_growth",3,0.000310706298828111,-0.000384290670355153,-0.138647275526697,-0.0852329128968597,0.0862195836833781,0.139441746638003
"cpi_growth","real_house_price_growth",4,0.000266000750412308,0.000522426868232458,-0.091716686943063,-0.0561147672482188,0.0564533285340428,0.0923540922387974
"cpi_growth","real_house_price_growth",5,0.000118824571759186,-0.00031608826638587,-0.101740936571219,-0.0629278266826987,0.0631630512571259,0.103576077432051
"cpi_growth","real_house_price_growth",6,5.44063387463884e-05,-0.000317920742201193,-0.0758985231831154,-0.0453646817806529,0.045790349422959,0.0760970105670204
"cpi_growth","real_house_price_growth",7,1.73301612386709e-05,-0.000387773297126686,-0.067339381765693,-0.040323726373226,0.0405167521225916,0.0682566651896694
"cpi_growth","real_house_price_growth",8,-4.49230560567298e-05,-0.000125084049705255,-0.0658300281667257,-0.0387498061348604,0.0386467633414311,0.066084451561994
"cpi_growth","real_house_price_growth",9,-1.40912928170867e-05,-0.000253445708638251,-0.0572596981862976,-0.0334591295215311,0.0338171928868259,0.0578559824056303
"cpi_growth","real_house_price_growth",10,-3.81995310340925e-05,0.000135724211041077,-0.0616084165490265,-0.0361275009688462,0.0362374561116698,0.0621460782011124
"cpi_growth","real_house_price_growth",11,-1.4668751357055e-05,-0.00011945565425052,-0.053332393945965,-0.0305489354995848,0.0304534991155054,0.0535864219021263
"cpi_growth","real_house_price_growth",12,-6.89595825603295e-05,3.73274515939057e-05,-0.0575855559384945,-0.0330168914892289,0.0327549690781797,0.0572432629780728
"cpi_growth","real_house_price_growth",13,-5.65729656418941e-05,-2.28108607896156e-05,-0.0477894479617414,-0.026165121645544,0.0263201839400799,0.0472768510770571
"cpi_growth","real_house_price_growth",14,-8.54709177627298e-05,5.06979031597942e-05,-0.0499814904183613,-0.027249911103532,0.0270270366365341,0.0486377612318655
"cpi_growth","real_house_price_growth",15,-6.64255542530866e-05,0.000125804429012172,-0.0419336553150569,-0.0223464718897483,0.022227029835432,0.0408490589268987
"cpi_growth","real_house_price_growth",16,-9.2593521087363e-05,-1.36186191174071e-05,-0.0422602516493367,-0.0225012618337527,0.0226199316288853,0.0413775372071447
"cpi_growth","real_house_price_growth",17,-7.41987754337e-05,4.69375938793647e-05,-0.0356870350098395,-0.0187693370736594,0.018615016609922,0.0352584298865024
"cpi_growth","real_house_price_growth",18,-7.28311003201407e-05,5.92664515879226e-05,-0.0354022562348049,-0.0185655627821517,0.0185447573016818,0.0348456263984629
"cpi_growth","real_house_price_growth",19,-4.86634696332809e-05,-2.32015476336485e-05,-0.0311270744784727,-0.0165311251005247,0.0163436323590906,0.0310884343687344
"cpi_growth","real_house_price_growth",20,-4.86326222120126e-05,4.26846863832675e-05,-0.0312235814263725,-0.0162786911609996,0.0162026046819405,0.0308825204213434
"cpi_growth","real_house_price_growth",21,-3.2094921352074e-05,2.28252343408772e-05,-0.0286168949303415,-0.0149046126658019,0.0148012642486889,0.0283353512429082
"cpi_growth","asset_liability_ratio",1,0.00132618150531362,0.00200949551071309,-0.268810347659181,-0.169334226460481,0.172746481611945,0.27214375724639
"cpi_growth","asset_liability_ratio",2,0.000475044030326761,0.000578343593948106,-0.144133246654664,-0.0893863835998615,0.0900347753919335,0.144307047960347
"cpi_growth","asset_liability_ratio",3,0.000575477852203579,0.000629884437193564,-0.138379445807546,-0.0847642722100443,0.0860373409193371,0.139274250761424
"cpi_growth","asset_liability_ratio",4,2.54275586436299e-05,0.000134676155038016,-0.092454713725714,-0.0558984143580784,0.056003641426951,0.092808491632267
"cpi_growth","asset_liability_ratio",5,0.000421761287571116,0.000810078015080084,-0.10265796467654,-0.0616816474004943,0.062389869264973,0.102452849231407
"cpi_growth","asset_liability_ratio",6,3.90994673372026e-06,-0.00013028421385968,-0.0759324387692489,-0.0452770030053589,0.0453288479284868,0.0756565538261754
"cpi_growth","asset_liability_ratio",7,0.000245854371233826,0.000277893754780378,-0.0666805362515236,-0.0396732759422201,0.0401301514831444,0.0675084701836828
"cpi_growth","asset_liability_ratio",8,-0.000126037251568419,4.48335601114153e-05,-0.0670585333600875,-0.0393998994740295,0.0389347802284764,0.0667911548815463
"cpi_growth","asset_liability_ratio",9,9.59645245075444e-05,0.000166486351839213,-0.0570461275417315,-0.0333974546061406,0.0336083523573363,0.0569797986824005
"cpi_growth","asset_liability_ratio",10,-9.67091389703532e-05,-0.00016212223984741,-0.0629983291255527,-0.0364852132340456,0.0363688962877738,0.0629772095597284
"cpi_growth","asset_liability_ratio",11,6.01258145082095e-05,6.69350774603339e-05,-0.0528929538943425,-0.0301975706585708,0.0303776905301313,0.0532351073306862
"cpi_growth","asset_liability_ratio",12,-0.000112613846995544,-0.000209387633186173,-0.0580069429810258,-0.0331144203018898,0.0330722539227435,0.0581336925881777
"cpi_growth","asset_liability_ratio",13,1.42936933672164e-06,0.000149001644057389,-0.0478253936993561,-0.0262476291079121,0.026452730321738,0.0476056920359042
"cpi_growth","asset_liability_ratio",14,-8.18374210046893e-05,1.40899756906369e-05,-0.0493534275747563,-0.0272346718539356,0.0273050205963144,0.0495614646238859
"cpi_growth","asset_liability_ratio",15,8.03624485759229e-06,5.95965505979702e-05,-0.0416082710098677,-0.0224499434157022,0.022445275304764,0.0414455021068385
"cpi_growth","asset_liability_ratio",16,-7.4376854158651e-05,2.76450819058776e-05,-0.0415864351042994,-0.0228576728727786,0.0225906676037486,0.041651688152645
"cpi_growth","asset_liability_ratio",17,-1.81942082968632e-05,8.70849802739385e-05,-0.0352959554616716,-0.0190325038155872,0.0189496639597457,0.0353637741869418
"cpi_growth","asset_liability_ratio",18,-6.45376394554838e-05,8.23092640674251e-05,-0.0352535842199287,-0.0186795703203338,0.0185895362342841,0.0352139426025202
"cpi_growth","asset_liability_ratio",19,-1.65605082661019e-05,8.48977854373827e-05,-0.0312672428276432,-0.0165761299760428,0.0164825128547544,0.0312260991826077
"cpi_growth","asset_liability_ratio",20,-5.55101674435172e-05,0.000152920521096961,-0.0308373075141395,-0.0161283664465513,0.0159508322045086,0.0306052617155483
"cpi_growth","asset_liability_ratio",21,-1.84083033877589e-05,6.09840940431598e-05,-0.028509323606528,-0.0147410463403243,0.0147979386631639,0.0281257851874685
"saving_rate","gdp_growth",1,0.000411996515873343,0.00192081886089526,-0.710277344046312,-0.456099196479662,0.454926488453224,0.716330045779033
"saving_rate","gdp_growth",2,0.000536141443030046,0.00150997585926957,-0.452290523350521,-0.284260237091529,0.287896804565164,0.45628664413508
"saving_rate","gdp_growth",3,0.000691347607303286,0.00185790950387958,-0.456832876958563,-0.291719935861003,0.290981713212397,0.46341619827899
"saving_rate","gdp_growth",4,0.000555895090974581,0.00111680906813235,-0.4624989595613,-0.292854943676847,0.291055295287962,0.46723469011025
"saving_rate","gdp_growth",5,0.000312066553362354,0.000656185460844598,-0.426709019519845,-0.268565792187133,0.269876444388047,0.42744933252276
"saving_rate","gdp_growth",6,-1.72867230248052e-05,-0.00134206209086887,-0.415415582824729,-0.259703390943587,0.26021494048816,0.413549905456626
"saving_rate","gdp_growth",7,-0.000366250907620012,-0.00237308130816872,-0.395771228261003,-0.24752328504467,0.246623823682748,0.39614058960432
"saving_rate","gdp_growth",8,-0.00046083453313869,-0.00224496751470367,-0.384392201488187,-0.238826161011942,0.236997181377852,0.384318204178222
"saving_rate","gdp_growth",9,-0.000751082811730361,-0.00255111779345632,-0.371040361487417,-0.229254159352679,0.227121992198405,0.369559956592352
"saving_rate","gdp_growth",10,-0.000928851446591864,-0.00142316832784669,-0.363439929835559,-0.224192472394762,0.221749225409518,0.363416658267575
"saving_rate","gdp_growth",11,-0.0011081863755056,-0.000467221339089436,-0.361848867648418,-0.222033822051634,0.218335124018116,0.360079506929232
"saving_rate","gdp_growth",12,-0.00110663025967515,-0.00101499632086971,-0.36216167423004,-0.22113130626186,0.217300932585104,0.361791515436606
"saving_rate","gdp_growth",13,-0.00113849104231402,-0.000955243930461734,-0.367737599513186,-0.221983276600077,0.217699529986436,0.362955169263254
"saving_rate","gdp_growth",14,-0.00112345423197269,-0.000458229236788786,-0.369482415813944,-0.223430718059638,0.218442262566081,0.367093409342126
"saving_rate","gdp_growth",15,-0.00107479819623749,-0.0008427961671115,-0.372427233121919,-0.224098501455405,0.221146232710532,0.369989368751204
"saving_rate","gdp_growth",16,-0.000946792114642516,-0.000528945816978136,-0.374676595075395,-0.225009354819676,0.222776039812152,0.373214671283359
"saving_rate","gdp_growth",17,-0.000827845854989874,-0.000391517252584417,-0.376633385954014,-0.224858985206851,0.223538436307691,0.379016024010495
"saving_rate","gdp_growth",18,-0.000687778869686095,-0.000848571501681597,-0.378230279275194,-0.22453508071492,0.224098355299015,0.381162731704682
"saving_rate","gdp_growth",19,-0.000551396728387125,-0.000992581937565264,-0.378096677787119,-0.223920850147144,0.224434722639613,0.381442030953328
"saving_rate","gdp_growth",20,-0.00038408058176187,-0.00081249280063331,-0.378482912268613,-0.222879133274916,0.223550766396859,0.380777100442314
"saving_rate","gdp_growth",21,-0.000236327696972538,-0.00132699742586064,-0.378869915520404,-0.221639025459844,0.222084203397483,0.382390131709727
"saving_rate","consumption_growth",1,0.00067391578233812,0.00296699247445616,-0.722781132916074,-0.461019755386513,0.461372255831932,0.71669757643248
"saving_rate","consumption_growth",2,0.00210197439099936,0.00332354665212534,-0.457608540538977,-0.285151901939809,0.289557141145417,0.456549981759968
"saving_rate","consumption_growth",3,0.00115890172660591,0.00245384197782995,-0.467028769205241,-0.290272192477101,0.292175135654754,0.465565903409035
"saving_rate","consumption_growth",4,0.00143441425312214,0.00141844395371876,-0.473961759831501,-0.292706837516733,0.296823009035702,0.471528338833185
"saving_rate","consumption_growth",5,0.00104050796591491,0.000404635833558574,-0.43326825253201,-0.267492394220626,0.27152221740674,0.433070727535081
"saving_rate","consumption_growth",6,0.00116665540937821,0.00135651237153507,-0.421142668928916,-0.259150961092283,0.263300800053043,0.418638298419947
"saving_rate","consumption_growth",7,0.00125957351661813,0.000676510401079425,-0.400093637502319,-0.245163442815196,0.249280997960967,0.39739377992821
"saving_rate","consumption_growth",8,0.0010703165728192,0.0012638376012826,-0.384608058885961,-0.238457103057111,0.240856138922108,0.388675323821064
"saving_rate","consumption_growth",9,0.00117443514346023,0.000794225988842927,-0.373115305809052,-0.227971648963886,0.231413383676797,0.377436575663864
"saving_rate","consumption_growth",10,0.00127662406789388,0.00252024431062325,-0.36711325632778,-0.223260720943284,0.225609498409386,0.369692645808015
"saving_rate","consumption_growth",11,0.0014830586161061,0.0024677400535459,-0.365093411428823,-0.220240416355591,0.223656788652555,0.367243172646483
"saving_rate","consumption_growth",12,0.00147531591331549,0.00244659857859431,-0.366518163257316,-0.220357100957494,0.22220992579779,0.365452647513349
"saving_rate","consumption_growth",13,0.00159620162728731,0.00198896004965877,-0.36781428903565,-0.22095966200164,0.223565636979353,0.370914725059286
"saving_rate","consumption_growth",14,0.00162918620420421,0.00147387001542926,-0.372167313562125,-0.22309156857591,0.225423523267312,0.373958857250503
"saving_rate","consumption_growth",15,0.00172708867892018,0.00132126359721015,-0.376390968158031,-0.224576653205374,0.227933936719434,0.377472944603219
"saving_rate","consumption_growth",16,0.00168934280661399,0.000473612464337875,-0.379487643944733,-0.226951442329546,0.229347214669556,0.382312064893094
"saving_rate","consumption_growth",17,0.00171346027551482,0.000384180805724199,-0.381022605633462,-0.227626430534053,0.229974509854733,0.385597358441527
"saving_rate","consumption_growth",18,0.0016625422427445,0.000215812395033604,-0.384047877052347,-0.227685126052656,0.230313717965596,0.388264068205845
"saving_rate","consumption_growth",19,0.00165019010009169,0.000580847540843432,-0.384932486130559,-0.226118082716581,0.228621232978094,0.390274820901964
"saving_rate","consumption_growth",20,0.00154985477993661,0.000629106543003287,-0.385773608961228,-0.224340029911044,0.226808651126919,0.389702727406328
"saving_rate","consumption_growth",21,0.00148776941208459,0.00146347873539078,-0.386702231700361,-0.22200885897109,0.225052976941419,0.390325417023373
"saving_rate","cpi_growth",1,0.000477964745976894,-4.10762898821054e-05,-0.722941831711859,-0.461527899668803,0.462538645179799,0.724236014530184
"saving_rate","cpi_growth",2,-0.000149751423800395,-0.00023947787685992,-0.452255818859692,-0.288528857381973,0.288501186688906,0.45815041761349
"saving_rate","cpi_growth",3,0.000565400993950188,-0.000838917660885878,-0.462980708890751,-0.294227847147188,0.294568418588233,0.464963238017366
"saving_rate","cpi_growth",4,0.000496786997879414,-0.000725733525443698,-0.469354753839112,-0.294450807309871,0.296737379476475,0.472172544312784
"saving_rate","cpi_growth",5,0.000651998304574267,0.000379803558143283,-0.432158946055368,-0.27341014634031,0.274340619469602,0.435372931689142
"saving_rate","cpi_growth",6,0.000440120680840152,0.000539133513942709,-0.420718912789373,-0.263450581412964,0.263570782714336,0.420612523054851
"saving_rate","cpi_growth",7,0.000548301207472884,-0.000203641694229258,-0.401269014740135,-0.250321123940066,0.250049010856176,0.400013868579936
"saving_rate","cpi_growth",8,0.000544599513040891,0.000321828092487378,-0.3879854424983,-0.240756995311612,0.241554773617572,0.388291403655762
"saving_rate","cpi_growth",9,0.000813002431627118,-1.23062296714406e-05,-0.375592593283089,-0.230597745007868,0.233662436908278,0.374466658918877
"saving_rate","cpi_growth",10,0.000861017192640112,-0.000302921753162925,-0.369656974354927,-0.225024332005911,0.228623732614875,0.366906140870995
"saving_rate","cpi_growth",11,0.0009741374725176,-5.04267865149454e-05,-0.366616480409072,-0.222682830227579,0.225605914804673,0.366814789305944
"saving_rate","cpi_growth",12,0.000906130048580213,-9.6598855125523e-05,-0.366258597028405,-0.222400491250044,0.224386652161403,0.367685606615478
"saving_rate","cpi_growth",13,0.000965808545968121,0.000343135556202937,-0.369029557148738,-0.221958996946971,0.225585195593787,0.373173806382425
"saving_rate","cpi_growth",14,0.000874125691518267,0.000851414466200737,-0.375530332721747,-0.224475261916155,0.22771886999899,0.37707450042811
"saving_rate","cpi_growth",15,0.000796384703647201,0.00141382576826095,-0.379611890636982,-0.227049485724443,0.22913231503795,0.382754749271974
"saving_rate","cpi_growth",16,0.000614259913883446,0.00153563460738298,-0.384808522772599,-0.228356930571832,0.231061710338905,0.387066730062947
"saving_rate","cpi_growth",17,0.000489665944861334,0.00187641246970341,-0.38919003311303,-0.229275081865846,0.231309898578909,0.391415507365572
"saving_rate","cpi_growth",18,0.000309337316988363,0.000483977006010344,-0.39084834842849,-0.228839818078786,0.229789757172266,0.393345497484483
"saving_rate","cpi_growth",19,0.000151864406798813,0.000142899813694768,-0.393694091644788,-0.228100706578717,0.229218777248177,0.392825139642581
"saving_rate","cpi_growth",20,-4.30659198748601e-05,-0.000340462835821231,-0.393917427807968,-0.227277125651847,0.227518657500058,0.391907756028223
"saving_rate","cpi_growth",21,-0.000187608092071439,-0.00069027981422722,-0.393990513942379,-0.225449761787337,0.22544348793909,0.390848013092259
"saving_rate","saving_rate",1,0.00257910879513644,0.00223501987177411,-0.714654638639624,-0.454967845894624,0.458596800791161,0.719066369659102
"saving_rate","saving_rate",2,0.000953309594347296,-0.000177975240330789,-0.452135839891738,-0.283978086355744,0.28686524114522,0.456500748788445
"saving_rate","saving_rate",3,0.000165859266163139,8.1728369163263e-05,-0.46288904612274,-0.292182980195287,0.292611577317748,0.464844542241793
"saving_rate","saving_rate",4,0.000677871743102895,0.00154800068521611,-0.468764217632867,-0.292583818245588,0.293052579907136,0.467739682955115
"saving_rate","saving_rate",5,-0.000119196149177819,8.30339926402631e-05,-0.432161154038348,-0.27095022266282,0.270749984855693,0.430369058112007
"saving_rate","saving_rate",6,-8.35228554248593e-05,0.000236005938806332,-0.419333560544921,-0.262583738643653,0.261510518734711,0.417362579026629
"saving_rate","saving_rate",7,-0.000255716995354782,-0.000150509458218884,-0.398130661690122,-0.247419001853294,0.246506772303883,0.400152511553986
"saving_rate","saving_rate",8,-6.56190849720462e-05,-0.000414498799714028,-0.38549954434754,-0.23804007670557,0.238281664357865,0.384945467564823
"saving_rate","saving_rate",9,-6.67976913826732e-05,-0.000297413787500473,-0.372387685516792,-0.229629265116258,0.228940525623125,0.372475857493888
"saving_rate","saving_rate",10,0.000154930274038304,-0.000380519134213842,-0.366699179253025,-0.223559281767749,0.225209284602484,0.365732222640733
"saving_rate","saving_rate",11,0.000152807139224283,0.000487662233465968,-0.363145382513479,-0.221702506938556,0.221549153111986,0.361367538330732
"saving_rate","saving_rate",12,0.000347373641586472,-0.000557021228309192,-0.362967232174515,-0.220291057429292,0.222193608804026,0.36122675661072
"saving_rate","saving_rate",13,0.000364376378690233,-0.000293789429599753,-0.365059223308631,-0.221232709838824,0.222925035769442,0.363680957957596
"saving_rate","saving_rate",14,0.000473378128727579,0.000224887275429465,-0.370314650436801,-0.222230544004868,0.223042767477807,0.369073779993133
"saving_rate","saving_rate",15,0.000430700857896882,-0.000580289933644835,-0.373588400515266,-0.223782956388764,0.224998031375827,0.375073045038837
"saving_rate","saving_rate",16,0.000454757923309945,-6.41259052819678e-06,-0.377452836476001,-0.224921793728613,0.226012863851115,0.378138371423535
"saving_rate","saving_rate",17,0.000394866777392488,-0.000391511311354701,-0.379969116474808,-0.225659167068091,0.226625336437474,0.380152378486388
"saving_rate","saving_rate",18,0.000371186020623268,-8.22256171451137e-05,-0.383367561095582,-0.225595477982949,0.226535651517796,0.383158780178495
"saving_rate","saving_rate",19,0.000273840470966672,0.000152519841975363,-0.385387663997672,-0.225922143111984,0.225594247345443,0.385694515561953
"saving_rate","saving_rate",20,0.000203544101875451,0.000206245294701839,-0.386098559157807,-0.224452712902516,0.224711785690904,0.385222726699939
"saving_rate","saving_rate",21,9.3353466318458e-05,-0.000479280410508469,-0.38566578957352,-0.223122975608431,0.223272692196935,0.385929458525705
"saving_rate","policy_rate",1,0.0172251492099489,0.0208629966230114,-0.696994963320615,-0.433256448332421,0.46558173917824,0.723939440808085
"saving_rate","policy_rate",2,0.0346002295688936,0.0375743469331999,-0.419468086395925,-0.24744472524551,0.314131727080665,0.479809594580887
"saving_rate","policy_rate",3,0.0426375436172189,0.0461388347924958,-0.417974812802911,-0.245488391857278,0.327688944007449,0.496678442129963
"saving_rate","policy_rate",4,0.0285564587306308,0.0301775257711531,-0.436598848236605,-0.258481052338066,0.314714537477129,0.48776634610235
"saving_rate","policy_rate",5,-0.00152002698683258,-0.00237272213771726,-0.423454189783223,-0.263530736349465,0.260959430022314,0.424711163396989
"saving_rate","policy_rate",6,-0.0198801347866056,-0.019643921949364,-0.428273867370398,-0.27364577785087,0.233991016634337,0.393872196139445
"saving_rate","policy_rate",7,-0.0358622520090193,-0.0376163058203615,-0.422208507583241,-0.276154428103543,0.204031911348231,0.357721005788836
"saving_rate","policy_rate",8,-0.0513894351252506,-0.0533057581938601,-0.423590907356372,-0.282968299577889,0.180318660141128,0.328395215431676
"saving_rate","policy_rate",9,-0.0537207283737306,-0.055037905140965,-0.413885861805618,-0.276146635790368,0.169620306833128,0.313446512338093
"saving_rate","policy_rate",10,-0.0540511388458642,-0.0544754125059319,-0.4069667179144,-0.270918133932886,0.163676840687405,0.303889533288617
"saving_rate","policy_rate",11,-0.049170987317694,-0.0496799588159656,-0.398127125037334,-0.262074707339249,0.165860876771358,0.301112868215571
"saving_rate","policy_rate",12,-0.04582528414113,-0.0456222923716994,-0.39358121877285,-0.257446736931986,0.167132157918632,0.303488631368228
"saving_rate","policy_rate",13,-0.0380603356317369,-0.0376080338860207,-0.387674971329569,-0.24757114976449,0.173296091287167,0.309443656459395
"saving_rate","policy_rate",14,-0.0316553476525412,-0.0305616782603757,-0.384769251875761,-0.241673379799592,0.180422115619638,0.317051953973455
"saving_rate","policy_rate",15,-0.024373957669861,-0.0229456234436831,-0.380347434554796,-0.235446029435092,0.187371912049363,0.326286571848672
"saving_rate","policy_rate",16,-0.0198694461578984,-0.0185808508660217,-0.378299119093455,-0.23090112518037,0.191799801150697,0.332624603470623
"saving_rate","policy_rate",17,-0.0147697790683175,-0.0136508041731073,-0.376031966409792,-0.227131630608527,0.19709934842889,0.338975850308171
"saving_rate","policy_rate",18,-0.0117112675344046,-0.0102011659642688,-0.376114303588044,-0.224046467051996,0.200485049478448,0.343100563967446
"saving_rate","policy_rate",19,-0.00877235941387654,-0.00655458202551861,-0.375141473157695,-0.220343779044418,0.202907556263723,0.347247011019779
"saving_rate","policy_rate",20,-0.00778488278019719,-0.00547043374311067,-0.376239391219532,-0.217382053239129,0.203595135503985,0.348445490452018
"saving_rate","policy_rate",21,-0.00669343380939975,-0.00414215475656821,-0.376118329377577,-0.214848689655371,0.202728363420905,0.349880134622863
"saving_rate","interest_burden",1,-0.00310311775654018,-0.000272790493432401,-0.72098604635849,-0.460834376099833,0.457548536052129,0.713572557520733
"saving_rate","interest_burden",2,-0.00147971788577937,-0.00152227014585931,-0.453477774128577,-0.28668565996668,0.282231147561735,0.451663502589103
"saving_rate","interest_burden",3,-0.00165654535739502,-0.00436905896096395,-0.461470917386552,-0.290864464431437,0.288192491558217,0.459549065497829
"saving_rate","interest_burden",4,-0.00162345527008897,-0.00371972763068685,-0.465733920893082,-0.293174470791319,0.29030901074083,0.466225432338866
"saving_rate","interest_burden",5,-0.00125276215789031,-0.00125481794785269,-0.43101115384416,-0.268760721805985,0.267653992368688,0.428458493459207
"saving_rate","interest_burden",6,-0.000734013578223888,-0.00141619440309935,-0.416921943613916,-0.259989456379704,0.259377413848709,0.417182675022789
"saving_rate","interest_burden",7,-0.000427459744974691,-0.001625099224435,-0.398972456232891,-0.245681834042122,0.246024467568816,0.398394580714342
"saving_rate","interest_burden",8,-0.00011666387254499,-0.000198638515107347,-0.385473655398306,-0.235536545214069,0.237371490319977,0.386314870341905
"saving_rate","interest_burden",9,-0.00013508878216833,-0.000522959640484678,-0.371855165776223,-0.226305507900899,0.228593182450404,0.375225683402307
"saving_rate","interest_burden",10,8.20914803413318e-06,-0.00107340180843041,-0.36651298174005,-0.222050719085432,0.224634286698474,0.366981584223374
"saving_rate","interest_burden",11,-6.40605473101331e-05,-0.00175538906820061,-0.363691587592302,-0.218930323704765,0.221765555588693,0.363910153863918
"saving_rate","interest_burden",12,-4.08530528155292e-05,-0.00204660352995732,-0.362143748275373,-0.219169072039715,0.222279975997206,0.366832940828371
"saving_rate","interest_burden",13,-0.000157398573012449,-0.00169574173116561,-0.36568730013089,-0.220885135286932,0.222849585295465,0.368053334764364
"saving_rate","interest_burden",14,-0.000176024935814168,-0.00219903573992089,-0.368203163327468,-0.222558096650061,0.224644134626835,0.373056690850138
"saving_rate","interest_burden",15,-0.000245340966934206,-0.00240469300325732,-0.373016699407646,-0.224095355716226,0.226369766284563,0.378080869412745
"saving_rate","interest_burden",16,-0.000242900300730658,-0.00301196480838423,-0.37713786658813,-0.226081491265212,0.226735898039751,0.382808860954561
"saving_rate","interest_burden",17,-0.000280386738447032,-0.00267194472592628,-0.380475735388807,-0.226901374088105,0.226706047085645,0.387074083614526
"saving_rate","interest_burden",18,-0.000247023056123163,-0.00265567789000239,-0.382960200454005,-0.226556197427248,0.226971803319984,0.390396710831461
"saving_rate","interest_burden",19,-0.000229334932259379,-0.00334671676404665,-0.384193009657876,-0.22651352510665,0.225706364823937,0.391373167174159
"saving_rate","interest_burden",20,-0.000163724989563707,-0.00352046377951662,-0.384705163073358,-0.225466861349641,0.224079025583593,0.391002380837766
"saving_rate","interest_burden",21,-0.000129597237603702,-0.00363120295495479,-0.383604864376721,-0.224271932823809,0.222736672823542,0.391950522294102
"saving_rate","debt_growth",1,-0.00217825844119807,-0.00370905609145378,-0.72183261467303,-0.459052290091992,0.455543113227838,0.716867369931913
"saving_rate","debt_growth",2,-0.00158493254346946,-0.00194728247618724,-0.455790750902993,-0.287620288020245,0.284978243948488,0.453426885499466
"saving_rate","debt_growth",3,-0.000912183609072122,-0.000472357604326657,-0.463949013661642,-0.292296769411763,0.288252148150805,0.461730904618872
"saving_rate","debt_growth",4,-0.000863228576354318,-0.00143237645819963,-0.468239049057762,-0.292805576464754,0.292838522846489,0.465838863092799
"saving_rate","debt_growth",5,-0.000239250698535502,-0.000158868154802184,-0.431782177849718,-0.27059328513833,0.268234065872864,0.431677480824499
"saving_rate","debt_growth",6,-0.000251098771932315,-0.000105497045117699,-0.41841707351392,-0.26062319158718,0.259203761728262,0.42277172897547
"saving_rate","debt_growth",7,0.000294564941635452,-0.000755275579744014,-0.396703036799083,-0.24673735887677,0.245541038826858,0.402344726189257
"saving_rate","debt_growth",8,0.000213833903050992,-0.0010086734013838,-0.386368376109433,-0.238196294863141,0.239374718820232,0.388950320057319
"saving_rate","debt_growth",9,0.000400317489096965,-0.000211525670341914,-0.374171970660068,-0.228924915754237,0.230649674783199,0.374421467410059
"saving_rate","debt_growth",10,0.000373326296679641,-0.000119823868578938,-0.3681962551543,-0.224425448604709,0.225954128544581,0.368980351914591
"saving_rate","debt_growth",11,0.000384061159502263,0.00019209183079944,-0.364769020940676,-0.223364286802273,0.224043797503695,0.36436511155061
"saving_rate","debt_growth",12,0.000214395072338178,0.00097881852452911,-0.363479448297551,-0.223515291834645,0.224333360991776,0.364199122424682
"saving_rate","debt_growth",13,0.000153219974088621,0.000905390580697762,-0.366680614213845,-0.224499506483539,0.224537676367095,0.367870116745444
"saving_rate","debt_growth",14,-3.60138089231286e-05,0.000896795300550523,-0.371957247097945,-0.226492880400874,0.225475738916688,0.372078770959147
"saving_rate","debt_growth",15,-0.000141660618001567,-4.89931147916124e-05,-0.377817248769376,-0.228570928047607,0.226432672337566,0.377498046727359
"saving_rate","debt_growth",16,-0.000278526418183751,-0.000482161467581951,-0.382569441686787,-0.228824154415348,0.227411264315221,0.381368765298921
"saving_rate","debt_growth",17,-0.000305248653144636,-0.00111358868296316,-0.385431513366247,-0.228934254714533,0.229410646222587,0.385883878483897
"saving_rate","debt_growth",18,-0.000349418703213114,-0.000898089232848301,-0.389427616760268,-0.227934990324589,0.228719746515089,0.386910590713165
"saving_rate","debt_growth",19,-0.000316458001873478,-0.0011508178974024,-0.391749304762634,-0.22742238102321,0.228149002912588,0.387512936038433
"saving_rate","debt_growth",20,-0.000283290260997871,-0.00113616293046847,-0.393181672487269,-0.226505216311446,0.226731541909073,0.38761718514408
"saving_rate","debt_growth",21,-0.000177470388002173,-0.000180503059246533,-0.393259377687131,-0.224291850319508,0.224244264555037,0.388940820948885
"saving_rate","real_house_price_growth",1,0.00188294234175699,0.00382920705303324,-0.712199034442324,-0.45569108121414,0.455939422598183,0.721514461166305
"saving_rate","real_house_price_growth",2,0.00139296981997048,0.000449793982208506,-0.450161183420054,-0.283708092494773,0.287093880287729,0.452314464134562
"saving_rate","real_house_price_growth",3,0.00186705515722573,0.00250808949938122,-0.460740186071693,-0.28890955367694,0.293057941989829,0.463630636817194
"saving_rate","real_house_price_growth",4,0.00163815522253279,0.00120311561084163,-0.465697035222982,-0.290463734109683,0.295296769614544,0.472419540574383
"saving_rate","real_house_price_growth",5,0.00128025170525556,0.000293259545647996,-0.431879039114497,-0.268528403598689,0.272045058514056,0.433108144256839
"saving_rate","real_house_price_growth",6,0.00106028369412481,-0.000118666926478425,-0.418413573909741,-0.261706316821713,0.263521263831648,0.421955986235689
"saving_rate","real_house_price_growth",7,0.000859898921170615,0.000156605365148418,-0.397426320600707,-0.247133888297957,0.248937502806649,0.400662287903023
"saving_rate","real_house_price_growth",8,0.000626554821193134,0.000299553713162883,-0.385484413790855,-0.238342396859676,0.241157370786576,0.388749589654957
"saving_rate","real_house_price_growth",9,0.000456131844058092,0.00104689085464028,-0.372723746023678,-0.2283435004436,0.231271640930456,0.374388542566906
"saving_rate","real_house_price_growth",10,0.000226411106849253,0.00132587070259914,-0.3689927908749,-0.225400291140264,0.226213639722515,0.368501920034546
"saving_rate","real_house_price_growth",11,0.000146280444352196,0.00125257707309866,-0.365788667582942,-0.223443097008499,0.222824876948308,0.366417922513161
"saving_rate","real_house_price_growth",12,-3.25521249191309e-05,0.00136171770343101,-0.366599853136893,-0.223407658820859,0.222551848709167,0.367169053970958
"saving_rate","real_house_price_growth",13,-9.00335784269182e-05,0.000383830377395811,-0.369030006961803,-0.224701439346686,0.221872764882527,0.369058346707206
"saving_rate","real_house_price_growth",14,-0.000263791963615468,-0.000269028528043326,-0.372505856547969,-0.226619400772753,0.222509096594902,0.375061341843609
"saving_rate","real_house_price_growth",15,-0.000359879456554669,-0.000999300842567369,-0.37619248486804,-0.228416166370152,0.224753151710814,0.378920342145064
"saving_rate","real_house_price_growth",16,-0.000530398608677343,-0.00157887946858549,-0.380281962741729,-0.230682009847279,0.226787105416143,0.381555399192857
"saving_rate","real_house_price_growth",17,-0.00060795887178596,-0.00208062205262286,-0.383801744630317,-0.231596383731279,0.227041890712455,0.384884664406435
"saving_rate","real_house_price_growth",18,-0.000751148548509768,-0.00164645111759159,-0.385683199501671,-0.232056726001323,0.22816119697731,0.386643762354614
"saving_rate","real_house_price_growth",19,-0.000830514597460765,-0.00167967645574492,-0.387629568785781,-0.231341693627274,0.226860518146555,0.385167497595296
"saving_rate","real_house_price_growth",20,-0.000951025169564986,-0.00106012527871937,-0.389401887455156,-0.229772585753455,0.22465098393932,0.386435775755103
"saving_rate","real_house_price_growth",21,-0.000995748469617543,-0.00100221039700328,-0.390693489493906,-0.227099798997694,0.223302981841941,0.385960548780566
"saving_rate","asset_liability_ratio",1,0.003114786587118,-0.000207076526915012,-0.706907215656895,-0.451325085131007,0.460914988312668,0.721496789540679
"saving_rate","asset_liability_ratio",2,0.00300342677401344,0.00290291030087454,-0.449760261061606,-0.280737649524867,0.286784762129656,0.453371198600781
"saving_rate","asset_liability_ratio",3,0.00312999584513923,0.00325449445881963,-0.461338515086782,-0.288651970055553,0.290741895104693,0.465748378869059
"saving_rate","asset_liability_ratio",4,0.00318682879269197,0.0042812188919682,-0.462549058654146,-0.290794459811424,0.295368991074094,0.470475350892073
"saving_rate","asset_liability_ratio",5,0.00295836085395381,0.00286960081846976,-0.428355679372749,-0.267090270007016,0.269557413513943,0.430439224215445
"saving_rate","asset_liability_ratio",6,0.00326108197035113,0.00439859833937247,-0.414543596430352,-0.257201618372997,0.260901113582237,0.416681810548127
"saving_rate","asset_liability_ratio",7,0.00301643634848597,0.00390455320694496,-0.394207534410831,-0.243572049237963,0.247155669969017,0.397642872710632
"saving_rate","asset_liability_ratio",8,0.00278954710412964,0.0038678077296423,-0.37986282295664,-0.236225274533314,0.238139149885931,0.385637219354517
"saving_rate","asset_liability_ratio",9,0.00243104936635225,0.00280873119715614,-0.366445947088221,-0.226526717526754,0.229031685398474,0.373758613580793
"saving_rate","asset_liability_ratio",10,0.00224961886573828,0.00111526022366252,-0.360325806622645,-0.220220218304236,0.224203196338243,0.368181729795102
"saving_rate","asset_liability_ratio",11,0.001943975178681,-0.000293991316196566,-0.35518303847263,-0.217210618582345,0.222586898028312,0.367243739688642
"saving_rate","asset_liability_ratio",12,0.0017456828716044,-0.000869878893045399,-0.357666258134424,-0.217181739263869,0.222391677629561,0.368846149223231
"saving_rate","asset_liability_ratio",13,0.00154185848589232,-0.000931912291518688,-0.360270213446518,-0.217890252200714,0.224538604951136,0.370537063954351
"saving_rate","asset_liability_ratio",14,0.00146507249633878,-0.000972818181870676,-0.364227540060229,-0.219926460470956,0.226326087203118,0.374413414802829
"saving_rate","asset_liability_ratio",15,0.00135279917565464,-0.000975628430253294,-0.368408601250858,-0.221797015431638,0.227357401242995,0.378926581246546
"saving_rate","asset_liability_ratio",16,0.00132329858800581,-0.00118984991884468,-0.37374547385997,-0.222907234115353,0.228430366538606,0.382652839047561
"saving_rate","asset_liability_ratio",17,0.00129030820304693,-0.000928704129343561,-0.376465838561895,-0.224307332137581,0.229126732399265,0.385972733376258
"saving_rate","asset_liability_ratio",18,0.00131858019773752,-0.000958842965028611,-0.379187210083284,-0.223498253170858,0.228923578928153,0.386101419205068
"saving_rate","asset_liability_ratio",19,0.00130934421245099,-0.000602209053771952,-0.379172339973858,-0.222639166528883,0.229139198609982,0.387563466590344
"saving_rate","asset_liability_ratio",20,0.00132868699710894,-3.67078678650777e-05,-0.380887209536279,-0.221518363916208,0.227652487301278,0.388369382195298
"saving_rate","asset_liability_ratio",21,0.00132896574974073,9.03872924116361e-05,-0.381327627444782,-0.221007316458141,0.226158995085346,0.389100862057896
"policy_rate","gdp_growth",1,0.00125376307506719,0.00104380898953171,-0.148275392093379,-0.094966606882509,0.0973044440382861,0.151943487487379
"policy_rate","gdp_growth",2,0.00173875073737713,0.00222869109095404,-0.191256729373989,-0.121998263469335,0.125301093281967,0.19585495502465
"policy_rate","gdp_growth",3,0.00209590439583374,0.00239289814867345,-0.218709277681399,-0.139195937755193,0.143866977899742,0.22355420840638
"policy_rate","gdp_growth",4,0.00215570386673956,0.00194459945351463,-0.234824245209906,-0.147762778022326,0.1518508148206,0.239422593177401
"policy_rate","gdp_growth",5,0.00188362314001679,0.00103191582616392,-0.241268000164779,-0.151335723138368,0.154983695923613,0.246890642969119
"policy_rate","gdp_growth",6,0.0016476525434689,0.00124418763097624,-0.240847101958531,-0.151422990941206,0.154478297072879,0.245928244471071
"policy_rate","gdp_growth",7,0.00140939519524472,0.00153699161339015,-0.234834466964713,-0.146177907718383,0.148835576964393,0.239199702503429
"policy_rate","gdp_growth",8,0.0011206660391687,0.00110057601861673,-0.225300870888066,-0.138496349702927,0.140678260701388,0.227738437674904
"policy_rate","gdp_growth",9,0.000843032472199387,0.000502822584058279,-0.214162715148696,-0.129907773990769,0.130395978920509,0.214795319137824
"policy_rate","gdp_growth",10,0.000606342138024946,0.000273492223255997,-0.20164047526136,-0.120336904656244,0.121637852975317,0.203167379809449
"policy_rate","gdp_growth",11,0.000408452372081296,0.000414908046627488,-0.190121480686013,-0.112384351970566,0.113559389554305,0.191762205397693
"policy_rate","gdp_growth",12,0.000234370722306117,0.000304239952906211,-0.17932939119686,-0.105377500087574,0.10615237108454,0.179609648832359
"policy_rate","gdp_growth",13,8.45772891032529e-05,0.000191994597511765,-0.171216863219181,-0.0992285692355391,0.0996543290679663,0.171407857281809
"policy_rate","gdp_growth",14,-2.66294702896684e-05,6.53707372703424e-05,-0.164005688201044,-0.0946548757613532,0.0950681777467102,0.163195702238014
"policy_rate","gdp_growth",15,-9.73050988479831e-05,-0.000150200842247058,-0.158183861210059,-0.0908302218759555,0.0910092438844816,0.157196567452255
"policy_rate","gdp_growth",16,-0.000137762704907003,-8.30804118162349e-05,-0.154550616706778,-0.0873876184959247,0.088395465933456,0.152171511406422
"policy_rate","gdp_growth",17,-0.00015793209527755,0.00011422424193237,-0.150857438410004,-0.084305294065486,0.0847038561310371,0.148680698556463
"policy_rate","gdp_growth",18,-0.000155629321153592,0.000223472210005807,-0.147048178275355,-0.0818111955737883,0.081630065923386,0.144940518541552
"policy_rate","gdp_growth",19,-0.000134005448043306,0.00025409681889892,-0.1438133301398,-0.0792351348311689,0.0785894919348192,0.141825761916285
"policy_rate","gdp_growth",20,-9.9926192154216e-05,0.000370547388030612,-0.13997265238872,-0.0764992953761132,0.0762775315784596,0.13857064280264
"policy_rate","gdp_growth",21,-6.35708411265123e-05,0.000465041480892202,-0.136820154475192,-0.074102326833047,0.07418806580356,0.136310552352234
"policy_rate","consumption_growth",1,-0.000272739525720312,-0.00045020381851421,-0.150614109375015,-0.0949053567027307,0.0948203006051419,0.149390580320771
"policy_rate","consumption_growth",2,-0.000748172686262579,-0.00014378788927827,-0.194315647345828,-0.124876360323342,0.121529089610954,0.191515708623388
"policy_rate","consumption_growth",3,-0.00112580687391551,-9.55221798163185e-05,-0.222974883915087,-0.142387894427257,0.139936848903719,0.220068077496097
"policy_rate","consumption_growth",4,-0.00132573337454274,-0.000790413573314022,-0.239822483596476,-0.15144336218872,0.148569722339828,0.23568746028785
"policy_rate","consumption_growth",5,-0.00135965112603023,-0.000426994237553514,-0.246269264709598,-0.155334197326522,0.152316180372507,0.241974656696022
"policy_rate","consumption_growth",6,-0.00126645590027392,-0.000450135145524036,-0.246854884502058,-0.15427960273069,0.150631187580961,0.242945680612342
"policy_rate","consumption_growth",7,-0.00112646773847572,-0.000245720903707412,-0.24163686042308,-0.150016443662132,0.146328417629717,0.238145411409198
"policy_rate","consumption_growth",8,-0.000888479561792929,-0.00074177622337275,-0.229654140402993,-0.142400387856448,0.140178458817896,0.227656351519336
"policy_rate","consumption_growth",9,-0.000598578610485311,-0.000935709470062106,-0.216891299767518,-0.13293255240384,0.131244902377133,0.216845297053117
"policy_rate","consumption_growth",10,-0.000294349530149088,-0.000281488863244572,-0.204425789484021,-0.122977709475549,0.122533284713757,0.20459717538394
"policy_rate","consumption_growth",11,-2.63997883869445e-05,-0.000182257898187404,-0.191301416277262,-0.113905745922369,0.114880532793575,0.19302191333442
"policy_rate","consumption_growth",12,0.000219368983786781,0.000653553644981833,-0.180494541194326,-0.106627074162792,0.107349152233931,0.182529092204278
"policy_rate","consumption_growth",13,0.000431278612497787,0.000850769784704299,-0.171305632850139,-0.0998162500951844,0.10165844448033,0.173953432724843
"policy_rate","consumption_growth",14,0.000608419267163772,0.000477768436922378,-0.164065604427684,-0.0948237999132173,0.0963922212415767,0.165973746267282
"policy_rate","consumption_growth",15,0.000733976283643181,0.000818178733867106,-0.158406138615163,-0.0897991010562168,0.0920028533144684,0.159421569822716
"policy_rate","consumption_growth",16,0.000821509118921791,0.000812578831280571,-0.152690409762883,-0.0863676450957474,0.0886421111365971,0.15443381050423
"policy_rate","consumption_growth",17,0.00087176951567744,0.00087000102044796,-0.147951488607929,-0.0830735293609077,0.0852801402435406,0.150006456030523
"policy_rate","consumption_growth",18,0.000897599879565224,0.000803242657341162,-0.144939247056648,-0.0800967494528343,0.0825532906454538,0.147673941836534
"policy_rate","consumption_growth",19,0.000892791089549251,0.000767943557635315,-0.142191136174272,-0.0774044497594081,0.0800387197055458,0.145468464351465
"policy_rate","consumption_growth",20,0.000871539040965205,0.000505948420475745,-0.139810225671042,-0.0750582187951948,0.0780040617494562,0.143032328313033
"policy_rate","consumption_growth",21,0.000834111123194537,0.000367288858959064,-0.136859721352499,-0.0730214575335625,0.0756014220830237,0.140581917502897
"policy_rate","cpi_growth",1,2.44182721034898e-05,-0.000196061003293752,-0.149295803298236,-0.0960690342493599,0.0949398221334045,0.149808857570838
"policy_rate","cpi_growth",2,4.12260536331256e-07,-0.000667673529591295,-0.191280494607365,-0.123035911447357,0.122403756493777,0.192382764826231
"policy_rate","cpi_growth",3,0.000299911407606207,-0.00062737371816027,-0.219229093425273,-0.139947555447908,0.139864087020811,0.221380707119633
"policy_rate","cpi_growth",4,0.00036532754195269,0.000271775659056198,-0.23360713557036,-0.147148196189868,0.148553720081823,0.235442064798238
"policy_rate","cpi_growth",5,0.000481013566367645,-0.000856355525146635,-0.240183242971662,-0.149755785130614,0.152930220624892,0.24300507386311
"policy_rate","cpi_growth",6,0.000554481861512478,-0.00129823072868897,-0.24090717474769,-0.149453802638559,0.152856583962795,0.244143030752864
"policy_rate","cpi_growth",7,0.000681173367758018,-0.000914710313277138,-0.236589787448605,-0.145025016344151,0.148404926461347,0.239592432034693
"policy_rate","cpi_growth",8,0.000750330792731073,-0.000755581801092718,-0.226711662492268,-0.137734700773941,0.141112669252139,0.229488962811873
"policy_rate","cpi_growth",9,0.000777545145174375,-0.000324152177603131,-0.214191218577079,-0.128614495872116,0.13236269851373,0.216846597968533
"policy_rate","cpi_growth",10,0.000735085179312766,5.07440953830113e-05,-0.202867820705934,-0.120371105467487,0.123030481375017,0.204295862826729
"policy_rate","cpi_growth",11,0.000682615616310219,0.000170546932154091,-0.19142924540289,-0.112417501544084,0.115080562657546,0.192789277917186
"policy_rate","cpi_growth",12,0.000590366589044069,0.000119858200193076,-0.180838265643791,-0.10563484492758,0.10655465453769,0.182512381336195
"policy_rate","cpi_growth",13,0.000484651878373626,0.000583902859855638,-0.171980870771835,-0.100337283179381,0.100891105824795,0.174020728096861
"policy_rate","cpi_growth",14,0.000360560965403764,0.000906855412482511,-0.167262184718206,-0.0957220952728919,0.0959804515412585,0.167228728732145
"policy_rate","cpi_growth",15,0.000246883339169613,0.000832443052576361,-0.160368324491556,-0.0914605091978618,0.0921823637567553,0.161185185546482
"policy_rate","cpi_growth",16,0.00013530848925556,0.00024799394607442,-0.156083903565723,-0.08795559661203,0.0885864481142596,0.156110126917964
"policy_rate","cpi_growth",17,4.00052905776725e-05,0.000262849625778076,-0.151765890869228,-0.0846321567728187,0.0852803684242437,0.151639094324294
"policy_rate","cpi_growth",18,-4.01699674325189e-05,0.000165369193570876,-0.14787418364276,-0.081933408689033,0.0824004425101061,0.148135095763408
"policy_rate","cpi_growth",19,-9.50399116669357e-05,0.000204870951566747,-0.145207285076759,-0.0795625055582238,0.0800879126017961,0.144642078461884
"policy_rate","cpi_growth",20,-0.000132619856402454,8.60738904862181e-05,-0.142880694285194,-0.0773027159198619,0.0777580547555903,0.142136204521467
"policy_rate","cpi_growth",21,-0.00015152612423212,-0.000138772678675074,-0.140152744035832,-0.0752458218168348,0.0752536435726895,0.140454656656313
"policy_rate","saving_rate",1,-0.000370760974020674,-0.000596250163660526,-0.151293388514977,-0.0959080786648353,0.0956660308552494,0.148943879635713
"policy_rate","saving_rate",2,-0.000792352908315928,-0.000550845569610244,-0.193949587356947,-0.123782865143058,0.122905215828917,0.191558400243734
"policy_rate","saving_rate",3,-0.00116074998291474,-0.000939457984312382,-0.220670440951464,-0.14246349506863,0.139065367483243,0.21931954695357
"policy_rate","saving_rate",4,-0.00141953846047169,-0.00119944215567514,-0.234605588943588,-0.151061625386759,0.14818807983346,0.233648637876693
"policy_rate","saving_rate",5,-0.00147123785076347,-0.0015509156570065,-0.242385882394391,-0.15465283147606,0.151850229411607,0.240464106643996
"policy_rate","saving_rate",6,-0.00138115241762768,-0.00105015836548634,-0.243769603933904,-0.153406368667227,0.150647594614459,0.240850932322311
"policy_rate","saving_rate",7,-0.00119305009233809,-0.00132134605817278,-0.238498905203777,-0.149796040686717,0.146280870359596,0.235582680030768
"policy_rate","saving_rate",8,-0.000922782436057884,-0.00130643629665877,-0.228368971222964,-0.141398696921559,0.13935563494584,0.226558487393646
"policy_rate","saving_rate",9,-0.000620567126838126,-0.000505683552718094,-0.215522296022607,-0.13192418250573,0.130090669441398,0.214572095031572
"policy_rate","saving_rate",10,-0.000365052661876884,-0.000255283688087049,-0.202283026840035,-0.123520403455831,0.121460984988304,0.203364697778067
"policy_rate","saving_rate",11,-0.00013771782797228,-0.000306999290530632,-0.190352590299176,-0.114866893525981,0.113122975013918,0.192139841648082
"policy_rate","saving_rate",12,3.91904247148925e-05,0.000320335950995875,-0.180165970145331,-0.107180318507676,0.105571778263024,0.181848440214246
"policy_rate","saving_rate",13,0.000171360153710109,0.000639070601990396,-0.171234462704476,-0.101173344728724,0.100407408327345,0.171426995793319
"policy_rate","saving_rate",14,0.000239900709162128,0.000720095318409823,-0.163481748072987,-0.0959204328501854,0.0958363135844311,0.164103028547199
"policy_rate","saving_rate",15,0.000270416074604517,0.000622650979928868,-0.158149809347901,-0.0919029796993403,0.0923202305901383,0.158581667285228
"policy_rate","saving_rate",16,0.000262748168522502,0.000751698028182747,-0.154008280418159,-0.0887161442988566,0.0886206350089387,0.154250340158899
"policy_rate","saving_rate",17,0.000237271558513326,0.000405796324227833,-0.150357634557901,-0.0856190167408471,0.0853917056765422,0.149379831031347
"policy_rate","saving_rate",18,0.000189622397016924,0.000168612351963809,-0.146549641314251,-0.0824244707153745,0.0825046403367157,0.14647137357948
"policy_rate","saving_rate",19,0.000139047756519285,0.000386486079262055,-0.143890312239947,-0.0801374438420486,0.0794759266809484,0.143573943262127
"policy_rate","saving_rate",20,8.33120919547077e-05,0.000642429213015596,-0.1411912752105,-0.077587635691451,0.0767848364341621,0.140397546766411
"policy_rate","saving_rate",21,3.68271736848082e-05,0.000654960328803911,-0.139013944719003,-0.0754873214551401,0.0746464530715984,0.137303110983965
"policy_rate","policy_rate",1,0.0729486448399516,0.0647257438729666,0.00595408614643262,0.0196388026864094,0.127889148726047,0.168153070206921
"policy_rate","policy_rate",2,0.0552394362866456,0.0487141522917812,-0.0446960849951937,-0.0124354185388534,0.125201333079919,0.176299345490362
"policy_rate","policy_rate",3,0.0362617551391284,0.033013599428143,-0.094226637036316,-0.0460311825846653,0.120133304618098,0.17834029001029
"policy_rate","policy_rate",4,0.0221828759165958,0.0218623688283555,-0.130160676514259,-0.0708569191599329,0.116135055158104,0.176183096382046
"policy_rate","policy_rate",5,0.00767654132849717,0.00906661506557527,-0.159910042494157,-0.0933605624322779,0.108867871284859,0.171318752024447
"policy_rate","policy_rate",6,-0.00720682283198749,-0.00511758293987778,-0.184543807848422,-0.112802992275578,0.0988736299677377,0.163986602220438
"policy_rate","policy_rate",7,-0.0175067735609284,-0.0156833030316228,-0.200281482795792,-0.126427934338556,0.0915304908104916,0.15788565284674
"policy_rate","policy_rate",8,-0.0214097016719641,-0.0198697024111395,-0.20471294373669,-0.13033093635503,0.0875196366243191,0.154649430756048
"policy_rate","policy_rate",9,-0.021800009825036,-0.0208357932005697,-0.202199963869333,-0.128862372624912,0.0857259086942047,0.152317549162623
"policy_rate","policy_rate",10,-0.0202866384274382,-0.0197176167842203,-0.19586529587266,-0.124544804683043,0.0841583617256078,0.151647287818777
"policy_rate","policy_rate",11,-0.0167836223311013,-0.0163817699843446,-0.18713148031372,-0.117306708615218,0.0841087444409891,0.151202450361498
"policy_rate","policy_rate",12,-0.0113622195268044,-0.011236560421545,-0.174918324113418,-0.107654248391939,0.0853197601725647,0.150384541932065
"policy_rate","policy_rate",13,-0.00547091013694102,-0.00555081932345696,-0.163321666230388,-0.0974772467967092,0.0870851086987134,0.151772950596344
"policy_rate","policy_rate",14,-2.53595448528374e-05,-0.000241788100192207,-0.152946018350883,-0.0879997264739125,0.0880027341021802,0.152008926021007
"policy_rate","policy_rate",15,0.00486562777002051,0.00453435017775311,-0.142283134489236,-0.0794041047338836,0.0891685754726085,0.151483326127914
"policy_rate","policy_rate",16,0.00928079252956232,0.00897286574594496,-0.132643471495482,-0.0713624697875439,0.0904339425607799,0.15193979242561
"policy_rate","policy_rate",17,0.0128927683605029,0.0122336153748731,-0.123747861357213,-0.06440915732743,0.091110353538851,0.151922124392887
"policy_rate","policy_rate",18,0.0155365711715458,0.0145882209349066,-0.116668682983828,-0.0592947955424238,0.0908896957712311,0.151270439783431
"policy_rate","policy_rate",19,0.0173391825756148,0.015719004336447,-0.11046155654575,-0.0550724837820506,0.0902298239789887,0.150427206071835
"policy_rate","policy_rate",20,0.0185139021945497,0.0163774770862365,-0.105725227495306,-0.0514922064787173,0.0889044203613266,0.149286510300484
"policy_rate","policy_rate",21,0.0191146802033014,0.0165854175054809,-0.102132680564772,-0.0488995115611726,0.0876957814716358,0.148276036424627
"policy_rate","interest_burden",1,-0.000333358528073134,-0.000248868961382346,-0.151649756053092,-0.0971673335986674,0.0953773271207943,0.151525790780694
"policy_rate","interest_burden",2,-6.38975852683504e-05,-0.00046719248658363,-0.194977536388714,-0.123996510623047,0.124725989391683,0.195536983528003
"policy_rate","interest_burden",3,0.000329671947402645,-0.000406674492673734,-0.221923267101097,-0.140898026663485,0.143455422606446,0.224190156655308
"policy_rate","interest_burden",4,0.000634034432593946,-0.00016286586486409,-0.237997249641878,-0.151184631825366,0.152309387230706,0.239915863723064
"policy_rate","interest_burden",5,0.000850065064083198,0.000575388013600262,-0.243854609163971,-0.154632432164852,0.156380414519079,0.247943556239662
"policy_rate","interest_burden",6,0.000962533550813468,0.000602264665360458,-0.244713103509056,-0.154040153054959,0.154906190102347,0.248545130830098
"policy_rate","interest_burden",7,0.000982285248943234,0.000996551524889146,-0.240062419014751,-0.14857274932256,0.149144537450194,0.243453927776235
"policy_rate","interest_burden",8,0.000973709438428024,0.00118331666814723,-0.229647526998524,-0.140639712649703,0.14195574176249,0.232055647522768
"policy_rate","interest_burden",9,0.000916483667356375,0.00101042284973926,-0.216412776810289,-0.1306932128991,0.132206942014078,0.217336653352085
"policy_rate","interest_burden",10,0.000809377681720308,0.00094093979385163,-0.204221292988503,-0.120888769867455,0.122831037083244,0.204358703175004
"policy_rate","interest_burden",11,0.000664104467298309,0.000992955480359859,-0.192813032734757,-0.113100378980636,0.114625754709877,0.192175231398448
"policy_rate","interest_burden",12,0.00051324738742461,0.000437999847950285,-0.181433403891607,-0.105319585095315,0.106453711498293,0.180133429485398
"policy_rate","interest_burden",13,0.00037063966340912,0.000601569935951142,-0.172887164757948,-0.0991618777792584,0.100465645985221,0.171672016604034
"policy_rate","interest_burden",14,0.000242720053664545,0.00056859529337348,-0.166458532063828,-0.094363640157563,0.0957424953442928,0.164206124261703
"policy_rate","interest_burden",15,0.000135953881949505,0.000639995936799834,-0.160638713341638,-0.0908457377550055,0.0913049280875499,0.158245137431081
"policy_rate","interest_burden",16,6.04811068803879e-05,0.000337113165306426,-0.155215507232678,-0.0868528929555969,0.0874495196215921,0.154138581403537
"policy_rate","interest_burden",17,2.30918036334594e-05,0.000257302702701058,-0.149970785432853,-0.0841295619161614,0.0843352449752332,0.149513614882127
"policy_rate","interest_burden",18,1.66246205971648e-05,2.12163272582887e-05,-0.146461132739876,-0.080843372905589,0.0816863476503436,0.1462208248024
"policy_rate","interest_burden",19,3.74628401979492e-05,-1.86070763044299e-05,-0.143118018489834,-0.0783201516595671,0.0789583395441103,0.142815842707457
"policy_rate","interest_burden",20,7.68348912269598e-05,-2.65423890581618e-05,-0.140102418047585,-0.0758901995178486,0.0765523732314466,0.139624202712858
"policy_rate","interest_burden",21,0.000133265146064129,0.000205750623383252,-0.137106071007101,-0.074117242982884,0.0749218102299151,0.137498689776836
"policy_rate","debt_growth",1,0.000218623459595632,0.000958542107676742,-0.151099298323165,-0.0965464346812049,0.0963765930979725,0.150994338848473
"policy_rate","debt_growth",2,0.000554992215686844,0.000486118061597045,-0.194672888551221,-0.123856036696243,0.125248275011569,0.194195172491759
"policy_rate","debt_growth",3,0.000682691427412087,0.0013145558136754,-0.222843686230524,-0.141848345259763,0.142692390738683,0.224445046637462
"policy_rate","debt_growth",4,0.000800662126512098,0.0012770682529963,-0.237844027777026,-0.150552334963446,0.151875275169674,0.239043720451914
"policy_rate","debt_growth",5,0.000951879723684164,0.000580260726700423,-0.243163729181011,-0.154131333681293,0.155683554055916,0.245427084749474
"policy_rate","debt_growth",6,0.00102394208791122,0.000183614250618848,-0.243761993735429,-0.153592013632219,0.155390083411991,0.247017368502355
"policy_rate","debt_growth",7,0.00100925438253707,0.000524459384815594,-0.238417704097771,-0.148711884009211,0.151308061601068,0.242216484941206
"policy_rate","debt_growth",8,0.000953885665702225,0.00111660205125912,-0.227286278615828,-0.139970102436471,0.143157889243315,0.232694962437055
"policy_rate","debt_growth",9,0.000872030689281772,0.000678977232298774,-0.215668843673459,-0.130749413745976,0.133472624514179,0.219315721946723
"policy_rate","debt_growth",10,0.000745649861808315,0.00103367743197576,-0.20302344132244,-0.121952971464848,0.123238095694968,0.206272778273393
"policy_rate","debt_growth",11,0.000609393398760892,0.000510686013663088,-0.190710064984903,-0.113340349088415,0.114665162552221,0.193939526404258
"policy_rate","debt_growth",12,0.000465244671221158,-4.99837049895158e-05,-0.179315242675868,-0.106080431467788,0.106909838267379,0.182843653846827
"policy_rate","debt_growth",13,0.000340331995990352,-0.000420291261099442,-0.169981234334678,-0.100029790424631,0.100822497860016,0.173473409020651
"policy_rate","debt_growth",14,0.00023021729977388,-0.000766379737050506,-0.163152644838964,-0.0949064358869945,0.0958516285920188,0.166251882591563
"policy_rate","debt_growth",15,0.000149016949042711,-0.000690525037046103,-0.15768303813213,-0.0907058685862202,0.091864195164774,0.159924999192104
"policy_rate","debt_growth",16,9.63592621781411e-05,-0.000434258887588826,-0.152784438777911,-0.087167291088976,0.087990945669164,0.155261980027583
"policy_rate","debt_growth",17,7.60619815418955e-05,-0.000463370085975607,-0.149205277151153,-0.0837628174596298,0.0846510731118291,0.151004437069504
"policy_rate","debt_growth",18,7.73839689656117e-05,-0.00039575669096963,-0.145540574456584,-0.0809164597366872,0.0818266962811488,0.147844114833147
"policy_rate","debt_growth",19,9.90252047006414e-05,-0.000205049926518758,-0.143177341877631,-0.0781274370142658,0.0791294867515184,0.144312332302926
"policy_rate","debt_growth",20,0.000131235340027521,-0.000211122661445105,-0.140427545289056,-0.0759349403777752,0.0765946979045682,0.141559775474255
"policy_rate","debt_growth",21,0.000169786200318067,-0.000214854280244517,-0.137760846752275,-0.0735848078942468,0.0746069267131047,0.139016771637129
"policy_rate","real_house_price_growth",1,2.87333904996958e-06,0.000371710337924246,-0.150310393218164,-0.0955842076584314,0.0957922473682409,0.149572789118246
"policy_rate","real_house_price_growth",2,-0.000112105952982921,-0.000602402346083961,-0.193006383995057,-0.122929031078913,0.123146345717178,0.192034446210157
"policy_rate","real_house_price_growth",3,-0.000216084570318615,-0.000596137245056265,-0.222065174007579,-0.141114327364045,0.139936725668608,0.219901489895827
"policy_rate","real_house_price_growth",4,-0.000243213935966298,-0.00038468279387829,-0.237087661897089,-0.150150953073103,0.149170920124715,0.235596794139628
"policy_rate","real_house_price_growth",5,-0.000216116314216216,0.000431638379324787,-0.242385972269486,-0.154071851215564,0.152408131100105,0.242671430037551
"policy_rate","real_house_price_growth",6,-0.000264641565227758,-0.000120199653358578,-0.243389603255732,-0.152914432087003,0.151641167097804,0.242739693231759
"policy_rate","real_house_price_growth",7,-0.000286516343611998,-0.000124716355167092,-0.237626895587738,-0.148620666684131,0.147553834139381,0.239149137346843
"policy_rate","real_house_price_growth",8,-0.00027290998406155,-0.000477444000681374,-0.227243709047053,-0.140987708857909,0.140031840715116,0.229519727049104
"policy_rate","real_house_price_growth",9,-0.000249607443386616,-0.00103371220001948,-0.215304905073695,-0.131906239673084,0.130980235887656,0.216243802066675
"policy_rate","real_house_price_growth",10,-0.000209144493979346,-0.00079394997657868,-0.203157753193884,-0.123123526692479,0.123014219169338,0.203881645082483
"policy_rate","real_house_price_growth",11,-0.000170512127269164,-0.000955503306021857,-0.191730604767114,-0.114092490935901,0.114652802896152,0.192435858678262
"policy_rate","real_house_price_growth",12,-0.000116565920334283,-0.000746976900964402,-0.180382374661321,-0.106917793741066,0.106975244551719,0.179826311265149
"policy_rate","real_house_price_growth",13,-6.81606561865917e-05,-0.00049736852604166,-0.172402437070106,-0.100112120851446,0.100306316447035,0.171977846356741
"policy_rate","real_house_price_growth",14,-2.09016732832431e-05,-0.000586684777428366,-0.165510462053653,-0.0955264432589734,0.0946456515845408,0.165364151836388
"policy_rate","real_house_price_growth",15,1.84606707463145e-05,-0.000183283556026655,-0.159889882581079,-0.0914507822691597,0.0904110502321358,0.159445743580374
"policy_rate","real_house_price_growth",16,6.00161737863424e-05,-0.000218426761967193,-0.154903113804459,-0.0886461487148229,0.0871362610895998,0.155210559227357
"policy_rate","real_house_price_growth",17,9.51256622731526e-05,-0.000230146661563624,-0.150841705610302,-0.084836701631463,0.0841605898229675,0.151637422018068
"policy_rate","real_house_price_growth",18,0.000131166813118492,4.97502453571837e-06,-0.146834186233691,-0.0816941207795103,0.0813079985660207,0.148608244434676
"policy_rate","real_house_price_growth",19,0.000168317344715433,-0.000161506472069863,-0.142985259237048,-0.0789871856038475,0.0790273847352704,0.146327578868951
"policy_rate","real_house_price_growth",20,0.000212068014871383,-0.000444238186837511,-0.139955776614976,-0.0767950822187252,0.076684569249302,0.143333008439226
"policy_rate","real_house_price_growth",21,0.000256943986116517,-0.000320223598127476,-0.13726992771781,-0.0750054709188926,0.074932978714835,0.13994323863606
"policy_rate","asset_liability_ratio",1,0.00051332310239251,8.40274570498671e-05,-0.150167044006404,-0.0950282882152494,0.0971769663817015,0.151328682580848
"policy_rate","asset_liability_ratio",2,0.000773876871977203,0.00140690651610019,-0.194487267806066,-0.122680920591009,0.123997426151056,0.194643807717654
"policy_rate","asset_liability_ratio",3,0.000858792985613668,0.000824681561804666,-0.221470822577038,-0.141716076383203,0.14154669621868,0.221953647922622
"policy_rate","asset_liability_ratio",4,0.000937314306953925,0.00128655280101899,-0.236645472763862,-0.149382730486277,0.150155682665093,0.238204764403485
"policy_rate","asset_liability_ratio",5,0.000926612242716231,0.00143321084743498,-0.242765839453053,-0.152702639738081,0.153218931470166,0.244802818759102
"policy_rate","asset_liability_ratio",6,0.000850937373013317,0.0017345860301884,-0.243399954669024,-0.151810678296985,0.153306215607631,0.244671064480243
"policy_rate","asset_liability_ratio",7,0.000742059195638905,0.000847269275663477,-0.237401770496522,-0.148013436313539,0.14886961078495,0.237555972429797
"policy_rate","asset_liability_ratio",8,0.000608950586961018,0.000927946964861124,-0.226379166849178,-0.139827088971779,0.140077856417273,0.22751921056239
"policy_rate","asset_liability_ratio",9,0.000447448556758205,0.000534373345779697,-0.214194086451544,-0.130532278094213,0.131085113733511,0.21654072052347
"policy_rate","asset_liability_ratio",10,0.000317202412587387,-0.000115724079062482,-0.201363763900124,-0.12159167931883,0.121659945038591,0.204403579549132
"policy_rate","asset_liability_ratio",11,0.000197888776899774,-0.00047051851547425,-0.189828188794143,-0.113707400619679,0.113138597766356,0.192268356360272
"policy_rate","asset_liability_ratio",12,0.000100721044669583,3.83457165924563e-05,-0.179125970592316,-0.106676721777862,0.105810165335748,0.182486234686566
"policy_rate","asset_liability_ratio",13,-2.39596841275542e-06,-0.000238247263120202,-0.169587762852653,-0.100327947612979,0.0995783011375444,0.17115963768921
"policy_rate","asset_liability_ratio",14,-7.57814401620736e-05,-0.000355682817753779,-0.16338126446347,-0.0951377738378506,0.0947295034886898,0.163148493582186
"policy_rate","asset_liability_ratio",15,-0.000137434872342909,-0.000131449388092659,-0.157500257489577,-0.0911575384679139,0.0907976697735056,0.156551978225319
"policy_rate","asset_liability_ratio",16,-0.000181133948155511,4.57996682138627e-05,-0.153388972127875,-0.087314538683302,0.0874249855371474,0.152010718895703
"policy_rate","asset_liability_ratio",17,-0.000231821485608187,-9.81758091270467e-05,-0.149539432979279,-0.0841270767171019,0.0839079992969459,0.148276304572034
"policy_rate","asset_liability_ratio",18,-0.000269459962558058,-7.63671162112227e-05,-0.146299853732723,-0.0813735520441921,0.0807758059776636,0.145459402536377
"policy_rate","asset_liability_ratio",19,-0.000306379319943201,6.38187856755116e-05,-0.143387933377495,-0.0787500014453962,0.0781450072756935,0.141198285525008
"policy_rate","asset_liability_ratio",20,-0.000335086962794029,0.000147082049541533,-0.140902145043036,-0.0764609975313734,0.0757400085815738,0.138779504665937
"policy_rate","asset_liability_ratio",21,-0.000369932559085375,-4.7991546010584e-05,-0.138310260102134,-0.0740523755990063,0.0736057985523809,0.135984009688841
"interest_burden","gdp_growth",1,-0.00065805443916043,-0.0010483060463169,-0.206674370089012,-0.131754212280666,0.13077513489143,0.206180321288155
"interest_burden","gdp_growth",2,0.00133043717475726,0.00104810530267412,-0.193321149985231,-0.122349742297743,0.124744815281007,0.194661297144398
"interest_burden","gdp_growth",3,0.00147941841319991,0.00174322704994617,-0.1914441262371,-0.121485915244741,0.124559962312559,0.195379099217784
"interest_burden","gdp_growth",4,0.00185978619669143,0.00212339769915843,-0.212682956076972,-0.134684937739375,0.137337975215245,0.21688135331094
"interest_burden","gdp_growth",5,0.00104364507764352,0.00125631144572935,-0.218706996975496,-0.136350413582001,0.137980698685782,0.218942551893969
"interest_burden","gdp_growth",6,0.00147169115871786,0.00145418524567074,-0.235494749418998,-0.148020504062581,0.150735302540834,0.237917801211057
"interest_burden","gdp_growth",7,0.00123055333805007,0.00153352929692113,-0.22064509428454,-0.136825396000236,0.138735854052218,0.223549692204315
"interest_burden","gdp_growth",8,0.00128711015860741,0.000964239783559243,-0.217139287574159,-0.134142982777007,0.136153032913536,0.221667855817346
"interest_burden","gdp_growth",9,0.000618404386109484,0.000999726476335257,-0.198676437513774,-0.121031547315558,0.121836916518524,0.200208204227308
"interest_burden","gdp_growth",10,0.000677152508977531,0.000631770072298755,-0.192788829385246,-0.115606582934104,0.116422729694911,0.194519873583054
"interest_burden","gdp_growth",11,0.000419103940375608,0.00064117680040942,-0.174097153082317,-0.103496279399655,0.103753407720673,0.175662626876175
"interest_burden","gdp_growth",12,0.000453636993045211,0.000669046303335607,-0.165373992706735,-0.0951162866719166,0.095951262084703,0.164244480273441
"interest_burden","gdp_growth",13,6.93733273467925e-05,0.00040531682991506,-0.150473939611293,-0.0854125478476489,0.0852208992767165,0.150063439212797
"interest_burden","gdp_growth",14,8.09911114447159e-05,0.00032996596864054,-0.142118953712691,-0.0796406703595091,0.0793875555881707,0.141292312003786
"interest_burden","gdp_growth",15,-7.10357719296849e-05,0.000122763398080916,-0.132662049834645,-0.0733106646552784,0.0730039993749111,0.131833069337137
"interest_burden","gdp_growth",16,8.11969381777662e-06,0.000140349427837691,-0.125640751593886,-0.0689538691690083,0.0689220732834698,0.125887539268512
"interest_burden","gdp_growth",17,-0.0001498818020134,0.000248921596493605,-0.120395606224652,-0.0658233802817825,0.0648112824240271,0.120240090934186
"interest_burden","gdp_growth",18,-8.27201894691836e-05,0.000165654490078947,-0.11512154799625,-0.0622718352299321,0.0613112103841015,0.114657362254634
"interest_burden","gdp_growth",19,-0.000124949097991761,-3.20114600028957e-05,-0.111468875534519,-0.0594770368361474,0.0586760330101346,0.111258210055098
"interest_burden","gdp_growth",20,-1.28225369189645e-05,0.000287648798844763,-0.107102692908243,-0.0569336638472407,0.0563252910264234,0.10663664363891
"interest_burden","gdp_growth",21,-4.93824985515846e-05,0.000224646219605427,-0.104450820194287,-0.0551555939222921,0.054590894480136,0.104733963297193
"interest_burden","consumption_growth",1,-0.000293879089936961,-0.000354488537506535,-0.205187728998288,-0.128767166712612,0.129537859676338,0.204588413820324
"interest_burden","consumption_growth",2,-0.000783332820884516,-0.00103689650112378,-0.19551658477446,-0.123885636023467,0.122452520119658,0.192691212845661
"interest_burden","consumption_growth",3,-0.00130407796161273,-0.00133962051623926,-0.19433979082537,-0.122915373996874,0.122121815448016,0.191104926448152
"interest_burden","consumption_growth",4,-0.00166733011203461,-0.00161995286944717,-0.216065357553542,-0.137163680566178,0.134227555956478,0.212408586999278
"interest_burden","consumption_growth",5,-0.00159736205246628,-0.00119550896959647,-0.218448677334382,-0.138473944620901,0.135028603036526,0.214630895392023
"interest_burden","consumption_growth",6,-0.0015824033241654,-0.00128279730614707,-0.239285488981734,-0.150264715879027,0.146922108826545,0.235138041340505
"interest_burden","consumption_growth",7,-0.00160379860918717,-0.000809697143553474,-0.222178196600588,-0.140351037226349,0.135745536947814,0.222985226766574
"interest_burden","consumption_growth",8,-0.00156405448055797,-0.00114369418001779,-0.220407074692782,-0.137570002608931,0.133784424380507,0.219061752260438
"interest_burden","consumption_growth",9,-0.00126955156967291,-0.000748795294485211,-0.199474768681001,-0.123178123033213,0.119452794382824,0.19795401438115
"interest_burden","consumption_growth",10,-0.00103676063784144,-0.000862335126294942,-0.194491872820989,-0.11873238702753,0.115247698927798,0.193584065489834
"interest_burden","consumption_growth",11,-0.000854499980249172,-0.000323578505514663,-0.176381392544676,-0.104989254232321,0.102981893230174,0.174756970339405
"interest_burden","consumption_growth",12,-0.000736102181382211,-0.000943849875626615,-0.165859335302771,-0.0968739819520721,0.0956268551354618,0.163740399930149
"interest_burden","consumption_growth",13,-0.000502680165473521,-0.000679724650004098,-0.150458879709147,-0.0864554709112803,0.0858483426488544,0.148649656780261
"interest_burden","consumption_growth",14,-0.000352777383979051,-0.00043435995471448,-0.142659520676407,-0.0802988109057746,0.0802119639194313,0.141139761439824
"interest_burden","consumption_growth",15,-0.000216327348815311,0.00014000081806038,-0.132314373710248,-0.0736955529787441,0.0737966890003738,0.130891690602512
"interest_burden","consumption_growth",16,-0.000181497069934672,0.000134453354834856,-0.126154365128091,-0.0691788751649131,0.0698338944210817,0.124906557266618
"interest_burden","consumption_growth",17,-7.97516453178257e-05,0.00016528705751102,-0.120225918982474,-0.0647963466456845,0.0660639919381988,0.119409351804984
"interest_burden","consumption_growth",18,-5.94595849913412e-05,0.000238068300529365,-0.115412986138802,-0.0611233605362851,0.0622586867785908,0.114641221635318
"interest_burden","consumption_growth",19,-1.22518931553029e-05,0.000282491463195908,-0.111902139600607,-0.0585008256422251,0.0594706451551271,0.110631615691695
"interest_burden","consumption_growth",20,-5.52376268307989e-05,9.81961325578129e-05,-0.108698131257033,-0.0557668100979022,0.0566116752711295,0.107499179989426
"interest_burden","consumption_growth",21,-3.91572788009041e-05,0.000242820536039012,-0.10598375879671,-0.0532148729240215,0.0544887366570628,0.10523720499453
"interest_burden","cpi_growth",1,-0.000621321006543878,-0.0015761040805782,-0.207032449413883,-0.129835995297213,0.129407195157637,0.205152657865433
"interest_burden","cpi_growth",2,-0.000488300571366955,-0.000474599439554093,-0.193464574777422,-0.122716728721493,0.122289061385636,0.193042209622256
"interest_burden","cpi_growth",3,-0.000267980596272221,-0.000132194029876776,-0.191231595766822,-0.121737204804881,0.120370157609938,0.192095163002621
"interest_burden","cpi_growth",4,3.7617507247936e-05,4.12456720089308e-05,-0.212656632842582,-0.13417681398598,0.133704818338212,0.21259433451979
"interest_burden","cpi_growth",5,-8.7273921117827e-05,-0.000497237294652581,-0.215103400510713,-0.136558332689,0.136028645185218,0.21611938800107
"interest_burden","cpi_growth",6,2.83012176538515e-05,-0.000637094138149399,-0.233635511762663,-0.147292332568509,0.14842050133342,0.235748669818867
"interest_burden","cpi_growth",7,0.00021279378718033,7.0324130231624e-05,-0.218311285144195,-0.136424855812949,0.137243261256778,0.221997551710022
"interest_burden","cpi_growth",8,0.000413599321610017,-0.000661136805018377,-0.217629267722076,-0.133225455612629,0.13485721098282,0.220590393112052
"interest_burden","cpi_growth",9,0.000344083298247286,0.000184270294489691,-0.198967129826365,-0.119646100409819,0.120709594787941,0.201356322997664
"interest_burden","cpi_growth",10,0.000354851508864506,-0.000205642954024081,-0.193517725920133,-0.114110035205272,0.116178162098884,0.195924914181489
"interest_burden","cpi_growth",11,0.000363122057294715,5.24905602085827e-05,-0.175700757337641,-0.102060890284086,0.103360669657974,0.177735343288004
"interest_burden","cpi_growth",12,0.000384336528681058,7.44959711470078e-05,-0.164789151930442,-0.0942195511726077,0.0958955732626566,0.167109204385872
"interest_burden","cpi_growth",13,0.000248553036769301,5.21746820448005e-05,-0.15091948144699,-0.0850920280364588,0.0862777618223339,0.152013966423045
"interest_burden","cpi_growth",14,0.000159546524097282,4.94201496363148e-05,-0.143051479513514,-0.0791205598720306,0.0800031620571423,0.142568250407341
"interest_burden","cpi_growth",15,7.21489118933659e-05,0.000193193721551249,-0.133587139579444,-0.0733538085374001,0.0742368227410481,0.133098780616829
"interest_burden","cpi_growth",16,1.29972640967258e-05,5.94581484416379e-05,-0.126356757867363,-0.0688400780046574,0.0694568690823347,0.126334512887021
"interest_burden","cpi_growth",17,-0.000105339446840271,5.94942468186663e-05,-0.120873532150059,-0.0652449434638555,0.065489459213445,0.120542473555893
"interest_burden","cpi_growth",18,-0.000183507794433117,4.48168473224254e-05,-0.117052567909119,-0.0616651602254901,0.061775110049543,0.115316651042716
"interest_burden","cpi_growth",19,-0.000244598910240235,0.000124471802188055,-0.112677995524167,-0.0591999360653729,0.0592198015911219,0.112157786453427
"interest_burden","cpi_growth",20,-0.000276183495619356,2.39981523210155e-05,-0.109089502100755,-0.0566024380670276,0.0564790785971078,0.108938846134924
"interest_burden","cpi_growth",21,-0.000322232887452225,-2.953366259728e-05,-0.106238182324649,-0.055029386775163,0.0548266612470581,0.106289955872137
"interest_burden","saving_rate",1,0.000423658690967743,0.00153202915695289,-0.206054319497563,-0.130783439752387,0.131656385252615,0.206330161256525
"interest_burden","saving_rate",2,-0.000478870798013048,-0.00021121840928543,-0.195588060782594,-0.124690518535357,0.123110940744965,0.192673943424671
"interest_burden","saving_rate",3,-0.000555535757053798,-0.000362485282257827,-0.192898761628386,-0.122910356502238,0.121018327755754,0.191903954625869
"interest_burden","saving_rate",4,-0.00110365673140831,-0.00144650911553944,-0.214102690651022,-0.136019438717183,0.133316154737826,0.212797447155984
"interest_burden","saving_rate",5,-0.000973930926599567,-0.00051806023525984,-0.219648020728655,-0.137905208590552,0.135772863415186,0.214646973834864
"interest_burden","saving_rate",6,-0.00108869222667523,-0.000572347412121542,-0.239673173820767,-0.149540655406287,0.147679346503841,0.235650274891524
"interest_burden","saving_rate",7,-0.000869769155464745,-0.000715321186962964,-0.22254586912043,-0.138408323041294,0.137031212625696,0.221334000128431
"interest_burden","saving_rate",8,-0.000721580508173407,-0.000721745564491337,-0.220737783415796,-0.136577315602654,0.134381521499351,0.218959417314566
"interest_burden","saving_rate",9,-0.000408260591771735,-0.000510969582911255,-0.202012624422189,-0.121843975865202,0.120634611837917,0.199238226702167
"interest_burden","saving_rate",10,-0.000166456045869344,-0.000491412034600326,-0.195700682777548,-0.116376023351044,0.115619422173546,0.194851082111552
"interest_burden","saving_rate",11,0.000124036393851437,-4.34557829783108e-05,-0.177198062709907,-0.103055407455174,0.102682180803318,0.177006353594203
"interest_burden","saving_rate",12,0.000293674597683429,0.000417762096134626,-0.165292191028331,-0.0954493211779127,0.095273812767665,0.16606730030679
"interest_burden","saving_rate",13,0.000458300327876527,0.000815421562905568,-0.149454373654159,-0.08463481648467,0.0850276183738901,0.150836691849129
"interest_burden","saving_rate",14,0.000568880334663947,0.000553115131578949,-0.140955526930925,-0.0784332561550591,0.079542491541894,0.142953693732787
"interest_burden","saving_rate",15,0.000665931898296333,0.000778636356476611,-0.131781336251072,-0.0724293835372231,0.0733927789542222,0.133034467111605
"interest_burden","saving_rate",16,0.000698922723897152,0.00072405923870135,-0.125547943532993,-0.0677702273116583,0.0695394858107795,0.126235085959953
"interest_burden","saving_rate",17,0.000705460132266015,0.000781335318220321,-0.119485472194284,-0.0641150907743572,0.0652907944033153,0.119623534382235
"interest_burden","saving_rate",18,0.000698806808670088,0.000749723491449749,-0.114551516377135,-0.0601962429337848,0.062193259016276,0.115289374135271
"interest_burden","saving_rate",19,0.000683509876995788,0.000955256143799951,-0.111338920919346,-0.0581029332760018,0.0595847869072035,0.111402930040236
"interest_burden","saving_rate",20,0.000655813495774222,0.000686194751231859,-0.108492855149946,-0.0557889965536576,0.0569922211697198,0.108286944988788
"interest_burden","saving_rate",21,0.000616813049145183,0.00080967827926892,-0.105492589319034,-0.0538456740509678,0.0548974699805373,0.106461944680703
"interest_burden","policy_rate",1,0.136671169429422,0.129786240894014,0.0158796238751021,0.0459636697069949,0.227088021316538,0.28263704827263
"interest_burden","policy_rate",2,0.0375208027922428,0.0358514369484597,-0.0873703740911315,-0.0407727376585576,0.116574081577147,0.16616846861456
"interest_burden","policy_rate",3,0.0346834962372715,0.0343808759076354,-0.094529313354919,-0.0452458151438441,0.115101966761021,0.164836242239622
"interest_burden","policy_rate",4,0.00922781885562605,0.0105831816025648,-0.132831868199845,-0.0769793564366651,0.0943780292584812,0.145719995742119
"interest_burden","policy_rate",5,0.0436191835651147,0.0455700799844456,-0.111211547268296,-0.0504880386522112,0.136971129151353,0.193367584857669
"interest_burden","policy_rate",6,-0.0131370608360355,-0.00965628528595965,-0.180903753580447,-0.112824153467912,0.0857902179322464,0.143508725931153
"interest_burden","policy_rate",7,-0.014120709263335,-0.0105369491447101,-0.18140967590776,-0.112863185415807,0.0836209971378804,0.142662467514967
"interest_burden","policy_rate",8,-0.0329420694517912,-0.0292079915448361,-0.202378153568887,-0.130714854843527,0.0643502018998747,0.123235842665938
"interest_burden","policy_rate",9,-0.011383771118711,-0.00828895637893771,-0.175374970960776,-0.106842948862398,0.0839943166614849,0.143033354873507
"interest_burden","policy_rate",10,-0.0313711189738655,-0.0284301639309886,-0.191833448789028,-0.123117404151377,0.060330510482041,0.118150599186939
"interest_burden","policy_rate",11,-0.0219319100783877,-0.01949261334661,-0.175493650879831,-0.109172792132904,0.0657503080294651,0.122530907137419
"interest_burden","policy_rate",12,-0.027717084144776,-0.0253408237143122,-0.173153700228661,-0.10915058162115,0.0541637276114293,0.109461220494914
"interest_burden","policy_rate",13,-0.0108462472437556,-0.00913617729533817,-0.148479369075135,-0.0872131513907632,0.0665325790991054,0.120143617552256
"interest_burden","policy_rate",14,-0.0162397327574179,-0.0145776388288181,-0.145792311317008,-0.0873161546637845,0.0559307200694155,0.107337839972676
"interest_burden","policy_rate",15,-0.00647318611327939,-0.00531745865694616,-0.128895186985077,-0.0731230343877349,0.0613210868316235,0.111380257827701
"interest_burden","policy_rate",16,-0.00862665905311742,-0.00735698867473584,-0.125268273832131,-0.0709646073302742,0.0546867756163121,0.103502041306303
"interest_burden","policy_rate",17,0.00158531196829298,0.00247532535271903,-0.110635768379169,-0.0575013305460681,0.061631967371846,0.110014436533333
"interest_burden","policy_rate",18,-0.00104057667071855,-0.000510730033713743,-0.107236164876619,-0.0563790799879763,0.0550331386198795,0.103646951270902
"interest_burden","policy_rate",19,0.00479456969158381,0.0051651151915664,-0.0967281124949517,-0.0482017039183099,0.058726770474038,0.106740651229945
"interest_burden","policy_rate",20,0.00244446767821381,0.00239481809139935,-0.0957798972312451,-0.0478943949101163,0.0538175172772695,0.101367380438905
"interest_burden","policy_rate",21,0.00732339701132886,0.0070432293592899,-0.0882844455447275,-0.041582805692075,0.0570626739670639,0.10450902171368
"interest_burden","interest_burden",1,0.000631029161135653,-0.000303538973038029,-0.204142917485449,-0.129069502793928,0.131497540243137,0.206039390335585
"interest_burden","interest_burden",2,-0.000476350015889619,-0.000995944554052191,-0.194103480065515,-0.123739558849852,0.123062038039473,0.192875358534278
"interest_burden","interest_burden",3,-0.000277392590197989,-0.00113915297318228,-0.194107718802222,-0.122677856969882,0.122674084618578,0.193229993459668
"interest_burden","interest_burden",4,0.000330285019465297,0.000135640176834093,-0.215988634370734,-0.135364087717891,0.137125226998651,0.215120493031615
"interest_burden","interest_burden",5,0.00106293835018225,0.00127941354789981,-0.217039774064723,-0.136440753257483,0.138449818082212,0.218579666935485
"interest_burden","interest_burden",6,0.000634622884279081,0.000633762310858627,-0.236319120301043,-0.148725615310926,0.150029639605998,0.239286884014836
"interest_burden","interest_burden",7,0.000698921295244906,0.00093443863464262,-0.222696919481472,-0.137531620284579,0.139632456283466,0.224121925463562
"interest_burden","interest_burden",8,0.000725675555482599,0.000728717672541864,-0.220001918395962,-0.134829646962975,0.136650776803359,0.22082546781014
"interest_burden","interest_burden",9,0.00100671707346539,0.00122539470674335,-0.200226940395532,-0.120590813341709,0.122647716333881,0.201650037757749
"interest_burden","interest_burden",10,0.000702033925089157,0.000282701142821677,-0.195061065771894,-0.115815442687436,0.117626302499728,0.196613668230492
"interest_burden","interest_burden",11,0.000637104271641991,0.00041513764804105,-0.17636860722505,-0.102964969870323,0.104897479290174,0.176296891737683
"interest_burden","interest_burden",12,0.000443717483165689,0.000257436257925463,-0.165245312809518,-0.0953742029922905,0.0970313362804576,0.164465483945957
"interest_burden","interest_burden",13,0.000472953550014166,0.00058426152479076,-0.150839781253449,-0.0855337834004568,0.0864433278048369,0.14934207258619
"interest_burden","interest_burden",14,0.000235190846140054,0.000225881593807427,-0.142067311195207,-0.0796217277880876,0.0806494161236534,0.141781031811258
"interest_burden","interest_burden",15,0.00016590707650479,0.00024727851326342,-0.133141602385912,-0.0731775518685978,0.0744739559800333,0.131608897482942
"interest_burden","interest_burden",16,9.13370682701054e-06,-3.42529122971156e-05,-0.126952947458952,-0.06894115489229,0.0693311620269421,0.125631940803646
"interest_burden","interest_burden",17,3.05853946918885e-05,0.000106343981040771,-0.120805893724018,-0.0647806176521011,0.0650833004272073,0.119570084254937
"interest_burden","interest_burden",18,-6.30799596904507e-05,5.86911238880521e-05,-0.115672265848876,-0.0618716978534461,0.0613670693874078,0.115255917413008
"interest_burden","interest_burden",19,-3.34869533933215e-05,0.000213458788390697,-0.111496452594447,-0.0583770194631689,0.0587247223410806,0.110768731939017
"interest_burden","interest_burden",20,-6.70861291155738e-05,3.82599251027357e-05,-0.108220299282282,-0.0561578847829729,0.056007481524105,0.107704372488224
"interest_burden","interest_burden",21,1.488872395428e-05,0.000134064491690472,-0.105450450691085,-0.0540953624072718,0.0541806216293847,0.105026310460678
"interest_burden","debt_growth",1,0.000598904362600184,0.000683142070182528,-0.206452514764685,-0.129580176360977,0.131593741278925,0.207923564238601
"interest_burden","debt_growth",2,0.000299885228302445,4.1114807270295e-05,-0.194391286800094,-0.123551427396639,0.12431826412755,0.195533770527832
"interest_burden","debt_growth",3,0.000359440011835905,-0.000258954901667721,-0.192725905940838,-0.122912724216412,0.123662108482148,0.194270987697016
"interest_burden","debt_growth",4,0.000616073997292262,0.00099061819254094,-0.214787462829407,-0.135742588278959,0.136890992285679,0.216912600502406
"interest_burden","debt_growth",5,0.000893988680981465,0.000848234054691941,-0.216753033035912,-0.13862145475821,0.1380641432362,0.21869776128579
"interest_burden","debt_growth",6,0.000856949589629534,0.00133814177167451,-0.236310437610085,-0.151118922344739,0.149665071032911,0.240612722139972
"interest_burden","debt_growth",7,0.000878318377345696,0.00179855829670304,-0.220368866745389,-0.138698054077406,0.139199638387424,0.224490463947929
"interest_burden","debt_growth",8,0.00087736579370898,0.00130620950859295,-0.218271019619625,-0.13466811615003,0.137009229419683,0.222611020172313
"interest_burden","debt_growth",9,0.00088606708219333,0.000865152498530668,-0.196344373089366,-0.120750460323232,0.122823659668526,0.202763025039211
"interest_burden","debt_growth",10,0.000714627937507196,0.000422510213404896,-0.192010081573845,-0.116306113807361,0.117102319676286,0.197266767954554
"interest_burden","debt_growth",11,0.000628232312205084,-6.95054250806479e-05,-0.173792161854104,-0.103840526054087,0.104435114766715,0.179063021835769
"interest_burden","debt_growth",12,0.000535355310507655,0.000114626606291226,-0.163558438421862,-0.0957901518586435,0.0962788226334986,0.169304150519362
"interest_burden","debt_growth",13,0.000461323024531732,3.33148629375135e-05,-0.148452790258934,-0.0853912211599646,0.085629083394175,0.153273509388178
"interest_burden","debt_growth",14,0.00033726957162801,-0.000151886440841351,-0.140924379254862,-0.0797213401475425,0.0798115109548571,0.144907409628692
"interest_burden","debt_growth",15,0.000279848052818534,0.000283615223190612,-0.132008441479109,-0.0739487425791345,0.0731723463125944,0.134451671652656
"interest_burden","debt_growth",16,0.000245882084128003,4.22620358048835e-05,-0.124956574405502,-0.0692437501923778,0.0690297046702303,0.127915351399363
"interest_burden","debt_growth",17,0.000236083441938204,4.46260400470503e-05,-0.119383840767959,-0.0655142273719109,0.0644042687082369,0.122261843147042
"interest_burden","debt_growth",18,0.000218231992868353,-3.56974725432803e-05,-0.114639634913205,-0.062048466354117,0.0610816171956236,0.117517935539438
"interest_burden","debt_growth",19,0.000241737974231295,0.000133940695167841,-0.111837163611264,-0.0591615465729161,0.0583052210198793,0.113884989883302
"interest_burden","debt_growth",20,0.000276679150029882,0.00017417842473306,-0.107723688997489,-0.0560820236639133,0.0560523489211164,0.109887263835456
"interest_burden","debt_growth",21,0.000318555553822842,0.000242667277447102,-0.105606664507965,-0.0540516217981041,0.0544517321606522,0.107133000778092
"interest_burden","real_house_price_growth",1,0.000223817444888443,0.00191222589434122,-0.205940174117886,-0.130345153798806,0.127958286000065,0.203834314322767
"interest_burden","real_house_price_growth",2,0.000253338768408885,0.000389832457427633,-0.193204043296863,-0.122634029914606,0.122172568087536,0.193631364826853
"interest_burden","real_house_price_growth",3,0.000167670700566377,0.0001324580787378,-0.191999563487245,-0.121820248782207,0.121544207286597,0.19276616742005
"interest_burden","real_house_price_growth",4,0.000102022253230291,0.000737817644883486,-0.213154954175216,-0.135500367411265,0.134353007607783,0.212345845445026
"interest_burden","real_house_price_growth",5,0.000212848255643849,0.000980929227050775,-0.218014995414129,-0.136316233801491,0.136745930887052,0.2164355024244
"interest_burden","real_house_price_growth",6,0.00030864381701919,0.000695784758904432,-0.236455170450407,-0.149445917369583,0.149116123778957,0.236303548006335
"interest_burden","real_house_price_growth",7,0.000295938740793255,0.00103044741583055,-0.221367108812446,-0.138595978831016,0.137087102719251,0.220858466621359
"interest_burden","real_house_price_growth",8,0.000281741263289691,0.00102464541587548,-0.219417826690694,-0.135492740438202,0.135312640934595,0.219108507981099
"interest_burden","real_house_price_growth",9,0.000269760134912104,0.00107847340454979,-0.200957196360313,-0.121300528705031,0.121563350235952,0.199394032127832
"interest_burden","real_house_price_growth",10,0.000289500037507876,0.000581265654364318,-0.19587864228189,-0.116163551589532,0.117101598901167,0.194431191662948
"interest_burden","real_house_price_growth",11,0.0002617504156685,0.000539266044758487,-0.177057906670684,-0.103315822593612,0.10446928250313,0.177913396507766
"interest_burden","real_house_price_growth",12,0.00025904542061697,0.000163485686062773,-0.166361890588582,-0.0953568304871182,0.0961715666893295,0.166596942397719
"interest_burden","real_house_price_growth",13,0.000211767597193122,0.000343030969671521,-0.151158556284771,-0.0854914694784824,0.0854282575747381,0.151806588271841
"interest_burden","real_house_price_growth",14,0.000188398919033544,0.000124850782780072,-0.142546038905415,-0.0792379073265555,0.0793570855283074,0.143393039978767
"interest_burden","real_house_price_growth",15,0.000159950351669796,-3.10347158852393e-05,-0.133906186473544,-0.0732323440815396,0.0734884794180299,0.134401677904496
"interest_burden","real_house_price_growth",16,0.000150423437851005,-0.000168477784470013,-0.127533765621681,-0.0689488072183981,0.0687266347754698,0.127555570877102
"interest_burden","real_house_price_growth",17,0.000110444457414914,-0.000222729641856317,-0.121762536401383,-0.0648467814450769,0.0654394281318567,0.121749348241764
"interest_burden","real_house_price_growth",18,8.10192804677524e-05,-0.000209297580469039,-0.117348784332529,-0.0617136439490444,0.0619883013883633,0.116993892721608
"interest_burden","real_house_price_growth",19,6.47795306179989e-05,4.1358416325391e-05,-0.112660791467239,-0.0588391908704694,0.0590998389986165,0.113438882357628
"interest_burden","real_house_price_growth",20,6.8547506327107e-05,-0.000287749879425239,-0.108872788904123,-0.0561977374274681,0.0566434978224922,0.109759198178128
"interest_burden","real_house_price_growth",21,6.36236940959547e-05,-0.000211795026966532,-0.106184696378645,-0.0544871752974483,0.0548234866262754,0.106406307205458
"interest_burden","asset_liability_ratio",1,-0.000306358739027779,-1.99915969069514e-05,-0.206183703371988,-0.130414424912653,0.129278573891511,0.206005014779991
"interest_burden","asset_liability_ratio",2,0.000746423113597079,0.000147095471864664,-0.194182943979128,-0.122103885283939,0.124739713953882,0.196436054908066
"interest_burden","asset_liability_ratio",3,0.000574804366508944,-0.000278546757651452,-0.192033362558523,-0.122281800501056,0.123943142267879,0.193814340423642
"interest_burden","asset_liability_ratio",4,0.00107992120145386,0.000168135360224794,-0.215303528135654,-0.134760611665678,0.13710060026027,0.215637314478702
"interest_burden","asset_liability_ratio",5,0.00061699506817123,0.00059961088024545,-0.216859656326505,-0.135811755892673,0.137978568828582,0.218550937383544
"interest_burden","asset_liability_ratio",6,0.000854129163637341,0.000301462033333696,-0.237344216701507,-0.147537797183136,0.149917001792926,0.238516535382216
"interest_burden","asset_liability_ratio",7,0.000705117092017248,0.000860654946708324,-0.223036760010608,-0.137314006897893,0.13815942566497,0.222909649745802
"interest_burden","asset_liability_ratio",8,0.000843731692009446,0.00123580348370501,-0.220209668064427,-0.134352507007878,0.135912027658216,0.220654170232022
"interest_burden","asset_liability_ratio",9,0.000517964609448061,0.000656711035448952,-0.19952638344212,-0.121064550761524,0.121541422049051,0.201085504037665
"interest_burden","asset_liability_ratio",10,0.000517687958886037,0.000752439406082115,-0.19360517098473,-0.115305961630126,0.116761317372366,0.195629478854756
"interest_burden","asset_liability_ratio",11,0.00038893121234524,0.000245454371294429,-0.174795607046252,-0.103368830962701,0.103700489437108,0.176866460142613
"interest_burden","asset_liability_ratio",12,0.000435623002625021,-0.000129884563857756,-0.164059204192223,-0.0951086278567337,0.0961960895123096,0.166602408203848
"interest_burden","asset_liability_ratio",13,0.000255702858658873,-0.000309184244783249,-0.149524083971307,-0.0848114375548364,0.0859666194468075,0.151642499055673
"interest_burden","asset_liability_ratio",14,0.000241003533763081,-0.000192646940607108,-0.141139076661499,-0.0785702647658878,0.0797346216924077,0.142856698829018
"interest_burden","asset_liability_ratio",15,0.00017004372719933,-0.000213788270128651,-0.131456605453708,-0.0725436887962602,0.0732682610172232,0.133073622887894
"interest_burden","asset_liability_ratio",16,0.000196627559137237,7.55634544403888e-05,-0.125301102124229,-0.0679541909778567,0.0687716677410626,0.126522136991822
"interest_burden","asset_liability_ratio",17,0.000104461980667434,-0.000251125824274607,-0.119547796276872,-0.0644335756936371,0.0644638441297275,0.120311414316488
"interest_burden","asset_liability_ratio",18,8.92631955819939e-05,-0.000166485068458601,-0.114670830503525,-0.0607722412593267,0.0609213556909755,0.1146850205483
"interest_burden","asset_liability_ratio",19,3.94821770134501e-05,-0.00013513622531055,-0.111589772480932,-0.0583676555344185,0.0580759610132982,0.110813641473701
"interest_burden","asset_liability_ratio",20,3.83750161754615e-05,-7.81339359976816e-05,-0.107446150970159,-0.0556235326550479,0.0552673651470482,0.10701710554374
"interest_burden","asset_liability_ratio",21,-2.5635200655856e-05,-0.00011274354174953,-0.105302553122358,-0.0538783865934471,0.0539414536969658,0.104597395848436
"debt_growth","gdp_growth",1,0.00108837891606807,0.00142234379983731,-0.150377102960019,-0.0946288999389332,0.0971120893286557,0.151864393954306
"debt_growth","gdp_growth",2,-2.95134327821918e-05,-0.000179217312203935,-0.0873510489332624,-0.0553261369225312,0.0554437065040181,0.0872990994505315
"debt_growth","gdp_growth",3,0.000234528461472819,1.42710049420209e-05,-0.0919749791736006,-0.05785991446365,0.0589583580754033,0.0934275906959613
"debt_growth","gdp_growth",4,-0.000326128673701773,-0.000783846010904843,-0.0965100379280503,-0.0612669737730711,0.0614003395365466,0.0966159385299045
"debt_growth","gdp_growth",5,0.000342871216863622,0.00014412146795551,-0.0974727501221204,-0.0609953171034534,0.0621532107588007,0.0988896094556534
"debt_growth","gdp_growth",6,-0.000138473794892027,-0.000216571761150137,-0.0955843709186296,-0.0589148152513778,0.0598199195126492,0.0953140282583852
"debt_growth","gdp_growth",7,0.000166840049199332,9.02618564821224e-05,-0.0874768970779316,-0.0534034117175434,0.0542753955812501,0.0877861841799408
"debt_growth","gdp_growth",8,-0.000176333383128608,-0.000170631810286405,-0.0853588890083111,-0.0517930038625142,0.0521681299146167,0.0854390727886222
"debt_growth","gdp_growth",9,0.000161021215199659,0.000168981244631473,-0.075723489250296,-0.0450275251233954,0.0457516501971837,0.0760782249906126
"debt_growth","gdp_growth",10,-5.35639429403134e-05,-0.000204892757840167,-0.0708242520718489,-0.0415476900101257,0.0417461782931393,0.0706844625268696
"debt_growth","gdp_growth",11,0.000162487142746194,0.000210287807989994,-0.0635965844230489,-0.0364744752431964,0.0371749172751516,0.0641740921440773
"debt_growth","gdp_growth",12,-3.11365036097349e-05,8.88714639130326e-05,-0.0593802278076739,-0.0335953711975591,0.0338892845697914,0.0598283707873934
"debt_growth","gdp_growth",13,0.000161126184942789,0.000218876727008038,-0.0542691220308026,-0.0309372938045638,0.0315963403729445,0.0554312159086182
"debt_growth","gdp_growth",14,3.2908173907194e-05,6.38439271120448e-05,-0.0509807106615562,-0.0286740837955729,0.0290052006258415,0.0515311628785455
"debt_growth","gdp_growth",15,0.000160984967048566,0.000253306252434292,-0.0492496801049113,-0.0278338116982722,0.0281998285711489,0.050160531407885
"debt_growth","gdp_growth",16,2.72735655164197e-05,-9.12386206622252e-05,-0.0469821888147056,-0.0263209184544506,0.0267568727438085,0.04796374390769
"debt_growth","gdp_growth",17,0.000116776828375206,0.00027149312301154,-0.0471499347073491,-0.0262451820147458,0.0265652271393703,0.0476460122925172
"debt_growth","gdp_growth",18,1.08733913816784e-05,3.0579728816935e-06,-0.0451613796878046,-0.0250069986562835,0.0255188245428997,0.0457192337687861
"debt_growth","gdp_growth",19,6.47032030778069e-05,7.02157957290536e-05,-0.0455599002257261,-0.0251868370748672,0.025552960316005,0.0460295725826812
"debt_growth","gdp_growth",20,-4.48337359633449e-05,-5.31386744831083e-05,-0.0440858127958981,-0.0242777039074519,0.0244403994311969,0.044431465238829
"debt_growth","gdp_growth",21,-1.49256343009164e-05,-7.25015298265073e-06,-0.0446828890996019,-0.0244938227969143,0.024623085578737,0.044613556364896
"debt_growth","consumption_growth",1,-0.000318492400710152,0.000436612549980011,-0.151567591955075,-0.0963444367255624,0.0945727259297441,0.149529247870153
"debt_growth","consumption_growth",2,2.23189478110181e-05,3.85978346019622e-05,-0.0871904015105903,-0.0547425916788904,0.0547615673708729,0.0873905200336468
"debt_growth","consumption_growth",3,0.000116188855777002,0.00034324153418064,-0.092539538775609,-0.057580995161568,0.057626802708298,0.0920150495560065
"debt_growth","consumption_growth",4,0.000261297829086911,0.000414137758051066,-0.096658976976512,-0.06071844740877,0.06152204604206,0.0970273399973689
"debt_growth","consumption_growth",5,9.73550542857666e-05,-0.000110078337699178,-0.0975315378424271,-0.0612832444945459,0.0608310482752717,0.0983992488569564
"debt_growth","consumption_growth",6,0.000105206300737888,-2.04966870745244e-06,-0.0957672360188908,-0.0586790748670755,0.05942089598176,0.0959705656777605
"debt_growth","consumption_growth",7,2.6201876958705e-05,1.41229021674465e-05,-0.0874580250006515,-0.0538696385756798,0.0531409271530595,0.0876267860399392
"debt_growth","consumption_growth",8,5.63006760227613e-05,0.000169809293706684,-0.0858196380112049,-0.0513303459181961,0.0518245835245273,0.0850638136432155
"debt_growth","consumption_growth",9,-4.60555199919067e-05,8.63787805244164e-05,-0.0760115813409628,-0.0451255169310357,0.0449678253661143,0.0751801084356203
"debt_growth","consumption_growth",10,-9.97194816823667e-05,-2.97644277476568e-05,-0.0711448204370296,-0.0410278619075057,0.0413605954994138,0.0697854925846502
"debt_growth","consumption_growth",11,-0.000185309565676146,0.000181240126408141,-0.0638762505283605,-0.0372053818858225,0.0362364090944875,0.0630328574639412
"debt_growth","consumption_growth",12,-0.000181419123256753,0.000180727356577655,-0.0598065674135208,-0.0339576463222865,0.0333519426518996,0.0588774141155127
"debt_growth","consumption_growth",13,-0.000250894680347708,-8.79998393692122e-05,-0.0552730713714187,-0.0315779393224705,0.0307834364044684,0.0545738372654889
"debt_growth","consumption_growth",14,-0.000261460396723354,-0.000181578297816645,-0.0516968573250806,-0.0289535776472568,0.0284086774431396,0.0508763284033508
"debt_growth","consumption_growth",15,-0.000321809187302472,-0.000294899405361117,-0.0502761673026424,-0.0282661828639186,0.0276504262162223,0.0491301128561347
"debt_growth","consumption_growth",16,-0.000298461068050766,-0.000198748738021579,-0.0479527244442986,-0.0266095964717726,0.0263219776564701,0.0468902108099432
"debt_growth","consumption_growth",17,-0.000338243179480615,-0.000203598583772697,-0.0478100099595286,-0.0269055312986719,0.0262142465112573,0.0470775736895936
"debt_growth","consumption_growth",18,-0.000314537208056771,-0.000366980659487618,-0.0463768085136407,-0.0256451344533825,0.0252947790640231,0.0454694802963266
"debt_growth","consumption_growth",19,-0.000346640071212773,-0.000431233841275395,-0.0469105896116099,-0.0259160493976805,0.0253937022952845,0.0461819611342712
"debt_growth","consumption_growth",20,-0.000306375472307849,-0.000330754741608449,-0.0451843754795815,-0.0249286547317242,0.0245637261346251,0.0448394157507464
"debt_growth","consumption_growth",21,-0.000323323162632501,-0.000326932405455043,-0.045436439748645,-0.0251536613970701,0.0245209559037348,0.0450507991719918
"debt_growth","cpi_growth",1,0.000149892365614207,-2.27349017178167e-05,-0.150628420698597,-0.0936521508520914,0.0951316932128911,0.151465370273867
"debt_growth","cpi_growth",2,5.37172419398238e-05,-0.000228736479268735,-0.0873019070342374,-0.0546198351382456,0.0551588494998878,0.0877260770592501
"debt_growth","cpi_growth",3,0.000169185119098589,-0.000339687547925915,-0.0930513845673357,-0.0575706739521409,0.058733797190553,0.0925600523711578
"debt_growth","cpi_growth",4,1.1357233709272e-05,-0.000201754085932185,-0.0971528652014124,-0.0611867418955049,0.0607712456849833,0.0970242647306424
"debt_growth","cpi_growth",5,2.0323713256304e-05,-0.000534809835033774,-0.0980197879261034,-0.0611004065987076,0.0623522936078738,0.0978217025090781
"debt_growth","cpi_growth",6,2.85306588801321e-06,-8.26010986933127e-05,-0.0958756371833303,-0.059164104314023,0.0591690646596347,0.0956320311280036
"debt_growth","cpi_growth",7,4.67663502583906e-05,-0.000424768834010762,-0.0884322786220923,-0.0539611791457852,0.0544188026803307,0.088280864221161
"debt_growth","cpi_growth",8,-6.35129815106368e-05,3.52488376143445e-05,-0.0866042237688885,-0.0521865765371518,0.0519190106692559,0.086105591001847
"debt_growth","cpi_growth",9,-2.62495307823986e-05,-0.00016087363875437,-0.0762660605397033,-0.0453689056665475,0.0454186256198658,0.076899740572127
"debt_growth","cpi_growth",10,-4.4435808279103e-05,-0.000230863949456759,-0.0715781819460546,-0.04184759890575,0.0414084516426598,0.0712493727514834
"debt_growth","cpi_growth",11,-1.03049380521938e-05,-0.000136337640446939,-0.0638976804060293,-0.0371036954950043,0.0370546799250535,0.0644750084754967
"debt_growth","cpi_growth",12,-5.62967206272814e-05,-0.00012890822528711,-0.060743333359265,-0.0343759309482026,0.0338611594532128,0.0597736562998923
"debt_growth","cpi_growth",13,-2.00461087556046e-05,-7.78325953605906e-05,-0.0556742204170195,-0.0315285960691497,0.0314261361497376,0.0553947859430003
"debt_growth","cpi_growth",14,-1.6781096341524e-05,2.81664926169724e-05,-0.0524362346643521,-0.0292159229512002,0.0287149969982725,0.0516113948834267
"debt_growth","cpi_growth",15,1.59937693354922e-05,7.76224205326584e-05,-0.0508897195778327,-0.0284262221025021,0.0280614966832764,0.0502374583946251
"debt_growth","cpi_growth",16,6.09216681576151e-06,-2.80507758621035e-05,-0.0483477590079307,-0.0270392493769358,0.0264376897475841,0.0475768228937104
"debt_growth","cpi_growth",17,3.73499356073552e-05,6.34747081697804e-05,-0.047816118492904,-0.0269166343165534,0.0267478633942675,0.0474559477047881
"debt_growth","cpi_growth",18,5.04708379655186e-05,9.43968862782406e-05,-0.0462040097656701,-0.0257386633744283,0.0255355659264159,0.0457702998244855
"debt_growth","cpi_growth",19,7.60067406651844e-05,0.000111288373584881,-0.0465129281539195,-0.0257190650198319,0.025722563822733,0.0463064348632146
"debt_growth","cpi_growth",20,8.15747506508529e-05,0.000122069339015993,-0.0451373679952516,-0.0249336884786472,0.0248475753931727,0.0448262319440772
"debt_growth","cpi_growth",21,0.000105064389039716,0.000174765859128942,-0.0454527861536644,-0.024912709374304,0.0251027755129636,0.0452763848147631
"debt_growth","saving_rate",1,0.000407555666418419,0.00102351821737387,-0.150411339833401,-0.0959961628983641,0.0956753558755562,0.152127208266052
"debt_growth","saving_rate",2,0.000577134756447723,0.000286611627788093,-0.0857784258926832,-0.0543555159675646,0.0560073574663432,0.0881718255022443
"debt_growth","saving_rate",3,0.000506167004130705,0.000344327199676052,-0.0915373986387828,-0.0577455093107629,0.0586220647460205,0.0931816158788595
"debt_growth","saving_rate",4,0.00078862717193772,0.000560102772571681,-0.0966005721381368,-0.0599545586978032,0.0622078353708005,0.0975522703919393
"debt_growth","saving_rate",5,0.000684238215484856,0.000551185439275952,-0.0969761660272787,-0.0608198739622156,0.0624863135097954,0.0982875018001099
"debt_growth","saving_rate",6,0.000674144853314294,0.000786298196638715,-0.0947437192123606,-0.0584433915836192,0.0601218005479374,0.095813799913131
"debt_growth","saving_rate",7,0.000564543410346639,0.000715427822798381,-0.0875238952718869,-0.0533216034465798,0.0547372747530649,0.0879451602956288
"debt_growth","saving_rate",8,0.000513723735792457,0.000969832611976161,-0.0857101939492682,-0.0518600284495122,0.0523203193015211,0.0857100572829282
"debt_growth","saving_rate",9,0.00038875501717951,0.000785004203412905,-0.0766463705631395,-0.0450003104476574,0.0458739422829746,0.0760650748204637
"debt_growth","saving_rate",10,0.00032322897131622,0.000894837694393308,-0.0710040692246916,-0.0417093611819893,0.0414972538220387,0.0708585545264483
"debt_growth","saving_rate",11,0.000217231614382918,0.000285111025504101,-0.0637804846184893,-0.0365018944960234,0.037040901387008,0.0637270032613757
"debt_growth","saving_rate",12,0.000149515251127953,0.000431071220587198,-0.0598854620735459,-0.0338883381226242,0.0336475472901869,0.0596880917484737
"debt_growth","saving_rate",13,9.03907972744936e-05,0.00019754087304159,-0.0548254342468974,-0.0310749272834439,0.0311874871821581,0.0552232168932399
"debt_growth","saving_rate",14,4.45487167631182e-05,0.000221991039642068,-0.0514962502010086,-0.0287106727258909,0.0285900433737228,0.0510330898632313
"debt_growth","saving_rate",15,6.41405999828805e-06,4.11434079040024e-05,-0.0498912289146638,-0.0277808815654871,0.0278205694317834,0.0496734472655282
"debt_growth","saving_rate",16,-2.29597379670093e-05,0.000162469785169334,-0.0478216128591861,-0.0263542576457652,0.0264245436786315,0.0467683608222192
"debt_growth","saving_rate",17,-3.1377634831169e-05,-4.40400265554365e-06,-0.0478030749871868,-0.0264965499122936,0.0264522298696379,0.0470185225876031
"debt_growth","saving_rate",18,-4.44337973061099e-05,-3.44527736639422e-05,-0.0458916843933798,-0.0252752809586318,0.0255254558380837,0.0454596363761742
"debt_growth","saving_rate",19,-4.5304017242984e-05,7.109612413693e-05,-0.0462725527160343,-0.0255545252642339,0.0255383710778494,0.0456942716844854
"debt_growth","saving_rate",20,-5.34454799336281e-05,2.18523543871184e-05,-0.0449477346128041,-0.0246421024283892,0.0245590598888329,0.044884398698745
"debt_growth","saving_rate",21,-4.55222468708837e-05,-4.37867442638845e-06,-0.0454628301373237,-0.0249659254411359,0.0246500737521569,0.0453353082428032
"debt_growth","policy_rate",1,-0.0912946478100303,-0.0847684966933793,-0.196999751686934,-0.155778755954382,-0.0276356532255119,-0.0087281347800862
"debt_growth","policy_rate",2,-0.0178044830580546,-0.0180111900115706,-0.0856333720728104,-0.0596096087065106,0.0237126065001088,0.0505787723329643
"debt_growth","policy_rate",3,-0.0293665837956488,-0.0285902261703631,-0.101876353550957,-0.0733553621352421,0.0143439226524557,0.0406532028012447
"debt_growth","policy_rate",4,0.0128438030733502,0.0116527436858862,-0.058325680543073,-0.0308368649594971,0.0568968491843209,0.0868970636493714
"debt_growth","policy_rate",5,-0.0217577096344441,-0.0208121877196768,-0.0980105827748102,-0.0679320702948768,0.0233691255997928,0.0519500866557026
"debt_growth","policy_rate",6,0.0111389112298667,0.0098318954443969,-0.0589063448381123,-0.032304349913887,0.0543424817691556,0.0858144899570145
"debt_growth","policy_rate",7,-0.00328222097461006,-0.00333919558487832,-0.0717685151824941,-0.0445017016268216,0.0374479016203177,0.065580528291973
"debt_growth","policy_rate",8,0.019142328388038,0.0179833085072987,-0.0444134967312904,-0.0195904665889345,0.0574142506129469,0.0868922311486875
"debt_growth","policy_rate",9,-0.000733196553966809,-0.000868922215871852,-0.0623196675873904,-0.0370929470662473,0.0348818240157567,0.0615538965705647
"debt_growth","policy_rate",10,0.0139112428791657,0.0130846584396021,-0.0423003121558992,-0.0194905038006505,0.0466089704586424,0.0733727544332236
"debt_growth","policy_rate",11,0.00170034322636112,0.00139180637228542,-0.0516791393108791,-0.0292916101909506,0.0323217916445855,0.0566582145299176
"debt_growth","policy_rate",12,0.0123997779401957,0.0118469305958935,-0.0372582279251068,-0.0161308464660549,0.0404068596878411,0.0645155449853985
"debt_growth","policy_rate",13,0.0001544639417647,-7.97739531538161e-06,-0.0472699580217199,-0.0271275805144076,0.0268098608935184,0.0487530546334016
"debt_growth","policy_rate",14,0.00734167119185206,0.0071038109745271,-0.037878825465212,-0.0181831367112814,0.0323935298012323,0.0537062625196118
"debt_growth","policy_rate",15,-0.00095116266614808,-0.00119788932362355,-0.044601106846558,-0.0257487773523715,0.023596907089283,0.0436620196961551
"debt_growth","policy_rate",16,0.00481297620470654,0.00462297742539459,-0.0378486574200802,-0.0191997068692174,0.02866734779508,0.0485378818988731
"debt_growth","policy_rate",17,-0.00234340959608826,-0.00253424135089429,-0.0442551145459556,-0.0259906478113781,0.0213679958155714,0.0404331000319062
"debt_growth","policy_rate",18,0.00190339832438907,0.00179700931555917,-0.0396198497491072,-0.0213023329040678,0.0251398168405288,0.0438464795896691
"debt_growth","policy_rate",19,-0.0030969477002025,-0.00321781113233503,-0.0439798985187709,-0.0262638693939088,0.0200047743420234,0.0383883855596656
"debt_growth","policy_rate",20,0.000540055559848409,0.000552374504174648,-0.0404790467809904,-0.0222453684626048,0.0233390374809795,0.0418467590126115
"debt_growth","policy_rate",21,-0.003447040021735,-0.00355608434964846,-0.0444074074369835,-0.0263030002331575,0.0192905408953989,0.0375500827270071
"debt_growth","interest_burden",1,-0.000900254833802104,-0.00137998791289642,-0.149713801348846,-0.0950284185428557,0.0936206835621047,0.14996211566799
"debt_growth","interest_burden",2,-0.000348943672488348,-0.000345111199277283,-0.0871714954493144,-0.0559564371197062,0.0551367002618719,0.0868026014869214
"debt_growth","interest_burden",3,-0.000439438338173915,-0.00062160108337949,-0.092258709703352,-0.0581036324853096,0.0576379155271735,0.0915660883513422
"debt_growth","interest_burden",4,-0.00022164946260227,0.000332376402844252,-0.0978221510520493,-0.0617807073922695,0.0610474129351656,0.0965470569464564
"debt_growth","interest_burden",5,-0.000610517143741034,-0.000873907868642977,-0.0975429890588286,-0.0622028625068937,0.0603113425633115,0.0963196701079577
"debt_growth","interest_burden",6,-0.000345573271890737,-0.000124758994640734,-0.0961348731830495,-0.0598500219720784,0.0590704650784513,0.0940755017712065
"debt_growth","interest_burden",7,-0.000380992866915214,-0.000202473039797519,-0.0880798885813912,-0.0541122766680581,0.0531272985809462,0.0869539639912991
"debt_growth","interest_burden",8,-0.000111789437824697,0.000537164847833159,-0.0862701135938219,-0.0523183821186251,0.05174648011106,0.0849722372461309
"debt_growth","interest_burden",9,-0.00027888573792408,-0.000183562243015592,-0.0759998787503217,-0.0454068386797613,0.0448226422433318,0.0753595266820891
"debt_growth","interest_burden",10,-6.41553323148259e-05,0.000213740178437956,-0.0713666127174476,-0.0417232224426731,0.0413251663696261,0.0708227478813499
"debt_growth","interest_burden",11,-8.98950040117066e-05,-1.632171389351e-05,-0.0644197026261516,-0.0369467220742573,0.0365127442978214,0.0636649083831994
"debt_growth","interest_burden",12,0.000111460689429196,0.000253769013549662,-0.0598069650823209,-0.0338723808265113,0.0337884805296307,0.0598578111688932
"debt_growth","interest_burden",13,2.81238475680412e-05,0.000196725365941847,-0.0550336745297117,-0.0313282031141673,0.0308723436388226,0.0553454233140589
"debt_growth","interest_burden",14,0.000153889977549883,0.000212981337661225,-0.0514062383032217,-0.028721317674546,0.028883478130096,0.0520140217884084
"debt_growth","interest_burden",15,0.000104854755724199,0.00029488263583836,-0.0494694391304369,-0.0278296681828176,0.0278374667059159,0.050007427549238
"debt_growth","interest_burden",16,0.000205040685382734,0.000191571173094874,-0.0472446652836682,-0.0261944113327694,0.0266181992000691,0.0478247186325082
"debt_growth","interest_burden",17,0.000130133113083979,0.000143739200728254,-0.0470850213330996,-0.0263456572888838,0.0266036513394628,0.0472372274442563
"debt_growth","interest_burden",18,0.000177590500523784,0.000209565140602091,-0.0453189924611722,-0.0250467567515911,0.0255021460941798,0.0457441826149614
"debt_growth","interest_burden",19,0.000110054272878667,0.000146651007744688,-0.0457776541890386,-0.0252910961334829,0.0257211341230822,0.0464454998669414
"debt_growth","interest_burden",20,0.000142218998151631,3.24337069239703e-05,-0.044581594643377,-0.0243466955974291,0.0248442763376392,0.0448688027877502
"debt_growth","interest_burden",21,7.18711575507448e-05,4.20216641716507e-05,-0.0448168413211284,-0.024571963258512,0.0250091750486194,0.0451352065153766
"debt_growth","debt_growth",1,-0.000384476023713956,-0.000103583505510429,-0.150249070204273,-0.0962206431038489,0.0945565536142254,0.149776048978248
"debt_growth","debt_growth",2,-0.000305751619756881,-0.000114905547976414,-0.0887198156062688,-0.0556795624459208,0.0552245911706037,0.0873112939819388
"debt_growth","debt_growth",3,-0.000223317253154065,-0.000291629702600475,-0.0934716240209679,-0.0594311444252761,0.0587462157203902,0.0930732457112725
"debt_growth","debt_growth",4,-0.00016990998078447,0.000162740853915501,-0.0975589145785141,-0.0614761842344661,0.0603150372607131,0.0973743396738264
"debt_growth","debt_growth",5,-0.000476086408513944,-0.000363041896890235,-0.0978607028844345,-0.0626152528448828,0.0607593470705104,0.098128045340394
"debt_growth","debt_growth",6,-0.00038996739901233,-0.000218882782003141,-0.0964320205902396,-0.0598232848751599,0.0591365447072546,0.095394798371326
"debt_growth","debt_growth",7,-0.000380838843294594,-0.000202348226211765,-0.0879272667452486,-0.0547366317875369,0.053656253397974,0.0870910870667617
"debt_growth","debt_growth",8,-0.000357373842778364,-0.000235657524610319,-0.0859898735345347,-0.0527972168934836,0.0516094042887527,0.0858952769392308
"debt_growth","debt_growth",9,-0.000372131049402432,-0.000574817427943747,-0.0765568374936761,-0.0456566609236509,0.0450491129398188,0.0758935218278091
"debt_growth","debt_growth",10,-0.000300334303519463,-0.00015181554954326,-0.0712606371436281,-0.0421729334623481,0.0413601026688262,0.0710412318898687
"debt_growth","debt_growth",11,-0.000241136751375278,-0.00024110930256189,-0.0648173592895911,-0.0373234705418887,0.0367743197903273,0.0635597122937341
"debt_growth","debt_growth",12,-0.000186840069316029,-0.000114159676275658,-0.0597459778270643,-0.0344782308953306,0.0338288753848295,0.0597460160805398
"debt_growth","debt_growth",13,-0.000156890270812198,-0.000133405243230691,-0.0554843089806021,-0.0316699337446264,0.0312883418417585,0.0550287378178534
"debt_growth","debt_growth",14,-0.000103071512909334,-7.5424769297596e-05,-0.0519845744414425,-0.0294399498628218,0.0288833902351157,0.051698244869365
"debt_growth","debt_growth",15,-6.31914235205172e-05,-7.52808967447257e-05,-0.0505874478134625,-0.0283548307943086,0.0281297649247461,0.0498430603351332
"debt_growth","debt_growth",16,-4.10121238530813e-05,-7.73339222741264e-06,-0.0482358371551559,-0.0267783604288388,0.0267077317613558,0.0476706137626239
"debt_growth","debt_growth",17,-3.70951778434105e-05,-0.0001052527188609,-0.0480942974626244,-0.0268860887228198,0.0266363561507306,0.0475680677146402
"debt_growth","debt_growth",18,-3.26073204383572e-05,-8.31355631251561e-05,-0.0462312643845237,-0.0257537889067938,0.0256834223858704,0.0459469308124211
"debt_growth","debt_growth",19,-3.89771344885609e-05,-2.92803077389778e-05,-0.0463663353363035,-0.0259082652437983,0.0256180542950184,0.0458284360861246
"debt_growth","debt_growth",20,-5.66003848422076e-05,-5.49026154150318e-05,-0.0454516705045999,-0.0249544008970049,0.0250159938090632,0.0442618171425476
"debt_growth","debt_growth",21,-8.27236271269868e-05,-9.82766717976253e-05,-0.0457077444938104,-0.025173613999368,0.0248680586926524,0.044573199627646
"debt_growth","real_house_price_growth",1,-0.000208825999085262,-0.000375997905087105,-0.150774933790612,-0.096114284642682,0.0949782408741352,0.15151671265099
"debt_growth","real_house_price_growth",2,-0.000322771176361992,-0.000159766841747001,-0.0874839940086055,-0.0556889305834324,0.0548698272452344,0.086392241116574
"debt_growth","real_house_price_growth",3,-0.000286646916725581,-0.000235336709885552,-0.0934622708900896,-0.059155388145219,0.0586576781488708,0.0923304538619093
"debt_growth","real_house_price_growth",4,-0.000269465850304375,-0.000572651055290664,-0.0968165643530561,-0.061075590501642,0.0608773102684763,0.096929616158551
"debt_growth","real_house_price_growth",5,-0.000366798247538824,-0.000265024990438592,-0.0989404036186334,-0.0623640160172877,0.0615347024411051,0.0979014316152911
"debt_growth","real_house_price_growth",6,-0.000364710708202109,-0.000588324127875346,-0.0955722895124048,-0.0595864065228917,0.0592344444035943,0.0958633003058079
"debt_growth","real_house_price_growth",7,-0.000350413432728372,-0.000252491481953032,-0.0884574350547962,-0.0543123231603338,0.0538112445019627,0.0883879826591914
"debt_growth","real_house_price_growth",8,-0.0003266971081961,-0.000619373347251657,-0.0859410128029845,-0.0524486193312145,0.0515905506436672,0.0860991206782248
"debt_growth","real_house_price_growth",9,-0.000317408747061433,-0.000589672141060411,-0.0766220027697428,-0.0459596454883149,0.0451726142220239,0.0764777804665274
"debt_growth","real_house_price_growth",10,-0.000304716059422815,-0.000565508642384157,-0.0715139997192713,-0.0417826099003506,0.040997251111568,0.0716207251405416
"debt_growth","real_house_price_growth",11,-0.000282377291929012,-0.000413993206778606,-0.0645065829477167,-0.0373340035086266,0.0364600574838053,0.0642800983121023
"debt_growth","real_house_price_growth",12,-0.00026485770341438,-0.000218889306046296,-0.0600126940222721,-0.0343205608413338,0.0334831874406763,0.0596188798996764
"debt_growth","real_house_price_growth",13,-0.000239372149574669,-9.72124110439659e-05,-0.0560584561233373,-0.0316858330719726,0.0309468054536153,0.0550575657273613
"debt_growth","real_house_price_growth",14,-0.000219061108285886,-0.000161584002635986,-0.0524044107578349,-0.0290318620698341,0.0286958522229958,0.0510406707638357
"debt_growth","real_house_price_growth",15,-0.000191229395419229,-4.19290787722135e-05,-0.0504809231041214,-0.0285101682588222,0.0279132973468205,0.0498861298278066
"debt_growth","real_house_price_growth",16,-0.0001736416910717,-5.68951713575176e-05,-0.0482233344536217,-0.0268640092477747,0.0264091038215866,0.0472782592209222
"debt_growth","real_house_price_growth",17,-0.000150537824591418,-5.5981049495295e-06,-0.0480335202799465,-0.0273276773979684,0.026316407660568,0.0474664831448578
"debt_growth","real_house_price_growth",18,-0.000128606078504037,1.58465644159825e-05,-0.0464234072519871,-0.0258019979168502,0.0253830659646601,0.0459574059077301
"debt_growth","real_house_price_growth",19,-0.00010807045822626,2.40223700141852e-05,-0.0465896423949395,-0.0260620301694743,0.025527634216459,0.0464467284697137
"debt_growth","real_house_price_growth",20,-9.41945992330111e-05,-4.20711130987127e-05,-0.0452504320225289,-0.0251035756894804,0.0246506654905502,0.0450344522271758
"debt_growth","real_house_price_growth",21,-8.13645852325497e-05,-3.31192762583126e-05,-0.0456854028060088,-0.0253346899609477,0.0247999584425979,0.0451032527767877
"debt_growth","asset_liability_ratio",1,0.000454429612359073,0.000234474779237209,-0.150457322366593,-0.0959268096798246,0.0968824699925613,0.153017825989984
"debt_growth","asset_liability_ratio",2,-0.000115349228779796,-0.000225131285651471,-0.087109471574118,-0.0550703630014084,0.0549006910417012,0.0872311534185556
"debt_growth","asset_liability_ratio",3,-1.41848119621463e-05,-0.000148685244320068,-0.0924577721446104,-0.058994747729997,0.0582490596457478,0.0936452576490196
"debt_growth","asset_liability_ratio",4,-0.000330229943728184,-0.000677772941353894,-0.096446999879915,-0.0612645902291056,0.0602061389887158,0.0970413432547782
"debt_growth","asset_liability_ratio",5,4.88170035343925e-05,5.7286016999893e-05,-0.0983361175073058,-0.0615879041336909,0.0618040591764447,0.0992215573252086
"debt_growth","asset_liability_ratio",6,-0.00027534822690755,-0.00035554354996624,-0.0951833124498618,-0.0591408175089989,0.058878945911904,0.0959658955265134
"debt_growth","asset_liability_ratio",7,-0.000106967651801473,0.000171947058980158,-0.0872406750727643,-0.0545100496781016,0.0536768625511339,0.088272541716694
"debt_growth","asset_liability_ratio",8,-0.000306351561642727,-0.000433224552893901,-0.0858492645974553,-0.0522112614230272,0.051357259368734,0.0854245973188726
"debt_growth","asset_liability_ratio",9,-0.000129764557953104,-0.000246014147334893,-0.0760751261752551,-0.0457679347851721,0.0452426440246806,0.0765921794086235
"debt_growth","asset_liability_ratio",10,-0.000234949117220337,-0.000409248820801621,-0.0713386192993903,-0.0412968481083054,0.0412021931331077,0.0709065339518245
"debt_growth","asset_liability_ratio",11,-0.00013902129058708,-0.000273190086459073,-0.0644574122917386,-0.0369782573521468,0.0367491124548314,0.0643200892487043
"debt_growth","asset_liability_ratio",12,-0.000234822509727301,-0.000472428663539451,-0.0601467072187294,-0.0338184469033669,0.0336574110642215,0.0594370268042001
"debt_growth","asset_liability_ratio",13,-0.000138662490626644,-0.000134215280141967,-0.0558080134928415,-0.0314773517622682,0.0313130869565931,0.0553727349143834
"debt_growth","asset_liability_ratio",14,-0.000180816342204011,-0.000333781517650858,-0.0520143877339253,-0.0290559965601245,0.0287257328288675,0.0510423129079128
"debt_growth","asset_liability_ratio",15,-0.000122341142387857,7.81021523539355e-05,-0.050607815419334,-0.0282779505696029,0.0281193914542947,0.0499280418635709
"debt_growth","asset_liability_ratio",16,-0.000168737708305355,9.00146016493391e-06,-0.0480135183627907,-0.0267964427822911,0.026306525948026,0.0472370520056456
"debt_growth","asset_liability_ratio",17,-0.000112651828776926,0.000165060906939082,-0.0481180504676097,-0.0270861792262577,0.0265645516292184,0.0472773947491509
"debt_growth","asset_liability_ratio",18,-0.000126975208205317,0.000148295212525273,-0.0465274826639143,-0.0258634898648047,0.0251947727900564,0.0457400001926696
"debt_growth","asset_liability_ratio",19,-8.73697509370087e-05,0.000123719963855576,-0.0468261005405699,-0.0260405761761608,0.0255355632384892,0.0461069296923349
"debt_growth","asset_liability_ratio",20,-0.000106847487141464,7.57085089206576e-05,-0.0454151420750002,-0.0252024551933067,0.0246262673766089,0.0450165573225954
"debt_growth","asset_liability_ratio",21,-7.32946357454694e-05,0.000113519119581725,-0.045796717498888,-0.025220267748196,0.0249102587231201,0.0453085418349217
"real_house_price_growth","gdp_growth",1,-0.00173693895802762,-0.000472692527712981,-0.700966820591157,-0.446236489872998,0.440422949004377,0.698967025228693
"real_house_price_growth","gdp_growth",2,0.000564278590054438,-0.00133254929079471,-0.489838810652939,-0.305916756148619,0.308374629012464,0.489842784857156
"real_house_price_growth","gdp_growth",3,-0.00207980715467702,-0.000746190488119016,-0.511500306762484,-0.31999629606721,0.316899308560551,0.50410126243583
"real_house_price_growth","gdp_growth",4,-0.00041335383425802,6.22598170344074e-05,-0.35856093042672,-0.220798480046508,0.220001864505747,0.357489311824677
"real_house_price_growth","gdp_growth",5,-0.000747474960414661,-0.00114117575777407,-0.315169020866546,-0.191018338908151,0.190774915291069,0.312226401928629
"real_house_price_growth","gdp_growth",6,0.000944075124691304,0.00229974986019206,-0.240186264269321,-0.141268608012027,0.142258033446786,0.238254039405707
"real_house_price_growth","gdp_growth",7,-0.00055458591752258,-0.000426706583027439,-0.241695724834459,-0.142626834334994,0.141355557318908,0.238884392298818
"real_house_price_growth","gdp_growth",8,8.7597875659987e-05,0.000776609804366229,-0.191176056182421,-0.110816645167566,0.110384173210292,0.1895165894716
"real_house_price_growth","gdp_growth",9,-1.25982079388958e-06,0.000235131584540054,-0.16057416861126,-0.092564751582452,0.0925157592542943,0.160596764153
"real_house_price_growth","gdp_growth",10,0.000995203535464672,0.00056903436549955,-0.14700420535231,-0.0835357948007446,0.0858054376373987,0.150063329206529
"real_house_price_growth","gdp_growth",11,0.000225188613207997,0.00079297062484809,-0.13940187825217,-0.078593484593215,0.0785382787234074,0.138379024926413
"real_house_price_growth","gdp_growth",12,0.000459611990111909,0.000442493544199187,-0.136696200701675,-0.0770242953888205,0.0776368750531809,0.138504766299224
"real_house_price_growth","gdp_growth",13,0.000165472982898778,6.09752854648571e-05,-0.125808553882503,-0.0697155613236713,0.0695603398319488,0.127337993482455
"real_house_price_growth","gdp_growth",14,0.000685266304778981,0.000104553672316588,-0.125236404075657,-0.0692499773646192,0.0702496792481236,0.127785388716345
"real_house_price_growth","gdp_growth",15,0.000189325236532892,0.000163090968505079,-0.11397322888825,-0.0608913619558579,0.0613674143370043,0.112549364307153
"real_house_price_growth","gdp_growth",16,0.000247568321340204,0.000184483840288605,-0.111380528802081,-0.060764946170455,0.0608791024870977,0.11175328704053
"real_house_price_growth","gdp_growth",17,-9.61833975299176e-05,4.13022482964234e-05,-0.103466635781293,-0.0558555186680372,0.0552541469439254,0.102041329615045
"real_house_price_growth","gdp_growth",18,0.000107224544247918,1.51153501628948e-05,-0.100868032487338,-0.0543690325624474,0.0546668364039373,0.101247038862662
"real_house_price_growth","gdp_growth",19,-0.000242249078208136,-0.00041444292990894,-0.0928260360713566,-0.0488914959704528,0.0487520948094039,0.0920664965433917
"real_house_price_growth","gdp_growth",20,-0.000241555592950159,-0.000340998946660747,-0.0910472660641054,-0.0478065261507659,0.0475471613790628,0.0902641956764798
"real_house_price_growth","gdp_growth",21,-0.000507836391961171,-0.000325699468310523,-0.0861575093540225,-0.0447096666041735,0.0440411472579029,0.0852353383989114
"real_house_price_growth","consumption_growth",1,0.000301388009688877,0.00162993955611044,-0.689913810189812,-0.440992801856541,0.443314114303897,0.69445654840287
"real_house_price_growth","consumption_growth",2,7.09071423747603e-05,-0.00058316950586166,-0.488557314448527,-0.307102175062241,0.309856558027193,0.482314073314537
"real_house_price_growth","consumption_growth",3,0.00104619219868516,0.00302432585574769,-0.511970192994501,-0.318803229045214,0.322223035506858,0.508011507554381
"real_house_price_growth","consumption_growth",4,0.000872272553432964,0.00147446472120999,-0.356837878321073,-0.221205967071065,0.22202595295895,0.360066342900764
"real_house_price_growth","consumption_growth",5,0.000412850820641741,0.000423144971912498,-0.316296832481119,-0.191404846046469,0.191767451058856,0.315722055757368
"real_house_price_growth","consumption_growth",6,-0.000493145839209147,-0.000328156281544083,-0.237292945144076,-0.141274033309129,0.141173057249872,0.23826988355177
"real_house_price_growth","consumption_growth",7,-0.000348534519801036,-0.000562528031429611,-0.241011483972745,-0.142443242075066,0.141015377753888,0.239890321932954
"real_house_price_growth","consumption_growth",8,-0.000208326608826765,-0.00015645757511986,-0.191170212753857,-0.110748619228169,0.110515478794438,0.188011990920427
"real_house_price_growth","consumption_growth",9,-0.000411249860260467,-0.000274030670040306,-0.160064977542064,-0.0930375293116708,0.0914950426763339,0.160105367705486
"real_house_price_growth","consumption_growth",10,-0.00089103234931219,-0.000751172726896394,-0.148372411557266,-0.085467400333046,0.0833058442359799,0.146011822340748
"real_house_price_growth","consumption_growth",11,-0.0008527005837846,-0.000755076760970539,-0.139423846656535,-0.078991558603215,0.0772095047766057,0.137424085938071
"real_house_price_growth","consumption_growth",12,-0.000798880186424909,-0.000755440412984905,-0.138191529249356,-0.0781315451095104,0.0758402556953762,0.135849164307777
"real_house_price_growth","consumption_growth",13,-0.000764914946857126,-0.000530051506046799,-0.127909859179837,-0.0708340952914071,0.0687030405074676,0.124872748968852
"real_house_price_growth","consumption_growth",14,-0.000970120026905894,-0.000683360329004259,-0.128331328046756,-0.0709018862976353,0.0690258982864095,0.125547005075669
"real_house_price_growth","consumption_growth",15,-0.000898414861564523,-0.00100669023298397,-0.114942594969938,-0.0626350275527442,0.0612521494075323,0.113505374567208
"real_house_price_growth","consumption_growth",16,-0.000882945795771777,-0.00047439686328335,-0.115554191672588,-0.0619457160372266,0.0608400196090078,0.11275800591572
"real_house_price_growth","consumption_growth",17,-0.000757712004911244,-0.000545146710212648,-0.106192384706022,-0.0564623274835709,0.0552911032519023,0.102967488436636
"real_house_price_growth","consumption_growth",18,-0.000819202162970163,-0.000551313108788189,-0.104322518163742,-0.0561934020562878,0.0548994473765634,0.102202365032043
"real_house_price_growth","consumption_growth",19,-0.000688701014841938,-0.00028206506985113,-0.094982713841289,-0.0503088983626118,0.0489747543820524,0.092224912700041
"real_house_price_growth","consumption_growth",20,-0.00065627513854667,-0.000185730386949261,-0.0933809829223995,-0.0491034512186758,0.0480884715388076,0.0911673831707827
"real_house_price_growth","consumption_growth",21,-0.000488718636023253,-0.00018991852195948,-0.0877413923174875,-0.0458731918728091,0.0451734694931561,0.0847500335084642
"real_house_price_growth","cpi_growth",1,8.81143765265853e-05,-0.00217957034567859,-0.689046757765239,-0.445590917250623,0.446210555249457,0.696413352959104
"real_house_price_growth","cpi_growth",2,0.000886972628109958,0.00137071646115966,-0.491238913753674,-0.310657848411564,0.309922163624932,0.494251151300771
"real_house_price_growth","cpi_growth",3,-0.000437002928909294,0.000791136784131855,-0.505917892213274,-0.321446270594104,0.31593889871262,0.504413061440786
"real_house_price_growth","cpi_growth",4,-0.00025441771251115,-0.000794248831401974,-0.359602462945136,-0.221545483230223,0.219948567825238,0.358657800240264
"real_house_price_growth","cpi_growth",5,-0.000113671632178244,1.18915555904161e-05,-0.315906059177338,-0.189741199390951,0.189513816805059,0.309855851432156
"real_house_price_growth","cpi_growth",6,0.00060990704651655,0.000819801992217858,-0.238299738409222,-0.140141451122389,0.141817498613554,0.239727724540224
"real_house_price_growth","cpi_growth",7,-0.000157033975465505,-6.80941679273642e-05,-0.239459980438341,-0.142984848043563,0.14210127464429,0.238482857420338
"real_house_price_growth","cpi_growth",8,-0.0003244769566415,-0.000774833973303109,-0.189619017118698,-0.111062246906182,0.111028404786313,0.189140236853343
"real_house_price_growth","cpi_growth",9,-0.000563780705307776,0.000280769003339147,-0.160733041219591,-0.0940492597597859,0.0924132602468662,0.159771745146326
"real_house_price_growth","cpi_growth",10,-4.15827252666865e-05,4.48833271849305e-05,-0.147022461303839,-0.0852729302790019,0.0848781973384932,0.146401587688507
"real_house_price_growth","cpi_growth",11,-0.000326806642379327,-0.000292272641653764,-0.138409695865709,-0.0791411548872885,0.0791717065163859,0.137092916894083
"real_house_price_growth","cpi_growth",12,-0.00029464710409092,5.83581806455191e-07,-0.136474751334391,-0.0769409791581129,0.0768543865454497,0.135433257236194
"real_house_price_growth","cpi_growth",13,-0.000355061354737495,-0.000200154058472801,-0.126163133659415,-0.0704589280265454,0.0693939145837347,0.125178955402933
"real_house_price_growth","cpi_growth",14,-4.04891491979949e-06,0.000429532953551027,-0.126326836445233,-0.0700166407827275,0.0694936709851417,0.125803886834252
"real_house_price_growth","cpi_growth",15,-4.34462354229845e-05,8.77030709905899e-05,-0.113688070006475,-0.0617470190189549,0.0616105646394523,0.113991255135117
"real_house_price_growth","cpi_growth",16,4.60293216844013e-05,0.000430993338419997,-0.112441298052442,-0.06127966380429,0.0605061092485175,0.112272696971567
"real_house_price_growth","cpi_growth",17,4.18177711283566e-05,0.000315737780774755,-0.103724823692621,-0.0562585046745582,0.0553610451091469,0.103732218223229
"real_house_price_growth","cpi_growth",18,0.000230662474870816,0.000428308755226282,-0.102897592779675,-0.0551343578233272,0.0547134969926728,0.102467610240642
"real_house_price_growth","cpi_growth",19,0.000212536556217602,0.000467191616210482,-0.0946388712717209,-0.0494138442528325,0.0492846316245558,0.0938899307921257
"real_house_price_growth","cpi_growth",20,0.000269562718843422,0.000657803287653838,-0.092513653225477,-0.0483188335154519,0.0485112167246188,0.092865953182456
"real_house_price_growth","cpi_growth",21,0.000261189110524863,0.000286782569298665,-0.0876077437315045,-0.0454571996183337,0.0455183768787696,0.088110862822014
"real_house_price_growth","saving_rate",1,0.00380975672903261,0.00477454610143535,-0.693068840145494,-0.44094956694267,0.447187346653185,0.701808340179325
"real_house_price_growth","saving_rate",2,0.00267290105306875,0.00341193581350317,-0.490765048966322,-0.309164829765125,0.313010117502762,0.493189356580474
"real_house_price_growth","saving_rate",3,0.00348663175706714,0.00369201338816207,-0.506394233343521,-0.315541004225816,0.325512066358581,0.508413015134763
"real_house_price_growth","saving_rate",4,0.00182566821622476,0.00257034639250231,-0.359048453947995,-0.219075531702192,0.224583948743945,0.357982525582878
"real_house_price_growth","saving_rate",5,0.00144935456725411,0.00116930472766109,-0.312725498179598,-0.189803336833094,0.192665124664486,0.316089840638554
"real_house_price_growth","saving_rate",6,0.000400735502748151,0.000321328590708833,-0.238686679455874,-0.141639469634322,0.142416240024282,0.239490409438816
"real_house_price_growth","saving_rate",7,-1.70047308223274e-05,0.00138227887424672,-0.243187379663941,-0.143454105586138,0.14315774104329,0.239206274151799
"real_house_price_growth","saving_rate",8,-0.000606183625583203,0.000127727969662319,-0.19366629480488,-0.112928806585441,0.110947283114075,0.189158165573993
"real_house_price_growth","saving_rate",9,-0.000697913975395137,-0.000739169683612649,-0.161003003667382,-0.0924430692445124,0.0908376079962538,0.157558583441576
"real_house_price_growth","saving_rate",10,-0.000957951053683672,-0.000775719590535854,-0.147825560993935,-0.0842728822105722,0.0824297757249872,0.145334369798104
"real_house_price_growth","saving_rate",11,-0.00109913450051528,-0.00137564907679928,-0.138880307868275,-0.0790069534827276,0.0761843341784607,0.136970247587522
"real_house_price_growth","saving_rate",12,-0.00121478957110745,-0.00065471979825363,-0.137130035945725,-0.0780236955170422,0.0751285828513656,0.13488194371879
"real_house_price_growth","saving_rate",13,-0.00105359012511531,-0.000935951205284562,-0.125645121955093,-0.070496057374079,0.0683633237815448,0.123985900074017
"real_house_price_growth","saving_rate",14,-0.000935524342166252,-0.00107080727972265,-0.125819049597108,-0.0707107100586925,0.0692969624369324,0.124286233693568
"real_house_price_growth","saving_rate",15,-0.000803764753637133,-0.000975497116576036,-0.114265251903648,-0.0622922602435576,0.0613177840647468,0.112608754723519
"real_house_price_growth","saving_rate",16,-0.00067159415572598,-0.000724138810576563,-0.113646146509565,-0.0619342104221441,0.0610483676580449,0.11215674383262
"real_house_price_growth","saving_rate",17,-0.000472791401005557,-0.000405493417954505,-0.10478237548075,-0.0562055508376859,0.0551973683476059,0.102692492364301
"real_house_price_growth","saving_rate",18,-0.000302922067832758,-0.000517160450284384,-0.103850477806108,-0.0551932510546482,0.0552408120065297,0.100982315763483
"real_house_price_growth","saving_rate",19,-0.000183447767723777,-0.000341266663237358,-0.0947180330805323,-0.0497498921487454,0.0498325677570747,0.0934866681260796
"real_house_price_growth","saving_rate",20,-8.26654867969674e-05,-0.000295812009119792,-0.0928723697854914,-0.0485777487288592,0.0486062918073651,0.0923026687310549
"real_house_price_growth","saving_rate",21,1.89505524674016e-06,-0.000336955447340907,-0.0872627464916671,-0.0454963236278621,0.0452811713728483,0.0875469563992617
"real_house_price_growth","policy_rate",1,0.0235063990455243,0.0252002182006165,-0.635935435402163,-0.394749266358217,0.440319959622277,0.668807992749771
"real_house_price_growth","policy_rate",2,-0.0657153243792564,-0.0700143998336269,-0.492356962465829,-0.337237049507238,0.206486285813393,0.373215199336923
"real_house_price_growth","policy_rate",3,0.225620163437217,0.223715707658016,-0.146154063315261,-0.00511289580274733,0.459401502435451,0.601422455914738
"real_house_price_growth","policy_rate",4,0.127030738131011,0.123380954841911,-0.144958047100763,-0.0407951030864003,0.295094876048166,0.413652409455374
"real_house_price_growth","policy_rate",5,0.10714090923182,0.102221338299669,-0.136945310375646,-0.0426579027924251,0.257642865612079,0.36737174594255
"real_house_price_growth","policy_rate",6,0.0277105982332173,0.0244796519188001,-0.173011936225715,-0.0952882605389607,0.148954029690883,0.2396346186553
"real_house_price_growth","policy_rate",7,0.114719338247748,0.111723408926622,-0.071110469678602,0.00287129840589286,0.224455099848709,0.312248915217201
"real_house_price_growth","policy_rate",8,0.0466968749124984,0.0446014422966674,-0.122809752933943,-0.0546786719070045,0.146875825220043,0.2244080873175
"real_house_price_growth","policy_rate",9,0.0410650566523736,0.0391788318416972,-0.103606662475854,-0.0444633614196029,0.126205666853885,0.192485201607958
"real_house_price_growth","policy_rate",10,-0.0108772639451892,-0.0119181317535827,-0.143854729741387,-0.0889686063186305,0.0659441294225153,0.126034638891818
"real_house_price_growth","policy_rate",11,0.0276446982792754,0.0270290835707189,-0.096576223493389,-0.0435413498706273,0.0986569693073488,0.153530978092698
"real_house_price_growth","policy_rate",12,-0.00547482606305731,-0.00505905228289335,-0.127725062871611,-0.0726514421580103,0.0624628149691207,0.114017061714678
"real_house_price_growth","policy_rate",13,0.00241028254258328,0.00360341875205566,-0.112134583962499,-0.0599524897701836,0.0646925018800041,0.111431799368535
"real_house_price_growth","policy_rate",14,-0.0242474240192749,-0.0217474928069522,-0.135244970781768,-0.0839123499545237,0.0346756911124983,0.0794633186412019
"real_house_price_growth","policy_rate",15,-0.00247666272638387,-0.000122241055246211,-0.107714016821304,-0.058341562949768,0.053328878331345,0.0944365846418413
"real_house_price_growth","policy_rate",16,-0.0182205936686874,-0.0153761865807125,-0.121586078877564,-0.0719815951744944,0.0351039399517354,0.0750811219950183
"real_house_price_growth","policy_rate",17,-0.00808971309668676,-0.00509856934137958,-0.106928577452029,-0.0592557559467677,0.0425614899946034,0.0811557346337827
"real_house_price_growth","policy_rate",18,-0.0214340416244446,-0.0185759462550617,-0.116910321066555,-0.0698433326764311,0.0269738808871949,0.0643992740187259
"real_house_price_growth","policy_rate",19,-0.00806439537859085,-0.00546850517091264,-0.0997042348876867,-0.0541282336173423,0.0378782866723112,0.074076883095517
"real_house_price_growth","policy_rate",20,-0.0159868163050557,-0.0130713988168442,-0.104531844442466,-0.0598060596173457,0.0276602859269174,0.0631634280458941
"real_house_price_growth","policy_rate",21,-0.00751134016143732,-0.00540579321554164,-0.0920134622101612,-0.049801684817759,0.0343131212443393,0.0691068955706656
"real_house_price_growth","interest_burden",1,-0.00296753297267662,-0.00408134633186354,-0.700783440843064,-0.448455026890057,0.442396788608109,0.693047893639732
"real_house_price_growth","interest_burden",2,-0.00115480699442415,-0.00100699815229002,-0.486000066309825,-0.310607729682926,0.309433267961477,0.490475937105663
"real_house_price_growth","interest_burden",3,0.000768564522431138,0.00133779106338556,-0.508749984671735,-0.316164801718674,0.318208463129553,0.510506107119266
"real_house_price_growth","interest_burden",4,-0.00060739650780864,0.000742272901201948,-0.359940228558351,-0.22261010701749,0.218908308936102,0.35509118772645
"real_house_price_growth","interest_burden",5,-0.00151305289765555,-0.00135872139030311,-0.317577285041709,-0.192652118483091,0.190322344243017,0.314060539348374
"real_house_price_growth","interest_burden",6,-0.00170333769996784,-0.00119844359297633,-0.241121771902757,-0.143411407476715,0.139027300417959,0.237859902785113
"real_house_price_growth","interest_burden",7,-7.01891927672067e-05,0.000247430131348815,-0.241517436207446,-0.143437856371262,0.141947163250341,0.241615955736135
"real_house_price_growth","interest_burden",8,-0.000277797681706597,-0.000420322572411004,-0.189857330216924,-0.111588944553781,0.111322957214195,0.189512462412079
"real_house_price_growth","interest_burden",9,-3.43020843491763e-05,0.000246100090773538,-0.161568105376945,-0.0917339924024991,0.0912384431995178,0.160595026812477
"real_house_price_growth","interest_burden",10,-0.000210668263161869,-3.75470833034264e-05,-0.14733488934478,-0.0838857589135928,0.0836001237653568,0.146123574771577
"real_house_price_growth","interest_burden",11,0.000640483160120176,0.00088366700522454,-0.137221387856692,-0.0778456841240596,0.079227257648337,0.137711128837723
"real_house_price_growth","interest_burden",12,0.000541422593930424,0.000348482815278762,-0.136396734781551,-0.0764052034319625,0.0773256662321269,0.136197402019353
"real_house_price_growth","interest_burden",13,0.000726521276704659,0.000657629351675085,-0.124729351964227,-0.0688569029750775,0.0707161373481251,0.125954613311898
"real_house_price_growth","interest_burden",14,0.000459217460638578,-9.23697033392379e-05,-0.126031047901802,-0.0685465773858373,0.0707307121181407,0.128179586751217
"real_house_price_growth","interest_burden",15,0.000733554880818115,0.000534389614290309,-0.112382225990622,-0.0609911912032053,0.0624667232652289,0.11512811963599
"real_house_price_growth","interest_burden",16,0.000530473294088742,-8.86947981896655e-05,-0.111908704956832,-0.0604388301034979,0.0621193844713039,0.114041792444226
"real_house_price_growth","interest_burden",17,0.000555744976916523,7.40741445959211e-05,-0.103531073862905,-0.0556276176227267,0.0566237202640964,0.104773187244736
"real_house_price_growth","interest_burden",18,0.000263835083216353,-7.80849683074917e-05,-0.10289508841647,-0.0549953958767268,0.0558466268966379,0.102023969348339
"real_house_price_growth","interest_burden",19,0.000299142480243324,0.000192502663954667,-0.0936034513723431,-0.0497552684848143,0.0502300735549681,0.0934007183172457
"real_house_price_growth","interest_burden",20,8.87122511449711e-05,2.83879361571223e-05,-0.091119974440991,-0.0487894837893905,0.0488091213398651,0.0913706987448322
"real_house_price_growth","interest_burden",21,6.9991471640965e-05,0.000134489989705293,-0.0861467974123899,-0.0457799882374332,0.0457657880380855,0.0855275255484312
"real_house_price_growth","debt_growth",1,-0.00185139880948898,0.000651818632757484,-0.697546617941795,-0.447482465018533,0.444071642616582,0.690942568980541
"real_house_price_growth","debt_growth",2,-0.00229279782288829,7.73546787262401e-05,-0.494959726027569,-0.313705356637865,0.309310337008837,0.483077327118314
"real_house_price_growth","debt_growth",3,-0.00221303974935892,-0.000974173427241542,-0.512202608821483,-0.32193293176292,0.317318356493722,0.506698087034585
"real_house_price_growth","debt_growth",4,-0.00195593961692335,-0.001538981999678,-0.360076746995959,-0.224480581198315,0.218400275354185,0.357210794728843
"real_house_price_growth","debt_growth",5,-0.00192250853199143,-0.00160945386989629,-0.316298460644311,-0.195075075109761,0.189969640958124,0.310782600131923
"real_house_price_growth","debt_growth",6,-0.00154261383393675,-0.00193739385254868,-0.242839081164496,-0.143362653169645,0.139677879652093,0.236955312001132
"real_house_price_growth","debt_growth",7,-0.000705876714562196,-0.00197223355407476,-0.239169421596953,-0.144500901295579,0.141912095163433,0.240628555422245
"real_house_price_growth","debt_growth",8,-0.000273425104740106,-0.000850801824073494,-0.188911913761106,-0.112342713486439,0.111738463291683,0.190617232303021
"real_house_price_growth","debt_growth",9,-0.000159203482646957,-0.000420039161864309,-0.160988561577122,-0.0933434752942713,0.0930653414483577,0.162298527809514
"real_house_price_growth","debt_growth",10,3.35163747112826e-05,-0.000663116399159585,-0.147284993413841,-0.08420222955612,0.0850978159520043,0.149022957858825
"real_house_price_growth","debt_growth",11,0.000284686459361334,-0.000233557469354219,-0.137806777146421,-0.0791985240931309,0.0797700926118021,0.140851933951905
"real_house_price_growth","debt_growth",12,0.000371351103048698,-0.000494632322606008,-0.135989697674151,-0.0765153962460522,0.0779480762049154,0.139010720855841
"real_house_price_growth","debt_growth",13,0.000320860539404855,-0.000299882858374415,-0.12595287671645,-0.0697633562043679,0.0707612706130418,0.129190264475909
"real_house_price_growth","debt_growth",14,0.000324034407869478,-7.39934256220238e-05,-0.126543449778498,-0.0697282983912822,0.0711417728492029,0.13029900889213
"real_house_price_growth","debt_growth",15,0.000274160849592789,-0.000619017114768875,-0.11324606196875,-0.061883005049135,0.0620613039690817,0.11483323250745
"real_house_price_growth","debt_growth",16,0.000146030164032663,-0.000351203208584614,-0.112544145510926,-0.0615395026512857,0.0616498983348291,0.113723836501483
"real_house_price_growth","debt_growth",17,-2.82051797359492e-05,-0.000307518090668873,-0.103080931707318,-0.0565154757263667,0.055848702639439,0.104452656940697
"real_house_price_growth","debt_growth",18,-0.000138882947461818,-0.000173346319793459,-0.102765660631739,-0.0558276105036278,0.0547085210607314,0.102923326515327
"real_house_price_growth","debt_growth",19,-0.00026541587691683,-8.03647796943849e-05,-0.0939336789070677,-0.0499926000801608,0.0491381463055679,0.0926740836296517
"real_house_price_growth","debt_growth",20,-0.00038759501628725,-0.000136089337281743,-0.0925239564396313,-0.0490863605204479,0.0476559608500551,0.0916871185955667
"real_house_price_growth","debt_growth",21,-0.000500121604111976,-0.000183747653225903,-0.0869336381815883,-0.0461218792880613,0.0443583330320715,0.0851169040081235
"real_house_price_growth","real_house_price_growth",1,0.00179552980983736,0.00140832141197718,-0.696382177759259,-0.443398257661502,0.444337033922333,0.698566751390239
"real_house_price_growth","real_house_price_growth",2,-4.54478774847854e-05,0.000412775618649582,-0.488246626875541,-0.310768581875318,0.3074052807942,0.489728813627282
"real_house_price_growth","real_house_price_growth",3,-0.00142288062627494,-0.00224536381831835,-0.507087263451433,-0.320575024878211,0.319209107383823,0.503034139116012
"real_house_price_growth","real_house_price_growth",4,-0.00098855778054601,-0.000988201530864015,-0.363116098293008,-0.221568153400127,0.220871327810675,0.359597435421397
"real_house_price_growth","real_house_price_growth",5,-0.000562478097104921,0.000196458786650308,-0.316441592185591,-0.192823092247315,0.191337593799303,0.316267524669568
"real_house_price_growth","real_house_price_growth",6,-0.000612138559777457,-0.000378661083896827,-0.241390856954609,-0.143956057597235,0.140834458445645,0.239860447954559
"real_house_price_growth","real_house_price_growth",7,-0.000723071348609137,-9.09519376401558e-05,-0.241757154202885,-0.144297520282558,0.141551652704539,0.237730623179178
"real_house_price_growth","real_house_price_growth",8,-0.000362946064311336,-0.000535222637411158,-0.189905163599686,-0.111673862460629,0.110715813590404,0.189561175998318
"real_house_price_growth","real_house_price_growth",9,-0.00017135634958041,8.42732398760938e-05,-0.161377800210534,-0.0920102631924831,0.09261059781229,0.160214764463027
"real_house_price_growth","real_house_price_growth",10,-3.72863121776883e-05,-0.000646702441068223,-0.146657593221608,-0.0845641984845964,0.0841307431005898,0.147421205074949
"real_house_price_growth","real_house_price_growth",11,-0.00011155293013016,9.42498566512162e-05,-0.13947393227099,-0.0789705600646888,0.0784597869766705,0.138193389506802
"real_house_price_growth","real_house_price_growth",12,5.17734013527266e-05,0.000458542304917046,-0.136889004489547,-0.0779220800962466,0.077592568281341,0.136828997101439
"real_house_price_growth","real_house_price_growth",13,0.000116033050504344,0.000368173006230613,-0.125878028161621,-0.070032156727214,0.0702337564218503,0.126961545748922
"real_house_price_growth","real_house_price_growth",14,0.000312810923503723,-0.00017854172955245,-0.126857387672946,-0.0698242426775199,0.0709225645254688,0.127182307222423
"real_house_price_growth","real_house_price_growth",15,0.000301510257556914,-2.28546041053292e-05,-0.113538926901608,-0.0616780757641617,0.0617698836276662,0.114769768570301
"real_house_price_growth","real_house_price_growth",16,0.000378189012032348,1.99290450488769e-05,-0.112775081379554,-0.0606898670003598,0.0614294313396838,0.113946991807043
"real_house_price_growth","real_house_price_growth",17,0.000378864183435312,-6.9124731076428e-05,-0.10336088979164,-0.0554899798584371,0.0560855066181812,0.104796026137817
"real_house_price_growth","real_house_price_growth",18,0.000477611731274586,-1.48551487984731e-05,-0.101559362970119,-0.0545611305096914,0.0560305358140466,0.103217509485988
"real_house_price_growth","real_house_price_growth",19,0.00046017675289838,-0.000242365246115153,-0.092260064583281,-0.0497154775353353,0.0499715497894083,0.0939552100985551
"real_house_price_growth","real_house_price_growth",20,0.000462488122981199,8.55312489898125e-05,-0.0912009387381394,-0.0481927109662785,0.049101359590129,0.0922997697870534
"real_house_price_growth","real_house_price_growth",21,0.000420945365371319,9.20053119163682e-05,-0.0860443883018187,-0.0450776782062594,0.0458199025313238,0.0867610799609883
"real_house_price_growth","asset_liability_ratio",1,-0.00168492689027204,-0.00534381771214495,-0.686751126115282,-0.443789313573055,0.444282478121016,0.690826978031768
"real_house_price_growth","asset_liability_ratio",2,-0.000437799914301801,-0.000151754228597839,-0.486968906318527,-0.308729638427326,0.304877078335756,0.487256440515504
"real_house_price_growth","asset_liability_ratio",3,-0.00146116681574395,-0.00208676809048784,-0.508874842017267,-0.319409403506513,0.316601605347495,0.51022188385559
"real_house_price_growth","asset_liability_ratio",4,-0.00107014573813694,0.000137673993180547,-0.357881011520118,-0.221512241754652,0.218965763032432,0.357619843085348
"real_house_price_growth","asset_liability_ratio",5,-0.00087460508230048,0.00119120321757342,-0.317340612704225,-0.191323718910839,0.189468317567439,0.314396885173621
"real_house_price_growth","asset_liability_ratio",6,0.000384994580040475,0.000167051547836692,-0.240112098043338,-0.140485416674584,0.141582177349412,0.240263916833054
"real_house_price_growth","asset_liability_ratio",7,-0.000237420306284117,-0.000701602651118987,-0.239506526028902,-0.141203681915774,0.141589011583954,0.239559754031522
"real_house_price_growth","asset_liability_ratio",8,2.08532750421498e-06,0.000426838818660119,-0.190931720584593,-0.111004575111872,0.110813483837384,0.187985428547331
"real_house_price_growth","asset_liability_ratio",9,-0.000182215008849909,-0.000840207647463755,-0.158759718422472,-0.0930724614951018,0.0924855337644098,0.158936418373997
"real_house_price_growth","asset_liability_ratio",10,0.000352597053538197,-0.000317755193637822,-0.146055025683943,-0.0848710126169409,0.0854622390468295,0.147400463881652
"real_house_price_growth","asset_liability_ratio",11,-6.20353519706963e-05,-0.000135947105796925,-0.136822053927745,-0.0788193289018296,0.0781253730544351,0.136956696413191
"real_house_price_growth","asset_liability_ratio",12,-5.03124214426719e-05,0.000112221776541622,-0.136895968184378,-0.0777718023220116,0.0775070595133011,0.135289366972634
"real_house_price_growth","asset_liability_ratio",13,-0.000214147014754706,-0.000313165135689792,-0.126170666893125,-0.0702259071569204,0.06899559720091,0.125953524065031
"real_house_price_growth","asset_liability_ratio",14,3.76120045127085e-05,0.000227155306606742,-0.128101119337684,-0.0707964397109141,0.0703042168206912,0.1267220733006
"real_house_price_growth","asset_liability_ratio",15,-0.000136777946621142,0.000226340139951008,-0.113406539981234,-0.0625437745946218,0.0618833794044481,0.112647894490638
"real_house_price_growth","asset_liability_ratio",16,-9.72984167502895e-05,-0.000329762883421552,-0.113464818683787,-0.0618123055976967,0.0612053510064241,0.113353652660792
"real_house_price_growth","asset_liability_ratio",17,-0.000137540222823694,-0.000234287275796787,-0.104630429272389,-0.0562453848499971,0.0559450117037271,0.104014358986536
"real_house_price_growth","asset_liability_ratio",18,4.91125403599034e-05,-9.23945984117758e-05,-0.103947732772913,-0.0553425596200934,0.0549796532802194,0.102869522937329
"real_house_price_growth","asset_liability_ratio",19,1.59965732394048e-05,-0.000232142016274293,-0.0952958284151613,-0.0496963491440197,0.0496716057256067,0.0945049382180406
"real_house_price_growth","asset_liability_ratio",20,7.66293962866361e-05,-0.000333687395263254,-0.0927385460400304,-0.0484388687471839,0.0486325792955247,0.0932329296267999
"real_house_price_growth","asset_liability_ratio",21,5.83651919162684e-05,-0.000263911598276323,-0.087323473403262,-0.0455000549672344,0.0454763990466689,0.088476766445487
"asset_liability_ratio","gdp_growth",1,9.75470041432988e-05,-0.000301039823946531,-0.0529798172694212,-0.0335516411350139,0.0340464635788855,0.0534010505968264
"asset_liability_ratio","gdp_growth",2,2.73004637851195e-05,-7.25239807703509e-05,-0.0468008710325441,-0.0296072323319819,0.0295744000889146,0.0472904884598984
"asset_liability_ratio","gdp_growth",3,7.78570475875055e-06,-0.000137010315281347,-0.0459753768005743,-0.0290503135649199,0.0291584448722846,0.0466476164455155
"asset_liability_ratio","gdp_growth",4,2.01722359073056e-05,-0.000116208134795589,-0.045317576855214,-0.02829533733059,0.028560313650419,0.045644396413348
"asset_liability_ratio","gdp_growth",5,1.3484327596825e-05,-8.42446058916397e-05,-0.0456046200028274,-0.0282668610981144,0.0286579180983195,0.0457053953541912
"asset_liability_ratio","gdp_growth",6,-2.13391338650378e-05,-3.4312987802769e-05,-0.0443100921862195,-0.0277455597668595,0.0279197714803593,0.044584880064695
"asset_liability_ratio","gdp_growth",7,-3.01868569845451e-05,-2.7220370775992e-05,-0.0429760181069686,-0.0268584361057031,0.0271150560589197,0.0432519713505828
"asset_liability_ratio","gdp_growth",8,-2.34168229658077e-05,-6.02345314621171e-05,-0.0413329505378797,-0.02577367484404,0.0256974971856266,0.0416016197948799
"asset_liability_ratio","gdp_growth",9,-2.87646950302709e-05,-5.36626686644585e-05,-0.0407729599521457,-0.0253203788195075,0.0250503606656372,0.0409891718942573
"asset_liability_ratio","gdp_growth",10,-4.08153581896812e-05,-9.08788614968144e-05,-0.0402278182887675,-0.0249014726528686,0.0246517788098897,0.0407418550142938
"asset_liability_ratio","gdp_growth",11,-5.00816630295189e-05,-8.6008366303409e-05,-0.039851028470669,-0.0246052206217256,0.0242613553621992,0.0402768895418079
"asset_liability_ratio","gdp_growth",12,-4.76378008948514e-05,-7.03823306891147e-05,-0.0395857489771218,-0.0241276213985325,0.0239293724235536,0.0398420087016765
"asset_liability_ratio","gdp_growth",13,-4.58074839133671e-05,-9.96416206291722e-05,-0.0397332167785979,-0.0240637035698467,0.0237990457100455,0.0398861229261463
"asset_liability_ratio","gdp_growth",14,-5.11772789373512e-05,-7.68453586503105e-05,-0.0396616799044191,-0.0238864872435264,0.0236498827770068,0.0401940951471124
"asset_liability_ratio","gdp_growth",15,-5.62887205006949e-05,-8.24174331707242e-05,-0.0398968763280764,-0.0236563852190098,0.0235573984202369,0.0400657820652312
"asset_liability_ratio","gdp_growth",16,-5.95558896627674e-05,-0.00011213877259057,-0.0400470459402035,-0.0234863294478125,0.0234602779793837,0.0400477497461746
"asset_liability_ratio","gdp_growth",17,-6.36070047582215e-05,-8.46201795984349e-05,-0.0401011163957615,-0.0233119208079488,0.0232802321595792,0.0401021632977202
"asset_liability_ratio","gdp_growth",18,-7.26400363463051e-05,-4.29510722118583e-05,-0.0400906431037477,-0.0232498851119131,0.0231073414592803,0.0401516222798398
"asset_liability_ratio","gdp_growth",19,-8.28355462776396e-05,-9.54367541228309e-06,-0.0401156195416931,-0.0231492704564607,0.0229619043383538,0.0401814478032463
"asset_liability_ratio","gdp_growth",20,-9.22093670174642e-05,-8.34372367190097e-06,-0.0401664810045269,-0.02294084407836,0.0228499780627807,0.0400841346099504
"asset_liability_ratio","gdp_growth",21,-0.000100782160515513,-6.01886408918348e-06,-0.040169738342494,-0.0228200341204401,0.0227423989395316,0.0400868976303756
"asset_liability_ratio","consumption_growth",1,9.0654692358009e-05,-8.79196695136348e-06,-0.0532906775470078,-0.0338613719977737,0.0339015439178923,0.053248975562978
"asset_liability_ratio","consumption_growth",2,0.000133377056351929,0.000136479696473659,-0.046672983636007,-0.029474144397971,0.0295882539808989,0.046778672597597
"asset_liability_ratio","consumption_growth",3,0.000140250523233033,0.000222318670313488,-0.0461002273026044,-0.028771987920228,0.0291596700195743,0.0463119286176692
"asset_liability_ratio","consumption_growth",4,0.000132273492382269,0.000166471168666157,-0.0453121014898167,-0.0283032496726764,0.0284129750554112,0.0456111717974058
"asset_liability_ratio","consumption_growth",5,0.000156443766956982,0.000244952301830061,-0.0457388574574448,-0.0283009736785921,0.0286236680068429,0.0459253766932688
"asset_liability_ratio","consumption_growth",6,0.000181379329231917,0.000296137427780805,-0.0444805569303606,-0.0274215706141719,0.0277432044294711,0.0449716822008584
"asset_liability_ratio","consumption_growth",7,0.000205346179143853,0.000220568160395874,-0.043365380527001,-0.0264575684247919,0.0268526022101262,0.0439062434617428
"asset_liability_ratio","consumption_growth",8,0.000210381604968591,0.000180482896056838,-0.0416297263812528,-0.0254506708618526,0.0257891064976618,0.0423393030234242
"asset_liability_ratio","consumption_growth",9,0.000203732950067818,0.000108497126113448,-0.0410859012893118,-0.0250488016530433,0.0254733610081528,0.0419133691367914
"asset_liability_ratio","consumption_growth",10,0.000212059465017056,-1.78145982446944e-05,-0.0406027874041533,-0.0245974883954622,0.0251308393660959,0.0413597297134094
"asset_liability_ratio","consumption_growth",11,0.000214395382988425,2.67144924787969e-05,-0.0401160205326058,-0.0242741306004019,0.0248546420419191,0.0408593065448642
"asset_liability_ratio","consumption_growth",12,0.000212115123337894,0.000106166656128757,-0.0397282925791526,-0.0238801233891391,0.0245654733668971,0.04052199593169
"asset_liability_ratio","consumption_growth",13,0.000204159297077845,0.000116618406989949,-0.0398150323152246,-0.0238395651530487,0.0245099329423035,0.0406401748781437
"asset_liability_ratio","consumption_growth",14,0.000201314768078384,0.000133554512190946,-0.0398052707088078,-0.0237855024170715,0.0243706835013515,0.0405465846519013
"asset_liability_ratio","consumption_growth",15,0.000196343844589942,0.000135489542607234,-0.0400017558978887,-0.0236929992485814,0.024202041512839,0.0406000958569662
"asset_liability_ratio","consumption_growth",16,0.000190027020727542,0.000180811175702896,-0.0399895366954166,-0.0235263516926686,0.0239805224948535,0.0405036000539799
"asset_liability_ratio","consumption_growth",17,0.000181214132232603,0.000146796744834838,-0.0401728723899898,-0.023523227719111,0.0238340474147138,0.0407050231720352
"asset_liability_ratio","consumption_growth",18,0.000177087320285294,0.000157631246910975,-0.0402270779742325,-0.0234257767690839,0.0236732853784665,0.0407700327425858
"asset_liability_ratio","consumption_growth",19,0.000173237395059005,0.000172214912111419,-0.0402573777419141,-0.0232175752391732,0.023416932657256,0.0408092775209933
"asset_liability_ratio","consumption_growth",20,0.000171360377776589,0.00025928303098065,-0.0403336082106278,-0.023069672518248,0.0232115259188988,0.0408210544940132
"asset_liability_ratio","consumption_growth",21,0.00016872435756097,0.000245037651142401,-0.0402463349419124,-0.0228888706944374,0.0231306559920689,0.0406869678352591
"asset_liability_ratio","cpi_growth",1,0.000137115260981542,-3.15567002070057e-05,-0.0537052065154702,-0.0338720236077452,0.0346629177271516,0.0539245524922842
"asset_liability_ratio","cpi_growth",2,9.97321635459525e-05,3.08320196202149e-05,-0.0473580319904567,-0.0298217087651702,0.0300779349978779,0.0475442806240733
"asset_liability_ratio","cpi_growth",3,0.000105303969983299,7.87668569293122e-05,-0.0466380214696569,-0.0293193729016181,0.0293284218687095,0.0469850676213574
"asset_liability_ratio","cpi_growth",4,0.000117498558072105,4.87519798613073e-05,-0.0458394439928493,-0.028355494815282,0.0288197412135842,0.04624704813284
"asset_liability_ratio","cpi_growth",5,0.000108711275666275,3.62785519862987e-05,-0.0460685325373245,-0.0285038227554749,0.028766638051271,0.0464169203093498
"asset_liability_ratio","cpi_growth",6,8.42291272499165e-05,3.9975136055579e-05,-0.04489469000426,-0.0278634221553689,0.0280692645092284,0.0456348393909435
"asset_liability_ratio","cpi_growth",7,7.61908588577091e-05,-9.62462580075924e-07,-0.0432021754758265,-0.0268955780791126,0.0269324141805035,0.0442894071457527
"asset_liability_ratio","cpi_growth",8,7.53204487499555e-05,-7.69418312281199e-07,-0.0419235406251427,-0.0256130981868134,0.0257818898734679,0.0426949633950723
"asset_liability_ratio","cpi_growth",9,7.32095841998367e-05,0.000118312508067686,-0.0414821169316267,-0.0250167544875821,0.0255012600815606,0.042062897761051
"asset_liability_ratio","cpi_growth",10,6.28933001871872e-05,5.15118189837118e-05,-0.0412455013846633,-0.0247316317744297,0.0250990024619126,0.041539737196689
"asset_liability_ratio","cpi_growth",11,5.76645204309502e-05,5.12857336203768e-06,-0.0408063333434915,-0.0244864434079942,0.0246242112850029,0.0411811643047497
"asset_liability_ratio","cpi_growth",12,5.37336842349939e-05,-1.31985857529442e-05,-0.040224330830984,-0.0241985758208778,0.0242786044452375,0.0406624143957196
"asset_liability_ratio","cpi_growth",13,5.54565262195484e-05,7.81829041760114e-06,-0.0401891278164651,-0.0240980247128862,0.0242086491682519,0.040574448396359
"asset_liability_ratio","cpi_growth",14,5.16761181360421e-05,4.64736432793153e-05,-0.0401525967716601,-0.0239388971766351,0.0241528320373507,0.0406798886708362
"asset_liability_ratio","cpi_growth",15,5.30552129063964e-05,3.585662526766e-05,-0.0402249924462491,-0.0238053173376448,0.0239404717025636,0.0410684288554189
"asset_liability_ratio","cpi_growth",16,5.44832893278013e-05,4.95252102199615e-05,-0.0402111421111388,-0.0236204317940619,0.0237009854106627,0.0409150945855322
"asset_liability_ratio","cpi_growth",17,6.01477629751465e-05,6.98873124361186e-05,-0.040304160996755,-0.0234937703025759,0.0235431802485415,0.0410444558169362
"asset_liability_ratio","cpi_growth",18,6.2341951333305e-05,0.000119514921623208,-0.0401800493477926,-0.0233966664855617,0.0234145575497506,0.040992996357799
"asset_liability_ratio","cpi_growth",19,6.74235841306818e-05,0.000156635413092603,-0.0403617465058616,-0.0231509451303587,0.0231983960118338,0.0409546125180232
"asset_liability_ratio","cpi_growth",20,7.12960602577814e-05,0.000144875351051402,-0.0402857869336358,-0.0228670699539591,0.0229947402897955,0.0411441944947154
"asset_liability_ratio","cpi_growth",21,7.71510601979849e-05,0.00014097947711177,-0.0403417501292826,-0.0227452563071577,0.022852979632241,0.0412978755614956
"asset_liability_ratio","saving_rate",1,5.62330167106643e-05,-0.000107770322289762,-0.0533659001663956,-0.0338583529432048,0.0337169374561172,0.0535437787131707
"asset_liability_ratio","saving_rate",2,0.000131384652460769,0.000123038108543995,-0.0466656605041651,-0.0293553891787923,0.0296753147985114,0.0472130213933761
"asset_liability_ratio","saving_rate",3,0.000141276292595688,0.000125539393289238,-0.0460545865085943,-0.0289899105352088,0.0293033148669577,0.046574705940167
"asset_liability_ratio","saving_rate",4,0.000126409242301516,0.000259265808709408,-0.0454468986985163,-0.0284610602275168,0.0283956900534433,0.0458875366838021
"asset_liability_ratio","saving_rate",5,0.00011708915679016,0.000157476996352182,-0.0455388212592606,-0.0284238393645086,0.0285991151014424,0.0458768349595276
"asset_liability_ratio","saving_rate",6,0.000103104302600892,0.00018649482842576,-0.0445448579926386,-0.0276860288120065,0.0279396675426339,0.0448656921746354
"asset_liability_ratio","saving_rate",7,7.37803932162138e-05,0.000193825038484675,-0.0432312887057938,-0.0266677357314523,0.0267864065007179,0.0435431673040533
"asset_liability_ratio","saving_rate",8,3.72421936203934e-05,0.000104887467941817,-0.0419062826113782,-0.0256362211705204,0.0255406348041333,0.0419568762950166
"asset_liability_ratio","saving_rate",9,4.30762162581206e-06,6.1944599136459e-05,-0.0412658658785376,-0.0251525527992884,0.0251419752415373,0.0413790390576746
"asset_liability_ratio","saving_rate",10,-3.23574944542748e-05,-1.88260561558806e-05,-0.0407494410463812,-0.0247461142323407,0.0246930565183615,0.0407929439456331
"asset_liability_ratio","saving_rate",11,-5.70099550797557e-05,-6.13206316820069e-05,-0.0403002207373732,-0.0244516576111721,0.0243299071003759,0.0404033377326996
"asset_liability_ratio","saving_rate",12,-7.56156623871899e-05,-0.000174410297096384,-0.0396350618406967,-0.0239354043958065,0.0238742596055151,0.0400478019945484
"asset_liability_ratio","saving_rate",13,-8.45813704568436e-05,-0.000195559325697329,-0.0396624273399564,-0.023784129302166,0.0238402455940872,0.039929606379848
"asset_liability_ratio","saving_rate",14,-8.95911481241729e-05,-0.000133567133896902,-0.039704371506599,-0.02363283597512,0.0236881547723787,0.0400766518698642
"asset_liability_ratio","saving_rate",15,-8.68461073169679e-05,-0.000158405707232309,-0.0396583779695701,-0.0235066752591679,0.0235551354270276,0.0400929351584289
"asset_liability_ratio","saving_rate",16,-8.01439174589697e-05,-0.000148125497183301,-0.0398082513290373,-0.0233151272422241,0.023479424037217,0.0400120381639643
"asset_liability_ratio","saving_rate",17,-6.89848764772507e-05,-0.000170029311063392,-0.0399862602948682,-0.023308471628213,0.023280426972049,0.0400610446984379
"asset_liability_ratio","saving_rate",18,-5.75078674396338e-05,-0.000134201291403032,-0.0401659646727291,-0.0232189061857742,0.0231253570651041,0.0401708615839252
"asset_liability_ratio","saving_rate",19,-4.34614988499677e-05,-0.000122040328299056,-0.0402346694936728,-0.0230781126052411,0.0229987017995373,0.0402665012359511
"asset_liability_ratio","saving_rate",20,-3.01190555888292e-05,-0.000114238387147803,-0.0402699341424604,-0.0228767647644028,0.0227927266008819,0.0403822026875544
"asset_liability_ratio","saving_rate",21,-1.62732900782902e-05,-5.81685591166479e-05,-0.0402914179551042,-0.0226505474126988,0.0227066220394486,0.0404481522326525
"asset_liability_ratio","policy_rate",1,0.00470963629210369,0.00486118402396624,-0.0489274074491504,-0.0292743876261829,0.0388306701912019,0.0573428522381059
"asset_liability_ratio","policy_rate",2,0.00861533673726587,0.00924304180791835,-0.0384256796744811,-0.0210431828870065,0.0378978925692534,0.0538086660268725
"asset_liability_ratio","policy_rate",3,0.00993959241677526,0.0106037056869134,-0.0355324153456175,-0.0184537656526312,0.0382694895890979,0.0538629232592366
"asset_liability_ratio","policy_rate",4,0.00996112381472177,0.0104207643456013,-0.0344610024445377,-0.0176143716560141,0.0372731174100853,0.0531358392273661
"asset_liability_ratio","policy_rate",5,0.0122751417441937,0.0127464937154275,-0.0320855106519995,-0.0150912790471557,0.0393956040568045,0.0547795311265559
"asset_liability_ratio","policy_rate",6,0.0135598450763392,0.0139223401674486,-0.0292619610275863,-0.0126757494446263,0.0395568823359556,0.0545512553466635
"asset_liability_ratio","policy_rate",7,0.0139389151969068,0.0142427666411009,-0.0272271469301917,-0.0111471079197801,0.0389143440626755,0.0536979242286247
"asset_liability_ratio","policy_rate",8,0.0129554836468093,0.0131054916181673,-0.026566233238653,-0.0112140927479548,0.0369186234349805,0.0516424057222013
"asset_liability_ratio","policy_rate",9,0.012887622386452,0.0129928365595265,-0.0256555248885395,-0.0106632067264493,0.0362033105249241,0.0509864822714766
"asset_liability_ratio","policy_rate",10,0.0125552215299304,0.0125288110493441,-0.0250910098774912,-0.0105126924817728,0.0352823997132836,0.0502945334240666
"asset_liability_ratio","policy_rate",11,0.0121553789577954,0.0119178531432996,-0.0247026974624331,-0.0103674296667547,0.0342959285055611,0.0496436219496097
"asset_liability_ratio","policy_rate",12,0.0111711554817061,0.0108656280990432,-0.0250160223778106,-0.0108423556868049,0.032934067492113,0.0483630938401937
"asset_liability_ratio","policy_rate",13,0.0106793520556089,0.0102495198831421,-0.0248958840835357,-0.0110938367415561,0.0321666987196392,0.047804294094431
"asset_liability_ratio","policy_rate",14,0.0101046415054288,0.00961034912046861,-0.0252037855541217,-0.0115113032725459,0.0313085677490882,0.0473181627288584
"asset_liability_ratio","policy_rate",15,0.00968356671065525,0.00906229281890964,-0.0253183443292721,-0.011774542763424,0.0308438525900163,0.0471937299648605
"asset_liability_ratio","policy_rate",16,0.00903028304590674,0.00830867800658352,-0.0255092052033094,-0.0122653721925739,0.0299086509812,0.0466022750295685
"asset_liability_ratio","policy_rate",17,0.00866131955900385,0.0078747555079888,-0.02578956563815,-0.0125236404761265,0.0294183562116653,0.0463376592196032
"asset_liability_ratio","policy_rate",18,0.00825758560992528,0.00734167461643519,-0.0262194315635622,-0.012854502680882,0.0289257755952482,0.046050598081497
"asset_liability_ratio","policy_rate",19,0.00801050014061943,0.00707805087992559,-0.0265333884379327,-0.012927754116498,0.0285736284818315,0.0459447829286614
"asset_liability_ratio","policy_rate",20,0.00766441456367665,0.00662376111076939,-0.0269097045987391,-0.0131811539939833,0.0281118688180704,0.045688485455595
"asset_liability_ratio","policy_rate",21,0.007484482595278,0.00639051478742549,-0.0270468943071027,-0.013298919457346,0.0278343573899325,0.0456577264295581
"asset_liability_ratio","interest_burden",1,0.00027783204369911,8.38133463334657e-05,-0.0530458216104739,-0.0335024513276395,0.0343166871016766,0.0536591747025549
"asset_liability_ratio","interest_burden",2,0.000237858574110226,5.15749516025962e-05,-0.0467221886994551,-0.0292873145088872,0.0298248070329082,0.047230387974696
"asset_liability_ratio","interest_burden",3,0.000227722184376677,0.0002736558031138,-0.0461053070449453,-0.0286834328665932,0.0292362830752776,0.046287933689222
"asset_liability_ratio","interest_burden",4,0.000133868132476219,0.000307107454019763,-0.0450688220401153,-0.0285341199396113,0.0284765096904829,0.0454068088216816
"asset_liability_ratio","interest_burden",5,0.000101572559624858,0.000220458991860261,-0.0452566018730771,-0.0285059981062261,0.028562898257053,0.0455251331789882
"asset_liability_ratio","interest_burden",6,8.22434130634458e-05,0.000138837549817251,-0.0447775769675093,-0.0275659896771351,0.027695812226295,0.0445622671461132
"asset_liability_ratio","interest_burden",7,6.69929352544849e-05,0.000181939287270808,-0.0434903055914923,-0.0264370169467799,0.0267500919841384,0.0433410029865144
"asset_liability_ratio","interest_burden",8,5.78125432588377e-05,0.000195123203425029,-0.0418811885131438,-0.0254109074182352,0.0256826722546209,0.0417114673172063
"asset_liability_ratio","interest_burden",9,7.33528151037387e-05,0.000276349586753765,-0.0413278782844109,-0.0250598424481677,0.0252446888345372,0.0411379147391931
"asset_liability_ratio","interest_burden",10,8.93550706139156e-05,0.000312231964005917,-0.0408531300734543,-0.024591522794113,0.0248971404646256,0.040510429632893
"asset_liability_ratio","interest_burden",11,9.72386655972236e-05,0.000192380686644984,-0.0404589121541346,-0.0242752895409861,0.0245542183801772,0.0402973157488086
"asset_liability_ratio","interest_burden",12,0.000101707297847285,0.000240757448345109,-0.0400955281330691,-0.0237928507994709,0.024220994745681,0.0398640331216259
"asset_liability_ratio","interest_burden",13,0.000110932496078824,0.000218836455058219,-0.0400375110412627,-0.0237824933994481,0.0241051578633545,0.0401738528943879
"asset_liability_ratio","interest_burden",14,0.000118487291038985,0.00015754870466709,-0.0401365139602673,-0.0236621775086627,0.0239495875412375,0.0401794439591341
"asset_liability_ratio","interest_burden",15,0.000121675897286158,5.06507652315759e-05,-0.0401467001764994,-0.0235228908438789,0.0238932848115546,0.0403278301372848
"asset_liability_ratio","interest_burden",16,0.00011971326929224,2.33420918359638e-05,-0.0401247054374648,-0.0233612337932656,0.023738538697253,0.0403479123661275
"asset_liability_ratio","interest_burden",17,0.000117876397225622,3.45068669995553e-05,-0.040122348499074,-0.0233126289682626,0.0236133656568462,0.0404257606001653
"asset_liability_ratio","interest_burden",18,0.000114209719008302,4.03200569677562e-05,-0.0401323473519029,-0.0231522226943619,0.0234534841992938,0.0405104158037719
"asset_liability_ratio","interest_burden",19,0.000109008176435885,4.65791308200072e-05,-0.0402591340746723,-0.0231054877971748,0.0231914311111937,0.0407382455535909
"asset_liability_ratio","interest_burden",20,0.000101711590163661,-1.42773667047559e-05,-0.040225334073787,-0.0229539256106416,0.0229028528251027,0.0407280411564019
"asset_liability_ratio","interest_burden",21,9.52007724391201e-05,-3.70556458070098e-05,-0.0402739067558305,-0.0227415512683983,0.0227551431925366,0.0407714830770735
"asset_liability_ratio","debt_growth",1,-0.000176347161743398,-0.000319996809461819,-0.0533391062359935,-0.0338560619044066,0.0339061683020978,0.0532727731972535
"asset_liability_ratio","debt_growth",2,-0.000176536239573179,-0.000446888162428314,-0.0474487922411178,-0.0297454167139308,0.0297142807990982,0.0469108349868704
"asset_liability_ratio","debt_growth",3,-0.000239068016451149,-0.0002398599680941,-0.0464983040885953,-0.0292892128816224,0.0290188355018159,0.0462305232037264
"asset_liability_ratio","debt_growth",4,-0.000323002005598489,-0.000428322400853144,-0.0458807571281223,-0.0287369618278328,0.0280317295492201,0.0452978979767199
"asset_liability_ratio","debt_growth",5,-0.000309368534667081,-0.00038290696830868,-0.0460633431621727,-0.0290128530355178,0.0282300941560105,0.0455929267391211
"asset_liability_ratio","debt_growth",6,-0.000282969996264419,-0.000220229823072291,-0.0450943842314141,-0.0282434286976876,0.0274146496991517,0.0446664103893656
"asset_liability_ratio","debt_growth",7,-0.000294810851969645,-0.000151618638493273,-0.0439883988241241,-0.0271589889394121,0.0265024013442776,0.0432202559882937
"asset_liability_ratio","debt_growth",8,-0.000302445282243485,-6.68480546188189e-05,-0.0424599810539256,-0.0261289371852414,0.0253945625591333,0.0414144662168448
"asset_liability_ratio","debt_growth",9,-0.00029935953683143,-5.09323460419674e-05,-0.0421933106885629,-0.0256455609155613,0.024932035151315,0.0410399873211569
"asset_liability_ratio","debt_growth",10,-0.000282732498473782,-3.92945563929619e-06,-0.0414734551112067,-0.0253337883816731,0.0244749164087955,0.0404854894544329
"asset_liability_ratio","debt_growth",11,-0.000271303692907737,-3.34138969528889e-06,-0.0411402633038634,-0.0248547093739535,0.0241572962474808,0.0403332951613659
"asset_liability_ratio","debt_growth",12,-0.000259865480559088,-4.41575098793545e-05,-0.0407893962181835,-0.0244628580457069,0.0237336466863755,0.0396679922381214
"asset_liability_ratio","debt_growth",13,-0.000247939447831936,-0.000103864731357305,-0.0407308873800359,-0.0242110285187821,0.0237491364842756,0.0396685643902152
"asset_liability_ratio","debt_growth",14,-0.000235088353797248,-0.00010626027430971,-0.0408116038914006,-0.0241840609446298,0.0236943090872261,0.0397614389156543
"asset_liability_ratio","debt_growth",15,-0.000229593864679364,-8.84076859342195e-05,-0.0406721649994986,-0.0241219844490916,0.0235759251249616,0.0396590337937292
"asset_liability_ratio","debt_growth",16,-0.000227102920582745,-0.000151213655928369,-0.0405948542248389,-0.0239701397704663,0.0234592427872108,0.0395455657371222
"asset_liability_ratio","debt_growth",17,-0.000227317850501066,-0.000174059809056034,-0.0406458976611062,-0.0238679909931524,0.0233669947174377,0.0397823898220474
"asset_liability_ratio","debt_growth",18,-0.00022968004755637,-0.000143318623695901,-0.0405211685585349,-0.0237196058302055,0.0231981829378791,0.0397537766666932
"asset_liability_ratio","debt_growth",19,-0.000236412908111949,-0.000141266767671828,-0.0406959515925565,-0.0236115731645601,0.0230981110506946,0.0397518993126612
"asset_liability_ratio","debt_growth",20,-0.000244400709443349,-0.000144101220427503,-0.0407502651103553,-0.0234641095227799,0.0228193455567803,0.0397699301751103
"asset_liability_ratio","debt_growth",21,-0.000252921355508141,-0.000146557877698909,-0.0409373143208693,-0.0234168130476164,0.0227049992838129,0.0398016058798874
"asset_liability_ratio","real_house_price_growth",1,-0.000162521244638376,-0.000313909466548043,-0.0535252453744608,-0.0341500609464885,0.0338799225769298,0.0532365804173877
"asset_liability_ratio","real_house_price_growth",2,-0.000144684546006782,-3.72485968671652e-05,-0.0476990960107053,-0.0300450428991681,0.0298870759211155,0.0471720383168266
"asset_liability_ratio","real_house_price_growth",3,-0.000136646070284021,-7.23299126178543e-05,-0.0472137928921017,-0.0296773292664004,0.0293015451759072,0.046317056019486
"asset_liability_ratio","real_house_price_growth",4,-0.000171076849386416,-0.000211932470090337,-0.0465285769699006,-0.0292471136585746,0.028794738385472,0.0455689418362515
"asset_liability_ratio","real_house_price_growth",5,-0.000144603308085894,-0.000203852701595486,-0.0467055684506835,-0.0292168599391357,0.0288127424528073,0.0458304781096335
"asset_liability_ratio","real_house_price_growth",6,-0.000139944380999842,-0.000131643240447046,-0.0452785604996004,-0.0284069957560378,0.0280454797089002,0.0450074001997497
"asset_liability_ratio","real_house_price_growth",7,-0.000132761649081318,-2.86769276329159e-05,-0.0440804646891477,-0.0274026022463556,0.0269811290797681,0.0435368687628587
"asset_liability_ratio","real_house_price_growth",8,-0.000127504880005039,-0.000166094961107975,-0.0425172263928978,-0.0263075511502273,0.0258783134864271,0.0417285125301397
"asset_liability_ratio","real_house_price_growth",9,-0.000115664443588889,-0.000137745780501668,-0.0419195719218891,-0.0258238019103562,0.0255241607080906,0.0411452520373939
"asset_liability_ratio","real_house_price_growth",10,-0.000105291379530269,-2.12655171470271e-05,-0.0413227428511435,-0.0253708576880258,0.0251759438415256,0.040831926668012
"asset_liability_ratio","real_house_price_growth",11,-9.21453650540577e-05,-3.99124378051981e-05,-0.0408508901793273,-0.0249350433437842,0.0248762956058161,0.0403353431414241
"asset_liability_ratio","real_house_price_growth",12,-7.90106536542451e-05,-9.07950371402984e-05,-0.0404394234716418,-0.0244559853269998,0.0244714823409258,0.0400022137066617
"asset_liability_ratio","real_house_price_growth",13,-5.89355631788489e-05,-6.89492830431206e-05,-0.0404024804390688,-0.024234045333047,0.0242659221191993,0.0402088767983072
"asset_liability_ratio","real_house_price_growth",14,-4.42366826054811e-05,-6.16788708109706e-06,-0.0404876064112309,-0.0241065358742378,0.0241333838058014,0.0404857012202744
"asset_liability_ratio","real_house_price_growth",15,-2.79201684908482e-05,3.73309925738236e-07,-0.0405829891298558,-0.0239662413321309,0.0239540669937187,0.04060161307925
"asset_liability_ratio","real_house_price_growth",16,-1.4568357013773e-05,-2.20024260314694e-05,-0.0404694164711631,-0.0238493379416174,0.023721272904228,0.0405043025192354
"asset_liability_ratio","real_house_price_growth",17,2.97835847283619e-06,7.83696066698091e-05,-0.0403452605443977,-0.023655031978967,0.0235855289802797,0.0406826320500366
"asset_liability_ratio","real_house_price_growth",18,1.4796703341599e-05,5.34899990398135e-05,-0.0404560618692683,-0.0234601780126317,0.0235060014933169,0.0406786042117636
"asset_liability_ratio","real_house_price_growth",19,2.68830832753037e-05,2.74146313096019e-05,-0.0405883837122146,-0.0233686680545925,0.0233881551624003,0.0407842116157095
"asset_liability_ratio","real_house_price_growth",20,3.56614153874858e-05,-6.5275993405967e-05,-0.0405500844250949,-0.0232755110453841,0.0232565335008317,0.0409563409360557
"asset_liability_ratio","real_house_price_growth",21,4.71394907407754e-05,-6.01748438889812e-05,-0.0406123528990313,-0.02312472215441,0.0230852836493379,0.0409248715901789
"asset_liability_ratio","asset_liability_ratio",1,0.000130114992772766,0.000118473260100033,-0.0531277333923883,-0.0336016744996295,0.0340993510443552,0.0533756354581674
"asset_liability_ratio","asset_liability_ratio",2,6.69710287293743e-05,0.000152615044450174,-0.0470505118127358,-0.0294616150083998,0.0295034829268294,0.0470067526468129
"asset_liability_ratio","asset_liability_ratio",3,-4.40637667528186e-07,0.00014718503160272,-0.0464910417756549,-0.0291189630941394,0.0289582569816785,0.0462729424320115
"asset_liability_ratio","asset_liability_ratio",4,5.67602931624159e-05,-3.45574745013415e-06,-0.0456999499352777,-0.0282261534729238,0.0286019293945979,0.0455380039815252
"asset_liability_ratio","asset_liability_ratio",5,4.51405328265798e-05,4.00361030223159e-05,-0.0455986498383334,-0.0286354640851218,0.0287354350325723,0.0456250937547435
"asset_liability_ratio","asset_liability_ratio",6,3.51423213778987e-05,0.000108558555950235,-0.0445590670468253,-0.0278661040434223,0.0279951112260382,0.044813806569142
"asset_liability_ratio","asset_liability_ratio",7,2.00540739678118e-05,0.000147545467568113,-0.0430845934171545,-0.0268518487349349,0.0269917667062332,0.0433757137868897
"asset_liability_ratio","asset_liability_ratio",8,2.62719333759184e-05,0.000151355675410394,-0.0417303000013753,-0.0257891084318417,0.0256985411511232,0.0418491855084229
"asset_liability_ratio","asset_liability_ratio",9,2.54598824594982e-05,9.43935746395746e-05,-0.0410216898597773,-0.0253123788733277,0.025317265615807,0.0413692282257693
"asset_liability_ratio","asset_liability_ratio",10,2.35298232563166e-05,0.000191370915786939,-0.0406969355565735,-0.0249292885511193,0.0248761101038109,0.0410164490190212
"asset_liability_ratio","asset_liability_ratio",11,1.98813805901737e-05,0.000257098182163981,-0.0401827392909144,-0.0246164528918743,0.0243928444074285,0.0407796725902697
"asset_liability_ratio","asset_liability_ratio",12,2.37750247848733e-05,0.000200313176877236,-0.0400287153308155,-0.0242038211389759,0.0239671083731181,0.0402951456471711
"asset_liability_ratio","asset_liability_ratio",13,2.35092786505336e-05,0.000218212135914342,-0.0401402135274892,-0.0240814020336964,0.0239111859700447,0.0401708005977397
"asset_liability_ratio","asset_liability_ratio",14,2.2023500735798e-05,0.000136078451695322,-0.0402126666428082,-0.0240000576869521,0.0237370315448518,0.0402155682194531
"asset_liability_ratio","asset_liability_ratio",15,2.03124152478306e-05,9.32173404614394e-05,-0.0404005549783447,-0.0238528800042785,0.023609504689587,0.0401392857208257
"asset_liability_ratio","asset_liability_ratio",16,2.40832948713952e-05,0.000116910023840898,-0.0407007298951616,-0.0236257731594504,0.0234867992782119,0.0401877530680309
"asset_liability_ratio","asset_liability_ratio",17,2.63983136184282e-05,0.000139139675625848,-0.0408347446987324,-0.0233810988057767,0.0233863217995765,0.0403313406768124
"asset_liability_ratio","asset_liability_ratio",18,2.83954121855133e-05,0.00012461734805234,-0.0409889066514891,-0.0231756972783524,0.0232376050175428,0.040428891048735
"asset_liability_ratio","asset_liability_ratio",19,2.96939436627261e-05,0.000127172046765462,-0.0410457377621049,-0.0230555031945856,0.0231723403905253,0.0404737519377059
"asset_liability_ratio","asset_liability_ratio",20,3.30599438402771e-05,0.000150722895430084,-0.0410457966038801,-0.0229125609647565,0.0230775969093231,0.0405093898155659
"asset_liability_ratio","asset_liability_ratio",21,3.48962105342522e-05,5.648051473519e-05,-0.0410918740613723,-0.0228261312245458,0.02296461493757,0.0407472131610619
