"date","target_variable","shock_gdp_growth_mean","shock_consumption_growth_mean","shock_cpi_growth_mean","shock_saving_rate_mean","shock_policy_rate_mean","shock_interest_burden_mean","shock_debt_growth_mean","shock_real_house_price_growth_mean","shock_asset_liability_ratio_mean","total_decomposed_mean"
1,"gdp_growth",0.0273113878577049,0.0236571786065908,0.0282447987672667,0.00474336650773866,0.0178581497626137,0.0123980014870966,0.011726897165222,0.0117436697518849,0.0112370296302353,0.148920479536354
2,"gdp_growth",-0.14462319336635,-0.166929529079692,-0.173744485906227,-0.166803588144338,-0.172904958817263,-0.153890177668666,-0.162670939333322,-0.157356269408499,-0.121162136819454,-1.42008527854381
3,"gdp_growth",0.123256769590673,0.125649433043716,0.132054737166112,0.133966416192972,0.089802917010121,0.106604967017706,0.129763663761414,0.118886256596283,0.129021699895055,1.08900686027405
4,"gdp_growth",-0.118027671647741,-0.0933938757815341,-0.0959072474635473,-0.0876770787692847,-0.0551073696122436,-0.0874656833507656,-0.072795490494879,-0.106371951735487,-0.134587931966248,-0.851334300821729
5,"gdp_growth",0.0091024386187897,0.0150350654400153,0.0231054704125431,-0.0146857724925414,0.0397075455764458,0.0187882991738611,-0.032979865922881,-0.0150085134825549,0.00196434032173953,0.0450290076454171
6,"gdp_growth",-0.00677394683879266,0.0108092579538029,0.00899425137382116,-0.0155756404006069,-0.0309816271785127,-0.0235701258246079,-0.0234136481138139,-0.0229578841980242,0.00838839713181672,-0.0950809660949175
7,"gdp_growth",0.0949301242303252,0.0867532699321528,0.0609416266474063,0.0775844453442005,0.0773964154130915,0.0962368741438434,0.100653237467875,0.0806355133325307,0.0752330163141282,0.750364522825554
8,"gdp_growth",-0.0609935171259688,-0.0847564473133994,-0.0577762549479572,-0.0627175942063421,-0.0411225421278082,-0.0649696757669301,-0.0709674163590952,-0.0604117967969135,-0.0431528022045957,-0.54686804684901
9,"gdp_growth",-0.0452743645836356,-0.0307840791370575,-0.0347002037754429,-0.0112734791135407,-0.0581888187823578,-0.035747570897221,0.0128534175823637,-0.0221701512739215,-0.0288719147476932,-0.254157164728507
10,"gdp_growth",0.0668819401931388,0.0291584362113472,0.0395346688023111,0.0178333688794681,0.17287234435002,0.040851376768778,0.0350504057918097,0.0556815947540988,0.0465255998915368,0.504389735642508
11,"gdp_growth",0.0406835653712046,0.0757464135002704,0.086146761867447,0.0651515385237406,-0.0617934745208478,0.0822782076785055,0.0841343300308911,0.103678770288142,0.042082445786727,0.51810855852608
12,"gdp_growth",-0.0900759290108216,-0.109712559049618,-0.0851333533312771,-0.100991499870344,-0.0509915355409715,-0.0942377367753617,-0.116638527372355,-0.107109798494766,-0.121125609254531,-0.876016548700046
13,"gdp_growth",0.265415607195416,0.294702310531692,0.266297132469734,0.269216306325279,0.105781206105105,0.26164291443831,0.259291510287247,0.240149582448046,0.243475533169336,2.20597210297016
14,"gdp_growth",0.00807120286275124,-0.0312449293389878,0.00245560474560432,0.0288650145940406,0.0200930116165499,0.0274284756988478,0.00846564923801449,0.0125592529810893,0.0253222497452245,0.102015532143134
15,"gdp_growth",-0.0458620128393529,-0.0698576069044377,-0.069924464882216,-0.0924813765619054,-0.0663997019170633,-0.0935662264592345,-0.0870129932240651,-0.0756519734426017,-0.0451023179194517,-0.645858674150328
16,"gdp_growth",-0.110608474124179,-0.0872731949366279,-0.0881517205174791,-0.108107494993262,-0.117210123793224,-0.101232454325215,-0.091507108029776,-0.11719705138498,-0.0998352185719654,-0.921122840676708
17,"gdp_growth",-0.10740508840865,-0.1277296367238,-0.137793693387763,-0.0923826209379097,-0.237672469777789,-0.124211431656309,-0.119538800559822,-0.108057028955837,-0.0914418350624151,-1.1462326054703
18,"gdp_growth",0.00870817198188005,0.000432222596409528,0.0209856068906305,-0.00647200316286833,0.108892828930132,-0.0196178540189892,-0.00973228444310171,-0.037202056887976,0.00842002443715406,0.0744146563232709
19,"gdp_growth",-0.0311174558248857,-0.0412828080752213,-0.0673317545455003,-0.0421335047811965,-0.0590046387305623,-0.0169319522924338,-0.029557484487415,-0.0227701018415212,-0.0032816239594817,-0.313411324538218
20,"gdp_growth",0.015687078665308,-0.0173318029720822,0.00864072764685755,-0.00130670515239884,0.0307588302206712,0.00729329529704709,0.0162910030250591,0.00759525977349672,-0.0393847554345319,0.0282429310694267
21,"gdp_growth",0.0761159237963237,0.0768774674608673,0.0575227536132133,0.0662759344330285,-0.00229817127662693,0.0553375924170747,0.057785057189095,0.062405867764422,0.0429389621899142,0.492961387587312
22,"gdp_growth",-0.115771046612757,-0.08664273756816,-0.107737777094825,-0.0842633450479609,-0.15278646194315,-0.108148334818481,-0.0608417563775303,-0.125683732510734,-0.126708961033276,-0.968584153006875
23,"gdp_growth",-0.0631215011023187,-0.0622639664437757,-0.0660309623775538,-0.0763327735548748,-0.0562898780422266,-0.0568702139128756,-0.0714364876743843,-0.0555058138135504,-0.076581750100774,-0.584433347022334
24,"gdp_growth",0.0804171408947328,0.0475738224355871,0.0654067265905757,0.0579682943762609,0.0519299977725012,0.0582300758594382,0.0620379705714785,0.050798542922755,0.0941231628027245,0.568485734226054
25,"gdp_growth",-0.144696257805458,-0.116813765187982,-0.112242206386801,-0.100113331198248,-0.0201173001853761,-0.0969662616195273,-0.0674478434096882,-0.114493876152689,-0.103608317289862,-0.876499159235631
26,"gdp_growth",0.0124189634594861,-0.00671759691767519,0.00765858861896842,-0.00853117604579544,0.111569425768789,-0.000492588140958746,0.0153292742260457,0.0133613664949783,0.0295269865586556,0.174123244022494
27,"gdp_growth",-0.00432158871650223,-0.0171748378318489,-0.0268969888862835,-0.0282076315418698,-0.0488365435752256,-0.0100495348593021,-0.00696546260007881,0.0206967099732925,-0.03907664867456,-0.160832526712378
28,"gdp_growth",0.118457816879473,0.118442173048326,0.115386548864396,0.125269151082162,0.0882027237731021,0.10807022889346,0.118716372954207,0.10651805476477,0.101160720627245,1.00022379088714
29,"gdp_growth",0.015433057409205,0.0245768328684202,-0.00539228854522871,0.024857840682679,-0.0318891934463759,-0.0200709328999966,0.029699128036781,-0.00424616001959622,0.0140228157630547,0.0469910998489424
30,"gdp_growth",-0.00417379747066568,-0.0141651288029767,0.00284770532673456,-0.0161908270871843,0.109108744930293,0.0166513626640156,-0.0117363272546764,0.0196038564482011,0.00515759623127344,0.107103184985015
31,"gdp_growth",-0.0205689014304873,-0.0121280368260898,-0.0210475424228962,0.00156989106678824,-0.126998008857356,-0.0455306495683481,-0.00599419506280774,-0.00569716504073328,-0.00492475645672639,-0.241319364598657
32,"gdp_growth",-0.00570720049965019,-0.0482040158558553,-0.0286117109083827,-0.0484833617592499,0.0338460834095898,-0.0277970243508433,-0.0594531808673293,-0.0491813702816907,-0.0401524079101857,-0.273744189023597
33,"gdp_growth",0.0345770421871345,0.0637927296389065,0.0553203476202552,0.0731247103875452,-0.102808750234488,0.0286703367502029,0.0614541262979447,0.0251115745482747,0.0267710026358789,0.266013119831654
34,"gdp_growth",0.0782434822433497,0.0655143909248972,0.0778655980733997,0.0693787221851637,0.101928979090677,0.0910070514955183,0.0740567982673734,0.0787041349462238,0.0965570822549893,0.733256239481592
35,"gdp_growth",-0.0559623648037669,-0.0916496068381669,-0.0749380989868121,-0.0566070618612555,-0.0276193731534506,-0.0600938218437368,-0.0698738405562064,-0.0400647242099978,-0.0482340392845108,-0.525042931537904
36,"gdp_growth",0.140908753057224,0.124054561826165,0.134151938077861,0.134064592611117,0.115560546362962,0.158270419251898,0.153617748746779,0.12949796976582,0.157124975152213,1.24725150485204
37,"gdp_growth",0.151807824649889,0.110821701943993,0.108846828178878,0.155608506040744,0.0298714068734313,0.123379640464761,0.0966738583127797,0.145009011739494,0.158959218970734,1.08097799717471
38,"gdp_growth",0.0308198507593974,0.0555851426771316,0.0371964102130692,0.038267331911973,-0.0432801767755044,0.0378646276644287,0.0407892814635095,0.0165015407409159,0.0395394916956078,0.253283500350529
39,"gdp_growth",0.0354198990077666,0.0114850726683054,0.00665683152785655,0.0281106056910699,0.0779894315344752,0.0434187304049802,0.0158768151704051,0.0368936612726769,0.0316688938234743,0.28751994110101
40,"gdp_growth",0.00584553941894186,-0.0333199516219195,-0.0214438874261766,-0.01410672365974,-0.0726147349396372,0.0236012218367669,-0.0188837235014035,0.00607373664309543,-0.0118086021625059,-0.136657125412579
41,"gdp_growth",0.0715188915741673,0.0616144649043233,0.0611311651109813,0.113781426302047,-0.0420217773753774,0.0847366177000551,0.100186318609346,0.0678073382934317,0.073310861781353,0.592065306900327
42,"gdp_growth",-0.0364975964033826,-0.0523415134371917,-0.0373632720371216,-0.0561022591891336,0.0409049905110498,-0.0482592666772666,-0.048082885124045,-0.0325667295544075,-0.0614275970843011,-0.3317361289958
43,"gdp_growth",0.0906183181076102,0.068090230399462,0.071383303561098,0.0382201814956044,0.0495565238677019,0.048060969214427,0.0185881002767474,0.0557438462417757,0.0566437687077606,0.496905241872187
44,"gdp_growth",-0.131716744790766,-0.109087971794449,-0.125028135071826,-0.125568764366205,-0.148267160900692,-0.121254982947433,-0.109443710494263,-0.142167872465316,-0.111789478179581,-1.12432482101053
45,"gdp_growth",-0.13446750755075,-0.128380338831939,-0.150089449979563,-0.0880244305742809,-0.111250371603948,-0.127780609893931,-0.104140967346867,-0.128087454551556,-0.127382692447638,-1.09960382278047
46,"gdp_growth",-0.15538137636225,-0.191325479914556,-0.199555655242673,-0.21511403896732,-0.0138502287137828,-0.195833646887714,-0.170756360818571,-0.187781068399308,-0.190672746474344,-1.52027060178052
47,"gdp_growth",-0.53560508539269,-0.560668344001509,-0.52977107560994,-0.563042424933751,-0.332756180638938,-0.541225207042388,-0.508445373131811,-0.521820212798599,-0.502551063643237,-4.59588496719286
48,"gdp_growth",-0.207143727651449,-0.196512324912489,-0.166802052978038,-0.191105327330122,-0.0575532595105033,-0.233325489287642,-0.180694069719622,-0.211877588535039,-0.169686108303209,-1.61469994822811
49,"gdp_growth",-0.0359828194225977,-0.0434270915537947,-0.045630536914534,-0.0234906974833105,0.143413047846793,-0.0280028297357512,0.00283682474544577,0.00539698698585935,-0.0683504244430687,-0.0932375399749588
50,"gdp_growth",-0.0957507306661009,-0.0804053616520462,-0.071194810299608,-0.0376523614695215,-0.0489459259800076,-0.0581257674262314,-0.0906790452873787,-0.0714625987439916,-0.0572689356846331,-0.611485537209519
51,"gdp_growth",-0.0360979177001222,-0.0486062324518049,-0.0568378922014816,-0.0184569728112947,-0.0846365504223737,-0.0418176916654659,-0.0313893080902407,-0.0338702745090754,-0.0387390187120556,-0.390451858563915
52,"gdp_growth",0.0921020912842927,0.123145445566854,0.123927504091354,0.113879420206338,0.0786335135465231,0.145597602182946,0.0746170258729671,0.122559947432635,0.118188583245841,0.992651133429751
53,"gdp_growth",0.311465274493244,0.320519651027786,0.30071148064218,0.314006894282434,0.319702787819806,0.28861154990159,0.281779871017165,0.273683250699061,0.300966598708883,2.71144735859215
54,"gdp_growth",0.112997843694754,0.125297810525218,0.116916041999728,0.15244331467478,0.0110893171476256,0.161508627374236,0.131667071094134,0.151625583982321,0.131575256993105,1.0951208674859
55,"gdp_growth",0.0208379981144722,-0.0175181113284977,-0.029734849956877,0.00618963922932572,-0.0143076840381943,0.0189483076617787,0.00337322007416029,0.0254036191629052,0.000335380855704881,0.0135275197747779
56,"gdp_growth",0.00481813113009319,0.0108431477734908,0.000783719783237453,0.0135495435948888,-0.00411994429175571,0.0152269707319532,0.0156314846516312,0.028224899584497,0.0133136037064568,0.0982715566644927
57,"gdp_growth",0.0222310078497167,0.0354875934618178,0.0273825246962447,0.0411593204382804,-0.00299040498415167,0.0269889235611572,0.0240957176794968,0.0253878827632252,0.0152185163343212,0.214961081800108
58,"gdp_growth",0.0598927250791184,0.0618925275185293,0.0432779036782752,0.0422768014505747,0.0727159037609319,0.0222965554720956,0.0285615325088522,0.0343545017804989,0.0350024719417636,0.40027092319064
59,"gdp_growth",-0.435164612121511,-0.425352490050326,-0.419221678992137,-0.420422758119861,-0.367351664970048,-0.401023371422763,-0.401728800473303,-0.402317966524596,-0.410776012954442,-3.68335935562899
60,"gdp_growth",0.0685213360726049,0.0774172638810562,0.0706794822711117,0.0727103529316941,0.134853765916967,0.0301145710749178,0.0769526988149689,0.0387027951475494,0.0328513205330145,0.602803586643884
61,"gdp_growth",-0.0229531539686142,-0.0142510668099189,-0.0302705948154781,0.0203595469228407,0.0623778271378759,0.0101255276937136,-0.00160178317061343,-0.00512942805656955,-0.000858649075104082,0.0177982258581319
62,"gdp_growth",-0.00227409335949258,0.0190326941355772,0.029690674246152,0.00627615824198708,0.0374848169446488,0.00608605531700185,0.011113131094276,-0.00203611350093658,-0.00094302214103434,0.104430300978179
63,"gdp_growth",-0.229740007039206,-0.231526616241908,-0.235699224059231,-0.224346950171611,-0.148219042266094,-0.225756096978356,-0.230977343026628,-0.237163345732788,-0.217462608370869,-1.98089123388669
64,"gdp_growth",0.0168319885233127,0.0326744948485317,0.0319437941384231,0.0344316968276312,0.0342904539350371,0.00990553676128437,0.0179158995510727,0.0087215163286716,0.0196532421463602,0.206368623060325
65,"gdp_growth",-0.0242636554719181,-0.0245982071066621,-0.0232623146143977,-0.0280982449606725,0.0391955386033743,-0.0196722209523304,-0.0326350951005498,-0.0453484946283397,-0.0214474818246889,-0.180130176056185
66,"gdp_growth",0.0295850246421405,0.0605598043665496,0.0498701194864132,0.0365095597916527,0.00658042794639412,0.0478316111048225,0.0215113241769742,0.0353140325923431,0.0197011113867419,0.307463015494032
67,"gdp_growth",0.00433804787982686,0.00646129735223482,-0.00983615672515087,-0.00641153798463613,0.018301130085846,0.00972214969362881,0.0117152014709322,-0.00228843014921257,-0.0113711415979154,0.0206305600255537
68,"gdp_growth",-0.0254024695807099,-0.021878301054366,-0.028418152094893,-0.0102024067510449,0.0437361123223681,-0.0176566435804492,-0.00361131072777053,-0.000898074477775017,-0.0269847069471656,-0.0913159528918061
69,"gdp_growth",-0.00483128272150771,-0.00779483887810437,0.00747558687055017,0.0115421120462392,-0.0192637885286841,0.0188706290486724,0.00775302898987209,0.0103346478429048,-0.00324212170181088,0.0208439729681316
70,"gdp_growth",0.016370313085583,0.0109776891666256,0.0104075819178857,0.0203792634503887,0.0647537330241329,0.0118329187799341,0.017720204735431,0.0141664444313035,0.0425382948488963,0.209146443440181
71,"gdp_growth",-0.0634197940894876,-0.0665504152898632,-0.0663778464707163,-0.0655225141423307,0.0329012992090192,-0.0439932421754358,-0.0195245385828576,-0.0231469590687522,-0.0633645331894368,-0.378998543799861
72,"gdp_growth",0.0581155507426299,0.0661020462746367,0.0870140208827377,0.0594538621052217,0.07259045239974,0.0713917618069925,0.0761249331184704,0.0705073429961168,0.0483790881499135,0.609679058476459
73,"gdp_growth",0.212896949195646,0.217696780277216,0.20325170887062,0.227045669147241,0.196509107198657,0.212396618124337,0.21654748159948,0.213643844707497,0.220716193478216,1.92070435259891
74,"gdp_growth",-0.0945929305771576,-0.0696577100503603,-0.0617835273035878,-0.0850790668267317,-0.0780407843950954,-0.0686682968319614,-0.0762550945622293,-0.0743860234706144,-0.0819482553626611,-0.690411689380399
75,"gdp_growth",0.0323052547441853,0.0732194532937246,0.053961530363338,0.0293206180367158,0.0760566584343569,0.0303478726324541,0.0708714196615557,0.037703272404493,0.0165680515852573,0.420354131156081
76,"gdp_growth",-0.136202736091969,-0.142000801541031,-0.136330866661213,-0.0928263027952171,-0.150734318666392,-0.121865051366267,-0.121065444144968,-0.0936669773890334,-0.0957497239988094,-1.0904422226549
77,"gdp_growth",0.0561203279010041,0.0556478662407329,0.060431116988678,0.0496675062135844,0.0746369372109554,0.0503492274101724,0.0702136359769286,0.0379304413659673,0.0646460667508755,0.519643126058899
78,"gdp_growth",-0.0453933559214856,-0.0454221529872299,-0.0453394206269406,-0.0437182476501781,-0.00341331087458014,-0.0193170687091463,-0.00902653313944758,-0.0218946379093628,-0.0574608086937962,-0.290985536512167
79,"gdp_growth",0.00657675766648011,-0.00300111301115309,-0.00342165022022943,-0.00505952253340113,-0.0338701834863482,0.00968206961484889,0.0189010535812126,0.0292269052392239,-0.000161623944779219,0.0188726929058544
80,"gdp_growth",0.0279768893903569,0.028269151534279,0.0398441561407036,0.0179271859580927,-0.0282255135292803,0.0248133238355757,0.0493720399612887,0.0346686504615864,0.0138730999983495,0.208518983750952
81,"gdp_growth",-0.0733559148544469,-0.0588005893524776,-0.0630228698061177,-0.0071783226552539,-0.0878577951049164,-0.0229038946505038,-0.0318672477813346,-0.0253491028196574,-0.0118409570847237,-0.382176694109432
82,"gdp_growth",-0.032153478645435,-0.0595761594454318,-0.0458309615738858,-0.0358901854299955,0.00668538088098527,-0.042452923417221,-0.0348358846874912,-0.0482890279419106,-4.30346205150317e-05,-0.292386274880901
83,"gdp_growth",-0.0125708348001675,-0.00697017978855516,0.00312854049987571,-0.028029162376893,0.0645676001645976,0.00186224878926338,-0.0143248349643487,-0.00401663567906456,0.0130820651838224,0.0167288070285301
84,"gdp_growth",-0.00250352247106681,-0.00311195721951911,-0.0235516329886114,0.0052245711803106,-0.0574622793649233,-0.00121585601476352,-0.0155535475131834,-0.0021105413762373,0.00705578406485087,-0.0932289817031434
85,"gdp_growth",0.012572995036733,0.00246629095694304,0.000996141613770409,-0.00766490069898086,-0.042225351031161,0.0206490049198504,-0.00970435780657252,0.000411038205035055,0.0379497039323419,0.0154505651279595
86,"gdp_growth",-0.0853647166226633,-0.102432294425502,-0.112847195125905,-0.0587530398484811,-0.110292550117334,-0.0786880571589166,-0.0783868389329246,-0.0934141583768369,-0.0741962571571678,-0.794375107765731
87,"gdp_growth",0.0693444251978436,0.0820115751495382,0.070340834202242,0.0762416404711997,0.126219250068372,0.0604902966634182,0.0755210764955471,0.0697403935184704,0.0842367837563296,0.714146275522961
88,"gdp_growth",-0.0492882446550951,-0.0316043563939982,-0.0508624752786335,-0.0105556419995102,-0.0607960600651346,-0.0108440063001993,-0.0118387533094934,-0.0249465278070515,-0.0447217787679719,-0.295457844577088
89,"gdp_growth",0.0975627445419418,0.0701700903499599,0.0693692613290329,0.107832213652777,0.021388624196393,0.0891989563998032,0.0817962221451943,0.0779022211717425,0.0974872020860879,0.712707535872933
90,"gdp_growth",-0.118939514599715,-0.114186228488564,-0.106271328651559,-0.10341279946757,-0.0480860441226558,-0.10225860808214,-0.0956532753609596,-0.103356412448827,-0.104638181737429,-0.896802392959419
91,"gdp_growth",0.120097065634144,0.115648385464152,0.105447818307199,0.118278683961116,0.135546601753892,0.127494789235461,0.130709413553486,0.117562151471843,0.140411205257261,1.11119611463855
92,"gdp_growth",-0.0744651059739605,-0.0572196391612268,-0.040424876379524,-0.0717987313772173,-0.0236374507238331,-0.0811954091526519,-0.0770897908438156,-0.0767215461604999,-0.0956038704286404,-0.598156420201369
93,"gdp_growth",-1.04259456593164,-1.06352326038172,-1.06897283890318,-1.06100085399915,-1.0503311645263,-1.05489077962302,-0.979624548804967,-1.06543308562773,-1.00411343445466,-9.39048453225235
94,"gdp_growth",0.608593404700573,0.598734968072525,0.572059423349481,0.638959144435452,0.567094165579208,0.603053182313588,0.583457459143354,0.627843285529715,0.60039786243485,5.40019289555875
95,"gdp_growth",0.0780825064530272,0.0811710000718968,0.0588300326503204,0.116624364742465,0.00693197798528094,0.102666233494379,0.126704581748672,0.120876202282386,0.115777796674287,0.807664696102715
96,"gdp_growth",0.228641472814239,0.228207604448734,0.228648818614433,0.22463149599152,0.16881559727426,0.259080014774608,0.20940978389793,0.203693100810448,0.247298134589185,1.99842602321536
97,"gdp_growth",-0.0354740631619871,-0.0529574234727226,-0.0223482124039084,-0.0159659432492066,-0.00567495084566958,-0.0183696094516451,-0.0106712514086976,-0.0235994750489145,-0.00935291746158423,-0.194413846504336
98,"gdp_growth",-0.115420889531204,-0.102741209265736,-0.102273743898819,-0.0984751914756207,0.00399952254445832,-0.0865637005679169,-0.0911054247142395,-0.0920112138920918,-0.119085706977436,-0.803677557778606
99,"gdp_growth",0.174059479890763,0.160329058147396,0.158399807171575,0.159577605708624,0.172506962790317,0.178555033482433,0.148262480493309,0.159243292614593,0.192327569202527,1.50326128950154
100,"gdp_growth",-0.143312424354689,-0.186504726172027,-0.153493720807582,-0.121048328809237,-0.126540626979797,-0.123616453262212,-0.124829067581128,-0.137014380506629,-0.0896115279025664,-1.20597125637587
101,"gdp_growth",0.0738140154613591,0.0714514490807076,0.0814204551084094,0.0242688645720402,0.0540463534373795,0.0392709422408057,0.0374109925320332,0.0626848370204981,0.0563140944924421,0.500682003945675
102,"gdp_growth",-0.125075891876068,-0.118433252363559,-0.156893588964401,-0.129698200352581,-0.0942351417131453,-0.126496980357554,-0.105680375702935,-0.126021123721003,-0.12607180458746,-1.1086063596387
103,"gdp_growth",-0.188360655284919,-0.201594681071412,-0.215471863208154,-0.201119720008362,-0.176436633728965,-0.172965124195044,-0.18209280104349,-0.172858839268346,-0.191274683747185,-1.70217500155588
104,"gdp_growth",0.0552693199837299,0.0709552403705725,0.0514440842879437,0.0724529360569024,0.00818966890329241,0.0835402062222749,0.108757561028853,0.0585671964006371,0.079361066527887,0.588537279782093
105,"gdp_growth",-0.208828847180412,-0.204508496984284,-0.194358800249136,-0.18283318092248,-0.158884692289523,-0.149981985625713,-0.150568407068827,-0.16993949791841,-0.185377115963961,-1.60528102420275
106,"gdp_growth",0.0820089252508253,0.100858221986818,0.101048604420238,0.0959786800329526,0.132464637468229,0.093045929294257,0.112213650175263,0.0904559726733046,0.0772882791311484,0.885362900433037
107,"gdp_growth",-0.282134685283139,-0.275891706659687,-0.286416104284507,-0.240582753873489,-0.228812869824847,-0.200966400365281,-0.203183200959084,-0.236724276263423,-0.253951722874186,-2.20866372038764
108,"gdp_growth",0.268740376334793,0.251268879500878,0.241094823419524,0.276336983030918,0.23211813713327,0.28351770212989,0.294131724116124,0.27063328784784,0.264123070416716,2.38196498392995
109,"gdp_growth",-0.2511812774934,-0.268316014320382,-0.269676139696034,-0.188169259556214,-0.209037910960537,-0.180079980399164,-0.167167486843584,-0.206553240347996,-0.172090647125856,-1.91227195674317
110,"gdp_growth",-0.00188773587027644,-0.0168444447000093,0.00559404116540058,-0.0124330914965061,0.126105053987173,0.00896404178629795,0.026666342390439,0.0228953773812115,0.0192250567255374,0.178284641369267
111,"gdp_growth",0.0616262942598679,0.029496942377374,0.0333899790263012,0.0965573652822328,0.00722076032271529,0.0901102596010433,0.0615354062150735,0.0704160641142518,0.133503478095667,0.583856549294527
112,"gdp_growth",-0.117477032031637,-0.145939867148233,-0.100134472309308,-0.143972321558311,-0.0921522504484345,-0.133492999648939,-0.138945504320719,-0.150820936970728,-0.102681839521859,-1.12561722395817
113,"gdp_growth",0.0387905691209352,0.0727902655324198,0.0402026234427721,0.0548115001901525,0.0695462674050825,0.0660892606845231,0.0550546607763758,0.0197613135204777,0.0627249732848164,0.479771433957555
114,"gdp_growth",-0.0150642092916299,-0.043876634630544,-0.0464782425448863,-0.0180747519117261,-0.0565062834860792,-0.0101963309871591,-0.0191894831189129,-0.0132542146503766,-0.00714953337975729,-0.229789684001071
115,"gdp_growth",0.0227852797476586,0.0055517984727132,0.0258760131166949,0.014014931915823,-0.00642475695502362,0.0353024242733078,0.00942135939296362,0.0358999968022988,0.0329796413332788,0.175406688099715
1,"consumption_growth",0.0308331892183919,0.0487055539488497,0.0353756460792611,0.0263446551533432,0.031907222200472,0.03904022145341,0.0216828633314135,0.0311993351846492,0.035763690536364,0.300852377106155
2,"consumption_growth",-0.164468976923834,-0.177406781464002,-0.169848351578158,-0.170535180310414,-0.173268057527512,-0.1732334773392,-0.171699834319477,-0.174355509148756,-0.149899240847151,-1.5247154094585
3,"consumption_growth",-0.00627010769105945,0.0191474907815892,0.0148658165609728,0.0131157304174273,0.0308026712677347,0.0180289563246051,0.00895773451811348,0.000839698560686046,0.00935000451595572,0.108837995256025
4,"consumption_growth",-0.0527115391049594,-0.0451712533697083,-0.0680756666404035,-0.0408626463524824,-0.0120235421569251,-0.0506890111761,-0.0315649412932964,-0.0653933488614247,-0.0615315340243641,-0.428023482979664
5,"consumption_growth",0.111085169925942,0.112754890017533,0.0884851065643368,0.0992279931359022,0.124174244724124,0.109054397447524,0.074653362192996,0.117867490831946,0.110325945369756,0.947628600210059
6,"consumption_growth",-0.030415874681411,0.00376206166316298,-0.00941541664080823,0.00901039847782933,-0.0465815899185081,-0.0170171936690096,-0.00309725944116386,-0.00453166694075766,0.0176913625941973,-0.0805951785564688
7,"consumption_growth",0.0552036164206403,0.0417284968866128,0.0363832486800852,0.0196826648258728,0.0294990369572575,0.0500487814315697,0.0603757721817278,0.0413956647495589,0.0268244611503091,0.361141743283634
8,"consumption_growth",-0.00727598692166272,-0.0406576556509628,0.0113190541074278,-0.00644854746896983,0.0249107851901345,-0.00871503453022155,-0.00474614743240948,-0.00527134240531578,0.0123894544324672,-0.0244954206795126
9,"consumption_growth",-0.0148511894049257,0.0352916409084486,0.0158203244866043,0.0123318471002473,0.0394203564308905,-0.00296732258658646,0.0306131584933807,-0.0107856526051405,-0.00823001444317824,0.0966431483797404
10,"consumption_growth",0.014622658614248,-0.0230475260320801,0.0268533983463055,0.00158690494258679,0.128226030217987,0.0137814772252518,0.011909453987986,0.0330053502423851,0.0101265079515135,0.217064255496184
11,"consumption_growth",0.268593655281809,0.348446687218635,0.336491437318748,0.328455258355958,0.189391362939119,0.325103082322606,0.325469036566385,0.326892441925363,0.318742037478615,2.76758499940724
12,"consumption_growth",0.113338663186647,0.100655334898961,0.115799944700989,0.143731266213073,0.0740854671204101,0.124801470719718,0.113638637077542,0.0989390838917116,0.137811639293599,1.02280150710265
13,"consumption_growth",0.0741188898869742,0.121558944485464,0.0699213814046166,0.0763164898494433,-0.022382424096152,0.0564012227008378,0.0838635200036631,0.0749334546126572,0.049441124895133,0.584172603742638
14,"consumption_growth",-0.0436203005113885,-0.0635301815381131,-0.0388676747798389,-0.0249476706248933,0.0235917898281441,-0.0278144871349285,-0.0481647355327769,-0.00752928719386757,-0.0253297212735396,-0.256212268761202
15,"consumption_growth",-0.0543180404283359,-0.0680468696369881,-0.0712363654888022,-0.0787543444603678,-0.0740648300748344,-0.0906544954505471,-0.0857384097775902,-0.0679547396995989,-0.0491431464174063,-0.639911241434471
16,"consumption_growth",-0.0530384267836879,-0.0373318486401961,-0.0520709219263413,-0.0270282741889037,-0.0861230854902742,-0.047870235483789,-0.0374399896395297,-0.0693520001799262,-0.0428551669688895,-0.453109949301537
17,"consumption_growth",-0.0878041907255908,-0.0579682879637094,-0.0910800274335813,-0.0930589870254679,-0.0933023035085803,-0.0736154947100253,-0.0838995782712098,-0.0719432924585358,-0.0728436499810175,-0.725515812077718
18,"consumption_growth",-0.054887279966862,-0.0714281773709184,-0.0554906367899531,-0.0589464246257969,0.0911472565512374,-0.0734257618071667,-0.0702332108499809,-0.0825912554094843,-0.0551790873192466,-0.431034577588171
19,"consumption_growth",-0.111962832512493,-0.111602786524403,-0.106366235722793,-0.130333830433544,-0.0761623802159264,-0.100569970959275,-0.0961990721214771,-0.102920647899807,-0.0994798778541807,-0.9355976342439
20,"consumption_growth",0.148700633393506,0.125913906370858,0.149018150574559,0.163280633342317,0.142120712611777,0.15231221556431,0.145529842541762,0.136378654310046,0.113180997485845,1.27643574619498
21,"consumption_growth",-0.0488146692419107,-0.0194847826911392,-0.0676118286947436,-0.0412005976730554,-0.123333878855045,-0.0565613629222223,-0.0502782591509882,-0.0477504827523239,-0.0683486759347415,-0.52338453791617
22,"consumption_growth",-0.0825499814447812,-0.0534396526139182,-0.0736688695670297,-0.0400674739030643,-0.104193846335147,-0.073055201600878,-0.0260061258093699,-0.0784654242106221,-0.073151848127098,-0.604598423611908
23,"consumption_growth",-0.0394380952261841,-0.0273054694466658,-0.0166310402232136,-0.0436233369788658,0.00934702819995092,-0.0156782990333048,-0.0527639796585639,-0.00996741793582505,-0.0304863923922134,-0.226547002694885
24,"consumption_growth",-0.0592260965789563,-0.0711044848768657,-0.0371566641311985,-0.0590752455123831,-0.00191087500325499,-0.0620225300956765,-0.0857407511169746,-0.0860260264678223,-0.0352285729018107,-0.497491246684943
25,"consumption_growth",-0.0549035046404991,-0.0185651590052359,-0.0183799348185531,-0.0204711756477575,0.0908696451680997,-0.0446057711890838,0.00013921981763988,-0.0159102726037304,-0.0367079796238877,-0.118534932543008
26,"consumption_growth",0.017921240035374,-0.0105304378280748,0.0357085926618886,0.0230571778767957,0.0546255183263634,0.0117999547843672,0.0237388158406329,0.0281940168538771,0.031831177154215,0.216346055705439
27,"consumption_growth",-0.00577132927114376,0.015288034370537,0.0132443662709251,0.0245898020059258,-0.0630227623902026,0.0382263534144431,0.0208160341164939,0.0304112156005703,0.00714742866915738,0.0809291427867062
28,"consumption_growth",0.0883577395565262,0.0975979628280377,0.0829843226259214,0.0917528411811756,0.0249301464354589,0.0920515937857616,0.0824423910033595,0.0778635530405547,0.0848843177384364,0.722864868195232
29,"consumption_growth",-0.139474165804394,-0.128544792738505,-0.13320825946938,-0.116454374789374,-0.131325192052727,-0.121740706660667,-0.103776713360847,-0.129138623608832,-0.109860489253064,-1.11352331773779
30,"consumption_growth",0.0238512328867056,0.0142425004033956,0.0355446343478928,0.00947231157911722,0.0571684323509024,0.0473645113466599,0.00491589898354403,0.0369381412621642,0.00438786674558871,0.23388552990597
31,"consumption_growth",-0.009863453303728,0.0206561243554934,-0.00130349783195439,0.0315733236571569,-0.102282167519954,0.000241137802161933,0.0331369356207612,-0.002350117384555,0.0184723640860451,-0.0117193505185729
32,"consumption_growth",0.0718345529725674,0.0287855403530363,0.0512431386307735,0.0219117135330773,0.0286417958829247,0.049179449404696,0.0229716079430269,0.0371603752801213,0.0290592255521895,0.340787399552413
33,"consumption_growth",-0.0112167149043337,0.0310870515202666,0.0122032330710127,0.0447686304845346,-0.112932660848663,-0.00370912699788537,0.0330096603882777,-0.0101458034781475,0.0100614818187663,-0.00687424894617125
34,"consumption_growth",0.112862079874794,0.108173489631257,0.138642829045565,0.0945406667488384,0.183306143197402,0.127508711555596,0.108419408049291,0.126527601013249,0.150007019769713,1.14998794888571
35,"consumption_growth",-0.0750097708834315,-0.103783767721422,-0.0681395227875331,-0.057408939615641,-0.00990598409751982,-0.0662714067796586,-0.0843608438267655,-0.0723777234180887,-0.0666104062645571,-0.603868365394617
36,"consumption_growth",-0.0134213800697916,-0.0329883435175388,-0.0377695132500793,-0.0353596787478694,-0.0563545073836471,-0.0397680097423342,-0.0281417488362745,-0.0491755947106396,-0.0506718009291902,-0.343650577187365
37,"consumption_growth",0.078053605433454,0.072832983128903,0.0622201779089123,0.105599675830482,-0.00316770739645438,0.106706853444267,0.0584648110758367,0.110260640758746,0.108871991152694,0.69984303133684
38,"consumption_growth",0.00188662758308462,0.0318453748464692,0.0156025866763809,-0.0173292043906414,-0.0393600616081267,-0.00855644712771887,0.0116260446837693,-0.0309993097217796,-0.00138587917564343,-0.036670268234206
39,"consumption_growth",0.0655780429496166,0.0506065655342892,0.0832850623028574,0.106543943128897,0.107078828615358,0.113577017406945,0.0882221934823814,0.0942973340585362,0.0934177742163831,0.802606761695264
40,"consumption_growth",0.0622872231867741,0.0385671486095216,0.0537312668140872,0.0362653934882991,-0.0601619011261235,0.0496081427998537,0.0335234374823386,0.0270867014257459,0.0276226036836511,0.268530016364148
41,"consumption_growth",0.0374055787508121,0.0562432561494463,0.0433856876825193,0.0854429410789037,-0.00647858987664977,0.0348003516609036,0.0699901008504735,0.0371971285517592,0.0472418551557981,0.405228310003966
42,"consumption_growth",0.123774891106323,0.123863238986734,0.152144602431956,0.129085440441885,0.177340999209372,0.135277994726613,0.143084500787521,0.14879050366269,0.140540763177726,1.27390293453082
43,"consumption_growth",0.00765980539451248,-0.0123661629511551,0.0119097313722879,0.00478977682403065,-0.014189760349927,0.0352383804671481,-0.040507770117119,-0.0146424684477008,0.0299960709955843,0.00788760318766138
44,"consumption_growth",-0.165870796654606,-0.144048524254871,-0.143825640224688,-0.166449801168748,-0.12876995398611,-0.142904036745212,-0.129547025090433,-0.170101602514488,-0.129857158993989,-1.32137453963314
45,"consumption_growth",-0.115497742648009,-0.0906640742136819,-0.118273376880439,-0.0888562871418637,-0.0625337638427677,-0.0866853774787825,-0.103231335851079,-0.115462115046354,-0.108396409272554,-0.889600482375531
46,"consumption_growth",-0.163852916100835,-0.210189655900241,-0.183396714906566,-0.216566008661498,-0.0585264671210937,-0.211944245927042,-0.164794464147974,-0.20640073381517,-0.200844664778248,-1.61651587135867
47,"consumption_growth",-0.173461672875282,-0.236107092626314,-0.17246126533766,-0.201009500758086,-0.111358428165905,-0.194352786560109,-0.169012728663929,-0.16631198817434,-0.162453499558303,-1.58652896271993
48,"consumption_growth",0.0641046355900882,0.0371113617266488,0.0852978466166173,0.00282034914187937,0.136878905631907,0.0214505089622162,0.0556624046289413,0.0412382952244016,0.0436225302021616,0.488186837724861
49,"consumption_growth",0.0436974842475734,0.0583174390125677,0.0739885505388679,0.0870699136667703,0.15129470235225,0.0832166578140523,0.0993360888012493,0.0902286794836596,0.0290538907160065,0.716203406632997
50,"consumption_growth",-0.00523026346552854,0.00269064659194032,-0.00882323541206791,-0.0105202380136277,0.00399759792125597,-0.0168526911864174,-0.0314083485751807,-0.0155918052275676,-0.0255405080345997,-0.107278845401793
51,"consumption_growth",-0.0546416596281686,-0.0437986142662457,-0.067969577474546,-0.0151111877246582,-0.0293654639115306,-0.0337521472849038,-0.043464334868399,-0.0501737436401629,-0.0423379675075337,-0.380614696306149
52,"consumption_growth",0.192804016542678,0.207558314312029,0.199102674006323,0.164637705889709,0.180623961942324,0.221750559894994,0.151718550532429,0.195880554986853,0.182996542043269,1.69707288015061
53,"consumption_growth",-0.0268982279105908,-0.0260483289634206,-0.0348106574222369,-0.00373217270446959,0.00259005289167176,-0.0466315598500252,-0.0464880373779317,-0.038320932667746,-0.0577156579176856,-0.278055521922435
54,"consumption_growth",0.0498702079568574,0.0824198068646401,0.0870658417212851,0.0823448725536199,-0.0452002450711993,0.100476932885369,0.0745299176054828,0.0934593689714115,0.0760400012933181,0.601006704780785
55,"consumption_growth",-0.0546511321396653,-0.090081703023652,-0.0646915495298422,-0.0579061387542675,-0.11077223741275,-0.0654315370242354,-0.0780665475589319,-0.0817641608334763,-0.0718157737705858,-0.675180780047406
56,"consumption_growth",0.017989597516729,0.0204674797474146,0.0432113834426419,0.0392015508977785,-0.0473679364759155,0.033159091174006,0.0472624874978,0.0302677415111146,0.0205878315625705,0.204779226874139
57,"consumption_growth",0.0330917010305439,0.0601154341523257,0.0451271277042233,0.0508104702294556,-0.00942667616857338,0.0555090179311363,0.0315235161975511,0.0340271996572069,0.0262900192604778,0.327067809994347
58,"consumption_growth",-0.12036449949405,-0.140515225321973,-0.108358095265322,-0.1243922421615,-0.115962407895767,-0.126394500847956,-0.108866934259295,-0.130173912669867,-0.116812781242657,-1.09184059915839
59,"consumption_growth",-0.103852005584609,-0.0902376694390937,-0.0741120930450853,-0.0937462317284299,-0.117107082685696,-0.065118755711136,-0.0743099478106174,-0.0845187261002913,-0.0673481650387159,-0.770350677143675
60,"consumption_growth",0.0415177163388351,0.0334872556255534,0.0643696488732063,0.0267334623360777,0.0756557280798906,0.0125385644281211,0.0546162504129338,-0.00591870581710268,0.00845544837781044,0.311455368655326
61,"consumption_growth",-0.0543227179762276,-0.0509567020635666,-0.0656356897377985,-0.0450780018508401,0.0220444256427967,-0.0313496829800939,-0.0517902148176878,-0.0279936201578476,-0.0632506302604234,-0.368332834201689
62,"consumption_growth",0.00372051219317719,0.0203370996781133,0.0264300556822172,-0.00786322513532169,0.0656137017004114,-0.0100629160649575,0.0177531649162374,-0.00418561460750821,0.00263474463665025,0.114377522999019
63,"consumption_growth",-0.0502709522304376,-0.0689072513971732,-0.0725869954368968,-0.0500452229498536,-0.0145825544589554,-0.0545338221744574,-0.0623613899794051,-0.0510569132157476,-0.0417277998546584,-0.466072901697585
64,"consumption_growth",-0.0219909721125423,-0.00322741361765149,-0.00852535538429615,-0.0369553479542735,0.020579392287013,-0.0282391109464022,-0.0277200630444682,-0.0348148074505937,-0.0419616381975979,-0.182855316420812
65,"consumption_growth",-0.0393417984368552,-0.0427019829766566,-0.0443723241015942,-0.0330434350495534,0.027039054313315,-0.0215363132986738,-0.0514894091334142,-0.0293509891233806,-0.0296337723738458,-0.264430970180659
66,"consumption_growth",0.0460797902642971,0.0746003416444021,0.0726854631216605,0.0485700140318099,0.059706596145962,0.0541741960311667,0.047647939127833,0.0540493057535205,0.061958058327269,0.519471704447921
67,"consumption_growth",-0.021498433179145,-0.0289201483000104,-0.021349233415038,-0.0111697655882119,-0.0147836733936283,-0.00997891925452022,-0.0137833613462024,-0.0154067644145795,-0.0257979115869221,-0.162688210478258
68,"consumption_growth",-0.0109891614180928,-0.0157385758839698,-0.00904642495351533,-0.0140019225468428,0.01221801599088,-0.0119224496739523,0.00114899549750229,-0.00349641449041374,-0.0266004809411443,-0.0784284184195489
69,"consumption_growth",0.068350865763697,0.101044097597545,0.0891011346046648,0.0776778337021741,0.0765033374392085,0.0951231386134394,0.0675187575095598,0.0976489487422165,0.0654790391292729,0.738447153101778
70,"consumption_growth",-0.0420108539950987,-0.0533218122587426,-0.0206151303007996,-0.0436385764903614,0.0453895509088873,-0.0678034726290876,-0.0333376995448755,-0.0475684006058231,-0.0138301593162647,-0.276736554232166
71,"consumption_growth",0.0539814531381827,0.0618694221250622,0.0852508996047171,0.0776524750544568,0.115663715179586,0.0859441054320449,0.0936713743625848,0.10806361105767,0.0575685111039181,0.739665567058223
72,"consumption_growth",0.0654111283710676,0.0751766067463889,0.0958865458672033,0.0677546090714054,0.048216948861263,0.0728883012605135,0.0661961717450525,0.0697850943050244,0.0634545208452196,0.624769927073138
73,"consumption_growth",0.0191931011208848,0.0407911731618239,0.0293321073246062,0.0556235451944131,0.0303614814136707,0.0360382620606476,0.0272603756177224,0.0582276663663651,0.0435521500837369,0.340379862343871
74,"consumption_growth",-0.00242170773926111,0.0304393448404398,0.032855356495145,0.0225218525665504,0.00781481987067441,0.0257946199389593,0.02247710362814,0.0417033473638018,0.0447648309477979,0.225949567912247
75,"consumption_growth",0.0361091838074454,0.0676098283552211,0.0474242647563924,0.0581997637704696,0.0511594279660175,0.0387965233863123,0.0599299848563799,0.0531511034313698,0.028792118760049,0.441172199089657
76,"consumption_growth",-0.0913382448201156,-0.0728918226699936,-0.0718332678181994,-0.0520628877420582,-0.0893075387419414,-0.039228665112705,-0.0696807482508839,-0.0445417477428821,-0.0421579399587018,-0.573042862857481
77,"consumption_growth",-0.0450751917135944,-0.0388877689442888,-0.0454659123663964,-0.0694939215356646,-0.012663719674481,-0.0621065308147154,-0.0550879495576916,-0.0653090034039118,-0.0644099137167604,-0.458499911727504
78,"consumption_growth",0.0174772454555661,0.013881074436315,0.038968899908372,0.052595066710616,0.0184121166373728,0.0299229881388988,0.0701091226012401,0.0547475975931405,0.031523354272663,0.327637465754184
79,"consumption_growth",0.0441187628847796,0.0331538160253174,0.0462703862376954,0.0377544180375731,-0.0651318539372538,0.0412994658383429,0.0296314233994514,0.0584681732455987,0.0162648223894241,0.241829414120929
80,"consumption_growth",0.0961869368241743,0.102489661772199,0.123806811240418,0.122819586841234,0.0193557854625298,0.100596169653414,0.124878578231312,0.11080985509643,0.127160886422374,0.928104271544084
81,"consumption_growth",-0.136073218931774,-0.111309673351451,-0.113151165300815,-0.104382685525287,-0.143542477397262,-0.102178579969908,-0.127502079633572,-0.108298941762926,-0.111859567362128,-1.05829838923512
82,"consumption_growth",-0.0379371900816798,-0.0619650658173209,-0.0338624939163247,-0.037653979675269,0.0408441089464149,-0.0493756622283312,-0.0353327284387079,-0.038491085340197,-0.0179876210124023,-0.271761717563818
83,"consumption_growth",0.0320148388340204,0.0284000732913298,0.0394698854391471,0.0327457054904022,0.0713444854567813,0.0427766877515711,0.0118219041865257,0.0443323027836562,0.0386236616841992,0.341529544917633
84,"consumption_growth",0.0171178536075176,0.0199795937010335,0.0176603828949783,0.0296057310997245,-0.0610357813292727,0.0330979480793845,0.0259407149266643,0.0209909303283095,0.0248072483047968,0.128164621613136
85,"consumption_growth",0.0216720690779331,0.0427239202633324,0.0540005332846576,0.0105087325392813,-0.0320912796938229,0.0438302646141359,0.014997733925343,0.0345999321344628,0.0507146348702197,0.240956541015543
86,"consumption_growth",-0.127064556533367,-0.124209764703596,-0.110891248609208,-0.106017509973226,-0.102162578231871,-0.132655244634805,-0.108955988665116,-0.144375121432154,-0.115876142969409,-1.07220815575275
87,"consumption_growth",0.000171966009617981,0.00697584650642365,0.00600264810201543,-0.00350989545253283,0.0974399576383208,0.00886756236572959,0.00414958867885716,0.0252176689453381,-0.00499523584271927,0.140320106951051
88,"consumption_growth",-0.137298732239522,-0.11032618158079,-0.13646147598136,-0.12190018173407,-0.123046380499308,-0.120534940517035,-0.124983456300016,-0.14315789751668,-0.155076814377204,-1.17278606074598
89,"consumption_growth",-0.0152298435621581,0.00311124610172008,-0.0126503042036306,-0.00507437997359835,0.00456222970880537,-0.0100606077223511,-0.0251127842820315,-0.000544453009663774,0.000299678070878505,-0.0606992188720295
90,"consumption_growth",0.0392360278548321,0.06987328935496,0.074780058225533,0.0633745791798705,0.12556107950469,0.0438167868100237,0.068404837391486,0.0667995137559576,0.0744595059540903,0.626305678031444
91,"consumption_growth",-0.0597322979851534,-0.0588503558171904,-0.0367760182229118,-0.0650390198432127,-0.0155081822179044,-0.048860973301752,-0.0558938818368424,-0.0514214110091705,-0.0697979204134743,-0.461880060647612
92,"consumption_growth",0.00220654339182529,0.00469497403741849,0.0120514174993108,0.0569972969304893,0.00633061278110136,0.0317003434314065,0.0307472002797623,0.0455747830007047,0.0348009547167119,0.225104126068731
93,"consumption_growth",-1.1491812445354,-1.14733144801206,-1.15259789345522,-1.1509028298651,-1.19936819356014,-1.14787164067068,-1.1281838617228,-1.18539254894569,-1.10268745468244,-10.3635171154495
94,"consumption_growth",0.628702553000508,0.656802376428264,0.62343611698041,0.64255991167069,0.598361117273387,0.678096034837759,0.600315774922865,0.685715311900503,0.609476726182295,5.72346592319668
95,"consumption_growth",-0.11970244127923,-0.101481333317455,-0.100727338565369,-0.0826065253799412,-0.143422361582561,-0.0761847647621366,-0.0773761050353446,-0.103475859591126,-0.0604834540096613,-0.865460183522825
96,"consumption_growth",0.168198584817163,0.185196422052368,0.174584150602736,0.136234909906348,0.210540463515631,0.188268598577046,0.144761988852258,0.157968295315951,0.1556705542509,1.5214239678904
97,"consumption_growth",0.0406655179420899,0.0667237850007786,0.0748046928749255,0.0868921556959237,0.137496502986129,0.0610467613937882,0.0774746257023176,0.0835045797597017,0.103461645183797,0.732070266539452
98,"consumption_growth",0.334634652701345,0.366334240847368,0.346320080553607,0.375614400286438,0.424817943986205,0.355698099883247,0.353090143807167,0.3776182129596,0.384742592348191,3.31887036737317
99,"consumption_growth",0.0234212272133387,0.0290320583495924,0.0647097179224221,0.0260633947214119,0.0908705403430273,0.0286460876895319,-0.00493881844147087,0.0337558410354126,0.0376457901481772,0.329205838981443
100,"consumption_growth",-0.13179181956833,-0.159920528966721,-0.127960360247939,-0.0892561195643815,-0.0577349630191503,-0.108362190955978,-0.127690226833506,-0.115034613523009,-0.0663836983114694,-0.984134520990484
101,"consumption_growth",0.0801896639640663,0.128995680939119,0.116611078932186,0.0637292867169415,0.159248890524592,0.0854981454196802,0.0651196286851809,0.115216928555129,0.111198071359284,0.925807375096177
102,"consumption_growth",-0.235603119278917,-0.213833341718518,-0.234864246325122,-0.207868734017453,-0.136537247310187,-0.211545946332761,-0.211818608429123,-0.218757334028495,-0.21683558294972,-1.8876641603903
103,"consumption_growth",-0.160195737658504,-0.134052987315146,-0.145521067080989,-0.154826081403016,-0.111117031718625,-0.131851348801503,-0.167818414666444,-0.12573651021181,-0.146899286874477,-1.27801846573051
104,"consumption_growth",-0.238216344502906,-0.197434056858042,-0.189649909475532,-0.211195700889587,-0.212169679064998,-0.225349061057023,-0.190930003033569,-0.211954651457513,-0.214754574413066,-1.89165398075224
105,"consumption_growth",-0.0783201265207429,-0.0223894886474947,-0.0205124192394398,-0.0152452339343881,-0.022952982190355,-0.0102642356066796,-0.0158183365333434,0.00926719581608641,-0.00612990311668433,-0.182365529973041
106,"consumption_growth",-0.100198621266967,-0.059809222496592,-0.0698739707003339,-0.0569830173801957,-0.0392053164902123,-0.0685497358361746,-0.0620857843778863,-0.066342278573912,-0.073124438351578,-0.596172385473852
107,"consumption_growth",-0.0185725624659502,0.0292654934954893,-0.00294459196630314,0.0350313979261916,0.0352012595882921,0.065111997791357,0.0528282112954841,0.0634963302026364,0.0534103894238974,0.312827925291095
108,"consumption_growth",-0.0713583098354284,-0.0384921756227629,-0.0225459583187494,-0.0511011465273034,-0.0339561600469184,-0.035622834367755,-0.0377613710393815,-0.0432790436080864,-0.0670575377587182,-0.401174537125104
109,"consumption_growth",-0.113700327807257,-0.0924706717846735,-0.0800012555655279,-0.047976605531562,-0.0825625254403953,-0.0535541281977098,-0.0454863187178983,-0.0429331129426058,-0.0338287534846912,-0.592513699472321
110,"consumption_growth",-0.0415596739636119,-0.0335238609067719,0.0104672297624493,-0.0194719752693853,0.0300394225804865,-0.022635674330944,-0.00492393878263125,-0.00414978962802377,-0.0209813837090389,-0.106739644247471
111,"consumption_growth",0.00448672376619957,0.00328602333272286,0.0163457458929809,0.0415311613448523,-0.0361030331368202,0.0616287239424746,-0.00380869201720549,0.0555473677304583,0.0587063263489635,0.201620347204626
112,"consumption_growth",-0.0563860947363158,-0.0255304988637857,-0.0244530046611746,-0.0452770635285426,0.0431348081022699,-0.0268002951025186,-0.059430440752814,-0.0287488960250496,0.0106375248547561,-0.212853960713175
113,"consumption_growth",-0.0790730692336144,-0.00982749268018184,-0.0376420078159314,-0.0362349909553203,-0.0507296269014355,-0.0407113439038975,-0.0530697126443253,-0.0367762949097866,-0.0607798238170449,-0.404844362861538
114,"consumption_growth",0.020921094905216,0.0315731397268643,0.0248109102990088,0.0689765580607296,-0.00612653430286397,0.0595005422805121,0.0405662436124051,0.0649510974147617,0.0752102482231753,0.380383300219809
115,"consumption_growth",-0.0230656223320719,0.0054618895509788,0.0208482679250172,-0.0108677710266979,-0.0169210680640808,0.0119899658753279,-0.0286515944258809,0.0350871837735734,-0.00583041564351663,-0.0119491643673509
1,"cpi_growth",0.0701937567293171,0.0667898275162325,0.0766451273833838,0.0748733504757349,0.0108026279396537,0.0682597109530977,0.0636530925289149,0.0669143899383184,0.0692588536813543,0.567390737146007
2,"cpi_growth",0.057434669287564,0.0617055025838624,0.0688992877141901,0.0619149686524464,0.00228136819900759,0.0535495959015633,0.0665229368407781,0.0606100950462989,0.0619344732280433,0.494852897453754
3,"cpi_growth",0.0302860691074959,0.030612758873625,0.0483900188013918,0.0481778621632901,0.0165608852127476,0.0355634322260474,0.0343086106097278,0.0376855695205115,0.0334051879206711,0.314990394435508
4,"cpi_growth",-0.0813086532698331,-0.085496622841627,-0.0798441085037428,-0.0879715305516535,-0.0508611570082349,-0.083422571307267,-0.0889178974493832,-0.0830529644742422,-0.0800981827577532,-0.720973688163737
5,"cpi_growth",0.0118197212314825,0.00451002306247169,0.0164041533104424,0.00704480660239707,0.00984738015949557,0.000306282360123902,-0.00780781722628777,-0.00657542245066819,0.013446588850286,0.0489957158997431
6,"cpi_growth",-0.0669948037443424,-0.0711786093890027,-0.0672130628969089,-0.0706028381123385,-0.0589044651066036,-0.0730876901743037,-0.0754873848977958,-0.0704497452192092,-0.0589008551331103,-0.612819454673615
7,"cpi_growth",-0.026068017519918,-0.035496187864001,-0.0370444459795375,-0.0301760177438373,0.00684808394777862,-0.0314809288433885,-0.0421570939695506,-0.0369914816944949,-0.0211555590040326,-0.253721648670982
8,"cpi_growth",-0.0107644683380441,-0.00668446514065752,-0.0146412992281286,-0.0174519410857918,0.0570046019439219,-0.0145189856403164,-0.0115979503878007,-0.0132447686309011,-0.00349705459793223,-0.0353963311056505
9,"cpi_growth",0.0239767162318939,0.0216534052614112,0.0183653977855008,0.0158190831863031,0.156001596933816,0.0320719204706491,0.0181794948447643,0.0154994202658536,0.0261884403199432,0.327755475300135
10,"cpi_growth",-0.029328382308866,-0.0208078325900787,-0.0286271386351829,-0.0337355893815289,0.0244998102979526,-0.0301476232029443,-0.0211492143854912,-0.0210760046822147,-0.0187949961663995,-0.179166971054754
11,"cpi_growth",0.00606728712582209,0.0180370460084676,0.0106263837526294,0.00946933772558189,0.086915703791082,0.0122516865869798,0.00103201191371477,-0.00860863596362931,0.00132739911441262,0.137118220055061
12,"cpi_growth",-0.040732134851229,-0.0357314074479021,-0.031938932048629,-0.0401509899510488,-0.057457360016285,-0.0311587396763023,-0.0400987774583518,-0.0297895752405109,-0.0374678579533845,-0.344525774643643
13,"cpi_growth",0.049707215226492,0.0490729260763792,0.0536028336741798,0.049031873175504,0.134244574867564,0.057489993150359,0.0399358348106313,0.0285771338003499,0.0461904834686709,0.50785286825013
14,"cpi_growth",-0.0296887470837117,-0.0384174046398648,-0.0297075209417557,-0.0415490885795196,0.0454718904862932,-0.0280835460698689,-0.0218135064475648,-0.0273027252066521,-0.025171811688833,-0.196262460171478
15,"cpi_growth",0.0424047479700978,0.0420156274512239,0.0457345919348076,0.0370278636261818,0.0800133328421719,0.0374828793666359,0.0343892896373538,0.0300764239625599,0.0365434087865539,0.385688165577587
16,"cpi_growth",0.0125355521518233,0.00569162256412439,0.00404300255382687,-0.0052557858195232,-0.0382222821840485,-0.000230721636284216,0.00510093992298137,0.0132587530056752,0.0176888490306169,0.0146099295891921
17,"cpi_growth",0.175476008797848,0.174257739435968,0.168944392766581,0.172372276148433,0.211789960058657,0.165615618015723,0.164797955143746,0.161461644483632,0.169614552681014,1.5643301475316
18,"cpi_growth",-0.0200648006124827,-0.0336612264726262,-0.0271197929824483,-0.034250880423176,0.0506730506738681,-0.0239613322339606,-0.0248665179497235,-0.00890226374041184,-0.0105044368068856,-0.132658200547847
19,"cpi_growth",-0.000487631521151489,0.00262141107503114,-0.01888777797184,-0.00796695372186636,0.12714877889831,-0.0114272569518758,-0.00146170293717429,-0.00504239985042311,-0.000439377525188094,0.0840570894938215
20,"cpi_growth",0.018012228324719,0.00980061049326669,0.00905083539010503,-0.00251695878299843,-0.0225234117620143,0.0174458978036735,0.00570434612209897,0.0311276860429703,0.0211999020248169,0.0873011356566377
21,"cpi_growth",0.109829669756219,0.094508631288016,0.0929546450925735,0.104332927696295,0.0428201649089338,0.102532918354632,0.0968767418010914,0.103358822748393,0.107964561439654,0.855179083085808
22,"cpi_growth",-0.0317746232837499,-0.0541216772766836,-0.050496634075379,-0.0476489228954803,0.00817604361280164,-0.028527427378316,-0.0397892853374529,-0.0239528876368253,-0.0244117216133615,-0.292547135884447
23,"cpi_growth",0.0404238474384968,0.032247525621192,0.0181889483546216,0.0386236426882285,0.115340549746207,0.0356520577452691,0.0345323523341345,0.030537249695391,0.0347743085052243,0.380320482128765
24,"cpi_growth",0.089191009856155,0.0862750490294644,0.086873427698315,0.0830502700806709,0.130301462747482,0.103762020252751,0.0921837324760931,0.096029677126417,0.0874939659016956,0.855160615169044
25,"cpi_growth",-0.043448802473077,-0.0438918978577835,-0.0601255837542993,-0.0526308354966298,0.134769938683608,-0.0447965540200316,-0.0400118855227191,-0.0551352377895961,-0.0470280712253607,-0.252298929455889
26,"cpi_growth",-0.0905175011695436,-0.0852613156444016,-0.0903653254399641,-0.0936546352521661,0.0757793728851242,-0.0833846192963955,-0.0762041363024081,-0.0657665804132246,-0.087188957189188,-0.596563697822167
27,"cpi_growth",-0.00313796603430751,0.0071066025102084,-0.00339952982187923,0.0132683825963973,0.0463392155801816,-0.00093021992095413,0.0121767463389531,0.0110923235300261,-0.00965931206095227,0.0728562427176733
28,"cpi_growth",-0.0624136529924297,-0.0612704631346032,-0.0541486847350644,-0.0540234808950263,0.0275496056061629,-0.0471737667763571,-0.0500560168633086,-0.0421061230377218,-0.0516236939236881,-0.395266276752036
29,"cpi_growth",-0.0223545003644399,-0.01014130930095,-0.0188953651111166,-0.00468216984888347,0.175757859791091,-0.00898471315330599,0.00270892095321954,-0.0114603282908351,-0.0193657310211807,0.0825826636535991
30,"cpi_growth",-0.0745854890346898,-0.0676438279927746,-0.068124447989734,-0.0732215600530782,0.0277929330473118,-0.0598289606542969,-0.0543340437371563,-0.0368177115088342,-0.0582599679923395,-0.465023075915592
31,"cpi_growth",-0.0196341876664439,0.00146942616851097,-0.0215219822451293,-0.00280019192324548,0.052518233641716,-0.0162103031996329,-0.0005185453066207,-2.26544941055766e-05,-0.0160813528605889,-0.0228015578855398
32,"cpi_growth",-0.0835094763113061,-0.0672027150084702,-0.0792758159972128,-0.0696073191449965,-0.0765098186138432,-0.0711769794489327,-0.0677244218874279,-0.0553847148021785,-0.0672464664625251,-0.637637727676893
33,"cpi_growth",-0.00753088834544073,0.017290509772009,-0.00210792625986592,0.0113517873737498,0.0919220840683429,0.00235998148929898,0.00759074783300964,-0.00768854173837655,-0.0076156121071447,0.105572142085582
34,"cpi_growth",-0.0596728623943757,-0.0429882040694627,-0.0504460580676467,-0.047788151476641,0.108401614272581,-0.034382306694218,-0.0468354800002865,-0.0447091319884728,-0.0542530080663203,-0.272673588484843
35,"cpi_growth",0.014805583650534,0.0263964259956475,0.00953331487836696,0.013120275145416,0.0678080054125057,0.0036175378117909,0.0255873542912951,0.0138568531182243,0.00387811960982665,0.178603469913607
36,"cpi_growth",-0.0623739732627248,-0.074552101786797,-0.065830044894981,-0.0740226637912506,-0.0759145390548577,-0.0730202713873318,-0.0617713506973155,-0.0607543918807028,-0.064998294597591,-0.613237631353552
37,"cpi_growth",0.101905963823721,0.102671916712624,0.103707999373172,0.111085102196641,0.0270545262050713,0.0856643969562703,0.111154566393552,0.102915619169407,0.095380374564659,0.841540465395117
38,"cpi_growth",-0.0277381301793029,-0.0410462388850521,-0.0339722673037848,-0.0341516037198153,0.0274332013020883,-0.0274842413636429,-0.0320744950451767,-0.0298636857684795,-0.0291796326427046,-0.228077093605871
39,"cpi_growth",0.0242384577223395,0.0175816909384219,0.00571081750208008,0.0197552319037326,-0.022474880313571,0.0073045177972639,0.0192845631402201,0.0267638887097181,0.0181626569561077,0.116326944356313
40,"cpi_growth",-0.00187848245741595,-0.0166701726458803,-0.0147408329649997,-0.019010069659976,-0.152150685226569,-0.00867801361617708,-0.0157640423402266,0.000334030436064767,-0.00588280399614447,-0.234441072471324
41,"cpi_growth",0.102593343702645,0.0872802323189196,0.0839049502743121,0.0843174710254155,-0.0213010981206997,0.0897661444190856,0.0923942371827299,0.088586385056644,0.0913853653143658,0.698927031173418
42,"cpi_growth",-0.000683477278681838,-0.00940269996089401,-0.00805099859627157,-0.00207533749260998,-0.0925450091569623,0.0103187175932928,-0.0125808466648332,0.00177878799138607,-0.00446691839236457,-0.117707781957939
43,"cpi_growth",0.1702433337645,0.162667317163845,0.167463569257552,0.183523654433943,-0.0678914797628676,0.171885422441397,0.159718823960467,0.169795357938361,0.16021084942943,1.27761684862663
44,"cpi_growth",0.000256145828546479,-0.01092266224218,-0.0077980283858398,0.00401119807298768,-0.178368842239156,0.0154102355090489,-0.0118052695581309,0.00583193751778782,0.00327630828295408,-0.180108977213982
45,"cpi_growth",0.167772200176272,0.160252475689781,0.159780015255561,0.163764598334008,0.0329686818340376,0.176668358224191,0.153047331080736,0.167925683279813,0.164268167990182,1.34644751186458
46,"cpi_growth",0.0448104404937361,0.0467599856600606,0.0437539040386177,0.0507759231745913,-0.0970071735382171,0.0652556139368065,0.0393072355475982,0.0614593681760134,0.0513963058838064,0.306511603373013
47,"cpi_growth",-0.0728283409207217,-0.0519594973843753,-0.0769099455993714,-0.0648629294847672,-0.0798943340569318,-0.0663722440886445,-0.0571227816005673,-0.0552411355970391,-0.0552256608125742,-0.580416869544992
48,"cpi_growth",-0.222180118634236,-0.203280224860211,-0.242909877818595,-0.240643666327448,-0.046918439688037,-0.222028097732098,-0.217846086814637,-0.209069214265591,-0.205246764220981,-1.81012249036183
49,"cpi_growth",0.0110823809564468,0.0181331980679845,-0.00835990811570345,-0.0178253303946819,0.0242978415587145,0.00450202071120813,0.00324169269721154,0.0152345914633394,0.00979107644357895,0.0600975633880985
50,"cpi_growth",-0.0453496289472336,-0.0552790229919355,-0.0621179863533375,-0.0784581214785542,0.0305701517910843,-0.0573207585163295,-0.0529963162249612,-0.0484995996347988,-0.0431844649784396,-0.412635747334506
51,"cpi_growth",0.0276886409894668,0.0141738058003215,0.0225168163421676,0.00234455005448815,0.00153725847264622,0.0159046937607163,0.0317727710204159,0.026553712724325,0.0218439447498519,0.164336193914399
52,"cpi_growth",-0.0514807693648745,-0.0522663856735019,-0.06107960017536,-0.0729430456308042,0.0483968025984051,-0.0592033394810548,-0.0541882354240758,-0.0518054375217437,-0.0448777322057075,-0.399447742878717
53,"cpi_growth",0.018693005139942,0.0011368709684848,0.00327161230441131,-0.000607859864270746,0.0280024751181502,-0.00284854030787748,0.0162234504373364,0.00392623929614658,0.0100897533768542,0.0778870064691772
54,"cpi_growth",-0.0311407556499823,-0.0466651141559318,-0.0474167903687558,-0.0506084155777821,-0.0190627612575581,-0.0335847936000629,-0.0417320446042935,-0.0359505899227646,-0.036833011047384,-0.342994276184515
55,"cpi_growth",0.127108220279373,0.107156472520004,0.11963625747075,0.108014789743702,-0.0309269542475559,0.117889466499181,0.123938403756045,0.117555505454919,0.111681912046778,0.902054073523196
56,"cpi_growth",0.010635452640014,0.0077624619151321,-8.92696197932348e-05,0.00224671715423336,-0.107830371623976,0.0130755008479455,0.0152971025842862,0.0147562193452891,0.0137442656851087,-0.03040192107176
57,"cpi_growth",0.0936509122211959,0.0906129695561626,0.0993609815127995,0.0978910225971285,-0.0704046331027064,0.0971438170920938,0.0969266085736231,0.0911243640895514,0.094803018264188,0.691109060804036
58,"cpi_growth",-0.0132432780660181,-0.0106120453314431,-0.0147714438743113,-0.00251045013393167,-0.241670718812489,-0.000373058586741428,-0.00642514957474741,0.000811655596715487,-0.0066893896966444,-0.295483878479611
59,"cpi_growth",0.040111078752204,0.055032397809963,0.0538103711206596,0.0535124682431445,-0.153941049498502,0.0599467921243803,0.0528960097986678,0.0518125043259196,0.0496208141629331,0.262801386839369
60,"cpi_growth",-0.0621158403946594,-0.0385841051062551,-0.0613204807080709,-0.0504201612113972,-0.204639331125131,-0.0359392171104221,-0.052463750285218,-0.0494014692664873,-0.0467371910183377,-0.601621546225979
61,"cpi_growth",0.0101827761810737,0.0238441041119409,0.0230656048616238,0.0184975564661551,-0.128899162087243,0.0306866763604657,0.0227744922191045,0.0169386284278097,0.0273228122905378,0.0444134888314683
62,"cpi_growth",-0.0777727751111441,-0.0591644256825021,-0.0685087416885886,-0.0716917520518594,-0.242550956509255,-0.0635285812975247,-0.072295471666057,-0.0779418075404003,-0.0634376845679735,-0.796892196115305
63,"cpi_growth",-0.020777308444763,-0.0150606739990697,-0.0162257165994662,-0.0166087509353761,-0.155809391926724,-0.0226464202967702,-0.0160311238889355,-0.0221840191238579,-0.0106472417541778,-0.29599064696914
64,"cpi_growth",-0.0731718284759863,-0.0586345202214072,-0.0740930968999315,-0.0710672421789533,-0.178916771099888,-0.0751689043862281,-0.0719646584416543,-0.0775759763630966,-0.0585574869220157,-0.739150484989161
65,"cpi_growth",-0.0150606898455281,-0.0137214535648684,-0.00596796526352446,-0.00196902683464801,-0.087543266062419,-0.0137073605348376,-0.0182028546447014,-0.0261583526756427,-0.0017462085456479,-0.184077177971818
66,"cpi_growth",-0.0323753499325755,-0.0243320382449209,-0.0304036055558674,-0.0255208783724808,-0.171857454083861,-0.032998285319579,-0.0470514849058954,-0.0498794025766746,-0.0261189856238272,-0.440537484615682
67,"cpi_growth",-0.0213531603609963,-0.0348920897714681,-0.0240490960304936,-0.0214942282197342,-0.105881103383264,-0.024821962089011,-0.0390058706638273,-0.0357734403537806,-0.0211104417237598,-0.328381392596335
68,"cpi_growth",-0.117046619670391,-0.117212977741569,-0.13332323381152,-0.129773054103465,-0.171242584256951,-0.124621242784223,-0.13305152999871,-0.126527716300176,-0.110372980176608,-1.16317193884361
69,"cpi_growth",0.033966165980274,0.0158389961731852,0.0294202313508116,0.0225513321492509,-0.00422935793686712,0.0247377827941864,0.00633043477167453,0.00794002506036794,0.0287937260043328,0.165349336347216
70,"cpi_growth",-0.0616274836846225,-0.0634618671572906,-0.0764936953082277,-0.082047411197494,-0.0530494138076789,-0.0680117251339068,-0.076285028411204,-0.0824741253672302,-0.0615962376250481,-0.625046987692703
71,"cpi_growth",-0.0336524760729676,-0.0454707637715868,-0.0425937790487561,-0.0518782580341865,-0.0332704528776336,-0.0397742911297671,-0.0494081900515681,-0.0429266865219267,-0.0431780524616804,-0.382152949970073
72,"cpi_growth",-0.103499810116083,-0.0973059750174587,-0.109104399579509,-0.122853100268816,-0.0673645490096028,-0.109672353031871,-0.118126519263046,-0.114620189149317,-0.105669887343122,-0.948216782778826
73,"cpi_growth",0.00150753014448172,-0.0193150871444585,-0.00496297994577218,-0.0178293143076301,0.0337426388555582,-0.00842163205055463,-0.0163233658852502,-0.0140817740636316,-0.00957279820068983,-0.0552567825979472
74,"cpi_growth",-0.0579728629069107,-0.0596256712132674,-0.0572449763012457,-0.0843089652032032,0.0268749200167987,-0.0617241106684389,-0.0735043762978671,-0.0675082148803823,-0.0564529269390502,-0.491467184393567
75,"cpi_growth",-0.0281795646767395,-0.047049760208531,-0.0360124901201452,-0.0523872898505612,0.0627281903853484,-0.0413809679867822,-0.0514595665636347,-0.0369280063532103,-0.0320822084424876,-0.262751663816743
76,"cpi_growth",-0.0536826233168228,-0.0436196424509539,-0.0540737238299819,-0.0711118524600515,0.0372481058484679,-0.0540277061599009,-0.0554603415035958,-0.0369239855983841,-0.0418723421711089,-0.373524111642332
77,"cpi_growth",-0.00131845328765119,-0.0108373947337862,0.00111439622544709,-0.0187557818699906,0.133740726890906,-0.000362746232480341,-0.010478196460008,0.00076689312136351,0.00584743447869179,0.0997168781324917
78,"cpi_growth",-0.043913873334465,-0.0241438841297002,-0.0432047056157662,-0.0577768273492021,0.0246307785499482,-0.0367026935026124,-0.0408244050535986,-0.0303251139886778,-0.0301077694607412,-0.282368493884815
79,"cpi_growth",0.00585395180758728,0.0105212547925249,0.0142169183132981,-0.000695414104638471,0.0369486004213281,0.0121503673795786,0.00776255562365017,0.02663614498138,0.0141126508629259,0.127507030077634
80,"cpi_growth",-0.0469136657206247,-0.0200934722542324,-0.0389914811621296,-0.0557071290376416,-0.0371793825623088,-0.0340614465243861,-0.0407641649584833,-0.0334498728699781,-0.0329201576057055,-0.34008077269549
81,"cpi_growth",0.041461859018218,0.0276047281819549,0.0370319641135926,0.0169153681889876,0.0894087251679412,0.0344769727107955,0.0465045342281108,0.0501946319288322,0.0435941338122304,0.387192917350663
82,"cpi_growth",-0.00281258222196185,0.0108597665941123,0.00523292763562404,-0.0235246779002797,0.0597539412702875,-0.000157791088412113,0.0101899843373673,0.011267301584909,0.00812656804962837,0.0789354382612749
83,"cpi_growth",-0.034212781260198,-0.0388358270320212,-0.0299869753312705,-0.0493791584278858,-0.0136987904700429,-0.0380494356648439,-0.0244358054441759,-0.0148488311464804,-0.0185591501124773,-0.262006754889396
84,"cpi_growth",-0.0469027544663386,-0.0259838530489535,-0.0401213660826776,-0.0580114950891397,-0.11724655003508,-0.0428321269238888,-0.0354917090435487,-0.0217011895383117,-0.0280802104641658,-0.416371254692105
85,"cpi_growth",0.0626633565803242,0.0603942149552048,0.0698854203786777,0.055462722116718,0.04115936891686,0.0697814785473044,0.0652809671285018,0.0750449404551611,0.0792613104371998,0.578933779515952
86,"cpi_growth",0.0309745053106193,0.038347957212009,0.0307203465417979,0.0130131776806977,0.0155995672029793,0.0404942665491175,0.039752525902058,0.0392841247205531,0.0423850406271023,0.290571511746934
87,"cpi_growth",-0.0392440296409886,-0.0553686948002933,-0.0344487204314786,-0.0536891593466671,-0.0126583753965966,-0.0322796337646038,-0.0341065848868927,-0.0189207462939633,-0.0208769471674831,-0.301592891728967
88,"cpi_growth",-0.0638550997913551,-0.0626889007733675,-0.0701139037136348,-0.0885110795781228,-0.110288502044916,-0.0621358838856358,-0.0645170750773585,-0.06254771486585,-0.0540606003078144,-0.638718760038055
89,"cpi_growth",0.0901762000997416,0.06419397466712,0.0842381316839415,0.0674798744927956,0.0795912980227789,0.0880598163282343,0.077997671825413,0.0811535413708598,0.0901626664294339,0.723053174920319
90,"cpi_growth",-0.0243813610769989,-0.0254153337754796,-0.0318634956680345,-0.054502214945528,0.0244437713769682,-0.0210637537812939,-0.0305336959505866,-0.0350498669837272,-0.0216570350866322,-0.220022985891313
91,"cpi_growth",-0.0115003283169693,-0.0302036981148511,-0.0198667812094485,-0.0278711169993864,0.0296122214328009,-0.0158897748943326,-0.0115759020796115,-0.0124549912684988,-0.00944814848723766,-0.109198519937535
92,"cpi_growth",-0.149145184289572,-0.144260975752841,-0.146650355632906,-0.155318317416861,-0.187778013036587,-0.147571326915985,-0.153804437999693,-0.143150874142516,-0.139382495218222,-1.36706198040518
93,"cpi_growth",-0.0145044620912818,-0.0366392793316719,-0.00987429964480763,-0.0165018450428095,-0.0177964207793157,-0.0284279121562171,-0.00193316207289733,-0.0120626064481839,-0.0221787199993224,-0.159918707566507
94,"cpi_growth",0.0417871317648032,0.0413308015673967,0.0331502620811531,0.0238055073437506,-0.0502548468274001,0.0337899530456079,0.0188291513919084,0.0445661200166258,0.0448614960041881,0.231865576388034
95,"cpi_growth",-0.0339548806949156,-0.0555748589909707,-0.0408238193076994,-0.0389825704893045,-0.0629714868282934,-0.0326353408091265,-0.0338855005780187,-0.0283926278858477,-0.042253846253763,-0.369474931837939
96,"cpi_growth",0.000986215369682829,0.00229910938139074,-0.00828859325559755,-0.0249996491057979,-0.101278306293386,0.00729314910535458,-0.0237753173236844,-0.0101529090833775,-0.00623225407770131,-0.164148555283116
97,"cpi_growth",0.0211336680557005,-0.00584220191455545,0.00888211361196663,-0.0117217168323552,0.043626133180573,0.00953701673883649,0.00649462873761779,0.00609334435628991,0.00757631867221854,0.0857793046062922
98,"cpi_growth",0.0600267956563904,0.0639948620533884,0.0386109659374019,0.0181569342560817,0.0653677521186218,0.0525135481364293,0.0172475600608514,0.0324620965106048,0.0538804289742065,0.402260943703976
99,"cpi_growth",0.108067806526038,0.0976728774759169,0.094593579012105,0.0825755108071561,0.167497369120136,0.088924754968023,0.097752837384199,0.0877525371924099,0.10116373894034,0.926001011426324
100,"cpi_growth",0.131618108201076,0.137216349597782,0.125321804825488,0.100446915755511,0.127582240423665,0.128992502148788,0.112630664039874,0.113554167036207,0.131389796972811,1.1087525490012
101,"cpi_growth",0.312601627012627,0.295331022287226,0.310179180024567,0.289985244544687,0.328806891302389,0.295037999741411,0.288284149041281,0.289252060517608,0.296594968791775,2.70607314326357
102,"cpi_growth",0.290255945423933,0.291088403946982,0.277618613563555,0.263156546983024,0.280498507267148,0.282875468873724,0.25972142660126,0.269782302674815,0.285145915320924,2.50014313065537
103,"cpi_growth",0.30236439194279,0.296222549658326,0.300323825823827,0.282019296241855,0.240232384491484,0.288935339900533,0.282924945167977,0.286124515174941,0.296437157493692,2.57558440589542
104,"cpi_growth",0.120283528162695,0.130112162109163,0.106856745378217,0.083433874814476,0.110271068544113,0.108757270956174,0.101126390365345,0.100001266523643,0.115922289616906,0.976764596470733
105,"cpi_growth",0.143874076829143,0.142035151846136,0.136809025110014,0.113557533355087,0.195081544730721,0.132888063518019,0.130165519477656,0.1220583559297,0.13053715632822,1.2470064271247
106,"cpi_growth",0.0702548795904897,0.073467304682205,0.0604691844661397,0.0333362261286948,0.0957679942868392,0.0675349154695301,0.0488600784972094,0.0577361792064819,0.058781627058829,0.566208389386419
107,"cpi_growth",0.0647032804012687,0.0597438164482846,0.0559645228648916,0.0299206598955203,0.095848773291995,0.0645348443425049,0.0517431883556643,0.0525654745492101,0.0604549345191796,0.535479494668519
108,"cpi_growth",0.0239622231543041,0.033070890217639,0.0108544230363064,-0.0121715413101008,-0.018388317077739,0.0293714044851982,0.0221204787159899,0.0206775636815289,0.0212015794076416,0.130698704310768
109,"cpi_growth",-0.0143798338033714,-0.00407642633582967,-0.022527994226397,-0.0411021462215518,0.101699887824796,-0.000285583932753753,0.00517829941662503,-0.00557562651109701,-0.0084755674361592,0.0104550087742614
110,"cpi_growth",-0.094741151565242,-0.0651772896442831,-0.1020252050299,-0.114129313617978,-0.0687213250219631,-0.0842983572637403,-0.0743904252757059,-0.0725267597236093,-0.0827543299143326,-0.758764157056754
111,"cpi_growth",-0.036737884273629,-0.0280564559617445,-0.0471988131124054,-0.0525437107996397,0.0748546851571126,-0.0368464001107019,-0.0152878512193129,-0.0152353624138706,-0.0287770986836355,-0.185828891417827
112,"cpi_growth",-0.038390336065669,-0.0235870580123669,-0.0365097009231349,-0.0612558216944143,-0.00662908162666449,-0.0386410415461759,-0.0321600284192146,-0.0300439730687502,-0.0272850109209568,-0.294502052277347
113,"cpi_growth",-0.0562659446731612,-0.0673193970701878,-0.0785243353649812,-0.083976544585279,0.0486959669267479,-0.0738456974162817,-0.0649015126239685,-0.0565141062835433,-0.0521692892043581,-0.484820860295013
114,"cpi_growth",-0.0288945096510272,-0.0169074219203905,-0.0363590785203233,-0.0482122005199484,-0.0146127089867635,-0.0324295224193343,-0.0386262836360177,-0.0167586081218628,-0.0127091311466276,-0.245509464922295
115,"cpi_growth",-0.0667713765796499,-0.0804169594518819,-0.0919486972782301,-0.0960637381171241,0.00933454203196609,-0.0871743641615509,-0.0852781448878305,-0.0660844277410034,-0.0628604293653271,-0.627263595550632
1,"saving_rate",-0.112307641216374,-0.119811615112925,-0.124086635515571,-0.122284440949929,-0.126341052479183,-0.117992949106753,-0.121744677729454,-0.121400389682045,-0.12667187874264,-1.09264128053487
2,"saving_rate",0.0628529309208002,0.023041099752758,0.0452305585652016,0.0256160775218327,0.0725042102889356,0.0472607261665987,0.0382549438592325,0.0251710860200164,0.0291727261165109,0.369104359211887
3,"saving_rate",-0.0171196748386769,-0.0466794896409516,-0.0405717704175785,-0.0382052422760358,-0.0310517937876107,-0.0425933428363717,-0.0184437645147955,-0.0413050785810419,-0.0469747237544091,-0.322944880647472
4,"saving_rate",0.0637165696292805,0.0420333480581446,0.0611213958685328,0.0526948186808415,0.0367532006398483,0.0276278566369994,0.0380917348219869,0.0710631718859192,0.0233560740685158,0.416458170290069
5,"saving_rate",-0.0711922780296135,-0.116305043205098,-0.0730330639365192,-0.0858067742169109,-0.14058805370463,-0.106315119877758,-0.132226505064591,-0.095790604032915,-0.117009920904843,-0.93826736297288
6,"saving_rate",-0.00407665879735912,-0.0305088551155682,-0.0153900243561596,-0.021990620820627,-0.0506914521666147,-0.0275929563656372,-0.020332735791645,-0.0370402463748158,-0.0291900375725305,-0.236813587360957
7,"saving_rate",0.0424760611591073,-0.0225776891023265,0.0266173160368346,0.0385130422085232,-0.0427399963902396,0.0213413574109451,0.0139845818248385,0.0137023976477125,-0.00438475102080203,0.0869323197745931
8,"saving_rate",-0.16827379979521,-0.242920894884393,-0.181242860901408,-0.175899850854081,-0.201258696203499,-0.185487489024672,-0.2099414958148,-0.203428985513237,-0.234863859298539,-1.80331793228984
9,"saving_rate",0.00555090403543558,-0.0753426106006379,-0.049633078983999,-0.0423311444980638,-0.092911726741441,-0.0427450183516044,-0.0355298748327495,-0.0204253927096118,-0.0826001626779982,-0.43596810536067
10,"saving_rate",-0.27394000959148,-0.305080291986601,-0.28120840231166,-0.281094389960627,-0.359777796191357,-0.288542286334768,-0.292981416865549,-0.309235807363159,-0.331753730206171,-2.72361413081137
11,"saving_rate",-0.414940601605486,-0.471448777436571,-0.482454742589625,-0.456141343668723,-0.54567462799073,-0.439736386762934,-0.479569162319719,-0.478327167335291,-0.546983291434079,-4.31527610114316
12,"saving_rate",-0.119413782698311,-0.142869947552291,-0.165095556188343,-0.169441916462843,-0.215789235998307,-0.136217585716721,-0.186239401493105,-0.168750181439312,-0.214584120290758,-1.51840172783999
13,"saving_rate",-0.363027735941003,-0.399455403945425,-0.437996005960321,-0.389385031131729,-0.469801953752413,-0.366898992110692,-0.44850814423283,-0.41507860489367,-0.484717308940232,-3.77486918090832
14,"saving_rate",-0.0695128199504364,-0.137773300749308,-0.145202188846833,-0.0847870327013956,-0.149599441402044,-0.0903973645394496,-0.136438238054911,-0.130161092410831,-0.169814071711584,-1.11368555036679
15,"saving_rate",-0.149936682969763,-0.201405903187917,-0.185323070948057,-0.170082668420439,-0.195039188348827,-0.154562555889859,-0.214081467676289,-0.212231989115437,-0.226676342214492,-1.70933986877108
16,"saving_rate",-0.0266406282917835,-0.0711655027558551,-0.035713529314104,-0.0572158052037713,-0.0464226125478093,-0.0261732337631399,-0.0847329470999311,-0.048642994553026,-0.105550826298213,-0.502258079827634
17,"saving_rate",0.104248856236189,-0.012585540247372,0.060622021847043,0.0300262198903399,-0.0213487558194612,0.0636660457767595,0.0377216827957426,0.0437634817502768,-0.0186461261487553,0.287467886080762
18,"saving_rate",0.201469659281886,0.140297880184688,0.191614845797181,0.168442247114058,0.0451356038285479,0.171811545031747,0.178358186296343,0.157163472691156,0.137697822678551,1.39199126290416
19,"saving_rate",0.409026112053833,0.306160695299156,0.366043054625784,0.353673160699681,0.146745189436942,0.369467004556424,0.359148964713745,0.356218488770373,0.304715618046758,2.97119828820269
20,"saving_rate",0.29384488474192,0.202386418765686,0.273791963993269,0.232183366838492,0.0513908730917852,0.238958284847479,0.247738681725446,0.274775584550962,0.198736934935232,2.01380699349027
21,"saving_rate",0.278143030947025,0.20964263969496,0.27407190272872,0.235202707711164,0.0641579380357139,0.26396007486444,0.234946600087812,0.296654940706424,0.243379483964691,2.10015931874095
22,"saving_rate",0.250259913309554,0.212847316998606,0.255630494712681,0.211918585910006,0.0443222402773624,0.21645569589567,0.212400390430337,0.282638217148197,0.185623385367042,1.87209624004945
23,"saving_rate",0.271799333444327,0.206206678465548,0.254792017412082,0.231763322608279,0.0383485680833383,0.232602226375775,0.217161521152495,0.297810365139154,0.211563791677992,1.96204782435899
24,"saving_rate",0.183310504782333,0.0973187849412776,0.154703214935251,0.14155440564893,-0.0895020008931237,0.137063569209176,0.153680229102715,0.204729895121435,0.130982027795555,1.11384063064355
25,"saving_rate",0.206127204026209,0.0977945073483268,0.146536997110404,0.154672070399986,-0.104206951414995,0.122574788691259,0.135759683620727,0.187077453086723,0.107791693781695,1.05412744665033
26,"saving_rate",0.18323325042985,0.10899426175514,0.134465074494111,0.143775574501562,-0.178327216951315,0.12519410967965,0.128332623701519,0.1825599753032,0.101387295807713,0.929614948721429
27,"saving_rate",0.0109672223922921,-0.0418823897426906,-0.0465144003971452,-0.0414702491475967,-0.272597919581782,-0.0291304598390428,-0.0350529029422712,0.0398489442668975,-0.078084816335548,-0.493916971326887
28,"saving_rate",-0.0751300573165373,-0.120770557742105,-0.139669625253507,-0.0897293768615425,-0.342154547337545,-0.115684893790509,-0.112706425962882,-0.0483671260211809,-0.166200084735644,-1.21041269502145
29,"saving_rate",-0.274713544732802,-0.274307864516365,-0.327039466309812,-0.272827109730644,-0.475936868281062,-0.303985948602855,-0.285409196148011,-0.206516562236942,-0.379042672074312,-2.79977923263281
30,"saving_rate",0.0473554118763898,0.0314260226730095,0.012596417636755,0.0478582631371579,-0.0757214945809667,0.0123941663223113,0.0358737060616055,0.105114454043005,-0.0179990127930626,0.198897934376205
31,"saving_rate",-0.0294098056977123,-0.0567456994455266,-0.073139254972969,-0.0532764732529101,-0.127521557133871,-0.0822156741131245,-0.0627852705108378,0.0371817299174038,-0.141929614033456,-0.589841619243004
32,"saving_rate",-0.121319233859565,-0.132433120737318,-0.146114871953305,-0.123443107822232,-0.192508652193218,-0.146162883284278,-0.15501839239052,-0.0940536440897904,-0.218483721682842,-1.32953762801307
33,"saving_rate",-0.256435747168994,-0.280110650163699,-0.284593881965521,-0.244056144595956,-0.27172460155669,-0.278784281935647,-0.287501051935829,-0.192581636212558,-0.3593796917239,-2.4551676872588
34,"saving_rate",-0.324964345087474,-0.326585490461214,-0.361178577184562,-0.298608562855785,-0.403825737362394,-0.345661580346502,-0.336850801415237,-0.281283672125248,-0.451854640822663,-3.13081340766108
35,"saving_rate",-0.0876455020893853,-0.107979116847926,-0.124695723723368,-0.0738433328683827,-0.161719439368774,-0.116345591718901,-0.0976497014502199,-0.0346150328999959,-0.186961229095311,-0.991454670062264
36,"saving_rate",-0.0363023913528633,-0.0537748967718325,-0.0752374586958419,-0.0453607511950212,-0.162235267666106,-0.0645157410662216,-0.0887181605429656,0.00285984065492405,-0.153847280958011,-0.677132107593939
37,"saving_rate",-0.0591928768439755,-0.049573375062151,-0.0721947602107371,-0.0584199741902505,-0.208316593110764,-0.0644946817407166,-0.0732192842787122,-0.00417014657451795,-0.14368561005588,-0.733267302067705
38,"saving_rate",-0.0193700263279918,-0.0275365392331641,-0.0348212659273441,-0.0246095760461579,-0.162623142844346,-0.0309364564574906,-0.0486905448268325,0.024212855446785,-0.134887456591652,-0.459262152808194
39,"saving_rate",0.0444194835725286,0.0358103960964977,0.0363280486996409,0.0445167659406488,-0.0428557173548617,0.0486959705377723,-0.00518331835088155,0.0899581828686673,-0.0692575445702905,0.182432267439722
40,"saving_rate",0.225060515278849,0.201011984447664,0.212887756931938,0.185859323040705,0.157549567271393,0.236276860193568,0.155239801270953,0.243761147424369,0.108347377299027,1.72599433315847
41,"saving_rate",0.319853320578895,0.285074172374165,0.28632700401582,0.280801040164543,0.244865285004959,0.317587636609325,0.237026041434973,0.366430931416539,0.195006506001256,2.53297193760047
42,"saving_rate",0.0241975494169374,0.0431940236634073,0.0209613384090701,-0.00957722234397272,-0.00436554891587695,0.0375564248767555,-0.0571711190037196,0.0395211282835975,-0.105726970893224,-0.0114103965070256
43,"saving_rate",0.00860442233057134,0.069460245869929,0.0318581849387609,0.00977424180491731,-0.0434747167299375,0.0814320792684154,-0.0104310534322012,0.0864170656684563,-0.0402458492469381,0.193394620471973
44,"saving_rate",0.0555541663689627,0.113318559348003,0.0587369206432668,0.053720475191699,0.00115450790122137,0.111943121054417,0.0199462234154217,0.0935975021686833,-0.0421231805060215,0.465848295585654
45,"saving_rate",0.52208239086211,0.543370026320951,0.504999408910038,0.485403143150348,0.351012192279144,0.533119360142021,0.474654813515831,0.582977917386839,0.416320036225358,4.41393928879264
46,"saving_rate",0.371246697669393,0.415791075916962,0.400264940893172,0.331338405814892,0.21778983343918,0.395690240865558,0.316039413321366,0.424508135990242,0.264021820233045,3.13669056414381
47,"saving_rate",0.294089011500965,0.36101013676198,0.33974081585108,0.275646786854348,0.131691306254254,0.326929113763902,0.242144925044366,0.31251045008803,0.18177748342262,2.46554002954155
48,"saving_rate",0.374584403430236,0.433073768880209,0.401906958952938,0.389476974427461,0.150085324798597,0.422046072972939,0.358763358899607,0.388511694463391,0.283877010848212,3.20232556767359
49,"saving_rate",0.19279808056172,0.239623801183457,0.232938811460267,0.2065227931883,0.0471363222516372,0.246661462650835,0.151219904463211,0.230567315579858,0.104501209490075,1.65196970082936
50,"saving_rate",0.271077377816459,0.295000788108562,0.278943471288898,0.256824665615953,0.030098913127582,0.296761348352979,0.207435675703838,0.264406624399651,0.180160330643792,2.08070919505771
51,"saving_rate",0.368710072700398,0.402216718934878,0.372831821133695,0.313467912604929,0.0498144585076014,0.376704865134374,0.290386844965568,0.395446950003398,0.280541986919298,2.85012163090414
52,"saving_rate",0.383947042297947,0.393399672225972,0.399781222409022,0.291622846495251,0.0497165244458093,0.378734024271695,0.277607345929113,0.366985854061016,0.270094466773313,2.81188899890914
53,"saving_rate",0.30194849562381,0.279514925807,0.331237379707188,0.240037714835566,-0.0143217746843726,0.318640727083883,0.201772600605571,0.294570173891937,0.226123220437102,2.17952346330768
54,"saving_rate",0.397464848650712,0.355900436286393,0.409317360483943,0.303472471769134,0.143558922415018,0.40736959931117,0.292807087543542,0.378391179104836,0.303815865161775,2.99209777072652
55,"saving_rate",0.434176990738654,0.367698060171673,0.451052248680132,0.330846203014795,0.241609982481387,0.437315910927733,0.33195097842297,0.437918876859743,0.341579593884283,3.37414884518137
56,"saving_rate",0.334558758381648,0.301592251910128,0.370624062608211,0.216557127952849,0.31432550713642,0.366039210812459,0.223262444485087,0.32315104226361,0.245355212247027,2.69546561779744
57,"saving_rate",0.374118119614131,0.336902718080248,0.401752993272171,0.264605610830756,0.346633865684038,0.398680833660652,0.283045021389596,0.366097162981231,0.303307030006848,3.07514335551967
58,"saving_rate",0.382519603703109,0.399665299191348,0.448225354916135,0.314713113439062,0.520746637863171,0.460621475476285,0.328955747258033,0.407811068662797,0.344964300557499,3.60822260106744
59,"saving_rate",0.362863065879044,0.339623138398285,0.393294115346375,0.264491050343017,0.513044993148743,0.389801088749558,0.270649561216685,0.327621365223417,0.257478197020178,3.1188665753253
60,"saving_rate",0.351231317107377,0.333611148514864,0.372543435897417,0.285678324478957,0.519929875996206,0.400830365185451,0.283297857515893,0.346639959404011,0.265466982001988,3.15922926610216
61,"saving_rate",0.572545846461497,0.565067656599126,0.615166057460735,0.526102700147961,0.699860862690441,0.648476419687588,0.510634036279275,0.566800036542673,0.53049943643387,5.23515305230317
62,"saving_rate",0.553752429836401,0.522869778813898,0.572151624075109,0.486341853080313,0.648157771813913,0.599066281616858,0.461116987258394,0.531165964759205,0.470556109067017,4.84517880032111
63,"saving_rate",0.605643345896427,0.594051659526904,0.649540966100209,0.542019238375421,0.632029478138325,0.657678569991452,0.504642293768609,0.580304127809961,0.52499127968433,5.29090095929164
64,"saving_rate",0.659428178213873,0.599705974468542,0.694391840013292,0.582273973500686,0.663144912795514,0.699599437335473,0.559144651514705,0.610742213422256,0.580405954495404,5.64883713575974
65,"saving_rate",0.460396046640908,0.432490717257844,0.531178796776013,0.406941024775536,0.392808171646682,0.511225797334407,0.365257392762801,0.400887881256772,0.390204766317762,3.89139059476872
66,"saving_rate",0.573775062335981,0.526229551035036,0.637590778318523,0.49979202743092,0.500039179490572,0.62050596879638,0.475561531846695,0.515830964771765,0.482278568377208,4.83160363240308
67,"saving_rate",0.5613312707826,0.513796081833011,0.621043611549929,0.491791548680397,0.462339585969852,0.588689004310748,0.451929375636171,0.506765239394992,0.462529488714878,4.66021520687258
68,"saving_rate",0.670662328741623,0.619104424408523,0.727216138112492,0.589902455806734,0.599015910435579,0.689965038410599,0.55790702722106,0.61229143855069,0.566267577278963,5.63233233896626
69,"saving_rate",0.613791027004007,0.530846761454784,0.660246744937884,0.516008014607361,0.475142685779582,0.602284485490168,0.479969123275003,0.523450108482525,0.501684458197979,4.90342340922929
70,"saving_rate",0.678734076364137,0.600985512750536,0.717210867306715,0.581823506628837,0.547946935347481,0.668414882986763,0.557095928144651,0.590014762236656,0.546827147511165,5.48905361927694
71,"saving_rate",0.634887795702253,0.556044969119534,0.666401970487362,0.52644373295468,0.504101090633693,0.602379484386273,0.48958654125836,0.525906495554498,0.481491478146322,4.98724355824298
72,"saving_rate",0.360740808521273,0.286650321505149,0.392051283796536,0.265570026600676,0.219190984907804,0.325277032604885,0.208341053674906,0.254768709617155,0.213529836898825,2.52612005812721
73,"saving_rate",0.440850924227276,0.397355937209311,0.473334681094551,0.377241854662435,0.285081929874597,0.43940814856409,0.309388158224229,0.353576446003886,0.317800332956696,3.39403841281707
74,"saving_rate",0.326623605281429,0.26805988619645,0.352893298718708,0.23035167854221,0.197789658845298,0.274399014160867,0.176736895609327,0.212894821031474,0.153824384394342,2.19357324278011
75,"saving_rate",0.208351015450367,0.153384175350666,0.231281119301714,0.128341415059927,0.0848296509090066,0.147757683558449,0.0420645115620961,0.110130195448936,0.0190050557074787,1.12514482234864
76,"saving_rate",0.535418151026288,0.464042464955015,0.565011624639484,0.416851784262834,0.42832607608378,0.466535657085037,0.39250177666956,0.421016780153619,0.358808276366952,4.04851259124257
77,"saving_rate",0.517786364997151,0.439520821269735,0.53182154114685,0.39879398001311,0.31086950607302,0.411252955557585,0.367568181619564,0.381604870728355,0.317607770837384,3.67682599224276
78,"saving_rate",0.38205967223214,0.306477635292532,0.424750537236581,0.252923437187771,0.254489890138034,0.279869288104754,0.198314381880439,0.26227416516356,0.150234712792162,2.51139372002797
79,"saving_rate",0.408513632933161,0.333066819224518,0.464950791163572,0.282810400680168,0.331280610209964,0.313356131716658,0.230158617814222,0.28113509041368,0.211561787722844,2.85683388187879
80,"saving_rate",-0.00337753230352945,-0.0375896254039574,0.0775808347121627,-0.0938218556667751,0.00949377499639851,-0.0661165544360607,-0.175536215156812,-0.108458530349542,-0.196263119853819,-0.594088823461935
81,"saving_rate",0.621072104765411,0.561621569668178,0.67968621136754,0.504995601563764,0.652979898681535,0.538763143303695,0.45906569644293,0.512592010770326,0.425312945772363,4.95608918233574
82,"saving_rate",0.360061685965534,0.291962261873087,0.418867457751658,0.229913965075701,0.373228661608756,0.242556133728863,0.185761426146732,0.220282678235119,0.134472109170328,2.45710637955578
83,"saving_rate",0.338514806171994,0.305310843876973,0.412878264737743,0.231257354434284,0.341823740367326,0.236433955379409,0.172524582817026,0.198877380091673,0.129654259457606,2.36727518733403
84,"saving_rate",0.557217014937353,0.49935103634306,0.648055722950468,0.434002084655509,0.607189378768919,0.475463773457764,0.403163442976663,0.425760108047043,0.363524250146339,4.41372681228312
85,"saving_rate",0.306812270075182,0.229505316453781,0.375248051159865,0.180741133494206,0.337384355082817,0.219366624910433,0.138976939578462,0.122186297636916,0.0784243229251331,1.9886453113168
86,"saving_rate",0.58331846590971,0.486247986991598,0.639205043592382,0.444383968222799,0.627621251608678,0.483407671633778,0.437232511740102,0.421751878792733,0.345357131910753,4.46852591040253
87,"saving_rate",0.576794925039374,0.541522037273833,0.66169744690482,0.466189283624777,0.626224186339401,0.481877001973958,0.463138194540072,0.418450997794716,0.374666484884739,4.61056055837569
88,"saving_rate",0.753943420620421,0.688679745982711,0.820771777405994,0.622034819183674,0.725781289824719,0.640494907263887,0.627134522173147,0.617774131089053,0.54139810707931,6.03801272062292
89,"saving_rate",0.750579687347729,0.664029869533029,0.809163905686818,0.593268603913007,0.610905516014968,0.61441085110763,0.609145454876745,0.587213248839925,0.512906013125103,5.75162315044495
90,"saving_rate",0.72889466644922,0.645057293722115,0.782052907530479,0.556845720861651,0.546164388828214,0.574007267679,0.587988288943275,0.537431171325144,0.469890157587138,5.42833186292624
91,"saving_rate",0.843127513006823,0.754020461562502,0.894320362136756,0.680640947314104,0.600000499581737,0.697980797742992,0.694800707392482,0.648728970994809,0.608781587637844,6.42240184737005
92,"saving_rate",0.462846488037696,0.473935898075692,0.564406019432053,0.336697295891121,0.296775784995058,0.341894311798264,0.332707281288801,0.28109053901862,0.237542942430531,3.32789656096784
93,"saving_rate",0.820343649316374,0.806084638437686,0.914919544521584,0.595850333622533,0.653883494748345,0.615854088980812,0.679711300798837,0.620256471055404,0.538385235752874,6.24528875723445
94,"saving_rate",1.03072632327793,0.998228785836475,1.12009096891732,0.855449310620792,0.880854520518988,0.855131219979437,0.934919476074427,0.84072625617228,0.781355580076979,8.29748244147463
95,"saving_rate",1.11533891710841,1.07728497850793,1.2188211379597,0.90713412375089,0.961031607990268,0.908196940348402,0.981705900656134,0.934361863079696,0.837389425105114,8.94126489450654
96,"saving_rate",1.202254639658,1.15522590688256,1.26388402304309,0.971700953358738,1.03291438342674,0.986994088031689,1.03146825526608,1.02245254199219,0.898209642445602,9.56510443410469
97,"saving_rate",0.823986664141076,0.781823070171003,0.890320350724756,0.630366310175276,0.607640602699708,0.594053786519631,0.637450899821263,0.630708256847406,0.46983808120473,6.06618802230485
98,"saving_rate",0.821465332704838,0.806062550818819,0.895523676976878,0.60880097336177,0.522750955185555,0.588285374934958,0.627277152267651,0.619726545457146,0.399556549525636,5.88944911123325
99,"saving_rate",0.723693843026506,0.661780887241858,0.763862130429939,0.541333901744333,0.320704335833676,0.518360904031466,0.530564270168335,0.467827930437432,0.330556928661835,4.85868513157538
100,"saving_rate",0.863082817631698,0.840640909063486,0.926964197511671,0.653689155204016,0.402441641726045,0.647893067153753,0.682927453414616,0.62415347802588,0.454236847800166,6.09602956753133
101,"saving_rate",0.605397056205987,0.600500029353102,0.670705717009068,0.390242578581768,0.0740709900389267,0.37211950896762,0.436651077491064,0.376697301722962,0.179034270972669,3.70541853034317
102,"saving_rate",0.545611871845287,0.542380579270755,0.638493742002374,0.350186599118293,0.0305599919910942,0.32280761919673,0.404477606820416,0.354180681974066,0.133453455250542,3.32215214746956
103,"saving_rate",0.760251121262459,0.724262001038393,0.846118105325171,0.520407413225505,0.209262887513526,0.513395136115618,0.572058579191426,0.517930309184563,0.330458463983942,4.9941440168406
104,"saving_rate",0.857697571477405,0.828053424635352,0.939077564030288,0.663779495957867,0.317670966477063,0.612487084181304,0.682704988426872,0.610665603875029,0.439001235574128,5.95113793463531
105,"saving_rate",0.864900999242145,0.83134555241945,0.925386091573126,0.637681502081779,0.332259405137219,0.551898152550122,0.651266945809443,0.591729160430119,0.393997848101351,5.78046565734475
106,"saving_rate",0.952084596549081,0.949933220657341,0.987450880783991,0.758043976863277,0.486242201172806,0.633709414805432,0.783480514679555,0.725943265705802,0.512078696659491,6.78896676787677
107,"saving_rate",0.927634739076793,0.913742119835866,0.932610710297029,0.688334093498782,0.454889769036894,0.544658255321153,0.699415474993936,0.652795895513522,0.415940131891752,6.23002118946573
108,"saving_rate",1.11133984938197,1.07517115324033,1.06833152207569,0.880033178903997,0.698819412010317,0.717038730889663,0.875895097384948,0.830340160476712,0.607149394759405,7.86411849912302
109,"saving_rate",1.16830547432294,1.15607255387036,1.13099673646739,0.910781460864822,0.768774931870326,0.727865157907262,0.899368546450875,0.851100658613598,0.627309137141228,8.24057465750881
110,"saving_rate",1.13481774464399,1.1516555986949,1.08851080526338,0.88009527802489,0.860399225887931,0.682063954256682,0.860024483576977,0.816022153198348,0.58528600233307,8.05887524588016
111,"saving_rate",1.11442881206346,1.16706824108435,1.0684256847272,0.889756525111344,0.856884312693789,0.68869903005581,0.889484911072637,0.802589597976123,0.609915542382506,8.08725265716722
112,"saving_rate",0.817279605011816,0.881493347675503,0.767500593769469,0.581487991314225,0.624492978602199,0.351332824731701,0.591692732378793,0.479750106438615,0.280359814864425,5.37538999478675
113,"saving_rate",0.888025156981552,0.969349424524147,0.850317582231611,0.686837407402619,0.769176560396939,0.444151742552319,0.660596758607387,0.552115891538451,0.375148894814593,6.19571941904962
114,"saving_rate",0.789647694804748,0.872590076492737,0.769767854903629,0.571907880596684,0.6757300953512,0.333452304254836,0.566304294461594,0.473036263404322,0.244056210328596,5.29649267459835
115,"saving_rate",0.791208380957579,0.891466097909043,0.748975734392544,0.595046889591245,0.723424530352603,0.335259224563842,0.583811565635598,0.451818929683566,0.261599791375004,5.38261114446102
1,"policy_rate",0.0243361197003297,0.0177277802236195,0.0252679675291198,0.0227394041812776,0.00723816968992709,0.0230344877158758,0.0205579438626343,0.0224170566865558,0.0208949376595888,0.184213867248928
2,"policy_rate",0.0322337933939293,0.0203015774243283,0.0330079621552747,0.0300274679592264,0.0183316943895315,0.0286986303932134,0.0239850110715899,0.0312873559686909,0.0332508570779619,0.251124349833746
3,"policy_rate",0.0415766919250202,0.0279742797755795,0.0419017119494111,0.0355778774660109,0.00510471872410389,0.0311433351512637,0.0338266637054412,0.0399922568419892,0.0431477618230679,0.300245297361888
4,"policy_rate",0.0740242139320269,0.0631434811352013,0.0784465611675409,0.0680576978954257,0.0235365059932129,0.0611345404402162,0.0675472184161953,0.0716268076722024,0.0816838910965451,0.589200917748567
5,"policy_rate",0.0747693172253087,0.0595500724494441,0.0806907801038912,0.0707244813504494,0.0296399278778461,0.0641951394490347,0.0671361560760757,0.0709560494140383,0.0812430789393739,0.598905002885462
6,"policy_rate",0.0573137618271855,0.0385961410619902,0.062232742177424,0.0516359738402846,0.0326825135824603,0.0453828594700716,0.0422841351332875,0.0471636879648675,0.0599320198476202,0.437223834905191
7,"policy_rate",0.0236564107697245,0.00706082864501047,0.0319436843064247,0.0160745165681423,0.00576989258882741,0.0170101731087011,0.00411185691103977,0.011865972882113,0.031776751485481,0.149270087265464
8,"policy_rate",-0.0354892482883787,-0.0472049644735186,-0.031578541370221,-0.0429922414810773,-0.0597181160545149,-0.0364977575948318,-0.0545215332436424,-0.0459674648101855,-0.0198395674387007,-0.373809434755071
9,"policy_rate",-0.0628509704001672,-0.0715546212721866,-0.0657700668481226,-0.0749233849333126,-0.160461362857697,-0.0636518792344114,-0.0862811357323772,-0.0780490583253706,-0.0407988751344566,-0.704341354738101
10,"policy_rate",-0.0685110070802688,-0.0736295316091918,-0.0715688053988226,-0.0818428484288351,-0.119081743261633,-0.0680632603017872,-0.0846642735251402,-0.082781912076011,-0.0377616639652546,-0.687905045646944
11,"policy_rate",-0.0530506363069073,-0.0462001682106348,-0.060275247579853,-0.0648681979757443,-0.0868674316522277,-0.0520445452266879,-0.0648187573776377,-0.0670169606888992,-0.0178335900113106,-0.512975535029903
12,"policy_rate",-0.00800617615531008,0.00938190434005002,-0.00918409765772124,-0.0140652266476308,0.0156250515142611,-9.86340472470422e-05,-0.0149384897445301,-0.0151340036912973,0.0334666573149332,-0.00295301477449228
13,"policy_rate",0.0189998694630768,0.0396940169869479,0.0253350106880086,0.0134844503735531,0.0320932072263087,0.0319285325080387,0.0129305932544834,0.0128758862068053,0.057910940118087,0.245252506825309
14,"policy_rate",0.02025663285333,0.0412631990260836,0.0359433426923138,0.0166369084890896,0.0275139811406192,0.0431128159515118,0.0157362002874859,0.0177301965446272,0.0610214708138359,0.279214747798897
15,"policy_rate",0.0205244689678817,0.0379799066736647,0.0421045612970603,0.0168337478548062,0.0764486236906184,0.0495978006117649,0.0239036654981328,0.0203293884408592,0.0626726527653592,0.350394815800148
16,"policy_rate",0.0471020546847518,0.0592500292272047,0.0758799565020496,0.0402484803668123,0.111225382673061,0.0763128363184051,0.0503409990721841,0.0475735662759171,0.0915575725371169,0.599490877657503
17,"policy_rate",0.06509757541028,0.0739629013392628,0.0916242457375705,0.0551526434990725,0.0317934971376075,0.0883232787893974,0.0676534653816762,0.0647409758166511,0.109641668853312,0.64799025196483
18,"policy_rate",0.0953539262212097,0.09581014367954,0.120118594059495,0.0802643623485517,0.0218397274912386,0.109555101915053,0.100433372417409,0.0905886101880958,0.136102546544932,0.850066384865525
19,"policy_rate",0.0503911971485424,0.0558835441068837,0.0728212117048363,0.034116447471005,-0.00543713119890923,0.0614415756702713,0.0585477455062498,0.0474307771341992,0.097569285575193,0.472764653118271
20,"policy_rate",0.056988769321688,0.0636433514610044,0.0752917667097292,0.0407498670653465,0.00996444550372864,0.0708702542188687,0.0638959310354554,0.0571094896225265,0.104355378679923,0.542869253618271
21,"policy_rate",0.10390757638214,0.104750608239887,0.120716886691767,0.0829909761352037,0.0867273329384231,0.117551678953329,0.107161000953747,0.105194259483127,0.142337571069,0.971337890846624
22,"policy_rate",0.125359995961735,0.116065724482243,0.135064537236318,0.0992939230152178,0.0870529789741901,0.129149439376461,0.126744706545411,0.121150956751386,0.158098024955506,1.09798028729847
23,"policy_rate",0.120263372696735,0.104716266414192,0.118609217948563,0.0905087941265872,0.0521240933746136,0.117240188118703,0.121642718403061,0.109787988655068,0.148413162237904,0.983305801975426
24,"policy_rate",0.0964675038595876,0.0728096564107678,0.0822873411137147,0.063807374485747,-0.0629622470274227,0.0936002910483931,0.0891755481201708,0.0805778319063415,0.119415444138562,0.635178744055862
25,"policy_rate",0.0705644622931918,0.0429980745732722,0.0456871511310342,0.0332190579538907,-0.112569302214111,0.0677417335577997,0.0607166055625842,0.047826121964119,0.095354021273176,0.351537926094957
26,"policy_rate",-0.00564646218340267,-0.0312280120499983,-0.0356463382406357,-0.0412604303104975,-0.0996948303484134,-0.00517249000525359,-0.0100266072748065,-0.0254639879670477,0.0261110706241636,-0.228028087755892
27,"policy_rate",-0.0188882293036179,-0.0390430184382431,-0.0458716531782672,-0.0512964152048521,-0.0148985511335188,-0.0151788555357364,-0.0163304895786742,-0.0314045090846573,0.0165550803210217,-0.216356641136545
28,"policy_rate",-0.0387537921876594,-0.0548731505325415,-0.0616653921089866,-0.0676401063104477,0.0139092725056283,-0.0329735773278952,-0.032592425734715,-0.0454963092027167,-0.0020714267668646,-0.322156907666198
29,"policy_rate",-0.094968133331157,-0.111806306556909,-0.121511324839827,-0.124367350563065,-0.0611734442966321,-0.0953266187342097,-0.0843149977058198,-0.103305494749446,-0.0616781635825096,-0.858451834359576
30,"policy_rate",-0.108653982187905,-0.124187291444296,-0.128251225036133,-0.132413469763537,0.017661602375619,-0.104046585615567,-0.0916165788418939,-0.110018474909814,-0.0743153916380703,-0.855841397061597
31,"policy_rate",-0.116649436164241,-0.122653168884457,-0.133396007734675,-0.134095561746897,0.0734541350091842,-0.112836363085783,-0.0888738411151648,-0.110667538426603,-0.0765872163648422,-0.822304998513478
32,"policy_rate",-0.126548057281803,-0.125672282028277,-0.135465170504268,-0.134084631365314,0.126967779541794,-0.115812232387701,-0.0904212617363715,-0.109021649842086,-0.077280348430292,-0.787337854034317
33,"policy_rate",-0.128228957342419,-0.122866102390031,-0.13493647786047,-0.128460511107796,0.108590350618566,-0.118819282013217,-0.0898535125399796,-0.108954874772088,-0.0773811597792376,-0.800910527186672
34,"policy_rate",-0.167037908019094,-0.154963125079165,-0.17680661393486,-0.161162031301794,-0.00520910026436482,-0.157115224494006,-0.128956666700699,-0.150075180128139,-0.11735574538712,-1.21868159530924
35,"policy_rate",-0.164940185347578,-0.150309315380294,-0.172837136652916,-0.159969278690252,-0.00226395285577395,-0.151296613965181,-0.127294512814679,-0.146806987321146,-0.110982838110912,-1.18670082113873
36,"policy_rate",-0.134999325787233,-0.123104526163948,-0.140669618998037,-0.134470981803144,0.0703551775408696,-0.121128814535898,-0.100519762317215,-0.116825946275567,-0.0752252164576995,-0.876589014797872
37,"policy_rate",-0.105673298172698,-0.0974473973980913,-0.106993201506233,-0.104841713223089,0.11056473410245,-0.0899739887260889,-0.0698005428329858,-0.0814923135153945,-0.046271000780719,-0.59192872205285
38,"policy_rate",-0.0631233032076173,-0.0579763065749902,-0.0665261573186837,-0.0605372373781623,0.105457152466829,-0.0505461350904718,-0.0300783913263421,-0.0425763718776842,-0.00469689511139513,-0.270603645418518
39,"policy_rate",-0.0224048547153714,-0.0147439841658535,-0.0308099395056927,-0.0198619727169444,0.181176964323831,-0.0129658728474947,0.0131985536309604,-0.00333068828034065,0.036695229380848,0.126953435103942
40,"policy_rate",0.0230828418629919,0.0324314402046202,0.0119178694089544,0.0272897332224244,0.259379859237643,0.0361592255367885,0.0551666434379124,0.0461322478404858,0.0889092094081989,0.58046907016002
41,"policy_rate",0.0564126358057762,0.0597196301589441,0.0388490046578267,0.0564149723549754,0.19978829065933,0.0700205858896456,0.0799618397918878,0.0785114729070753,0.124101387372052,0.763779819597513
42,"policy_rate",0.0970005959494314,0.0974964667365956,0.0723927392166113,0.0981362892678748,0.207967935257558,0.108980651045002,0.121731372345808,0.115201264752098,0.161623223044093,1.08053053761507
43,"policy_rate",0.143862288937731,0.139021520071944,0.123788057449266,0.146972310637594,0.229859917211748,0.15630585476973,0.168491797716005,0.163281009387695,0.198327967371191,1.4699107235529
44,"policy_rate",0.177057449237492,0.171182191814094,0.155503894115295,0.179210456538981,0.211663597021198,0.185756811659693,0.199112515504071,0.191905896110914,0.224154642669406,1.69554745467115
45,"policy_rate",0.211822779469542,0.202844720096095,0.187298926352844,0.211325615960775,0.127091436436252,0.219375186944747,0.22955635188354,0.222267838629844,0.252201613302165,1.8637844690758
46,"policy_rate",0.245382134757361,0.2373795536386,0.223354431887531,0.250496809327324,0.148281205852806,0.255121580432644,0.26804724391946,0.258175909760215,0.288159190729695,2.17439806030564
47,"policy_rate",0.134941450867211,0.131996231972605,0.11653326907778,0.146968963418315,0.112695052761467,0.151920563251144,0.16911654500847,0.160252490431749,0.194282259768334,1.31870682655708
48,"policy_rate",-0.105398530262611,-0.100175398704233,-0.128172967451803,-0.0911527800851375,-0.124372360880399,-0.0818839947051762,-0.0669257962135326,-0.0685049486557442,-0.0269196733557929,-0.793506450314428
49,"policy_rate",-0.209578900872124,-0.199146399970609,-0.23400935714912,-0.198679471793504,-0.183823352517778,-0.185495000966504,-0.172437051350866,-0.169437484637909,-0.124878499054285,-1.6774855183127
50,"policy_rate",-0.246445962912429,-0.237546009015852,-0.269578312684527,-0.244946067172278,-0.189574545355438,-0.225412348973065,-0.213568857715306,-0.206234948448,-0.160337706198408,-1.9936447584753
51,"policy_rate",-0.239860348943458,-0.237592663527869,-0.262106259707779,-0.252865895241458,-0.201447162987133,-0.228617326016534,-0.211333745285085,-0.203278940925797,-0.153484269517152,-1.99058661215227
52,"policy_rate",-0.234316334818421,-0.234782769674637,-0.255926308679021,-0.254488206403013,-0.216495945279162,-0.223635630215202,-0.208643245502851,-0.193971744413852,-0.146685742319541,-1.9689459273057
53,"policy_rate",-0.234974069906302,-0.241228289341262,-0.257725787808712,-0.263033280928654,-0.166372757779841,-0.22446941637944,-0.213174624950832,-0.195835927360822,-0.151525566366566,-1.94833972082243
54,"policy_rate",-0.204646655160171,-0.207299164832431,-0.232202237469579,-0.235673014538071,-0.0742986916641329,-0.193251665678338,-0.186283851924093,-0.168732371339229,-0.126611394980861,-1.62899904758691
55,"policy_rate",-0.159729503200754,-0.163231315108734,-0.189274317753253,-0.190756024263251,-0.0146379822498112,-0.143104087299292,-0.143427092553158,-0.121499864804537,-0.0804516880221148,-1.2061118752549
56,"policy_rate",-0.11635993056351,-0.119805896261748,-0.152810406164594,-0.146959859611177,0.0801107403361169,-0.0978827435428277,-0.0973655646999663,-0.0754350515594227,-0.037088984586443,-0.763597696653572
57,"policy_rate",-0.0800015412361225,-0.0857008220810676,-0.119911993412707,-0.104671915759081,0.109106100750702,-0.0609866508053908,-0.0581395913847558,-0.0363840353059483,-0.00286696906413827,-0.439557418298509
58,"policy_rate",-0.0525813589720568,-0.0534836089402152,-0.0910740317090459,-0.0676310117806325,0.188723745538916,-0.0332056176690285,-0.0226745081163891,-0.00667915834239938,0.0216015678463777,-0.117003982144474
59,"policy_rate",-0.05668140927749,-0.0476087376595627,-0.093118598418205,-0.0572314376802793,0.177151709030123,-0.0330065740741941,-0.0185581128224689,-0.00732055181204217,0.0196647550062559,-0.116708957707863
60,"policy_rate",-0.0913741583212927,-0.0690759304099041,-0.128546899613685,-0.0809211523807694,0.0993269165682758,-0.0616994052584776,-0.0481922993765312,-0.0408238794964474,-0.0114869760691604,-0.432793784357992
61,"policy_rate",-0.107431868319099,-0.0759510188776708,-0.134642540664179,-0.0893776405250865,0.0519279549485651,-0.0650642686846694,-0.059404905499102,-0.0513085279201407,-0.0271065700059426,-0.558359385547324
62,"policy_rate",-0.114569202700715,-0.073363581416408,-0.134101075817396,-0.086480219201693,0.032659179630412,-0.0650970043504102,-0.0604878294675213,-0.0588995331513671,-0.0333404737031998,-0.593679740178298
63,"policy_rate",-0.139423236164388,-0.090881370988374,-0.147326007642803,-0.10462020676466,-0.0197624012780894,-0.0814720425898403,-0.0820632064707468,-0.08135895290015,-0.0531241093460777,-0.80003153414513
64,"policy_rate",-0.161132908635286,-0.105167142778491,-0.163915702463697,-0.125194101598661,-0.0814850992480821,-0.100966200369086,-0.103159164817679,-0.105051681222123,-0.0702840030425738,-1.01635600417568
65,"policy_rate",-0.157120821885563,-0.0994248890098584,-0.154027318349751,-0.119390898939722,-0.104796417161061,-0.098957653725074,-0.0959817368621599,-0.106583133286806,-0.0673672138254846,-1.00365008304548
66,"policy_rate",-0.153283551040432,-0.0905177905255561,-0.14773253249063,-0.112959038088194,-0.118834417091548,-0.0978329864621323,-0.094956702185454,-0.110192381450537,-0.0649639838997412,-0.991273383234225
67,"policy_rate",-0.14860034468576,-0.0839242154483183,-0.144379031977042,-0.111064299122537,-0.144810607267619,-0.0961174137362285,-0.0983322680106103,-0.113150001959784,-0.0635045841171475,-1.00388276632505
68,"policy_rate",-0.171064219583771,-0.101416286567967,-0.173538452917875,-0.13922528605877,-0.158374670248526,-0.121652472816765,-0.127936868257044,-0.140549434910661,-0.0846283099674363,-1.21838600132882
69,"policy_rate",-0.162345570280104,-0.093045477126385,-0.17044850521788,-0.133118214381196,-0.192211592666909,-0.116324387630915,-0.125751446287804,-0.136180876537643,-0.0784211484428599,-1.20784721857169
70,"policy_rate",-0.203941487231054,-0.135990978393793,-0.220884264785091,-0.180105569506082,-0.270637158619777,-0.162147377692787,-0.17634248873521,-0.185562008950661,-0.116563390045016,-1.65217472395947
71,"policy_rate",-0.228501206493743,-0.159570060655061,-0.249278139704988,-0.210982715638661,-0.26710004738646,-0.186995775454607,-0.204820554529307,-0.213446466175361,-0.136838248003504,-1.85753321404169
72,"policy_rate",-0.243287109340248,-0.172911281234957,-0.269990936956971,-0.231579675333153,-0.259537406016734,-0.204689321648202,-0.223714848176087,-0.231217743733935,-0.152589897178362,-1.98951821961865
73,"policy_rate",-0.260852706216148,-0.195752877358535,-0.287940369957321,-0.25949350040376,-0.265932232211023,-0.223418691799158,-0.247514807181448,-0.25171180037737,-0.178036730711796,-2.17065371621656
74,"policy_rate",-0.266607454445211,-0.20833593818504,-0.29506910098893,-0.273716581267615,-0.262913074455356,-0.234353074957544,-0.258592454840519,-0.26442841070113,-0.19102963484204,-2.25504572468339
75,"policy_rate",-0.26363376760849,-0.211707643879731,-0.292512017071341,-0.282529236341288,-0.241767720251183,-0.238046634341816,-0.262431753806678,-0.268649919588717,-0.194086199149876,-2.25536489203912
76,"policy_rate",-0.272924508009117,-0.215674852261733,-0.300644676709334,-0.300542360850628,-0.232378585908629,-0.251346073275613,-0.272452107068275,-0.274621773898526,-0.201645465352254,-2.32223040333411
77,"policy_rate",-0.279067271267651,-0.224754541633463,-0.30101658690467,-0.312958871116001,-0.256235839165527,-0.259841826360788,-0.275779196062886,-0.277820371307302,-0.20486137954322,-2.39233588336151
78,"policy_rate",-0.289518359706385,-0.232983071152794,-0.305194206317802,-0.321997009098086,-0.197810702408882,-0.267216264306831,-0.282106815591581,-0.282469930843588,-0.207303518292295,-2.38659987771824
79,"policy_rate",-0.30344000518663,-0.246235858739193,-0.313633193658853,-0.334208448027815,-0.121242891565905,-0.271632490145009,-0.292932487215183,-0.282975386168974,-0.215361574005086,-2.38166233471265
80,"policy_rate",-0.309404732154744,-0.24914285345632,-0.319194051945232,-0.337464649803819,-0.0967227542493546,-0.27389871561142,-0.294754812448485,-0.278773832021744,-0.217772030504696,-2.37712843219582
81,"policy_rate",-0.309755482029334,-0.250477865453711,-0.314919771166215,-0.341461062400506,-0.114994694471661,-0.269376489457134,-0.293909197161813,-0.267494042340167,-0.211017498339205,-2.37340610281975
82,"policy_rate",-0.30951666867975,-0.252892605984854,-0.316278090902929,-0.342632416182164,-0.128765003801178,-0.270111357631062,-0.2851724219955,-0.261902417269315,-0.202851034915308,-2.37012201736206
83,"policy_rate",-0.319419393105209,-0.264706676148242,-0.319854298748178,-0.352091995535273,-0.0871123764138759,-0.272882637675187,-0.287015977905765,-0.261535880230014,-0.203053521092643,-2.36767275685439
84,"policy_rate",-0.33590528223367,-0.273040047633539,-0.328382421099732,-0.362548759667055,-0.0241138882787473,-0.278705399661323,-0.293889850972832,-0.261463916199598,-0.207635701363835,-2.36568526711033
85,"policy_rate",-0.339354456931818,-0.27337077261312,-0.332084602709938,-0.361622928941861,-0.0294268995002899,-0.274849829878537,-0.29186196486865,-0.254745259493963,-0.207229478279133,-2.36454619321731
86,"policy_rate",-0.33703202476241,-0.270102261840182,-0.329491819663338,-0.359203895958294,-0.0715427359059737,-0.265997150597409,-0.289621034102546,-0.246323161191626,-0.194578150186813,-2.36389223420859
87,"policy_rate",-0.339706032704364,-0.271286624748744,-0.329426711500206,-0.36629486141745,-0.0729803007531388,-0.266773749225284,-0.282734064478309,-0.242637197219914,-0.192260917417785,-2.3641004594652
88,"policy_rate",-0.311919332748966,-0.242667709481094,-0.301560414760086,-0.343610445159699,-0.0667890225359875,-0.2386978428157,-0.254428322740409,-0.21517708191466,-0.159797068043051,-2.13464724019965
89,"policy_rate",-0.29648239043451,-0.234341770445008,-0.291842816090198,-0.33350631838906,-0.144322313353993,-0.222948290046186,-0.243542221223453,-0.202698384452174,-0.14668458053145,-2.11636908496603
90,"policy_rate",-0.285824596619457,-0.230371258442218,-0.290202476276748,-0.327357236470388,-0.193355078478663,-0.213850965187172,-0.239690924025769,-0.200753371703382,-0.13702010473988,-2.11842601194368
91,"policy_rate",-0.286716009988463,-0.237434537964207,-0.293826940766845,-0.333924472331414,-0.17028343615078,-0.214428544810458,-0.244120500646864,-0.204274282792811,-0.136322659341722,-2.12133138479356
92,"policy_rate",-0.270369390840529,-0.223622722934826,-0.275339115144616,-0.319793976128279,-0.0606173570076204,-0.201441498720477,-0.220178504884284,-0.190641852455682,-0.124622821621079,-1.88662723973739
93,"policy_rate",-0.262626363325962,-0.238127229629184,-0.270461408589714,-0.322465991275593,-0.043263212619685,-0.214169627875563,-0.217473067605737,-0.199071357562977,-0.111279983673575,-1.87893824215799
94,"policy_rate",-0.256532527013288,-0.243343323293466,-0.269662712269377,-0.321449553856566,-0.0520224034294585,-0.216463415697137,-0.217245588819555,-0.195539321177932,-0.111357824234689,-1.88361666979147
95,"policy_rate",-0.251784365912761,-0.242611197066119,-0.271015738062582,-0.316972897117037,-0.0787665918368467,-0.213799210120888,-0.221047389355916,-0.186484727332057,-0.10661799828701,-1.88910011509122
96,"policy_rate",-0.24169437706722,-0.237089245697968,-0.267830446341545,-0.303575259232319,-0.147547301014709,-0.194448289905333,-0.221574941327536,-0.173432869984691,-0.107842325357261,-1.89503505592858
97,"policy_rate",-0.228128402266341,-0.225000339634523,-0.259741474224482,-0.285953745187108,-0.24395953684633,-0.177948981644694,-0.217305784469256,-0.163012152717144,-0.100703645276828,-1.90175406226671
98,"policy_rate",-0.21814028919493,-0.217808651795367,-0.255324489415423,-0.278357285688375,-0.308053198359769,-0.166630556641015,-0.213371837671267,-0.158221594516601,-0.0929990045606172,-1.90890690784336
99,"policy_rate",-0.213727592722968,-0.216640550585351,-0.255896444164851,-0.281318475648764,-0.323481002868364,-0.160798224506578,-0.219077713239555,-0.159375903016623,-0.0865216589610647,-1.91683756571412
100,"policy_rate",-0.211411567215921,-0.219086291810697,-0.251119978804844,-0.286450684852942,-0.343453267449523,-0.153596352966555,-0.225452744709991,-0.156521584941163,-0.0781169999064925,-1.92520947265813
101,"policy_rate",-0.186186816394937,-0.201886051288865,-0.217022200614007,-0.262660667374225,-0.388242464061282,-0.126504540574443,-0.203338436596272,-0.129918718873501,-0.0561005948093168,-1.77186049058685
102,"policy_rate",-0.0997243263783347,-0.12687274521105,-0.12826854096583,-0.184548299298002,-0.355675961092509,-0.047468254181155,-0.127613122109443,-0.0474517648564367,0.0221510442995756,-1.09547196979319
103,"policy_rate",0.0280882315856963,-0.00700903094189864,-0.00166535367500586,-0.0638508272615486,-0.194750695260428,0.072584907757088,-0.00475458186035418,0.0788015422107717,0.146017902504197,0.0534620950585178
104,"policy_rate",0.109987705376769,0.0763851701154638,0.0723465763114902,0.011318817519804,-0.0858464506787698,0.145920914722911,0.0723785138049609,0.16057349631802,0.229526570792552,0.792591314283202
105,"policy_rate",0.177715694467176,0.145573437829694,0.12958736740216,0.0756037229167849,-0.0324492980904295,0.207316590527502,0.138084085382533,0.225933695619327,0.29470295329219,1.36206824934694
106,"policy_rate",0.2269853479389,0.195602643317964,0.170338613688512,0.117186010067485,0.0169142223644435,0.250885044615109,0.183586155042053,0.268019072027547,0.335219032856545,1.76473614191856
107,"policy_rate",0.254546309266064,0.226339427126797,0.192997323046533,0.139511759122878,0.0453331293144715,0.276414964628497,0.209571718461644,0.292162063272322,0.360958344628738,1.99783503886795
108,"policy_rate",0.250246418373496,0.227299741353222,0.1804979738376,0.129170137224949,0.0724826386302389,0.275235702311996,0.204809607878385,0.286358064036018,0.35813101168809,1.98423129533399
109,"policy_rate",0.230290101593488,0.214300820484166,0.154334521004533,0.106710889867411,0.0603123990504375,0.263843391122134,0.193219125788327,0.270472857058997,0.347078475455246,1.84056258142474
110,"policy_rate",0.184266845142545,0.180125246281757,0.104612960056169,0.0622442074631718,0.126069228374826,0.226288664943432,0.164797192060658,0.230737517297718,0.315655900048758,1.59479776166903
111,"policy_rate",0.0977166152605349,0.102301773253902,0.0225366555335541,-0.0237278576263553,0.0953942402966343,0.153146268636813,0.0920189145627023,0.161051510633599,0.2422175998393,0.942655720390685
112,"policy_rate",0.0203550673034263,0.0240386015950713,-0.052404477831873,-0.10035961642988,0.0137933353352314,0.0803511536711912,0.0255103951037106,0.0917983963733143,0.173727930464794,0.276810785584987
113,"policy_rate",-0.00191678673580645,-0.00221849254670159,-0.0716106063745117,-0.127361419302391,0.0548167356981682,0.056505606893932,0.00566179323042301,0.0693717473212043,0.154145711976876,0.137394290161192
114,"policy_rate",-0.0338643070877592,-0.0326764505154065,-0.104354159227932,-0.163917091629503,0.0588617676272902,0.0196783669617416,-0.0260935958242414,0.0394067611000194,0.129017137924581,-0.11394157067121
115,"policy_rate",-0.0651877057492451,-0.0644095786668796,-0.138643984693044,-0.204717054094148,0.051907865793596,-0.0140524023148977,-0.0621612847599008,0.0113890386847161,0.102635211916488,-0.383239893883315
1,"interest_burden",-0.00426245168013334,-0.00367490159224063,-0.00340098343088722,0.000888212065307969,-0.00195010082114794,-0.00261498264693274,0.00399112746778497,0.00106913027931604,-0.00228200983265588,-0.0122369601915888
2,"interest_burden",0.03732321779938,0.0298890775078736,0.0426938853592667,0.0517202068502846,0.0322004172644299,0.045223077458699,0.0417797179918311,0.0422262015528476,0.0385607499710753,0.361616551755688
3,"interest_burden",0.0336677319642727,0.0259395748082516,0.0360831552386187,0.0303343582949608,0.000140370574173768,0.0297012730813747,0.0272946823497313,0.0377032654357478,0.0349387817440517,0.255803193491183
4,"interest_burden",0.0338047803271101,0.0224029233977916,0.0395727542128246,0.0313025137065178,0.00141536573916941,0.0181966906997553,0.0266776757557638,0.0323450477115502,0.0354174871128139,0.241135238663297
5,"interest_burden",-0.00329982870770009,-0.0198962346853402,-0.00159413982549374,-0.00229761187080938,-0.0161707028758703,-0.0260665743891743,0.00129087568490153,-0.00906970868440233,-0.00295334592751496,-0.0800572712814038
6,"interest_burden",0.0263357992496448,0.00621976428644579,0.0322112910690882,0.0286794825226198,0.0251295675890003,0.0188979132487673,0.0228970070702348,0.0178512589361495,0.0299740351197071,0.208196119091657
7,"interest_burden",0.00398610886904566,-0.0158501922975981,0.0101096625826242,0.00043334787915851,-0.0233669567532001,-0.00425277920096074,-0.00672904305682643,-0.00283612951914209,0.00767269179163493,-0.0308332897052641
8,"interest_burden",-0.0109946566969544,-0.036069536291164,-0.0102701561119054,-0.0144445605471106,-0.0803514417620166,-0.0214980237127307,-0.0295375383800777,-0.0293626644462154,-0.015343956290415,-0.24787253423859
9,"interest_burden",-0.084029266662996,-0.0996128750871603,-0.0809369364356051,-0.0912591877895478,-0.207142588235295,-0.0933755351898742,-0.0969244365061208,-0.0978337860538853,-0.0812772154916091,-0.932391827452094
10,"interest_burden",-0.0248472985477338,-0.0384474741999781,-0.0278404960740837,-0.0327545599490704,-0.0379353513558309,-0.0278657800091942,-0.0442743203980217,-0.0407627873876683,-0.0108712958616505,-0.285599363783231
11,"interest_burden",-0.0175022385294495,-0.0286383806735742,-0.0147713361844286,-0.0166307582312133,-0.0604606971576631,-0.0183705344620817,-0.0214394513848864,-0.0149765277790814,0.0158417833055796,-0.176948141096799
12,"interest_burden",-0.0197694753223455,-0.0199392757606624,-0.0150180279655914,-0.0254989666971746,-0.00493750818586694,-0.0191755389277668,-0.0265685222164151,-0.0416825319643601,0.00044123040715262,-0.17214861663303
13,"interest_burden",-0.0610054176553835,-0.0540920627081146,-0.0581464004662288,-0.0704716251313304,-0.111019602617107,-0.0594022476209765,-0.0612370247266262,-0.0671805915131976,-0.0385690949589184,-0.581124067397883
14,"interest_burden",-0.0208461352065787,-0.0166408183818468,-0.0166834253927221,-0.0290932072171482,-0.00469373461143878,-0.014838117290674,-0.0325724374915021,-0.0377435065983394,-0.00352726556018831,-0.176638647750438
15,"interest_burden",-0.0181292807974589,-0.0190764614961757,-0.00287232756215312,-0.0214498485999629,0.0658451815037084,-0.0049575610359188,-0.0135610235193936,-0.0182091269254757,0.0047774876438382,-0.0276329607889921
16,"interest_burden",-0.0392361694887296,-0.0403023210399774,-0.0117824352441246,-0.0444379026220244,0.067352486889871,-0.0207974139541921,-0.0297818200572791,-0.0557794080670712,-0.0206818284500347,-0.195446812033562
17,"interest_burden",-0.0784917350705266,-0.0722232482751679,-0.0482870534147564,-0.0856249878672634,-0.150281311695817,-0.0564175771801149,-0.0636991278886204,-0.079038372281796,-0.0470733613627177,-0.68113677503678
18,"interest_burden",-0.015319026740177,-0.00964189717297145,0.00923711186579068,-0.0302557775508265,-0.0459366975459641,-0.0129118272827416,-0.0113204326002972,-0.0322983553480927,0.00628850740210078,-0.142158394973179
19,"interest_burden",-0.00981078229606528,-0.0261816525008605,0.0153611210780441,-0.0244864622579573,-0.0243452493205259,-0.00752273178074238,-0.00744216325996356,-0.00958645323545572,0.0155234267217884,-0.078490946851738
20,"interest_burden",-0.0206816725315614,-0.0234411478525012,0.000334081217774601,-0.0305715422234862,0.0078089524732806,-0.0188168628509087,-0.00700577117693473,-0.0398407070962473,0.0012297832497068,-0.130984886790878
21,"interest_burden",-0.0697834203974263,-0.0647065615409205,-0.0523718172977119,-0.0920460758139643,-0.061096167941736,-0.0650965682335479,-0.0533697165431719,-0.0737068415061907,-0.040930295868465,-0.573107465143134
22,"interest_burden",0.0281350109804549,0.0211797490667984,0.0398333318027486,0.000127741802848415,-0.0104915237576301,0.0184821821350207,0.0299127247032848,0.00494988705985214,0.0507755724750816,0.182904676268459
23,"interest_burden",0.0259997945250981,0.00219098132275238,0.0331540397464158,-0.00344922593158639,-0.0186172084697908,0.0182242552141909,0.0228826662698356,0.0175123685237282,0.0498785130177904,0.147776184218434
24,"interest_burden",0.032533851470896,0.00874243364392712,0.0200950652677851,0.0150969056559959,-0.088353213164676,0.0250657299417476,0.0336591698389472,0.0170750131796136,0.0418604467558213,0.105775402590058
25,"interest_burden",-0.058897543206251,-0.0895561843810552,-0.0682575183127948,-0.0874660598373459,-0.208221932343244,-0.0695214813503515,-0.0657430997199873,-0.0787524694640795,-0.048657677647891,-0.775073966263
26,"interest_burden",-0.0177521485619152,-0.0548672694946274,-0.0420771075256906,-0.0546959692774535,-0.100541845682453,-0.0336875868929175,-0.0358808258142675,-0.0569959991868455,-0.0115475698140824,-0.408046322250252
27,"interest_burden",-0.0111938127333162,-0.0397007017211449,-0.0313247352662333,-0.0442833628981428,0.00617350292674831,-0.00491708073177394,-0.015821000075477,-0.0198978508524801,0.0153940338410968,-0.145571007510723
28,"interest_burden",-0.0207497962503408,-0.0465408078047936,-0.0493222585654088,-0.0525823370780887,-0.0226496230856618,-0.0264550970843421,-0.0213438581262767,-0.0346580871034921,-0.00396578777311777,-0.278267652871522
29,"interest_burden",-0.0861494501602593,-0.119961736391455,-0.114064582690743,-0.128841474423092,-0.167361335722415,-0.0944472120878662,-0.099143019464579,-0.101656149561541,-0.0732750911593412,-0.984900051661293
30,"interest_burden",-0.0707855004569356,-0.0990605821266585,-0.0943694827132335,-0.102000989023318,0.0627815781556326,-0.0804955692677059,-0.0719484678945262,-0.0914532113273025,-0.0626129609430816,-0.609945185597129
31,"interest_burden",-0.0677559386414087,-0.0929251000487788,-0.0810314767631123,-0.100311279173693,0.120275551215076,-0.0607994913742466,-0.0585915441478973,-0.0657246012668211,-0.0446969111092244,-0.451560791310107
32,"interest_burden",-0.0751153987848217,-0.0897808699491545,-0.0962605641133544,-0.0915336381780263,0.128158127955194,-0.0809582726810076,-0.0535473447723945,-0.0658320257701315,-0.0520161449224653,-0.476886131216162
33,"interest_burden",-0.16002901558532,-0.176978181482418,-0.174947128585823,-0.176424165638244,-0.0284573174827198,-0.16566953104438,-0.14389792146983,-0.147031718296047,-0.128166983003444,-1.30160196258823
34,"interest_burden",-0.103015862112381,-0.116379367181444,-0.118411884782453,-0.111324715953881,-0.00299609145755673,-0.105165591765829,-0.0869242520657117,-0.0998955798877893,-0.0771039159320046,-0.82121726113905
35,"interest_burden",-0.127014981818457,-0.129250425834761,-0.133274242469832,-0.13024283790823,0.0744752285863878,-0.109044656145772,-0.10405404368744,-0.111559367492785,-0.0978487316268131,-0.867814058397702
36,"interest_burden",-0.118879959072977,-0.117992392197092,-0.135605517907029,-0.126909139932744,0.135428245146561,-0.124297032773244,-0.0947731711075796,-0.10805473544529,-0.0964548320102775,-0.787538535299672
37,"interest_burden",-0.170944783194608,-0.180110984915787,-0.18374114761143,-0.188675702885609,0.0137442390447099,-0.171565306221586,-0.151594773961699,-0.151801727965979,-0.140499891389437,-1.32519007910142
38,"interest_burden",-0.0551866909303469,-0.063718452356541,-0.0590183525033178,-0.0626537463020658,0.046365746683213,-0.0572314012554588,-0.025891905556925,-0.0395507179505373,-0.0238972913467454,-0.340782811518725
39,"interest_burden",-0.034651913471154,-0.0436060123290657,-0.0406621885066388,-0.042446480785012,0.234112851138561,-0.0297085068070998,-0.0119769123185989,-0.0207877145758868,-0.00254714138703299,0.00772598095807181
40,"interest_burden",0.00181176705282061,0.00136726883116782,-0.0145532490141016,0.00431184574583541,0.326383678657284,-0.0052770903744007,0.0321135439795909,0.0191435084944412,0.0270460799382704,0.392347353310908
41,"interest_burden",-0.0649930735327073,-0.0775631723150228,-0.0859823843463597,-0.0793073507032669,0.0679300649875698,-0.0741123275766696,-0.0462095417983536,-0.0527683301645863,-0.0417728363010565,-0.454778951750453
42,"interest_burden",0.0932425169860615,0.0794461014433324,0.0654523335058968,0.0768098709289119,0.195794877124646,0.083333211089269,0.112680766584308,0.101496714565965,0.124301202636356,0.932557594864745
43,"interest_burden",0.127853911109094,0.120029206585838,0.0986169125207767,0.118169653839457,0.316938758253058,0.133747703716519,0.15209126118355,0.148592938425913,0.160214440072648,1.37625478570685
44,"interest_burden",0.159325594292066,0.146809875071698,0.134688359953087,0.155015065529542,0.273758169514231,0.156147930444019,0.180974381143687,0.175173284915615,0.18190597283293,1.56379863369687
45,"interest_burden",0.0546047841061809,0.0444506948377595,0.0331987301300645,0.0441509926601167,-0.0190373460578191,0.0486766262350336,0.0700891075565998,0.0652503041201574,0.0676773099662482,0.409061203554342
46,"interest_burden",0.266911154842875,0.254729560671859,0.234321439376495,0.258175371780034,0.202005837535192,0.254726839502902,0.281058954736817,0.270913048169134,0.275235030791175,2.29807723740648
47,"interest_burden",0.274894917130919,0.253661109518304,0.241973575808613,0.275874564824819,0.247616178485793,0.279532022079548,0.286432416409627,0.285312895166943,0.291550055480643,2.43684773490521
48,"interest_burden",0.057762068737199,0.0384425575044206,0.0324927015676176,0.0556817330714343,-0.0758682010887954,0.0778060741006924,0.0789820330787031,0.0757736188684715,0.0848793541885468,0.42595194002829
49,"interest_burden",-0.167202113088082,-0.156461267496043,-0.193923332206095,-0.159355412957781,-0.164432762570705,-0.130379812077239,-0.129793040049574,-0.126334521552176,-0.107374062997709,-1.3352563249954
50,"interest_burden",-0.126233877338687,-0.109171829997071,-0.150709799321173,-0.122564041390208,-0.0848749955189275,-0.107155178923812,-0.0907380629451421,-0.0882330364461945,-0.0657764439325164,-0.945457265813731
51,"interest_burden",-0.135446353863877,-0.136262424667948,-0.163029195257459,-0.149002083690833,-0.10085459013239,-0.123722089620987,-0.117143119857558,-0.106864282123219,-0.0790588132925763,-1.11138295250685
52,"interest_burden",-0.146338795678906,-0.160049224496366,-0.168771796353332,-0.166231700026439,-0.219613960385229,-0.131929029950728,-0.1181002563111,-0.115928780007031,-0.0945132018519706,-1.3214767450611
53,"interest_burden",-0.235783928003895,-0.244565955275569,-0.274584876380161,-0.266804627010799,-0.15515159287809,-0.220769498230832,-0.210506322535004,-0.197731099037861,-0.182136133040202,-1.98803403239241
54,"interest_burden",-0.134399435369004,-0.140801646375816,-0.168863917800781,-0.159138757384113,0.00694099325873206,-0.125287528576742,-0.109964268555146,-0.0924532860521758,-0.0738091888423573,-0.997777035697404
55,"interest_burden",-0.0708905797326556,-0.0779367866963225,-0.110414199899998,-0.0969536166110641,0.0591757438864724,-0.0574233092131994,-0.0537805677840045,-0.0378046112186831,-0.0217553878760008,-0.467783315145456
56,"interest_burden",0.0127947911631434,-0.00998415809388451,-0.0331255051442786,-0.0236460466465058,0.128545968890634,0.0268759490355445,0.0326744904176197,0.03954617049098,0.0489669237378483,0.222648583851101
57,"interest_burden",-0.0614549394161479,-0.0748220312034729,-0.120417925507704,-0.0972457174704691,0.122101892985391,-0.0440275335699938,-0.0368612939932468,-0.0203720557529909,-0.0151069663585537,-0.348206570287188
58,"interest_burden",0.0823969654474035,0.073054933768858,0.0268622364717836,0.0556890257281426,0.337533935936192,0.0991908006019464,0.106216051619302,0.125747124873665,0.13573406328657,1.04242513773386
59,"interest_burden",0.109146636105916,0.106146820338563,0.0587095581834424,0.106130646590514,0.285544299377987,0.137905087996635,0.140598843338473,0.157246206904079,0.167564512987156,1.26899261182276
60,"interest_burden",0.121355095164409,0.117964836443479,0.067777412717535,0.112722133064329,0.211871898219725,0.147642496180173,0.153893904953493,0.160815070092282,0.165773184400833,1.25981603123626
61,"interest_burden",-0.0554980835602468,-0.0372362212954979,-0.111515362365561,-0.0590614894109917,0.0921539198849976,-0.0226929768406675,-0.0149644994515102,-0.00366943425723504,-0.00202279522533536,-0.214506942522048
62,"interest_burden",0.0441438522249052,0.0669701192829344,0.00539571249624388,0.0577446661956626,0.220805126709939,0.0847379739861702,0.091035170225949,0.0981276161879719,0.107492921987551,0.776453159297327
63,"interest_burden",0.0185619856497619,0.0488756513404859,-0.0114625902695979,0.0457470928393106,0.0935378486966383,0.0747894145151038,0.0712107035302903,0.0715830352864849,0.0873258808348904,0.500169022423368
64,"interest_burden",-0.0116421005575754,0.0215905505819077,-0.0348417055208908,0.0111827239820424,0.0130498352577842,0.0504981995625351,0.0440498245930685,0.0409419844202264,0.0564853504210227,0.191314662740121
65,"interest_burden",-0.12615659562499,-0.0763559410764922,-0.154970619907485,-0.100458529989576,-0.0660026007422624,-0.0749781687552943,-0.0666494276685453,-0.0727574403232771,-0.0474782784360056,-0.785807602523928
66,"interest_burden",-0.0425054774115301,-0.000819368047109169,-0.0573416593226454,-0.000591043489840646,0.0316430915203192,0.00895058597105062,0.0202535234168364,0.00643727526682764,0.0394410033762809,0.00546793128018944
67,"interest_burden",-0.0352548524633253,0.0105093173240761,-0.0539941972669631,-0.000252067858905513,-0.0605807235485596,0.0170844534776714,0.0160575480836074,-0.00710495433458852,0.0403697378951853,-0.0731657386918017
68,"interest_burden",-0.0306340057164388,0.0140857891926174,-0.054210378748335,-0.00451623717040017,-0.0667607481620511,0.0213181765186195,0.0105146024695677,-0.00920243507510102,0.0376660592252365,-0.081739177466285
69,"interest_burden",-0.154942980982514,-0.0893928423694456,-0.187255986547255,-0.125986315023761,-0.1861502348745,-0.112314799950763,-0.106073151315828,-0.124496600975647,-0.0745413853099599,-1.16115429734967
70,"interest_burden",-0.0546471867487769,-0.00892897116419188,-0.0863737137551008,-0.0208632467783703,-0.148270055898913,-0.0149921602474572,-0.0204459437544794,-0.0339197098924835,0.018814742592332,-0.369626245647441
71,"interest_burden",-0.085322666074495,-0.0362081693433101,-0.12509288671941,-0.0644605863860935,-0.148330526321792,-0.040691966657917,-0.0639995390837718,-0.0799916416312815,-0.00617169239770842,-0.650269674615779
72,"interest_burden",-0.106658110556026,-0.0587393538184631,-0.154847942101417,-0.0909023883063783,-0.161966004608473,-0.0673147813799589,-0.0882526649151365,-0.101071116653503,-0.0289413927524241,-0.858693755091781
73,"interest_burden",-0.236873152376176,-0.180145232646245,-0.291445216647932,-0.234406327326053,-0.283051017101105,-0.209585791705881,-0.216839488049395,-0.228996107009108,-0.158779093863911,-2.04012142672581
74,"interest_burden",-0.152897876707985,-0.11704960596744,-0.203220107497908,-0.149843142403366,-0.215386396620915,-0.12516486975794,-0.141823300830447,-0.159319851192762,-0.0838257815944191,-1.34853093257318
75,"interest_burden",-0.160977230826563,-0.126151939305752,-0.216869154604132,-0.175579800552763,-0.179060860494294,-0.136132241002843,-0.159511225825764,-0.181268357638626,-0.0954870216598148,-1.43103783191055
76,"interest_burden",-0.174763747194285,-0.135571969225788,-0.225168139385086,-0.199416000011458,-0.180725977228441,-0.145688812483643,-0.178969618437442,-0.189351352747538,-0.109891919386165,-1.53954753609985
77,"interest_burden",-0.258948344645392,-0.202892181292951,-0.308134250220444,-0.290145922698589,-0.308267383205048,-0.246789053239835,-0.25288327292077,-0.26342851799065,-0.191391781744321,-2.322880707958
78,"interest_burden",-0.163787726375291,-0.137381269236307,-0.215670349775994,-0.187875706660443,-0.127892563328793,-0.155833209942244,-0.165852968842176,-0.178222537854033,-0.0989747657481797,-1.43149109776346
79,"interest_burden",-0.188485372596031,-0.150920985501692,-0.238650722002219,-0.219367137942447,-0.047728427442094,-0.165635499304199,-0.187686265101915,-0.200518411862021,-0.116835534758704,-1.51582835651132
80,"interest_burden",-0.19391561755423,-0.157659159863361,-0.24047361741547,-0.222152572739031,-0.0577573623043701,-0.161721741325265,-0.189034151929705,-0.189489317259853,-0.112491921876343,-1.52469546226763
81,"interest_burden",-0.296290456919579,-0.232808008588353,-0.330371574291607,-0.326794296020843,-0.197725495439782,-0.257999040899312,-0.281104530699591,-0.276703546289803,-0.210123027699495,-2.40991997684837
82,"interest_burden",-0.192515718149231,-0.153795887741555,-0.237237118869058,-0.225476754343687,-0.0731092650462327,-0.163370158765293,-0.1837315200692,-0.176046098053568,-0.113738562706631,-1.51902108374446
83,"interest_burden",-0.216886807987297,-0.175249099328256,-0.263968188950163,-0.251028919021733,0.0032540898016666,-0.183103422359372,-0.199785681208841,-0.191679997932108,-0.126781228252059,-1.60522925523816
84,"interest_burden",-0.243244489822218,-0.205646909947015,-0.279705552286056,-0.27525158760711,0.0438822517573865,-0.195955948427303,-0.214415258932792,-0.204654498179912,-0.139757918376567,-1.71474991182159
85,"interest_burden",-0.303302093944858,-0.232738242189766,-0.329246294043312,-0.319371274893777,-0.0980156466649307,-0.241537488129493,-0.252447243646555,-0.240825413598786,-0.184439363107776,-2.20192306021925
86,"interest_burden",-0.241467683344531,-0.185892638477331,-0.273725780901928,-0.25535868165318,-0.0634421994997525,-0.182165850651276,-0.200619194619962,-0.180189580106502,-0.128958418745542,-1.711820028
87,"interest_burden",-0.252761309994677,-0.195616351820711,-0.292320528223938,-0.295403148195514,-0.00664220600138958,-0.196897598021555,-0.219658916187352,-0.199715096585346,-0.140965309836645,-1.79998046486713
88,"interest_burden",-0.254147508557451,-0.198482406369943,-0.286612787724641,-0.285709369109045,0.0171275429614728,-0.191547953303841,-0.206391480256926,-0.181070733507214,-0.123597074644052,-1.71043177051164
89,"interest_burden",-0.281268803982248,-0.207707091649167,-0.314643154594083,-0.308627139219704,-0.198689837009229,-0.218340362816445,-0.221064889176536,-0.204953590255689,-0.144307943591609,-2.09960281229471
90,"interest_burden",-0.201649976790563,-0.155828347861351,-0.240921568070757,-0.231052135235346,-0.173408780162951,-0.14089238638619,-0.155891487839087,-0.137386256223763,-0.0734920719109569,-1.51052301048097
91,"interest_burden",-0.21594165297935,-0.16987456779108,-0.268195877889792,-0.268079277267026,-0.0809211736591643,-0.155220549835381,-0.184853741235376,-0.16274306391645,-0.0948099887249975,-1.60063989329862
92,"interest_burden",-0.21902518797865,-0.181429250236149,-0.27462768345884,-0.276680345285225,0.040653261952642,-0.164149949841286,-0.182989333841563,-0.167186583451907,-0.0867277115249798,-1.51216278366596
93,"interest_burden",-0.236649242790429,-0.16637980068201,-0.285018979122318,-0.272542435474925,-0.090496158408392,-0.175059419258145,-0.199234038101321,-0.188058753372845,-0.0898144773855112,-1.7032533045959
94,"interest_burden",-0.178711604088281,-0.159345586866774,-0.23419228669438,-0.236068758517631,-0.0238434507307886,-0.148973284993364,-0.141314864911785,-0.141279894289151,-0.0515242066286839,-1.31525393772084
95,"interest_burden",-0.189741643243819,-0.176528570245343,-0.265242715054965,-0.27358114285011,-0.02458917699754,-0.160911208173007,-0.178692874788527,-0.163191315819635,-0.0747088662765883,-1.50718751344953
96,"interest_burden",-0.217051489928005,-0.206864330766813,-0.290818786396964,-0.274138832212424,-0.0688651761637941,-0.192678234637907,-0.194329620888858,-0.172495938926334,-0.102524707281965,-1.71976711720307
97,"interest_burden",-0.244806931317078,-0.2096369638001,-0.315709044293754,-0.292581122661164,-0.296609571038519,-0.202844689523363,-0.229196970331246,-0.199428611671075,-0.121776720607772,-2.11259062524407
98,"interest_burden",-0.173675655229265,-0.178915657614496,-0.255111503376292,-0.228162667833163,-0.281599577080866,-0.138345734415559,-0.155415087602021,-0.144624990141555,-0.0697787063735743,-1.62562957966679
99,"interest_burden",-0.193272956128429,-0.189710965081857,-0.289602880474954,-0.262667910765018,-0.284354681090262,-0.145232944892973,-0.19861795040879,-0.162678040314113,-0.0930637517857875,-1.81920208094218
100,"interest_burden",-0.243629826436609,-0.235185037126841,-0.332645668078743,-0.299744161845124,-0.341338621993189,-0.194504459339415,-0.241174078201821,-0.207084033116224,-0.13750385013286,-2.23280973627083
101,"interest_burden",-0.236424987258096,-0.224138860101822,-0.319340144711389,-0.30192240381322,-0.505030119037142,-0.178189536790968,-0.233972160646143,-0.201932475211445,-0.126277959005272,-2.3272286465755
102,"interest_burden",-0.0860249282767771,-0.103346557499789,-0.173759424720163,-0.154263299771482,-0.363981965369984,-0.0360070510274197,-0.0830041500122807,-0.0565962089919535,0.0156501040673006,-1.04133348160255
103,"interest_burden",-0.0241065454266642,-0.0280430722872457,-0.107973493813942,-0.0903619145392727,-0.177411944297159,0.0263055239430685,-0.033057924553677,0.0124486055199931,0.0857118189742107,-0.336488946480688
104,"interest_burden",0.0241310591940155,0.00985219109069699,-0.057936915537733,-0.0436294459601631,-0.143456633630883,0.0609222202601399,0.00660221296696131,0.0657363888612227,0.12654876059589,0.0487698378401479
105,"interest_burden",0.0522712020520828,0.0399078140610351,-0.0406086577055017,-0.0258654034746656,-0.224173041387672,0.0800767533687779,0.0321468621322498,0.0871803385988767,0.151788087912184,0.152723955557368
106,"interest_burden",0.223774580952151,0.202188337788222,0.110556781153032,0.128915952044912,-0.0299054052264954,0.243143067680574,0.203621272516981,0.24346424104953,0.311602638536091,1.637361466495
107,"interest_burden",0.247818290983031,0.23751525623756,0.132372104102711,0.159169189622414,0.045402837373564,0.275465943274988,0.227984361270218,0.268384603779857,0.346385947852691,1.94049853449704
108,"interest_burden",0.264814045872209,0.252529546656307,0.149662924135194,0.172387294693488,0.10354622886692,0.291294556170865,0.23877362019271,0.294965275947269,0.356381919569981,2.12435541210494
109,"interest_burden",0.19069404995329,0.183130372638902,0.0709191560285811,0.088424110809151,-0.0779429744801389,0.214787106985279,0.163505861839609,0.216151128988109,0.276818898124339,1.32648771088712
110,"interest_burden",0.285915631438337,0.272318834099605,0.151263194508363,0.173488124286482,0.171597362574386,0.313612219067861,0.265112367006425,0.30553314707116,0.370702145427552,2.30954302548017
111,"interest_burden",0.172304064321606,0.178253354075875,0.0329135067631049,0.0641087662173175,0.0797351722560372,0.21963017081363,0.169605610215059,0.213983495882761,0.280192517602692,1.41072665814808
112,"interest_burden",0.0675600984421015,0.0744249253390539,-0.0614208672609073,-0.0262757357801208,0.00539941779808714,0.126072865388718,0.0858143253565825,0.128734770344947,0.192517390892989,0.59282719052145
113,"interest_burden",-0.0420139952343936,-0.0336228244819449,-0.163963093872243,-0.140145692211406,-0.0299059702341021,0.00875868528256559,-0.0186145927943459,0.0216067399504783,0.090774337564362,-0.307126406031029
114,"interest_burden",0.0272441414504344,0.0139738128404573,-0.110738733158871,-0.0827609586439986,0.0879056011583482,0.0708626249127723,0.0423382217790533,0.0761595955410341,0.149005737802984,0.273990043682215
115,"interest_burden",-0.0189020252817493,-0.0167442701451124,-0.159180178936685,-0.134343434394151,0.0149174946744879,0.032331390932782,-0.000993802297861724,0.0392276053334179,0.116645853202354,-0.127041366912517
1,"debt_growth",-0.0187938472815837,-0.0190595156035311,-0.0157578638057751,-0.0151369553222687,-0.00779476194160854,-0.016635909631194,-0.0181434574086968,-0.0165268466160112,-0.0189503970500931,-0.146799554660762
2,"debt_growth",-0.0520916531121003,-0.0531983581228846,-0.0543597383865626,-0.0549616370422329,-0.0203805884143496,-0.0479818198487207,-0.0522092635296381,-0.0491480179530979,-0.0511881687553072,-0.435519245164894
3,"debt_growth",0.0290420899495624,0.0280039084704532,0.0253101613137199,0.0267495262334711,0.0147989542866724,0.0231658221650905,0.0274821496176986,0.0232831344139996,0.0277317482846475,0.225567494735315
4,"debt_growth",-0.0315322254159761,-0.0329770552812238,-0.0404790427058408,-0.0333308779678085,-0.0185019738938353,-0.0330113316938781,-0.0332459649843109,-0.0323032370624394,-0.0339028323638457,-0.289284541369158
5,"debt_growth",-0.0535919113338162,-0.0595118372855841,-0.0556755575659474,-0.0488515713489256,-0.0117622098897702,-0.0404661847289053,-0.0557293274456303,-0.0517929629081247,-0.0498251989784159,-0.42720676148512
6,"debt_growth",0.00987138912934681,0.015217111242803,0.00273410602577986,0.00409662443151196,-0.000822139336052058,0.0110452323860953,0.0127568862406109,0.00975866615745984,0.0136148936071957,0.0782727698847514
7,"debt_growth",-0.0254127576553778,-0.02907835466486,-0.0331379376082718,-0.0213811209278147,0.00997959192291609,-0.0201775901606174,-0.0222717511825755,-0.0223319099532822,-0.0277992063781139,-0.191611036607997
8,"debt_growth",-0.0328630892688031,-0.0305790860622276,-0.0324233654867292,-0.0281956954501289,0.029457628429952,-0.0233568306201344,-0.0284458250176066,-0.0241587382706729,-0.0296574195704875,-0.200222421316838
9,"debt_growth",0.048187439568806,0.0495522042291256,0.0471899502374742,0.0545205702585876,0.116774843184027,0.0527996042243293,0.0551683655550318,0.0518293889369711,0.0476707475718616,0.523693113766214
10,"debt_growth",-0.00761075913314652,-0.0096700461961203,-0.00652145682987637,-0.00504682092702862,0.0163484327855208,-0.000493533675492194,-0.0056811071226557,0.00063584246582226,-0.0056437780409145,-0.0236832266738911
11,"debt_growth",0.0696891747379571,0.0701414400974033,0.0705138775874124,0.0754961245685349,0.0550151611718897,0.0739350843892968,0.0683145479380031,0.0681564769404912,0.069075102215986,0.620336989646974
12,"debt_growth",0.0149116483419367,0.0193688750448441,0.0162318659405966,0.01719817646586,-0.0309337951415377,0.0191838592760993,0.0184014532770233,0.025616534445358,0.022735001243644,0.122713618893824
13,"debt_growth",0.0573413144016609,0.05171588233978,0.0576442269054363,0.0686740568548313,0.0769244230428921,0.0621620280306051,0.0555503240960326,0.058884323700832,0.0637340169027034,0.552630596274774
14,"debt_growth",0.0104872472085313,0.00517363216281662,0.00596947576582843,0.0167705363256982,0.0168858722127237,0.0171637712980497,0.0189473364483357,0.0224562835071321,0.0212727405862243,0.13512689551534
15,"debt_growth",0.0195975527418444,0.0170980374048537,0.0181109541897441,0.0260865484679813,0.0175081235318408,0.0248300188197677,0.0209018739201758,0.0200821856428746,0.0236335319183443,0.187848826637427
16,"debt_growth",-0.0332838775137247,-0.0303362630014752,-0.0396220358738212,-0.0332603151638044,-0.0614841713092726,-0.0286861336110312,-0.0294672072399314,-0.0218070498422673,-0.0281602479368727,-0.306107301492201
17,"debt_growth",0.0582612420332292,0.0587866366745939,0.0540239176671421,0.0729489601934347,0.096826421581829,0.0615184766573228,0.0620810127878696,0.0560839870016897,0.0600496132954065,0.580580267892517
18,"debt_growth",-0.00114134236957047,-0.00245892176666272,-0.00642380375253282,0.00375840147970545,0.0227822759639039,-0.000266304229240275,0.00395605371227233,0.00226428678100334,0.00698704766167494,0.0294576934805537
19,"debt_growth",0.0194644009136283,0.0219717700531424,0.0178687123549574,0.0356858456957665,0.0637004971046502,0.0287079477330201,0.0278327850583501,0.0147542629947056,0.0224863059147163,0.252472527822937
20,"debt_growth",-0.0526320767279771,-0.049081803909558,-0.0512588587730165,-0.0441697124368612,-0.0565470855237715,-0.040348043048239,-0.0477019476626631,-0.0474212634682969,-0.0485882627690732,-0.437749054319456
21,"debt_growth",0.000792356040490165,0.00708130385207713,0.0013736561343875,0.0174378643887815,-0.00320349091944983,0.00274175711983483,0.00978058672167733,-0.00749018209177438,0.00178374525413301,0.0302975965001572
22,"debt_growth",-0.0166251663735088,-0.0141541747543588,-0.0193800763553629,-0.00604602033304156,-0.0145394627271469,-0.0112569808416325,-0.00991930576716246,-0.0168260844608339,-0.0123058388913216,-0.121053110504369
23,"debt_growth",0.024515365314478,0.0323002340723411,0.0244826172078031,0.0455624065494466,0.0454676153788878,0.026397132224414,0.0364001412901841,0.013097333089388,0.0232265031652644,0.271449348292207
24,"debt_growth",-0.0195780441389994,-0.0166999115106751,-0.0117331516366745,-0.00705286633932842,0.0475415466172184,-0.00807415907902452,-0.0125353921681594,-0.0181967702264781,-0.0172453468374122,-0.0635740953195333
25,"debt_growth",0.0200231072895411,0.0203223961444099,0.0190407366083454,0.0336393166072991,0.0858796759804082,0.0144237928678836,0.0254455442562521,0.00596080984199867,0.0186148016388197,0.243350181234958
26,"debt_growth",-0.00263979247068604,-0.0024671525377296,0.0106546779607126,0.00978020555258542,0.0361685994919654,0.011840354696259,0.00306462008041757,0.0035860799479289,0.00982626272205824,0.0798138554435115
27,"debt_growth",0.0653757007277449,0.0705209608263335,0.0693050457124264,0.0790798446554137,0.0109167848919391,0.0577039014552114,0.0679596106147758,0.0517117926212081,0.0667537956782154,0.539327437183268
28,"debt_growth",0.013077323342226,0.00932367552102624,0.0241809689778629,0.0222008232460435,-0.0051858034418001,0.0143948979513972,0.0128792190897691,0.00852397124680613,0.0225235473951242,0.121918623328455
29,"debt_growth",0.108144912687597,0.104424163444393,0.112226012188139,0.119576131321245,0.108333032964516,0.0989552549033153,0.104201656966304,0.0889044055668287,0.114901645401098,0.959667215443435
30,"debt_growth",0.0221904077500467,0.0146220855576777,0.025343370379215,0.0241931389377089,-0.0121952837020099,0.021775244685523,0.0181238776067893,0.0178623109688708,0.0366005833900229,0.168515735573844
31,"debt_growth",0.134643170250361,0.134991796395434,0.133701605565733,0.136208704901113,0.015481942298762,0.116588432019405,0.126763055941882,0.109432920260126,0.13409047894029,1.04190210657311
32,"debt_growth",-0.000671199445591601,-0.0129087895902931,0.00446773365367095,0.00100322209838096,-0.0943206358475065,-0.00374320923076997,-0.0115253285233395,-0.0146216322567352,0.00755271432984319,-0.124767124812341
33,"debt_growth",0.135267072193136,0.124388979395394,0.131426955862391,0.134550526953337,0.0600386961026925,0.117982330041428,0.120333364839187,0.101615660305725,0.133049175488599,1.05865276118189
34,"debt_growth",0.0946326741430401,0.0754404354550673,0.098340412241406,0.092269727536943,0.0726888448949044,0.091236712129604,0.0810784472350694,0.078514700104125,0.104976485390324,0.789178439130483
35,"debt_growth",0.122821098142221,0.103493182551705,0.115210054669518,0.114339486037141,0.0597146388807941,0.103003178397406,0.105948855097106,0.0942945752795058,0.120548490513656,0.939373559569053
36,"debt_growth",0.0353722520730196,0.00724098748925283,0.0319007856225188,0.0267324927630002,-0.0529725962778121,0.0318624740099938,0.0176361582515684,0.0181530617253671,0.0412213936262668,0.157147009283175
37,"debt_growth",0.13691905681232,0.118328318120567,0.132817348133155,0.129841297128915,0.0255012992465441,0.124842718195629,0.125469245340443,0.108695290734788,0.137110402682142,1.0395249763945
38,"debt_growth",0.0719194954879897,0.0505145347628888,0.0678802476132544,0.0656040525318416,0.0306452501706649,0.0677608525883893,0.0558832865528401,0.0529919664683381,0.0789919912360316,0.542191677412238
39,"debt_growth",0.121887394916865,0.108536176503048,0.112797815625086,0.110169321745034,-0.011155182721491,0.106870861662363,0.104407700482626,0.0963567871521205,0.122906641523714,0.872777516889366
40,"debt_growth",0.00932132639066841,-0.00888355704697566,0.0087282473794533,0.0033064066320936,-0.104937644119869,0.0139033441569926,-0.00485136087351117,-0.00274634961491001,0.019685851137908,-0.0664737359581502
41,"debt_growth",0.0970257312704429,0.0840119337903729,0.0936668647496803,0.0905006099133151,0.0148464436803173,0.0907890304501918,0.0886443973421454,0.0769775705436912,0.097990581650527,0.734453163390684
42,"debt_growth",0.0594687007058627,0.0504208073913473,0.0640877694255462,0.0578277066015275,-0.0117302489421612,0.0624183213310827,0.0461366589937812,0.0468670918039173,0.0714890032503363,0.44698581056124
43,"debt_growth",0.0919438914700492,0.0838554503768605,0.0943199724569264,0.0836685099081722,-0.0122276336701914,0.0806418599236069,0.0785937632684747,0.0716050423274782,0.0985891956558293,0.670990051717206
44,"debt_growth",0.0464220885825721,0.0343506591262956,0.0447544728656768,0.0357257201845334,-0.0598006193488052,0.0293884494882673,0.0287236552756384,0.0241691922367896,0.0552784962102162,0.239012114621184
45,"debt_growth",0.124553206552448,0.117592227950142,0.121055986077716,0.111397129028221,0.0690278851218671,0.101379748434113,0.117178439680198,0.0966251770598055,0.127224118107121,0.986033918011632
46,"debt_growth",-0.0111016143111384,-0.0164567280533233,-0.00934140632056875,-0.0212651577990229,-0.0396251891709157,-0.0219104873448594,-0.0250354207017241,-0.0283797665950812,0.00215262745764049,-0.170963142838993
47,"debt_growth",-0.0341572785124969,-0.0413859526174097,-0.0307206087792383,-0.049356047978158,-0.0263955767187678,-0.0496850971567253,-0.0437726673073377,-0.0558283289868971,-0.0198984907112444,-0.351200048768275
48,"debt_growth",-0.0445041872155399,-0.0553060077588405,-0.035433596854839,-0.0466114807657785,0.0439897537862704,-0.059815299601857,-0.0539002474076303,-0.0609043495627514,-0.0284782004474717,-0.340963615828438
49,"debt_growth",0.0796129152669921,0.0649711422639788,0.0835169580334415,0.0723892245721751,0.0854873063613394,0.0487312905628124,0.0626813694153368,0.0518820934950853,0.0794563322721273,0.628728632243289
50,"debt_growth",0.0248489753296891,0.00266292552562386,0.0294551882002124,0.0209060463692385,0.0576111189679035,0.00294380314358956,0.0093785588380644,0.00101860654203609,0.0305784369663518,0.179403659882709
51,"debt_growth",0.0827960001508241,0.0661047894674971,0.0849270187446321,0.0789332404824174,0.0567303613195238,0.0619830067927738,0.0757621476419397,0.0533699665649914,0.0818115443463084,0.642418075510908
52,"debt_growth",-0.0257913223479798,-0.0389831923191974,-0.0217375229042394,-0.0146982634021843,0.059851898271959,-0.0336844329490709,-0.0292903874613675,-0.0410782751256886,-0.0178234401454634,-0.163234938383232
53,"debt_growth",0.0457552986595141,0.0271566003326067,0.0492518817757211,0.0533752865787706,0.0411951633479168,0.0275006525471891,0.037335634416609,0.0223428212701187,0.0474050675246728,0.351318406453119
54,"debt_growth",0.0452283128773796,0.03516768326469,0.0442808210789898,0.0520660021499457,0.00185344843050918,0.028681131491572,0.0380569433950816,0.0244180938209599,0.0482528089479151,0.318005245457043
55,"debt_growth",-0.00826096358966032,-0.0196253461645809,-0.000617728178092083,-0.0027318203011945,-0.0491549330084715,-0.0161737288573698,-0.0115804886842598,-0.0208353862355449,-0.00836312107092282,-0.137343516090097
56,"debt_growth",-0.0560148101048412,-0.0538103395080843,-0.0509703052504556,-0.0458757888255588,-0.0887149125151777,-0.0676793081341481,-0.0617834888569367,-0.0637365509735363,-0.0443814953433076,-0.532966999512046
57,"debt_growth",-0.0126724751777677,-0.0141721907971083,-0.00277298465210669,0.000580314630911781,-0.0546121146882693,-0.0268458498795796,-0.0161309398480471,-0.0236867034413798,-0.00360773221838608,-0.153920676071733
58,"debt_growth",-0.0408853306254511,-0.0392604450937202,-0.0361697627746955,-0.0341546208426317,-0.134129940628495,-0.0642489826784514,-0.0534099659430853,-0.053165072433626,-0.0297377158717651,-0.485161836891921
59,"debt_growth",-0.0474661897697956,-0.0470843401146563,-0.0410154116154245,-0.0436029429929807,-0.0981701276849001,-0.0696257181487197,-0.0588663999763144,-0.0646655403477904,-0.0410192757760165,-0.511515946426598
60,"debt_growth",-0.0756787932560829,-0.0716238468143635,-0.0693918491211831,-0.0696113579036242,-0.0970871046645962,-0.101771444242767,-0.0893068602549526,-0.0868442658705065,-0.0613741759355067,-0.722689698063582
61,"debt_growth",-0.0414304876582744,-0.0501138959365009,-0.0383460647649018,-0.0338320465918234,-0.032521140623275,-0.0753268931750646,-0.0530734675091262,-0.0581757795096592,-0.0354344555907059,-0.418254231359332
62,"debt_growth",-0.0594058186426405,-0.0627214454675085,-0.058818135223242,-0.0545959267305137,-0.0860845749560368,-0.0908458448337108,-0.074847839381635,-0.0750311166846687,-0.0509751984997536,-0.61332590041971
63,"debt_growth",-0.0745629896527904,-0.085808714822555,-0.0774399557442848,-0.0759452807187195,-0.0471616380838889,-0.10971513123897,-0.0873137489875038,-0.093253324405364,-0.0766626806699048,-0.727863464323981
64,"debt_growth",-0.0594890684820201,-0.0629023515336858,-0.064825147519288,-0.0539219115099213,-0.0437197800093435,-0.09919047314489,-0.0713621157917407,-0.0748576611227534,-0.0579217183552815,-0.588190227468924
65,"debt_growth",-0.0282877793144466,-0.0451753344312584,-0.0335809825821181,-0.0251593115163763,0.00171614963894617,-0.0682854076966809,-0.0426803260672594,-0.0495773340580407,-0.0326628908560154,-0.32369321688325
66,"debt_growth",-0.0447753601887462,-0.0520174433870015,-0.0519388316536319,-0.0442179805534979,-0.048337239163678,-0.0785945865120119,-0.059809238148986,-0.058794634679947,-0.0450806756397375,-0.483565989927238
67,"debt_growth",-0.0448492301237331,-0.0574302537834705,-0.0531564462382051,-0.0475832654897358,-0.0148881470882839,-0.0809690677036498,-0.0562295666495904,-0.0567776480624156,-0.0505660072203397,-0.462449632359424
68,"debt_growth",-0.0552378928453535,-0.0558902127460701,-0.0629374124557112,-0.0521304502108694,-0.0404223540686938,-0.0927622848261659,-0.0596008068606639,-0.0592494633619998,-0.0540311422825937,-0.532262019658121
69,"debt_growth",0.00800226945311064,-0.00446454611426442,0.00343062066105698,0.0134258940470147,0.0427896184380625,-0.0295492106290007,0.00407603103850134,-0.00143589093152347,-0.00118864726180354,0.0350861387011541
70,"debt_growth",-0.0257177568032571,-0.0296946182901701,-0.0289308495953313,-0.0243060305449911,0.0280829514658952,-0.0556244004708078,-0.0297955338101978,-0.0243515661064162,-0.0267018911726768,-0.217039695327953
71,"debt_growth",0.0146819142539402,0.00609266907088093,0.008910524172635,0.0183249778675741,0.0312817671766427,-0.0222463914295175,0.0103701964078798,0.0146528903529137,0.00593584970188029,0.0880043975748293
72,"debt_growth",-0.0167846257489058,-0.0168335581612515,-0.0161987443493423,-0.00674523832133775,-0.00519026649562698,-0.0490379995961146,-0.0168241952463739,-0.00983275371876098,-0.016140788316748,-0.153588169954462
73,"debt_growth",0.0580017248951823,0.0410173773061148,0.0557534647182457,0.0669572659166654,0.0620238938203317,0.0203515768328825,0.0571922612843957,0.0603003100492288,0.0521175849357212,0.473715459758768
74,"debt_growth",0.0198972145007756,0.0189167013568757,0.0157589517118434,0.0293133212013303,0.0447633233598966,-0.0104854225715216,0.0178519065778772,0.0253583132647712,0.021699365553496,0.183073674955344
75,"debt_growth",0.0447299179773402,0.0378940028424657,0.0388178160498186,0.0549490789859575,0.035588823791755,0.00920221231233267,0.0424594507543097,0.0502222265440798,0.0418929933627406,0.3557565226208
76,"debt_growth",0.0928494346107405,0.102288604698557,0.0874074472081496,0.108692608219237,0.0350366779449065,0.0516026411675701,0.10190834508106,0.0990264252484621,0.0931099303464853,0.771922114525168
77,"debt_growth",0.0816456400802423,0.068055442339306,0.075432351610486,0.100386415967389,0.0741409960957065,0.0425985422625048,0.081808052805703,0.0800433851803007,0.0728907606698274,0.677001587011466
78,"debt_growth",0.0117082979803416,0.0122704692103967,0.00275709956119659,0.0256296723397124,-0.01989096427503,-0.0156671795268667,0.00769594368454422,0.0142423283223549,0.00678000587660631,0.0455256731732559
79,"debt_growth",0.0179339963688011,0.00840358115426801,0.0111765733849246,0.0341096509554789,-0.038132746819525,-0.0126156684178973,0.0163899402389223,0.0209884144534908,0.01188407288479,0.0701378142032533
80,"debt_growth",0.0153207092957208,0.0170962749345291,0.00821643546701797,0.0321843617045959,-0.0577460642246174,-0.0189080107748212,0.0134269038411679,0.0156952093494153,0.00972580861056991,0.0350116282035784
81,"debt_growth",0.0736739334816677,0.0521736540569293,0.0581227966107557,0.0894448616260317,0.0401396636513928,0.029997885673199,0.0722814036884422,0.0701911986659544,0.0607070906570105,0.546732488111383
82,"debt_growth",0.0330810442996942,0.0256818094321097,0.0217619311664756,0.0508060076676102,0.00546289147499344,0.000354254371307201,0.0218443018514811,0.0269918659794319,0.0252858040637575,0.211269910306861
83,"debt_growth",0.00372911519140947,-0.0136480074632685,-0.00568370012482622,0.0217177019447268,-0.0443242308088972,-0.0291410552644346,-0.00364101371727742,-0.000208373042658989,-0.00193962019994645,-0.0731391834851731
84,"debt_growth",-0.00468230733127378,-0.00459954155904971,-0.0144410407909225,0.0164354589385056,-0.104217625830389,-0.0387135231202806,-0.0124380284983956,-0.00989138162173865,-0.0122938640613297,-0.184841853874874
85,"debt_growth",0.0187676218579339,0.000534291262035814,0.00855319862531284,0.040289321668967,-0.02899874140669,-0.0185007534654909,0.00488516510537462,0.00495009059523355,0.00648639870842728,0.036966592951104
86,"debt_growth",-0.0150590838416492,-0.0206004254825429,-0.0299707726403228,0.00353059045881925,-0.030246784968453,-0.0499795618473238,-0.0283601498325303,-0.0263476455097069,-0.0268836925806994,-0.223917526244409
87,"debt_growth",0.0276183644843991,0.0153226690853947,0.0158634307409751,0.0510074728111801,-0.0251836195439942,-0.0185788745233166,0.0165246223396336,0.0128380575227883,0.0187564124902655,0.114168535407325
88,"debt_growth",-0.0199758563495906,-0.0196437225860718,-0.0336505814666634,0.00751785240210504,-0.0906863442435106,-0.0602465243309597,-0.0293706600169242,-0.0342773759232157,-0.0364845470462938,-0.316817759561125
89,"debt_growth",0.0156683232972603,-0.00182668865581293,0.00012306297044545,0.0425833820593597,0.0131080634680517,-0.0252680354712003,0.00245758282887307,-0.00244216599252701,-0.00668208037421964,0.0377214441302304
90,"debt_growth",-0.0133799091549054,-0.011866961555572,-0.0309085469445153,0.0107552506085829,0.00768936482943267,-0.053921715883868,-0.0266556594726497,-0.0283437175810232,-0.0319763923838926,-0.178608287538411
91,"debt_growth",0.00748929294085786,-0.00349509567854522,-0.00742973639272299,0.0400117095257035,-0.00750522956412797,-0.0337347234209175,-0.00167901356743214,-0.00155946969672833,-0.00734448248268112,-0.0152467483365939
92,"debt_growth",0.00190039709279621,0.00804335991160042,-0.0120712280663116,0.0327817947508827,-0.127018510315851,-0.0474001390927512,-0.0114343998843495,-0.0127037019292651,-0.0109001759567674,-0.178802603490017
93,"debt_growth",0.0387691117934372,0.013981325498398,0.00943863330855118,0.0553204451156706,-0.0454300171166385,-0.0138184036398699,0.0192554738678174,0.0156030019477552,0.00865560855806886,0.10177517933319
94,"debt_growth",0.0213824695223229,0.0135920684416106,-0.00853249540369024,0.0317330565282046,-0.0747003290681714,-0.0238588691944214,-0.00242968203306523,0.00380869282055397,0.00167500487448379,-0.0373300835121723
95,"debt_growth",0.039202705342087,0.0252463054111276,0.0198279790287968,0.0694985582415312,-0.01087814113267,-0.00191737516491673,0.0236298267605418,0.0323784098661077,0.0202858640720173,0.217274132424623
96,"debt_growth",0.0217148794590664,0.0203559439795154,-0.00137578648427605,0.0430628535481463,-0.0518876401902762,-0.0182133645019093,0.00176791215424351,0.0109715988344342,0.00660284739081319,0.0329992441897574
97,"debt_growth",0.0797876890130891,0.058359890221256,0.0554613038283918,0.0976321269878196,0.0978860764159204,0.034665857997352,0.065341611696765,0.0625896043135502,0.0544235010349624,0.606147661509106
98,"debt_growth",0.0415459061663554,0.0431752600230041,0.0213799616580383,0.0615937439861277,0.0635671222809078,0.0039114350883277,0.0210573262589924,0.0356544609154134,0.0338904941194189,0.325775710496586
99,"debt_growth",0.0508215479839987,0.0383233491448795,0.0369600024816101,0.0823293415743836,0.104074430152431,0.0110531495868253,0.0407609704418326,0.051168351383105,0.0413386558311959,0.456829798580262
100,"debt_growth",0.00619485165848778,0.00210305423518431,-0.0110457825314609,0.0319420445064501,0.0510125944345699,-0.0286772103200702,-0.0101918751905906,0.00674226230412529,-0.000135996052712617,0.0479439430439829
101,"debt_growth",0.00756532040910896,-0.00716425992628743,-0.0057957284773656,0.0386784499637556,0.135558319477625,-0.0323258797026871,-0.00199737940581427,0.00732220300743582,-0.00380929561490817,0.138031749730863
102,"debt_growth",-0.0774382539233232,-0.0764392534735437,-0.0976501354660096,-0.0544396288522146,0.0451448661061926,-0.11476646804535,-0.100172220115523,-0.0784453071508519,-0.0825554834243843,-0.636761884345008
103,"debt_growth",-0.109943745479302,-0.116526482492897,-0.133577455460982,-0.0812714303675393,-0.0265999916714548,-0.150325269933172,-0.120152755486748,-0.111867726052516,-0.113956013325066,-0.964220870269678
104,"debt_growth",-0.131963254124188,-0.132400704395576,-0.155914998317637,-0.106328103448934,-0.0834653612692668,-0.169899697991397,-0.141791595152014,-0.131718647728567,-0.133105664971911,-1.18658802739949
105,"debt_growth",-0.115262292207198,-0.124369367428761,-0.139997842573957,-0.0791058904011755,-0.0260108763718923,-0.15226625579219,-0.118907421735449,-0.115903618575329,-0.117895257646191,-0.989718822732142
106,"debt_growth",-0.124651637389561,-0.121547513697134,-0.144168132479593,-0.092068087398224,-0.0494891856971237,-0.161198781623312,-0.135042451951673,-0.119825827383878,-0.11562709131145,-1.06361870893195
107,"debt_growth",-0.149582174016873,-0.155505114035799,-0.17347851485131,-0.108708858281344,-0.0593496110315812,-0.185637299706054,-0.15792703459508,-0.147636810522628,-0.145213805105979,-1.28303922214665
108,"debt_growth",-0.112948696272498,-0.114154267314479,-0.133365403821722,-0.0722066249139333,-0.102752350960437,-0.149810180742472,-0.117677122132214,-0.105678792686849,-0.102061462785381,-1.01065490162999
109,"debt_growth",-0.0902350602401981,-0.103423728315645,-0.121833136353503,-0.0482011732330276,-0.0149067971021777,-0.13532407007888,-0.0972942679268328,-0.0903756829661823,-0.0906960782889432,-0.79228999450539
110,"debt_growth",-0.0867752341559358,-0.0904354444651674,-0.107641931315025,-0.0440281841128052,-0.103996070912356,-0.129023385030672,-0.0977774567187609,-0.0778416429988593,-0.07155814847123,-0.809077498180811
111,"debt_growth",-0.0762562644355976,-0.0977518074805708,-0.101341952215834,-0.0313953109073877,-0.028179220070115,-0.12653091904583,-0.0923655964315043,-0.0761929515296132,-0.0748601283254749,-0.704874150441928
112,"debt_growth",-0.0658734341380431,-0.0820688185083804,-0.0890689529654683,-0.0217682228532748,-0.0573259204985708,-0.118769495012384,-0.09038275553645,-0.0722570886700428,-0.0602612706489388,-0.657775958831553
113,"debt_growth",-0.0251079632519802,-0.0554403912504459,-0.0676168574903315,0.00724414805490406,-0.0279763120482695,-0.0931194461516166,-0.0563070933076735,-0.0437324625345257,-0.0342229469244487,-0.396279324904388
114,"debt_growth",-0.0419962153342139,-0.0547721585330437,-0.0754826851414468,-0.00157671159398053,-0.0851113189795837,-0.0925874103882468,-0.0704796393426197,-0.0494839210399501,-0.0368028069331512,-0.508292867286237
115,"debt_growth",-0.0323309279112246,-0.0555819691109267,-0.0716300750089058,0.0105832401134189,-0.0494830206512319,-0.0994243637660666,-0.0555774639961991,-0.0451499953454797,-0.0344858993413175,-0.433080475017933
1,"real_house_price_growth",-0.0686749161521497,-0.0644739577757896,-0.0627160132398363,-0.0818714489839137,-0.0432947953434388,-0.0543497735770867,-0.0677830821406,-0.0933023800951124,-0.0658102434695927,-0.60227661077752
2,"real_house_price_growth",-0.267890517202672,-0.274644599505042,-0.269280477992079,-0.293406976456709,-0.207786073751635,-0.268649968864973,-0.31264556219492,-0.289797675395564,-0.27328650713323,-2.45738835849682
3,"real_house_price_growth",-0.259287020374398,-0.250292748551016,-0.292701116831559,-0.298135135970467,-0.147777938013548,-0.278599098149065,-0.285108912645446,-0.282953969823547,-0.264917953951621,-2.35977389431067
4,"real_house_price_growth",0.202209848135077,0.204520734479165,0.164818487648406,0.213097390513123,0.229853989941944,0.214503123945877,0.207509290523468,0.20264225281864,0.212321060119125,1.85147617812482
5,"real_house_price_growth",0.0529382852306158,0.0697323231053788,0.023959715712852,0.0679437126990922,0.0626384461057961,0.112539022646079,0.0634668102686849,0.0838617943741708,0.0883123020191861,0.625392412161856
6,"real_house_price_growth",0.0253545774259677,0.0722552540415222,0.00777801371127873,0.0338841147311279,-0.0358562365180467,0.0480493912355864,0.0296312352736863,0.0406790216570439,0.0544128021361453,0.276188173694312
7,"real_house_price_growth",-0.049940452436504,-0.0233885032055052,-0.039520205394353,-0.0474374682250972,-0.0697202890998466,-0.0527858878281812,0.00363301617567634,-0.0308006547167081,-0.0750708520405675,-0.385031296771086
8,"real_house_price_growth",-0.062205816614943,-0.0563993684783184,-0.0391317142640509,-0.0385665172162603,0.0771069242562719,-0.0437290392454536,-0.0216638860177456,-0.0514223051418626,-0.083436978224435,-0.319448700946798
9,"real_house_price_growth",0.118709869511544,0.140310193345185,0.137861672489371,0.13013792629156,0.285762127827335,0.138333977900612,0.140395943036373,0.176157919725119,0.133770082157454,1.40143971228455
10,"real_house_price_growth",0.0632634348104501,0.040574941843927,0.0792401817180587,0.0676069708774658,0.0237068934816197,0.0719870496019029,0.0565454749544363,0.067765111664798,0.0473322512546538,0.518022310207312
11,"real_house_price_growth",-0.197401131609915,-0.219687084344077,-0.187923161418726,-0.196478302005733,-0.486179260147652,-0.20928588843919,-0.202043423062302,-0.191357957529504,-0.214193637179675,-2.10454984573677
12,"real_house_price_growth",0.194533892845689,0.214564464298065,0.157102722988446,0.1836106362475,-0.0515602955895388,0.179321778151957,0.167796579042474,0.160092786574335,0.18606777782546,1.39153034238439
13,"real_house_price_growth",0.263393971726517,0.254605637626264,0.223543385024507,0.246943476790677,0.0745738707774121,0.2386285199992,0.262141286682948,0.292255235649502,0.271059966728356,2.12714535100538
14,"real_house_price_growth",0.128298843351327,0.15159814196128,0.13140127549828,0.133639252261029,0.134033684053198,0.12425431490658,0.125146700016566,0.162160705254529,0.126091998729303,1.21662491603209
15,"real_house_price_growth",-0.209199431248128,-0.203138240738384,-0.21060771348066,-0.205812215513554,-0.393951018623192,-0.218375588585592,-0.182120782859324,-0.188081535172574,-0.187870051785715,-1.99915657800712
16,"real_house_price_growth",0.141376021676251,0.159304370817507,0.111429333011049,0.143919398606226,-0.102474278009225,0.1279074345594,0.148438639720613,0.125064978552004,0.15820540177985,1.01317130071368
17,"real_house_price_growth",-0.258650396570668,-0.265747688446851,-0.276286865648921,-0.256646136450766,-0.0889872398586828,-0.245606875708102,-0.287069503512016,-0.222837922897362,-0.241097541167797,-2.14293017026117
18,"real_house_price_growth",-0.0727354766202621,-0.0751813474882562,-0.0672439331116461,-0.0527040082727217,0.242019701637686,-0.0581062738059237,-0.0646497755339215,-0.0935071872691926,-0.0680628706170264,-0.310171171081264
19,"real_house_price_growth",-0.395887010913464,-0.38295505489729,-0.362204671980211,-0.358715654242795,-0.444144199468663,-0.357797314970759,-0.350693715812801,-0.379452339566233,-0.391044929055946,-3.42289489090816
20,"real_house_price_growth",-0.0125874211398025,0.0234725803955027,-0.0146451663267757,0.00229637812322725,-0.187041188252524,0.0014041486492016,0.0331751301650467,-0.0454538874966521,-0.0192281763380213,-0.218607602220797
21,"real_house_price_growth",0.0499532997592541,0.0622487053264675,0.0560799381178641,0.0574270151587315,-0.130914894516608,0.0561572153567373,0.0697103220724599,0.0324936503834405,0.0393369889799387,0.292492240638285
22,"real_house_price_growth",0.204885871951816,0.232712091954238,0.189553202929452,0.238593756996509,0.185869400986412,0.217597422765342,0.23342039470729,0.177517796259881,0.190706193613704,1.87085613216464
23,"real_house_price_growth",-0.250771830366535,-0.204700920464598,-0.234692948630189,-0.204440212885808,-0.11038719156664,-0.220505220100182,-0.20811736651404,-0.238404333149754,-0.262748892015295,-1.93476891569304
24,"real_house_price_growth",-0.24795382838889,-0.223360741753172,-0.216202956028651,-0.234857259512883,-0.0674598127803741,-0.270358115527679,-0.247855883553886,-0.288889241825532,-0.258817962294977,-2.05575580166605
25,"real_house_price_growth",0.0338626583178417,0.0481336315962861,0.0962266808816638,0.0667161506290486,0.128261474769136,0.0401575717663539,0.0530125635599468,0.0760357434994412,0.0803692482134911,0.622775723233209
26,"real_house_price_growth",0.0908330969984993,0.0961700431398648,0.087958234580145,0.143831721366591,-0.00772663436257469,0.0894401829079052,0.105788477215572,0.107922561617715,0.117640186913395,0.831857870377114
27,"real_house_price_growth",-0.0674184047045898,-0.0702379475734061,-0.0722627576017775,-0.0529231490486319,-0.415690173178831,-0.0845562894498123,-0.0747749828855051,-0.0829876096920265,-0.0553087064063611,-0.976160020540941
28,"real_house_price_growth",0.137149008146993,0.139022746426439,0.122792867601711,0.123929137214047,-0.201596757071456,0.0979474857304123,0.101383593360021,0.0658035262087856,0.110541757206836,0.696973364823789
29,"real_house_price_growth",0.256740165761171,0.26498407703486,0.232465961425905,0.222014529084856,0.249352332173959,0.263439466124765,0.224347757483094,0.221976656177411,0.276007010353266,2.21132795561929
30,"real_house_price_growth",0.114504668363618,0.138325964702096,0.102225379911024,0.123843452441201,-0.0301557768509917,0.101487477146718,0.111371015164044,0.096020911679474,0.120395459669374,0.878018552226557
31,"real_house_price_growth",0.025199669540073,0.0179541908864653,-0.0293094131866903,5.79758237147397e-05,-0.540750959048754,-0.0507012883297873,-0.045660680262539,-0.0228954852449535,0.0174934057501598,-0.628612584072311
32,"real_house_price_growth",0.0226146909939458,-0.044187520202445,-0.00314938499521741,-0.0168339297057937,-0.293744733349656,-0.0401135368998022,-0.0626095807012573,-0.102805851722775,-0.0273677785629403,-0.568197625145941
33,"real_house_price_growth",0.232978821831195,0.155036036864534,0.210656280204307,0.172541763593872,0.154581453818004,0.219328992590074,0.15095797595952,0.150257579585017,0.225516586750967,1.67185549119749
34,"real_house_price_growth",0.289892736804786,0.225299392750437,0.247724283731356,0.242851065634242,0.386801819375733,0.265570057923774,0.232788290152393,0.234747738570124,0.276830148305845,2.40250553324869
35,"real_house_price_growth",0.0387646702689482,-0.0177184072243081,0.0319304454541515,0.0136075660150889,-0.0520234284646263,0.0114435911494564,-0.00824967319317719,0.0492306098599638,0.0668068792690285,0.133792253134526
36,"real_house_price_growth",0.311200046478587,0.237116263639199,0.292189319172374,0.276059250582167,-0.149614096979396,0.265670074678849,0.251433666112273,0.298540089900703,0.320300042334862,2.10289465591962
37,"real_house_price_growth",0.0905838134961641,0.0666145192575908,0.0809575300147516,0.0644999258420911,-0.0972990422332797,0.135183516474569,0.0334326188758984,0.0748626829441932,0.128196526369615,0.577032091041593
38,"real_house_price_growth",0.166018694763764,0.154949738781574,0.136405149269464,0.161580487097281,0.261167402862793,0.193100970733583,0.120398948994808,0.154547030654929,0.176758512172169,1.52492693533036
39,"real_house_price_growth",-0.10463858219472,-0.123160094864977,-0.139568155204332,-0.120852091074346,-0.136869603496178,-0.101402172767081,-0.151938295567563,-0.118887734391239,-0.0969016134171048,-1.09421834297754
40,"real_house_price_growth",-0.000709385802162292,-0.0426722360472518,0.00155917863154085,-0.00854395103442285,-0.411646652002421,-0.015731753658357,-0.037557067946307,-0.00977897411873804,-0.00279624193952817,-0.527877083917647
41,"real_house_price_growth",0.321725262238981,0.320716722937188,0.327058024917006,0.312826010945198,0.318784211001706,0.345950937825266,0.285835538962567,0.333920813636513,0.340947728533733,2.90776525099816
42,"real_house_price_growth",0.277373982805766,0.269979732058314,0.265183473238195,0.297099275874352,0.643539460285321,0.277727774769916,0.257546800048712,0.258873867765013,0.286597898066218,2.83392226491181
43,"real_house_price_growth",-0.305037781131659,-0.29749050238145,-0.30022814173158,-0.317289802166418,-0.174263398847721,-0.316431187361647,-0.313653360163575,-0.362096617203629,-0.300787879097505,-2.68727867008518
44,"real_house_price_growth",-0.283011054092396,-0.262825670664445,-0.273487614985324,-0.30318576378111,-0.29522961889409,-0.344443604738873,-0.279055343133063,-0.342211358456626,-0.281647916229485,-2.66509794497541
45,"real_house_price_growth",-0.207336853657118,-0.169903681338299,-0.231296947129733,-0.232322175729652,0.208102872352795,-0.263425518542088,-0.201022348593136,-0.21803087822601,-0.190886339204238,-1.50612187006748
46,"real_house_price_growth",-0.0751676590821048,-0.0953067852045871,-0.105769247846504,-0.112247571308111,0.369446915942848,-0.159309643277417,-0.0898712390135352,-0.13852284509149,-0.0936906671123674,-0.500438741993269
47,"real_house_price_growth",-0.52347244072439,-0.535282558946274,-0.496715994469893,-0.540955306231287,-0.397266902188435,-0.56800793975865,-0.522409035563949,-0.556235315286106,-0.513107262948211,-4.65345275611719
48,"real_house_price_growth",-0.190308739022287,-0.158450585367173,-0.148456722039239,-0.13796131803499,0.129415284845225,-0.220272260773483,-0.14346082428194,-0.187034137879697,-0.168672786106321,-1.22520208865991
49,"real_house_price_growth",0.218903090202109,0.20602572067698,0.251755246802849,0.26793874903468,0.550265979461537,0.176360557366406,0.237463649349425,0.182838690749196,0.22550420954649,2.31705589318967
50,"real_house_price_growth",0.175146343804022,0.118309192688322,0.233530958193347,0.238238511002991,0.0394278918410647,0.176596330007902,0.16342975621168,0.149191995677575,0.161141318339154,1.45501229776606
51,"real_house_price_growth",0.0094500954435941,-0.0124178358896925,0.018774009380642,0.0472017443972437,-0.0504495534137298,0.0498022143893253,-0.00654608265637729,-0.00724396333888142,0.0234270610778361,0.0719976893899602
52,"real_house_price_growth",0.0697588618704674,0.0772622491376149,0.0776830763229329,0.141619851452387,0.107713973208331,0.104925197039722,0.0676468152267396,0.06532395232582,0.0788366181124966,0.790770594696511
53,"real_house_price_growth",0.0460840640986056,0.090035906514456,0.0804440409337033,0.117445123218955,0.0881250867759805,0.0918664835384277,0.0350795951418461,0.0422100990952003,0.0841568429449207,0.675447242262095
54,"real_house_price_growth",-0.0327905351938773,-0.0413394712146001,-0.00264976950137067,0.0291916885861117,-0.423613616409074,-0.0133970389376941,-0.0215825455528558,-0.0587334859012293,-0.0464687149045665,-0.611383489029156
55,"real_house_price_growth",-0.205652196454617,-0.225391256130763,-0.20220708083632,-0.185980173966965,-0.370461032206861,-0.177888811052621,-0.199074968603676,-0.219765294542067,-0.228783151699958,-2.01520396549385
56,"real_house_price_growth",-0.147453566678428,-0.146458520310676,-0.136209111931992,-0.0967617852188687,-0.126215192067793,-0.160547235993733,-0.147703850608039,-0.163909518540537,-0.147224125234226,-1.27248290658429
57,"real_house_price_growth",-0.215070485902406,-0.172157636425393,-0.18907215569968,-0.147833756897745,-0.0648730952219875,-0.199955054859741,-0.221066502032525,-0.215710411878137,-0.178285876586887,-1.6040249755045
58,"real_house_price_growth",-0.154888410801638,-0.119002710046703,-0.133016261615971,-0.111194019527239,-0.124962950987111,-0.168256958846444,-0.150929700395203,-0.231793709848789,-0.162837453432433,-1.35688217550153
59,"real_house_price_growth",-0.592791705482041,-0.592947908587403,-0.593467608068382,-0.575324098685665,-0.419961255734499,-0.630004768893675,-0.593433991037917,-0.644637857638886,-0.605901306861351,-5.24847050098982
60,"real_house_price_growth",-0.172724643349104,-0.158354249348167,-0.177534468661019,-0.171931402470005,0.302593935705494,-0.245773710856725,-0.183995077370101,-0.232456344799378,-0.186582333109414,-1.22675829425842
61,"real_house_price_growth",-0.100756193542587,-0.0710931707561828,-0.0626514157543973,-0.0422125487826547,0.354555242480179,-0.136353251217437,-0.0901997366265762,-0.107198163831944,-0.0777406623315022,-0.333649900363102
62,"real_house_price_growth",0.0858864416822855,0.0615466748350236,0.0911531591373662,0.12119085408241,0.230011294635322,0.0426324031692058,0.0920436855709446,0.0617690003703885,0.0749736013795626,0.861207114862508
63,"real_house_price_growth",-0.134850536998901,-0.143260840280172,-0.155784229468875,-0.131883499335783,0.067836175753751,-0.165086671681698,-0.134319584857993,-0.161382150074008,-0.153004238295327,-1.11173557523901
64,"real_house_price_growth",-0.11327350869133,-0.127560190358455,-0.120589768204478,-0.0952167901645229,0.312143031825848,-0.156764773452007,-0.12915017725976,-0.113278063356336,-0.128919581275006,-0.672609820936046
65,"real_house_price_growth",0.00100675528388251,-0.0226336321145871,0.0236296341999906,0.0211242310076298,0.253150031862554,0.00375794509292467,-0.0097157402575644,-0.00930863165697056,0.00569357396968397,0.266704167387544
66,"real_house_price_growth",0.0480159994137496,0.0148133511194167,0.0653959035040399,0.0544420464005037,0.107785690288529,0.0705695973916732,0.0600792133138637,0.0362981654201805,0.039505728592508,0.496905695444464
67,"real_house_price_growth",-0.0321785145322775,-0.0077664025599861,-0.0383497643001886,-0.0497140292989102,0.0445163126633763,-0.0248652415763302,0.00279216802250564,-0.00665152174179181,-0.0368295150924228,-0.149046508416025
68,"real_house_price_growth",0.11421594104043,0.130460444597677,0.119320335726372,0.139079362375534,0.333608021679997,0.0905209820240699,0.166607433127133,0.177389709966804,0.10808288169333,1.37928511223135
69,"real_house_price_growth",0.0602758516014374,0.0714997636574082,0.0879860843310215,0.105662156858446,0.215623426700812,0.0719964920998579,0.0978844753734116,0.125747063173832,0.0700226717087623,0.906697985504988
70,"real_house_price_growth",0.228406209422242,0.219471394417736,0.251537448992094,0.254527940895052,0.373854511300852,0.245531043429835,0.245620931325984,0.263589799930066,0.220059772969219,2.30259905268308
71,"real_house_price_growth",-0.0214267536645948,0.0117779362054383,0.00683903166485926,0.0188151421423014,0.0778552288603116,-0.0118710929952438,0.0479505067557004,0.0570098126550542,0.00948586474881303,0.196435676372639
72,"real_house_price_growth",0.176977571977889,0.162615529212379,0.203935983991822,0.241460532762797,0.0900309048350047,0.169541719321911,0.23059769063162,0.244895048380521,0.196144777013261,1.71619975812721
73,"real_house_price_growth",0.221641635068146,0.263649212700044,0.268750640118551,0.300114525159523,0.191260317049092,0.267289511324063,0.285854096208224,0.281225445282274,0.282966529053164,2.36275191196308
74,"real_house_price_growth",0.262418568457548,0.277326575846394,0.282480949916586,0.352580539152452,0.214410413988331,0.308193061393836,0.334056625374355,0.320177641483214,0.315249817870864,2.66689419348358
75,"real_house_price_growth",0.135824817207433,0.196454529232828,0.138840066693965,0.203628401565446,0.0117027819832658,0.160009793119464,0.225838207175782,0.202274481257997,0.189282999595279,1.46385607783146
76,"real_house_price_growth",-0.0798598389483486,-0.0432674265602804,-0.0731016479953132,0.0181098406886663,-0.25568977829591,-0.0975898426810421,-0.0315760921485442,-0.0339617417031504,-0.0572148581020973,-0.65415138574602
77,"real_house_price_growth",0.0754489641347458,0.0758979027942095,0.0932937229915907,0.153264119320976,-0.032263586654674,0.0838354002050159,0.129200204727549,0.0920151521420832,0.0901800564477259,0.760871936109222
78,"real_house_price_growth",0.263253930812279,0.211093265552277,0.277995770638021,0.30535289331308,0.0870485992090636,0.278628678060425,0.295505494678131,0.227638528048421,0.257332838358185,2.20384999866988
79,"real_house_price_growth",-0.0861099858161959,-0.0787207423856424,-0.0568659619208579,-0.0545170877558869,-0.479920759979581,-0.0662924639643842,-0.0403961271565272,-0.0813230999520927,-0.0600364122635633,-1.00418264119473
80,"real_house_price_growth",0.160605225084479,0.0919161688269414,0.164858374422278,0.203086282753765,-0.137807170327348,0.131564585057188,0.187387647940642,0.12186131497052,0.164600053744245,1.08807248247271
81,"real_house_price_growth",0.148813031014497,0.14038691204635,0.16500294737372,0.232993313675315,0.176438723775444,0.16414038143481,0.158972719603176,0.152826354072694,0.178401026773307,1.51797540976931
82,"real_house_price_growth",0.0608795664056359,-0.0069396111947537,0.0611330411042198,0.144840313232811,0.172277388815953,0.0757867495691477,0.0475631123610074,0.0582566062880813,0.0919357015223535,0.705732868104456
83,"real_house_price_growth",-0.131365410864693,-0.109326177936772,-0.0829745760361971,-0.0427265044433041,-0.247104777727141,-0.0832851020121597,-0.0980426344465521,-0.135211088980538,-0.0749327442307742,-1.00496901667813
84,"real_house_price_growth",-0.186137458065961,-0.173393730960367,-0.158233584677116,-0.0863295439819057,-0.4459171321055,-0.164203430842807,-0.166648106374494,-0.214714300051814,-0.158346453138678,-1.75392374019864
85,"real_house_price_growth",-0.322796547296678,-0.358588447395171,-0.324257380076427,-0.258199513783573,-0.342799465853133,-0.326510195072788,-0.334117423371369,-0.391425020294182,-0.344058376585443,-3.00275236972876
86,"real_house_price_growth",-0.130771482755418,-0.201365715643678,-0.118704421021657,-0.0875154842583207,0.152115271307578,-0.144171456400401,-0.156385525893653,-0.189238746362321,-0.15379453042608,-1.02983209145395
87,"real_house_price_growth",-0.160421827895359,-0.0984211836589707,-0.135461371164546,-0.052441046787767,-0.0811968813826769,-0.141063503608919,-0.0963791895689444,-0.170896583865142,-0.137301270046078,-1.0735828579784
88,"real_house_price_growth",-0.0506477438484624,-0.0279299441558471,-0.0317494042265753,0.0756608494409783,-0.178414966964661,-0.0509518829383531,0.00504706584001201,-0.0343878402418144,-0.0574725263009468,-0.35084639339567
89,"real_house_price_growth",-0.0913205559394675,-0.0708627429734849,-0.0946856134311382,-0.0241348915704882,0.0185867649534039,-0.0903377723151379,-0.081874614692003,-0.116901768754225,-0.117335970603757,-0.668867165326298
90,"real_house_price_growth",0.0636242051274446,0.0470518030180647,0.0726012003316533,0.140599465710033,0.401163018038873,0.0651447840498827,0.0852856807069458,0.0666202313021657,0.0671186475919018,1.00920903587696
91,"real_house_price_growth",-0.132572662356928,-0.0801919215007254,-0.0944569410300203,-0.0244969743326162,-0.147074297672472,-0.117844735378889,-0.0747368354894475,-0.0903438260008734,-0.103005941142219,-0.86472413490419
92,"real_house_price_growth",0.151503681021767,0.185566077714864,0.173678536788567,0.290973810350788,-0.299603133992858,0.156528281163644,0.242352845757725,0.152066671019958,0.205385788873534,1.25845255869799
93,"real_house_price_growth",0.161783671954759,0.101827577177342,0.138879876363133,0.159075508827238,-0.151629121517198,0.165469167714741,0.0749679637859015,0.158844478954451,0.218251658010764,1.02747078127113
94,"real_house_price_growth",0.121761508887592,0.0907107235581835,0.106292061000732,0.128873721620694,0.272557813464141,0.113124912939689,0.0900420906830919,0.11230467580306,0.145163838049716,1.1808313460069
95,"real_house_price_growth",0.295874240156045,0.402229646985613,0.335131861378273,0.389351896301144,0.311105739521773,0.340364120947072,0.308049017084573,0.339139392974591,0.378304361456966,3.09955027680605
96,"real_house_price_growth",0.249706452389029,0.240359778208727,0.257304327874219,0.339485078186586,0.280149696851921,0.269216802735308,0.303076308925331,0.275120681666218,0.307390928559024,2.52181005539636
97,"real_house_price_growth",0.482045911240593,0.449682019276775,0.435022670532136,0.515288608916842,0.649676418450078,0.470286298913324,0.471315469198491,0.485826395139149,0.504469336942089,4.46361312860948
98,"real_house_price_growth",0.331272135432123,0.311258763900081,0.2925298921616,0.425289048451784,0.733760937596714,0.321572849184384,0.357315082342958,0.385277154775291,0.377381820434789,3.53565768427972
99,"real_house_price_growth",-0.279163512044777,-0.226712626149302,-0.226822006317722,-0.124294423090826,-0.117709548209914,-0.252365591906778,-0.253716652026609,-0.202624819771413,-0.235541851433564,-1.91895103095091
100,"real_house_price_growth",-0.194268826365038,-0.216656687886973,-0.13483488412758,-0.0832569818792046,-0.146225312704377,-0.208413149609451,-0.124267070649785,-0.147302111287095,-0.169342079591589,-1.42456710410109
101,"real_house_price_growth",-0.217487637599101,-0.208105035036008,-0.207751729047083,-0.148270998866249,0.00471254029178759,-0.194789324477005,-0.138862356201912,-0.198762422158577,-0.17812011257523,-1.48743707566938
102,"real_house_price_growth",-0.587348472669501,-0.551730375645539,-0.555325473358751,-0.510485004617324,-0.165842438644059,-0.564091140878562,-0.51674581979278,-0.547758359042798,-0.545616985120002,-4.54494406976932
103,"real_house_price_growth",-1.15472294701381,-1.11905646423367,-1.10407982478173,-1.08165101665642,-1.08538611463728,-1.12317305908126,-1.09128509618845,-1.10560689682791,-1.10422626873219,-9.96918768815274
104,"real_house_price_growth",-0.783490346548797,-0.799901620795174,-0.741690519122022,-0.70238127942065,-0.882439979429553,-0.767743843393512,-0.691100472454017,-0.736946673862333,-0.742983897246419,-6.84867863227248
105,"real_house_price_growth",-0.517440444131769,-0.501146267115527,-0.495169386753768,-0.394850231718247,-0.303711415058916,-0.44461108846091,-0.413185713106051,-0.443046008958152,-0.408665466918502,-3.92182602222184
106,"real_house_price_growth",-0.220724433715043,-0.169580439881523,-0.198598014970019,-0.0726233022315729,0.058689725202065,-0.156898503033582,-0.0992578325641923,-0.135461101448755,-0.0990481519723688,-1.09350205461499
107,"real_house_price_growth",-0.374483165276178,-0.323776878251825,-0.341965648775953,-0.235587509566344,-0.355392723464841,-0.332007871737535,-0.270396027842214,-0.271538365862462,-0.276754147188793,-2.78190233796614
108,"real_house_price_growth",-0.277054564980223,-0.264113498429631,-0.263337874792395,-0.189117358114028,-0.327296178331796,-0.299029056644676,-0.20731615186133,-0.216981218648207,-0.240803323580541,-2.28504922538283
109,"real_house_price_growth",-0.0300940996483954,-0.0268694603420843,-0.0218814121024794,0.0810072367984765,0.00461994620430256,-0.0513898035278422,0.0064425682915316,0.027170769022689,0.0429910855674378,0.0319968302636362
110,"real_house_price_growth",0.174675990808628,0.153878386703235,0.171258810107713,0.29926766399917,0.243235496164161,0.140811248250311,0.182047201263345,0.222928548231208,0.25986813270925,1.84797147823702
111,"real_house_price_growth",-0.191564150157096,-0.178408176982982,-0.143947911967889,-0.0531171119731226,-0.35309477795825,-0.213762618524578,-0.208899190643401,-0.140886112579421,-0.124225386664494,-1.60790543745123
112,"real_house_price_growth",-0.0745848419348917,-0.109349284311,-0.0613014333811609,0.0227140699854945,0.0198688558205593,-0.11876254173398,-0.104917787761438,-0.0854910324367984,-0.0348901260489309,-0.546714121802147
113,"real_house_price_growth",0.00849152685943709,0.0139055791333486,0.0173549045429305,0.0995195499415057,-0.0847601984255168,-0.0154885163684316,-0.00952634834995935,-0.00243036505678641,0.0498237846413579,0.0768899169178857
114,"real_house_price_growth",-0.0265184520823189,-0.0188735086819069,-0.0381391543234292,0.07236188590389,-0.20291636062681,-0.0461652087021898,-0.0183837354547033,-0.0179359278575395,0.0170141710535642,-0.279556290771443
115,"real_house_price_growth",-0.227211853171847,-0.167581590069634,-0.159837172551994,-0.0880342411646487,-0.312976529151423,-0.214172010011358,-0.177250051877836,-0.167072002497513,-0.168070447644052,-1.6822058981403
1,"asset_liability_ratio",-0.000886143920202298,0.000502494262067796,-0.00201393052666155,-0.001056808446584,-0.00166440825210653,-0.00228325967262062,-0.000662407108046668,-0.00260993145909546,-0.000641828634194541,-0.0113162237574439
2,"asset_liability_ratio",0.00434998905130263,0.00554678042283237,0.00273142404308441,0.00381002219420961,0.00592630770407911,0.00269744448033492,0.003118486193859,0.00112741115769719,0.00568946933354168,0.0349973345809409
3,"asset_liability_ratio",-0.00174576896186344,-0.000168295102248758,-0.00357443172946892,0.000137629659048191,0.00424495421590398,-0.0013643378056861,-0.000676244130485324,-0.0025689856231502,0.000941818108697179,-0.00477366136925339
4,"asset_liability_ratio",0.0116357212528689,0.0132699894026261,0.00838521960233588,0.0128322537086644,0.0116396653190329,0.0125893181542199,0.0120855992258263,0.0114668920573269,0.0154647501405543,0.109369408863456
5,"asset_liability_ratio",0.0164433567008403,0.0213283847104935,0.0149576779861985,0.0163087595686584,0.0115258291936534,0.0164560901566735,0.0184072774767171,0.0157432224350927,0.0220703993319265,0.153240997560254
6,"asset_liability_ratio",-0.00206429473170428,0.0025926418021523,-0.00347056547128283,-0.00167593765628327,-0.00356829384902693,-0.00193668415593492,0.000879135918032319,-0.00284881624186517,0.000598257824015551,-0.0114945565618972
7,"asset_liability_ratio",0.0101728708905582,0.0142001660634885,0.0107581692957553,0.0123169528047494,0.0100332823921501,0.0109247012615253,0.0148069468429396,0.0110975628322857,0.0129839977978526,0.107294650181305
8,"asset_liability_ratio",0.0137173802199627,0.0194910602332349,0.0168861553181859,0.0162700438306565,0.0162595596610068,0.015979597887792,0.018375900081723,0.015934917934913,0.0186201275131897,0.151534742680664
9,"asset_liability_ratio",0.0201672724313194,0.0239871825217095,0.0239036568384131,0.0239012875461282,0.0254498311776142,0.0231091511478715,0.0253324200957096,0.0232884630306058,0.0240519299395521,0.213191194728924
10,"asset_liability_ratio",0.0239956837398588,0.0284259069514319,0.0275415298865992,0.0280096913324279,0.0182445891663337,0.0260754947784224,0.0289421153920536,0.0262973555906415,0.0289769793901396,0.236509346227909
11,"asset_liability_ratio",0.0488229979149054,0.0547085051039242,0.0547954316415038,0.0539229680677205,0.042058201415822,0.0514907458967419,0.0555221890277705,0.0536747493771048,0.0566127367075145,0.471608525153008
12,"asset_liability_ratio",0.0405531163963904,0.04499808441387,0.0425576704966171,0.042024854684184,0.0250471384665972,0.0380520566501273,0.0427447240227019,0.0412717937967634,0.0456120046154313,0.362861443542683
13,"asset_liability_ratio",0.0434808504469651,0.0476899119596806,0.0476771645391913,0.0459856763383963,0.0260329507390241,0.0421222565352815,0.0498545300649921,0.0476760068203898,0.0498041009847124,0.400323448428633
14,"asset_liability_ratio",0.0358292448139871,0.0397971596740305,0.0391816522798424,0.037616624664807,0.0180756284753769,0.0350300538017655,0.0410948750491228,0.0387811875815085,0.0418015780905317,0.327208004430972
15,"asset_liability_ratio",0.0201224745301753,0.0259144651103732,0.0235442609542561,0.0210895947684549,0.00108175205019189,0.0191206038166958,0.0252996278316195,0.0220642579331695,0.0265614808044497,0.184798517799386
16,"asset_liability_ratio",0.0114229247036827,0.0143490475491508,0.012681792759173,0.0107661476856377,-0.00281457594390132,0.00867913792710108,0.0145556425290703,0.0111781479952681,0.0148487856508306,0.0956670508560128
17,"asset_liability_ratio",0.0163755864157826,0.0179777680474528,0.0184959031379997,0.014869189013626,0.0085279315830508,0.0139966931267174,0.019337620602512,0.0146014246634489,0.019905330695146,0.144087447285736
18,"asset_liability_ratio",-0.00755084714950472,-0.00443954839184006,-0.00628154467543806,-0.00988127873131211,-0.0217194608207779,-0.00971019272722823,-0.00369626126972983,-0.0114033612854416,-0.00559366352621982,-0.0802761585774923
19,"asset_liability_ratio",0.00149843521761412,0.00349814944327386,0.00389215138947524,-0.000672221907022698,-0.0135665058277276,-0.00023860782082933,0.00723549538594196,-0.00170449612169876,0.00253368138583207,0.00247608114485883
20,"asset_liability_ratio",0.00156979895337551,0.00256549735421245,0.00252799487400812,-0.00118426463006463,-0.0114130931715476,-0.00169362815243179,0.00384697040684789,-0.00370064183882486,0.000875442967391153,-0.00660592323703373
21,"asset_liability_ratio",-0.00978504975323561,-0.00852953171691059,-0.00957340407579553,-0.012501791819207,-0.0279876806418441,-0.0130623327524978,-0.00596350402261861,-0.016396434353408,-0.011084938526956,-0.114884667662473
22,"asset_liability_ratio",-0.0190077976445602,-0.0174338750809011,-0.0173376625173409,-0.0201676680523333,-0.0331233483543675,-0.0223560036862432,-0.0143873662856966,-0.0247380893557415,-0.0211545971941807,-0.189706408171365
23,"asset_liability_ratio",-0.0116189113457117,-0.00858151744874245,-0.00784561791512576,-0.0113889810389317,-0.0274507626593613,-0.0142204476661135,-0.00600854226927528,-0.0157499572881072,-0.0103690978223671,-0.113233835453736
24,"asset_liability_ratio",-0.00547199488217062,-0.0033387559047664,-0.00114970697664401,-0.00569078209223434,-0.0146516107609669,-0.0072190755629992,0.000258853772716831,-0.0108633991654492,-0.00277809537522012,-0.050904566947734
25,"asset_liability_ratio",0.0060893026138085,0.00891037867290065,0.0135923671634246,0.00836758047176051,-0.00499403201924161,0.00675834743291619,0.0126785536870538,0.00552419162019052,0.0129436843735268,0.06987037401634
26,"asset_liability_ratio",0.00400717702483273,0.00541837575402594,0.00976068988511626,0.00518190567479383,-0.0111012761822725,0.00314105968971306,0.00936772838438801,0.00146464799719637,0.00838676955880871,0.0356270777866024
27,"asset_liability_ratio",0.00257236531983218,0.0029552847263404,0.00749601042951182,0.00337491254926528,-0.0166666738551064,0.00248993050843752,0.00632684048561139,7.26401054994777e-05,0.00622768420082801,0.0148489944702196
28,"asset_liability_ratio",0.00841137284329445,0.00915780361492716,0.0128850029828282,0.00913460687319624,-0.0149129750246765,0.00843120870032655,0.0128650322966259,0.00622166133681535,0.013226850708788,0.0654205643321253
29,"asset_liability_ratio",-0.000721655304883038,0.000752578945665549,0.00564631857210079,0.000215640901269036,-0.0220488566939256,-2.58166766733628e-05,0.00455050498094054,-0.000189100612626756,0.00438051017539089,-0.00743987571274193
30,"asset_liability_ratio",-0.00341450791523684,-0.00369256458673062,-0.000221355111713915,-0.00375322365438948,-0.0384250262641878,-0.00504596021773413,-0.0014756724705686,-0.00775647265651789,-0.000488299999739614,-0.0642730828768189
31,"asset_liability_ratio",-0.00457365245642563,-0.00780152554652811,-0.00120832524076616,-0.0056499582106941,-0.0356151984947378,-0.00617884938530652,-0.00493920684128854,-0.010419809350183,-0.00274682131397049,-0.0791333468399004
32,"asset_liability_ratio",0.00460099774395573,0.00332808589684483,0.00776823411291779,0.00353610207376446,-0.0276730364926615,0.00222402667265976,0.00496721921193062,-0.00146078957774153,0.0092025593426224,0.0064933989842926
33,"asset_liability_ratio",0.0132564556666729,0.0126329572027655,0.0203674927316206,0.0145800904239784,-0.0191408718813628,0.0152933885603551,0.0159613200657086,0.012127924756805,0.0224139463258303,0.107492703852374
34,"asset_liability_ratio",0.0195990908881753,0.0195329616033074,0.0276348612654531,0.0223718688405888,-0.00928138383234958,0.0216671770604371,0.0237500576539993,0.0205643453668697,0.0301805903062919,0.176019569152773
35,"asset_liability_ratio",0.0201249496451545,0.0178459985263517,0.0276651453298206,0.0212633248795834,-0.0133091347937828,0.023236427675853,0.0202633766253267,0.0197282179085723,0.0302671907118337,0.167085496508713
36,"asset_liability_ratio",0.0358360199300837,0.0331413702197292,0.0420508366237422,0.0380198146873012,0.00282371359612903,0.0408678789195063,0.0360095079563219,0.0362014305854641,0.0491313951005065,0.314081967618784
37,"asset_liability_ratio",0.0141923579371917,0.0115487489724481,0.0179059732795705,0.0139045331081675,-0.0140793636000449,0.0184061951830584,0.0127242494575817,0.0130291412084588,0.0250165181314778,0.11264835367791
38,"asset_liability_ratio",0.0209602513369385,0.0202368082933058,0.0257463876204962,0.0237075947697084,-0.00715479645237938,0.0270097103989071,0.021115685320215,0.0224592517530394,0.0335789408709024,0.187659833911134
39,"asset_liability_ratio",0.0246464463666078,0.0237462464807,0.031098219270944,0.0282342017116183,-0.0125589079845286,0.0312174485001903,0.0245062211117173,0.0269776263688686,0.0389761909951514,0.216843692821269
40,"asset_liability_ratio",0.0396429374520789,0.0384957608980568,0.0453400984397359,0.043848499145704,0.00476096384998119,0.0453200732819471,0.0387300131165593,0.0399391200440792,0.0547943237389592,0.350871789967101
41,"asset_liability_ratio",0.0384360752239097,0.0354199343876832,0.0451940081807652,0.0437983194509867,0.0182762086453982,0.044805546218568,0.0367481533322971,0.0403406584388254,0.0530098490212551,0.356028752899689
42,"asset_liability_ratio",0.0314230514713473,0.0291368259404388,0.0383015270724988,0.0377279246613241,0.0072149313839873,0.036942989512422,0.0301824912977053,0.0343106179342451,0.0465006545597978,0.291741013833766
43,"asset_liability_ratio",0.00546786581899243,0.00268393172067137,0.0099278058804679,0.00908295174349347,-0.0178005942021431,0.00866535747676871,0.0043253687642727,0.00512549727774036,0.0176477500377395,0.0451259345180034
44,"asset_liability_ratio",-3.29967862835279e-05,-0.00158387096828594,0.00418383359686998,0.00425092119128535,-0.0127123398241456,0.00301455435135131,-0.000385182118838678,0.00115597248179575,0.013273598042413,0.0111644899661617
45,"asset_liability_ratio",-0.0117917451008966,-0.0169926884905229,-0.0105561945257664,-0.0105070553510336,-0.0151402336105086,-0.0118279578313021,-0.0158620523996783,-0.0144100009227616,-0.00349585274224947,-0.11058378097472
46,"asset_liability_ratio",-0.0190718919120681,-0.0253353783509636,-0.0185274783178063,-0.0185260966304208,-0.0264455170531286,-0.0202937083633057,-0.0234148314088483,-0.0221623795746141,-0.0109208679137431,-0.184698149524898
47,"asset_liability_ratio",-0.0309845619339617,-0.0356788291146264,-0.0260721468477835,-0.0293816359181359,-0.0310397808489888,-0.0319536108166961,-0.0328791162463469,-0.031234433690236,-0.0223332308968588,-0.271557346313634
48,"asset_liability_ratio",-0.0343848404989252,-0.0383167759265036,-0.0263885605991898,-0.0297405428814729,-0.0174892664485121,-0.0339576597430662,-0.0343221004726668,-0.0325279363667439,-0.0277720869544922,-0.274899769891573
49,"asset_liability_ratio",-0.0254061004237289,-0.0314571665786798,-0.0174950856392315,-0.0192468068207509,-0.0181881968573527,-0.0229151478390534,-0.0282117514310429,-0.024278688632176,-0.0203025512920462,-0.207501495514062
50,"asset_liability_ratio",-0.0170116873743839,-0.022648749653252,-0.00908966655573186,-0.00969698063720284,-0.0155392407667363,-0.0130195018422215,-0.0208471926147827,-0.0159562413429022,-0.0101762173789119,-0.133985478166125
51,"asset_liability_ratio",-0.0195647248702276,-0.0238729976295912,-0.0115155893886961,-0.0119199834182965,-0.0157925743781904,-0.0144470744413383,-0.0248857418469747,-0.01801603399888,-0.0128553519034611,-0.152870071875656
52,"asset_liability_ratio",-0.00959735200488149,-0.0120343324507273,-0.00142962803884257,-0.00101122678534133,-0.0107287600367238,-0.00379853236447325,-0.0139928459170823,-0.00859359536879453,-0.000672943377038127,-0.0618592163439047
53,"asset_liability_ratio",-0.0191930291479721,-0.0200496804204771,-0.0103582519635035,-0.00884582280198435,-0.0272680309012932,-0.00919592162790374,-0.0206056140524869,-0.0150632150200377,-0.00835958205566052,-0.138939147991319
54,"asset_liability_ratio",-0.0162021502793235,-0.0161604772019193,-0.0076658766357576,-0.00286224776686224,-0.0248969810437388,-0.00374461713148223,-0.0167064894026723,-0.00921007229803521,-0.00517318259651237,-0.102622094356304
55,"asset_liability_ratio",-0.0137093295086446,-0.0133905042330438,-0.00537295516802704,0.00069238738030538,-0.0169132746087075,-0.00192717735296627,-0.0159560785382252,-0.00719063757139161,-0.00161674138855929,-0.0753843109892599
56,"asset_liability_ratio",-0.0160150941488055,-0.0145566245643692,-0.00628551560033986,0.000365377287951229,-0.0213468489285134,-0.00364307102626692,-0.0160342030600051,-0.00758418340192869,-0.00128081347291407,-0.0863809769151915
57,"asset_liability_ratio",-0.0251919216392151,-0.0232554040973879,-0.0166270983573183,-0.00944190762223102,-0.0269254920378735,-0.0137003976461992,-0.0242129249099293,-0.0189404175025096,-0.0119655591290136,-0.170261122941678
58,"asset_liability_ratio",-0.0463120691521426,-0.0448279006532721,-0.0397208907553411,-0.0306006012111812,-0.0466192316987145,-0.036627749980608,-0.0454688209359876,-0.039951138493703,-0.0356448238434977,-0.365773226724448
59,"asset_liability_ratio",-0.0447870213059604,-0.0414795494331685,-0.0362493828032516,-0.0293044225501292,-0.0329315366521784,-0.0367501673212001,-0.0443860164571737,-0.0385526239514719,-0.0335065646860637,-0.337947285160598
60,"asset_liability_ratio",-0.0343732458121899,-0.0326336138978641,-0.0243876078428629,-0.0167356205360001,-0.0173572909876218,-0.0254327136764959,-0.0321435015438484,-0.0255566253796676,-0.0209723882797038,-0.229592607956255
61,"asset_liability_ratio",-0.0390863541630141,-0.0378050423315296,-0.0302551775607626,-0.0234689570336001,-0.0254613042122485,-0.030383392920806,-0.0363696219276056,-0.0321802932425648,-0.0271387450818456,-0.282148888473977
62,"asset_liability_ratio",-0.0388842750786364,-0.0377801641323254,-0.0303560682832102,-0.0226453786517131,-0.0203951378053505,-0.0295794326093351,-0.0369312396055765,-0.0312766035640647,-0.0278851294978696,-0.275733429228081
63,"asset_liability_ratio",-0.0453035065958654,-0.043009145354686,-0.0362431081314009,-0.0303250698378997,-0.0182103920320483,-0.037606207840163,-0.0441943887905827,-0.0374972530172299,-0.0346036595159063,-0.326992731115782
64,"asset_liability_ratio",-0.0349482969263401,-0.0330896947439008,-0.0246313345444247,-0.0179255578435194,-0.00695669309113608,-0.023326637853504,-0.0321752580278224,-0.0246399299772427,-0.0216100398913286,-0.219303442899219
65,"asset_liability_ratio",-0.0371211785675292,-0.0322102339239845,-0.0265257892209184,-0.0205236959498725,-0.0150886355458979,-0.0241115794900703,-0.0322412606464947,-0.0263855982234807,-0.0216204339128818,-0.23582840548113
66,"asset_liability_ratio",-0.03261936962922,-0.0276071623110194,-0.0217178280956349,-0.0165648379702333,-0.00946242750567616,-0.0192927158398573,-0.0274935759897641,-0.020034081685222,-0.0178839895553349,-0.192675988581962
67,"asset_liability_ratio",-0.032477389315827,-0.0265927967363184,-0.0204966750484745,-0.0155637500549738,-0.00441596576749279,-0.0182452764944886,-0.0262390341624819,-0.0169710857000187,-0.0165218275879564,-0.177523800868032
68,"asset_liability_ratio",-0.0266132139989961,-0.0220173610123436,-0.013743265859463,-0.00871461218431372,0.000225188950352398,-0.01052797421056,-0.019854638747478,-0.00884035374396006,-0.0107862982007787,-0.120872529007541
69,"asset_liability_ratio",-0.0176122712324546,-0.011214101890293,-0.00475977203150085,0.00041218465182556,0.00706260022711786,-0.000637612305811417,-0.0100830861233151,-0.000334203477289725,-0.000287820411503886,-0.0374540825932251
70,"asset_liability_ratio",-0.0163078472612145,-0.0106943970829068,-0.00150357014440714,0.0033252510125882,0.01329178966311,0.00180791652383677,-0.00784223999821699,0.00427808425609944,0.00164121391982832,-0.0120037991112827
71,"asset_liability_ratio",-0.0123854073069725,-0.00703686730903673,0.00435974715634567,0.00869019746259574,0.0142308389305588,0.00680043967098257,-0.003631802263622,0.0111712570915483,0.00711469012861773,0.0293130935610176
72,"asset_liability_ratio",0.00549847294600907,0.011576510042405,0.0226015911565997,0.0286347512151834,0.0281248736651573,0.0275430640302908,0.015397815180582,0.030954700458186,0.0290993333760814,0.199431112070495
73,"asset_liability_ratio",-0.00390742259186509,0.00242861340735982,0.0125664966857983,0.0187013524676147,0.0141497319658362,0.0188370105222736,0.00679832333175064,0.0220262018306861,0.0186814535178121,0.110281761137266
74,"asset_liability_ratio",-0.0138233112054524,-0.00560665879919436,0.0035502871653496,0.00904350904710728,0.00329371078212616,0.00944578378649099,-0.00402488671454485,0.0133542499882446,0.00801365387177078,0.0232463379218977
75,"asset_liability_ratio",-0.0130991211611976,-0.00504320205224312,0.00594119086626118,0.0113099926574809,0.00101916827774215,0.0113034339268486,-0.00183506400782478,0.0166879948043217,0.0103121558910057,0.0365965492023948
76,"asset_liability_ratio",-0.0184415548719071,-0.0136730118440949,-0.00140380529767475,0.00461557279879604,-0.00591641510577844,0.00630890310172511,-0.00933082793834753,0.00837950709413946,0.00232726701791364,-0.0271343650452285
77,"asset_liability_ratio",-0.0253287981660852,-0.0200394458002092,-0.00775321335101971,-0.00194154664197355,-0.0141676316321386,0.000591743027412951,-0.0148057317812449,0.00105984482378889,-0.0044186706274909,-0.0868034501489602
78,"asset_liability_ratio",-0.0157402627452057,-0.010561833202783,0.00444377553143431,0.00821274735469444,-0.0116867392665592,0.0114089492567104,-0.00501441075961035,0.0137210688249851,0.00744002988111934,0.00222332487478541
79,"asset_liability_ratio",-0.0151395717913884,-0.0101988262288025,0.00571763398180431,0.0108364988429851,-0.0112074235861688,0.013586514257249,-0.00365503463271703,0.0157061769853693,0.0106555515750474,0.0163015194033784
80,"asset_liability_ratio",-0.00921683641834274,-0.00233265261119626,0.0141415112173424,0.0196071397297047,0.00014696530275427,0.022754935788213,0.00370743192185351,0.0248086165651761,0.0193403141971725,0.0929574256926777
81,"asset_liability_ratio",-0.0127495409390961,-0.00936218425479508,0.00882009182713396,0.0158288118115275,-0.00250953892639039,0.0193578040762038,-0.00251931640784023,0.0195100471858348,0.0142731847805565,0.0506493591531349
82,"asset_liability_ratio",-0.0172576197009912,-0.0117614354783877,0.00564614347121743,0.0121682850933904,-0.00559354901298364,0.0170825098006878,-0.00680163883296944,0.0169046784676269,0.0127858293468329,0.0231732031544234
83,"asset_liability_ratio",-0.0269627901903663,-0.0201181523185956,-0.00396393958934794,0.00155676076425767,-0.0179050856989758,0.00789274058965758,-0.0150901473874566,0.00724347148308482,0.00339005626653707,-0.0639570860812051
84,"asset_liability_ratio",-0.0286826657017886,-0.0229512131673718,-0.00724909280764517,-0.000697260567265687,-0.0185840546920805,0.00608155438815107,-0.0183261574252727,0.00385893154694173,-0.00012454140635915,-0.0866744998326908
85,"asset_liability_ratio",-0.0279216021505698,-0.0186778711986569,-0.00461157254262705,0.00242056775116678,-0.0118270041932786,0.00858277562733481,-0.0155955312850558,0.00594993964449667,0.00275096891655331,-0.0589293294306366
86,"asset_liability_ratio",-0.0250350302631681,-0.0161806851139286,9.64689607770415e-05,0.00611769360979923,-0.00684125828106851,0.0132777372836192,-0.0124291888037068,0.0108201997114845,0.00630969584763913,-0.0238643670485528
87,"asset_liability_ratio",-0.0520093798727434,-0.0423948433890765,-0.0276906425265152,-0.0205293041021558,-0.03632231586051,-0.0136506834281673,-0.0369640777838522,-0.015374226017983,-0.022142965004272,-0.267078437985275
88,"asset_liability_ratio",-0.0348887128959475,-0.0266958182561684,-0.0129155771937269,-0.00315395845673834,-0.0178613968687151,0.00451379389595557,-0.020372044166271,0.00106786848469281,-0.00533684280901772,-0.115642688265937
89,"asset_liability_ratio",-0.0316686965659482,-0.0227685273210096,-0.00794559854189759,0.000427829921595533,-0.00810628629296128,0.00912742234775047,-0.0168883879684562,0.00524937970773739,-0.000178791638367366,-0.0727516563515569
90,"asset_liability_ratio",-0.0317097403458337,-0.0211266554452793,-0.00511551704355506,0.00267421324499226,-0.00900325877264883,0.0110956222969669,-0.0155201489533339,0.00914653789064579,0.00246065095835322,-0.0570982961696927
91,"asset_liability_ratio",-0.0246545657546091,-0.0155636355024921,0.00168991685235304,0.0123030091257855,-0.00817204613947287,0.019985605641235,-0.00616390143231017,0.0175949725742084,0.0116654116890421,0.0086847670537398
92,"asset_liability_ratio",-0.0500138634960487,-0.0386163389656115,-0.0244728479616176,-0.0143507714205925,-0.0364082558873025,-0.00463674665258026,-0.0310819033906629,-0.00712446743851082,-0.0137689487329986,-0.220474143945925
93,"asset_liability_ratio",-0.0364123941774338,-0.0270040627922546,-0.0127596611803335,-0.00103289700818621,-0.0161951833388696,0.0113080266620815,-0.022447114074981,0.00680300712848378,0.003885945561176,-0.0938543332203175
94,"asset_liability_ratio",-0.0236522831552411,-0.016202936859676,0.00152402470599557,0.0134728523711206,-0.0106883200426146,0.0259952737436258,-0.00784747171786777,0.021177611023914,0.018782914247505,0.0225616643167616
95,"asset_liability_ratio",-0.0182925569723356,-0.0112581294555353,0.00638645694792286,0.0171791340795471,-0.00516817999366685,0.0339834490246894,-0.00153280970461774,0.0271835435284235,0.0256513364421923,0.0741322438966198
96,"asset_liability_ratio",-0.00545314627206765,0.000330268344896642,0.0184400648429071,0.0307858059530907,0.0175003810268578,0.0478133140688416,0.010101117542379,0.0421802696674766,0.0386439073185637,0.200341982492946
97,"asset_liability_ratio",-0.00395859551696945,0.00414454267360156,0.0233978846867696,0.0368859381899781,0.0283482644268434,0.0531211101813436,0.0126666254193405,0.0475276726177163,0.0441785734106878,0.246312016089311
98,"asset_liability_ratio",-0.0102935360612785,-0.001132743556768,0.0206016182178274,0.030604475189786,0.0243980237275726,0.0450876643478462,0.00794384444420716,0.043093130974315,0.0375217678529549,0.197824245136463
99,"asset_liability_ratio",0.000432348363614035,0.00906941114504796,0.0332228452799198,0.0439286706121912,0.0314512682329378,0.0592601522918108,0.0216700032638465,0.0567200884361521,0.0525502726208204,0.308305060246341
100,"asset_liability_ratio",-0.022194551688097,-0.0151930561389705,0.0106667715843614,0.0190926833720547,0.0164950277119291,0.0367093343881871,-0.0029071850063203,0.0342186596193306,0.0275996637778768,0.104487347620352
101,"asset_liability_ratio",-0.0598038447880713,-0.0514235922255713,-0.0273105180086647,-0.0208323310075301,-0.0141693872065073,-0.00175411128805137,-0.0400965692252078,-0.00302480223832063,-0.0134794108329894,-0.231894566820914
102,"asset_liability_ratio",-0.0717336664254784,-0.0626665298717344,-0.0394509999669738,-0.0319868615945414,-0.0266686470052756,-0.0111721473352311,-0.0496250598749639,-0.0125723625664438,-0.0240267222565913,-0.329902996897234
103,"asset_liability_ratio",-0.0673170450348579,-0.0561552352719722,-0.0337882121703086,-0.0271397500994911,-0.0299778882297426,-0.00425998584463564,-0.0431187150570282,-0.00696374983508761,-0.0154932952663461,-0.28421387680947
104,"asset_liability_ratio",-0.0572315083186973,-0.0453813090292145,-0.022878966482853,-0.0123066585338778,-0.0166839543098626,0.0102547801999461,-0.0274171722514289,0.00889495666879611,0.000600611556930931,-0.162149220500261
105,"asset_liability_ratio",-0.0542134367068108,-0.0407237506937327,-0.0184249984371472,-0.00801495584440967,-0.0147759477323195,0.0154924354683284,-0.0223598175294139,0.0156655233526687,0.00603368615590324,-0.121321261966933
106,"asset_liability_ratio",-0.065690453352397,-0.054318866782066,-0.0317608431174026,-0.0184451668320502,-0.0332059339270927,0.00599086164790348,-0.0317881869939057,0.0057967124087237,-0.00602042596143502,-0.229442302909722
107,"asset_liability_ratio",-0.0571941772958891,-0.0449423909274929,-0.0223919013880527,-0.0106042703578231,-0.0268958501558712,0.0145578111625366,-0.0228306285552991,0.0150289573510997,0.00304819208846279,-0.152224258078329
108,"asset_liability_ratio",-0.0354967511535687,-0.0263447167715713,-0.00114630758522602,0.0153788031155391,-0.00483832982553718,0.0399136033871023,0.000190374790983689,0.0396184171405785,0.028594307622521,0.0558694007208213
109,"asset_liability_ratio",-0.0299151874956213,-0.0211171689120341,0.00544541718938452,0.0224271291644074,0.00206460697857801,0.0465482849316102,0.00388112113910931,0.0470815099750212,0.0362799216176111,0.112695634588066
110,"asset_liability_ratio",-0.0247172245777253,-0.0189241528621182,0.00979049742788546,0.0297311949365314,-0.00341660875522238,0.052367712113447,0.00722326183551268,0.054033934301126,0.041674203687042,0.147762818106479
111,"asset_liability_ratio",-0.0274010783635994,-0.0219142819203047,0.00524496890396012,0.0260517915780542,-0.0069061293620039,0.0494985998778817,0.00454692150163737,0.0497874841878089,0.0382545016216799,0.117162778025114
112,"asset_liability_ratio",-0.0377715250001861,-0.0282759639669938,-0.00388182087707767,0.0150327232163911,-0.0126275177362386,0.0411583095322248,-0.00731241935997804,0.0394921593394624,0.0282478862032322,0.0340618313508363
113,"asset_liability_ratio",-0.0281639732489816,-0.0170542504342107,0.00620788620485306,0.0278511306950191,-0.015578768568544,0.0529772135949266,0.00390339178939703,0.0522432104993735,0.0420358492727468,0.12442168980458
114,"asset_liability_ratio",-0.0267153223725224,-0.0155904839261836,0.00983592353734146,0.029472270984239,-0.0109814064129605,0.055689839668026,0.00504416338696661,0.0559929114847857,0.0430068295290798,0.145754725878772
115,"asset_liability_ratio",-0.0259709989904402,-0.0120625156263585,0.0122506573029826,0.032443986142513,-0.0117545303875233,0.0594111082039947,0.0090453705919463,0.0602389092270969,0.0466301319579253,0.170232118422137
