type of use,quarter,"Constant prices, reference year 2025, SEK million"
- GDP at market prices,1980K1,NA
- GDP at market prices,1980K2,NA
- GDP at market prices,1980K3,NA
- GDP at market prices,1980K4,NA
- GDP at market prices,1981K1,656344
- GDP at market prices,1981K2,683414
- GDP at market prices,1981K3,633457
- GDP at market prices,1981K4,733612
- GDP at market prices,1982K1,672896
- GDP at market prices,1982K2,697395
- GDP at market prices,1982K3,630053
- GDP at market prices,1982K4,744328
- GDP at market prices,1983K1,678695
- GDP at market prices,1983K2,701639
- GDP at market prices,1983K3,647692
- GDP at market prices,1983K4,770307
- GDP at market prices,1984K1,726877
- GDP at market prices,1984K2,734752
- GDP at market prices,1984K3,668776
- GDP at market prices,1984K4,789177
- GDP at market prices,1985K1,722989
- GDP at market prices,1985K2,753821
- GDP at market prices,1985K3,698153
- GDP at market prices,1985K4,811891
- GDP at market prices,1986K1,757386
- GDP at market prices,1986K2,780201
- GDP at market prices,1986K3,714378
- GDP at market prices,1986K4,827511
- GDP at market prices,1987K1,777342
- GDP at market prices,1987K2,803462
- GDP at market prices,1987K3,742992
- GDP at market prices,1987K4,861545
- GDP at market prices,1988K1,812238
- GDP at market prices,1988K2,827148
- GDP at market prices,1988K3,750957
- GDP at market prices,1988K4,876041
- GDP at market prices,1989K1,825551
- GDP at market prices,1989K2,852288
- GDP at market prices,1989K3,774967
- GDP at market prices,1989K4,897290
- GDP at market prices,1990K1,835747
- GDP at market prices,1990K2,860356
- GDP at market prices,1990K3,774755
- GDP at market prices,1990K4,895100
- GDP at market prices,1991K1,830003
- GDP at market prices,1991K2,842348
- GDP at market prices,1991K3,771074
- GDP at market prices,1991K4,884560
- GDP at market prices,1992K1,838249
- GDP at market prices,1992K2,834697
- GDP at market prices,1992K3,773975
- GDP at market prices,1992K4,845796
- GDP at market prices,1993K1,793425
- GDP at market prices,1993K2,817047
- GDP at market prices,1993K3,751745
- GDP at market prices,1993K4,870336
- GDP at market prices,1994K1,820938
- GDP at market prices,1994K2,846166
- GDP at market prices,1994K3,774618
- GDP at market prices,1994K4,920643
- GDP at market prices,1995K1,869545
- GDP at market prices,1995K2,881478
- GDP at market prices,1995K3,801074
- GDP at market prices,1995K4,947936
- GDP at market prices,1996K1,891400
- GDP at market prices,1996K2,891161
- GDP at market prices,1996K3,818310
- GDP at market prices,1996K4,958828
- GDP at market prices,1997K1,880002
- GDP at market prices,1997K2,935613
- GDP at market prices,1997K3,851518
- GDP at market prices,1997K4,1001671
- GDP at market prices,1998K1,926112
- GDP at market prices,1998K2,962347
- GDP at market prices,1998K3,890190
- GDP at market prices,1998K4,1045926
- GDP at market prices,1999K1,962511
- GDP at market prices,1999K2,1003976
- GDP at market prices,1999K3,928839
- GDP at market prices,1999K4,1089924
- GDP at market prices,2000K1,1003634
- GDP at market prices,2000K2,1060346
- GDP at market prices,2000K3,976449
- GDP at market prices,2000K4,1129383
- GDP at market prices,2001K1,1044884
- GDP at market prices,2001K2,1068858
- GDP at market prices,2001K3,982165
- GDP at market prices,2001K4,1130648
- GDP at market prices,2002K1,1053014
- GDP at market prices,2002K2,1111285
- GDP at market prices,2002K3,1008718
- GDP at market prices,2002K4,1149807
- GDP at market prices,2003K1,1078271
- GDP at market prices,2003K2,1117884
- GDP at market prices,2003K3,1030144
- GDP at market prices,2003K4,1177838
- GDP at market prices,2004K1,1114940
- GDP at market prices,2004K2,1168799
- GDP at market prices,2004K3,1071081
- GDP at market prices,2004K4,1233392
- GDP at market prices,2005K1,1129431
- GDP at market prices,2005K2,1212120
- GDP at market prices,2005K3,1105964
- GDP at market prices,2005K4,1268853
- GDP at market prices,2006K1,1195663
- GDP at market prices,2006K2,1257543
- GDP at market prices,2006K3,1151148
- GDP at market prices,2006K4,1332555
- GDP at market prices,2007K1,1242854
- GDP at market prices,2007K2,1301927
- GDP at market prices,2007K3,1183869
- GDP at market prices,2007K4,1367467
- GDP at market prices,2008K1,1256142
- GDP at market prices,2008K2,1326346
- GDP at market prices,2008K3,1179015
- GDP at market prices,2008K4,1287571
- GDP at market prices,2009K1,1176228
- GDP at market prices,2009K2,1243722
- GDP at market prices,2009K3,1127380
- GDP at market prices,2009K4,1286875
- GDP at market prices,2010K1,1202048
- GDP at market prices,2010K2,1314346
- GDP at market prices,2010K3,1207881
- GDP at market prices,2010K4,1387934
- GDP at market prices,2011K1,1286182
- GDP at market prices,2011K2,1361354
- GDP at market prices,2011K3,1248206
- GDP at market prices,2011K4,1378212
- GDP at market prices,2012K1,1288490
- GDP at market prices,2012K2,1350008
- GDP at market prices,2012K3,1234704
- GDP at market prices,2012K4,1378896
- GDP at market prices,2013K1,1283431
- GDP at market prices,2013K2,1364226
- GDP at market prices,2013K3,1247609
- GDP at market prices,2013K4,1416583
- GDP at market prices,2014K1,1312852
- GDP at market prices,2014K2,1394227
- GDP at market prices,2014K3,1278486
- GDP at market prices,2014K4,1448233
- GDP at market prices,2015K1,1350222
- GDP at market prices,2015K2,1469848
- GDP at market prices,2015K3,1326819
- GDP at market prices,2015K4,1525357
- GDP at market prices,2016K1,1382413
- GDP at market prices,2016K2,1505481
- GDP at market prices,2016K3,1349901
- GDP at market prices,2016K4,1555337
- GDP at market prices,2017K1,1442171
- GDP at market prices,2017K2,1510404
- GDP at market prices,2017K3,1369000
- GDP at market prices,2017K4,1580632
- GDP at market prices,2018K1,1460096
- GDP at market prices,2018K2,1547452
- GDP at market prices,2018K3,1389206
- GDP at market prices,2018K4,1609937
- GDP at market prices,2019K1,1490355
- GDP at market prices,2019K2,1580389
- GDP at market prices,2019K3,1432969
- GDP at market prices,2019K4,1659646
- GDP at market prices,2020K1,1532452
- GDP at market prices,2020K2,1467269
- GDP at market prices,2020K3,1409912
- GDP at market prices,2020K4,1634540
- GDP at market prices,2021K1,1534601
- GDP at market prices,2021K2,1631897
- GDP at market prices,2021K3,1469539
- GDP at market prices,2021K4,1723996
- GDP at market prices,2022K1,1569191
- GDP at market prices,2022K2,1663073
- GDP at market prices,2022K3,1502543
- GDP at market prices,2022K4,1705073
- GDP at market prices,2023K1,1589282
- GDP at market prices,2023K2,1631591
- GDP at market prices,2023K3,1506672
- GDP at market prices,2023K4,1699194
- GDP at market prices,2024K1,1609841
- GDP at market prices,2024K2,1663334
- GDP at market prices,2024K3,1524538
- GDP at market prices,2024K4,1756929
- GDP at market prices,2025K1,1602084
- GDP at market prices,2025K2,1700138
- GDP at market prices,2025K3,1558876
- GDP at market prices,2025K4,1792414
- GDP at market prices,2026K1,1634416
- Imports of goods and services,1980K1,NA
- Imports of goods and services,1980K2,NA
- Imports of goods and services,1980K3,NA
- Imports of goods and services,1980K4,NA
- Imports of goods and services,1981K1,128703
- Imports of goods and services,1981K2,131845
- Imports of goods and services,1981K3,131640
- Imports of goods and services,1981K4,138848
- Imports of goods and services,1982K1,129992
- Imports of goods and services,1982K2,136976
- Imports of goods and services,1982K3,137841
- Imports of goods and services,1982K4,151699
- Imports of goods and services,1983K1,133186
- Imports of goods and services,1983K2,138356
- Imports of goods and services,1983K3,138026
- Imports of goods and services,1983K4,152043
- Imports of goods and services,1984K1,140887
- Imports of goods and services,1984K2,147143
- Imports of goods and services,1984K3,143804
- Imports of goods and services,1984K4,159114
- Imports of goods and services,1985K1,156291
- Imports of goods and services,1985K2,161769
- Imports of goods and services,1985K3,155133
- Imports of goods and services,1985K4,163665
- Imports of goods and services,1986K1,147927
- Imports of goods and services,1986K2,172185
- Imports of goods and services,1986K3,164988
- Imports of goods and services,1986K4,174776
- Imports of goods and services,1987K1,160387
- Imports of goods and services,1987K2,175428
- Imports of goods and services,1987K3,177051
- Imports of goods and services,1987K4,196297
- Imports of goods and services,1988K1,174841
- Imports of goods and services,1988K2,185844
- Imports of goods and services,1988K3,182294
- Imports of goods and services,1988K4,202172
- Imports of goods and services,1989K1,187818
- Imports of goods and services,1989K2,202680
- Imports of goods and services,1989K3,194695
- Imports of goods and services,1989K4,216633
- Imports of goods and services,1990K1,201167
- Imports of goods and services,1990K2,206455
- Imports of goods and services,1990K3,195426
- Imports of goods and services,1990K4,206532
- Imports of goods and services,1991K1,184034
- Imports of goods and services,1991K2,192406
- Imports of goods and services,1991K3,192771
- Imports of goods and services,1991K4,200300
- Imports of goods and services,1992K1,193761
- Imports of goods and services,1992K2,194628
- Imports of goods and services,1992K3,197117
- Imports of goods and services,1992K4,196050
- Imports of goods and services,1993K1,181829
- Imports of goods and services,1993K2,184844
- Imports of goods and services,1993K3,183794
- Imports of goods and services,1993K4,208032
- Imports of goods and services,1994K1,199058
- Imports of goods and services,1994K2,212650
- Imports of goods and services,1994K3,204570
- Imports of goods and services,1994K4,239794
- Imports of goods and services,1995K1,224896
- Imports of goods and services,1995K2,227069
- Imports of goods and services,1995K3,221435
- Imports of goods and services,1995K4,244666
- Imports of goods and services,1996K1,231156
- Imports of goods and services,1996K2,233246
- Imports of goods and services,1996K3,228434
- Imports of goods and services,1996K4,258022
- Imports of goods and services,1997K1,246252
- Imports of goods and services,1997K2,270168
- Imports of goods and services,1997K3,261086
- Imports of goods and services,1997K4,291488
- Imports of goods and services,1998K1,287634
- Imports of goods and services,1998K2,294345
- Imports of goods and services,1998K3,286533
- Imports of goods and services,1998K4,317768
- Imports of goods and services,1999K1,300157
- Imports of goods and services,1999K2,308051
- Imports of goods and services,1999K3,304681
- Imports of goods and services,1999K4,339567
- Imports of goods and services,2000K1,336270
- Imports of goods and services,2000K2,350201
- Imports of goods and services,2000K3,347710
- Imports of goods and services,2000K4,375543
- Imports of goods and services,2001K1,361837
- Imports of goods and services,2001K2,346289
- Imports of goods and services,2001K3,325806
- Imports of goods and services,2001K4,356500
- Imports of goods and services,2002K1,343648
- Imports of goods and services,2002K2,347932
- Imports of goods and services,2002K3,324488
- Imports of goods and services,2002K4,361113
- Imports of goods and services,2003K1,351575
- Imports of goods and services,2003K2,351769
- Imports of goods and services,2003K3,339691
- Imports of goods and services,2003K4,378921
- Imports of goods and services,2004K1,360412
- Imports of goods and services,2004K2,380879
- Imports of goods and services,2004K3,365600
- Imports of goods and services,2004K4,413073
- Imports of goods and services,2005K1,377346
- Imports of goods and services,2005K2,407447
- Imports of goods and services,2005K3,391317
- Imports of goods and services,2005K4,447797
- Imports of goods and services,2006K1,421410
- Imports of goods and services,2006K2,432923
- Imports of goods and services,2006K3,422773
- Imports of goods and services,2006K4,479459
- Imports of goods and services,2007K1,460703
- Imports of goods and services,2007K2,468375
- Imports of goods and services,2007K3,469055
- Imports of goods and services,2007K4,514150
- Imports of goods and services,2008K1,489709
- Imports of goods and services,2008K2,512032
- Imports of goods and services,2008K3,477668
- Imports of goods and services,2008K4,487011
- Imports of goods and services,2009K1,419932
- Imports of goods and services,2009K2,405349
- Imports of goods and services,2009K3,412080
- Imports of goods and services,2009K4,453360
- Imports of goods and services,2010K1,439281
- Imports of goods and services,2010K2,474044
- Imports of goods and services,2010K3,472312
- Imports of goods and services,2010K4,510953
- Imports of goods and services,2011K1,494249
- Imports of goods and services,2011K2,510603
- Imports of goods and services,2011K3,494112
- Imports of goods and services,2011K4,524881
- Imports of goods and services,2012K1,508800
- Imports of goods and services,2012K2,512291
- Imports of goods and services,2012K3,493855
- Imports of goods and services,2012K4,520052
- Imports of goods and services,2013K1,492242
- Imports of goods and services,2013K2,519558
- Imports of goods and services,2013K3,502085
- Imports of goods and services,2013K4,538920
- Imports of goods and services,2014K1,518512
- Imports of goods and services,2014K2,544644
- Imports of goods and services,2014K3,534179
- Imports of goods and services,2014K4,588958
- Imports of goods and services,2015K1,555318
- Imports of goods and services,2015K2,562861
- Imports of goods and services,2015K3,568237
- Imports of goods and services,2015K4,626504
- Imports of goods and services,2016K1,592794
- Imports of goods and services,2016K2,617306
- Imports of goods and services,2016K3,590191
- Imports of goods and services,2016K4,642851
- Imports of goods and services,2017K1,609222
- Imports of goods and services,2017K2,633305
- Imports of goods and services,2017K3,625525
- Imports of goods and services,2017K4,682402
- Imports of goods and services,2018K1,648512
- Imports of goods and services,2018K2,666359
- Imports of goods and services,2018K3,632222
- Imports of goods and services,2018K4,710020
- Imports of goods and services,2019K1,669413
- Imports of goods and services,2019K2,680601
- Imports of goods and services,2019K3,661477
- Imports of goods and services,2019K4,698345
- Imports of goods and services,2020K1,652924
- Imports of goods and services,2020K2,581929
- Imports of goods and services,2020K3,609347
- Imports of goods and services,2020K4,694864
- Imports of goods and services,2021K1,682872
- Imports of goods and services,2021K2,701056
- Imports of goods and services,2021K3,700742
- Imports of goods and services,2021K4,794226
- Imports of goods and services,2022K1,755410
- Imports of goods and services,2022K2,791438
- Imports of goods and services,2022K3,779376
- Imports of goods and services,2022K4,834840
- Imports of goods and services,2023K1,779288
- Imports of goods and services,2023K2,790336
- Imports of goods and services,2023K3,743392
- Imports of goods and services,2023K4,829101
- Imports of goods and services,2024K1,769637
- Imports of goods and services,2024K2,792588
- Imports of goods and services,2024K3,778373
- Imports of goods and services,2024K4,844261
- Imports of goods and services,2025K1,793738
- Imports of goods and services,2025K2,838210
- Imports of goods and services,2025K3,817510
- Imports of goods and services,2025K4,872133
- Imports of goods and services,2026K1,842096
-- imports of goods,1980K1,NA
-- imports of goods,1980K2,NA
-- imports of goods,1980K3,NA
-- imports of goods,1980K4,NA
-- imports of goods,1981K1,87503
-- imports of goods,1981K2,87170
-- imports of goods,1981K3,85121
-- imports of goods,1981K4,96371
-- imports of goods,1982K1,88009
-- imports of goods,1982K2,90557
-- imports of goods,1982K3,89229
-- imports of goods,1982K4,106548
-- imports of goods,1983K1,91620
-- imports of goods,1983K2,92245
-- imports of goods,1983K3,91120
-- imports of goods,1983K4,105325
-- imports of goods,1984K1,98121
-- imports of goods,1984K2,99824
-- imports of goods,1984K3,92938
-- imports of goods,1984K4,108725
-- imports of goods,1985K1,108948
-- imports of goods,1985K2,110572
-- imports of goods,1985K3,101819
-- imports of goods,1985K4,111688
-- imports of goods,1986K1,102867
-- imports of goods,1986K2,117174
-- imports of goods,1986K3,110321
-- imports of goods,1986K4,121022
-- imports of goods,1987K1,113794
-- imports of goods,1987K2,120389
-- imports of goods,1987K3,115563
-- imports of goods,1987K4,134818
-- imports of goods,1988K1,121496
-- imports of goods,1988K2,126142
-- imports of goods,1988K3,118758
-- imports of goods,1988K4,140478
-- imports of goods,1989K1,128888
-- imports of goods,1989K2,137080
-- imports of goods,1989K3,126175
-- imports of goods,1989K4,148604
-- imports of goods,1990K1,138400
-- imports of goods,1990K2,137338
-- imports of goods,1990K3,124307
-- imports of goods,1990K4,137386
-- imports of goods,1991K1,126517
-- imports of goods,1991K2,129958
-- imports of goods,1991K3,121460
-- imports of goods,1991K4,132635
-- imports of goods,1992K1,129714
-- imports of goods,1992K2,127657
-- imports of goods,1992K3,119065
-- imports of goods,1992K4,128837
-- imports of goods,1993K1,125474
-- imports of goods,1993K2,127945
-- imports of goods,1993K3,120763
-- imports of goods,1993K4,143720
-- imports of goods,1994K1,137875
-- imports of goods,1994K2,148088
-- imports of goods,1994K3,136028
-- imports of goods,1994K4,172206
-- imports of goods,1995K1,159116
-- imports of goods,1995K2,159599
-- imports of goods,1995K3,150183
-- imports of goods,1995K4,174995
-- imports of goods,1996K1,162329
-- imports of goods,1996K2,163170
-- imports of goods,1996K3,154127
-- imports of goods,1996K4,182102
-- imports of goods,1997K1,171254
-- imports of goods,1997K2,187775
-- imports of goods,1997K3,173250
-- imports of goods,1997K4,203412
-- imports of goods,1998K1,198805
-- imports of goods,1998K2,201826
-- imports of goods,1998K3,192094
-- imports of goods,1998K4,219291
-- imports of goods,1999K1,203794
-- imports of goods,1999K2,208755
-- imports of goods,1999K3,201455
-- imports of goods,1999K4,234003
-- imports of goods,2000K1,228821
-- imports of goods,2000K2,239593
-- imports of goods,2000K3,233872
-- imports of goods,2000K4,257921
-- imports of goods,2001K1,243556
-- imports of goods,2001K2,229546
-- imports of goods,2001K3,210922
-- imports of goods,2001K4,237707
-- imports of goods,2002K1,229570
-- imports of goods,2002K2,232994
-- imports of goods,2002K3,213821
-- imports of goods,2002K4,245803
-- imports of goods,2003K1,241821
-- imports of goods,2003K2,241322
-- imports of goods,2003K3,227589
-- imports of goods,2003K4,259608
-- imports of goods,2004K1,252159
-- imports of goods,2004K2,262146
-- imports of goods,2004K3,251499
-- imports of goods,2004K4,283161
-- imports of goods,2005K1,265017
-- imports of goods,2005K2,286285
-- imports of goods,2005K3,265453
-- imports of goods,2005K4,308291
-- imports of goods,2006K1,295257
-- imports of goods,2006K2,301555
-- imports of goods,2006K3,291702
-- imports of goods,2006K4,336377
-- imports of goods,2007K1,331950
-- imports of goods,2007K2,330227
-- imports of goods,2007K3,328019
-- imports of goods,2007K4,357891
-- imports of goods,2008K1,346877
-- imports of goods,2008K2,366609
-- imports of goods,2008K3,330169
-- imports of goods,2008K4,328997
-- imports of goods,2009K1,283942
-- imports of goods,2009K2,269849
-- imports of goods,2009K3,276466
-- imports of goods,2009K4,313222
-- imports of goods,2010K1,310414
-- imports of goods,2010K2,342503
-- imports of goods,2010K3,332092
-- imports of goods,2010K4,363715
-- imports of goods,2011K1,358299
-- imports of goods,2011K2,373909
-- imports of goods,2011K3,350534
-- imports of goods,2011K4,373590
-- imports of goods,2012K1,363928
-- imports of goods,2012K2,365477
-- imports of goods,2012K3,347948
-- imports of goods,2012K4,367310
-- imports of goods,2013K1,345929
-- imports of goods,2013K2,361059
-- imports of goods,2013K3,343229
-- imports of goods,2013K4,371887
-- imports of goods,2014K1,361365
-- imports of goods,2014K2,379620
-- imports of goods,2014K3,363543
-- imports of goods,2014K4,392119
-- imports of goods,2015K1,379181
-- imports of goods,2015K2,385041
-- imports of goods,2015K3,386017
-- imports of goods,2015K4,423393
-- imports of goods,2016K1,403811
-- imports of goods,2016K2,421955
-- imports of goods,2016K3,400398
-- imports of goods,2016K4,440953
-- imports of goods,2017K1,421404
-- imports of goods,2017K2,431847
-- imports of goods,2017K3,418211
-- imports of goods,2017K4,467469
-- imports of goods,2018K1,450174
-- imports of goods,2018K2,469168
-- imports of goods,2018K3,425238
-- imports of goods,2018K4,485323
-- imports of goods,2019K1,455909
-- imports of goods,2019K2,458953
-- imports of goods,2019K3,439273
-- imports of goods,2019K4,468831
-- imports of goods,2020K1,442519
-- imports of goods,2020K2,402119
-- imports of goods,2020K3,425609
-- imports of goods,2020K4,478165
-- imports of goods,2021K1,478454
-- imports of goods,2021K2,487886
-- imports of goods,2021K3,464157
-- imports of goods,2021K4,523990
-- imports of goods,2022K1,498258
-- imports of goods,2022K2,508052
-- imports of goods,2022K3,483186
-- imports of goods,2022K4,523105
-- imports of goods,2023K1,489888
-- imports of goods,2023K2,498192
-- imports of goods,2023K3,459161
-- imports of goods,2023K4,500326
-- imports of goods,2024K1,474306
-- imports of goods,2024K2,486067
-- imports of goods,2024K3,463288
-- imports of goods,2024K4,502257
-- imports of goods,2025K1,486855
-- imports of goods,2025K2,501643
-- imports of goods,2025K3,476525
-- imports of goods,2025K4,513986
-- imports of goods,2026K1,507977
-- imports of services,1980K1,NA
-- imports of services,1980K2,NA
-- imports of services,1980K3,NA
-- imports of services,1980K4,NA
-- imports of services,1981K1,40481
-- imports of services,1981K2,46348
-- imports of services,1981K3,50058
-- imports of services,1981K4,39775
-- imports of services,1982K1,41633
-- imports of services,1982K2,48138
-- imports of services,1982K3,52162
-- imports of services,1982K4,41061
-- imports of services,1983K1,39962
-- imports of services,1983K2,47047
-- imports of services,1983K3,48644
-- imports of services,1983K4,44233
-- imports of services,1984K1,40234
-- imports of services,1984K2,46803
-- imports of services,1984K3,54065
-- imports of services,1984K4,49205
-- imports of services,1985K1,44482
-- imports of services,1985K2,49977
-- imports of services,1985K3,55488
-- imports of services,1985K4,50888
-- imports of services,1986K1,42640
-- imports of services,1986K2,54128
-- imports of services,1986K3,55293
-- imports of services,1986K4,51285
-- imports of services,1987K1,43071
-- imports of services,1987K2,53456
-- imports of services,1987K3,63193
-- imports of services,1987K4,59646
-- imports of services,1988K1,51017
-- imports of services,1988K2,58761
-- imports of services,1988K3,65157
-- imports of services,1988K4,59010
-- imports of services,1989K1,57267
-- imports of services,1989K2,64820
-- imports of services,1989K3,70557
-- imports of services,1989K4,66143
-- imports of services,1990K1,60865
-- imports of services,1990K2,69448
-- imports of services,1990K3,74196
-- imports of services,1990K4,69476
-- imports of services,1991K1,56170
-- imports of services,1991K2,61979
-- imports of services,1991K3,74389
-- imports of services,1991K4,68254
-- imports of services,1992K1,64152
-- imports of services,1992K2,67902
-- imports of services,1992K3,82199
-- imports of services,1992K4,68074
-- imports of services,1993K1,55591
-- imports of services,1993K2,56057
-- imports of services,1993K3,63303
-- imports of services,1993K4,63412
-- imports of services,1994K1,60260
-- imports of services,1994K2,63439
-- imports of services,1994K3,68567
-- imports of services,1994K4,65427
-- imports of services,1995K1,64042
-- imports of services,1995K2,65939
-- imports of services,1995K3,70914
-- imports of services,1995K4,67382
-- imports of services,1996K1,67290
-- imports of services,1996K2,68685
-- imports of services,1996K3,74385
-- imports of services,1996K4,73974
-- imports of services,1997K1,73781
-- imports of services,1997K2,81081
-- imports of services,1997K3,88294
-- imports of services,1997K4,86490
-- imports of services,1998K1,87671
-- imports of services,1998K2,91664
-- imports of services,1998K3,94507
-- imports of services,1998K4,97266
-- imports of services,1999K1,95897
-- imports of services,1999K2,98898
-- imports of services,1999K3,103836
-- imports of services,1999K4,104347
-- imports of services,2000K1,106837
-- imports of services,2000K2,109725
-- imports of services,2000K3,113725
-- imports of services,2000K4,116489
-- imports of services,2001K1,118188
-- imports of services,2001K2,117400
-- imports of services,2001K3,116563
-- imports of services,2001K4,119178
-- imports of services,2002K1,114413
-- imports of services,2002K2,115178
-- imports of services,2002K3,111510
-- imports of services,2002K4,114848
-- imports of services,2003K1,109014
-- imports of services,2003K2,109804
-- imports of services,2003K3,112319
-- imports of services,2003K4,118672
-- imports of services,2004K1,107004
-- imports of services,2004K2,117965
-- imports of services,2004K3,113381
-- imports of services,2004K4,129222
-- imports of services,2005K1,110898
-- imports of services,2005K2,119601
-- imports of services,2005K3,125562
-- imports of services,2005K4,138591
-- imports of services,2006K1,124581
-- imports of services,2006K2,130009
-- imports of services,2006K3,130149
-- imports of services,2006K4,141228
-- imports of services,2007K1,125423
-- imports of services,2007K2,136005
-- imports of services,2007K3,139351
-- imports of services,2007K4,154700
-- imports of services,2008K1,140351
-- imports of services,2008K2,142242
-- imports of services,2008K3,146308
-- imports of services,2008K4,157943
-- imports of services,2009K1,135851
-- imports of services,2009K2,135984
-- imports of services,2009K3,135795
-- imports of services,2009K4,139016
-- imports of services,2010K1,127455
-- imports of services,2010K2,129307
-- imports of services,2010K3,138860
-- imports of services,2010K4,145347
-- imports of services,2011K1,133426
-- imports of services,2011K2,133685
-- imports of services,2011K3,141872
-- imports of services,2011K4,149346
-- imports of services,2012K1,142782
-- imports of services,2012K2,144804
-- imports of services,2012K3,144406
-- imports of services,2012K4,151073
-- imports of services,2013K1,144805
-- imports of services,2013K2,157199
-- imports of services,2013K3,158006
-- imports of services,2013K4,165875
-- imports of services,2014K1,155868
-- imports of services,2014K2,163679
-- imports of services,2014K3,169571
-- imports of services,2014K4,195918
-- imports of services,2015K1,174984
-- imports of services,2015K2,176639
-- imports of services,2015K3,181080
-- imports of services,2015K4,201897
-- imports of services,2016K1,187791
-- imports of services,2016K2,194136
-- imports of services,2016K3,188575
-- imports of services,2016K4,200662
-- imports of services,2017K1,186837
-- imports of services,2017K2,200186
-- imports of services,2017K3,205718
-- imports of services,2017K4,213650
-- imports of services,2018K1,197195
-- imports of services,2018K2,196151
-- imports of services,2018K3,205594
-- imports of services,2018K4,223294
-- imports of services,2019K1,212272
-- imports of services,2019K2,220415
-- imports of services,2019K3,221036
-- imports of services,2019K4,228261
-- imports of services,2020K1,209290
-- imports of services,2020K2,178964
-- imports of services,2020K3,182937
-- imports of services,2020K4,215650
-- imports of services,2021K1,203980
-- imports of services,2021K2,212483
-- imports of services,2021K3,234224
-- imports of services,2021K4,267410
-- imports of services,2022K1,255130
-- imports of services,2022K2,280918
-- imports of services,2022K3,293330
-- imports of services,2022K4,308810
-- imports of services,2023K1,287532
-- imports of services,2023K2,290105
-- imports of services,2023K3,283314
-- imports of services,2023K4,329002
-- imports of services,2024K1,294409
-- imports of services,2024K2,305748
-- imports of services,2024K3,315371
-- imports of services,2024K4,342330
-- imports of services,2025K1,306883
-- imports of services,2025K2,336567
-- imports of services,2025K3,340985
-- imports of services,2025K4,358147
-- imports of services,2026K1,334119
Total resources,1980K1,NA
Total resources,1980K2,NA
Total resources,1980K3,NA
Total resources,1980K4,NA
Total resources,1981K1,770750
Total resources,1981K2,799732
Total resources,1981K3,753489
Total resources,1981K4,855001
Total resources,1982K1,787618
Total resources,1982K2,819248
Total resources,1982K3,758625
Total resources,1982K4,881603
Total resources,1983K1,796865
Total resources,1983K2,824718
Total resources,1983K3,775441
Total resources,1983K4,905633
Total resources,1984K1,850861
Total resources,1984K2,866725
Total resources,1984K3,802771
Total resources,1984K4,932430
Total resources,1985K1,868641
Total resources,1985K2,904061
Total resources,1985K3,844561
Total resources,1985K4,959253
Total resources,1986K1,888719
Total resources,1986K2,942046
Total resources,1986K3,872398
Total resources,1986K4,988644
Total resources,1987K1,924393
Total resources,1987K2,967189
Total resources,1987K3,912420
Total resources,1987K4,1047062
Total resources,1988K1,974759
Total resources,1988K2,1002063
Total resources,1988K3,926144
Total resources,1988K4,1067748
Total resources,1989K1,1002958
Total resources,1989K2,1045824
Total resources,1989K3,963250
Total resources,1989K4,1104891
Total resources,1990K1,1028374
Total resources,1990K2,1057913
Total resources,1990K3,963772
Total resources,1990K4,1090982
Total resources,1991K1,1003669
Total resources,1991K2,1024904
Total resources,1991K3,956816
Total resources,1991K4,1074306
Total resources,1992K1,1022485
Total resources,1992K2,1019940
Total resources,1992K3,963375
Total resources,1992K4,1032268
Total resources,1993K1,965908
Total resources,1993K2,991959
Total resources,1993K3,928170
Total resources,1993K4,1069223
Total resources,1994K1,1011735
Total resources,1994K2,1051265
Total resources,1994K3,973551
Total resources,1994K4,1153308
Total resources,1995K1,1087518
Total resources,1995K2,1101407
Total resources,1995K3,1018032
Total resources,1995K4,1184989
Total resources,1996K1,1115518
Total resources,1996K2,1117676
Total resources,1996K3,1042582
Total resources,1996K4,1210608
Total resources,1997K1,1121390
Total resources,1997K2,1201440
Total resources,1997K3,1110164
Total resources,1997K4,1288737
Total resources,1998K1,1211292
Total resources,1998K2,1253732
Total resources,1998K3,1175269
Total resources,1998K4,1360286
Total resources,1999K1,1260202
Total resources,1999K2,1309081
Total resources,1999K3,1232257
Total resources,1999K4,1426673
Total resources,2000K1,1339071
Total resources,2000K2,1409289
Total resources,2000K3,1324883
Total resources,2000K4,1503775
Total resources,2001K1,1406898
Total resources,2001K2,1413084
Total resources,2001K3,1306790
Total resources,2001K4,1484044
Total resources,2002K1,1394837
Total resources,2002K2,1455756
Total resources,2002K3,1330968
Total resources,2002K4,1507454
Total resources,2003K1,1427843
Total resources,2003K2,1466410
Total resources,2003K3,1368273
Total resources,2003K4,1554103
Total resources,2004K1,1472982
Total resources,2004K2,1547378
Total resources,2004K3,1435574
Total resources,2004K4,1644710
Total resources,2005K1,1505123
Total resources,2005K2,1617948
Total resources,2005K3,1497032
Total resources,2005K4,1716292
Total resources,2006K1,1616979
Total resources,2006K2,1689425
Total resources,2006K3,1575391
Total resources,2006K4,1812807
Total resources,2007K1,1705746
Total resources,2007K2,1771130
Total resources,2007K3,1658124
Total resources,2007K4,1884776
Total resources,2008K1,1750169
Total resources,2008K2,1842521
Total resources,2008K3,1662224
Total resources,2008K4,1777775
Total resources,2009K1,1596760
Total resources,2009K2,1646254
Total resources,2009K3,1540892
Total resources,2009K4,1740349
Total resources,2010K1,1642534
Total resources,2010K2,1789251
Total resources,2010K3,1683649
Total resources,2010K4,1900548
Total resources,2011K1,1783280
Total resources,2011K2,1874208
Total resources,2011K3,1745965
Total resources,2011K4,1905856
Total resources,2012K1,1800816
Total resources,2012K2,1864958
Total resources,2012K3,1732251
Total resources,2012K4,1901506
Total resources,2013K1,1778544
Total resources,2013K2,1886713
Total resources,2013K3,1753271
Total resources,2013K4,1958525
Total resources,2014K1,1834500
Total resources,2014K2,1942163
Total resources,2014K3,1815910
Total resources,2014K4,2040763
Total resources,2015K1,1908879
Total resources,2015K2,2036177
Total resources,2015K3,1898429
Total resources,2015K4,2155630
Total resources,2016K1,1978498
Total resources,2016K2,2126476
Total resources,2016K3,1943262
Total resources,2016K4,2201981
Total resources,2017K1,2054837
Total resources,2017K2,2147441
Total resources,2017K3,1996551
Total resources,2017K4,2266422
Total resources,2018K1,2111445
Total resources,2018K2,2217148
Total resources,2018K3,2023887
Total resources,2018K4,2323165
Total resources,2019K1,2162757
Total resources,2019K2,2264013
Total resources,2019K3,2097409
Total resources,2019K4,2361084
Total resources,2020K1,2188185
Total resources,2020K2,2051491
Total resources,2020K3,2021923
Total resources,2020K4,2332386
Total resources,2021K1,2219067
Total resources,2021K2,2335393
Total resources,2021K3,2170415
Total resources,2021K4,2519209
Total resources,2022K1,2324760
Total resources,2022K2,2454906
Total resources,2022K3,2280688
Total resources,2022K4,2539739
Total resources,2023K1,2368320
Total resources,2023K2,2421191
Total resources,2023K3,2250054
Total resources,2023K4,2527824
Total resources,2024K1,2378287
Total resources,2024K2,2454567
Total resources,2024K3,2304122
Total resources,2024K4,2600094
Total resources,2025K1,2395822
Total resources,2025K2,2538348
Total resources,2025K3,2376386
Total resources,2025K4,2664547
Total resources,2026K1,2476512
- Final consumption expenditure,1980K1,NA
- Final consumption expenditure,1980K2,NA
- Final consumption expenditure,1980K3,NA
- Final consumption expenditure,1980K4,NA
- Final consumption expenditure,1981K1,592282
- Final consumption expenditure,1981K2,606831
- Final consumption expenditure,1981K3,551128
- Final consumption expenditure,1981K4,608783
- Final consumption expenditure,1982K1,599314
- Final consumption expenditure,1982K2,611227
- Final consumption expenditure,1982K3,554678
- Final consumption expenditure,1982K4,620477
- Final consumption expenditure,1983K1,590530
- Final consumption expenditure,1983K2,599685
- Final consumption expenditure,1983K3,548032
- Final consumption expenditure,1983K4,613688
- Final consumption expenditure,1984K1,604389
- Final consumption expenditure,1984K2,612271
- Final consumption expenditure,1984K3,557528
- Final consumption expenditure,1984K4,621055
- Final consumption expenditure,1985K1,619781
- Final consumption expenditure,1985K2,630209
- Final consumption expenditure,1985K3,567092
- Final consumption expenditure,1985K4,632518
- Final consumption expenditure,1986K1,637303
- Final consumption expenditure,1986K2,652300
- Final consumption expenditure,1986K3,596899
- Final consumption expenditure,1986K4,664080
- Final consumption expenditure,1987K1,664820
- Final consumption expenditure,1987K2,684323
- Final consumption expenditure,1987K3,610639
- Final consumption expenditure,1987K4,691072
- Final consumption expenditure,1988K1,693069
- Final consumption expenditure,1988K2,694719
- Final consumption expenditure,1988K3,626028
- Final consumption expenditure,1988K4,698060
- Final consumption expenditure,1989K1,696121
- Final consumption expenditure,1989K2,707145
- Final consumption expenditure,1989K3,634751
- Final consumption expenditure,1989K4,709427
- Final consumption expenditure,1990K1,696386
- Final consumption expenditure,1990K2,713590
- Final consumption expenditure,1990K3,639040
- Final consumption expenditure,1990K4,700942
- Final consumption expenditure,1991K1,698139
- Final consumption expenditure,1991K2,715857
- Final consumption expenditure,1991K3,651161
- Final consumption expenditure,1991K4,727236
- Final consumption expenditure,1992K1,707035
- Final consumption expenditure,1992K2,722563
- Final consumption expenditure,1992K3,650693
- Final consumption expenditure,1992K4,706047
- Final consumption expenditure,1993K1,671534
- Final consumption expenditure,1993K2,691566
- Final consumption expenditure,1993K3,634980
- Final consumption expenditure,1993K4,732442
- Final consumption expenditure,1994K1,681228
- Final consumption expenditure,1994K2,695965
- Final consumption expenditure,1994K3,642006
- Final consumption expenditure,1994K4,735746
- Final consumption expenditure,1995K1,686925
- Final consumption expenditure,1995K2,702257
- Final consumption expenditure,1995K3,650062
- Final consumption expenditure,1995K4,740466
- Final consumption expenditure,1996K1,693636
- Final consumption expenditure,1996K2,706690
- Final consumption expenditure,1996K3,664529
- Final consumption expenditure,1996K4,753588
- Final consumption expenditure,1997K1,695738
- Final consumption expenditure,1997K2,729902
- Final consumption expenditure,1997K3,678999
- Final consumption expenditure,1997K4,770118
- Final consumption expenditure,1998K1,720946
- Final consumption expenditure,1998K2,746277
- Final consumption expenditure,1998K3,704345
- Final consumption expenditure,1998K4,801650
- Final consumption expenditure,1999K1,747912
- Final consumption expenditure,1999K2,771664
- Final consumption expenditure,1999K3,721893
- Final consumption expenditure,1999K4,834926
- Final consumption expenditure,2000K1,784026
- Final consumption expenditure,2000K2,803734
- Final consumption expenditure,2000K3,751763
- Final consumption expenditure,2000K4,847060
- Final consumption expenditure,2001K1,794875
- Final consumption expenditure,2001K2,808264
- Final consumption expenditure,2001K3,752280
- Final consumption expenditure,2001K4,848861
- Final consumption expenditure,2002K1,806140
- Final consumption expenditure,2002K2,830082
- Final consumption expenditure,2002K3,769388
- Final consumption expenditure,2002K4,869555
- Final consumption expenditure,2003K1,813170
- Final consumption expenditure,2003K2,835865
- Final consumption expenditure,2003K3,781825
- Final consumption expenditure,2003K4,882417
- Final consumption expenditure,2004K1,830901
- Final consumption expenditure,2004K2,850784
- Final consumption expenditure,2004K3,789546
- Final consumption expenditure,2004K4,897017
- Final consumption expenditure,2005K1,835029
- Final consumption expenditure,2005K2,875783
- Final consumption expenditure,2005K3,812008
- Final consumption expenditure,2005K4,918937
- Final consumption expenditure,2006K1,860152
- Final consumption expenditure,2006K2,889923
- Final consumption expenditure,2006K3,828661
- Final consumption expenditure,2006K4,945642
- Final consumption expenditure,2007K1,885844
- Final consumption expenditure,2007K2,918465
- Final consumption expenditure,2007K3,857909
- Final consumption expenditure,2007K4,971324
- Final consumption expenditure,2008K1,899353
- Final consumption expenditure,2008K2,941077
- Final consumption expenditure,2008K3,855489
- Final consumption expenditure,2008K4,951105
- Final consumption expenditure,2009K1,903469
- Final consumption expenditure,2009K2,944696
- Final consumption expenditure,2009K3,872598
- Final consumption expenditure,2009K4,982325
- Final consumption expenditure,2010K1,928558
- Final consumption expenditure,2010K2,975403
- Final consumption expenditure,2010K3,899868
- Final consumption expenditure,2010K4,1012975
- Final consumption expenditure,2011K1,948771
- Final consumption expenditure,2011K2,993589
- Final consumption expenditure,2011K3,909950
- Final consumption expenditure,2011K4,1020946
- Final consumption expenditure,2012K1,962721
- Final consumption expenditure,2012K2,996720
- Final consumption expenditure,2012K3,922311
- Final consumption expenditure,2012K4,1033675
- Final consumption expenditure,2013K1,972170
- Final consumption expenditure,2013K2,1017130
- Final consumption expenditure,2013K3,941249
- Final consumption expenditure,2013K4,1056391
- Final consumption expenditure,2014K1,989252
- Final consumption expenditure,2014K2,1039708
- Final consumption expenditure,2014K3,960992
- Final consumption expenditure,2014K4,1087434
- Final consumption expenditure,2015K1,1024639
- Final consumption expenditure,2015K2,1073408
- Final consumption expenditure,2015K3,992980
- Final consumption expenditure,2015K4,1128191
- Final consumption expenditure,2016K1,1050109
- Final consumption expenditure,2016K2,1113211
- Final consumption expenditure,2016K3,1016861
- Final consumption expenditure,2016K4,1153356
- Final consumption expenditure,2017K1,1086551
- Final consumption expenditure,2017K2,1118804
- Final consumption expenditure,2017K3,1031274
- Final consumption expenditure,2017K4,1169436
- Final consumption expenditure,2018K1,1093851
- Final consumption expenditure,2018K2,1147269
- Final consumption expenditure,2018K3,1047314
- Final consumption expenditure,2018K4,1182434
- Final consumption expenditure,2019K1,1100818
- Final consumption expenditure,2019K2,1140827
- Final consumption expenditure,2019K3,1063295
- Final consumption expenditure,2019K4,1188466
- Final consumption expenditure,2020K1,1110329
- Final consumption expenditure,2020K2,1074433
- Final consumption expenditure,2020K3,1036079
- Final consumption expenditure,2020K4,1161188
- Final consumption expenditure,2021K1,1096554
- Final consumption expenditure,2021K2,1165488
- Final consumption expenditure,2021K3,1095553
- Final consumption expenditure,2021K4,1235965
- Final consumption expenditure,2022K1,1139906
- Final consumption expenditure,2022K2,1202963
- Final consumption expenditure,2022K3,1105927
- Final consumption expenditure,2022K4,1236956
- Final consumption expenditure,2023K1,1138944
- Final consumption expenditure,2023K2,1184880
- Final consumption expenditure,2023K3,1091646
- Final consumption expenditure,2023K4,1239250
- Final consumption expenditure,2024K1,1153435
- Final consumption expenditure,2024K2,1199069
- Final consumption expenditure,2024K3,1112239
- Final consumption expenditure,2024K4,1248265
- Final consumption expenditure,2025K1,1161456
- Final consumption expenditure,2025K2,1211421
- Final consumption expenditure,2025K3,1135697
- Final consumption expenditure,2025K4,1279337
- Final consumption expenditure,2026K1,1185160
"-- household consumption expenditure, incl. NPISH",1980K1,NA
"-- household consumption expenditure, incl. NPISH",1980K2,NA
"-- household consumption expenditure, incl. NPISH",1980K3,NA
"-- household consumption expenditure, incl. NPISH",1980K4,NA
"-- household consumption expenditure, incl. NPISH",1981K1,333455
"-- household consumption expenditure, incl. NPISH",1981K2,340782
"-- household consumption expenditure, incl. NPISH",1981K3,318482
"-- household consumption expenditure, incl. NPISH",1981K4,356623
"-- household consumption expenditure, incl. NPISH",1982K1,338349
"-- household consumption expenditure, incl. NPISH",1982K2,343657
"-- household consumption expenditure, incl. NPISH",1982K3,320264
"-- household consumption expenditure, incl. NPISH",1982K4,362715
"-- household consumption expenditure, incl. NPISH",1983K1,329113
"-- household consumption expenditure, incl. NPISH",1983K2,332860
"-- household consumption expenditure, incl. NPISH",1983K3,313972
"-- household consumption expenditure, incl. NPISH",1983K4,354208
"-- household consumption expenditure, incl. NPISH",1984K1,338703
"-- household consumption expenditure, incl. NPISH",1984K2,341126
"-- household consumption expenditure, incl. NPISH",1984K3,318418
"-- household consumption expenditure, incl. NPISH",1984K4,356246
"-- household consumption expenditure, incl. NPISH",1985K1,348738
"-- household consumption expenditure, incl. NPISH",1985K2,352198
"-- household consumption expenditure, incl. NPISH",1985K3,325652
"-- household consumption expenditure, incl. NPISH",1985K4,364895
"-- household consumption expenditure, incl. NPISH",1986K1,357996
"-- household consumption expenditure, incl. NPISH",1986K2,368270
"-- household consumption expenditure, incl. NPISH",1986K3,348519
"-- household consumption expenditure, incl. NPISH",1986K4,389437
"-- household consumption expenditure, incl. NPISH",1987K1,379951
"-- household consumption expenditure, incl. NPISH",1987K2,395082
"-- household consumption expenditure, incl. NPISH",1987K3,360722
"-- household consumption expenditure, incl. NPISH",1987K4,408173
"-- household consumption expenditure, incl. NPISH",1988K1,402420
"-- household consumption expenditure, incl. NPISH",1988K2,401733
"-- household consumption expenditure, incl. NPISH",1988K3,373570
"-- household consumption expenditure, incl. NPISH",1988K4,413801
"-- household consumption expenditure, incl. NPISH",1989K1,401444
"-- household consumption expenditure, incl. NPISH",1989K2,409090
"-- household consumption expenditure, incl. NPISH",1989K3,376261
"-- household consumption expenditure, incl. NPISH",1989K4,421059
"-- household consumption expenditure, incl. NPISH",1990K1,399415
"-- household consumption expenditure, incl. NPISH",1990K2,408416
"-- household consumption expenditure, incl. NPISH",1990K3,374073
"-- household consumption expenditure, incl. NPISH",1990K4,404391
"-- household consumption expenditure, incl. NPISH",1991K1,393981
"-- household consumption expenditure, incl. NPISH",1991K2,405199
"-- household consumption expenditure, incl. NPISH",1991K3,376288
"-- household consumption expenditure, incl. NPISH",1991K4,413781
"-- household consumption expenditure, incl. NPISH",1992K1,388019
"-- household consumption expenditure, incl. NPISH",1992K2,398968
"-- household consumption expenditure, incl. NPISH",1992K3,373583
"-- household consumption expenditure, incl. NPISH",1992K4,401814
"-- household consumption expenditure, incl. NPISH",1993K1,358814
"-- household consumption expenditure, incl. NPISH",1993K2,378283
"-- household consumption expenditure, incl. NPISH",1993K3,369308
"-- household consumption expenditure, incl. NPISH",1993K4,407758
"-- household consumption expenditure, incl. NPISH",1994K1,370966
"-- household consumption expenditure, incl. NPISH",1994K2,383993
"-- household consumption expenditure, incl. NPISH",1994K3,374535
"-- household consumption expenditure, incl. NPISH",1994K4,411764
"-- household consumption expenditure, incl. NPISH",1995K1,373131
"-- household consumption expenditure, incl. NPISH",1995K2,391631
"-- household consumption expenditure, incl. NPISH",1995K3,379647
"-- household consumption expenditure, incl. NPISH",1995K4,412908
"-- household consumption expenditure, incl. NPISH",1996K1,380490
"-- household consumption expenditure, incl. NPISH",1996K2,397981
"-- household consumption expenditure, incl. NPISH",1996K3,390963
"-- household consumption expenditure, incl. NPISH",1996K4,422727
"-- household consumption expenditure, incl. NPISH",1997K1,391317
"-- household consumption expenditure, incl. NPISH",1997K2,417231
"-- household consumption expenditure, incl. NPISH",1997K3,398745
"-- household consumption expenditure, incl. NPISH",1997K4,437238
"-- household consumption expenditure, incl. NPISH",1998K1,401993
"-- household consumption expenditure, incl. NPISH",1998K2,428178
"-- household consumption expenditure, incl. NPISH",1998K3,414243
"-- household consumption expenditure, incl. NPISH",1998K4,455200
"-- household consumption expenditure, incl. NPISH",1999K1,419225
"-- household consumption expenditure, incl. NPISH",1999K2,443179
"-- household consumption expenditure, incl. NPISH",1999K3,429560
"-- household consumption expenditure, incl. NPISH",1999K4,482584
"-- household consumption expenditure, incl. NPISH",2000K1,450335
"-- household consumption expenditure, incl. NPISH",2000K2,475923
"-- household consumption expenditure, incl. NPISH",2000K3,459138
"-- household consumption expenditure, incl. NPISH",2000K4,497145
"-- household consumption expenditure, incl. NPISH",2001K1,459567
"-- household consumption expenditure, incl. NPISH",2001K2,479499
"-- household consumption expenditure, incl. NPISH",2001K3,462180
"-- household consumption expenditure, incl. NPISH",2001K4,496449
"-- household consumption expenditure, incl. NPISH",2002K1,466784
"-- household consumption expenditure, incl. NPISH",2002K2,490450
"-- household consumption expenditure, incl. NPISH",2002K3,472884
"-- household consumption expenditure, incl. NPISH",2002K4,509748
"-- household consumption expenditure, incl. NPISH",2003K1,470440
"-- household consumption expenditure, incl. NPISH",2003K2,495208
"-- household consumption expenditure, incl. NPISH",2003K3,483227
"-- household consumption expenditure, incl. NPISH",2003K4,521636
"-- household consumption expenditure, incl. NPISH",2004K1,486361
"-- household consumption expenditure, incl. NPISH",2004K2,508387
"-- household consumption expenditure, incl. NPISH",2004K3,496014
"-- household consumption expenditure, incl. NPISH",2004K4,535871
"-- household consumption expenditure, incl. NPISH",2005K1,492928
"-- household consumption expenditure, incl. NPISH",2005K2,526433
"-- household consumption expenditure, incl. NPISH",2005K3,516962
"-- household consumption expenditure, incl. NPISH",2005K4,554378
"-- household consumption expenditure, incl. NPISH",2006K1,507938
"-- household consumption expenditure, incl. NPISH",2006K2,542458
"-- household consumption expenditure, incl. NPISH",2006K3,527612
"-- household consumption expenditure, incl. NPISH",2006K4,572186
"-- household consumption expenditure, incl. NPISH",2007K1,530370
"-- household consumption expenditure, incl. NPISH",2007K2,565050
"-- household consumption expenditure, incl. NPISH",2007K3,555232
"-- household consumption expenditure, incl. NPISH",2007K4,594694
"-- household consumption expenditure, incl. NPISH",2008K1,543491
"-- household consumption expenditure, incl. NPISH",2008K2,578364
"-- household consumption expenditure, incl. NPISH",2008K3,548721
"-- household consumption expenditure, incl. NPISH",2008K4,574532
"-- household consumption expenditure, incl. NPISH",2009K1,536717
"-- household consumption expenditure, incl. NPISH",2009K2,580928
"-- household consumption expenditure, incl. NPISH",2009K3,559528
"-- household consumption expenditure, incl. NPISH",2009K4,591778
"-- household consumption expenditure, incl. NPISH",2010K1,560968
"-- household consumption expenditure, incl. NPISH",2010K2,602313
"-- household consumption expenditure, incl. NPISH",2010K3,581821
"-- household consumption expenditure, incl. NPISH",2010K4,614038
"-- household consumption expenditure, incl. NPISH",2011K1,575880
"-- household consumption expenditure, incl. NPISH",2011K2,618953
"-- household consumption expenditure, incl. NPISH",2011K3,588116
"-- household consumption expenditure, incl. NPISH",2011K4,619906
"-- household consumption expenditure, incl. NPISH",2012K1,584098
"-- household consumption expenditure, incl. NPISH",2012K2,620443
"-- household consumption expenditure, incl. NPISH",2012K3,595818
"-- household consumption expenditure, incl. NPISH",2012K4,629646
"-- household consumption expenditure, incl. NPISH",2013K1,590160
"-- household consumption expenditure, incl. NPISH",2013K2,631454
"-- household consumption expenditure, incl. NPISH",2013K3,608857
"-- household consumption expenditure, incl. NPISH",2013K4,643956
"-- household consumption expenditure, incl. NPISH",2014K1,605649
"-- household consumption expenditure, incl. NPISH",2014K2,651794
"-- household consumption expenditure, incl. NPISH",2014K3,622936
"-- household consumption expenditure, incl. NPISH",2014K4,665648
"-- household consumption expenditure, incl. NPISH",2015K1,632165
"-- household consumption expenditure, incl. NPISH",2015K2,677721
"-- household consumption expenditure, incl. NPISH",2015K3,649346
"-- household consumption expenditure, incl. NPISH",2015K4,693261
"-- household consumption expenditure, incl. NPISH",2016K1,649203
"-- household consumption expenditure, incl. NPISH",2016K2,692101
"-- household consumption expenditure, incl. NPISH",2016K3,662465
"-- household consumption expenditure, incl. NPISH",2016K4,705986
"-- household consumption expenditure, incl. NPISH",2017K1,676080
"-- household consumption expenditure, incl. NPISH",2017K2,706890
"-- household consumption expenditure, incl. NPISH",2017K3,675078
"-- household consumption expenditure, incl. NPISH",2017K4,719538
"-- household consumption expenditure, incl. NPISH",2018K1,683101
"-- household consumption expenditure, incl. NPISH",2018K2,728045
"-- household consumption expenditure, incl. NPISH",2018K3,688777
"-- household consumption expenditure, incl. NPISH",2018K4,730079
"-- household consumption expenditure, incl. NPISH",2019K1,683329
"-- household consumption expenditure, incl. NPISH",2019K2,727904
"-- household consumption expenditure, incl. NPISH",2019K3,702960
"-- household consumption expenditure, incl. NPISH",2019K4,738045
"-- household consumption expenditure, incl. NPISH",2020K1,700370
"-- household consumption expenditure, incl. NPISH",2020K2,671723
"-- household consumption expenditure, incl. NPISH",2020K3,681167
"-- household consumption expenditure, incl. NPISH",2020K4,713478
"-- household consumption expenditure, incl. NPISH",2021K1,679729
"-- household consumption expenditure, incl. NPISH",2021K2,738067
"-- household consumption expenditure, incl. NPISH",2021K3,729827
"-- household consumption expenditure, incl. NPISH",2021K4,775518
"-- household consumption expenditure, incl. NPISH",2022K1,718119
"-- household consumption expenditure, incl. NPISH",2022K2,781897
"-- household consumption expenditure, incl. NPISH",2022K3,735902
"-- household consumption expenditure, incl. NPISH",2022K4,768412
"-- household consumption expenditure, incl. NPISH",2023K1,705564
"-- household consumption expenditure, incl. NPISH",2023K2,758200
"-- household consumption expenditure, incl. NPISH",2023K3,724194
"-- household consumption expenditure, incl. NPISH",2023K4,768037
"-- household consumption expenditure, incl. NPISH",2024K1,714639
"-- household consumption expenditure, incl. NPISH",2024K2,767130
"-- household consumption expenditure, incl. NPISH",2024K3,736910
"-- household consumption expenditure, incl. NPISH",2024K4,778178
"-- household consumption expenditure, incl. NPISH",2025K1,724939
"-- household consumption expenditure, incl. NPISH",2025K2,780022
"-- household consumption expenditure, incl. NPISH",2025K3,754557
"-- household consumption expenditure, incl. NPISH",2025K4,794665
"-- household consumption expenditure, incl. NPISH",2026K1,742941
"--- household final consumption expenditure, excl. NPISH",1980K1,NA
"--- household final consumption expenditure, excl. NPISH",1980K2,NA
"--- household final consumption expenditure, excl. NPISH",1980K3,NA
"--- household final consumption expenditure, excl. NPISH",1980K4,NA
"--- household final consumption expenditure, excl. NPISH",1981K1,324665
"--- household final consumption expenditure, excl. NPISH",1981K2,332471
"--- household final consumption expenditure, excl. NPISH",1981K3,309727
"--- household final consumption expenditure, excl. NPISH",1981K4,347771
"--- household final consumption expenditure, excl. NPISH",1982K1,329173
"--- household final consumption expenditure, excl. NPISH",1982K2,334989
"--- household final consumption expenditure, excl. NPISH",1982K3,311161
"--- household final consumption expenditure, excl. NPISH",1982K4,353386
"--- household final consumption expenditure, excl. NPISH",1983K1,319904
"--- household final consumption expenditure, excl. NPISH",1983K2,324163
"--- household final consumption expenditure, excl. NPISH",1983K3,304792
"--- household final consumption expenditure, excl. NPISH",1983K4,344906
"--- household final consumption expenditure, excl. NPISH",1984K1,329274
"--- household final consumption expenditure, excl. NPISH",1984K2,332330
"--- household final consumption expenditure, excl. NPISH",1984K3,309232
"--- household final consumption expenditure, excl. NPISH",1984K4,346915
"--- household final consumption expenditure, excl. NPISH",1985K1,339257
"--- household final consumption expenditure, excl. NPISH",1985K2,343250
"--- household final consumption expenditure, excl. NPISH",1985K3,316350
"--- household final consumption expenditure, excl. NPISH",1985K4,355441
"--- household final consumption expenditure, excl. NPISH",1986K1,347933
"--- household final consumption expenditure, excl. NPISH",1986K2,358713
"--- household final consumption expenditure, excl. NPISH",1986K3,338545
"--- household final consumption expenditure, excl. NPISH",1986K4,379234
"--- household final consumption expenditure, excl. NPISH",1987K1,369327
"--- household final consumption expenditure, excl. NPISH",1987K2,384858
"--- household final consumption expenditure, excl. NPISH",1987K3,350223
"--- household final consumption expenditure, excl. NPISH",1987K4,397431
"--- household final consumption expenditure, excl. NPISH",1988K1,391291
"--- household final consumption expenditure, excl. NPISH",1988K2,391190
"--- household final consumption expenditure, excl. NPISH",1988K3,362657
"--- household final consumption expenditure, excl. NPISH",1988K4,402675
"--- household final consumption expenditure, excl. NPISH",1989K1,390068
"--- household final consumption expenditure, excl. NPISH",1989K2,398235
"--- household final consumption expenditure, excl. NPISH",1989K3,365025
"--- household final consumption expenditure, excl. NPISH",1989K4,409610
"--- household final consumption expenditure, excl. NPISH",1990K1,387058
"--- household final consumption expenditure, excl. NPISH",1990K2,396491
"--- household final consumption expenditure, excl. NPISH",1990K3,361835
"--- household final consumption expenditure, excl. NPISH",1990K4,391954
"--- household final consumption expenditure, excl. NPISH",1991K1,381150
"--- household final consumption expenditure, excl. NPISH",1991K2,392762
"--- household final consumption expenditure, excl. NPISH",1991K3,363491
"--- household final consumption expenditure, excl. NPISH",1991K4,400848
"--- household final consumption expenditure, excl. NPISH",1992K1,375186
"--- household final consumption expenditure, excl. NPISH",1992K2,386674
"--- household final consumption expenditure, excl. NPISH",1992K3,360963
"--- household final consumption expenditure, excl. NPISH",1992K4,389174
"--- household final consumption expenditure, excl. NPISH",1993K1,347624
"--- household final consumption expenditure, excl. NPISH",1993K2,364224
"--- household final consumption expenditure, excl. NPISH",1993K3,357557
"--- household final consumption expenditure, excl. NPISH",1993K4,394014
"--- household final consumption expenditure, excl. NPISH",1994K1,359841
"--- household final consumption expenditure, excl. NPISH",1994K2,369738
"--- household final consumption expenditure, excl. NPISH",1994K3,362977
"--- household final consumption expenditure, excl. NPISH",1994K4,398496
"--- household final consumption expenditure, excl. NPISH",1995K1,363011
"--- household final consumption expenditure, excl. NPISH",1995K2,376787
"--- household final consumption expenditure, excl. NPISH",1995K3,369311
"--- household final consumption expenditure, excl. NPISH",1995K4,401403
"--- household final consumption expenditure, excl. NPISH",1996K1,369694
"--- household final consumption expenditure, excl. NPISH",1996K2,384972
"--- household final consumption expenditure, excl. NPISH",1996K3,379707
"--- household final consumption expenditure, excl. NPISH",1996K4,410393
"--- household final consumption expenditure, excl. NPISH",1997K1,380150
"--- household final consumption expenditure, excl. NPISH",1997K2,403729
"--- household final consumption expenditure, excl. NPISH",1997K3,387233
"--- household final consumption expenditure, excl. NPISH",1997K4,424612
"--- household final consumption expenditure, excl. NPISH",1998K1,390851
"--- household final consumption expenditure, excl. NPISH",1998K2,414669
"--- household final consumption expenditure, excl. NPISH",1998K3,402442
"--- household final consumption expenditure, excl. NPISH",1998K4,442337
"--- household final consumption expenditure, excl. NPISH",1999K1,408505
"--- household final consumption expenditure, excl. NPISH",1999K2,430521
"--- household final consumption expenditure, excl. NPISH",1999K3,418426
"--- household final consumption expenditure, excl. NPISH",1999K4,470374
"--- household final consumption expenditure, excl. NPISH",2000K1,436543
"--- household final consumption expenditure, excl. NPISH",2000K2,459737
"--- household final consumption expenditure, excl. NPISH",2000K3,445140
"--- household final consumption expenditure, excl. NPISH",2000K4,481467
"--- household final consumption expenditure, excl. NPISH",2001K1,445644
"--- household final consumption expenditure, excl. NPISH",2001K2,462691
"--- household final consumption expenditure, excl. NPISH",2001K3,447969
"--- household final consumption expenditure, excl. NPISH",2001K4,480439
"--- household final consumption expenditure, excl. NPISH",2002K1,452328
"--- household final consumption expenditure, excl. NPISH",2002K2,473035
"--- household final consumption expenditure, excl. NPISH",2002K3,458068
"--- household final consumption expenditure, excl. NPISH",2002K4,493177
"--- household final consumption expenditure, excl. NPISH",2003K1,455089
"--- household final consumption expenditure, excl. NPISH",2003K2,476910
"--- household final consumption expenditure, excl. NPISH",2003K3,467614
"--- household final consumption expenditure, excl. NPISH",2003K4,504214
"--- household final consumption expenditure, excl. NPISH",2004K1,470948
"--- household final consumption expenditure, excl. NPISH",2004K2,490128
"--- household final consumption expenditure, excl. NPISH",2004K3,480438
"--- household final consumption expenditure, excl. NPISH",2004K4,518491
"--- household final consumption expenditure, excl. NPISH",2005K1,477070
"--- household final consumption expenditure, excl. NPISH",2005K2,507478
"--- household final consumption expenditure, excl. NPISH",2005K3,500805
"--- household final consumption expenditure, excl. NPISH",2005K4,535785
"--- household final consumption expenditure, excl. NPISH",2006K1,491950
"--- household final consumption expenditure, excl. NPISH",2006K2,523158
"--- household final consumption expenditure, excl. NPISH",2006K3,511203
"--- household final consumption expenditure, excl. NPISH",2006K4,553692
"--- household final consumption expenditure, excl. NPISH",2007K1,514191
"--- household final consumption expenditure, excl. NPISH",2007K2,545681
"--- household final consumption expenditure, excl. NPISH",2007K3,538709
"--- household final consumption expenditure, excl. NPISH",2007K4,576371
"--- household final consumption expenditure, excl. NPISH",2008K1,526972
"--- household final consumption expenditure, excl. NPISH",2008K2,558816
"--- household final consumption expenditure, excl. NPISH",2008K3,532121
"--- household final consumption expenditure, excl. NPISH",2008K4,555929
"--- household final consumption expenditure, excl. NPISH",2009K1,520644
"--- household final consumption expenditure, excl. NPISH",2009K2,561630
"--- household final consumption expenditure, excl. NPISH",2009K3,543383
"--- household final consumption expenditure, excl. NPISH",2009K4,573886
"--- household final consumption expenditure, excl. NPISH",2010K1,544919
"--- household final consumption expenditure, excl. NPISH",2010K2,582918
"--- household final consumption expenditure, excl. NPISH",2010K3,565511
"--- household final consumption expenditure, excl. NPISH",2010K4,596310
"--- household final consumption expenditure, excl. NPISH",2011K1,560565
"--- household final consumption expenditure, excl. NPISH",2011K2,600531
"--- household final consumption expenditure, excl. NPISH",2011K3,572521
"--- household final consumption expenditure, excl. NPISH",2011K4,602662
"--- household final consumption expenditure, excl. NPISH",2012K1,568788
"--- household final consumption expenditure, excl. NPISH",2012K2,602098
"--- household final consumption expenditure, excl. NPISH",2012K3,580240
"--- household final consumption expenditure, excl. NPISH",2012K4,612722
"--- household final consumption expenditure, excl. NPISH",2013K1,575516
"--- household final consumption expenditure, excl. NPISH",2013K2,614262
"--- household final consumption expenditure, excl. NPISH",2013K3,593889
"--- household final consumption expenditure, excl. NPISH",2013K4,627766
"--- household final consumption expenditure, excl. NPISH",2014K1,590079
"--- household final consumption expenditure, excl. NPISH",2014K2,633781
"--- household final consumption expenditure, excl. NPISH",2014K3,606965
"--- household final consumption expenditure, excl. NPISH",2014K4,648340
"--- household final consumption expenditure, excl. NPISH",2015K1,616063
"--- household final consumption expenditure, excl. NPISH",2015K2,659086
"--- household final consumption expenditure, excl. NPISH",2015K3,632816
"--- household final consumption expenditure, excl. NPISH",2015K4,675378
"--- household final consumption expenditure, excl. NPISH",2016K1,633406
"--- household final consumption expenditure, excl. NPISH",2016K2,673793
"--- household final consumption expenditure, excl. NPISH",2016K3,646136
"--- household final consumption expenditure, excl. NPISH",2016K4,688241
"--- household final consumption expenditure, excl. NPISH",2017K1,659088
"--- household final consumption expenditure, excl. NPISH",2017K2,687484
"--- household final consumption expenditure, excl. NPISH",2017K3,657656
"--- household final consumption expenditure, excl. NPISH",2017K4,700591
"--- household final consumption expenditure, excl. NPISH",2018K1,666354
"--- household final consumption expenditure, excl. NPISH",2018K2,708908
"--- household final consumption expenditure, excl. NPISH",2018K3,671355
"--- household final consumption expenditure, excl. NPISH",2018K4,711540
"--- household final consumption expenditure, excl. NPISH",2019K1,666418
"--- household final consumption expenditure, excl. NPISH",2019K2,708454
"--- household final consumption expenditure, excl. NPISH",2019K3,685513
"--- household final consumption expenditure, excl. NPISH",2019K4,719478
"--- household final consumption expenditure, excl. NPISH",2020K1,682770
"--- household final consumption expenditure, excl. NPISH",2020K2,653008
"--- household final consumption expenditure, excl. NPISH",2020K3,663945
"--- household final consumption expenditure, excl. NPISH",2020K4,694964
"--- household final consumption expenditure, excl. NPISH",2021K1,662348
"--- household final consumption expenditure, excl. NPISH",2021K2,718099
"--- household final consumption expenditure, excl. NPISH",2021K3,711755
"--- household final consumption expenditure, excl. NPISH",2021K4,756331
"--- household final consumption expenditure, excl. NPISH",2022K1,700813
"--- household final consumption expenditure, excl. NPISH",2022K2,762242
"--- household final consumption expenditure, excl. NPISH",2022K3,718145
"--- household final consumption expenditure, excl. NPISH",2022K4,749759
"--- household final consumption expenditure, excl. NPISH",2023K1,688113
"--- household final consumption expenditure, excl. NPISH",2023K2,737490
"--- household final consumption expenditure, excl. NPISH",2023K3,705823
"--- household final consumption expenditure, excl. NPISH",2023K4,747405
"--- household final consumption expenditure, excl. NPISH",2024K1,696004
"--- household final consumption expenditure, excl. NPISH",2024K2,745909
"--- household final consumption expenditure, excl. NPISH",2024K3,717986
"--- household final consumption expenditure, excl. NPISH",2024K4,756585
"--- household final consumption expenditure, excl. NPISH",2025K1,705715
"--- household final consumption expenditure, excl. NPISH",2025K2,757581
"--- household final consumption expenditure, excl. NPISH",2025K3,734638
"--- household final consumption expenditure, excl. NPISH",2025K4,773593
"--- household final consumption expenditure, excl. NPISH",2026K1,723053
--- NPISH final consumption expenditure,1980K1,NA
--- NPISH final consumption expenditure,1980K2,NA
--- NPISH final consumption expenditure,1980K3,NA
--- NPISH final consumption expenditure,1980K4,NA
--- NPISH final consumption expenditure,1981K1,8391
--- NPISH final consumption expenditure,1981K2,7691
--- NPISH final consumption expenditure,1981K3,8487
--- NPISH final consumption expenditure,1981K4,8252
--- NPISH final consumption expenditure,1982K1,8849
--- NPISH final consumption expenditure,1982K2,8134
--- NPISH final consumption expenditure,1982K3,8924
--- NPISH final consumption expenditure,1982K4,8823
--- NPISH final consumption expenditure,1983K1,8993
--- NPISH final consumption expenditure,1983K2,8270
--- NPISH final consumption expenditure,1983K3,9108
--- NPISH final consumption expenditure,1983K4,8863
--- NPISH final consumption expenditure,1984K1,9202
--- NPISH final consumption expenditure,1984K2,8278
--- NPISH final consumption expenditure,1984K3,9107
--- NPISH final consumption expenditure,1984K4,8851
--- NPISH final consumption expenditure,1985K1,9155
--- NPISH final consumption expenditure,1985K2,8322
--- NPISH final consumption expenditure,1985K3,9210
--- NPISH final consumption expenditure,1985K4,8894
--- NPISH final consumption expenditure,1986K1,9885
--- NPISH final consumption expenditure,1986K2,8998
--- NPISH final consumption expenditure,1986K3,9885
--- NPISH final consumption expenditure,1986K4,9657
--- NPISH final consumption expenditure,1987K1,10407
--- NPISH final consumption expenditure,1987K2,9610
--- NPISH final consumption expenditure,1987K3,10490
--- NPISH final consumption expenditure,1987K4,10194
--- NPISH final consumption expenditure,1988K1,10838
--- NPISH final consumption expenditure,1988K2,10004
--- NPISH final consumption expenditure,1988K3,10895
--- NPISH final consumption expenditure,1988K4,10685
--- NPISH final consumption expenditure,1989K1,11204
--- NPISH final consumption expenditure,1989K2,10357
--- NPISH final consumption expenditure,1989K3,11326
--- NPISH final consumption expenditure,1989K4,11058
--- NPISH final consumption expenditure,1990K1,12657
--- NPISH final consumption expenditure,1990K2,11912
--- NPISH final consumption expenditure,1990K3,12820
--- NPISH final consumption expenditure,1990K4,12707
--- NPISH final consumption expenditure,1991K1,13415
--- NPISH final consumption expenditure,1991K2,12697
--- NPISH final consumption expenditure,1991K3,13596
--- NPISH final consumption expenditure,1991K4,13304
--- NPISH final consumption expenditure,1992K1,13510
--- NPISH final consumption expenditure,1992K2,12552
--- NPISH final consumption expenditure,1992K3,13402
--- NPISH final consumption expenditure,1992K4,13025
--- NPISH final consumption expenditure,1993K1,11420
--- NPISH final consumption expenditure,1993K2,15552
--- NPISH final consumption expenditure,1993K3,12116
--- NPISH final consumption expenditure,1993K4,14572
--- NPISH final consumption expenditure,1994K1,11116
--- NPISH final consumption expenditure,1994K2,15762
--- NPISH final consumption expenditure,1994K3,11729
--- NPISH final consumption expenditure,1994K4,13766
--- NPISH final consumption expenditure,1995K1,9634
--- NPISH final consumption expenditure,1995K2,16430
--- NPISH final consumption expenditure,1995K3,9862
--- NPISH final consumption expenditure,1995K4,11122
--- NPISH final consumption expenditure,1996K1,10556
--- NPISH final consumption expenditure,1996K2,13560
--- NPISH final consumption expenditure,1996K3,11085
--- NPISH final consumption expenditure,1996K4,12230
--- NPISH final consumption expenditure,1997K1,10987
--- NPISH final consumption expenditure,1997K2,13935
--- NPISH final consumption expenditure,1997K3,11380
--- NPISH final consumption expenditure,1997K4,12484
--- NPISH final consumption expenditure,1998K1,10851
--- NPISH final consumption expenditure,1998K2,13793
--- NPISH final consumption expenditure,1998K3,11617
--- NPISH final consumption expenditure,1998K4,12624
--- NPISH final consumption expenditure,1999K1,10151
--- NPISH final consumption expenditure,1999K2,12482
--- NPISH final consumption expenditure,1999K3,10598
--- NPISH final consumption expenditure,1999K4,11513
--- NPISH final consumption expenditure,2000K1,13865
--- NPISH final consumption expenditure,2000K2,16742
--- NPISH final consumption expenditure,2000K3,14055
--- NPISH final consumption expenditure,2000K4,15892
--- NPISH final consumption expenditure,2001K1,13991
--- NPISH final consumption expenditure,2001K2,17419
--- NPISH final consumption expenditure,2001K3,14329
--- NPISH final consumption expenditure,2001K4,16314
--- NPISH final consumption expenditure,2002K1,14608
--- NPISH final consumption expenditure,2002K2,18065
--- NPISH final consumption expenditure,2002K3,15008
--- NPISH final consumption expenditure,2002K4,16911
--- NPISH final consumption expenditure,2003K1,15677
--- NPISH final consumption expenditure,2003K2,19067
--- NPISH final consumption expenditure,2003K3,15916
--- NPISH final consumption expenditure,2003K4,17862
--- NPISH final consumption expenditure,2004K1,15653
--- NPISH final consumption expenditure,2004K2,18948
--- NPISH final consumption expenditure,2004K3,15792
--- NPISH final consumption expenditure,2004K4,17726
--- NPISH final consumption expenditure,2005K1,16158
--- NPISH final consumption expenditure,2005K2,19635
--- NPISH final consumption expenditure,2005K3,16388
--- NPISH final consumption expenditure,2005K4,19067
--- NPISH final consumption expenditure,2006K1,16249
--- NPISH final consumption expenditure,2006K2,19940
--- NPISH final consumption expenditure,2006K3,16649
--- NPISH final consumption expenditure,2006K4,18867
--- NPISH final consumption expenditure,2007K1,16390
--- NPISH final consumption expenditure,2007K2,19900
--- NPISH final consumption expenditure,2007K3,16683
--- NPISH final consumption expenditure,2007K4,18584
--- NPISH final consumption expenditure,2008K1,16730
--- NPISH final consumption expenditure,2008K2,20039
--- NPISH final consumption expenditure,2008K3,16803
--- NPISH final consumption expenditure,2008K4,18980
--- NPISH final consumption expenditure,2009K1,16267
--- NPISH final consumption expenditure,2009K2,19729
--- NPISH final consumption expenditure,2009K3,16275
--- NPISH final consumption expenditure,2009K4,18126
--- NPISH final consumption expenditure,2010K1,16187
--- NPISH final consumption expenditure,2010K2,19751
--- NPISH final consumption expenditure,2010K3,16421
--- NPISH final consumption expenditure,2010K4,17893
--- NPISH final consumption expenditure,2011K1,15353
--- NPISH final consumption expenditure,2011K2,18642
--- NPISH final consumption expenditure,2011K3,15630
--- NPISH final consumption expenditure,2011K4,17355
--- NPISH final consumption expenditure,2012K1,15342
--- NPISH final consumption expenditure,2012K2,18537
--- NPISH final consumption expenditure,2012K3,15607
--- NPISH final consumption expenditure,2012K4,16990
--- NPISH final consumption expenditure,2013K1,14634
--- NPISH final consumption expenditure,2013K2,17276
--- NPISH final consumption expenditure,2013K3,14949
--- NPISH final consumption expenditure,2013K4,16193
--- NPISH final consumption expenditure,2014K1,15589
--- NPISH final consumption expenditure,2014K2,18071
--- NPISH final consumption expenditure,2014K3,15988
--- NPISH final consumption expenditure,2014K4,17335
--- NPISH final consumption expenditure,2015K1,16119
--- NPISH final consumption expenditure,2015K2,18688
--- NPISH final consumption expenditure,2015K3,16548
--- NPISH final consumption expenditure,2015K4,17908
--- NPISH final consumption expenditure,2016K1,15808
--- NPISH final consumption expenditure,2016K2,18342
--- NPISH final consumption expenditure,2016K3,16343
--- NPISH final consumption expenditure,2016K4,17764
--- NPISH final consumption expenditure,2017K1,17012
--- NPISH final consumption expenditure,2017K2,19445
--- NPISH final consumption expenditure,2017K3,17447
--- NPISH final consumption expenditure,2017K4,18977
--- NPISH final consumption expenditure,2018K1,16772
--- NPISH final consumption expenditure,2018K2,19168
--- NPISH final consumption expenditure,2018K3,17449
--- NPISH final consumption expenditure,2018K4,18566
--- NPISH final consumption expenditure,2019K1,16944
--- NPISH final consumption expenditure,2019K2,19462
--- NPISH final consumption expenditure,2019K3,17481
--- NPISH final consumption expenditure,2019K4,18599
--- NPISH final consumption expenditure,2020K1,17631
--- NPISH final consumption expenditure,2020K2,18708
--- NPISH final consumption expenditure,2020K3,17250
--- NPISH final consumption expenditure,2020K4,18533
--- NPISH final consumption expenditure,2021K1,17407
--- NPISH final consumption expenditure,2021K2,19969
--- NPISH final consumption expenditure,2021K3,18113
--- NPISH final consumption expenditure,2021K4,19230
--- NPISH final consumption expenditure,2022K1,17372
--- NPISH final consumption expenditure,2022K2,19696
--- NPISH final consumption expenditure,2022K3,17824
--- NPISH final consumption expenditure,2022K4,18720
--- NPISH final consumption expenditure,2023K1,17499
--- NPISH final consumption expenditure,2023K2,20691
--- NPISH final consumption expenditure,2023K3,18404
--- NPISH final consumption expenditure,2023K4,20628
--- NPISH final consumption expenditure,2024K1,18649
--- NPISH final consumption expenditure,2024K2,21211
--- NPISH final consumption expenditure,2024K3,18946
--- NPISH final consumption expenditure,2024K4,21582
--- NPISH final consumption expenditure,2025K1,19224
--- NPISH final consumption expenditure,2025K2,22441
--- NPISH final consumption expenditure,2025K3,19919
--- NPISH final consumption expenditure,2025K4,21072
--- NPISH final consumption expenditure,2026K1,19888
-- general government final consumption expenditure,1980K1,NA
-- general government final consumption expenditure,1980K2,NA
-- general government final consumption expenditure,1980K3,NA
-- general government final consumption expenditure,1980K4,NA
-- general government final consumption expenditure,1981K1,271628
-- general government final consumption expenditure,1981K2,279496
-- general government final consumption expenditure,1981K3,241413
-- general government final consumption expenditure,1981K4,259995
-- general government final consumption expenditure,1982K1,273763
-- general government final consumption expenditure,1982K2,281231
-- general government final consumption expenditure,1982K3,243204
-- general government final consumption expenditure,1982K4,265681
-- general government final consumption expenditure,1983K1,276136
-- general government final consumption expenditure,1983K2,282396
-- general government final consumption expenditure,1983K3,243787
-- general government final consumption expenditure,1983K4,269162
-- general government final consumption expenditure,1984K1,279971
-- general government final consumption expenditure,1984K2,286583
-- general government final consumption expenditure,1984K3,249383
-- general government final consumption expenditure,1984K4,275502
-- general government final consumption expenditure,1985K1,285019
-- general government final consumption expenditure,1985K2,293411
-- general government final consumption expenditure,1985K3,250991
-- general government final consumption expenditure,1985K4,277450
-- general government final consumption expenditure,1986K1,294021
-- general government final consumption expenditure,1986K2,298156
-- general government final consumption expenditure,1986K3,255488
-- general government final consumption expenditure,1986K4,281698
-- general government final consumption expenditure,1987K1,296920
-- general government final consumption expenditure,1987K2,299680
-- general government final consumption expenditure,1987K3,255197
-- general government final consumption expenditure,1987K4,288904
-- general government final consumption expenditure,1988K1,300117
-- general government final consumption expenditure,1988K2,303324
-- general government final consumption expenditure,1988K3,255828
-- general government final consumption expenditure,1988K4,289432
-- general government final consumption expenditure,1989K1,305651
-- general government final consumption expenditure,1989K2,308531
-- general government final consumption expenditure,1989K3,263172
-- general government final consumption expenditure,1989K4,293327
-- general government final consumption expenditure,1990K1,308736
-- general government final consumption expenditure,1990K2,317642
-- general government final consumption expenditure,1990K3,272153
-- general government final consumption expenditure,1990K4,307262
-- general government final consumption expenditure,1991K1,318815
-- general government final consumption expenditure,1991K2,325134
-- general government final consumption expenditure,1991K3,284545
-- general government final consumption expenditure,1991K4,327191
-- general government final consumption expenditure,1992K1,339682
-- general government final consumption expenditure,1992K2,343474
-- general government final consumption expenditure,1992K3,287687
-- general government final consumption expenditure,1992K4,317531
-- general government final consumption expenditure,1993K1,338261
-- general government final consumption expenditure,1993K2,334500
-- general government final consumption expenditure,1993K3,272400
-- general government final consumption expenditure,1993K4,343026
-- general government final consumption expenditure,1994K1,332126
-- general government final consumption expenditure,1994K2,331407
-- general government final consumption expenditure,1994K3,273613
-- general government final consumption expenditure,1994K4,341149
-- general government final consumption expenditure,1995K1,336230
-- general government final consumption expenditure,1995K2,327803
-- general government final consumption expenditure,1995K3,276615
-- general government final consumption expenditure,1995K4,345685
-- general government final consumption expenditure,1996K1,333630
-- general government final consumption expenditure,1996K2,323815
-- general government final consumption expenditure,1996K3,278438
-- general government final consumption expenditure,1996K4,347895
-- general government final consumption expenditure,1997K1,319484
-- general government final consumption expenditure,1997K2,325066
-- general government final consumption expenditure,1997K3,286389
-- general government final consumption expenditure,1997K4,347475
-- general government final consumption expenditure,1998K1,336091
-- general government final consumption expenditure,1998K2,329997
-- general government final consumption expenditure,1998K3,296428
-- general government final consumption expenditure,1998K4,361530
-- general government final consumption expenditure,1999K1,345233
-- general government final consumption expenditure,1999K2,340618
-- general government final consumption expenditure,1999K3,296740
-- general government final consumption expenditure,1999K4,364046
-- general government final consumption expenditure,2000K1,345939
-- general government final consumption expenditure,2000K2,334154
-- general government final consumption expenditure,2000K3,292467
-- general government final consumption expenditure,2000K4,358531
-- general government final consumption expenditure,2001K1,346008
-- general government final consumption expenditure,2001K2,334838
-- general government final consumption expenditure,2001K3,289484
-- general government final consumption expenditure,2001K4,361601
-- general government final consumption expenditure,2002K1,349556
-- general government final consumption expenditure,2002K2,346612
-- general government final consumption expenditure,2002K3,296403
-- general government final consumption expenditure,2002K4,368566
-- general government final consumption expenditure,2003K1,352758
-- general government final consumption expenditure,2003K2,347209
-- general government final consumption expenditure,2003K3,298262
-- general government final consumption expenditure,2003K4,368071
-- general government final consumption expenditure,2004K1,352684
-- general government final consumption expenditure,2004K2,347752
-- general government final consumption expenditure,2004K3,291541
-- general government final consumption expenditure,2004K4,366830
-- general government final consumption expenditure,2005K1,348863
-- general government final consumption expenditure,2005K2,353956
-- general government final consumption expenditure,2005K3,291718
-- general government final consumption expenditure,2005K4,368865
-- general government final consumption expenditure,2006K1,358806
-- general government final consumption expenditure,2006K2,350206
-- general government final consumption expenditure,2006K3,298184
-- general government final consumption expenditure,2006K4,377390
-- general government final consumption expenditure,2007K1,360171
-- general government final consumption expenditure,2007K2,355154
-- general government final consumption expenditure,2007K3,298631
-- general government final consumption expenditure,2007K4,379063
-- general government final consumption expenditure,2008K1,359240
-- general government final consumption expenditure,2008K2,364526
-- general government final consumption expenditure,2008K3,304329
-- general government final consumption expenditure,2008K4,380188
-- general government final consumption expenditure,2009K1,371613
-- general government final consumption expenditure,2009K2,365523
-- general government final consumption expenditure,2009K3,310819
-- general government final consumption expenditure,2009K4,394448
-- general government final consumption expenditure,2010K1,371116
-- general government final consumption expenditure,2010K2,374417
-- general government final consumption expenditure,2010K3,314505
-- general government final consumption expenditure,2010K4,402406
-- general government final consumption expenditure,2011K1,375957
-- general government final consumption expenditure,2011K2,375021
-- general government final consumption expenditure,2011K3,318401
-- general government final consumption expenditure,2011K4,404301
-- general government final consumption expenditure,2012K1,381526
-- general government final consumption expenditure,2012K2,376786
-- general government final consumption expenditure,2012K3,323519
-- general government final consumption expenditure,2012K4,406749
-- general government final consumption expenditure,2013K1,384561
-- general government final consumption expenditure,2013K2,386469
-- general government final consumption expenditure,2013K3,329842
-- general government final consumption expenditure,2013K4,414851
-- general government final consumption expenditure,2014K1,385352
-- general government final consumption expenditure,2014K2,388006
-- general government final consumption expenditure,2014K3,335794
-- general government final consumption expenditure,2014K4,423719
-- general government final consumption expenditure,2015K1,393561
-- general government final consumption expenditure,2015K2,395396
-- general government final consumption expenditure,2015K3,341292
-- general government final consumption expenditure,2015K4,436385
-- general government final consumption expenditure,2016K1,401689
-- general government final consumption expenditure,2016K2,421656
-- general government final consumption expenditure,2016K3,352669
-- general government final consumption expenditure,2016K4,448748
-- general government final consumption expenditure,2017K1,410907
-- general government final consumption expenditure,2017K2,411750
-- general government final consumption expenditure,2017K3,354703
-- general government final consumption expenditure,2017K4,450832
-- general government final consumption expenditure,2018K1,410940
-- general government final consumption expenditure,2018K2,418954
-- general government final consumption expenditure,2018K3,357311
-- general government final consumption expenditure,2018K4,452902
-- general government final consumption expenditure,2019K1,417677
-- general government final consumption expenditure,2019K2,412569
-- general government final consumption expenditure,2019K3,359325
-- general government final consumption expenditure,2019K4,450613
-- general government final consumption expenditure,2020K1,409794
-- general government final consumption expenditure,2020K2,402657
-- general government final consumption expenditure,2020K3,354270
-- general government final consumption expenditure,2020K4,447872
-- general government final consumption expenditure,2021K1,416453
-- general government final consumption expenditure,2021K2,427269
-- general government final consumption expenditure,2021K3,366148
-- general government final consumption expenditure,2021K4,460175
-- general government final consumption expenditure,2022K1,421580
-- general government final consumption expenditure,2022K2,421224
-- general government final consumption expenditure,2022K3,370437
-- general government final consumption expenditure,2022K4,468152
-- general government final consumption expenditure,2023K1,433281
-- general government final consumption expenditure,2023K2,426667
-- general government final consumption expenditure,2023K3,367535
-- general government final consumption expenditure,2023K4,471108
-- general government final consumption expenditure,2024K1,438598
-- general government final consumption expenditure,2024K2,431958
-- general government final consumption expenditure,2024K3,375580
-- general government final consumption expenditure,2024K4,469915
-- general government final consumption expenditure,2025K1,436517
-- general government final consumption expenditure,2025K2,431399
-- general government final consumption expenditure,2025K3,381140
-- general government final consumption expenditure,2025K4,484672
-- general government final consumption expenditure,2026K1,442219
--- central government final consumption expenditure,1980K1,NA
--- central government final consumption expenditure,1980K2,NA
--- central government final consumption expenditure,1980K3,NA
--- central government final consumption expenditure,1980K4,NA
--- central government final consumption expenditure,1981K1,79749
--- central government final consumption expenditure,1981K2,85513
--- central government final consumption expenditure,1981K3,88878
--- central government final consumption expenditure,1981K4,56419
--- central government final consumption expenditure,1982K1,78105
--- central government final consumption expenditure,1982K2,84583
--- central government final consumption expenditure,1982K3,88984
--- central government final consumption expenditure,1982K4,57285
--- central government final consumption expenditure,1983K1,75629
--- central government final consumption expenditure,1983K2,82245
--- central government final consumption expenditure,1983K3,85945
--- central government final consumption expenditure,1983K4,56645
--- central government final consumption expenditure,1984K1,74729
--- central government final consumption expenditure,1984K2,81122
--- central government final consumption expenditure,1984K3,86651
--- central government final consumption expenditure,1984K4,56898
--- central government final consumption expenditure,1985K1,74587
--- central government final consumption expenditure,1985K2,81876
--- central government final consumption expenditure,1985K3,85571
--- central government final consumption expenditure,1985K4,55945
--- central government final consumption expenditure,1986K1,77624
--- central government final consumption expenditure,1986K2,83279
--- central government final consumption expenditure,1986K3,88903
--- central government final consumption expenditure,1986K4,57006
--- central government final consumption expenditure,1987K1,76467
--- central government final consumption expenditure,1987K2,82017
--- central government final consumption expenditure,1987K3,87666
--- central government final consumption expenditure,1987K4,55400
--- central government final consumption expenditure,1988K1,75912
--- central government final consumption expenditure,1988K2,81252
--- central government final consumption expenditure,1988K3,87132
--- central government final consumption expenditure,1988K4,56251
--- central government final consumption expenditure,1989K1,78691
--- central government final consumption expenditure,1989K2,83161
--- central government final consumption expenditure,1989K3,91019
--- central government final consumption expenditure,1989K4,58758
--- central government final consumption expenditure,1990K1,80072
--- central government final consumption expenditure,1990K2,85889
--- central government final consumption expenditure,1990K3,95620
--- central government final consumption expenditure,1990K4,65309
--- central government final consumption expenditure,1991K1,81464
--- central government final consumption expenditure,1991K2,85571
--- central government final consumption expenditure,1991K3,102056
--- central government final consumption expenditure,1991K4,74292
--- central government final consumption expenditure,1992K1,96062
--- central government final consumption expenditure,1992K2,103014
--- central government final consumption expenditure,1992K3,104172
--- central government final consumption expenditure,1992K4,68715
--- central government final consumption expenditure,1993K1,101639
--- central government final consumption expenditure,1993K2,104391
--- central government final consumption expenditure,1993K3,82559
--- central government final consumption expenditure,1993K4,92075
--- central government final consumption expenditure,1994K1,97623
--- central government final consumption expenditure,1994K2,102221
--- central government final consumption expenditure,1994K3,83644
--- central government final consumption expenditure,1994K4,93352
--- central government final consumption expenditure,1995K1,98728
--- central government final consumption expenditure,1995K2,101826
--- central government final consumption expenditure,1995K3,85871
--- central government final consumption expenditure,1995K4,96593
--- central government final consumption expenditure,1996K1,94533
--- central government final consumption expenditure,1996K2,97695
--- central government final consumption expenditure,1996K3,83734
--- central government final consumption expenditure,1996K4,99609
--- central government final consumption expenditure,1997K1,88663
--- central government final consumption expenditure,1997K2,93544
--- central government final consumption expenditure,1997K3,86664
--- central government final consumption expenditure,1997K4,97602
--- central government final consumption expenditure,1998K1,85959
--- central government final consumption expenditure,1998K2,89914
--- central government final consumption expenditure,1998K3,82882
--- central government final consumption expenditure,1998K4,92557
--- central government final consumption expenditure,1999K1,89066
--- central government final consumption expenditure,1999K2,92808
--- central government final consumption expenditure,1999K3,81874
--- central government final consumption expenditure,1999K4,93890
--- central government final consumption expenditure,2000K1,85995
--- central government final consumption expenditure,2000K2,89205
--- central government final consumption expenditure,2000K3,80840
--- central government final consumption expenditure,2000K4,92615
--- central government final consumption expenditure,2001K1,83985
--- central government final consumption expenditure,2001K2,87150
--- central government final consumption expenditure,2001K3,76152
--- central government final consumption expenditure,2001K4,90138
--- central government final consumption expenditure,2002K1,85196
--- central government final consumption expenditure,2002K2,90576
--- central government final consumption expenditure,2002K3,77105
--- central government final consumption expenditure,2002K4,93414
--- central government final consumption expenditure,2003K1,87953
--- central government final consumption expenditure,2003K2,92833
--- central government final consumption expenditure,2003K3,77324
--- central government final consumption expenditure,2003K4,93800
--- central government final consumption expenditure,2004K1,87839
--- central government final consumption expenditure,2004K2,93718
--- central government final consumption expenditure,2004K3,75346
--- central government final consumption expenditure,2004K4,94760
--- central government final consumption expenditure,2005K1,86600
--- central government final consumption expenditure,2005K2,93515
--- central government final consumption expenditure,2005K3,73687
--- central government final consumption expenditure,2005K4,92216
--- central government final consumption expenditure,2006K1,87095
--- central government final consumption expenditure,2006K2,90673
--- central government final consumption expenditure,2006K3,76026
--- central government final consumption expenditure,2006K4,95489
--- central government final consumption expenditure,2007K1,85656
--- central government final consumption expenditure,2007K2,92329
--- central government final consumption expenditure,2007K3,73943
--- central government final consumption expenditure,2007K4,93981
--- central government final consumption expenditure,2008K1,83656
--- central government final consumption expenditure,2008K2,93558
--- central government final consumption expenditure,2008K3,75308
--- central government final consumption expenditure,2008K4,93759
--- central government final consumption expenditure,2009K1,88354
--- central government final consumption expenditure,2009K2,93291
--- central government final consumption expenditure,2009K3,77751
--- central government final consumption expenditure,2009K4,100588
--- central government final consumption expenditure,2010K1,90621
--- central government final consumption expenditure,2010K2,100625
--- central government final consumption expenditure,2010K3,79524
--- central government final consumption expenditure,2010K4,102676
--- central government final consumption expenditure,2011K1,91465
--- central government final consumption expenditure,2011K2,99790
--- central government final consumption expenditure,2011K3,80068
--- central government final consumption expenditure,2011K4,104367
--- central government final consumption expenditure,2012K1,94106
--- central government final consumption expenditure,2012K2,101205
--- central government final consumption expenditure,2012K3,82980
--- central government final consumption expenditure,2012K4,106819
--- central government final consumption expenditure,2013K1,96909
--- central government final consumption expenditure,2013K2,107257
--- central government final consumption expenditure,2013K3,85054
--- central government final consumption expenditure,2013K4,109520
--- central government final consumption expenditure,2014K1,96147
--- central government final consumption expenditure,2014K2,106688
--- central government final consumption expenditure,2014K3,86640
--- central government final consumption expenditure,2014K4,112190
--- central government final consumption expenditure,2015K1,98692
--- central government final consumption expenditure,2015K2,107213
--- central government final consumption expenditure,2015K3,88010
--- central government final consumption expenditure,2015K4,115635
--- central government final consumption expenditure,2016K1,101426
--- central government final consumption expenditure,2016K2,114235
--- central government final consumption expenditure,2016K3,89308
--- central government final consumption expenditure,2016K4,114750
--- central government final consumption expenditure,2017K1,100678
--- central government final consumption expenditure,2017K2,109554
--- central government final consumption expenditure,2017K3,88778
--- central government final consumption expenditure,2017K4,114496
--- central government final consumption expenditure,2018K1,100596
--- central government final consumption expenditure,2018K2,109294
--- central government final consumption expenditure,2018K3,90263
--- central government final consumption expenditure,2018K4,115948
--- central government final consumption expenditure,2019K1,101239
--- central government final consumption expenditure,2019K2,105411
--- central government final consumption expenditure,2019K3,90070
--- central government final consumption expenditure,2019K4,114941
--- central government final consumption expenditure,2020K1,99071
--- central government final consumption expenditure,2020K2,107723
--- central government final consumption expenditure,2020K3,89440
--- central government final consumption expenditure,2020K4,117217
--- central government final consumption expenditure,2021K1,105542
--- central government final consumption expenditure,2021K2,113696
--- central government final consumption expenditure,2021K3,92734
--- central government final consumption expenditure,2021K4,124693
--- central government final consumption expenditure,2022K1,106998
--- central government final consumption expenditure,2022K2,114085
--- central government final consumption expenditure,2022K3,97828
--- central government final consumption expenditure,2022K4,127958
--- central government final consumption expenditure,2023K1,112745
--- central government final consumption expenditure,2023K2,119992
--- central government final consumption expenditure,2023K3,97793
--- central government final consumption expenditure,2023K4,129620
--- central government final consumption expenditure,2024K1,115581
--- central government final consumption expenditure,2024K2,120592
--- central government final consumption expenditure,2024K3,101473
--- central government final consumption expenditure,2024K4,127584
--- central government final consumption expenditure,2025K1,117443
--- central government final consumption expenditure,2025K2,122237
--- central government final consumption expenditure,2025K3,105910
--- central government final consumption expenditure,2025K4,142602
--- central government final consumption expenditure,2026K1,122699
--- local government final consumption expenditure,1980K1,NA
--- local government final consumption expenditure,1980K2,NA
--- local government final consumption expenditure,1980K3,NA
--- local government final consumption expenditure,1980K4,NA
--- local government final consumption expenditure,1981K1,189946
--- local government final consumption expenditure,1981K2,191279
--- local government final consumption expenditure,1981K3,147093
--- local government final consumption expenditure,1981K4,205847
--- local government final consumption expenditure,1982K1,194134
--- local government final consumption expenditure,1982K2,194258
--- local government final consumption expenditure,1982K3,149144
--- local government final consumption expenditure,1982K4,210435
--- local government final consumption expenditure,1983K1,199553
--- local government final consumption expenditure,1983K2,198262
--- local government final consumption expenditure,1983K3,153426
--- local government final consumption expenditure,1983K4,214770
--- local government final consumption expenditure,1984K1,204611
--- local government final consumption expenditure,1984K2,203986
--- local government final consumption expenditure,1984K3,158572
--- local government final consumption expenditure,1984K4,220964
--- local government final consumption expenditure,1985K1,210082
--- local government final consumption expenditure,1985K2,210225
--- local government final consumption expenditure,1985K3,161406
--- local government final consumption expenditure,1985K4,224272
--- local government final consumption expenditure,1986K1,215912
--- local government final consumption expenditure,1986K2,213528
--- local government final consumption expenditure,1986K3,162133
--- local government final consumption expenditure,1986K4,227489
--- local government final consumption expenditure,1987K1,220245
--- local government final consumption expenditure,1987K2,216634
--- local government final consumption expenditure,1987K3,163644
--- local government final consumption expenditure,1987K4,236514
--- local government final consumption expenditure,1988K1,224295
--- local government final consumption expenditure,1988K2,221308
--- local government final consumption expenditure,1988K3,164541
--- local government final consumption expenditure,1988K4,236470
--- local government final consumption expenditure,1989K1,226802
--- local government final consumption expenditure,1989K2,224478
--- local government final consumption expenditure,1989K3,167446
--- local government final consumption expenditure,1989K4,237709
--- local government final consumption expenditure,1990K1,228379
--- local government final consumption expenditure,1990K2,230787
--- local government final consumption expenditure,1990K3,171474
--- local government final consumption expenditure,1990K4,244431
--- local government final consumption expenditure,1991K1,237219
--- local government final consumption expenditure,1991K2,238987
--- local government final consumption expenditure,1991K3,177161
--- local government final consumption expenditure,1991K4,254417
--- local government final consumption expenditure,1992K1,241747
--- local government final consumption expenditure,1992K2,237360
--- local government final consumption expenditure,1992K3,177250
--- local government final consumption expenditure,1992K4,251390
--- local government final consumption expenditure,1993K1,233596
--- local government final consumption expenditure,1993K2,226276
--- local government final consumption expenditure,1993K3,187250
--- local government final consumption expenditure,1993K4,250265
--- local government final consumption expenditure,1994K1,232003
--- local government final consumption expenditure,1994K2,225649
--- local government final consumption expenditure,1994K3,187211
--- local government final consumption expenditure,1994K4,246729
--- local government final consumption expenditure,1995K1,234997
--- local government final consumption expenditure,1995K2,222268
--- local government final consumption expenditure,1995K3,187628
--- local government final consumption expenditure,1995K4,247631
--- local government final consumption expenditure,1996K1,237363
--- local government final consumption expenditure,1996K2,223120
--- local government final consumption expenditure,1996K3,192185
--- local government final consumption expenditure,1996K4,246252
--- local government final consumption expenditure,1997K1,229472
--- local government final consumption expenditure,1997K2,229483
--- local government final consumption expenditure,1997K3,197076
--- local government final consumption expenditure,1997K4,248170
--- local government final consumption expenditure,1998K1,250041
--- local government final consumption expenditure,1998K2,238962
--- local government final consumption expenditure,1998K3,212142
--- local government final consumption expenditure,1998K4,268859
--- local government final consumption expenditure,1999K1,255913
--- local government final consumption expenditure,1999K2,246669
--- local government final consumption expenditure,1999K3,213687
--- local government final consumption expenditure,1999K4,269893
--- local government final consumption expenditure,2000K1,260402
--- local government final consumption expenditure,2000K2,244151
--- local government final consumption expenditure,2000K3,210371
--- local government final consumption expenditure,2000K4,265688
--- local government final consumption expenditure,2001K1,263087
--- local government final consumption expenditure,2001K2,247357
--- local government final consumption expenditure,2001K3,212860
--- local government final consumption expenditure,2001K4,272026
--- local government final consumption expenditure,2002K1,265298
--- local government final consumption expenditure,2002K2,255656
--- local government final consumption expenditure,2002K3,219048
--- local government final consumption expenditure,2002K4,275371
--- local government final consumption expenditure,2003K1,265288
--- local government final consumption expenditure,2003K2,253642
--- local government final consumption expenditure,2003K3,220774
--- local government final consumption expenditure,2003K4,274384
--- local government final consumption expenditure,2004K1,265258
--- local government final consumption expenditure,2004K2,253278
--- local government final consumption expenditure,2004K3,216089
--- local government final consumption expenditure,2004K4,271943
--- local government final consumption expenditure,2005K1,262623
--- local government final consumption expenditure,2005K2,260028
--- local government final consumption expenditure,2005K3,218157
--- local government final consumption expenditure,2005K4,276938
--- local government final consumption expenditure,2006K1,272350
--- local government final consumption expenditure,2006K2,259380
--- local government final consumption expenditure,2006K3,222189
--- local government final consumption expenditure,2006K4,282042
--- local government final consumption expenditure,2007K1,275424
--- local government final consumption expenditure,2007K2,262605
--- local government final consumption expenditure,2007K3,225027
--- local government final consumption expenditure,2007K4,285498
--- local government final consumption expenditure,2008K1,276699
--- local government final consumption expenditure,2008K2,270940
--- local government final consumption expenditure,2008K3,229371
--- local government final consumption expenditure,2008K4,286909
--- local government final consumption expenditure,2009K1,284163
--- local government final consumption expenditure,2009K2,272281
--- local government final consumption expenditure,2009K3,233317
--- local government final consumption expenditure,2009K4,293922
--- local government final consumption expenditure,2010K1,281077
--- local government final consumption expenditure,2010K2,273199
--- local government final consumption expenditure,2010K3,235124
--- local government final consumption expenditure,2010K4,299795
--- local government final consumption expenditure,2011K1,285017
--- local government final consumption expenditure,2011K2,274860
--- local government final consumption expenditure,2011K3,238506
--- local government final consumption expenditure,2011K4,299871
--- local government final consumption expenditure,2012K1,287842
--- local government final consumption expenditure,2012K2,275072
--- local government final consumption expenditure,2012K3,240540
--- local government final consumption expenditure,2012K4,299654
--- local government final consumption expenditure,2013K1,287813
--- local government final consumption expenditure,2013K2,278403
--- local government final consumption expenditure,2013K3,244735
--- local government final consumption expenditure,2013K4,305014
--- local government final consumption expenditure,2014K1,289375
--- local government final consumption expenditure,2014K2,280678
--- local government final consumption expenditure,2014K3,249068
--- local government final consumption expenditure,2014K4,311185
--- local government final consumption expenditure,2015K1,294969
--- local government final consumption expenditure,2015K2,287681
--- local government final consumption expenditure,2015K3,253188
--- local government final consumption expenditure,2015K4,320399
--- local government final consumption expenditure,2016K1,300263
--- local government final consumption expenditure,2016K2,306950
--- local government final consumption expenditure,2016K3,263345
--- local government final consumption expenditure,2016K4,333911
--- local government final consumption expenditure,2017K1,310316
--- local government final consumption expenditure,2017K2,301916
--- local government final consumption expenditure,2017K3,265921
--- local government final consumption expenditure,2017K4,336259
--- local government final consumption expenditure,2018K1,310399
--- local government final consumption expenditure,2018K2,309494
--- local government final consumption expenditure,2018K3,267004
--- local government final consumption expenditure,2018K4,336847
--- local government final consumption expenditure,2019K1,316483
--- local government final consumption expenditure,2019K2,307074
--- local government final consumption expenditure,2019K3,269224
--- local government final consumption expenditure,2019K4,335585
--- local government final consumption expenditure,2020K1,310818
--- local government final consumption expenditure,2020K2,294657
--- local government final consumption expenditure,2020K3,264777
--- local government final consumption expenditure,2020K4,330443
--- local government final consumption expenditure,2021K1,310797
--- local government final consumption expenditure,2021K2,313451
--- local government final consumption expenditure,2021K3,273314
--- local government final consumption expenditure,2021K4,335346
--- local government final consumption expenditure,2022K1,314472
--- local government final consumption expenditure,2022K2,307010
--- local government final consumption expenditure,2022K3,272502
--- local government final consumption expenditure,2022K4,340046
--- local government final consumption expenditure,2023K1,320412
--- local government final consumption expenditure,2023K2,306542
--- local government final consumption expenditure,2023K3,269634
--- local government final consumption expenditure,2023K4,341343
--- local government final consumption expenditure,2024K1,322774
--- local government final consumption expenditure,2024K2,311358
--- local government final consumption expenditure,2024K3,273985
--- local government final consumption expenditure,2024K4,342201
--- local government final consumption expenditure,2025K1,319074
--- local government final consumption expenditure,2025K2,309162
--- local government final consumption expenditure,2025K3,275230
--- local government final consumption expenditure,2025K4,342070
--- local government final consumption expenditure,2026K1,319520
---- municipalities final consumption expenditure,1980K1,NA
---- municipalities final consumption expenditure,1980K2,NA
---- municipalities final consumption expenditure,1980K3,NA
---- municipalities final consumption expenditure,1980K4,NA
---- municipalities final consumption expenditure,1981K1,117827
---- municipalities final consumption expenditure,1981K2,116972
---- municipalities final consumption expenditure,1981K3,91589
---- municipalities final consumption expenditure,1981K4,126005
---- municipalities final consumption expenditure,1982K1,118953
---- municipalities final consumption expenditure,1982K2,117222
---- municipalities final consumption expenditure,1982K3,91710
---- municipalities final consumption expenditure,1982K4,127166
---- municipalities final consumption expenditure,1983K1,120517
---- municipalities final consumption expenditure,1983K2,117903
---- municipalities final consumption expenditure,1983K3,93035
---- municipalities final consumption expenditure,1983K4,127930
---- municipalities final consumption expenditure,1984K1,123423
---- municipalities final consumption expenditure,1984K2,121179
---- municipalities final consumption expenditure,1984K3,96056
---- municipalities final consumption expenditure,1984K4,131490
---- municipalities final consumption expenditure,1985K1,126790
---- municipalities final consumption expenditure,1985K2,124959
---- municipalities final consumption expenditure,1985K3,97887
---- municipalities final consumption expenditure,1985K4,133674
---- municipalities final consumption expenditure,1986K1,129889
---- municipalities final consumption expenditure,1986K2,126172
---- municipalities final consumption expenditure,1986K3,97360
---- municipalities final consumption expenditure,1986K4,136401
---- municipalities final consumption expenditure,1987K1,131881
---- municipalities final consumption expenditure,1987K2,126637
---- municipalities final consumption expenditure,1987K3,99312
---- municipalities final consumption expenditure,1987K4,143975
---- municipalities final consumption expenditure,1988K1,132574
---- municipalities final consumption expenditure,1988K2,128013
---- municipalities final consumption expenditure,1988K3,98485
---- municipalities final consumption expenditure,1988K4,142430
---- municipalities final consumption expenditure,1989K1,133187
---- municipalities final consumption expenditure,1989K2,130715
---- municipalities final consumption expenditure,1989K3,100373
---- municipalities final consumption expenditure,1989K4,142910
---- municipalities final consumption expenditure,1990K1,133346
---- municipalities final consumption expenditure,1990K2,134499
---- municipalities final consumption expenditure,1990K3,101807
---- municipalities final consumption expenditure,1990K4,146635
---- municipalities final consumption expenditure,1991K1,138730
---- municipalities final consumption expenditure,1991K2,140712
---- municipalities final consumption expenditure,1991K3,106082
---- municipalities final consumption expenditure,1991K4,155611
---- municipalities final consumption expenditure,1992K1,156296
---- municipalities final consumption expenditure,1992K2,154635
---- municipalities final consumption expenditure,1992K3,116494
---- municipalities final consumption expenditure,1992K4,165271
---- municipalities final consumption expenditure,1993K1,152069
---- municipalities final consumption expenditure,1993K2,147940
---- municipalities final consumption expenditure,1993K3,123234
---- municipalities final consumption expenditure,1993K4,162480
---- municipalities final consumption expenditure,1994K1,151896
---- municipalities final consumption expenditure,1994K2,147071
---- municipalities final consumption expenditure,1994K3,123327
---- municipalities final consumption expenditure,1994K4,161276
---- municipalities final consumption expenditure,1995K1,159714
---- municipalities final consumption expenditure,1995K2,149865
---- municipalities final consumption expenditure,1995K3,129076
---- municipalities final consumption expenditure,1995K4,169246
---- municipalities final consumption expenditure,1996K1,164923
---- municipalities final consumption expenditure,1996K2,153581
---- municipalities final consumption expenditure,1996K3,135698
---- municipalities final consumption expenditure,1996K4,171551
---- municipalities final consumption expenditure,1997K1,155458
---- municipalities final consumption expenditure,1997K2,155067
---- municipalities final consumption expenditure,1997K3,135798
---- municipalities final consumption expenditure,1997K4,168670
---- municipalities final consumption expenditure,1998K1,162674
---- municipalities final consumption expenditure,1998K2,155120
---- municipalities final consumption expenditure,1998K3,138807
---- municipalities final consumption expenditure,1998K4,177220
---- municipalities final consumption expenditure,1999K1,166070
---- municipalities final consumption expenditure,1999K2,159430
---- municipalities final consumption expenditure,1999K3,138200
---- municipalities final consumption expenditure,1999K4,174513
---- municipalities final consumption expenditure,2000K1,173258
---- municipalities final consumption expenditure,2000K2,161701
---- municipalities final consumption expenditure,2000K3,138238
---- municipalities final consumption expenditure,2000K4,175990
---- municipalities final consumption expenditure,2001K1,173176
---- municipalities final consumption expenditure,2001K2,163747
---- municipalities final consumption expenditure,2001K3,140550
---- municipalities final consumption expenditure,2001K4,181792
---- municipalities final consumption expenditure,2002K1,174228
---- municipalities final consumption expenditure,2002K2,168216
---- municipalities final consumption expenditure,2002K3,143460
---- municipalities final consumption expenditure,2002K4,181484
---- municipalities final consumption expenditure,2003K1,175791
---- municipalities final consumption expenditure,2003K2,167056
---- municipalities final consumption expenditure,2003K3,145730
---- municipalities final consumption expenditure,2003K4,181825
---- municipalities final consumption expenditure,2004K1,176382
---- municipalities final consumption expenditure,2004K2,168005
---- municipalities final consumption expenditure,2004K3,143225
---- municipalities final consumption expenditure,2004K4,181043
---- municipalities final consumption expenditure,2005K1,172784
---- municipalities final consumption expenditure,2005K2,171332
---- municipalities final consumption expenditure,2005K3,143106
---- municipalities final consumption expenditure,2005K4,183323
---- municipalities final consumption expenditure,2006K1,179624
---- municipalities final consumption expenditure,2006K2,170297
---- municipalities final consumption expenditure,2006K3,145573
---- municipalities final consumption expenditure,2006K4,186651
---- municipalities final consumption expenditure,2007K1,181543
---- municipalities final consumption expenditure,2007K2,171851
---- municipalities final consumption expenditure,2007K3,147287
---- municipalities final consumption expenditure,2007K4,188122
---- municipalities final consumption expenditure,2008K1,181068
---- municipalities final consumption expenditure,2008K2,177834
---- municipalities final consumption expenditure,2008K3,149606
---- municipalities final consumption expenditure,2008K4,187604
---- municipalities final consumption expenditure,2009K1,186750
---- municipalities final consumption expenditure,2009K2,178417
---- municipalities final consumption expenditure,2009K3,151733
---- municipalities final consumption expenditure,2009K4,189986
---- municipalities final consumption expenditure,2010K1,183338
---- municipalities final consumption expenditure,2010K2,177867
---- municipalities final consumption expenditure,2010K3,152306
---- municipalities final consumption expenditure,2010K4,194936
---- municipalities final consumption expenditure,2011K1,186032
---- municipalities final consumption expenditure,2011K2,178313
---- municipalities final consumption expenditure,2011K3,154343
---- municipalities final consumption expenditure,2011K4,194536
---- municipalities final consumption expenditure,2012K1,187059
---- municipalities final consumption expenditure,2012K2,177739
---- municipalities final consumption expenditure,2012K3,155799
---- municipalities final consumption expenditure,2012K4,195001
---- municipalities final consumption expenditure,2013K1,185826
---- municipalities final consumption expenditure,2013K2,178819
---- municipalities final consumption expenditure,2013K3,157932
---- municipalities final consumption expenditure,2013K4,196425
---- municipalities final consumption expenditure,2014K1,187895
---- municipalities final consumption expenditure,2014K2,180034
---- municipalities final consumption expenditure,2014K3,161099
---- municipalities final consumption expenditure,2014K4,201191
---- municipalities final consumption expenditure,2015K1,191345
---- municipalities final consumption expenditure,2015K2,185409
---- municipalities final consumption expenditure,2015K3,163197
---- municipalities final consumption expenditure,2015K4,207843
---- municipalities final consumption expenditure,2016K1,196031
---- municipalities final consumption expenditure,2016K2,200650
---- municipalities final consumption expenditure,2016K3,173077
---- municipalities final consumption expenditure,2016K4,220189
---- municipalities final consumption expenditure,2017K1,203731
---- municipalities final consumption expenditure,2017K2,197137
---- municipalities final consumption expenditure,2017K3,174321
---- municipalities final consumption expenditure,2017K4,221081
---- municipalities final consumption expenditure,2018K1,202883
---- municipalities final consumption expenditure,2018K2,201810
---- municipalities final consumption expenditure,2018K3,174022
---- municipalities final consumption expenditure,2018K4,220475
---- municipalities final consumption expenditure,2019K1,206419
---- municipalities final consumption expenditure,2019K2,198597
---- municipalities final consumption expenditure,2019K3,174628
---- municipalities final consumption expenditure,2019K4,216935
---- municipalities final consumption expenditure,2020K1,203263
---- municipalities final consumption expenditure,2020K2,194464
---- municipalities final consumption expenditure,2020K3,171918
---- municipalities final consumption expenditure,2020K4,212930
---- municipalities final consumption expenditure,2021K1,200455
---- municipalities final consumption expenditure,2021K2,196677
---- municipalities final consumption expenditure,2021K3,172708
---- municipalities final consumption expenditure,2021K4,214069
---- municipalities final consumption expenditure,2022K1,200577
---- municipalities final consumption expenditure,2022K2,197271
---- municipalities final consumption expenditure,2022K3,176842
---- municipalities final consumption expenditure,2022K4,220661
---- municipalities final consumption expenditure,2023K1,205818
---- municipalities final consumption expenditure,2023K2,196594
---- municipalities final consumption expenditure,2023K3,173023
---- municipalities final consumption expenditure,2023K4,217780
---- municipalities final consumption expenditure,2024K1,206928
---- municipalities final consumption expenditure,2024K2,199794
---- municipalities final consumption expenditure,2024K3,176174
---- municipalities final consumption expenditure,2024K4,217217
---- municipalities final consumption expenditure,2025K1,203601
---- municipalities final consumption expenditure,2025K2,197207
---- municipalities final consumption expenditure,2025K3,176051
---- municipalities final consumption expenditure,2025K4,218700
---- municipalities final consumption expenditure,2026K1,204566
---- regions final consumption expenditure,1980K1,NA
---- regions final consumption expenditure,1980K2,NA
---- regions final consumption expenditure,1980K3,NA
---- regions final consumption expenditure,1980K4,NA
---- regions final consumption expenditure,1981K1,67803
---- regions final consumption expenditure,1981K2,70046
---- regions final consumption expenditure,1981K3,52035
---- regions final consumption expenditure,1981K4,75331
---- regions final consumption expenditure,1982K1,70927
---- regions final consumption expenditure,1982K2,72845
---- regions final consumption expenditure,1982K3,54002
---- regions final consumption expenditure,1982K4,78833
---- regions final consumption expenditure,1983K1,74781
---- regions final consumption expenditure,1983K2,76191
---- regions final consumption expenditure,1983K3,56997
---- regions final consumption expenditure,1983K4,82412
---- regions final consumption expenditure,1984K1,76692
---- regions final consumption expenditure,1984K2,78408
---- regions final consumption expenditure,1984K3,58916
---- regions final consumption expenditure,1984K4,84785
---- regions final consumption expenditure,1985K1,78610
---- regions final consumption expenditure,1985K2,80632
---- regions final consumption expenditure,1985K3,59793
---- regions final consumption expenditure,1985K4,85702
---- regions final consumption expenditure,1986K1,81295
---- regions final consumption expenditure,1986K2,82688
---- regions final consumption expenditure,1986K3,61108
---- regions final consumption expenditure,1986K4,86132
---- regions final consumption expenditure,1987K1,83674
---- regions final consumption expenditure,1987K2,85492
---- regions final consumption expenditure,1987K3,60523
---- regions final consumption expenditure,1987K4,87264
---- regions final consumption expenditure,1988K1,86876
---- regions final consumption expenditure,1988K2,88517
---- regions final consumption expenditure,1988K3,62307
---- regions final consumption expenditure,1988K4,88916
---- regions final consumption expenditure,1989K1,89546
---- regions final consumption expenditure,1989K2,89731
---- regions final consumption expenditure,1989K3,63882
---- regions final consumption expenditure,1989K4,90468
---- regions final consumption expenditure,1990K1,90425
---- regions final consumption expenditure,1990K2,91424
---- regions final consumption expenditure,1990K3,65921
---- regions final consumption expenditure,1990K4,92677
---- regions final consumption expenditure,1991K1,93764
---- regions final consumption expenditure,1991K2,93265
---- regions final consumption expenditure,1991K3,67189
---- regions final consumption expenditure,1991K4,93299
---- regions final consumption expenditure,1992K1,79319
---- regions final consumption expenditure,1992K2,76365
---- regions final consumption expenditure,1992K3,55869
---- regions final consumption expenditure,1992K4,79589
---- regions final consumption expenditure,1993K1,75301
---- regions final consumption expenditure,1993K2,71985
---- regions final consumption expenditure,1993K3,59210
---- regions final consumption expenditure,1993K4,81237
---- regions final consumption expenditure,1994K1,74019
---- regions final consumption expenditure,1994K2,72382
---- regions final consumption expenditure,1994K3,59189
---- regions final consumption expenditure,1994K4,79054
---- regions final consumption expenditure,1995K1,69376
---- regions final consumption expenditure,1995K2,66389
---- regions final consumption expenditure,1995K3,53967
---- regions final consumption expenditure,1995K4,72148
---- regions final consumption expenditure,1996K1,66614
---- regions final consumption expenditure,1996K2,63574
---- regions final consumption expenditure,1996K3,52024
---- regions final consumption expenditure,1996K4,68557
---- regions final consumption expenditure,1997K1,68089
---- regions final consumption expenditure,1997K2,68266
---- regions final consumption expenditure,1997K3,56650
---- regions final consumption expenditure,1997K4,73206
---- regions final consumption expenditure,1998K1,81472
---- regions final consumption expenditure,1998K2,77710
---- regions final consumption expenditure,1998K3,68708
---- regions final consumption expenditure,1998K4,85370
---- regions final consumption expenditure,1999K1,83818
---- regions final consumption expenditure,1999K2,81036
---- regions final consumption expenditure,1999K3,70717
---- regions final consumption expenditure,1999K4,88988
---- regions final consumption expenditure,2000K1,87378
---- regions final consumption expenditure,2000K2,82669
---- regions final consumption expenditure,2000K3,72322
---- regions final consumption expenditure,2000K4,89936
---- regions final consumption expenditure,2001K1,90138
---- regions final consumption expenditure,2001K2,83832
---- regions final consumption expenditure,2001K3,72498
---- regions final consumption expenditure,2001K4,90494
---- regions final consumption expenditure,2002K1,91293
---- regions final consumption expenditure,2002K2,87659
---- regions final consumption expenditure,2002K3,75768
---- regions final consumption expenditure,2002K4,94126
---- regions final consumption expenditure,2003K1,89712
---- regions final consumption expenditure,2003K2,86799
---- regions final consumption expenditure,2003K3,75227
---- regions final consumption expenditure,2003K4,92780
---- regions final consumption expenditure,2004K1,89101
---- regions final consumption expenditure,2004K2,85485
---- regions final consumption expenditure,2004K3,73045
---- regions final consumption expenditure,2004K4,91133
---- regions final consumption expenditure,2005K1,90035
---- regions final consumption expenditure,2005K2,88894
---- regions final consumption expenditure,2005K3,75208
---- regions final consumption expenditure,2005K4,93837
---- regions final consumption expenditure,2006K1,92932
---- regions final consumption expenditure,2006K2,89284
---- regions final consumption expenditure,2006K3,76790
---- regions final consumption expenditure,2006K4,95598
---- regions final consumption expenditure,2007K1,94089
---- regions final consumption expenditure,2007K2,90966
---- regions final consumption expenditure,2007K3,77922
---- regions final consumption expenditure,2007K4,97590
---- regions final consumption expenditure,2008K1,95853
---- regions final consumption expenditure,2008K2,93318
---- regions final consumption expenditure,2008K3,79955
---- regions final consumption expenditure,2008K4,99537
---- regions final consumption expenditure,2009K1,97624
---- regions final consumption expenditure,2009K2,94077
---- regions final consumption expenditure,2009K3,81792
---- regions final consumption expenditure,2009K4,104222
---- regions final consumption expenditure,2010K1,97978
---- regions final consumption expenditure,2010K2,95568
---- regions final consumption expenditure,2010K3,83030
---- regions final consumption expenditure,2010K4,105119
---- regions final consumption expenditure,2011K1,99215
---- regions final consumption expenditure,2011K2,96800
---- regions final consumption expenditure,2011K3,84392
---- regions final consumption expenditure,2011K4,105609
---- regions final consumption expenditure,2012K1,101039
---- regions final consumption expenditure,2012K2,97598
---- regions final consumption expenditure,2012K3,84966
---- regions final consumption expenditure,2012K4,104913
---- regions final consumption expenditure,2013K1,102275
---- regions final consumption expenditure,2013K2,99891
---- regions final consumption expenditure,2013K3,87051
---- regions final consumption expenditure,2013K4,108910
---- regions final consumption expenditure,2014K1,101731
---- regions final consumption expenditure,2014K2,100965
---- regions final consumption expenditure,2014K3,88207
---- regions final consumption expenditure,2014K4,110294
---- regions final consumption expenditure,2015K1,103901
---- regions final consumption expenditure,2015K2,102563
---- regions final consumption expenditure,2015K3,90246
---- regions final consumption expenditure,2015K4,112855
---- regions final consumption expenditure,2016K1,104499
---- regions final consumption expenditure,2016K2,106570
---- regions final consumption expenditure,2016K3,90488
---- regions final consumption expenditure,2016K4,113992
---- regions final consumption expenditure,2017K1,106846
---- regions final consumption expenditure,2017K2,105048
---- regions final consumption expenditure,2017K3,91827
---- regions final consumption expenditure,2017K4,115460
---- regions final consumption expenditure,2018K1,107786
---- regions final consumption expenditure,2018K2,107955
---- regions final consumption expenditure,2018K3,93217
---- regions final consumption expenditure,2018K4,116662
---- regions final consumption expenditure,2019K1,110339
---- regions final consumption expenditure,2019K2,108736
---- regions final consumption expenditure,2019K3,94825
---- regions final consumption expenditure,2019K4,118933
---- regions final consumption expenditure,2020K1,107820
---- regions final consumption expenditure,2020K2,100445
---- regions final consumption expenditure,2020K3,93085
---- regions final consumption expenditure,2020K4,117794
---- regions final consumption expenditure,2021K1,110482
---- regions final consumption expenditure,2021K2,116591
---- regions final consumption expenditure,2021K3,100519
---- regions final consumption expenditure,2021K4,121298
---- regions final consumption expenditure,2022K1,113881
---- regions final consumption expenditure,2022K2,109758
---- regions final consumption expenditure,2022K3,95717
---- regions final consumption expenditure,2022K4,119456
---- regions final consumption expenditure,2023K1,114614
---- regions final consumption expenditure,2023K2,109961
---- regions final consumption expenditure,2023K3,96625
---- regions final consumption expenditure,2023K4,123557
---- regions final consumption expenditure,2024K1,115860
---- regions final consumption expenditure,2024K2,111581
---- regions final consumption expenditure,2024K3,97834
---- regions final consumption expenditure,2024K4,124948
---- regions final consumption expenditure,2025K1,115473
---- regions final consumption expenditure,2025K2,111955
---- regions final consumption expenditure,2025K3,99179
---- regions final consumption expenditure,2025K4,123370
---- regions final consumption expenditure,2026K1,114954
- Gross capital formation,1980K1,NA
- Gross capital formation,1980K2,NA
- Gross capital formation,1980K3,NA
- Gross capital formation,1980K4,NA
- Gross capital formation,1981K1,116015
- Gross capital formation,1981K2,129097
- Gross capital formation,1981K3,138173
- Gross capital formation,1981K4,156882
- Gross capital formation,1982K1,112597
- Gross capital formation,1982K2,128369
- Gross capital formation,1982K3,132181
- Gross capital formation,1982K4,166920
- Gross capital formation,1983K1,111190
- Gross capital formation,1983K2,122277
- Gross capital formation,1983K3,138101
- Gross capital formation,1983K4,177047
- Gross capital formation,1984K1,125400
- Gross capital formation,1984K2,144656
- Gross capital formation,1984K3,147225
- Gross capital formation,1984K4,186659
- Gross capital formation,1985K1,145877
- Gross capital formation,1985K2,162312
- Gross capital formation,1985K3,164060
- Gross capital formation,1985K4,201407
- Gross capital formation,1986K1,143419
- Gross capital formation,1986K2,164785
- Gross capital formation,1986K3,166221
- Gross capital formation,1986K4,199769
- Gross capital formation,1987K1,145877
- Gross capital formation,1987K2,164268
- Gross capital formation,1987K3,190381
- Gross capital formation,1987K4,214391
- Gross capital formation,1988K1,165582
- Gross capital formation,1988K2,177684
- Gross capital formation,1988K3,187738
- Gross capital formation,1988K4,223453
- Gross capital formation,1989K1,178640
- Gross capital formation,1989K2,202867
- Gross capital formation,1989K3,208100
- Gross capital formation,1989K4,251611
- Gross capital formation,1990K1,191559
- Gross capital formation,1990K2,204973
- Gross capital formation,1990K3,203537
- Gross capital formation,1990K4,240654
- Gross capital formation,1991K1,173857
- Gross capital formation,1991K2,170506
- Gross capital formation,1991K3,190059
- Gross capital formation,1991K4,206954
- Gross capital formation,1992K1,174293
- Gross capital formation,1992K2,163478
- Gross capital formation,1992K3,182960
- Gross capital formation,1992K4,183978
- Gross capital formation,1993K1,149023
- Gross capital formation,1993K2,149565
- Gross capital formation,1993K3,136812
- Gross capital formation,1993K4,166668
- Gross capital formation,1994K1,153037
- Gross capital formation,1994K2,171264
- Gross capital formation,1994K3,156658
- Gross capital formation,1994K4,208179
- Gross capital formation,1995K1,180680
- Gross capital formation,1995K2,180085
- Gross capital formation,1995K3,167156
- Gross capital formation,1995K4,222835
- Gross capital formation,1996K1,198817
- Gross capital formation,1996K2,177111
- Gross capital formation,1996K3,164904
- Gross capital formation,1996K4,217092
- Gross capital formation,1997K1,176738
- Gross capital formation,1997K2,192962
- Gross capital formation,1997K3,173468
- Gross capital formation,1997K4,228375
- Gross capital formation,1998K1,204040
- Gross capital formation,1998K2,211661
- Gross capital formation,1998K3,186452
- Gross capital formation,1998K4,240169
- Gross capital formation,1999K1,208129
- Gross capital formation,1999K2,214972
- Gross capital formation,1999K3,199989
- Gross capital formation,1999K4,249095
- Gross capital formation,2000K1,212699
- Gross capital formation,2000K2,243368
- Gross capital formation,2000K3,219818
- Gross capital formation,2000K4,263511
- Gross capital formation,2001K1,242859
- Gross capital formation,2001K2,239789
- Gross capital formation,2001K3,209104
- Gross capital formation,2001K4,256363
- Gross capital formation,2002K1,221204
- Gross capital formation,2002K2,239472
- Gross capital formation,2002K3,213303
- Gross capital formation,2002K4,257696
- Gross capital formation,2003K1,240138
- Gross capital formation,2003K2,240279
- Gross capital formation,2003K3,209756
- Gross capital formation,2003K4,261099
- Gross capital formation,2004K1,226930
- Gross capital formation,2004K2,246292
- Gross capital formation,2004K3,227144
- Gross capital formation,2004K4,288868
- Gross capital formation,2005K1,235590
- Gross capital formation,2005K2,261926
- Gross capital formation,2005K3,224418
- Gross capital formation,2005K4,298430
- Gross capital formation,2006K1,252064
- Gross capital formation,2006K2,289940
- Gross capital formation,2006K3,264125
- Gross capital formation,2006K4,326685
- Gross capital formation,2007K1,297997
- Gross capital formation,2007K2,314555
- Gross capital formation,2007K3,293824
- Gross capital formation,2007K4,354926
- Gross capital formation,2008K1,300025
- Gross capital formation,2008K2,335016
- Gross capital formation,2008K3,288412
- Gross capital formation,2008K4,312805
- Gross capital formation,2009K1,242917
- Gross capital formation,2009K2,249768
- Gross capital formation,2009K3,224417
- Gross capital formation,2009K4,287821
- Gross capital formation,2010K1,251254
- Gross capital formation,2010K2,301634
- Gross capital formation,2010K3,283229
- Gross capital formation,2010K4,333140
- Gross capital formation,2011K1,304303
- Gross capital formation,2011K2,329410
- Gross capital formation,2011K3,294684
- Gross capital formation,2011K4,331741
- Gross capital formation,2012K1,289993
- Gross capital formation,2012K2,302781
- Gross capital formation,2012K3,280071
- Gross capital formation,2012K4,316923
- Gross capital formation,2013K1,276996
- Gross capital formation,2013K2,309452
- Gross capital formation,2013K3,275872
- Gross capital formation,2013K4,338466
- Gross capital formation,2014K1,300922
- Gross capital formation,2014K2,329812
- Gross capital formation,2014K3,297763
- Gross capital formation,2014K4,352678
- Gross capital formation,2015K1,319864
- Gross capital formation,2015K2,357592
- Gross capital formation,2015K3,322359
- Gross capital formation,2015K4,389971
- Gross capital formation,2016K1,336927
- Gross capital formation,2016K2,385070
- Gross capital formation,2016K3,338737
- Gross capital formation,2016K4,392974
- Gross capital formation,2017K1,359177
- Gross capital formation,2017K2,387096
- Gross capital formation,2017K3,354718
- Gross capital formation,2017K4,413685
- Gross capital formation,2018K1,377762
- Gross capital formation,2018K2,404186
- Gross capital formation,2018K3,341713
- Gross capital formation,2018K4,423713
- Gross capital formation,2019K1,370613
- Gross capital formation,2019K2,395915
- Gross capital formation,2019K3,334715
- Gross capital formation,2019K4,441646
- Gross capital formation,2020K1,368805
- Gross capital formation,2020K2,378672
- Gross capital formation,2020K3,349696
- Gross capital formation,2020K4,424436
- Gross capital formation,2021K1,390849
- Gross capital formation,2021K2,413685
- Gross capital formation,2021K3,373385
- Gross capital formation,2021K4,470508
- Gross capital formation,2022K1,405388
- Gross capital formation,2022K2,454428
- Gross capital formation,2022K3,417979
- Gross capital formation,2022K4,451159
- Gross capital formation,2023K1,411888
- Gross capital formation,2023K2,425457
- Gross capital formation,2023K3,373627
- Gross capital formation,2023K4,425594
- Gross capital formation,2024K1,405369
- Gross capital formation,2024K2,405760
- Gross capital formation,2024K3,382928
- Gross capital formation,2024K4,454154
- Gross capital formation,2025K1,378550
- Gross capital formation,2025K2,444614
- Gross capital formation,2025K3,389695
- Gross capital formation,2025K4,468935
- Gross capital formation,2026K1,403733
-- gross fixed capital formation,1980K1,NA
-- gross fixed capital formation,1980K2,NA
-- gross fixed capital formation,1980K3,NA
-- gross fixed capital formation,1980K4,NA
-- gross fixed capital formation,1981K1,136292
-- gross fixed capital formation,1981K2,142744
-- gross fixed capital formation,1981K3,125335
-- gross fixed capital formation,1981K4,148215
-- gross fixed capital formation,1982K1,135371
-- gross fixed capital formation,1982K2,144893
-- gross fixed capital formation,1982K3,124157
-- gross fixed capital formation,1982K4,154143
-- gross fixed capital formation,1983K1,138379
-- gross fixed capital formation,1983K2,145891
-- gross fixed capital formation,1983K3,129448
-- gross fixed capital formation,1983K4,164649
-- gross fixed capital formation,1984K1,146978
-- gross fixed capital formation,1984K2,160282
-- gross fixed capital formation,1984K3,138817
-- gross fixed capital formation,1984K4,178254
-- gross fixed capital formation,1985K1,161776
-- gross fixed capital formation,1985K2,175498
-- gross fixed capital formation,1985K3,152061
-- gross fixed capital formation,1985K4,182345
-- gross fixed capital formation,1986K1,159062
-- gross fixed capital formation,1986K2,176768
-- gross fixed capital formation,1986K3,157162
-- gross fixed capital formation,1986K4,191590
-- gross fixed capital formation,1987K1,166602
-- gross fixed capital formation,1987K2,182133
-- gross fixed capital formation,1987K3,168389
-- gross fixed capital formation,1987K4,204425
-- gross fixed capital formation,1988K1,178483
-- gross fixed capital formation,1988K2,190229
-- gross fixed capital formation,1988K3,173074
-- gross fixed capital formation,1988K4,215611
-- gross fixed capital formation,1989K1,192575
-- gross fixed capital formation,1989K2,214943
-- gross fixed capital formation,1989K3,189398
-- gross fixed capital formation,1989K4,239201
-- gross fixed capital formation,1990K1,199891
-- gross fixed capital formation,1990K2,214245
-- gross fixed capital formation,1990K3,194129
-- gross fixed capital formation,1990K4,230138
-- gross fixed capital formation,1991K1,193186
-- gross fixed capital formation,1991K2,198436
-- gross fixed capital formation,1991K3,173237
-- gross fixed capital formation,1991K4,209380
-- gross fixed capital formation,1992K1,178735
-- gross fixed capital formation,1992K2,185860
-- gross fixed capital formation,1992K3,157548
-- gross fixed capital formation,1992K4,184760
-- gross fixed capital formation,1993K1,144451
-- gross fixed capital formation,1993K2,161681
-- gross fixed capital formation,1993K3,139403
-- gross fixed capital formation,1993K4,169211
-- gross fixed capital formation,1994K1,151430
-- gross fixed capital formation,1994K2,164864
-- gross fixed capital formation,1994K3,149382
-- gross fixed capital formation,1994K4,195820
-- gross fixed capital formation,1995K1,160003
-- gross fixed capital formation,1995K2,177216
-- gross fixed capital formation,1995K3,164941
-- gross fixed capital formation,1995K4,213809
-- gross fixed capital formation,1996K1,168483
-- gross fixed capital formation,1996K2,189025
-- gross fixed capital formation,1996K3,173914
-- gross fixed capital formation,1996K4,221419
-- gross fixed capital formation,1997K1,166864
-- gross fixed capital formation,1997K2,200658
-- gross fixed capital formation,1997K3,170414
-- gross fixed capital formation,1997K4,224560
-- gross fixed capital formation,1998K1,181353
-- gross fixed capital formation,1998K2,210821
-- gross fixed capital formation,1998K3,186684
-- gross fixed capital formation,1998K4,242636
-- gross fixed capital formation,1999K1,193010
-- gross fixed capital formation,1999K2,219978
-- gross fixed capital formation,1999K3,202868
-- gross fixed capital formation,1999K4,253166
-- gross fixed capital formation,2000K1,202405
-- gross fixed capital formation,2000K2,237115
-- gross fixed capital formation,2000K3,210398
-- gross fixed capital formation,2000K4,269399
-- gross fixed capital formation,2001K1,214361
-- gross fixed capital formation,2001K2,240135
-- gross fixed capital formation,2001K3,211984
-- gross fixed capital formation,2001K4,275761
-- gross fixed capital formation,2002K1,204779
-- gross fixed capital formation,2002K2,250280
-- gross fixed capital formation,2002K3,214834
-- gross fixed capital formation,2002K4,264272
-- gross fixed capital formation,2003K1,218240
-- gross fixed capital formation,2003K2,246332
-- gross fixed capital formation,2003K3,213763
-- gross fixed capital formation,2003K4,266474
-- gross fixed capital formation,2004K1,215359
-- gross fixed capital formation,2004K2,259215
-- gross fixed capital formation,2004K3,229171
-- gross fixed capital formation,2004K4,291663
-- gross fixed capital formation,2005K1,224923
-- gross fixed capital formation,2005K2,271631
-- gross fixed capital formation,2005K3,236775
-- gross fixed capital formation,2005K4,293581
-- gross fixed capital formation,2006K1,239936
-- gross fixed capital formation,2006K2,300807
-- gross fixed capital formation,2006K3,259689
-- gross fixed capital formation,2006K4,330067
-- gross fixed capital formation,2007K1,273135
-- gross fixed capital formation,2007K2,325598
-- gross fixed capital formation,2007K3,275072
-- gross fixed capital formation,2007K4,352094
-- gross fixed capital formation,2008K1,283626
-- gross fixed capital formation,2008K2,329103
-- gross fixed capital formation,2008K3,277871
-- gross fixed capital formation,2008K4,341071
-- gross fixed capital formation,2009K1,244941
-- gross fixed capital formation,2009K2,285830
-- gross fixed capital formation,2009K3,240416
-- gross fixed capital formation,2009K4,308577
-- gross fixed capital formation,2010K1,234431
-- gross fixed capital formation,2010K2,297122
-- gross fixed capital formation,2010K3,268730
-- gross fixed capital formation,2010K4,344375
-- gross fixed capital formation,2011K1,259424
-- gross fixed capital formation,2011K2,328027
-- gross fixed capital formation,2011K3,281731
-- gross fixed capital formation,2011K4,340203
-- gross fixed capital formation,2012K1,272165
-- gross fixed capital formation,2012K2,312829
-- gross fixed capital formation,2012K3,264108
-- gross fixed capital formation,2012K4,348510
-- gross fixed capital formation,2013K1,254577
-- gross fixed capital formation,2013K2,314867
-- gross fixed capital formation,2013K3,279298
-- gross fixed capital formation,2013K4,348464
-- gross fixed capital formation,2014K1,283218
-- gross fixed capital formation,2014K2,331372
-- gross fixed capital formation,2014K3,288092
-- gross fixed capital formation,2014K4,361322
-- gross fixed capital formation,2015K1,296592
-- gross fixed capital formation,2015K2,355532
-- gross fixed capital formation,2015K3,303621
-- gross fixed capital formation,2015K4,395697
-- gross fixed capital formation,2016K1,305834
-- gross fixed capital formation,2016K2,378020
-- gross fixed capital formation,2016K3,324811
-- gross fixed capital formation,2016K4,409524
-- gross fixed capital formation,2017K1,328865
-- gross fixed capital formation,2017K2,387326
-- gross fixed capital formation,2017K3,344957
-- gross fixed capital formation,2017K4,415197
-- gross fixed capital formation,2018K1,346772
-- gross fixed capital formation,2018K2,392996
-- gross fixed capital formation,2018K3,336019
-- gross fixed capital formation,2018K4,419399
-- gross fixed capital formation,2019K1,333479
-- gross fixed capital formation,2019K2,387024
-- gross fixed capital formation,2019K3,328281
-- gross fixed capital formation,2019K4,447696
-- gross fixed capital formation,2020K1,356484
-- gross fixed capital formation,2020K2,383723
-- gross fixed capital formation,2020K3,347040
-- gross fixed capital formation,2020K4,434629
-- gross fixed capital formation,2021K1,370964
-- gross fixed capital formation,2021K2,426502
-- gross fixed capital formation,2021K3,367586
-- gross fixed capital formation,2021K4,459752
-- gross fixed capital formation,2022K1,361646
-- gross fixed capital formation,2022K2,427910
-- gross fixed capital formation,2022K3,379051
-- gross fixed capital formation,2022K4,459451
-- gross fixed capital formation,2023K1,374020
-- gross fixed capital formation,2023K2,422054
-- gross fixed capital formation,2023K3,374061
-- gross fixed capital formation,2023K4,460082
-- gross fixed capital formation,2024K1,366690
-- gross fixed capital formation,2024K2,412944
-- gross fixed capital formation,2024K3,370345
-- gross fixed capital formation,2024K4,471056
-- gross fixed capital formation,2025K1,352805
-- gross fixed capital formation,2025K2,427210
-- gross fixed capital formation,2025K3,374775
-- gross fixed capital formation,2025K4,500051
-- gross fixed capital formation,2026K1,371577
"--- market producers, fixed capital formation",1980K1,NA
"--- market producers, fixed capital formation",1980K2,NA
"--- market producers, fixed capital formation",1980K3,NA
"--- market producers, fixed capital formation",1980K4,NA
"--- market producers, fixed capital formation",1981K1,106825
"--- market producers, fixed capital formation",1981K2,110248
"--- market producers, fixed capital formation",1981K3,95755
"--- market producers, fixed capital formation",1981K4,113878
"--- market producers, fixed capital formation",1982K1,106342
"--- market producers, fixed capital formation",1982K2,113951
"--- market producers, fixed capital formation",1982K3,95367
"--- market producers, fixed capital formation",1982K4,119147
"--- market producers, fixed capital formation",1983K1,109160
"--- market producers, fixed capital formation",1983K2,114460
"--- market producers, fixed capital formation",1983K3,101382
"--- market producers, fixed capital formation",1983K4,129828
"--- market producers, fixed capital formation",1984K1,117062
"--- market producers, fixed capital formation",1984K2,128371
"--- market producers, fixed capital formation",1984K3,110293
"--- market producers, fixed capital formation",1984K4,143119
"--- market producers, fixed capital formation",1985K1,131609
"--- market producers, fixed capital formation",1985K2,143449
"--- market producers, fixed capital formation",1985K3,122706
"--- market producers, fixed capital formation",1985K4,145786
"--- market producers, fixed capital formation",1986K1,129073
"--- market producers, fixed capital formation",1986K2,144649
"--- market producers, fixed capital formation",1986K3,126106
"--- market producers, fixed capital formation",1986K4,154699
"--- market producers, fixed capital formation",1987K1,136813
"--- market producers, fixed capital formation",1987K2,149631
"--- market producers, fixed capital formation",1987K3,136258
"--- market producers, fixed capital formation",1987K4,165156
"--- market producers, fixed capital formation",1988K1,145793
"--- market producers, fixed capital formation",1988K2,155240
"--- market producers, fixed capital formation",1988K3,139505
"--- market producers, fixed capital formation",1988K4,175058
"--- market producers, fixed capital formation",1989K1,156431
"--- market producers, fixed capital formation",1989K2,174712
"--- market producers, fixed capital formation",1989K3,152330
"--- market producers, fixed capital formation",1989K4,193546
"--- market producers, fixed capital formation",1990K1,161712
"--- market producers, fixed capital formation",1990K2,173520
"--- market producers, fixed capital formation",1990K3,158507
"--- market producers, fixed capital formation",1990K4,187490
"--- market producers, fixed capital formation",1991K1,154903
"--- market producers, fixed capital formation",1991K2,157093
"--- market producers, fixed capital formation",1991K3,136936
"--- market producers, fixed capital formation",1991K4,162438
"--- market producers, fixed capital formation",1992K1,140659
"--- market producers, fixed capital formation",1992K2,143638
"--- market producers, fixed capital formation",1992K3,120107
"--- market producers, fixed capital formation",1992K4,138288
"--- market producers, fixed capital formation",1993K1,103480
"--- market producers, fixed capital formation",1993K2,116590
"--- market producers, fixed capital formation",1993K3,99761
"--- market producers, fixed capital formation",1993K4,122426
"--- market producers, fixed capital formation",1994K1,107855
"--- market producers, fixed capital formation",1994K2,114926
"--- market producers, fixed capital formation",1994K3,102773
"--- market producers, fixed capital formation",1994K4,140820
"--- market producers, fixed capital formation",1995K1,117949
"--- market producers, fixed capital formation",1995K2,130301
"--- market producers, fixed capital formation",1995K3,119304
"--- market producers, fixed capital formation",1995K4,160519
"--- market producers, fixed capital formation",1996K1,130114
"--- market producers, fixed capital formation",1996K2,146067
"--- market producers, fixed capital formation",1996K3,124656
"--- market producers, fixed capital formation",1996K4,164770
"--- market producers, fixed capital formation",1997K1,129735
"--- market producers, fixed capital formation",1997K2,158471
"--- market producers, fixed capital formation",1997K3,125934
"--- market producers, fixed capital formation",1997K4,174615
"--- market producers, fixed capital formation",1998K1,142975
"--- market producers, fixed capital formation",1998K2,165674
"--- market producers, fixed capital formation",1998K3,142750
"--- market producers, fixed capital formation",1998K4,189406
"--- market producers, fixed capital formation",1999K1,153335
"--- market producers, fixed capital formation",1999K2,173257
"--- market producers, fixed capital formation",1999K3,158499
"--- market producers, fixed capital formation",1999K4,191755
"--- market producers, fixed capital formation",2000K1,164811
"--- market producers, fixed capital formation",2000K2,193035
"--- market producers, fixed capital formation",2000K3,170608
"--- market producers, fixed capital formation",2000K4,211364
"--- market producers, fixed capital formation",2001K1,177826
"--- market producers, fixed capital formation",2001K2,194777
"--- market producers, fixed capital formation",2001K3,169648
"--- market producers, fixed capital formation",2001K4,211765
"--- market producers, fixed capital formation",2002K1,166923
"--- market producers, fixed capital formation",2002K2,198356
"--- market producers, fixed capital formation",2002K3,171653
"--- market producers, fixed capital formation",2002K4,198819
"--- market producers, fixed capital formation",2003K1,178482
"--- market producers, fixed capital formation",2003K2,194448
"--- market producers, fixed capital formation",2003K3,171261
"--- market producers, fixed capital formation",2003K4,204163
"--- market producers, fixed capital formation",2004K1,174888
"--- market producers, fixed capital formation",2004K2,206522
"--- market producers, fixed capital formation",2004K3,186583
"--- market producers, fixed capital formation",2004K4,228445
"--- market producers, fixed capital formation",2005K1,185182
"--- market producers, fixed capital formation",2005K2,222745
"--- market producers, fixed capital formation",2005K3,201169
"--- market producers, fixed capital formation",2005K4,230862
"--- market producers, fixed capital formation",2006K1,204429
"--- market producers, fixed capital formation",2006K2,240281
"--- market producers, fixed capital formation",2006K3,216594
"--- market producers, fixed capital formation",2006K4,261275
"--- market producers, fixed capital formation",2007K1,230216
"--- market producers, fixed capital formation",2007K2,268244
"--- market producers, fixed capital formation",2007K3,230368
"--- market producers, fixed capital formation",2007K4,282253
"--- market producers, fixed capital formation",2008K1,238428
"--- market producers, fixed capital formation",2008K2,270806
"--- market producers, fixed capital formation",2008K3,232042
"--- market producers, fixed capital formation",2008K4,268299
"--- market producers, fixed capital formation",2009K1,201332
"--- market producers, fixed capital formation",2009K2,226774
"--- market producers, fixed capital formation",2009K3,194072
"--- market producers, fixed capital formation",2009K4,238511
"--- market producers, fixed capital formation",2010K1,190761
"--- market producers, fixed capital formation",2010K2,239433
"--- market producers, fixed capital formation",2010K3,215514
"--- market producers, fixed capital formation",2010K4,263085
"--- market producers, fixed capital formation",2011K1,212868
"--- market producers, fixed capital formation",2011K2,266391
"--- market producers, fixed capital formation",2011K3,228901
"--- market producers, fixed capital formation",2011K4,265133
"--- market producers, fixed capital formation",2012K1,221295
"--- market producers, fixed capital formation",2012K2,251460
"--- market producers, fixed capital formation",2012K3,210718
"--- market producers, fixed capital formation",2012K4,273160
"--- market producers, fixed capital formation",2013K1,206392
"--- market producers, fixed capital formation",2013K2,252042
"--- market producers, fixed capital formation",2013K3,222592
"--- market producers, fixed capital formation",2013K4,268743
"--- market producers, fixed capital formation",2014K1,226544
"--- market producers, fixed capital formation",2014K2,265015
"--- market producers, fixed capital formation",2014K3,230277
"--- market producers, fixed capital formation",2014K4,283777
"--- market producers, fixed capital formation",2015K1,238978
"--- market producers, fixed capital formation",2015K2,289067
"--- market producers, fixed capital formation",2015K3,245415
"--- market producers, fixed capital formation",2015K4,316509
"--- market producers, fixed capital formation",2016K1,252617
"--- market producers, fixed capital formation",2016K2,309432
"--- market producers, fixed capital formation",2016K3,262142
"--- market producers, fixed capital formation",2016K4,320048
"--- market producers, fixed capital formation",2017K1,275010
"--- market producers, fixed capital formation",2017K2,310490
"--- market producers, fixed capital formation",2017K3,278282
"--- market producers, fixed capital formation",2017K4,322603
"--- market producers, fixed capital formation",2018K1,284833
"--- market producers, fixed capital formation",2018K2,317247
"--- market producers, fixed capital formation",2018K3,265046
"--- market producers, fixed capital formation",2018K4,324681
"--- market producers, fixed capital formation",2019K1,270655
"--- market producers, fixed capital formation",2019K2,310684
"--- market producers, fixed capital formation",2019K3,254364
"--- market producers, fixed capital formation",2019K4,349977
"--- market producers, fixed capital formation",2020K1,291337
"--- market producers, fixed capital formation",2020K2,302580
"--- market producers, fixed capital formation",2020K3,267890
"--- market producers, fixed capital formation",2020K4,332508
"--- market producers, fixed capital formation",2021K1,300773
"--- market producers, fixed capital formation",2021K2,347855
"--- market producers, fixed capital formation",2021K3,296131
"--- market producers, fixed capital formation",2021K4,357823
"--- market producers, fixed capital formation",2022K1,301304
"--- market producers, fixed capital formation",2022K2,353916
"--- market producers, fixed capital formation",2022K3,307361
"--- market producers, fixed capital formation",2022K4,355881
"--- market producers, fixed capital formation",2023K1,310430
"--- market producers, fixed capital formation",2023K2,340444
"--- market producers, fixed capital formation",2023K3,296887
"--- market producers, fixed capital formation",2023K4,352217
"--- market producers, fixed capital formation",2024K1,296104
"--- market producers, fixed capital formation",2024K2,330554
"--- market producers, fixed capital formation",2024K3,289439
"--- market producers, fixed capital formation",2024K4,362580
"--- market producers, fixed capital formation",2025K1,283669
"--- market producers, fixed capital formation",2025K2,342737
"--- market producers, fixed capital formation",2025K3,291731
"--- market producers, fixed capital formation",2025K4,366053
"--- market producers, fixed capital formation",2026K1,291840
--- NPISH fixed capital formation,1980K1,NA
--- NPISH fixed capital formation,1980K2,NA
--- NPISH fixed capital formation,1980K3,NA
--- NPISH fixed capital formation,1980K4,NA
--- NPISH fixed capital formation,1981K1,820
--- NPISH fixed capital formation,1981K2,890
--- NPISH fixed capital formation,1981K3,835
--- NPISH fixed capital formation,1981K4,875
--- NPISH fixed capital formation,1982K1,836
--- NPISH fixed capital formation,1982K2,904
--- NPISH fixed capital formation,1982K3,849
--- NPISH fixed capital formation,1982K4,890
--- NPISH fixed capital formation,1983K1,863
--- NPISH fixed capital formation,1983K2,936
--- NPISH fixed capital formation,1983K3,880
--- NPISH fixed capital formation,1983K4,932
--- NPISH fixed capital formation,1984K1,864
--- NPISH fixed capital formation,1984K2,956
--- NPISH fixed capital formation,1984K3,900
--- NPISH fixed capital formation,1984K4,959
--- NPISH fixed capital formation,1985K1,888
--- NPISH fixed capital formation,1985K2,965
--- NPISH fixed capital formation,1985K3,903
--- NPISH fixed capital formation,1985K4,954
--- NPISH fixed capital formation,1986K1,920
--- NPISH fixed capital formation,1986K2,1014
--- NPISH fixed capital formation,1986K3,953
--- NPISH fixed capital formation,1986K4,1011
--- NPISH fixed capital formation,1987K1,975
--- NPISH fixed capital formation,1987K2,1058
--- NPISH fixed capital formation,1987K3,992
--- NPISH fixed capital formation,1987K4,1047
--- NPISH fixed capital formation,1988K1,1002
--- NPISH fixed capital formation,1988K2,1090
--- NPISH fixed capital formation,1988K3,1025
--- NPISH fixed capital formation,1988K4,1076
--- NPISH fixed capital formation,1989K1,1037
--- NPISH fixed capital formation,1989K2,1132
--- NPISH fixed capital formation,1989K3,1061
--- NPISH fixed capital formation,1989K4,1114
--- NPISH fixed capital formation,1990K1,1080
--- NPISH fixed capital formation,1990K2,1169
--- NPISH fixed capital formation,1990K3,1097
--- NPISH fixed capital formation,1990K4,1153
--- NPISH fixed capital formation,1991K1,1136
--- NPISH fixed capital formation,1991K2,1231
--- NPISH fixed capital formation,1991K3,1154
--- NPISH fixed capital formation,1991K4,1213
--- NPISH fixed capital formation,1992K1,1150
--- NPISH fixed capital formation,1992K2,1247
--- NPISH fixed capital formation,1992K3,1172
--- NPISH fixed capital formation,1992K4,1233
--- NPISH fixed capital formation,1993K1,1375
--- NPISH fixed capital formation,1993K2,1394
--- NPISH fixed capital formation,1993K3,1397
--- NPISH fixed capital formation,1993K4,1499
--- NPISH fixed capital formation,1994K1,1008
--- NPISH fixed capital formation,1994K2,1237
--- NPISH fixed capital formation,1994K3,1065
--- NPISH fixed capital formation,1994K4,1201
--- NPISH fixed capital formation,1995K1,1081
--- NPISH fixed capital formation,1995K2,1499
--- NPISH fixed capital formation,1995K3,1129
--- NPISH fixed capital formation,1995K4,1245
--- NPISH fixed capital formation,1996K1,919
--- NPISH fixed capital formation,1996K2,1128
--- NPISH fixed capital formation,1996K3,981
--- NPISH fixed capital formation,1996K4,1053
--- NPISH fixed capital formation,1997K1,925
--- NPISH fixed capital formation,1997K2,1151
--- NPISH fixed capital formation,1997K3,973
--- NPISH fixed capital formation,1997K4,1052
--- NPISH fixed capital formation,1998K1,893
--- NPISH fixed capital formation,1998K2,1115
--- NPISH fixed capital formation,1998K3,959
--- NPISH fixed capital formation,1998K4,1036
--- NPISH fixed capital formation,1999K1,861
--- NPISH fixed capital formation,1999K2,1036
--- NPISH fixed capital formation,1999K3,1011
--- NPISH fixed capital formation,1999K4,1101
--- NPISH fixed capital formation,2000K1,1534
--- NPISH fixed capital formation,2000K2,1692
--- NPISH fixed capital formation,2000K3,1605
--- NPISH fixed capital formation,2000K4,2021
--- NPISH fixed capital formation,2001K1,1497
--- NPISH fixed capital formation,2001K2,1799
--- NPISH fixed capital formation,2001K3,1597
--- NPISH fixed capital formation,2001K4,2074
--- NPISH fixed capital formation,2002K1,1472
--- NPISH fixed capital formation,2002K2,1704
--- NPISH fixed capital formation,2002K3,1518
--- NPISH fixed capital formation,2002K4,1852
--- NPISH fixed capital formation,2003K1,1356
--- NPISH fixed capital formation,2003K2,1594
--- NPISH fixed capital formation,2003K3,1594
--- NPISH fixed capital formation,2003K4,1758
--- NPISH fixed capital formation,2004K1,1406
--- NPISH fixed capital formation,2004K2,1625
--- NPISH fixed capital formation,2004K3,1452
--- NPISH fixed capital formation,2004K4,1743
--- NPISH fixed capital formation,2005K1,1398
--- NPISH fixed capital formation,2005K2,1616
--- NPISH fixed capital formation,2005K3,1462
--- NPISH fixed capital formation,2005K4,1701
--- NPISH fixed capital formation,2006K1,1386
--- NPISH fixed capital formation,2006K2,1661
--- NPISH fixed capital formation,2006K3,1482
--- NPISH fixed capital formation,2006K4,1737
--- NPISH fixed capital formation,2007K1,1492
--- NPISH fixed capital formation,2007K2,1654
--- NPISH fixed capital formation,2007K3,1475
--- NPISH fixed capital formation,2007K4,1691
--- NPISH fixed capital formation,2008K1,1513
--- NPISH fixed capital formation,2008K2,1641
--- NPISH fixed capital formation,2008K3,1484
--- NPISH fixed capital formation,2008K4,1757
--- NPISH fixed capital formation,2009K1,1341
--- NPISH fixed capital formation,2009K2,1446
--- NPISH fixed capital formation,2009K3,1258
--- NPISH fixed capital formation,2009K4,1496
--- NPISH fixed capital formation,2010K1,1253
--- NPISH fixed capital formation,2010K2,1558
--- NPISH fixed capital formation,2010K3,1274
--- NPISH fixed capital formation,2010K4,1603
--- NPISH fixed capital formation,2011K1,1354
--- NPISH fixed capital formation,2011K2,1318
--- NPISH fixed capital formation,2011K3,1216
--- NPISH fixed capital formation,2011K4,1687
--- NPISH fixed capital formation,2012K1,1449
--- NPISH fixed capital formation,2012K2,1412
--- NPISH fixed capital formation,2012K3,1307
--- NPISH fixed capital formation,2012K4,1810
--- NPISH fixed capital formation,2013K1,1771
--- NPISH fixed capital formation,2013K2,1447
--- NPISH fixed capital formation,2013K3,1738
--- NPISH fixed capital formation,2013K4,2193
--- NPISH fixed capital formation,2014K1,1540
--- NPISH fixed capital formation,2014K2,1695
--- NPISH fixed capital formation,2014K3,1707
--- NPISH fixed capital formation,2014K4,2347
--- NPISH fixed capital formation,2015K1,1502
--- NPISH fixed capital formation,2015K2,1307
--- NPISH fixed capital formation,2015K3,1595
--- NPISH fixed capital formation,2015K4,2474
--- NPISH fixed capital formation,2016K1,1617
--- NPISH fixed capital formation,2016K2,1525
--- NPISH fixed capital formation,2016K3,1494
--- NPISH fixed capital formation,2016K4,2480
--- NPISH fixed capital formation,2017K1,1521
--- NPISH fixed capital formation,2017K2,1274
--- NPISH fixed capital formation,2017K3,1614
--- NPISH fixed capital formation,2017K4,3115
--- NPISH fixed capital formation,2018K1,1416
--- NPISH fixed capital formation,2018K2,1577
--- NPISH fixed capital formation,2018K3,1533
--- NPISH fixed capital formation,2018K4,2022
--- NPISH fixed capital formation,2019K1,1396
--- NPISH fixed capital formation,2019K2,1411
--- NPISH fixed capital formation,2019K3,1466
--- NPISH fixed capital formation,2019K4,2332
--- NPISH fixed capital formation,2020K1,1300
--- NPISH fixed capital formation,2020K2,1569
--- NPISH fixed capital formation,2020K3,2018
--- NPISH fixed capital formation,2020K4,2398
--- NPISH fixed capital formation,2021K1,2399
--- NPISH fixed capital formation,2021K2,1747
--- NPISH fixed capital formation,2021K3,1747
--- NPISH fixed capital formation,2021K4,3014
--- NPISH fixed capital formation,2022K1,872
--- NPISH fixed capital formation,2022K2,1195
--- NPISH fixed capital formation,2022K3,1474
--- NPISH fixed capital formation,2022K4,2059
--- NPISH fixed capital formation,2023K1,938
--- NPISH fixed capital formation,2023K2,1342
--- NPISH fixed capital formation,2023K3,1340
--- NPISH fixed capital formation,2023K4,2395
--- NPISH fixed capital formation,2024K1,1017
--- NPISH fixed capital formation,2024K2,1992
--- NPISH fixed capital formation,2024K3,1663
--- NPISH fixed capital formation,2024K4,3440
--- NPISH fixed capital formation,2025K1,1088
--- NPISH fixed capital formation,2025K2,1906
--- NPISH fixed capital formation,2025K3,1964
--- NPISH fixed capital formation,2025K4,3755
--- NPISH fixed capital formation,2026K1,1155
"--- central government, fixed capital formation",1980K1,NA
"--- central government, fixed capital formation",1980K2,NA
"--- central government, fixed capital formation",1980K3,NA
"--- central government, fixed capital formation",1980K4,NA
"--- central government, fixed capital formation",1981K1,14991
"--- central government, fixed capital formation",1981K2,15835
"--- central government, fixed capital formation",1981K3,13619
"--- central government, fixed capital formation",1981K4,14728
"--- central government, fixed capital formation",1982K1,15133
"--- central government, fixed capital formation",1982K2,15293
"--- central government, fixed capital formation",1982K3,14192
"--- central government, fixed capital formation",1982K4,15090
"--- central government, fixed capital formation",1983K1,15640
"--- central government, fixed capital formation",1983K2,15783
"--- central government, fixed capital formation",1983K3,13721
"--- central government, fixed capital formation",1983K4,14973
"--- central government, fixed capital formation",1984K1,16431
"--- central government, fixed capital formation",1984K2,16751
"--- central government, fixed capital formation",1984K3,14445
"--- central government, fixed capital formation",1984K4,15224
"--- central government, fixed capital formation",1985K1,16791
"--- central government, fixed capital formation",1985K2,17072
"--- central government, fixed capital formation",1985K3,14544
"--- central government, fixed capital formation",1985K4,15827
"--- central government, fixed capital formation",1986K1,15787
"--- central government, fixed capital formation",1986K2,16236
"--- central government, fixed capital formation",1986K3,15900
"--- central government, fixed capital formation",1986K4,17162
"--- central government, fixed capital formation",1987K1,16340
"--- central government, fixed capital formation",1987K2,17094
"--- central government, fixed capital formation",1987K3,17483
"--- central government, fixed capital formation",1987K4,18317
"--- central government, fixed capital formation",1988K1,17703
"--- central government, fixed capital formation",1988K2,18357
"--- central government, fixed capital formation",1988K3,17342
"--- central government, fixed capital formation",1988K4,18545
"--- central government, fixed capital formation",1989K1,20339
"--- central government, fixed capital formation",1989K2,21584
"--- central government, fixed capital formation",1989K3,20419
"--- central government, fixed capital formation",1989K4,21557
"--- central government, fixed capital formation",1990K1,22919
"--- central government, fixed capital formation",1990K2,23993
"--- central government, fixed capital formation",1990K3,19862
"--- central government, fixed capital formation",1990K4,21109
"--- central government, fixed capital formation",1991K1,22519
"--- central government, fixed capital formation",1991K2,24258
"--- central government, fixed capital formation",1991K3,19950
"--- central government, fixed capital formation",1991K4,22849
"--- central government, fixed capital formation",1992K1,22650
"--- central government, fixed capital formation",1992K2,26280
"--- central government, fixed capital formation",1992K3,22292
"--- central government, fixed capital formation",1992K4,24533
"--- central government, fixed capital formation",1993K1,27554
"--- central government, fixed capital formation",1993K2,29662
"--- central government, fixed capital formation",1993K3,25070
"--- central government, fixed capital formation",1993K4,25868
"--- central government, fixed capital formation",1994K1,29319
"--- central government, fixed capital formation",1994K2,32747
"--- central government, fixed capital formation",1994K3,29313
"--- central government, fixed capital formation",1994K4,32455
"--- central government, fixed capital formation",1995K1,27679
"--- central government, fixed capital formation",1995K2,29202
"--- central government, fixed capital formation",1995K3,28311
"--- central government, fixed capital formation",1995K4,29792
"--- central government, fixed capital formation",1996K1,24091
"--- central government, fixed capital formation",1996K2,25577
"--- central government, fixed capital formation",1996K3,32890
"--- central government, fixed capital formation",1996K4,34542
"--- central government, fixed capital formation",1997K1,23037
"--- central government, fixed capital formation",1997K2,25188
"--- central government, fixed capital formation",1997K3,28418
"--- central government, fixed capital formation",1997K4,28815
"--- central government, fixed capital formation",1998K1,24674
"--- central government, fixed capital formation",1998K2,27864
"--- central government, fixed capital formation",1998K3,27998
"--- central government, fixed capital formation",1998K4,32708
"--- central government, fixed capital formation",1999K1,25140
"--- central government, fixed capital formation",1999K2,28203
"--- central government, fixed capital formation",1999K3,26767
"--- central government, fixed capital formation",1999K4,38900
"--- central government, fixed capital formation",2000K1,22742
"--- central government, fixed capital formation",2000K2,26367
"--- central government, fixed capital formation",2000K3,22979
"--- central government, fixed capital formation",2000K4,34488
"--- central government, fixed capital formation",2001K1,21401
"--- central government, fixed capital formation",2001K2,26155
"--- central government, fixed capital formation",2001K3,24370
"--- central government, fixed capital formation",2001K4,38878
"--- central government, fixed capital formation",2002K1,22312
"--- central government, fixed capital formation",2002K2,31194
"--- central government, fixed capital formation",2002K3,24891
"--- central government, fixed capital formation",2002K4,38654
"--- central government, fixed capital formation",2003K1,24314
"--- central government, fixed capital formation",2003K2,33320
"--- central government, fixed capital formation",2003K3,25097
"--- central government, fixed capital formation",2003K4,37396
"--- central government, fixed capital formation",2004K1,25823
"--- central government, fixed capital formation",2004K2,34362
"--- central government, fixed capital formation",2004K3,26001
"--- central government, fixed capital formation",2004K4,39126
"--- central government, fixed capital formation",2005K1,24748
"--- central government, fixed capital formation",2005K2,28948
"--- central government, fixed capital formation",2005K3,16929
"--- central government, fixed capital formation",2005K4,37167
"--- central government, fixed capital formation",2006K1,19730
"--- central government, fixed capital formation",2006K2,37653
"--- central government, fixed capital formation",2006K3,22783
"--- central government, fixed capital formation",2006K4,38198
"--- central government, fixed capital formation",2007K1,24236
"--- central government, fixed capital formation",2007K2,34100
"--- central government, fixed capital formation",2007K3,23195
"--- central government, fixed capital formation",2007K4,38127
"--- central government, fixed capital formation",2008K1,26941
"--- central government, fixed capital formation",2008K2,33862
"--- central government, fixed capital formation",2008K3,23600
"--- central government, fixed capital formation",2008K4,41065
"--- central government, fixed capital formation",2009K1,25232
"--- central government, fixed capital formation",2009K2,36249
"--- central government, fixed capital formation",2009K3,25889
"--- central government, fixed capital formation",2009K4,39087
"--- central government, fixed capital formation",2010K1,26572
"--- central government, fixed capital formation",2010K2,36176
"--- central government, fixed capital formation",2010K3,28437
"--- central government, fixed capital formation",2010K4,45240
"--- central government, fixed capital formation",2011K1,27849
"--- central government, fixed capital formation",2011K2,36661
"--- central government, fixed capital formation",2011K3,28721
"--- central government, fixed capital formation",2011K4,40214
"--- central government, fixed capital formation",2012K1,28447
"--- central government, fixed capital formation",2012K2,34994
"--- central government, fixed capital formation",2012K3,29994
"--- central government, fixed capital formation",2012K4,39472
"--- central government, fixed capital formation",2013K1,25975
"--- central government, fixed capital formation",2013K2,33358
"--- central government, fixed capital formation",2013K3,29590
"--- central government, fixed capital formation",2013K4,40111
"--- central government, fixed capital formation",2014K1,26052
"--- central government, fixed capital formation",2014K2,34462
"--- central government, fixed capital formation",2014K3,28967
"--- central government, fixed capital formation",2014K4,36003
"--- central government, fixed capital formation",2015K1,25212
"--- central government, fixed capital formation",2015K2,33333
"--- central government, fixed capital formation",2015K3,27716
"--- central government, fixed capital formation",2015K4,35573
"--- central government, fixed capital formation",2016K1,27092
"--- central government, fixed capital formation",2016K2,33077
"--- central government, fixed capital formation",2016K3,28894
"--- central government, fixed capital formation",2016K4,41052
"--- central government, fixed capital formation",2017K1,26292
"--- central government, fixed capital formation",2017K2,36088
"--- central government, fixed capital formation",2017K3,30216
"--- central government, fixed capital formation",2017K4,40623
"--- central government, fixed capital formation",2018K1,29488
"--- central government, fixed capital formation",2018K2,33040
"--- central government, fixed capital formation",2018K3,33000
"--- central government, fixed capital formation",2018K4,39449
"--- central government, fixed capital formation",2019K1,29850
"--- central government, fixed capital formation",2019K2,33881
"--- central government, fixed capital formation",2019K3,35163
"--- central government, fixed capital formation",2019K4,41117
"--- central government, fixed capital formation",2020K1,33903
"--- central government, fixed capital formation",2020K2,40275
"--- central government, fixed capital formation",2020K3,38981
"--- central government, fixed capital formation",2020K4,48587
"--- central government, fixed capital formation",2021K1,34159
"--- central government, fixed capital formation",2021K2,38679
"--- central government, fixed capital formation",2021K3,36652
"--- central government, fixed capital formation",2021K4,52110
"--- central government, fixed capital formation",2022K1,32475
"--- central government, fixed capital formation",2022K2,37412
"--- central government, fixed capital formation",2022K3,38168
"--- central government, fixed capital formation",2022K4,54851
"--- central government, fixed capital formation",2023K1,33934
"--- central government, fixed capital formation",2023K2,42230
"--- central government, fixed capital formation",2023K3,41587
"--- central government, fixed capital formation",2023K4,53550
"--- central government, fixed capital formation",2024K1,39620
"--- central government, fixed capital formation",2024K2,41101
"--- central government, fixed capital formation",2024K3,42470
"--- central government, fixed capital formation",2024K4,53342
"--- central government, fixed capital formation",2025K1,39616
"--- central government, fixed capital formation",2025K2,44322
"--- central government, fixed capital formation",2025K3,46022
"--- central government, fixed capital formation",2025K4,75731
"--- central government, fixed capital formation",2026K1,52048
--- local government gross fixed capital formation,1980K1,NA
--- local government gross fixed capital formation,1980K2,NA
--- local government gross fixed capital formation,1980K3,NA
--- local government gross fixed capital formation,1980K4,NA
--- local government gross fixed capital formation,1981K1,13961
--- local government gross fixed capital formation,1981K2,16308
--- local government gross fixed capital formation,1981K3,15768
--- local government gross fixed capital formation,1981K4,19497
--- local government gross fixed capital formation,1982K1,13329
--- local government gross fixed capital formation,1982K2,15082
--- local government gross fixed capital formation,1982K3,14261
--- local government gross fixed capital formation,1982K4,19724
--- local government gross fixed capital formation,1983K1,12899
--- local government gross fixed capital formation,1983K2,15051
--- local government gross fixed capital formation,1983K3,13817
--- local government gross fixed capital formation,1983K4,19439
--- local government gross fixed capital formation,1984K1,12647
--- local government gross fixed capital formation,1984K2,14241
--- local government gross fixed capital formation,1984K3,13353
--- local government gross fixed capital formation,1984K4,19258
--- local government gross fixed capital formation,1985K1,12234
--- local government gross fixed capital formation,1985K2,13757
--- local government gross fixed capital formation,1985K3,13947
--- local government gross fixed capital formation,1985K4,20176
--- local government gross fixed capital formation,1986K1,13154
--- local government gross fixed capital formation,1986K2,14684
--- local government gross fixed capital formation,1986K3,14263
--- local government gross fixed capital formation,1986K4,18868
--- local government gross fixed capital formation,1987K1,12135
--- local government gross fixed capital formation,1987K2,14057
--- local government gross fixed capital formation,1987K3,13481
--- local government gross fixed capital formation,1987K4,20053
--- local government gross fixed capital formation,1988K1,13696
--- local government gross fixed capital formation,1988K2,15316
--- local government gross fixed capital formation,1988K3,15211
--- local government gross fixed capital formation,1988K4,21058
--- local government gross fixed capital formation,1989K1,14492
--- local government gross fixed capital formation,1989K2,17289
--- local government gross fixed capital formation,1989K3,15553
--- local government gross fixed capital formation,1989K4,23114
--- local government gross fixed capital formation,1990K1,13887
--- local government gross fixed capital formation,1990K2,15257
--- local government gross fixed capital formation,1990K3,14288
--- local government gross fixed capital formation,1990K4,20208
--- local government gross fixed capital formation,1991K1,14661
--- local government gross fixed capital formation,1991K2,16242
--- local government gross fixed capital formation,1991K3,15658
--- local government gross fixed capital formation,1991K4,24138
--- local government gross fixed capital formation,1992K1,14736
--- local government gross fixed capital formation,1992K2,15400
--- local government gross fixed capital formation,1992K3,14817
--- local government gross fixed capital formation,1992K4,22123
--- local government gross fixed capital formation,1993K1,13394
--- local government gross fixed capital formation,1993K2,15517
--- local government gross fixed capital formation,1993K3,14623
--- local government gross fixed capital formation,1993K4,21324
--- local government gross fixed capital formation,1994K1,14745
--- local government gross fixed capital formation,1994K2,17946
--- local government gross fixed capital formation,1994K3,18302
--- local government gross fixed capital formation,1994K4,23502
--- local government gross fixed capital formation,1995K1,14421
--- local government gross fixed capital formation,1995K2,17664
--- local government gross fixed capital formation,1995K3,17811
--- local government gross fixed capital formation,1995K4,23946
--- local government gross fixed capital formation,1996K1,13963
--- local government gross fixed capital formation,1996K2,17106
--- local government gross fixed capital formation,1996K3,16882
--- local government gross fixed capital formation,1996K4,22727
--- local government gross fixed capital formation,1997K1,13688
--- local government gross fixed capital formation,1997K2,16323
--- local government gross fixed capital formation,1997K3,16298
--- local government gross fixed capital formation,1997K4,21118
--- local government gross fixed capital formation,1998K1,12997
--- local government gross fixed capital formation,1998K2,16594
--- local government gross fixed capital formation,1998K3,15814
--- local government gross fixed capital formation,1998K4,20194
--- local government gross fixed capital formation,1999K1,13758
--- local government gross fixed capital formation,1999K2,17937
--- local government gross fixed capital formation,1999K3,17194
--- local government gross fixed capital formation,1999K4,22867
--- local government gross fixed capital formation,2000K1,12886
--- local government gross fixed capital formation,2000K2,15562
--- local government gross fixed capital formation,2000K3,14977
--- local government gross fixed capital formation,2000K4,22196
--- local government gross fixed capital formation,2001K1,12834
--- local government gross fixed capital formation,2001K2,17164
--- local government gross fixed capital formation,2001K3,16488
--- local government gross fixed capital formation,2001K4,24216
--- local government gross fixed capital formation,2002K1,13712
--- local government gross fixed capital formation,2002K2,19293
--- local government gross fixed capital formation,2002K3,16934
--- local government gross fixed capital formation,2002K4,26728
--- local government gross fixed capital formation,2003K1,13609
--- local government gross fixed capital formation,2003K2,17105
--- local government gross fixed capital formation,2003K3,15859
--- local government gross fixed capital formation,2003K4,24340
--- local government gross fixed capital formation,2004K1,12914
--- local government gross fixed capital formation,2004K2,16636
--- local government gross fixed capital formation,2004K3,14851
--- local government gross fixed capital formation,2004K4,22849
--- local government gross fixed capital formation,2005K1,13150
--- local government gross fixed capital formation,2005K2,17987
--- local government gross fixed capital formation,2005K3,16670
--- local government gross fixed capital formation,2005K4,24333
--- local government gross fixed capital formation,2006K1,13632
--- local government gross fixed capital formation,2006K2,21171
--- local government gross fixed capital formation,2006K3,18485
--- local government gross fixed capital formation,2006K4,29404
--- local government gross fixed capital formation,2007K1,16619
--- local government gross fixed capital formation,2007K2,21141
--- local government gross fixed capital formation,2007K3,19747
--- local government gross fixed capital formation,2007K4,30318
--- local government gross fixed capital formation,2008K1,16117
--- local government gross fixed capital formation,2008K2,22429
--- local government gross fixed capital formation,2008K3,20539
--- local government gross fixed capital formation,2008K4,30278
--- local government gross fixed capital formation,2009K1,16786
--- local government gross fixed capital formation,2009K2,21157
--- local government gross fixed capital formation,2009K3,19156
--- local government gross fixed capital formation,2009K4,29809
--- local government gross fixed capital formation,2010K1,15532
--- local government gross fixed capital formation,2010K2,19576
--- local government gross fixed capital formation,2010K3,23583
--- local government gross fixed capital formation,2010K4,35030
--- local government gross fixed capital formation,2011K1,17045
--- local government gross fixed capital formation,2011K2,23387
--- local government gross fixed capital formation,2011K3,22826
--- local government gross fixed capital formation,2011K4,33535
--- local government gross fixed capital formation,2012K1,20880
--- local government gross fixed capital formation,2012K2,24884
--- local government gross fixed capital formation,2012K3,22067
--- local government gross fixed capital formation,2012K4,34240
--- local government gross fixed capital formation,2013K1,20426
--- local government gross fixed capital formation,2013K2,28071
--- local government gross fixed capital formation,2013K3,25444
--- local government gross fixed capital formation,2013K4,37646
--- local government gross fixed capital formation,2014K1,29270
--- local government gross fixed capital formation,2014K2,30265
--- local government gross fixed capital formation,2014K3,27238
--- local government gross fixed capital formation,2014K4,39522
--- local government gross fixed capital formation,2015K1,31090
--- local government gross fixed capital formation,2015K2,31837
--- local government gross fixed capital formation,2015K3,28981
--- local government gross fixed capital formation,2015K4,41411
--- local government gross fixed capital formation,2016K1,24308
--- local government gross fixed capital formation,2016K2,33932
--- local government gross fixed capital formation,2016K3,32426
--- local government gross fixed capital formation,2016K4,46542
--- local government gross fixed capital formation,2017K1,25666
--- local government gross fixed capital formation,2017K2,39747
--- local government gross fixed capital formation,2017K3,35012
--- local government gross fixed capital formation,2017K4,49658
--- local government gross fixed capital formation,2018K1,30926
--- local government gross fixed capital formation,2018K2,41370
--- local government gross fixed capital formation,2018K3,36862
--- local government gross fixed capital formation,2018K4,54212
--- local government gross fixed capital formation,2019K1,31658
--- local government gross fixed capital formation,2019K2,41360
--- local government gross fixed capital formation,2019K3,37845
--- local government gross fixed capital formation,2019K4,55072
--- local government gross fixed capital formation,2020K1,29963
--- local government gross fixed capital formation,2020K2,39715
--- local government gross fixed capital formation,2020K3,38714
--- local government gross fixed capital formation,2020K4,51981
--- local government gross fixed capital formation,2021K1,33635
--- local government gross fixed capital formation,2021K2,38143
--- local government gross fixed capital formation,2021K3,33128
--- local government gross fixed capital formation,2021K4,47453
--- local government gross fixed capital formation,2022K1,26876
--- local government gross fixed capital formation,2022K2,35347
--- local government gross fixed capital formation,2022K3,32087
--- local government gross fixed capital formation,2022K4,47024
--- local government gross fixed capital formation,2023K1,28821
--- local government gross fixed capital formation,2023K2,38098
--- local government gross fixed capital formation,2023K3,34246
--- local government gross fixed capital formation,2023K4,51881
--- local government gross fixed capital formation,2024K1,29969
--- local government gross fixed capital formation,2024K2,39352
--- local government gross fixed capital formation,2024K3,36775
--- local government gross fixed capital formation,2024K4,51715
--- local government gross fixed capital formation,2025K1,28432
--- local government gross fixed capital formation,2025K2,38245
--- local government gross fixed capital formation,2025K3,35058
--- local government gross fixed capital formation,2025K4,54512
--- local government gross fixed capital formation,2026K1,26534
-- changes in inventories incl. valuables,1980K1,NA
-- changes in inventories incl. valuables,1980K2,NA
-- changes in inventories incl. valuables,1980K3,NA
-- changes in inventories incl. valuables,1980K4,NA
-- changes in inventories incl. valuables,1981K1,-21464
-- changes in inventories incl. valuables,1981K2,-14164
-- changes in inventories incl. valuables,1981K3,14760
-- changes in inventories incl. valuables,1981K4,10315
-- changes in inventories incl. valuables,1982K1,-24327
-- changes in inventories incl. valuables,1982K2,-17475
-- changes in inventories incl. valuables,1982K3,9222
-- changes in inventories incl. valuables,1982K4,14520
-- changes in inventories incl. valuables,1983K1,-29123
-- changes in inventories incl. valuables,1983K2,-25207
-- changes in inventories incl. valuables,1983K3,9847
-- changes in inventories incl. valuables,1983K4,14041
-- changes in inventories incl. valuables,1984K1,-22878
-- changes in inventories incl. valuables,1984K2,-16348
-- changes in inventories incl. valuables,1984K3,9716
-- changes in inventories incl. valuables,1984K4,9874
-- changes in inventories incl. valuables,1985K1,-16194
-- changes in inventories incl. valuables,1985K2,-13222
-- changes in inventories incl. valuables,1985K3,13598
-- changes in inventories incl. valuables,1985K4,21306
-- changes in inventories incl. valuables,1986K1,-15717
-- changes in inventories incl. valuables,1986K2,-11730
-- changes in inventories incl. valuables,1986K3,10506
-- changes in inventories incl. valuables,1986K4,9766
-- changes in inventories incl. valuables,1987K1,-21105
-- changes in inventories incl. valuables,1987K2,-18107
-- changes in inventories incl. valuables,1987K3,23158
-- changes in inventories incl. valuables,1987K4,10775
-- changes in inventories incl. valuables,1988K1,-13134
-- changes in inventories incl. valuables,1988K2,-12733
-- changes in inventories incl. valuables,1988K3,15786
-- changes in inventories incl. valuables,1988K4,8724
-- changes in inventories incl. valuables,1989K1,-14380
-- changes in inventories incl. valuables,1989K2,-12357
-- changes in inventories incl. valuables,1989K3,20258
-- changes in inventories incl. valuables,1989K4,13683
-- changes in inventories incl. valuables,1990K1,-8687
-- changes in inventories incl. valuables,1990K2,-9676
-- changes in inventories incl. valuables,1990K3,10223
-- changes in inventories incl. valuables,1990K4,11440
-- changes in inventories incl. valuables,1991K1,-20780
-- changes in inventories incl. valuables,1991K2,-29871
-- changes in inventories incl. valuables,1991K3,17422
-- changes in inventories incl. valuables,1991K4,-2967
-- changes in inventories incl. valuables,1992K1,-5371
-- changes in inventories incl. valuables,1992K2,-23878
-- changes in inventories incl. valuables,1992K3,25467
-- changes in inventories incl. valuables,1992K4,-1628
-- changes in inventories incl. valuables,1993K1,2838
-- changes in inventories incl. valuables,1993K2,-9116
-- changes in inventories incl. valuables,1993K3,-9375
-- changes in inventories incl. valuables,1993K4,28
-- changes in inventories incl. valuables,1994K1,906
-- changes in inventories incl. valuables,1994K2,5662
-- changes in inventories incl. valuables,1994K3,6615
-- changes in inventories incl. valuables,1994K4,11506
-- changes in inventories incl. valuables,1995K1,19929
-- changes in inventories incl. valuables,1995K2,2504
-- changes in inventories incl. valuables,1995K3,1886
-- changes in inventories incl. valuables,1995K4,8456
-- changes in inventories incl. valuables,1996K1,28655
-- changes in inventories incl. valuables,1996K2,-11674
-- changes in inventories incl. valuables,1996K3,-8880
-- changes in inventories incl. valuables,1996K4,-4492
-- changes in inventories incl. valuables,1997K1,9646
-- changes in inventories incl. valuables,1997K2,-6964
-- changes in inventories incl. valuables,1997K3,3182
-- changes in inventories incl. valuables,1997K4,3996
-- changes in inventories incl. valuables,1998K1,21898
-- changes in inventories incl. valuables,1998K2,1195
-- changes in inventories incl. valuables,1998K3,130
-- changes in inventories incl. valuables,1998K4,-1886
-- changes in inventories incl. valuables,1999K1,14659
-- changes in inventories incl. valuables,1999K2,-4602
-- changes in inventories incl. valuables,1999K3,-2579
-- changes in inventories incl. valuables,1999K4,-3676
-- changes in inventories incl. valuables,2000K1,9938
-- changes in inventories incl. valuables,2000K2,6012
-- changes in inventories incl. valuables,2000K3,9089
-- changes in inventories incl. valuables,2000K4,-5771
-- changes in inventories incl. valuables,2001K1,28245
-- changes in inventories incl. valuables,2001K2,-204
-- changes in inventories incl. valuables,2001K3,-2722
-- changes in inventories incl. valuables,2001K4,-18985
-- changes in inventories incl. valuables,2002K1,16196
-- changes in inventories incl. valuables,2002K2,-10912
-- changes in inventories incl. valuables,2002K3,-1666
-- changes in inventories incl. valuables,2002K4,-6714
-- changes in inventories incl. valuables,2003K1,21906
-- changes in inventories incl. valuables,2003K2,-6119
-- changes in inventories incl. valuables,2003K3,-4061
-- changes in inventories incl. valuables,2003K4,-5443
-- changes in inventories incl. valuables,2004K1,11407
-- changes in inventories incl. valuables,2004K2,-12681
-- changes in inventories incl. valuables,2004K3,-1966
-- changes in inventories incl. valuables,2004K4,-2716
-- changes in inventories incl. valuables,2005K1,9928
-- changes in inventories incl. valuables,2005K2,-10180
-- changes in inventories incl. valuables,2005K3,-12699
-- changes in inventories incl. valuables,2005K4,4052
-- changes in inventories incl. valuables,2006K1,10871
-- changes in inventories incl. valuables,2006K2,-12012
-- changes in inventories incl. valuables,2006K3,3220
-- changes in inventories incl. valuables,2006K4,-4781
-- changes in inventories incl. valuables,2007K1,22559
-- changes in inventories incl. valuables,2007K2,-12919
-- changes in inventories incl. valuables,2007K3,16566
-- changes in inventories incl. valuables,2007K4,486
-- changes in inventories incl. valuables,2008K1,14686
-- changes in inventories incl. valuables,2008K2,4282
-- changes in inventories incl. valuables,2008K3,9013
-- changes in inventories incl. valuables,2008K4,-29021
-- changes in inventories incl. valuables,2009K1,-3218
-- changes in inventories incl. valuables,2009K2,-36735
-- changes in inventories incl. valuables,2009K3,-16872
-- changes in inventories incl. valuables,2009K4,-21870
-- changes in inventories incl. valuables,2010K1,15693
-- changes in inventories incl. valuables,2010K2,3345
-- changes in inventories incl. valuables,2010K3,13279
-- changes in inventories incl. valuables,2010K4,-12329
-- changes in inventories incl. valuables,2011K1,42877
-- changes in inventories incl. valuables,2011K2,-59
-- changes in inventories incl. valuables,2011K3,11482
-- changes in inventories incl. valuables,2011K4,-9762
-- changes in inventories incl. valuables,2012K1,16089
-- changes in inventories incl. valuables,2012K2,-11208
-- changes in inventories incl. valuables,2012K3,14313
-- changes in inventories incl. valuables,2012K4,-32320
-- changes in inventories incl. valuables,2013K1,20439
-- changes in inventories incl. valuables,2013K2,-6900
-- changes in inventories incl. valuables,2013K3,-4783
-- changes in inventories incl. valuables,2013K4,-11524
-- changes in inventories incl. valuables,2014K1,15497
-- changes in inventories incl. valuables,2014K2,-3445
-- changes in inventories incl. valuables,2014K3,7686
-- changes in inventories incl. valuables,2014K4,-10484
-- changes in inventories incl. valuables,2015K1,20845
-- changes in inventories incl. valuables,2015K2,-67
-- changes in inventories incl. valuables,2015K3,16406
-- changes in inventories incl. valuables,2015K4,-7851
-- changes in inventories incl. valuables,2016K1,28820
-- changes in inventories incl. valuables,2016K2,5151
-- changes in inventories incl. valuables,2016K3,12066
-- changes in inventories incl. valuables,2016K4,-17903
-- changes in inventories incl. valuables,2017K1,27838
-- changes in inventories incl. valuables,2017K2,-2078
-- changes in inventories incl. valuables,2017K3,7819
-- changes in inventories incl. valuables,2017K4,-3455
-- changes in inventories incl. valuables,2018K1,28578
-- changes in inventories incl. valuables,2018K2,8988
-- changes in inventories incl. valuables,2018K3,3897
-- changes in inventories incl. valuables,2018K4,2135
-- changes in inventories incl. valuables,2019K1,34749
-- changes in inventories incl. valuables,2019K2,6687
-- changes in inventories incl. valuables,2019K3,4583
-- changes in inventories incl. valuables,2019K4,-8329
-- changes in inventories incl. valuables,2020K1,10577
-- changes in inventories incl. valuables,2020K2,-6521
-- changes in inventories incl. valuables,2020K3,1166
-- changes in inventories incl. valuables,2020K4,-11760
-- changes in inventories incl. valuables,2021K1,17705
-- changes in inventories incl. valuables,2021K2,-14255
-- changes in inventories incl. valuables,2021K3,4055
-- changes in inventories incl. valuables,2021K4,8470
-- changes in inventories incl. valuables,2022K1,39729
-- changes in inventories incl. valuables,2022K2,22400
-- changes in inventories incl. valuables,2022K3,34895
-- changes in inventories incl. valuables,2022K4,-11797
-- changes in inventories incl. valuables,2023K1,34421
-- changes in inventories incl. valuables,2023K2,-596
-- changes in inventories incl. valuables,2023K3,-3986
-- changes in inventories incl. valuables,2023K4,-38952
-- changes in inventories incl. valuables,2024K1,34797
-- changes in inventories incl. valuables,2024K2,-11153
-- changes in inventories incl. valuables,2024K3,8872
-- changes in inventories incl. valuables,2024K4,-21359
-- changes in inventories incl. valuables,2025K1,25745
-- changes in inventories incl. valuables,2025K2,17404
-- changes in inventories incl. valuables,2025K3,14920
-- changes in inventories incl. valuables,2025K4,-31116
-- changes in inventories incl. valuables,2026K1,32156
--- changes in inventories,1980K1,NA
--- changes in inventories,1980K2,NA
--- changes in inventories,1980K3,NA
--- changes in inventories,1980K4,NA
--- changes in inventories,1981K1,-21629
--- changes in inventories,1981K2,-14338
--- changes in inventories,1981K3,14536
--- changes in inventories,1981K4,10100
--- changes in inventories,1982K1,-24490
--- changes in inventories,1982K2,-17646
--- changes in inventories,1982K3,8996
--- changes in inventories,1982K4,14320
--- changes in inventories,1983K1,-29312
--- changes in inventories,1983K2,-25401
--- changes in inventories,1983K3,9603
--- changes in inventories,1983K4,13793
--- changes in inventories,1984K1,-23040
--- changes in inventories,1984K2,-16524
--- changes in inventories,1984K3,9487
--- changes in inventories,1984K4,9656
--- changes in inventories,1985K1,-16305
--- changes in inventories,1985K2,-13340
--- changes in inventories,1985K3,13445
--- changes in inventories,1985K4,21146
--- changes in inventories,1986K1,-15862
--- changes in inventories,1986K2,-11881
--- changes in inventories,1986K3,10314
--- changes in inventories,1986K4,9563
--- changes in inventories,1987K1,-21336
--- changes in inventories,1987K2,-18351
--- changes in inventories,1987K3,22843
--- changes in inventories,1987K4,10465
--- changes in inventories,1988K1,-13308
--- changes in inventories,1988K2,-12913
--- changes in inventories,1988K3,15557
--- changes in inventories,1988K4,8489
--- changes in inventories,1989K1,-14709
--- changes in inventories,1989K2,-12704
--- changes in inventories,1989K3,19816
--- changes in inventories,1989K4,13240
--- changes in inventories,1990K1,-8677
--- changes in inventories,1990K2,-9666
--- changes in inventories,1990K3,10234
--- changes in inventories,1990K4,11454
--- changes in inventories,1991K1,-20807
--- changes in inventories,1991K2,-29900
--- changes in inventories,1991K3,17386
--- changes in inventories,1991K4,-3009
--- changes in inventories,1992K1,-5373
--- changes in inventories,1992K2,-23880
--- changes in inventories,1992K3,25465
--- changes in inventories,1992K4,-1628
--- changes in inventories,1993K1,2775
--- changes in inventories,1993K2,-9198
--- changes in inventories,1993K3,-9515
--- changes in inventories,1993K4,-112
--- changes in inventories,1994K1,937
--- changes in inventories,1994K2,5705
--- changes in inventories,1994K3,6652
--- changes in inventories,1994K4,11541
--- changes in inventories,1995K1,19879
--- changes in inventories,1995K2,2439
--- changes in inventories,1995K3,1829
--- changes in inventories,1995K4,8401
--- changes in inventories,1996K1,28510
--- changes in inventories,1996K2,-11880
--- changes in inventories,1996K3,-9049
--- changes in inventories,1996K4,-4678
--- changes in inventories,1997K1,9493
--- changes in inventories,1997K2,-7182
--- changes in inventories,1997K3,3002
--- changes in inventories,1997K4,3800
--- changes in inventories,1998K1,21756
--- changes in inventories,1998K2,1021
--- changes in inventories,1998K3,-51
--- changes in inventories,1998K4,-2099
--- changes in inventories,1999K1,14490
--- changes in inventories,1999K2,-4813
--- changes in inventories,1999K3,-2797
--- changes in inventories,1999K4,-3932
--- changes in inventories,2000K1,9558
--- changes in inventories,2000K2,5656
--- changes in inventories,2000K3,8658
--- changes in inventories,2000K4,-5962
--- changes in inventories,2001K1,27929
--- changes in inventories,2001K2,-495
--- changes in inventories,2001K3,-3074
--- changes in inventories,2001K4,-19141
--- changes in inventories,2002K1,15708
--- changes in inventories,2002K2,-11029
--- changes in inventories,2002K3,-2069
--- changes in inventories,2002K4,-7041
--- changes in inventories,2003K1,21325
--- changes in inventories,2003K2,-6258
--- changes in inventories,2003K3,-4530
--- changes in inventories,2003K4,-5808
--- changes in inventories,2004K1,11166
--- changes in inventories,2004K2,-13060
--- changes in inventories,2004K3,-2339
--- changes in inventories,2004K4,-3151
--- changes in inventories,2005K1,9709
--- changes in inventories,2005K2,-10518
--- changes in inventories,2005K3,-13027
--- changes in inventories,2005K4,3664
--- changes in inventories,2006K1,10689
--- changes in inventories,2006K2,-12354
--- changes in inventories,2006K3,2984
--- changes in inventories,2006K4,-5059
--- changes in inventories,2007K1,22383
--- changes in inventories,2007K2,-13239
--- changes in inventories,2007K3,16345
--- changes in inventories,2007K4,223
--- changes in inventories,2008K1,14377
--- changes in inventories,2008K2,3908
--- changes in inventories,2008K3,8631
--- changes in inventories,2008K4,-29412
--- changes in inventories,2009K1,-3518
--- changes in inventories,2009K2,-37091
--- changes in inventories,2009K3,-17236
--- changes in inventories,2009K4,-22242
--- changes in inventories,2010K1,15455
--- changes in inventories,2010K2,2994
--- changes in inventories,2010K3,13044
--- changes in inventories,2010K4,-12641
--- changes in inventories,2011K1,42621
--- changes in inventories,2011K2,-445
--- changes in inventories,2011K3,11220
--- changes in inventories,2011K4,-10102
--- changes in inventories,2012K1,15897
--- changes in inventories,2012K2,-11532
--- changes in inventories,2012K3,13950
--- changes in inventories,2012K4,-32716
--- changes in inventories,2013K1,20093
--- changes in inventories,2013K2,-6872
--- changes in inventories,2013K3,-5211
--- changes in inventories,2013K4,-11975
--- changes in inventories,2014K1,15284
--- changes in inventories,2014K2,-3718
--- changes in inventories,2014K3,7341
--- changes in inventories,2014K4,-10869
--- changes in inventories,2015K1,20644
--- changes in inventories,2015K2,-426
--- changes in inventories,2015K3,16025
--- changes in inventories,2015K4,-8363
--- changes in inventories,2016K1,28340
--- changes in inventories,2016K2,4682
--- changes in inventories,2016K3,11613
--- changes in inventories,2016K4,-18489
--- changes in inventories,2017K1,27475
--- changes in inventories,2017K2,-2734
--- changes in inventories,2017K3,7329
--- changes in inventories,2017K4,-3956
--- changes in inventories,2018K1,28193
--- changes in inventories,2018K2,8602
--- changes in inventories,2018K3,3515
--- changes in inventories,2018K4,1649
--- changes in inventories,2019K1,34328
--- changes in inventories,2019K2,6256
--- changes in inventories,2019K3,4095
--- changes in inventories,2019K4,-8836
--- changes in inventories,2020K1,9967
--- changes in inventories,2020K2,-6920
--- changes in inventories,2020K3,650
--- changes in inventories,2020K4,-12392
--- changes in inventories,2021K1,17247
--- changes in inventories,2021K2,-14784
--- changes in inventories,2021K3,3645
--- changes in inventories,2021K4,7706
--- changes in inventories,2022K1,39139
--- changes in inventories,2022K2,21800
--- changes in inventories,2022K3,34301
--- changes in inventories,2022K4,-12407
--- changes in inventories,2023K1,33931
--- changes in inventories,2023K2,-1106
--- changes in inventories,2023K3,-4503
--- changes in inventories,2023K4,-39372
--- changes in inventories,2024K1,33689
--- changes in inventories,2024K2,-11918
--- changes in inventories,2024K3,7667
--- changes in inventories,2024K4,-22154
--- changes in inventories,2025K1,25515
--- changes in inventories,2025K2,16622
--- changes in inventories,2025K3,14295
--- changes in inventories,2025K4,-32098
--- changes in inventories,2026K1,31592
--- changes in valuables,1980K1,NA
--- changes in valuables,1980K2,NA
--- changes in valuables,1980K3,NA
--- changes in valuables,1980K4,NA
--- changes in valuables,1981K1,165
--- changes in valuables,1981K2,174
--- changes in valuables,1981K3,224
--- changes in valuables,1981K4,215
--- changes in valuables,1982K1,163
--- changes in valuables,1982K2,171
--- changes in valuables,1982K3,225
--- changes in valuables,1982K4,201
--- changes in valuables,1983K1,190
--- changes in valuables,1983K2,193
--- changes in valuables,1983K3,243
--- changes in valuables,1983K4,248
--- changes in valuables,1984K1,162
--- changes in valuables,1984K2,176
--- changes in valuables,1984K3,229
--- changes in valuables,1984K4,218
--- changes in valuables,1985K1,111
--- changes in valuables,1985K2,118
--- changes in valuables,1985K3,154
--- changes in valuables,1985K4,160
--- changes in valuables,1986K1,144
--- changes in valuables,1986K2,151
--- changes in valuables,1986K3,194
--- changes in valuables,1986K4,203
--- changes in valuables,1987K1,232
--- changes in valuables,1987K2,243
--- changes in valuables,1987K3,315
--- changes in valuables,1987K4,310
--- changes in valuables,1988K1,174
--- changes in valuables,1988K2,180
--- changes in valuables,1988K3,229
--- changes in valuables,1988K4,235
--- changes in valuables,1989K1,329
--- changes in valuables,1989K2,347
--- changes in valuables,1989K3,442
--- changes in valuables,1989K4,443
--- changes in valuables,1990K1,-10
--- changes in valuables,1990K2,-10
--- changes in valuables,1990K3,-12
--- changes in valuables,1990K4,-14
--- changes in valuables,1991K1,26
--- changes in valuables,1991K2,29
--- changes in valuables,1991K3,37
--- changes in valuables,1991K4,42
--- changes in valuables,1992K1,2
--- changes in valuables,1992K2,2
--- changes in valuables,1992K3,2
--- changes in valuables,1992K4,0
--- changes in valuables,1993K1,63
--- changes in valuables,1993K2,82
--- changes in valuables,1993K3,141
--- changes in valuables,1993K4,140
--- changes in valuables,1994K1,-31
--- changes in valuables,1994K2,-43
--- changes in valuables,1994K3,-37
--- changes in valuables,1994K4,-35
--- changes in valuables,1995K1,50
--- changes in valuables,1995K2,65
--- changes in valuables,1995K3,57
--- changes in valuables,1995K4,55
--- changes in valuables,1996K1,145
--- changes in valuables,1996K2,206
--- changes in valuables,1996K3,169
--- changes in valuables,1996K4,186
--- changes in valuables,1997K1,153
--- changes in valuables,1997K2,218
--- changes in valuables,1997K3,180
--- changes in valuables,1997K4,196
--- changes in valuables,1998K1,142
--- changes in valuables,1998K2,174
--- changes in valuables,1998K3,180
--- changes in valuables,1998K4,213
--- changes in valuables,1999K1,169
--- changes in valuables,1999K2,211
--- changes in valuables,1999K3,218
--- changes in valuables,1999K4,256
--- changes in valuables,2000K1,380
--- changes in valuables,2000K2,355
--- changes in valuables,2000K3,430
--- changes in valuables,2000K4,192
--- changes in valuables,2001K1,315
--- changes in valuables,2001K2,291
--- changes in valuables,2001K3,353
--- changes in valuables,2001K4,156
--- changes in valuables,2002K1,488
--- changes in valuables,2002K2,116
--- changes in valuables,2002K3,404
--- changes in valuables,2002K4,327
--- changes in valuables,2003K1,581
--- changes in valuables,2003K2,139
--- changes in valuables,2003K3,469
--- changes in valuables,2003K4,365
--- changes in valuables,2004K1,241
--- changes in valuables,2004K2,380
--- changes in valuables,2004K3,372
--- changes in valuables,2004K4,435
--- changes in valuables,2005K1,219
--- changes in valuables,2005K2,338
--- changes in valuables,2005K3,328
--- changes in valuables,2005K4,388
--- changes in valuables,2006K1,182
--- changes in valuables,2006K2,342
--- changes in valuables,2006K3,235
--- changes in valuables,2006K4,279
--- changes in valuables,2007K1,176
--- changes in valuables,2007K2,320
--- changes in valuables,2007K3,221
--- changes in valuables,2007K4,263
--- changes in valuables,2008K1,309
--- changes in valuables,2008K2,374
--- changes in valuables,2008K3,382
--- changes in valuables,2008K4,391
--- changes in valuables,2009K1,299
--- changes in valuables,2009K2,356
--- changes in valuables,2009K3,365
--- changes in valuables,2009K4,372
--- changes in valuables,2010K1,239
--- changes in valuables,2010K2,350
--- changes in valuables,2010K3,236
--- changes in valuables,2010K4,311
--- changes in valuables,2011K1,256
--- changes in valuables,2011K2,386
--- changes in valuables,2011K3,262
--- changes in valuables,2011K4,340
--- changes in valuables,2012K1,192
--- changes in valuables,2012K2,325
--- changes in valuables,2012K3,361
--- changes in valuables,2012K4,396
--- changes in valuables,2013K1,345
--- changes in valuables,2013K2,-28
--- changes in valuables,2013K3,429
--- changes in valuables,2013K4,451
--- changes in valuables,2014K1,214
--- changes in valuables,2014K2,272
--- changes in valuables,2014K3,345
--- changes in valuables,2014K4,385
--- changes in valuables,2015K1,200
--- changes in valuables,2015K2,359
--- changes in valuables,2015K3,383
--- changes in valuables,2015K4,511
--- changes in valuables,2016K1,480
--- changes in valuables,2016K2,469
--- changes in valuables,2016K3,453
--- changes in valuables,2016K4,586
--- changes in valuables,2017K1,363
--- changes in valuables,2017K2,655
--- changes in valuables,2017K3,491
--- changes in valuables,2017K4,501
--- changes in valuables,2018K1,384
--- changes in valuables,2018K2,386
--- changes in valuables,2018K3,382
--- changes in valuables,2018K4,486
--- changes in valuables,2019K1,421
--- changes in valuables,2019K2,431
--- changes in valuables,2019K3,488
--- changes in valuables,2019K4,507
--- changes in valuables,2020K1,610
--- changes in valuables,2020K2,399
--- changes in valuables,2020K3,516
--- changes in valuables,2020K4,632
--- changes in valuables,2021K1,458
--- changes in valuables,2021K2,528
--- changes in valuables,2021K3,411
--- changes in valuables,2021K4,764
--- changes in valuables,2022K1,590
--- changes in valuables,2022K2,600
--- changes in valuables,2022K3,594
--- changes in valuables,2022K4,610
--- changes in valuables,2023K1,490
--- changes in valuables,2023K2,510
--- changes in valuables,2023K3,516
--- changes in valuables,2023K4,420
--- changes in valuables,2024K1,1108
--- changes in valuables,2024K2,765
--- changes in valuables,2024K3,1205
--- changes in valuables,2024K4,795
--- changes in valuables,2025K1,230
--- changes in valuables,2025K2,782
--- changes in valuables,2025K3,625
--- changes in valuables,2025K4,982
--- changes in valuables,2026K1,564
- Exports of goods and services,1980K1,NA
- Exports of goods and services,1980K2,NA
- Exports of goods and services,1980K3,NA
- Exports of goods and services,1980K4,NA
- Exports of goods and services,1981K1,113227
- Exports of goods and services,1981K2,115830
- Exports of goods and services,1981K3,109219
- Exports of goods and services,1981K4,132844
- Exports of goods and services,1982K1,122792
- Exports of goods and services,1982K2,126863
- Exports of goods and services,1982K3,114778
- Exports of goods and services,1982K4,137711
- Exports of goods and services,1983K1,134372
- Exports of goods and services,1983K2,140600
- Exports of goods and services,1983K3,125719
- Exports of goods and services,1983K4,150837
- Exports of goods and services,1984K1,153048
- Exports of goods and services,1984K2,146937
- Exports of goods and services,1984K3,132750
- Exports of goods and services,1984K4,158320
- Exports of goods and services,1985K1,143366
- Exports of goods and services,1985K2,150501
- Exports of goods and services,1985K3,144277
- Exports of goods and services,1985K4,160537
- Exports of goods and services,1986K1,148522
- Exports of goods and services,1986K2,161932
- Exports of goods and services,1986K3,145153
- Exports of goods and services,1986K4,163930
- Exports of goods and services,1987K1,155346
- Exports of goods and services,1987K2,161259
- Exports of goods and services,1987K3,148597
- Exports of goods and services,1987K4,178897
- Exports of goods and services,1988K1,160605
- Exports of goods and services,1988K2,170458
- Exports of goods and services,1988K3,150715
- Exports of goods and services,1988K4,182946
- Exports of goods and services,1989K1,169765
- Exports of goods and services,1989K2,176373
- Exports of goods and services,1989K3,157168
- Exports of goods and services,1989K4,182223
- Exports of goods and services,1990K1,178646
- Exports of goods and services,1990K2,179713
- Exports of goods and services,1990K3,158176
- Exports of goods and services,1990K4,185181
- Exports of goods and services,1991K1,172424
- Exports of goods and services,1991K2,179587
- Exports of goods and services,1991K3,154984
- Exports of goods and services,1991K4,181586
- Exports of goods and services,1992K1,180811
- Exports of goods and services,1992K2,176511
- Exports of goods and services,1992K3,166179
- Exports of goods and services,1992K4,181556
- Exports of goods and services,1993K1,181036
- Exports of goods and services,1993K2,187238
- Exports of goods and services,1993K3,186268
- Exports of goods and services,1993K4,206873
- Exports of goods and services,1994K1,207806
- Exports of goods and services,1994K2,214924
- Exports of goods and services,1994K3,202333
- Exports of goods and services,1994K4,239906
- Exports of goods and services,1995K1,243111
- Exports of goods and services,1995K2,243726
- Exports of goods and services,1995K3,224070
- Exports of goods and services,1995K4,251292
- Exports of goods and services,1996K1,247126
- Exports of goods and services,1996K2,255131
- Exports of goods and services,1996K3,234580
- Exports of goods and services,1996K4,266697
- Exports of goods and services,1997K1,266626
- Exports of goods and services,1997K2,294303
- Exports of goods and services,1997K3,272202
- Exports of goods and services,1997K4,309207
- Exports of goods and services,1998K1,300756
- Exports of goods and services,1998K2,310886
- Exports of goods and services,1998K3,296895
- Exports of goods and services,1998K4,335373
- Exports of goods and services,1999K1,317742
- Exports of goods and services,1999K2,335020
- Exports of goods and services,1999K3,320611
- Exports of goods and services,1999K4,358219
- Exports of goods and services,2000K1,352762
- Exports of goods and services,2000K2,372415
- Exports of goods and services,2000K3,360375
- Exports of goods and services,2000K4,402634
- Exports of goods and services,2001K1,377698
- Exports of goods and services,2001K2,374955
- Exports of goods and services,2001K3,353268
- Exports of goods and services,2001K4,390088
- Exports of goods and services,2002K1,376253
- Exports of goods and services,2002K2,394511
- Exports of goods and services,2002K3,357071
- Exports of goods and services,2002K4,392668
- Exports of goods and services,2003K1,383513
- Exports of goods and services,2003K2,398704
- Exports of goods and services,2003K3,382827
- Exports of goods and services,2003K4,419854
- Exports of goods and services,2004K1,420698
- Exports of goods and services,2004K2,454238
- Exports of goods and services,2004K3,422400
- Exports of goods and services,2004K4,465383
- Exports of goods and services,2005K1,438805
- Exports of goods and services,2005K2,483339
- Exports of goods and services,2005K3,461567
- Exports of goods and services,2005K4,503455
- Exports of goods and services,2006K1,504663
- Exports of goods and services,2006K2,511855
- Exports of goods and services,2006K3,483769
- Exports of goods and services,2006K4,543821
- Exports of goods and services,2007K1,523318
- Exports of goods and services,2007K2,540156
- Exports of goods and services,2007K3,507938
- Exports of goods and services,2007K4,562863
- Exports of goods and services,2008K1,550101
- Exports of goods and services,2008K2,567713
- Exports of goods and services,2008K3,518358
- Exports of goods and services,2008K4,519532
- Exports of goods and services,2009K1,457239
- Exports of goods and services,2009K2,460697
- Exports of goods and services,2009K3,449133
- Exports of goods and services,2009K4,480736
- Exports of goods and services,2010K1,469898
- Exports of goods and services,2010K2,518596
- Exports of goods and services,2010K3,503896
- Exports of goods and services,2010K4,559608
- Exports of goods and services,2011K1,533991
- Exports of goods and services,2011K2,555918
- Exports of goods and services,2011K3,542237
- Exports of goods and services,2011K4,558899
- Exports of goods and services,2012K1,550409
- Exports of goods and services,2012K2,568089
- Exports of goods and services,2012K3,531839
- Exports of goods and services,2012K4,556223
- Exports of goods and services,2013K1,532545
- Exports of goods and services,2013K2,563845
- Exports of goods and services,2013K3,538254
- Exports of goods and services,2013K4,569117
- Exports of goods and services,2014K1,547967
- Exports of goods and services,2014K2,576866
- Exports of goods and services,2014K3,560032
- Exports of goods and services,2014K4,605253
- Exports of goods and services,2015K1,568398
- Exports of goods and services,2015K2,609600
- Exports of goods and services,2015K3,586220
- Exports of goods and services,2015K4,642476
- Exports of goods and services,2016K1,595484
- Exports of goods and services,2016K2,633097
- Exports of goods and services,2016K3,591367
- Exports of goods and services,2016K4,660426
- Exports of goods and services,2017K1,613522
- Exports of goods and services,2017K2,646135
- Exports of goods and services,2017K3,614449
- Exports of goods and services,2017K4,688044
- Exports of goods and services,2018K1,644069
- Exports of goods and services,2018K2,670352
- Exports of goods and services,2018K3,638200
- Exports of goods and services,2018K4,721284
- Exports of goods and services,2019K1,694081
- Exports of goods and services,2019K2,729985
- Exports of goods and services,2019K3,700709
- Exports of goods and services,2019K4,735093
- Exports of goods and services,2020K1,711266
- Exports of goods and services,2020K2,604292
- Exports of goods and services,2020K3,639290
- Exports of goods and services,2020K4,749789
- Exports of goods and services,2021K1,735179
- Exports of goods and services,2021K2,760011
- Exports of goods and services,2021K3,704827
- Exports of goods and services,2021K4,817223
- Exports of goods and services,2022K1,782737
- Exports of goods and services,2022K2,801635
- Exports of goods and services,2022K3,760271
- Exports of goods and services,2022K4,855245
- Exports of goods and services,2023K1,818151
- Exports of goods and services,2023K2,813948
- Exports of goods and services,2023K3,784909
- Exports of goods and services,2023K4,864893
- Exports of goods and services,2024K1,820511
- Exports of goods and services,2024K2,850460
- Exports of goods and services,2024K3,808724
- Exports of goods and services,2024K4,898670
- Exports of goods and services,2025K1,855816
- Exports of goods and services,2025K2,882313
- Exports of goods and services,2025K3,850994
- Exports of goods and services,2025K4,916275
- Exports of goods and services,2026K1,887619
-- exports of goods,1980K1,NA
-- exports of goods,1980K2,NA
-- exports of goods,1980K3,NA
-- exports of goods,1980K4,NA
-- exports of goods,1981K1,89426
-- exports of goods,1981K2,90627
-- exports of goods,1981K3,80888
-- exports of goods,1981K4,105034
-- exports of goods,1982K1,95986
-- exports of goods,1982K2,96418
-- exports of goods,1982K3,82443
-- exports of goods,1982K4,105328
-- exports of goods,1983K1,105805
-- exports of goods,1983K2,108168
-- exports of goods,1983K3,92555
-- exports of goods,1983K4,119560
-- exports of goods,1984K1,121439
-- exports of goods,1984K2,112176
-- exports of goods,1984K3,99062
-- exports of goods,1984K4,126895
-- exports of goods,1985K1,116704
-- exports of goods,1985K2,119156
-- exports of goods,1985K3,109228
-- exports of goods,1985K4,129284
-- exports of goods,1986K1,119224
-- exports of goods,1986K2,128863
-- exports of goods,1986K3,110095
-- exports of goods,1986K4,130671
-- exports of goods,1987K1,125379
-- exports of goods,1987K2,127638
-- exports of goods,1987K3,112436
-- exports of goods,1987K4,141756
-- exports of goods,1988K1,128636
-- exports of goods,1988K2,134553
-- exports of goods,1988K3,113716
-- exports of goods,1988K4,146148
-- exports of goods,1989K1,136879
-- exports of goods,1989K2,139451
-- exports of goods,1989K3,118132
-- exports of goods,1989K4,142917
-- exports of goods,1990K1,140134
-- exports of goods,1990K2,138605
-- exports of goods,1990K3,116624
-- exports of goods,1990K4,144220
-- exports of goods,1991K1,134959
-- exports of goods,1991K2,138780
-- exports of goods,1991K3,115640
-- exports of goods,1991K4,139905
-- exports of goods,1992K1,140810
-- exports of goods,1992K2,134836
-- exports of goods,1992K3,122920
-- exports of goods,1992K4,138014
-- exports of goods,1993K1,139946
-- exports of goods,1993K2,143705
-- exports of goods,1993K3,140550
-- exports of goods,1993K4,161951
-- exports of goods,1994K1,164384
-- exports of goods,1994K2,169924
-- exports of goods,1994K3,154506
-- exports of goods,1994K4,193435
-- exports of goods,1995K1,199817
-- exports of goods,1995K2,196009
-- exports of goods,1995K3,175529
-- exports of goods,1995K4,206224
-- exports of goods,1996K1,201590
-- exports of goods,1996K2,207616
-- exports of goods,1996K3,185880
-- exports of goods,1996K4,218711
-- exports of goods,1997K1,218374
-- exports of goods,1997K2,238294
-- exports of goods,1997K3,215724
-- exports of goods,1997K4,251711
-- exports of goods,1998K1,246576
-- exports of goods,1998K2,251204
-- exports of goods,1998K3,233110
-- exports of goods,1998K4,271845
-- exports of goods,1999K1,257753
-- exports of goods,1999K2,267451
-- exports of goods,1999K3,251242
-- exports of goods,1999K4,288696
-- exports of goods,2000K1,286331
-- exports of goods,2000K2,299481
-- exports of goods,2000K3,282795
-- exports of goods,2000K4,319994
-- exports of goods,2001K1,299204
-- exports of goods,2001K2,292665
-- exports of goods,2001K3,266332
-- exports of goods,2001K4,302685
-- exports of goods,2002K1,297887
-- exports of goods,2002K2,309737
-- exports of goods,2002K3,271236
-- exports of goods,2002K4,307377
-- exports of goods,2003K1,303180
-- exports of goods,2003K2,314106
-- exports of goods,2003K3,295157
-- exports of goods,2003K4,327834
-- exports of goods,2004K1,334254
-- exports of goods,2004K2,357746
-- exports of goods,2004K3,323053
-- exports of goods,2004K4,363291
-- exports of goods,2005K1,348661
-- exports of goods,2005K2,383341
-- exports of goods,2005K3,355478
-- exports of goods,2005K4,385313
-- exports of goods,2006K1,398298
-- exports of goods,2006K2,399047
-- exports of goods,2006K3,369233
-- exports of goods,2006K4,425797
-- exports of goods,2007K1,412541
-- exports of goods,2007K2,416821
-- exports of goods,2007K3,385573
-- exports of goods,2007K4,437795
-- exports of goods,2008K1,433220
-- exports of goods,2008K2,444049
-- exports of goods,2008K3,392399
-- exports of goods,2008K4,385274
-- exports of goods,2009K1,334332
-- exports of goods,2009K2,333346
-- exports of goods,2009K3,323816
-- exports of goods,2009K4,355546
-- exports of goods,2010K1,355896
-- exports of goods,2010K2,398339
-- exports of goods,2010K3,379227
-- exports of goods,2010K4,428310
-- exports of goods,2011K1,420581
-- exports of goods,2011K2,430083
-- exports of goods,2011K3,414508
-- exports of goods,2011K4,423745
-- exports of goods,2012K1,426685
-- exports of goods,2012K2,432868
-- exports of goods,2012K3,400568
-- exports of goods,2012K4,417349
-- exports of goods,2013K1,398141
-- exports of goods,2013K2,419052
-- exports of goods,2013K3,391027
-- exports of goods,2013K4,413010
-- exports of goods,2014K1,414225
-- exports of goods,2014K2,429039
-- exports of goods,2014K3,406893
-- exports of goods,2014K4,432037
-- exports of goods,2015K1,410008
-- exports of goods,2015K2,438844
-- exports of goods,2015K3,410146
-- exports of goods,2015K4,448492
-- exports of goods,2016K1,427389
-- exports of goods,2016K2,447870
-- exports of goods,2016K3,410966
-- exports of goods,2016K4,459886
-- exports of goods,2017K1,455004
-- exports of goods,2017K2,465468
-- exports of goods,2017K3,434173
-- exports of goods,2017K4,489848
-- exports of goods,2018K1,478665
-- exports of goods,2018K2,495070
-- exports of goods,2018K3,455642
-- exports of goods,2018K4,504929
-- exports of goods,2019K1,502789
-- exports of goods,2019K2,513324
-- exports of goods,2019K3,483567
-- exports of goods,2019K4,518066
-- exports of goods,2020K1,521147
-- exports of goods,2020K2,437867
-- exports of goods,2020K3,470022
-- exports of goods,2020K4,536989
-- exports of goods,2021K1,539675
-- exports of goods,2021K2,551051
-- exports of goods,2021K3,498217
-- exports of goods,2021K4,569871
-- exports of goods,2022K1,564925
-- exports of goods,2022K2,557431
-- exports of goods,2022K3,522238
-- exports of goods,2022K4,577183
-- exports of goods,2023K1,569631
-- exports of goods,2023K2,552145
-- exports of goods,2023K3,514907
-- exports of goods,2023K4,574535
-- exports of goods,2024K1,561445
-- exports of goods,2024K2,572834
-- exports of goods,2024K3,519646
-- exports of goods,2024K4,578607
-- exports of goods,2025K1,578408
-- exports of goods,2025K2,585483
-- exports of goods,2025K3,547277
-- exports of goods,2025K4,589559
-- exports of goods,2026K1,585209
-- exports of services,1980K1,NA
-- exports of services,1980K2,NA
-- exports of services,1980K3,NA
-- exports of services,1980K4,NA
-- exports of services,1981K1,24112
-- exports of services,1981K2,25764
-- exports of services,1981K3,30158
-- exports of services,1981K4,28142
-- exports of services,1982K1,27429
-- exports of services,1982K2,31858
-- exports of services,1982K3,34953
-- exports of services,1982K4,33727
-- exports of services,1983K1,28822
-- exports of services,1983K2,33541
-- exports of services,1983K3,35538
-- exports of services,1983K4,31298
-- exports of services,1984K1,31688
-- exports of services,1984K2,36167
-- exports of services,1984K3,35646
-- exports of services,1984K4,31121
-- exports of services,1985K1,25830
-- exports of services,1985K2,31494
-- exports of services,1985K3,36716
-- exports of services,1985K4,30747
-- exports of services,1986K1,28967
-- exports of services,1986K2,33036
-- exports of services,1986K3,36610
-- exports of services,1986K4,33162
-- exports of services,1987K1,29366
-- exports of services,1987K2,33782
-- exports of services,1987K3,37925
-- exports of services,1987K4,37271
-- exports of services,1988K1,31700
-- exports of services,1988K2,36196
-- exports of services,1988K3,38787
-- exports of services,1988K4,36604
-- exports of services,1989K1,32275
-- exports of services,1989K2,37143
-- exports of services,1989K3,41138
-- exports of services,1989K4,39897
-- exports of services,1990K1,39085
-- exports of services,1990K2,42373
-- exports of services,1990K3,44232
-- exports of services,1990K4,41859
-- exports of services,1991K1,38036
-- exports of services,1991K2,41972
-- exports of services,1991K3,41673
-- exports of services,1991K4,42994
-- exports of services,1992K1,41015
-- exports of services,1992K2,43237
-- exports of services,1992K3,45608
-- exports of services,1992K4,45294
-- exports of services,1993K1,42358
-- exports of services,1993K2,45051
-- exports of services,1993K3,47712
-- exports of services,1993K4,45963
-- exports of services,1994K1,44126
-- exports of services,1994K2,45745
-- exports of services,1994K3,49625
-- exports of services,1994K4,46549
-- exports of services,1995K1,42547
-- exports of services,1995K2,47868
-- exports of services,1995K3,49654
-- exports of services,1995K4,44362
-- exports of services,1996K1,45046
-- exports of services,1996K2,47128
-- exports of services,1996K3,49519
-- exports of services,1996K4,47187
-- exports of services,1997K1,47645
-- exports of services,1997K2,55823
-- exports of services,1997K3,57127
-- exports of services,1997K4,57062
-- exports of services,1998K1,53498
-- exports of services,1998K2,59571
-- exports of services,1998K3,64778
-- exports of services,1998K4,63271
-- exports of services,1999K1,59751
-- exports of services,1999K2,67916
-- exports of services,1999K3,70353
-- exports of services,1999K4,69516
-- exports of services,2000K1,66277
-- exports of services,2000K2,73070
-- exports of services,2000K3,78456
-- exports of services,2000K4,83187
-- exports of services,2001K1,79022
-- exports of services,2001K2,83118
-- exports of services,2001K3,88371
-- exports of services,2001K4,88390
-- exports of services,2002K1,78953
-- exports of services,2002K2,85549
-- exports of services,2002K3,87096
-- exports of services,2002K4,86117
-- exports of services,2003K1,81038
-- exports of services,2003K2,85375
-- exports of services,2003K3,88684
-- exports of services,2003K4,92961
-- exports of services,2004K1,87192
-- exports of services,2004K2,97402
-- exports of services,2004K3,100509
-- exports of services,2004K4,103131
-- exports of services,2005K1,91083
-- exports of services,2005K2,101034
-- exports of services,2005K3,107122
-- exports of services,2005K4,119278
-- exports of services,2006K1,107447
-- exports of services,2006K2,113934
-- exports of services,2006K3,115646
-- exports of services,2006K4,119211
-- exports of services,2007K1,111929
-- exports of services,2007K2,124527
-- exports of services,2007K3,123488
-- exports of services,2007K4,126309
-- exports of services,2008K1,118094
-- exports of services,2008K2,124916
-- exports of services,2008K3,127104
-- exports of services,2008K4,135405
-- exports of services,2009K1,123930
-- exports of services,2009K2,128386
-- exports of services,2009K3,126327
-- exports of services,2009K4,126264
-- exports of services,2010K1,114955
-- exports of services,2010K2,121267
-- exports of services,2010K3,125709
-- exports of services,2010K4,132397
-- exports of services,2011K1,114574
-- exports of services,2011K2,126993
-- exports of services,2011K3,128826
-- exports of services,2011K4,136260
-- exports of services,2012K1,124947
-- exports of services,2012K2,136214
-- exports of services,2012K3,132035
-- exports of services,2012K4,139617
-- exports of services,2013K1,134934
-- exports of services,2013K2,145216
-- exports of services,2013K3,147137
-- exports of services,2013K4,155989
-- exports of services,2014K1,134798
-- exports of services,2014K2,148387
-- exports of services,2014K3,152928
-- exports of services,2014K4,172384
-- exports of services,2015K1,157978
-- exports of services,2015K2,170248
-- exports of services,2015K3,174710
-- exports of services,2015K4,192415
-- exports of services,2016K1,167577
-- exports of services,2016K2,184098
-- exports of services,2016K3,178692
-- exports of services,2016K4,198714
-- exports of services,2017K1,159563
-- exports of services,2017K2,180386
-- exports of services,2017K3,179156
-- exports of services,2017K4,197309
-- exports of services,2018K1,166172
-- exports of services,2018K2,175857
-- exports of services,2018K3,181975
-- exports of services,2018K4,214972
-- exports of services,2019K1,191157
-- exports of services,2019K2,215903
-- exports of services,2019K3,216048
-- exports of services,2019K4,216310
-- exports of services,2020K1,190095
-- exports of services,2020K2,166240
-- exports of services,2020K3,169300
-- exports of services,2020K4,212359
-- exports of services,2021K1,195725
-- exports of services,2021K2,208682
-- exports of services,2021K3,205407
-- exports of services,2021K4,245383
-- exports of services,2022K1,217131
-- exports of services,2022K2,242831
-- exports of services,2022K3,236525
-- exports of services,2022K4,276035
-- exports of services,2023K1,247022
-- exports of services,2023K2,260965
-- exports of services,2023K3,269982
-- exports of services,2023K4,290013
-- exports of services,2024K1,257937
-- exports of services,2024K2,276935
-- exports of services,2024K3,289740
-- exports of services,2024K4,320738
-- exports of services,2025K1,277408
-- exports of services,2025K2,296830
-- exports of services,2025K3,303717
-- exports of services,2025K4,326716
-- exports of services,2026K1,302410
- Gross domestic final expenditure excl. changes in inventories,1980K1,NA
- Gross domestic final expenditure excl. changes in inventories,1980K2,NA
- Gross domestic final expenditure excl. changes in inventories,1980K3,NA
- Gross domestic final expenditure excl. changes in inventories,1980K4,NA
- Gross domestic final expenditure excl. changes in inventories,1981K1,726302
- Gross domestic final expenditure excl. changes in inventories,1981K2,747798
- Gross domestic final expenditure excl. changes in inventories,1981K3,674164
- Gross domestic final expenditure excl. changes in inventories,1981K4,756138
- Gross domestic final expenditure excl. changes in inventories,1982K1,731989
- Gross domestic final expenditure excl. changes in inventories,1982K2,754500
- Gross domestic final expenditure excl. changes in inventories,1982K3,676234
- Gross domestic final expenditure excl. changes in inventories,1982K4,774163
- Gross domestic final expenditure excl. changes in inventories,1983K1,727103
- Gross domestic final expenditure excl. changes in inventories,1983K2,744556
- Gross domestic final expenditure excl. changes in inventories,1983K3,676032
- Gross domestic final expenditure excl. changes in inventories,1983K4,779673
- Gross domestic final expenditure excl. changes in inventories,1984K1,750303
- Gross domestic final expenditure excl. changes in inventories,1984K2,773172
- Gross domestic final expenditure excl. changes in inventories,1984K3,695926
- Gross domestic final expenditure excl. changes in inventories,1984K4,802296
- Gross domestic final expenditure excl. changes in inventories,1985K1,782039
- Gross domestic final expenditure excl. changes in inventories,1985K2,807713
- Gross domestic final expenditure excl. changes in inventories,1985K3,720205
- Gross domestic final expenditure excl. changes in inventories,1985K4,817774
- Gross domestic final expenditure excl. changes in inventories,1986K1,796011
- Gross domestic final expenditure excl. changes in inventories,1986K2,830518
- Gross domestic final expenditure excl. changes in inventories,1986K3,754853
- Gross domestic final expenditure excl. changes in inventories,1986K4,858708
- Gross domestic final expenditure excl. changes in inventories,1987K1,831344
- Gross domestic final expenditure excl. changes in inventories,1987K2,867660
- Gross domestic final expenditure excl. changes in inventories,1987K3,780914
- Gross domestic final expenditure excl. changes in inventories,1987K4,899244
- Gross domestic final expenditure excl. changes in inventories,1988K1,871871
- Gross domestic final expenditure excl. changes in inventories,1988K2,886749
- Gross domestic final expenditure excl. changes in inventories,1988K3,801013
- Gross domestic final expenditure excl. changes in inventories,1988K4,918726
- Gross domestic final expenditure excl. changes in inventories,1989K1,890889
- Gross domestic final expenditure excl. changes in inventories,1989K2,927156
- Gross domestic final expenditure excl. changes in inventories,1989K3,828323
- Gross domestic final expenditure excl. changes in inventories,1989K4,957267
- Gross domestic final expenditure excl. changes in inventories,1990K1,899086
- Gross domestic final expenditure excl. changes in inventories,1990K2,932158
- Gross domestic final expenditure excl. changes in inventories,1990K3,837383
- Gross domestic final expenditure excl. changes in inventories,1990K4,938339
- Gross domestic final expenditure excl. changes in inventories,1991K1,893392
- Gross domestic final expenditure excl. changes in inventories,1991K2,916462
- Gross domestic final expenditure excl. changes in inventories,1991K3,825386
- Gross domestic final expenditure excl. changes in inventories,1991K4,939900
- Gross domestic final expenditure excl. changes in inventories,1992K1,885932
- Gross domestic final expenditure excl. changes in inventories,1992K2,908951
- Gross domestic final expenditure excl. changes in inventories,1992K3,807604
- Gross domestic final expenditure excl. changes in inventories,1992K4,891677
- Gross domestic final expenditure excl. changes in inventories,1993K1,814226
- Gross domestic final expenditure excl. changes in inventories,1993K2,852364
- Gross domestic final expenditure excl. changes in inventories,1993K3,773010
- Gross domestic final expenditure excl. changes in inventories,1993K4,900636
- Gross domestic final expenditure excl. changes in inventories,1994K1,831120
- Gross domestic final expenditure excl. changes in inventories,1994K2,859959
- Gross domestic final expenditure excl. changes in inventories,1994K3,790399
- Gross domestic final expenditure excl. changes in inventories,1994K4,932167
- Gross domestic final expenditure excl. changes in inventories,1995K1,846125
- Gross domestic final expenditure excl. changes in inventories,1995K2,879210
- Gross domestic final expenditure excl. changes in inventories,1995K3,814792
- Gross domestic final expenditure excl. changes in inventories,1995K4,955056
- Gross domestic final expenditure excl. changes in inventories,1996K1,861838
- Gross domestic final expenditure excl. changes in inventories,1996K2,895923
- Gross domestic final expenditure excl. changes in inventories,1996K3,838516
- Gross domestic final expenditure excl. changes in inventories,1996K4,975687
- Gross domestic final expenditure excl. changes in inventories,1997K1,862564
- Gross domestic final expenditure excl. changes in inventories,1997K2,930830
- Gross domestic final expenditure excl. changes in inventories,1997K3,849483
- Gross domestic final expenditure excl. changes in inventories,1997K4,995051
- Gross domestic final expenditure excl. changes in inventories,1998K1,902342
- Gross domestic final expenditure excl. changes in inventories,1998K2,957357
- Gross domestic final expenditure excl. changes in inventories,1998K3,891193
- Gross domestic final expenditure excl. changes in inventories,1998K4,1044722
- Gross domestic final expenditure excl. changes in inventories,1999K1,940928
- Gross domestic final expenditure excl. changes in inventories,1999K2,992013
- Gross domestic final expenditure excl. changes in inventories,1999K3,925084
- Gross domestic final expenditure excl. changes in inventories,1999K4,1088757
- Gross domestic final expenditure excl. changes in inventories,2000K1,986622
- Gross domestic final expenditure excl. changes in inventories,2000K2,1041519
- Gross domestic final expenditure excl. changes in inventories,2000K3,962695
- Gross domestic final expenditure excl. changes in inventories,2000K4,1117310
- Gross domestic final expenditure excl. changes in inventories,2001K1,1009357
- Gross domestic final expenditure excl. changes in inventories,2001K2,1049110
- Gross domestic final expenditure excl. changes in inventories,2001K3,964690
- Gross domestic final expenditure excl. changes in inventories,2001K4,1125868
- Gross domestic final expenditure excl. changes in inventories,2002K1,1010743
- Gross domestic final expenditure excl. changes in inventories,2002K2,1081028
- Gross domestic final expenditure excl. changes in inventories,2002K3,984603
- Gross domestic final expenditure excl. changes in inventories,2002K4,1134804
- Gross domestic final expenditure excl. changes in inventories,2003K1,1031716
- Gross domestic final expenditure excl. changes in inventories,2003K2,1082695
- Gross domestic final expenditure excl. changes in inventories,2003K3,995907
- Gross domestic final expenditure excl. changes in inventories,2003K4,1149832
- Gross domestic final expenditure excl. changes in inventories,2004K1,1046490
- Gross domestic final expenditure excl. changes in inventories,2004K2,1110613
- Gross domestic final expenditure excl. changes in inventories,2004K3,1019235
- Gross domestic final expenditure excl. changes in inventories,2004K4,1189479
- Gross domestic final expenditure excl. changes in inventories,2005K1,1060324
- Gross domestic final expenditure excl. changes in inventories,2005K2,1147957
- Gross domestic final expenditure excl. changes in inventories,2005K3,1049284
- Gross domestic final expenditure excl. changes in inventories,2005K4,1213134
- Gross domestic final expenditure excl. changes in inventories,2006K1,1100480
- Gross domestic final expenditure excl. changes in inventories,2006K2,1191223
- Gross domestic final expenditure excl. changes in inventories,2006K3,1088752
- Gross domestic final expenditure excl. changes in inventories,2006K4,1276135
- Gross domestic final expenditure excl. changes in inventories,2007K1,1159365
- Gross domestic final expenditure excl. changes in inventories,2007K2,1244447
- Gross domestic final expenditure excl. changes in inventories,2007K3,1133368
- Gross domestic final expenditure excl. changes in inventories,2007K4,1323719
- Gross domestic final expenditure excl. changes in inventories,2008K1,1183479
- Gross domestic final expenditure excl. changes in inventories,2008K2,1270640
- Gross domestic final expenditure excl. changes in inventories,2008K3,1133896
- Gross domestic final expenditure excl. changes in inventories,2008K4,1292626
- Gross domestic final expenditure excl. changes in inventories,2009K1,1148675
- Gross domestic final expenditure excl. changes in inventories,2009K2,1230923
- Gross domestic final expenditure excl. changes in inventories,2009K3,1113357
- Gross domestic final expenditure excl. changes in inventories,2009K4,1291348
- Gross domestic final expenditure excl. changes in inventories,2010K1,1162837
- Gross domestic final expenditure excl. changes in inventories,2010K2,1273046
- Gross domestic final expenditure excl. changes in inventories,2010K3,1168927
- Gross domestic final expenditure excl. changes in inventories,2010K4,1358244
- Gross domestic final expenditure excl. changes in inventories,2011K1,1208403
- Gross domestic final expenditure excl. changes in inventories,2011K2,1322314
- Gross domestic final expenditure excl. changes in inventories,2011K3,1192108
- Gross domestic final expenditure excl. changes in inventories,2011K4,1361828
- Gross domestic final expenditure excl. changes in inventories,2012K1,1235427
- Gross domestic final expenditure excl. changes in inventories,2012K2,1310055
- Gross domestic final expenditure excl. changes in inventories,2012K3,1187098
- Gross domestic final expenditure excl. changes in inventories,2012K4,1382631
- Gross domestic final expenditure excl. changes in inventories,2013K1,1227696
- Gross domestic final expenditure excl. changes in inventories,2013K2,1332163
- Gross domestic final expenditure excl. changes in inventories,2013K3,1221270
- Gross domestic final expenditure excl. changes in inventories,2013K4,1405325
- Gross domestic final expenditure excl. changes in inventories,2014K1,1273119
- Gross domestic final expenditure excl. changes in inventories,2014K2,1371426
- Gross domestic final expenditure excl. changes in inventories,2014K3,1249706
- Gross domestic final expenditure excl. changes in inventories,2014K4,1449051
- Gross domestic final expenditure excl. changes in inventories,2015K1,1321790
- Gross domestic final expenditure excl. changes in inventories,2015K2,1429295
- Gross domestic final expenditure excl. changes in inventories,2015K3,1297196
- Gross domestic final expenditure excl. changes in inventories,2015K4,1524211
- Gross domestic final expenditure excl. changes in inventories,2016K1,1356652
- Gross domestic final expenditure excl. changes in inventories,2016K2,1491723
- Gross domestic final expenditure excl. changes in inventories,2016K3,1342230
- Gross domestic final expenditure excl. changes in inventories,2016K4,1563415
- Gross domestic final expenditure excl. changes in inventories,2017K1,1415932
- Gross domestic final expenditure excl. changes in inventories,2017K2,1506810
- Gross domestic final expenditure excl. changes in inventories,2017K3,1376776
- Gross domestic final expenditure excl. changes in inventories,2017K4,1585126
- Gross domestic final expenditure excl. changes in inventories,2018K1,1441018
- Gross domestic final expenditure excl. changes in inventories,2018K2,1540728
- Gross domestic final expenditure excl. changes in inventories,2018K3,1383734
- Gross domestic final expenditure excl. changes in inventories,2018K4,1602435
- Gross domestic final expenditure excl. changes in inventories,2019K1,1434630
- Gross domestic final expenditure excl. changes in inventories,2019K2,1528365
- Gross domestic final expenditure excl. changes in inventories,2019K3,1392006
- Gross domestic final expenditure excl. changes in inventories,2019K4,1636943
- Gross domestic final expenditure excl. changes in inventories,2020K1,1467495
- Gross domestic final expenditure excl. changes in inventories,2020K2,1458579
- Gross domestic final expenditure excl. changes in inventories,2020K3,1383685
- Gross domestic final expenditure excl. changes in inventories,2020K4,1596456
- Gross domestic final expenditure excl. changes in inventories,2021K1,1468106
- Gross domestic final expenditure excl. changes in inventories,2021K2,1592375
- Gross domestic final expenditure excl. changes in inventories,2021K3,1463705
- Gross domestic final expenditure excl. changes in inventories,2021K4,1696269
- Gross domestic final expenditure excl. changes in inventories,2022K1,1502070
- Gross domestic final expenditure excl. changes in inventories,2022K2,1631461
- Gross domestic final expenditure excl. changes in inventories,2022K3,1485541
- Gross domestic final expenditure excl. changes in inventories,2022K4,1697035
- Gross domestic final expenditure excl. changes in inventories,2023K1,1512959
- Gross domestic final expenditure excl. changes in inventories,2023K2,1607637
- Gross domestic final expenditure excl. changes in inventories,2023K3,1466083
- Gross domestic final expenditure excl. changes in inventories,2023K4,1700355
- Gross domestic final expenditure excl. changes in inventories,2024K1,1521035
- Gross domestic final expenditure excl. changes in inventories,2024K2,1612765
- Gross domestic final expenditure excl. changes in inventories,2024K3,1483702
- Gross domestic final expenditure excl. changes in inventories,2024K4,1720354
- Gross domestic final expenditure excl. changes in inventories,2025K1,1514491
- Gross domestic final expenditure excl. changes in inventories,2025K2,1639413
- Gross domestic final expenditure excl. changes in inventories,2025K3,1511097
- Gross domestic final expenditure excl. changes in inventories,2025K4,1780370
- Gross domestic final expenditure excl. changes in inventories,2026K1,1557301
- Gross domestic final expenditure,1980K1,NA
- Gross domestic final expenditure,1980K2,NA
- Gross domestic final expenditure,1980K3,NA
- Gross domestic final expenditure,1980K4,NA
- Gross domestic final expenditure,1981K1,702280
- Gross domestic final expenditure,1981K2,731609
- Gross domestic final expenditure,1981K3,689152
- Gross domestic final expenditure,1981K4,766267
- Gross domestic final expenditure,1982K1,705271
- Gross domestic final expenditure,1982K2,735093
- Gross domestic final expenditure,1982K3,685401
- Gross domestic final expenditure,1982K4,788964
- Gross domestic final expenditure,1983K1,695515
- Gross domestic final expenditure,1983K2,717107
- Gross domestic final expenditure,1983K3,685766
- Gross domestic final expenditure,1983K4,793784
- Gross domestic final expenditure,1984K1,725281
- Gross domestic final expenditure,1984K2,755024
- Gross domestic final expenditure,1984K3,705364
- Gross domestic final expenditure,1984K4,811819
- Gross domestic final expenditure,1985K1,763749
- Gross domestic final expenditure,1985K2,792557
- Gross domestic final expenditure,1985K3,733730
- Gross domestic final expenditure,1985K4,839407
- Gross domestic final expenditure,1986K1,778057
- Gross domestic final expenditure,1986K2,816772
- Gross domestic final expenditure,1986K3,764906
- Gross domestic final expenditure,1986K4,867827
- Gross domestic final expenditure,1987K1,807784
- Gross domestic final expenditure,1987K2,847313
- Gross domestic final expenditure,1987K3,805219
- Gross domestic final expenditure,1987K4,910083
- Gross domestic final expenditure,1988K1,857042
- Gross domestic final expenditure,1988K2,872338
- Gross domestic final expenditure,1988K3,817356
- Gross domestic final expenditure,1988K4,927381
- Gross domestic final expenditure,1989K1,874534
- Gross domestic final expenditure,1989K2,912951
- Gross domestic final expenditure,1989K3,849340
- Gross domestic final expenditure,1989K4,971107
- Gross domestic final expenditure,1990K1,889491
- Gross domestic final expenditure,1990K2,921485
- Gross domestic final expenditure,1990K3,848273
- Gross domestic final expenditure,1990K4,950525
- Gross domestic final expenditure,1991K1,871472
- Gross domestic final expenditure,1991K2,884772
- Gross domestic final expenditure,1991K3,844518
- Gross domestic final expenditure,1991K4,937153
- Gross domestic final expenditure,1992K1,880910
- Gross domestic final expenditure,1992K2,884014
- Gross domestic final expenditure,1992K3,835733
- Gross domestic final expenditure,1992K4,890694
- Gross domestic final expenditure,1993K1,819073
- Gross domestic final expenditure,1993K2,839345
- Gross domestic final expenditure,1993K3,770118
- Gross domestic final expenditure,1993K4,897762
- Gross domestic final expenditure,1994K1,832882
- Gross domestic final expenditure,1994K2,866804
- Gross domestic final expenditure,1994K3,798184
- Gross domestic final expenditure,1994K4,945266
- Gross domestic final expenditure,1995K1,867709
- Gross domestic final expenditure,1995K2,882271
- Gross domestic final expenditure,1995K3,817170
- Gross domestic final expenditure,1995K4,964493
- Gross domestic final expenditure,1996K1,893020
- Gross domestic final expenditure,1996K2,883773
- Gross domestic final expenditure,1996K3,829367
- Gross domestic final expenditure,1996K4,971322
- Gross domestic final expenditure,1997K1,872633
- Gross domestic final expenditure,1997K2,923115
- Gross domestic final expenditure,1997K3,852631
- Gross domestic final expenditure,1997K4,999041
- Gross domestic final expenditure,1998K1,925373
- Gross domestic final expenditure,1998K2,958342
- Gross domestic final expenditure,1998K3,891046
- Gross domestic final expenditure,1998K4,1042379
- Gross domestic final expenditure,1999K1,956381
- Gross domestic final expenditure,1999K2,986991
- Gross domestic final expenditure,1999K3,922195
- Gross domestic final expenditure,1999K4,1084679
- Gross domestic final expenditure,2000K1,996983
- Gross domestic final expenditure,2000K2,1047806
- Gross domestic final expenditure,2000K3,972104
- Gross domestic final expenditure,2000K4,1111436
- Gross domestic final expenditure,2001K1,1038565
- Gross domestic final expenditure,2001K2,1048693
- Gross domestic final expenditure,2001K3,961577
- Gross domestic final expenditure,2001K4,1106023
- Gross domestic final expenditure,2002K1,1027422
- Gross domestic final expenditure,2002K2,1069999
- Gross domestic final expenditure,2002K3,982832
- Gross domestic final expenditure,2002K4,1127932
- Gross domestic final expenditure,2003K1,1053904
- Gross domestic final expenditure,2003K2,1076562
- Gross domestic final expenditure,2003K3,991525
- Gross domestic final expenditure,2003K4,1144179
- Gross domestic final expenditure,2004K1,1058160
- Gross domestic final expenditure,2004K2,1097506
- Gross domestic final expenditure,2004K3,1017080
- Gross domestic final expenditure,2004K4,1186531
- Gross domestic final expenditure,2005K1,1071068
- Gross domestic final expenditure,2005K2,1138174
- Gross domestic final expenditure,2005K3,1036864
- Gross domestic final expenditure,2005K4,1217845
- Gross domestic final expenditure,2006K1,1112686
- Gross domestic final expenditure,2006K2,1180220
- Gross domestic final expenditure,2006K3,1093144
- Gross domestic final expenditure,2006K4,1272622
- Gross domestic final expenditure,2007K1,1184101
- Gross domestic final expenditure,2007K2,1233242
- Gross domestic final expenditure,2007K3,1151940
- Gross domestic final expenditure,2007K4,1326296
- Gross domestic final expenditure,2008K1,1199643
- Gross domestic final expenditure,2008K2,1276226
- Gross domestic final expenditure,2008K3,1144132
- Gross domestic final expenditure,2008K4,1264221
- Gross domestic final expenditure,2009K1,1146695
- Gross domestic final expenditure,2009K2,1194792
- Gross domestic final expenditure,2009K3,1097326
- Gross domestic final expenditure,2009K4,1270455
- Gross domestic final expenditure,2010K1,1180121
- Gross domestic final expenditure,2010K2,1277696
- Gross domestic final expenditure,2010K3,1183748
- Gross domestic final expenditure,2010K4,1346973
- Gross domestic final expenditure,2011K1,1253736
- Gross domestic final expenditure,2011K2,1323729
- Gross domestic final expenditure,2011K3,1205278
- Gross domestic final expenditure,2011K4,1353414
- Gross domestic final expenditure,2012K1,1253607
- Gross domestic final expenditure,2012K2,1300403
- Gross domestic final expenditure,2012K3,1203218
- Gross domestic final expenditure,2012K4,1351509
- Gross domestic final expenditure,2013K1,1250275
- Gross domestic final expenditure,2013K2,1327497
- Gross domestic final expenditure,2013K3,1218098
- Gross domestic final expenditure,2013K4,1395596
- Gross domestic final expenditure,2014K1,1291056
- Gross domestic final expenditure,2014K2,1370238
- Gross domestic final expenditure,2014K3,1259528
- Gross domestic final expenditure,2014K4,1440742
- Gross domestic final expenditure,2015K1,1345284
- Gross domestic final expenditure,2015K2,1431535
- Gross domestic final expenditure,2015K3,1315940
- Gross domestic final expenditure,2015K4,1518546
- Gross domestic final expenditure,2016K1,1387673
- Gross domestic final expenditure,2016K2,1498756
- Gross domestic final expenditure,2016K3,1356125
- Gross domestic final expenditure,2016K4,1546865
- Gross domestic final expenditure,2017K1,1446306
- Gross domestic final expenditure,2017K2,1506388
- Gross domestic final expenditure,2017K3,1386454
- Gross domestic final expenditure,2017K4,1583576
- Gross domestic final expenditure,2018K1,1472103
- Gross domestic final expenditure,2018K2,1551959
- Gross domestic final expenditure,2018K3,1389520
- Gross domestic final expenditure,2018K4,1606660
- Gross domestic final expenditure,2019K1,1471919
- Gross domestic final expenditure,2019K2,1537252
- Gross domestic final expenditure,2019K3,1398470
- Gross domestic final expenditure,2019K4,1630657
- Gross domestic final expenditure,2020K1,1479678
- Gross domestic final expenditure,2020K2,1453546
- Gross domestic final expenditure,2020K3,1386261
- Gross domestic final expenditure,2020K4,1586040
- Gross domestic final expenditure,2021K1,1487758
- Gross domestic final expenditure,2021K2,1579569
- Gross domestic final expenditure,2021K3,1469492
- Gross domestic final expenditure,2021K4,1706523
- Gross domestic final expenditure,2022K1,1545646
- Gross domestic final expenditure,2022K2,1657645
- Gross domestic final expenditure,2022K3,1524139
- Gross domestic final expenditure,2022K4,1688448
- Gross domestic final expenditure,2023K1,1550996
- Gross domestic final expenditure,2023K2,1610464
- Gross domestic final expenditure,2023K3,1465127
- Gross domestic final expenditure,2023K4,1664701
- Gross domestic final expenditure,2024K1,1558805
- Gross domestic final expenditure,2024K2,1604848
- Gross domestic final expenditure,2024K3,1495177
- Gross domestic final expenditure,2024K4,1702402
- Gross domestic final expenditure,2025K1,1540006
- Gross domestic final expenditure,2025K2,1656035
- Gross domestic final expenditure,2025K3,1525392
- Gross domestic final expenditure,2025K4,1748272
- Gross domestic final expenditure,2026K1,1588893
Total final uses excl. changes in inventories,1980K1,NA
Total final uses excl. changes in inventories,1980K2,NA
Total final uses excl. changes in inventories,1980K3,NA
Total final uses excl. changes in inventories,1980K4,NA
Total final uses excl. changes in inventories,1981K1,791636
Total final uses excl. changes in inventories,1981K2,813937
Total final uses excl. changes in inventories,1981K3,741030
Total final uses excl. changes in inventories,1981K4,846755
Total final uses excl. changes in inventories,1982K1,810880
Total final uses excl. changes in inventories,1982K2,836257
Total final uses excl. changes in inventories,1982K3,751118
Total final uses excl. changes in inventories,1982K4,869330
Total final uses excl. changes in inventories,1983K1,824220
Total final uses excl. changes in inventories,1983K2,848557
Total final uses excl. changes in inventories,1983K3,767518
Total final uses excl. changes in inventories,1983K4,894045
Total final uses excl. changes in inventories,1984K1,872589
Total final uses excl. changes in inventories,1984K2,882612
Total final uses excl. changes in inventories,1984K3,795190
Total final uses excl. changes in inventories,1984K4,924852
Total final uses excl. changes in inventories,1985K1,884639
Total final uses excl. changes in inventories,1985K2,917419
Total final uses excl. changes in inventories,1985K3,833542
Total final uses excl. changes in inventories,1985K4,941408
Total final uses excl. changes in inventories,1986K1,904530
Total final uses excl. changes in inventories,1986K2,954304
Total final uses excl. changes in inventories,1986K3,864291
Total final uses excl. changes in inventories,1986K4,981395
Total final uses excl. changes in inventories,1987K1,945280
Total final uses excl. changes in inventories,1987K2,985312
Total final uses excl. changes in inventories,1987K3,891805
Total final uses excl. changes in inventories,1987K4,1038194
Total final uses excl. changes in inventories,1988K1,988165
Total final uses excl. changes in inventories,1988K2,1015122
Total final uses excl. changes in inventories,1988K3,912343
Total final uses excl. changes in inventories,1988K4,1060728
Total final uses excl. changes in inventories,1989K1,1017755
Total final uses excl. changes in inventories,1989K2,1058761
Total final uses excl. changes in inventories,1989K3,945331
Total final uses excl. changes in inventories,1989K4,1093320
Total final uses excl. changes in inventories,1990K1,1037298
Total final uses excl. changes in inventories,1990K2,1067796
Total final uses excl. changes in inventories,1990K3,954689
Total final uses excl. changes in inventories,1990K4,1080824
Total final uses excl. changes in inventories,1991K1,1023763
Total final uses excl. changes in inventories,1991K2,1053740
Total final uses excl. changes in inventories,1991K3,940198
Total final uses excl. changes in inventories,1991K4,1077303
Total final uses excl. changes in inventories,1992K1,1027428
Total final uses excl. changes in inventories,1992K2,1042922
Total final uses excl. changes in inventories,1992K3,938276
Total final uses excl. changes in inventories,1992K4,1033556
Total final uses excl. changes in inventories,1993K1,961895
Total final uses excl. changes in inventories,1993K2,1004115
Total final uses excl. changes in inventories,1993K3,931129
Total final uses excl. changes in inventories,1993K4,1072223
Total final uses excl. changes in inventories,1994K1,1010509
Total final uses excl. changes in inventories,1994K2,1045457
Total final uses excl. changes in inventories,1994K3,966861
Total final uses excl. changes in inventories,1994K4,1141874
Total final uses excl. changes in inventories,1995K1,1068424
Total final uses excl. changes in inventories,1995K2,1099011
Total final uses excl. changes in inventories,1995K3,1016225
Total final uses excl. changes in inventories,1995K4,1176879
Total final uses excl. changes in inventories,1996K1,1088019
Total final uses excl. changes in inventories,1996K2,1128755
Total final uses excl. changes in inventories,1996K3,1050975
Total final uses excl. changes in inventories,1996K4,1214784
Total final uses excl. changes in inventories,1997K1,1112549
Total final uses excl. changes in inventories,1997K2,1208747
Total final uses excl. changes in inventories,1997K3,1107596
Total final uses excl. changes in inventories,1997K4,1285451
Total final uses excl. changes in inventories,1998K1,1190610
Total final uses excl. changes in inventories,1998K2,1253172
Total final uses excl. changes in inventories,1998K3,1175721
Total final uses excl. changes in inventories,1998K4,1362789
Total final uses excl. changes in inventories,1999K1,1246381
Total final uses excl. changes in inventories,1999K2,1314082
Total final uses excl. changes in inventories,1999K3,1235275
Total final uses excl. changes in inventories,1999K4,1430844
Total final uses excl. changes in inventories,2000K1,1329846
Total final uses excl. changes in inventories,2000K2,1403870
Total final uses excl. changes in inventories,2000K3,1316535
Total final uses excl. changes in inventories,2000K4,1509682
Total final uses excl. changes in inventories,2001K1,1380194
Total final uses excl. changes in inventories,2001K2,1413891
Total final uses excl. changes in inventories,2001K3,1310069
Total final uses excl. changes in inventories,2001K4,1502913
Total final uses excl. changes in inventories,2002K1,1379741
Total final uses excl. changes in inventories,2002K2,1466444
Total final uses excl. changes in inventories,2002K3,1333011
Total final uses excl. changes in inventories,2002K4,1514300
Total final uses excl. changes in inventories,2003K1,1407339
Total final uses excl. changes in inventories,2003K2,1472618
Total final uses excl. changes in inventories,2003K3,1372798
Total final uses excl. changes in inventories,2003K4,1559885
Total final uses excl. changes in inventories,2004K1,1462264
Total final uses excl. changes in inventories,2004K2,1560376
Total final uses excl. changes in inventories,2004K3,1438064
Total final uses excl. changes in inventories,2004K4,1648024
Total final uses excl. changes in inventories,2005K1,1495246
Total final uses excl. changes in inventories,2005K2,1627809
Total final uses excl. changes in inventories,2005K3,1509377
Total final uses excl. changes in inventories,2005K4,1712267
Total final uses excl. changes in inventories,2006K1,1605742
Total final uses excl. changes in inventories,2006K2,1700433
Total final uses excl. changes in inventories,2006K3,1571629
Total final uses excl. changes in inventories,2006K4,1816690
Total final uses excl. changes in inventories,2007K1,1682674
Total final uses excl. changes in inventories,2007K2,1782292
Total final uses excl. changes in inventories,2007K3,1640908
Total final uses excl. changes in inventories,2007K4,1882875
Total final uses excl. changes in inventories,2008K1,1735251
Total final uses excl. changes in inventories,2008K2,1837716
Total final uses excl. changes in inventories,2008K3,1652932
Total final uses excl. changes in inventories,2008K4,1805350
Total final uses excl. changes in inventories,2009K1,1599137
Total final uses excl. changes in inventories,2009K2,1681099
Total final uses excl. changes in inventories,2009K3,1556584
Total final uses excl. changes in inventories,2009K4,1760759
Total final uses excl. changes in inventories,2010K1,1626573
Total final uses excl. changes in inventories,2010K2,1785343
Total final uses excl. changes in inventories,2010K3,1670013
Total final uses excl. changes in inventories,2010K4,1911807
Total final uses excl. changes in inventories,2011K1,1740422
Total final uses excl. changes in inventories,2011K2,1873414
Total final uses excl. changes in inventories,2011K3,1733845
Total final uses excl. changes in inventories,2011K4,1914488
Total final uses excl. changes in inventories,2012K1,1783882
Total final uses excl. changes in inventories,2012K2,1874922
Total final uses excl. changes in inventories,2012K3,1717278
Total final uses excl. changes in inventories,2012K4,1932252
Total final uses excl. changes in inventories,2013K1,1757178
Total final uses excl. changes in inventories,2013K2,1891914
Total final uses excl. changes in inventories,2013K3,1756944
Total final uses excl. changes in inventories,2013K4,1968712
Total final uses excl. changes in inventories,2014K1,1817491
Total final uses excl. changes in inventories,2014K2,1944032
Total final uses excl. changes in inventories,2014K3,1806852
Total final uses excl. changes in inventories,2014K4,2049681
Total final uses excl. changes in inventories,2015K1,1886446
Total final uses excl. changes in inventories,2015K2,2034692
Total final uses excl. changes in inventories,2015K3,1880625
Total final uses excl. changes in inventories,2015K4,2161969
Total final uses excl. changes in inventories,2016K1,1948696
Total final uses excl. changes in inventories,2016K2,2120308
Total final uses excl. changes in inventories,2016K3,1930267
Total final uses excl. changes in inventories,2016K4,2219007
Total final uses excl. changes in inventories,2017K1,2025538
Total final uses excl. changes in inventories,2017K2,2148671
Total final uses excl. changes in inventories,2017K3,1987698
Total final uses excl. changes in inventories,2017K4,2268804
Total final uses excl. changes in inventories,2018K1,2081481
Total final uses excl. changes in inventories,2018K2,2206860
Total final uses excl. changes in inventories,2018K3,2018868
Total final uses excl. changes in inventories,2018K4,2319811
Total final uses excl. changes in inventories,2019K1,2126740
Total final uses excl. changes in inventories,2019K2,2255959
Total final uses excl. changes in inventories,2019K3,2091647
Total final uses excl. changes in inventories,2019K4,2368028
Total final uses excl. changes in inventories,2020K1,2176861
Total final uses excl. changes in inventories,2020K2,2057095
Total final uses excl. changes in inventories,2020K3,2019995
Total final uses excl. changes in inventories,2020K4,2343270
Total final uses excl. changes in inventories,2021K1,2200095
Total final uses excl. changes in inventories,2021K2,2348808
Total final uses excl. changes in inventories,2021K3,2165263
Total final uses excl. changes in inventories,2021K4,2509705
Total final uses excl. changes in inventories,2022K1,2282095
Total final uses excl. changes in inventories,2022K2,2429590
Total final uses excl. changes in inventories,2022K3,2242970
Total final uses excl. changes in inventories,2022K4,2548878
Total final uses excl. changes in inventories,2023K1,2331466
Total final uses excl. changes in inventories,2023K2,2418379
Total final uses excl. changes in inventories,2023K3,2250826
Total final uses excl. changes in inventories,2023K4,2562115
Total final uses excl. changes in inventories,2024K1,2341487
Total final uses excl. changes in inventories,2024K2,2462110
Total final uses excl. changes in inventories,2024K3,2292818
Total final uses excl. changes in inventories,2024K4,2617376
Total final uses excl. changes in inventories,2025K1,2370307
Total final uses excl. changes in inventories,2025K2,2521726
Total final uses excl. changes in inventories,2025K3,2362091
Total final uses excl. changes in inventories,2025K4,2696645
Total final uses excl. changes in inventories,2026K1,2444920
Total final uses,1980K1,NA
Total final uses,1980K2,NA
Total final uses,1980K3,NA
Total final uses,1980K4,NA
Total final uses,1981K1,770750
Total final uses,1981K2,799732
Total final uses,1981K3,753489
Total final uses,1981K4,855001
Total final uses,1982K1,787618
Total final uses,1982K2,819248
Total final uses,1982K3,758625
Total final uses,1982K4,881603
Total final uses,1983K1,796865
Total final uses,1983K2,824718
Total final uses,1983K3,775441
Total final uses,1983K4,905633
Total final uses,1984K1,850861
Total final uses,1984K2,866725
Total final uses,1984K3,802771
Total final uses,1984K4,932430
Total final uses,1985K1,868641
Total final uses,1985K2,904061
Total final uses,1985K3,844561
Total final uses,1985K4,959253
Total final uses,1986K1,888719
Total final uses,1986K2,942046
Total final uses,1986K3,872398
Total final uses,1986K4,988644
Total final uses,1987K1,924393
Total final uses,1987K2,967189
Total final uses,1987K3,912420
Total final uses,1987K4,1047062
Total final uses,1988K1,974759
Total final uses,1988K2,1002063
Total final uses,1988K3,926144
Total final uses,1988K4,1067748
Total final uses,1989K1,1002958
Total final uses,1989K2,1045824
Total final uses,1989K3,963250
Total final uses,1989K4,1104891
Total final uses,1990K1,1028374
Total final uses,1990K2,1057913
Total final uses,1990K3,963772
Total final uses,1990K4,1090982
Total final uses,1991K1,1003669
Total final uses,1991K2,1024904
Total final uses,1991K3,956816
Total final uses,1991K4,1074306
Total final uses,1992K1,1022485
Total final uses,1992K2,1019940
Total final uses,1992K3,963375
Total final uses,1992K4,1032268
Total final uses,1993K1,965908
Total final uses,1993K2,991959
Total final uses,1993K3,928170
Total final uses,1993K4,1069223
Total final uses,1994K1,1011735
Total final uses,1994K2,1051265
Total final uses,1994K3,973551
Total final uses,1994K4,1153308
Total final uses,1995K1,1087518
Total final uses,1995K2,1101407
Total final uses,1995K3,1018032
Total final uses,1995K4,1184989
Total final uses,1996K1,1115518
Total final uses,1996K2,1117676
Total final uses,1996K3,1042582
Total final uses,1996K4,1210608
Total final uses,1997K1,1121390
Total final uses,1997K2,1201440
Total final uses,1997K3,1110164
Total final uses,1997K4,1288737
Total final uses,1998K1,1211292
Total final uses,1998K2,1253732
Total final uses,1998K3,1175269
Total final uses,1998K4,1360286
Total final uses,1999K1,1260202
Total final uses,1999K2,1309081
Total final uses,1999K3,1232257
Total final uses,1999K4,1426673
Total final uses,2000K1,1339071
Total final uses,2000K2,1409289
Total final uses,2000K3,1324883
Total final uses,2000K4,1503775
Total final uses,2001K1,1406898
Total final uses,2001K2,1413084
Total final uses,2001K3,1306790
Total final uses,2001K4,1484044
Total final uses,2002K1,1394837
Total final uses,2002K2,1455756
Total final uses,2002K3,1330968
Total final uses,2002K4,1507454
Total final uses,2003K1,1427843
Total final uses,2003K2,1466410
Total final uses,2003K3,1368273
Total final uses,2003K4,1554103
Total final uses,2004K1,1472982
Total final uses,2004K2,1547378
Total final uses,2004K3,1435574
Total final uses,2004K4,1644710
Total final uses,2005K1,1505123
Total final uses,2005K2,1617948
Total final uses,2005K3,1497032
Total final uses,2005K4,1716292
Total final uses,2006K1,1616979
Total final uses,2006K2,1689425
Total final uses,2006K3,1575391
Total final uses,2006K4,1812807
Total final uses,2007K1,1705746
Total final uses,2007K2,1771130
Total final uses,2007K3,1658124
Total final uses,2007K4,1884776
Total final uses,2008K1,1750169
Total final uses,2008K2,1842521
Total final uses,2008K3,1662224
Total final uses,2008K4,1777775
Total final uses,2009K1,1596760
Total final uses,2009K2,1646254
Total final uses,2009K3,1540892
Total final uses,2009K4,1740349
Total final uses,2010K1,1642534
Total final uses,2010K2,1789251
Total final uses,2010K3,1683649
Total final uses,2010K4,1900548
Total final uses,2011K1,1783280
Total final uses,2011K2,1874208
Total final uses,2011K3,1745965
Total final uses,2011K4,1905856
Total final uses,2012K1,1800816
Total final uses,2012K2,1864958
Total final uses,2012K3,1732251
Total final uses,2012K4,1901506
Total final uses,2013K1,1778544
Total final uses,2013K2,1886713
Total final uses,2013K3,1753271
Total final uses,2013K4,1958525
Total final uses,2014K1,1834500
Total final uses,2014K2,1942163
Total final uses,2014K3,1815910
Total final uses,2014K4,2040763
Total final uses,2015K1,1908879
Total final uses,2015K2,2036177
Total final uses,2015K3,1898429
Total final uses,2015K4,2155630
Total final uses,2016K1,1978498
Total final uses,2016K2,2126476
Total final uses,2016K3,1943262
Total final uses,2016K4,2201981
Total final uses,2017K1,2054837
Total final uses,2017K2,2147441
Total final uses,2017K3,1996551
Total final uses,2017K4,2266422
Total final uses,2018K1,2111445
Total final uses,2018K2,2217148
Total final uses,2018K3,2023887
Total final uses,2018K4,2323165
Total final uses,2019K1,2162757
Total final uses,2019K2,2264013
Total final uses,2019K3,2097409
Total final uses,2019K4,2361084
Total final uses,2020K1,2188185
Total final uses,2020K2,2051491
Total final uses,2020K3,2021923
Total final uses,2020K4,2332386
Total final uses,2021K1,2219067
Total final uses,2021K2,2335393
Total final uses,2021K3,2170415
Total final uses,2021K4,2519209
Total final uses,2022K1,2324760
Total final uses,2022K2,2454906
Total final uses,2022K3,2280688
Total final uses,2022K4,2539739
Total final uses,2023K1,2368320
Total final uses,2023K2,2421191
Total final uses,2023K3,2250054
Total final uses,2023K4,2527824
Total final uses,2024K1,2378287
Total final uses,2024K2,2454567
Total final uses,2024K3,2304122
Total final uses,2024K4,2600094
Total final uses,2025K1,2395822
Total final uses,2025K2,2538348
Total final uses,2025K3,2376386
Total final uses,2025K4,2664547
Total final uses,2026K1,2476512
