varaktighet,kvartal,"Fasta priser, referensår 2025, mnkr"
1100 varor,1981K1,129840
1100 varor,1981K2,135100
1100 varor,1981K3,120498
1100 varor,1981K4,145622
1100 varor,1982K1,132195
1100 varor,1982K2,135498
1100 varor,1982K3,121873
1100 varor,1982K4,149666
1100 varor,1983K1,127708
1100 varor,1983K2,130068
1100 varor,1983K3,120308
1100 varor,1983K4,144284
1100 varor,1984K1,130914
1100 varor,1984K2,133322
1100 varor,1984K3,120738
1100 varor,1984K4,143085
1100 varor,1985K1,135855
1100 varor,1985K2,138295
1100 varor,1985K3,123539
1100 varor,1985K4,147453
1100 varor,1986K1,138458
1100 varor,1986K2,144743
1100 varor,1986K3,134008
1100 varor,1986K4,160038
1100 varor,1987K1,146703
1100 varor,1987K2,157534
1100 varor,1987K3,137883
1100 varor,1987K4,167084
1100 varor,1988K1,156057
1100 varor,1988K2,158268
1100 varor,1988K3,142395
1100 varor,1988K4,168747
1100 varor,1989K1,153836
1100 varor,1989K2,161758
1100 varor,1989K3,143395
1100 varor,1989K4,170643
1100 varor,1990K1,156340
1100 varor,1990K2,161386
1100 varor,1990K3,141534
1100 varor,1990K4,162468
1100 varor,1991K1,154944
1100 varor,1991K2,161357
1100 varor,1991K3,143038
1100 varor,1991K4,167958
1100 varor,1992K1,152364
1100 varor,1992K2,153689
1100 varor,1992K3,137531
1100 varor,1992K4,159746
1100 varor,1993K1,139100
1100 varor,1993K2,145801
1100 varor,1993K3,142932
1100 varor,1993K4,169754
1100 varor,1994K1,144428
1100 varor,1994K2,147438
1100 varor,1994K3,144548
1100 varor,1994K4,171114
1100 varor,1995K1,147074
1100 varor,1995K2,151170
1100 varor,1995K3,146675
1100 varor,1995K4,172464
1100 varor,1996K1,149183
1100 varor,1996K2,152015
1100 varor,1996K3,149175
1100 varor,1996K4,175503
1100 varor,1997K1,152832
1100 varor,1997K2,163063
1100 varor,1997K3,151636
1100 varor,1997K4,182537
1100 varor,1998K1,156709
1100 varor,1998K2,165694
1100 varor,1998K3,159570
1100 varor,1998K4,191614
1100 varor,1999K1,167404
1100 varor,1999K2,174464
1100 varor,1999K3,166883
1100 varor,1999K4,207448
1100 varor,2000K1,178072
1100 varor,2000K2,188271
1100 varor,2000K3,180725
1100 varor,2000K4,206006
1100 varor,2001K1,181922
1100 varor,2001K2,189461
1100 varor,2001K3,184597
1100 varor,2001K4,211010
1100 varor,2002K1,187024
1100 varor,2002K2,197165
1100 varor,2002K3,193450
1100 varor,2002K4,222966
1100 varor,2003K1,192491
1100 varor,2003K2,203835
1100 varor,2003K3,200557
1100 varor,2003K4,228255
1100 varor,2004K1,200358
1100 varor,2004K2,209855
1100 varor,2004K3,208468
1100 varor,2004K4,236614
1100 varor,2005K1,205520
1100 varor,2005K2,220914
1100 varor,2005K3,219702
1100 varor,2005K4,249641
1100 varor,2006K1,213698
1100 varor,2006K2,232241
1100 varor,2006K3,227164
1100 varor,2006K4,259259
1100 varor,2007K1,225000
1100 varor,2007K2,243849
1100 varor,2007K3,239501
1100 varor,2007K4,271303
1100 varor,2008K1,228118
1100 varor,2008K2,246974
1100 varor,2008K3,233279
1100 varor,2008K4,256745
1100 varor,2009K1,223749
1100 varor,2009K2,247783
1100 varor,2009K3,239876
1100 varor,2009K4,268491
1100 varor,2010K1,237727
1100 varor,2010K2,255923
1100 varor,2010K3,249949
1100 varor,2010K4,281007
1100 varor,2011K1,239559
1100 varor,2011K2,260760
1100 varor,2011K3,247652
1100 varor,2011K4,276937
1100 varor,2012K1,244647
1100 varor,2012K2,263372
1100 varor,2012K3,251922
1100 varor,2012K4,284273
1100 varor,2013K1,246451
1100 varor,2013K2,265204
1100 varor,2013K3,255946
1100 varor,2013K4,288528
1100 varor,2014K1,248767
1100 varor,2014K2,278421
1100 varor,2014K3,264318
1100 varor,2014K4,302130
1100 varor,2015K1,264296
1100 varor,2015K2,293664
1100 varor,2015K3,278365
1100 varor,2015K4,318251
1100 varor,2016K1,274240
1100 varor,2016K2,299745
1100 varor,2016K3,279815
1100 varor,2016K4,323768
1100 varor,2017K1,283891
1100 varor,2017K2,307837
1100 varor,2017K3,285685
1100 varor,2017K4,328696
1100 varor,2018K1,289553
1100 varor,2018K2,319135
1100 varor,2018K3,292450
1100 varor,2018K4,334763
1100 varor,2019K1,283940
1100 varor,2019K2,315334
1100 varor,2019K3,300208
1100 varor,2019K4,340893
1100 varor,2020K1,292603
1100 varor,2020K2,313856
1100 varor,2020K3,306378
1100 varor,2020K4,348531
1100 varor,2021K1,320331
1100 varor,2021K2,350963
1100 varor,2021K3,326685
1100 varor,2021K4,377357
1100 varor,2022K1,322585
1100 varor,2022K2,354185
1100 varor,2022K3,318884
1100 varor,2022K4,354688
1100 varor,2023K1,298481
1100 varor,2023K2,332460
1100 varor,2023K3,306035
1100 varor,2023K4,354342
1100 varor,2024K1,303006
1100 varor,2024K2,331154
1100 varor,2024K3,309811
1100 varor,2024K4,351992
1100 varor,2025K1,308012
1100 varor,2025K2,343027
1100 varor,2025K3,323517
1100 varor,2025K4,367151
1100 varor,2026K1,325631
1100 varor,2026K2,363834
1110 varaktiga varor,1981K1,7141
1110 varaktiga varor,1981K2,7613
1110 varaktiga varor,1981K3,6530
1110 varaktiga varor,1981K4,8722
1110 varaktiga varor,1982K1,7451
1110 varaktiga varor,1982K2,8152
1110 varaktiga varor,1982K3,6672
1110 varaktiga varor,1982K4,9562
1110 varaktiga varor,1983K1,6744
1110 varaktiga varor,1983K2,7313
1110 varaktiga varor,1983K3,6185
1110 varaktiga varor,1983K4,8663
1110 varaktiga varor,1984K1,6982
1110 varaktiga varor,1984K2,7437
1110 varaktiga varor,1984K3,6095
1110 varaktiga varor,1984K4,8403
1110 varaktiga varor,1985K1,7405
1110 varaktiga varor,1985K2,8380
1110 varaktiga varor,1985K3,6320
1110 varaktiga varor,1985K4,8337
1110 varaktiga varor,1986K1,7903
1110 varaktiga varor,1986K2,9162
1110 varaktiga varor,1986K3,7732
1110 varaktiga varor,1986K4,10625
1110 varaktiga varor,1987K1,9245
1110 varaktiga varor,1987K2,11657
1110 varaktiga varor,1987K3,8656
1110 varaktiga varor,1987K4,12353
1110 varaktiga varor,1988K1,10979
1110 varaktiga varor,1988K2,11960
1110 varaktiga varor,1988K3,9797
1110 varaktiga varor,1988K4,12728
1110 varaktiga varor,1989K1,10710
1110 varaktiga varor,1989K2,11887
1110 varaktiga varor,1989K3,9493
1110 varaktiga varor,1989K4,12720
1110 varaktiga varor,1990K1,10425
1110 varaktiga varor,1990K2,10901
1110 varaktiga varor,1990K3,8332
1110 varaktiga varor,1990K4,10533
1110 varaktiga varor,1991K1,8969
1110 varaktiga varor,1991K2,10912
1110 varaktiga varor,1991K3,8212
1110 varaktiga varor,1991K4,11029
1110 varaktiga varor,1992K1,8560
1110 varaktiga varor,1992K2,9026
1110 varaktiga varor,1992K3,6951
1110 varaktiga varor,1992K4,8745
1110 varaktiga varor,1993K1,7046
1110 varaktiga varor,1993K2,7267
1110 varaktiga varor,1993K3,6610
1110 varaktiga varor,1993K4,8690
1110 varaktiga varor,1994K1,7093
1110 varaktiga varor,1994K2,7963
1110 varaktiga varor,1994K3,6759
1110 varaktiga varor,1994K4,9356
1110 varaktiga varor,1995K1,8348
1110 varaktiga varor,1995K2,8619
1110 varaktiga varor,1995K3,7546
1110 varaktiga varor,1995K4,9858
1110 varaktiga varor,1996K1,7919
1110 varaktiga varor,1996K2,8912
1110 varaktiga varor,1996K3,8344
1110 varaktiga varor,1996K4,10757
1110 varaktiga varor,1997K1,9680
1110 varaktiga varor,1997K2,11745
1110 varaktiga varor,1997K3,9895
1110 varaktiga varor,1997K4,12899
1110 varaktiga varor,1998K1,11225
1110 varaktiga varor,1998K2,12748
1110 varaktiga varor,1998K3,11750
1110 varaktiga varor,1998K4,15159
1110 varaktiga varor,1999K1,13177
1110 varaktiga varor,1999K2,15580
1110 varaktiga varor,1999K3,12867
1110 varaktiga varor,1999K4,18742
1110 varaktiga varor,2000K1,15262
1110 varaktiga varor,2000K2,18019
1110 varaktiga varor,2000K3,15911
1110 varaktiga varor,2000K4,18935
1110 varaktiga varor,2001K1,15386
1110 varaktiga varor,2001K2,17228
1110 varaktiga varor,2001K3,16013
1110 varaktiga varor,2001K4,18323
1110 varaktiga varor,2002K1,15812
1110 varaktiga varor,2002K2,18715
1110 varaktiga varor,2002K3,17176
1110 varaktiga varor,2002K4,20035
1110 varaktiga varor,2003K1,16928
1110 varaktiga varor,2003K2,20186
1110 varaktiga varor,2003K3,19136
1110 varaktiga varor,2003K4,22113
1110 varaktiga varor,2004K1,19234
1110 varaktiga varor,2004K2,22502
1110 varaktiga varor,2004K3,21258
1110 varaktiga varor,2004K4,24118
1110 varaktiga varor,2005K1,20481
1110 varaktiga varor,2005K2,25501
1110 varaktiga varor,2005K3,24274
1110 varaktiga varor,2005K4,27799
1110 varaktiga varor,2006K1,21765
1110 varaktiga varor,2006K2,27175
1110 varaktiga varor,2006K3,25636
1110 varaktiga varor,2006K4,30153
1110 varaktiga varor,2007K1,24854
1110 varaktiga varor,2007K2,30145
1110 varaktiga varor,2007K3,28685
1110 varaktiga varor,2007K4,33448
1110 varaktiga varor,2008K1,25062
1110 varaktiga varor,2008K2,30698
1110 varaktiga varor,2008K3,27007
1110 varaktiga varor,2008K4,28657
1110 varaktiga varor,2009K1,22239
1110 varaktiga varor,2009K2,28009
1110 varaktiga varor,2009K3,27389
1110 varaktiga varor,2009K4,31038
1110 varaktiga varor,2010K1,24979
1110 varaktiga varor,2010K2,32449
1110 varaktiga varor,2010K3,31700
1110 varaktiga varor,2010K4,35758
1110 varaktiga varor,2011K1,28842
1110 varaktiga varor,2011K2,35598
1110 varaktiga varor,2011K3,32550
1110 varaktiga varor,2011K4,37627
1110 varaktiga varor,2012K1,29942
1110 varaktiga varor,2012K2,35534
1110 varaktiga varor,2012K3,33151
1110 varaktiga varor,2012K4,37603
1110 varaktiga varor,2013K1,29178
1110 varaktiga varor,2013K2,36433
1110 varaktiga varor,2013K3,34920
1110 varaktiga varor,2013K4,41488
1110 varaktiga varor,2014K1,33457
1110 varaktiga varor,2014K2,41814
1110 varaktiga varor,2014K3,38764
1110 varaktiga varor,2014K4,46080
1110 varaktiga varor,2015K1,37952
1110 varaktiga varor,2015K2,47391
1110 varaktiga varor,2015K3,44624
1110 varaktiga varor,2015K4,53497
1110 varaktiga varor,2016K1,41343
1110 varaktiga varor,2016K2,52890
1110 varaktiga varor,2016K3,46925
1110 varaktiga varor,2016K4,56401
1110 varaktiga varor,2017K1,45970
1110 varaktiga varor,2017K2,55353
1110 varaktiga varor,2017K3,49795
1110 varaktiga varor,2017K4,59303
1110 varaktiga varor,2018K1,46560
1110 varaktiga varor,2018K2,61802
1110 varaktiga varor,2018K3,50039
1110 varaktiga varor,2018K4,58679
1110 varaktiga varor,2019K1,45172
1110 varaktiga varor,2019K2,58165
1110 varaktiga varor,2019K3,54631
1110 varaktiga varor,2019K4,66711
1110 varaktiga varor,2020K1,47493
1110 varaktiga varor,2020K2,55637
1110 varaktiga varor,2020K3,59280
1110 varaktiga varor,2020K4,69887
1110 varaktiga varor,2021K1,61880
1110 varaktiga varor,2021K2,72074
1110 varaktiga varor,2021K3,65840
1110 varaktiga varor,2021K4,75683
1110 varaktiga varor,2022K1,61931
1110 varaktiga varor,2022K2,71476
1110 varaktiga varor,2022K3,63423
1110 varaktiga varor,2022K4,72628
1110 varaktiga varor,2023K1,51194
1110 varaktiga varor,2023K2,64696
1110 varaktiga varor,2023K3,58937
1110 varaktiga varor,2023K4,69392
1110 varaktiga varor,2024K1,49975
1110 varaktiga varor,2024K2,63653
1110 varaktiga varor,2024K3,59023
1110 varaktiga varor,2024K4,69887
1110 varaktiga varor,2025K1,54909
1110 varaktiga varor,2025K2,70340
1110 varaktiga varor,2025K3,66280
1110 varaktiga varor,2025K4,76273
1110 varaktiga varor,2026K1,59977
1110 varaktiga varor,2026K2,77623
1111 bilar,1981K1,6696
1111 bilar,1981K2,7892
1111 bilar,1981K3,5694
1111 bilar,1981K4,7193
1111 bilar,1982K1,7724
1111 bilar,1982K2,9530
1111 bilar,1982K3,6443
1111 bilar,1982K4,9098
1111 bilar,1983K1,6684
1111 bilar,1983K2,8314
1111 bilar,1983K3,6101
1111 bilar,1983K4,8408
1111 bilar,1984K1,7050
1111 bilar,1984K2,8342
1111 bilar,1984K3,5731
1111 bilar,1984K4,7631
1111 bilar,1985K1,8023
1111 bilar,1985K2,10505
1111 bilar,1985K3,5876
1111 bilar,1985K4,7204
1111 bilar,1986K1,8845
1111 bilar,1986K2,11543
1111 bilar,1986K3,8462
1111 bilar,1986K4,11862
1111 bilar,1987K1,11156
1111 bilar,1987K2,16629
1111 bilar,1987K3,9749
1111 bilar,1987K4,14969
1111 bilar,1988K1,14060
1111 bilar,1988K2,16603
1111 bilar,1988K3,11743
1111 bilar,1988K4,14441
1111 bilar,1989K1,12027
1111 bilar,1989K2,14435
1111 bilar,1989K3,9551
1111 bilar,1989K4,12629
1111 bilar,1990K1,10530
1111 bilar,1990K2,10959
1111 bilar,1990K3,6708
1111 bilar,1990K4,7182
1111 bilar,1991K1,7430
1111 bilar,1991K2,11219
1111 bilar,1991K3,6912
1111 bilar,1991K4,8741
1111 bilar,1992K1,7721
1111 bilar,1992K2,8813
1111 bilar,1992K3,5136
1111 bilar,1992K4,5308
1111 bilar,1993K1,5840
1111 bilar,1993K2,5828
1111 bilar,1993K3,4821
1111 bilar,1993K4,6207
1111 bilar,1994K1,6220
1111 bilar,1994K2,7750
1111 bilar,1994K3,5164
1111 bilar,1994K4,6729
1111 bilar,1995K1,7534
1111 bilar,1995K2,8093
1111 bilar,1995K3,6030
1111 bilar,1995K4,7971
1111 bilar,1996K1,6939
1111 bilar,1996K2,8595
1111 bilar,1996K3,7103
1111 bilar,1996K4,9468
1111 bilar,1997K1,9020
1111 bilar,1997K2,11883
1111 bilar,1997K3,8482
1111 bilar,1997K4,10731
1111 bilar,1998K1,10502
1111 bilar,1998K2,12420
1111 bilar,1998K3,10018
1111 bilar,1998K4,13258
1111 bilar,1999K1,12229
1111 bilar,1999K2,16226
1111 bilar,1999K3,10343
1111 bilar,1999K4,17699
1111 bilar,2000K1,13052
1111 bilar,2000K2,17568
1111 bilar,2000K3,13357
1111 bilar,2000K4,15251
1111 bilar,2001K1,11406
1111 bilar,2001K2,14071
1111 bilar,2001K3,11427
1111 bilar,2001K4,12913
1111 bilar,2002K1,11330
1111 bilar,2002K2,14679
1111 bilar,2002K3,11895
1111 bilar,2002K4,13941
1111 bilar,2003K1,11824
1111 bilar,2003K2,15411
1111 bilar,2003K3,12582
1111 bilar,2003K4,14139
1111 bilar,2004K1,13330
1111 bilar,2004K2,16565
1111 bilar,2004K3,13430
1111 bilar,2004K4,14683
1111 bilar,2005K1,13485
1111 bilar,2005K2,18231
1111 bilar,2005K3,15114
1111 bilar,2005K4,15987
1111 bilar,2006K1,11769
1111 bilar,2006K2,17277
1111 bilar,2006K3,13888
1111 bilar,2006K4,15834
1111 bilar,2007K1,14006
1111 bilar,2007K2,17232
1111 bilar,2007K3,14618
1111 bilar,2007K4,17260
1111 bilar,2008K1,11553
1111 bilar,2008K2,15423
1111 bilar,2008K3,11172
1111 bilar,2008K4,10289
1111 bilar,2009K1,8163
1111 bilar,2009K2,12215
1111 bilar,2009K3,10661
1111 bilar,2009K4,10982
1111 bilar,2010K1,10652
1111 bilar,2010K2,15892
1111 bilar,2010K3,14465
1111 bilar,2010K4,14933
1111 bilar,2011K1,13542
1111 bilar,2011K2,18261
1111 bilar,2011K3,14751
1111 bilar,2011K4,16247
1111 bilar,2012K1,13312
1111 bilar,2012K2,16527
1111 bilar,2012K3,13935
1111 bilar,2012K4,14784
1111 bilar,2013K1,11244
1111 bilar,2013K2,16036
1111 bilar,2013K3,14796
1111 bilar,2013K4,17540
1111 bilar,2014K1,13807
1111 bilar,2014K2,19233
1111 bilar,2014K3,16520
1111 bilar,2014K4,19058
1111 bilar,2015K1,15495
1111 bilar,2015K2,20952
1111 bilar,2015K3,19384
1111 bilar,2015K4,22945
1111 bilar,2016K1,17461
1111 bilar,2016K2,23983
1111 bilar,2016K3,19756
1111 bilar,2016K4,23998
1111 bilar,2017K1,19381
1111 bilar,2017K2,23782
1111 bilar,2017K3,20343
1111 bilar,2017K4,23408
1111 bilar,2018K1,18593
1111 bilar,2018K2,29286
1111 bilar,2018K3,17213
1111 bilar,2018K4,19625
1111 bilar,2019K1,17410
1111 bilar,2019K2,23217
1111 bilar,2019K3,20801
1111 bilar,2019K4,27441
1111 bilar,2020K1,16521
1111 bilar,2020K2,17092
1111 bilar,2020K3,22315
1111 bilar,2020K4,25771
1111 bilar,2021K1,24347
1111 bilar,2021K2,24466
1111 bilar,2021K3,22653
1111 bilar,2021K4,27238
1111 bilar,2022K1,24590
1111 bilar,2022K2,26881
1111 bilar,2022K3,22700
1111 bilar,2022K4,28682
1111 bilar,2023K1,18455
1111 bilar,2023K2,24854
1111 bilar,2023K3,21641
1111 bilar,2023K4,27516
1111 bilar,2024K1,19012
1111 bilar,2024K2,24615
1111 bilar,2024K3,22388
1111 bilar,2024K4,27713
1111 bilar,2025K1,20665
1111 bilar,2025K2,26904
1111 bilar,2025K3,24869
1111 bilar,2025K4,26218
1111 bilar,2026K1,22023
1111 bilar,2026K2,28538
1112 övriga varaktiga varor,1981K1,2595
1112 övriga varaktiga varor,1981K2,2643
1112 övriga varaktiga varor,1981K3,2443
1112 övriga varaktiga varor,1981K4,3329
1112 övriga varaktiga varor,1982K1,2587
1112 övriga varaktiga varor,1982K2,2654
1112 övriga varaktiga varor,1982K3,2393
1112 övriga varaktiga varor,1982K4,3452
1112 övriga varaktiga varor,1983K1,2392
1112 övriga varaktiga varor,1983K2,2416
1112 övriga varaktiga varor,1983K3,2199
1112 övriga varaktiga varor,1983K4,3103
1112 övriga varaktiga varor,1984K1,2455
1112 övriga varaktiga varor,1984K2,2474
1112 övriga varaktiga varor,1984K3,2215
1112 övriga varaktiga varor,1984K4,3100
1112 övriga varaktiga varor,1985K1,2510
1112 övriga varaktiga varor,1985K2,2594
1112 övriga varaktiga varor,1985K3,2310
1112 övriga varaktiga varor,1985K4,3139
1112 övriga varaktiga varor,1986K1,2627
1112 övriga varaktiga varor,1986K2,2817
1112 övriga varaktiga varor,1986K3,2604
1112 övriga varaktiga varor,1986K4,3536
1112 övriga varaktiga varor,1987K1,2922
1112 övriga varaktiga varor,1987K2,3196
1112 övriga varaktiga varor,1987K3,2869
1112 övriga varaktiga varor,1987K4,3892
1112 övriga varaktiga varor,1988K1,3310
1112 övriga varaktiga varor,1988K2,3342
1112 övriga varaktiga varor,1988K3,3119
1112 övriga varaktiga varor,1988K4,4222
1112 övriga varaktiga varor,1989K1,3593
1112 övriga varaktiga varor,1989K2,3752
1112 övriga varaktiga varor,1989K3,3427
1112 övriga varaktiga varor,1989K4,4629
1112 övriga varaktiga varor,1990K1,3761
1112 övriga varaktiga varor,1990K2,3944
1112 övriga varaktiga varor,1990K3,3390
1112 övriga varaktiga varor,1990K4,4577
1112 övriga varaktiga varor,1991K1,3602
1112 övriga varaktiga varor,1991K2,3892
1112 övriga varaktiga varor,1991K3,3273
1112 övriga varaktiga varor,1991K4,4519
1112 övriga varaktiga varor,1992K1,3295
1112 övriga varaktiga varor,1992K2,3322
1112 övriga varaktiga varor,1992K3,2935
1112 övriga varaktiga varor,1992K4,3955
1112 övriga varaktiga varor,1993K1,2814
1112 övriga varaktiga varor,1993K2,2952
1112 övriga varaktiga varor,1993K3,2806
1112 övriga varaktiga varor,1993K4,3723
1112 övriga varaktiga varor,1994K1,2747
1112 övriga varaktiga varor,1994K2,2891
1112 övriga varaktiga varor,1994K3,2810
1112 övriga varaktiga varor,1994K4,3997
1112 övriga varaktiga varor,1995K1,3173
1112 övriga varaktiga varor,1995K2,3193
1112 övriga varaktiga varor,1995K3,3074
1112 övriga varaktiga varor,1995K4,3990
1112 övriga varaktiga varor,1996K1,3063
1112 övriga varaktiga varor,1996K2,3231
1112 övriga varaktiga varor,1996K3,3285
1112 övriga varaktiga varor,1996K4,4150
1112 övriga varaktiga varor,1997K1,3597
1112 övriga varaktiga varor,1997K2,4107
1112 övriga varaktiga varor,1997K3,3879
1112 övriga varaktiga varor,1997K4,5146
1112 övriga varaktiga varor,1998K1,4154
1112 övriga varaktiga varor,1998K2,4574
1112 övriga varaktiga varor,1998K3,4632
1112 övriga varaktiga varor,1998K4,5879
1112 övriga varaktiga varor,1999K1,4900
1112 övriga varaktiga varor,1999K2,5245
1112 övriga varaktiga varor,1999K3,5281
1112 övriga varaktiga varor,1999K4,6875
1112 övriga varaktiga varor,2000K1,6039
1112 övriga varaktiga varor,2000K2,6428
1112 övriga varaktiga varor,2000K3,6378
1112 övriga varaktiga varor,2000K4,7798
1112 övriga varaktiga varor,2001K1,6701
1112 övriga varaktiga varor,2001K2,7052
1112 övriga varaktiga varor,2001K3,7128
1112 övriga varaktiga varor,2001K4,8213
1112 övriga varaktiga varor,2002K1,7025
1112 övriga varaktiga varor,2002K2,7868
1112 övriga varaktiga varor,2002K3,7776
1112 övriga varaktiga varor,2002K4,9046
1112 övriga varaktiga varor,2003K1,7633
1112 övriga varaktiga varor,2003K2,8625
1112 övriga varaktiga varor,2003K3,8914
1112 övriga varaktiga varor,2003K4,10447
1112 övriga varaktiga varor,2004K1,8708
1112 övriga varaktiga varor,2004K2,9804
1112 övriga varaktiga varor,2004K3,10141
1112 övriga varaktiga varor,2004K4,11723
1112 övriga varaktiga varor,2005K1,9559
1112 övriga varaktiga varor,2005K2,11279
1112 övriga varaktiga varor,2005K3,11705
1112 övriga varaktiga varor,2005K4,13976
1112 övriga varaktiga varor,2006K1,11338
1112 övriga varaktiga varor,2006K2,12954
1112 övriga varaktiga varor,2006K3,13343
1112 övriga varaktiga varor,2006K4,15927
1112 övriga varaktiga varor,2007K1,12682
1112 övriga varaktiga varor,2007K2,15260
1112 övriga varaktiga varor,2007K3,15404
1112 övriga varaktiga varor,2007K4,17856
1112 övriga varaktiga varor,2008K1,14116
1112 övriga varaktiga varor,2008K2,16625
1112 övriga varaktiga varor,2008K3,15880
1112 övriga varaktiga varor,2008K4,17668
1112 övriga varaktiga varor,2009K1,13657
1112 övriga varaktiga varor,2009K2,16139
1112 övriga varaktiga varor,2009K3,16486
1112 övriga varaktiga varor,2009K4,19285
1112 övriga varaktiga varor,2010K1,14496
1112 övriga varaktiga varor,2010K2,17642
1112 övriga varaktiga varor,2010K3,17848
1112 övriga varaktiga varor,2010K4,20933
1112 övriga varaktiga varor,2011K1,15986
1112 övriga varaktiga varor,2011K2,18752
1112 övriga varaktiga varor,2011K3,18377
1112 övriga varaktiga varor,2011K4,21750
1112 övriga varaktiga varor,2012K1,17090
1112 övriga varaktiga varor,2012K2,19795
1112 övriga varaktiga varor,2012K3,19457
1112 övriga varaktiga varor,2012K4,22752
1112 övriga varaktiga varor,2013K1,17842
1112 övriga varaktiga varor,2013K2,20892
1112 övriga varaktiga varor,2013K3,20423
1112 övriga varaktiga varor,2013K4,24291
1112 övriga varaktiga varor,2014K1,19832
1112 övriga varaktiga varor,2014K2,23343
1112 övriga varaktiga varor,2014K3,22597
1112 övriga varaktiga varor,2014K4,27283
1112 övriga varaktiga varor,2015K1,22636
1112 övriga varaktiga varor,2015K2,27059
1112 övriga varaktiga varor,2015K3,25739
1112 övriga varaktiga varor,2015K4,31076
1112 övriga varaktiga varor,2016K1,24227
1112 övriga varaktiga varor,2016K2,29715
1112 övriga varaktiga varor,2016K3,27548
1112 övriga varaktiga varor,2016K4,32916
1112 övriga varaktiga varor,2017K1,26983
1112 övriga varaktiga varor,2017K2,32127
1112 övriga varaktiga varor,2017K3,29760
1112 övriga varaktiga varor,2017K4,36112
1112 övriga varaktiga varor,2018K1,28186
1112 övriga varaktiga varor,2018K2,33585
1112 övriga varaktiga varor,2018K3,32593
1112 övriga varaktiga varor,2018K4,38685
1112 övriga varaktiga varor,2019K1,27869
1112 övriga varaktiga varor,2019K2,35216
1112 övriga varaktiga varor,2019K3,33918
1112 övriga varaktiga varor,2019K4,39710
1112 övriga varaktiga varor,2020K1,30891
1112 övriga varaktiga varor,2020K2,38179
1112 övriga varaktiga varor,2020K3,37067
1112 övriga varaktiga varor,2020K4,44172
1112 övriga varaktiga varor,2021K1,37703
1112 övriga varaktiga varor,2021K2,47434
1112 övriga varaktiga varor,2021K3,43057
1112 övriga varaktiga varor,2021K4,48410
1112 övriga varaktiga varor,2022K1,37393
1112 övriga varaktiga varor,2022K2,44599
1112 övriga varaktiga varor,2022K3,40683
1112 övriga varaktiga varor,2022K4,44000
1112 övriga varaktiga varor,2023K1,32708
1112 övriga varaktiga varor,2023K2,39866
1112 övriga varaktiga varor,2023K3,37277
1112 övriga varaktiga varor,2023K4,41935
1112 övriga varaktiga varor,2024K1,30974
1112 övriga varaktiga varor,2024K2,39074
1112 övriga varaktiga varor,2024K3,36645
1112 övriga varaktiga varor,2024K4,42248
1112 övriga varaktiga varor,2025K1,34244
1112 övriga varaktiga varor,2025K2,43436
1112 övriga varaktiga varor,2025K3,41411
1112 övriga varaktiga varor,2025K4,50055
1112 övriga varaktiga varor,2026K1,37954
1112 övriga varaktiga varor,2026K2,49085
1120 delvis varaktiga varor,1981K1,18234
1120 delvis varaktiga varor,1981K2,21140
1120 delvis varaktiga varor,1981K3,18028
1120 delvis varaktiga varor,1981K4,23351
1120 delvis varaktiga varor,1982K1,18348
1120 delvis varaktiga varor,1982K2,21041
1120 delvis varaktiga varor,1982K3,17934
1120 delvis varaktiga varor,1982K4,23318
1120 delvis varaktiga varor,1983K1,17451
1120 delvis varaktiga varor,1983K2,20360
1120 delvis varaktiga varor,1983K3,17484
1120 delvis varaktiga varor,1983K4,22626
1120 delvis varaktiga varor,1984K1,18391
1120 delvis varaktiga varor,1984K2,20858
1120 delvis varaktiga varor,1984K3,17930
1120 delvis varaktiga varor,1984K4,22734
1120 delvis varaktiga varor,1985K1,18749
1120 delvis varaktiga varor,1985K2,21510
1120 delvis varaktiga varor,1985K3,19067
1120 delvis varaktiga varor,1985K4,24279
1120 delvis varaktiga varor,1986K1,19802
1120 delvis varaktiga varor,1986K2,23693
1120 delvis varaktiga varor,1986K3,21913
1120 delvis varaktiga varor,1986K4,27250
1120 delvis varaktiga varor,1987K1,22252
1120 delvis varaktiga varor,1987K2,26096
1120 delvis varaktiga varor,1987K3,23207
1120 delvis varaktiga varor,1987K4,29150
1120 delvis varaktiga varor,1988K1,23830
1120 delvis varaktiga varor,1988K2,26699
1120 delvis varaktiga varor,1988K3,24092
1120 delvis varaktiga varor,1988K4,29035
1120 delvis varaktiga varor,1989K1,24143
1120 delvis varaktiga varor,1989K2,27541
1120 delvis varaktiga varor,1989K3,24890
1120 delvis varaktiga varor,1989K4,29896
1120 delvis varaktiga varor,1990K1,25488
1120 delvis varaktiga varor,1990K2,28560
1120 delvis varaktiga varor,1990K3,25351
1120 delvis varaktiga varor,1990K4,29331
1120 delvis varaktiga varor,1991K1,26253
1120 delvis varaktiga varor,1991K2,28792
1120 delvis varaktiga varor,1991K3,25759
1120 delvis varaktiga varor,1991K4,30566
1120 delvis varaktiga varor,1992K1,25256
1120 delvis varaktiga varor,1992K2,26227
1120 delvis varaktiga varor,1992K3,24760
1120 delvis varaktiga varor,1992K4,28271
1120 delvis varaktiga varor,1993K1,22074
1120 delvis varaktiga varor,1993K2,23532
1120 delvis varaktiga varor,1993K3,24107
1120 delvis varaktiga varor,1993K4,28569
1120 delvis varaktiga varor,1994K1,21350
1120 delvis varaktiga varor,1994K2,23173
1120 delvis varaktiga varor,1994K3,23286
1120 delvis varaktiga varor,1994K4,29794
1120 delvis varaktiga varor,1995K1,21594
1120 delvis varaktiga varor,1995K2,23443
1120 delvis varaktiga varor,1995K3,23750
1120 delvis varaktiga varor,1995K4,28647
1120 delvis varaktiga varor,1996K1,20754
1120 delvis varaktiga varor,1996K2,23636
1120 delvis varaktiga varor,1996K3,23755
1120 delvis varaktiga varor,1996K4,29094
1120 delvis varaktiga varor,1997K1,21075
1120 delvis varaktiga varor,1997K2,25021
1120 delvis varaktiga varor,1997K3,23781
1120 delvis varaktiga varor,1997K4,30150
1120 delvis varaktiga varor,1998K1,22307
1120 delvis varaktiga varor,1998K2,25845
1120 delvis varaktiga varor,1998K3,25938
1120 delvis varaktiga varor,1998K4,31269
1120 delvis varaktiga varor,1999K1,23860
1120 delvis varaktiga varor,1999K2,27378
1120 delvis varaktiga varor,1999K3,27199
1120 delvis varaktiga varor,1999K4,33888
1120 delvis varaktiga varor,2000K1,26798
1120 delvis varaktiga varor,2000K2,29792
1120 delvis varaktiga varor,2000K3,29950
1120 delvis varaktiga varor,2000K4,34552
1120 delvis varaktiga varor,2001K1,27601
1120 delvis varaktiga varor,2001K2,30286
1120 delvis varaktiga varor,2001K3,30537
1120 delvis varaktiga varor,2001K4,35250
1120 delvis varaktiga varor,2002K1,28667
1120 delvis varaktiga varor,2002K2,32646
1120 delvis varaktiga varor,2002K3,32665
1120 delvis varaktiga varor,2002K4,38007
1120 delvis varaktiga varor,2003K1,29586
1120 delvis varaktiga varor,2003K2,33044
1120 delvis varaktiga varor,2003K3,34549
1120 delvis varaktiga varor,2003K4,39111
1120 delvis varaktiga varor,2004K1,31695
1120 delvis varaktiga varor,2004K2,35093
1120 delvis varaktiga varor,2004K3,37035
1120 delvis varaktiga varor,2004K4,41053
1120 delvis varaktiga varor,2005K1,33135
1120 delvis varaktiga varor,2005K2,38475
1120 delvis varaktiga varor,2005K3,39812
1120 delvis varaktiga varor,2005K4,44335
1120 delvis varaktiga varor,2006K1,35266
1120 delvis varaktiga varor,2006K2,41312
1120 delvis varaktiga varor,2006K3,42025
1120 delvis varaktiga varor,2006K4,47693
1120 delvis varaktiga varor,2007K1,37836
1120 delvis varaktiga varor,2007K2,43111
1120 delvis varaktiga varor,2007K3,44620
1120 delvis varaktiga varor,2007K4,48664
1120 delvis varaktiga varor,2008K1,39102
1120 delvis varaktiga varor,2008K2,46082
1120 delvis varaktiga varor,2008K3,45467
1120 delvis varaktiga varor,2008K4,48048
1120 delvis varaktiga varor,2009K1,37578
1120 delvis varaktiga varor,2009K2,46106
1120 delvis varaktiga varor,2009K3,46089
1120 delvis varaktiga varor,2009K4,49603
1120 delvis varaktiga varor,2010K1,39599
1120 delvis varaktiga varor,2010K2,48023
1120 delvis varaktiga varor,2010K3,49114
1120 delvis varaktiga varor,2010K4,52318
1120 delvis varaktiga varor,2011K1,40047
1120 delvis varaktiga varor,2011K2,49012
1120 delvis varaktiga varor,2011K3,48958
1120 delvis varaktiga varor,2011K4,52087
1120 delvis varaktiga varor,2012K1,42534
1120 delvis varaktiga varor,2012K2,49017
1120 delvis varaktiga varor,2012K3,49917
1120 delvis varaktiga varor,2012K4,52995
1120 delvis varaktiga varor,2013K1,41632
1120 delvis varaktiga varor,2013K2,50956
1120 delvis varaktiga varor,2013K3,50912
1120 delvis varaktiga varor,2013K4,54178
1120 delvis varaktiga varor,2014K1,43811
1120 delvis varaktiga varor,2014K2,53127
1120 delvis varaktiga varor,2014K3,52059
1120 delvis varaktiga varor,2014K4,56862
1120 delvis varaktiga varor,2015K1,46770
1120 delvis varaktiga varor,2015K2,57584
1120 delvis varaktiga varor,2015K3,56085
1120 delvis varaktiga varor,2015K4,60533
1120 delvis varaktiga varor,2016K1,45818
1120 delvis varaktiga varor,2016K2,55451
1120 delvis varaktiga varor,2016K3,53578
1120 delvis varaktiga varor,2016K4,59160
1120 delvis varaktiga varor,2017K1,47273
1120 delvis varaktiga varor,2017K2,56140
1120 delvis varaktiga varor,2017K3,54899
1120 delvis varaktiga varor,2017K4,59703
1120 delvis varaktiga varor,2018K1,46794
1120 delvis varaktiga varor,2018K2,58595
1120 delvis varaktiga varor,2018K3,56277
1120 delvis varaktiga varor,2018K4,60102
1120 delvis varaktiga varor,2019K1,47318
1120 delvis varaktiga varor,2019K2,58020
1120 delvis varaktiga varor,2019K3,58249
1120 delvis varaktiga varor,2019K4,60377
1120 delvis varaktiga varor,2020K1,47782
1120 delvis varaktiga varor,2020K2,55552
1120 delvis varaktiga varor,2020K3,56675
1120 delvis varaktiga varor,2020K4,59147
1120 delvis varaktiga varor,2021K1,49838
1120 delvis varaktiga varor,2021K2,63102
1120 delvis varaktiga varor,2021K3,60875
1120 delvis varaktiga varor,2021K4,66450
1120 delvis varaktiga varor,2022K1,52325
1120 delvis varaktiga varor,2022K2,65950
1120 delvis varaktiga varor,2022K3,59805
1120 delvis varaktiga varor,2022K4,64241
1120 delvis varaktiga varor,2023K1,49728
1120 delvis varaktiga varor,2023K2,61432
1120 delvis varaktiga varor,2023K3,56646
1120 delvis varaktiga varor,2023K4,61091
1120 delvis varaktiga varor,2024K1,46916
1120 delvis varaktiga varor,2024K2,58864
1120 delvis varaktiga varor,2024K3,55286
1120 delvis varaktiga varor,2024K4,60787
1120 delvis varaktiga varor,2025K1,48895
1120 delvis varaktiga varor,2025K2,61510
1120 delvis varaktiga varor,2025K3,59921
1120 delvis varaktiga varor,2025K4,65429
1120 delvis varaktiga varor,2026K1,52009
1120 delvis varaktiga varor,2026K2,65820
1130 icke varaktiga varor,1981K1,129999
1130 icke varaktiga varor,1981K2,130169
1130 icke varaktiga varor,1981K3,118919
1130 icke varaktiga varor,1981K4,136840
1130 icke varaktiga varor,1982K1,131849
1130 icke varaktiga varor,1982K2,128699
1130 icke varaktiga varor,1982K3,120451
1130 icke varaktiga varor,1982K4,139642
1130 icke varaktiga varor,1983K1,129639
1130 icke varaktiga varor,1983K2,125379
1130 icke varaktiga varor,1983K3,120858
1130 icke varaktiga varor,1983K4,136759
1130 icke varaktiga varor,1984K1,131742
1130 icke varaktiga varor,1984K2,128735
1130 icke varaktiga varor,1984K3,121091
1130 icke varaktiga varor,1984K4,135737
1130 icke varaktiga varor,1985K1,136688
1130 icke varaktiga varor,1985K2,131006
1130 icke varaktiga varor,1985K3,122165
1130 icke varaktiga varor,1985K4,139611
1130 icke varaktiga varor,1986K1,136492
1130 icke varaktiga varor,1986K2,133357
1130 icke varaktiga varor,1986K3,126565
1130 icke varaktiga varor,1986K4,143441
1130 icke varaktiga varor,1987K1,138610
1130 icke varaktiga varor,1987K2,137529
1130 icke varaktiga varor,1987K3,126131
1130 icke varaktiga varor,1987K4,143159
1130 icke varaktiga varor,1988K1,142318
1130 icke varaktiga varor,1988K2,136145
1130 icke varaktiga varor,1988K3,126464
1130 icke varaktiga varor,1988K4,144210
1130 icke varaktiga varor,1989K1,139573
1130 icke varaktiga varor,1989K2,140116
1130 icke varaktiga varor,1989K3,127827
1130 icke varaktiga varor,1989K4,145494
1130 icke varaktiga varor,1990K1,141964
1130 icke varaktiga varor,1990K2,141935
1130 icke varaktiga varor,1990K3,129101
1130 icke varaktiga varor,1990K4,143712
1130 icke varaktiga varor,1991K1,144287
1130 icke varaktiga varor,1991K2,141626
1130 icke varaktiga varor,1991K3,130915
1130 icke varaktiga varor,1991K4,147718
1130 icke varaktiga varor,1992K1,143674
1130 icke varaktiga varor,1992K2,142189
1130 icke varaktiga varor,1992K3,129446
1130 icke varaktiga varor,1992K4,148585
1130 icke varaktiga varor,1993K1,136354
1130 icke varaktiga varor,1993K2,142758
1130 icke varaktiga varor,1993K3,140345
1130 icke varaktiga varor,1993K4,163339
1130 icke varaktiga varor,1994K1,145071
1130 icke varaktiga varor,1994K2,142870
1130 icke varaktiga varor,1994K3,143429
1130 icke varaktiga varor,1994K4,160564
1130 icke varaktiga varor,1995K1,143437
1130 icke varaktiga varor,1995K2,145185
1130 icke varaktiga varor,1995K3,142517
1130 icke varaktiga varor,1995K4,162351
1130 icke varaktiga varor,1996K1,149591
1130 icke varaktiga varor,1996K2,144904
1130 icke varaktiga varor,1996K3,142894
1130 icke varaktiga varor,1996K4,162407
1130 icke varaktiga varor,1997K1,147295
1130 icke varaktiga varor,1997K2,147197
1130 icke varaktiga varor,1997K3,140156
1130 icke varaktiga varor,1997K4,162182
1130 icke varaktiga varor,1998K1,144773
1130 icke varaktiga varor,1998K2,146106
1130 icke varaktiga varor,1998K3,140916
1130 icke varaktiga varor,1998K4,165145
1130 icke varaktiga varor,1999K1,150274
1130 icke varaktiga varor,1999K2,146086
1130 icke varaktiga varor,1999K3,145203
1130 icke varaktiga varor,1999K4,170786
1130 icke varaktiga varor,2000K1,153239
1130 icke varaktiga varor,2000K2,153331
1130 icke varaktiga varor,2000K3,149635
1130 icke varaktiga varor,2000K4,167218
1130 icke varaktiga varor,2001K1,156588
1130 icke varaktiga varor,2001K2,156851
1130 icke varaktiga varor,2001K3,153613
1130 icke varaktiga varor,2001K4,174989
1130 icke varaktiga varor,2002K1,160395
1130 icke varaktiga varor,2002K2,159297
1130 icke varaktiga varor,2002K3,158776
1130 icke varaktiga varor,2002K4,181746
1130 icke varaktiga varor,2003K1,162918
1130 icke varaktiga varor,2003K2,163527
1130 icke varaktiga varor,2003K3,159832
1130 icke varaktiga varor,2003K4,181283
1130 icke varaktiga varor,2004K1,163628
1130 icke varaktiga varor,2004K2,162372
1130 icke varaktiga varor,2004K3,160953
1130 icke varaktiga varor,2004K4,184172
1130 icke varaktiga varor,2005K1,164829
1130 icke varaktiga varor,2005K2,164319
1130 icke varaktiga varor,2005K3,163883
1130 icke varaktiga varor,2005K4,186984
1130 icke varaktiga varor,2006K1,168727
1130 icke varaktiga varor,2006K2,170866
1130 icke varaktiga varor,2006K3,167066
1130 icke varaktiga varor,2006K4,188945
1130 icke varaktiga varor,2007K1,171966
1130 icke varaktiga varor,2007K2,176388
1130 icke varaktiga varor,2007K3,172123
1130 icke varaktiga varor,2007K4,195480
1130 icke varaktiga varor,2008K1,173370
1130 icke varaktiga varor,2008K2,175070
1130 icke varaktiga varor,2008K3,166835
1130 icke varaktiga varor,2008K4,188600
1130 icke varaktiga varor,2009K1,174826
1130 icke varaktiga varor,2009K2,181529
1130 icke varaktiga varor,2009K3,173350
1130 icke varaktiga varor,2009K4,195881
1130 icke varaktiga varor,2010K1,183565
1130 icke varaktiga varor,2010K2,180725
1130 icke varaktiga varor,2010K3,173634
1130 icke varaktiga varor,2010K4,198740
1130 icke varaktiga varor,2011K1,178053
1130 icke varaktiga varor,2011K2,179955
1130 icke varaktiga varor,2011K3,169991
1130 icke varaktiga varor,2011K4,191382
1130 icke varaktiga varor,2012K1,178629
1130 icke varaktiga varor,2012K2,183188
1130 icke varaktiga varor,2012K3,172807
1130 icke varaktiga varor,2012K4,198791
1130 icke varaktiga varor,2013K1,182533
1130 icke varaktiga varor,2013K2,181720
1130 icke varaktiga varor,2013K3,173655
1130 icke varaktiga varor,2013K4,196508
1130 icke varaktiga varor,2014K1,176227
1130 icke varaktiga varor,2014K2,186324
1130 icke varaktiga varor,2014K3,176269
1130 icke varaktiga varor,2014K4,202138
1130 icke varaktiga varor,2015K1,183568
1130 icke varaktiga varor,2015K2,190318
1130 icke varaktiga varor,2015K3,179042
1130 icke varaktiga varor,2015K4,205568
1130 icke varaktiga varor,2016K1,190896
1130 icke varaktiga varor,2016K2,192215
1130 icke varaktiga varor,2016K3,180546
1130 icke varaktiga varor,2016K4,209437
1130 icke varaktiga varor,2017K1,193602
1130 icke varaktiga varor,2017K2,197125
1130 icke varaktiga varor,2017K3,181651
1130 icke varaktiga varor,2017K4,210514
1130 icke varaktiga varor,2018K1,199230
1130 icke varaktiga varor,2018K2,198537
1130 icke varaktiga varor,2018K3,187109
1130 icke varaktiga varor,2018K4,217429
1130 icke varaktiga varor,2019K1,193907
1130 icke varaktiga varor,2019K2,199829
1130 icke varaktiga varor,2019K3,187775
1130 icke varaktiga varor,2019K4,214111
1130 icke varaktiga varor,2020K1,199467
1130 icke varaktiga varor,2020K2,203920
1130 icke varaktiga varor,2020K3,190714
1130 icke varaktiga varor,2020K4,219884
1130 icke varaktiga varor,2021K1,209658
1130 icke varaktiga varor,2021K2,215488
1130 icke varaktiga varor,2021K3,199720
1130 icke varaktiga varor,2021K4,235326
1130 icke varaktiga varor,2022K1,208963
1130 icke varaktiga varor,2022K2,216623
1130 icke varaktiga varor,2022K3,195599
1130 icke varaktiga varor,2022K4,217689
1130 icke varaktiga varor,2023K1,197867
1130 icke varaktiga varor,2023K2,206497
1130 icke varaktiga varor,2023K3,190628
1130 icke varaktiga varor,2023K4,223947
1130 icke varaktiga varor,2024K1,206683
1130 icke varaktiga varor,2024K2,208776
1130 icke varaktiga varor,2024K3,195656
1130 icke varaktiga varor,2024K4,221372
1130 icke varaktiga varor,2025K1,204208
1130 icke varaktiga varor,2025K2,211177
1130 icke varaktiga varor,2025K3,197316
1130 icke varaktiga varor,2025K4,225449
1130 icke varaktiga varor,2026K1,213645
1130 icke varaktiga varor,2026K2,220391
1131 livsmedel,1981K1,45507
1131 livsmedel,1981K2,48782
1131 livsmedel,1981K3,45218
1131 livsmedel,1981K4,46654
1131 livsmedel,1982K1,45849
1131 livsmedel,1982K2,48563
1131 livsmedel,1982K3,46130
1131 livsmedel,1982K4,48032
1131 livsmedel,1983K1,46979
1131 livsmedel,1983K2,46885
1131 livsmedel,1983K3,46202
1131 livsmedel,1983K4,46389
1131 livsmedel,1984K1,46864
1131 livsmedel,1984K2,48418
1131 livsmedel,1984K3,46041
1131 livsmedel,1984K4,47514
1131 livsmedel,1985K1,46597
1131 livsmedel,1985K2,48813
1131 livsmedel,1985K3,45477
1131 livsmedel,1985K4,47717
1131 livsmedel,1986K1,46903
1131 livsmedel,1986K2,49219
1131 livsmedel,1986K3,46504
1131 livsmedel,1986K4,48471
1131 livsmedel,1987K1,47377
1131 livsmedel,1987K2,50993
1131 livsmedel,1987K3,46674
1131 livsmedel,1987K4,48494
1131 livsmedel,1988K1,49174
1131 livsmedel,1988K2,49967
1131 livsmedel,1988K3,47899
1131 livsmedel,1988K4,49225
1131 livsmedel,1989K1,48676
1131 livsmedel,1989K2,51319
1131 livsmedel,1989K3,47953
1131 livsmedel,1989K4,49302
1131 livsmedel,1990K1,48943
1131 livsmedel,1990K2,53311
1131 livsmedel,1990K3,48187
1131 livsmedel,1990K4,49688
1131 livsmedel,1991K1,49898
1131 livsmedel,1991K2,52024
1131 livsmedel,1991K3,48739
1131 livsmedel,1991K4,50194
1131 livsmedel,1992K1,49966
1131 livsmedel,1992K2,53987
1131 livsmedel,1992K3,49703
1131 livsmedel,1992K4,51742
1131 livsmedel,1993K1,50223
1131 livsmedel,1993K2,55022
1131 livsmedel,1993K3,54171
1131 livsmedel,1993K4,57404
1131 livsmedel,1994K1,53850
1131 livsmedel,1994K2,55199
1131 livsmedel,1994K3,55759
1131 livsmedel,1994K4,58010
1131 livsmedel,1995K1,53102
1131 livsmedel,1995K2,56029
1131 livsmedel,1995K3,56554
1131 livsmedel,1995K4,58316
1131 livsmedel,1996K1,54853
1131 livsmedel,1996K2,57324
1131 livsmedel,1996K3,57528
1131 livsmedel,1996K4,60157
1131 livsmedel,1997K1,56383
1131 livsmedel,1997K2,58474
1131 livsmedel,1997K3,57981
1131 livsmedel,1997K4,60986
1131 livsmedel,1998K1,56070
1131 livsmedel,1998K2,59559
1131 livsmedel,1998K3,58239
1131 livsmedel,1998K4,61043
1131 livsmedel,1999K1,56708
1131 livsmedel,1999K2,59065
1131 livsmedel,1999K3,59789
1131 livsmedel,1999K4,63537
1131 livsmedel,2000K1,58985
1131 livsmedel,2000K2,62529
1131 livsmedel,2000K3,61940
1131 livsmedel,2000K4,63959
1131 livsmedel,2001K1,60470
1131 livsmedel,2001K2,64581
1131 livsmedel,2001K3,63622
1131 livsmedel,2001K4,65443
1131 livsmedel,2002K1,62357
1131 livsmedel,2002K2,65630
1131 livsmedel,2002K3,66439
1131 livsmedel,2002K4,67677
1131 livsmedel,2003K1,62042
1131 livsmedel,2003K2,68114
1131 livsmedel,2003K3,67307
1131 livsmedel,2003K4,69340
1131 livsmedel,2004K1,62139
1131 livsmedel,2004K2,67611
1131 livsmedel,2004K3,70116
1131 livsmedel,2004K4,72418
1131 livsmedel,2005K1,63803
1131 livsmedel,2005K2,68461
1131 livsmedel,2005K3,72734
1131 livsmedel,2005K4,74595
1131 livsmedel,2006K1,66303
1131 livsmedel,2006K2,73359
1131 livsmedel,2006K3,74859
1131 livsmedel,2006K4,75920
1131 livsmedel,2007K1,68870
1131 livsmedel,2007K2,76861
1131 livsmedel,2007K3,77860
1131 livsmedel,2007K4,77662
1131 livsmedel,2008K1,70952
1131 livsmedel,2008K2,75928
1131 livsmedel,2008K3,74367
1131 livsmedel,2008K4,74802
1131 livsmedel,2009K1,69621
1131 livsmedel,2009K2,79736
1131 livsmedel,2009K3,77505
1131 livsmedel,2009K4,78017
1131 livsmedel,2010K1,71441
1131 livsmedel,2010K2,78391
1131 livsmedel,2010K3,77739
1131 livsmedel,2010K4,77178
1131 livsmedel,2011K1,72277
1131 livsmedel,2011K2,80210
1131 livsmedel,2011K3,77446
1131 livsmedel,2011K4,78298
1131 livsmedel,2012K1,73299
1131 livsmedel,2012K2,81852
1131 livsmedel,2012K3,79739
1131 livsmedel,2012K4,80362
1131 livsmedel,2013K1,74328
1131 livsmedel,2013K2,81140
1131 livsmedel,2013K3,80370
1131 livsmedel,2013K4,81497
1131 livsmedel,2014K1,73544
1131 livsmedel,2014K2,84722
1131 livsmedel,2014K3,82947
1131 livsmedel,2014K4,84073
1131 livsmedel,2015K1,76673
1131 livsmedel,2015K2,86597
1131 livsmedel,2015K3,84458
1131 livsmedel,2015K4,85908
1131 livsmedel,2016K1,79919
1131 livsmedel,2016K2,89110
1131 livsmedel,2016K3,86965
1131 livsmedel,2016K4,88214
1131 livsmedel,2017K1,81329
1131 livsmedel,2017K2,91972
1131 livsmedel,2017K3,88131
1131 livsmedel,2017K4,89550
1131 livsmedel,2018K1,85270
1131 livsmedel,2018K2,93690
1131 livsmedel,2018K3,91455
1131 livsmedel,2018K4,93672
1131 livsmedel,2019K1,84284
1131 livsmedel,2019K2,94898
1131 livsmedel,2019K3,91048
1131 livsmedel,2019K4,91335
1131 livsmedel,2020K1,90444
1131 livsmedel,2020K2,97685
1131 livsmedel,2020K3,93501
1131 livsmedel,2020K4,97689
1131 livsmedel,2021K1,91686
1131 livsmedel,2021K2,101888
1131 livsmedel,2021K3,97018
1131 livsmedel,2021K4,100499
1131 livsmedel,2022K1,91978
1131 livsmedel,2022K2,101713
1131 livsmedel,2022K3,94195
1131 livsmedel,2022K4,92075
1131 livsmedel,2023K1,85229
1131 livsmedel,2023K2,96528
1131 livsmedel,2023K3,92481
1131 livsmedel,2023K4,93364
1131 livsmedel,2024K1,91067
1131 livsmedel,2024K2,98583
1131 livsmedel,2024K3,94648
1131 livsmedel,2024K4,96283
1131 livsmedel,2025K1,88134
1131 livsmedel,2025K2,98974
1131 livsmedel,2025K3,95156
1131 livsmedel,2025K4,97081
1131 livsmedel,2026K1,90331
1131 livsmedel,2026K2,105557
1132 övriga icke varaktiga varor,1981K1,85732
1132 övriga icke varaktiga varor,1981K2,81048
1132 övriga icke varaktiga varor,1981K3,73071
1132 övriga icke varaktiga varor,1981K4,92103
1132 övriga icke varaktiga varor,1982K1,87394
1132 övriga icke varaktiga varor,1982K2,79654
1132 övriga icke varaktiga varor,1982K3,73542
1132 övriga icke varaktiga varor,1982K4,93341
1132 övriga icke varaktiga varor,1983K1,83112
1132 övriga icke varaktiga varor,1983K2,78202
1132 övriga icke varaktiga varor,1983K3,73869
1132 övriga icke varaktiga varor,1983K4,92441
1132 övriga icke varaktiga varor,1984K1,85802
1132 övriga icke varaktiga varor,1984K2,79843
1132 övriga icke varaktiga varor,1984K3,74341
1132 övriga icke varaktiga varor,1984K4,89580
1132 övriga icke varaktiga varor,1985K1,92252
1132 övriga icke varaktiga varor,1985K2,81909
1132 övriga icke varaktiga varor,1985K3,76448
1132 övriga icke varaktiga varor,1985K4,94030
1132 övriga icke varaktiga varor,1986K1,91520
1132 övriga icke varaktiga varor,1986K2,84130
1132 övriga icke varaktiga varor,1986K3,80170
1132 övriga icke varaktiga varor,1986K4,97458
1132 övriga icke varaktiga varor,1987K1,93554
1132 övriga icke varaktiga varor,1987K2,86097
1132 övriga icke varaktiga varor,1987K3,79118
1132 övriga icke varaktiga varor,1987K4,97367
1132 övriga icke varaktiga varor,1988K1,95153
1132 övriga icke varaktiga varor,1988K2,86110
1132 övriga icke varaktiga varor,1988K3,77491
1132 övriga icke varaktiga varor,1988K4,97433
1132 övriga icke varaktiga varor,1989K1,92561
1132 övriga icke varaktiga varor,1989K2,88800
1132 övriga icke varaktiga varor,1989K3,79107
1132 övriga icke varaktiga varor,1989K4,98902
1132 övriga icke varaktiga varor,1990K1,95062
1132 övriga icke varaktiga varor,1990K2,87783
1132 övriga icke varaktiga varor,1990K3,80349
1132 övriga icke varaktiga varor,1990K4,95996
1132 övriga icke varaktiga varor,1991K1,96047
1132 övriga icke varaktiga varor,1991K2,89712
1132 övriga icke varaktiga varor,1991K3,81954
1132 övriga icke varaktiga varor,1991K4,99664
1132 övriga icke varaktiga varor,1992K1,95165
1132 övriga icke varaktiga varor,1992K2,87595
1132 övriga icke varaktiga varor,1992K3,78940
1132 övriga icke varaktiga varor,1992K4,98321
1132 övriga icke varaktiga varor,1993K1,86213
1132 övriga icke varaktiga varor,1993K2,87265
1132 övriga icke varaktiga varor,1993K3,85692
1132 övriga icke varaktiga varor,1993K4,106662
1132 övriga icke varaktiga varor,1994K1,91213
1132 övriga icke varaktiga varor,1994K2,87169
1132 övriga icke varaktiga varor,1994K3,87087
1132 övriga icke varaktiga varor,1994K4,102907
1132 övriga icke varaktiga varor,1995K1,90357
1132 övriga icke varaktiga varor,1995K2,88663
1132 övriga icke varaktiga varor,1995K3,85127
1132 övriga icke varaktiga varor,1995K4,104465
1132 övriga icke varaktiga varor,1996K1,94852
1132 övriga icke varaktiga varor,1996K2,86818
1132 övriga icke varaktiga varor,1996K3,84406
1132 övriga icke varaktiga varor,1996K4,102247
1132 övriga icke varaktiga varor,1997K1,90522
1132 övriga icke varaktiga varor,1997K2,88146
1132 övriga icke varaktiga varor,1997K3,81421
1132 övriga icke varaktiga varor,1997K4,100864
1132 övriga icke varaktiga varor,1998K1,88241
1132 övriga icke varaktiga varor,1998K2,85917
1132 övriga icke varaktiga varor,1998K3,82024
1132 övriga icke varaktiga varor,1998K4,103736
1132 övriga icke varaktiga varor,1999K1,93174
1132 övriga icke varaktiga varor,1999K2,86413
1132 övriga icke varaktiga varor,1999K3,84747
1132 övriga icke varaktiga varor,1999K4,106859
1132 övriga icke varaktiga varor,2000K1,93793
1132 övriga icke varaktiga varor,2000K2,90117
1132 övriga icke varaktiga varor,2000K3,86968
1132 övriga icke varaktiga varor,2000K4,102784
1132 övriga icke varaktiga varor,2001K1,95574
1132 övriga icke varaktiga varor,2001K2,91617
1132 övriga icke varaktiga varor,2001K3,89341
1132 övriga icke varaktiga varor,2001K4,108993
1132 övriga icke varaktiga varor,2002K1,97458
1132 övriga icke varaktiga varor,2002K2,93030
1132 övriga icke varaktiga varor,2002K3,91684
1132 övriga icke varaktiga varor,2002K4,113458
1132 övriga icke varaktiga varor,2003K1,100356
1132 övriga icke varaktiga varor,2003K2,94687
1132 övriga icke varaktiga varor,2003K3,91789
1132 övriga icke varaktiga varor,2003K4,111354
1132 övriga icke varaktiga varor,2004K1,100830
1132 övriga icke varaktiga varor,2004K2,94160
1132 övriga icke varaktiga varor,2004K3,90267
1132 övriga icke varaktiga varor,2004K4,111034
1132 övriga icke varaktiga varor,2005K1,100301
1132 övriga icke varaktiga varor,2005K2,95292
1132 övriga icke varaktiga varor,2005K3,90729
1132 övriga icke varaktiga varor,2005K4,111636
1132 övriga icke varaktiga varor,2006K1,101626
1132 övriga icke varaktiga varor,2006K2,97077
1132 övriga icke varaktiga varor,2006K3,91977
1132 övriga icke varaktiga varor,2006K4,112232
1132 övriga icke varaktiga varor,2007K1,102286
1132 övriga icke varaktiga varor,2007K2,99234
1132 övriga icke varaktiga varor,2007K3,94224
1132 övriga icke varaktiga varor,2007K4,116843
1132 övriga icke varaktiga varor,2008K1,101749
1132 övriga icke varaktiga varor,2008K2,98801
1132 övriga icke varaktiga varor,2008K3,92300
1132 övriga icke varaktiga varor,2008K4,112885
1132 övriga icke varaktiga varor,2009K1,104370
1132 övriga icke varaktiga varor,2009K2,101527
1132 övriga icke varaktiga varor,2009K3,95702
1132 övriga icke varaktiga varor,2009K4,116928
1132 övriga icke varaktiga varor,2010K1,111195
1132 övriga icke varaktiga varor,2010K2,101953
1132 övriga icke varaktiga varor,2010K3,95690
1132 övriga icke varaktiga varor,2010K4,120547
1132 övriga icke varaktiga varor,2011K1,105039
1132 övriga icke varaktiga varor,2011K2,99648
1132 övriga icke varaktiga varor,2011K3,92606
1132 övriga icke varaktiga varor,2011K4,112348
1132 övriga icke varaktiga varor,2012K1,104597
1132 övriga icke varaktiga varor,2012K2,101324
1132 övriga icke varaktiga varor,2012K3,93335
1132 övriga icke varaktiga varor,2012K4,117480
1132 övriga icke varaktiga varor,2013K1,107406
1132 övriga icke varaktiga varor,2013K2,100553
1132 övriga icke varaktiga varor,2013K3,93563
1132 övriga icke varaktiga varor,2013K4,114307
1132 övriga icke varaktiga varor,2014K1,102138
1132 övriga icke varaktiga varor,2014K2,101679
1132 övriga icke varaktiga varor,2014K3,93658
1132 övriga icke varaktiga varor,2014K4,117415
1132 övriga icke varaktiga varor,2015K1,106364
1132 övriga icke varaktiga varor,2015K2,103784
1132 övriga icke varaktiga varor,2015K3,94901
1132 övriga icke varaktiga varor,2015K4,119067
1132 övriga icke varaktiga varor,2016K1,110524
1132 övriga icke varaktiga varor,2016K2,103217
1132 övriga icke varaktiga varor,2016K3,93901
1132 övriga icke varaktiga varor,2016K4,120760
1132 övriga icke varaktiga varor,2017K1,111835
1132 övriga icke varaktiga varor,2017K2,105303
1132 övriga icke varaktiga varor,2017K3,93879
1132 övriga icke varaktiga varor,2017K4,120560
1132 övriga icke varaktiga varor,2018K1,113572
1132 övriga icke varaktiga varor,2018K2,105114
1132 övriga icke varaktiga varor,2018K3,96141
1132 övriga icke varaktiga varor,2018K4,123380
1132 övriga icke varaktiga varor,2019K1,109257
1132 övriga icke varaktiga varor,2019K2,105341
1132 övriga icke varaktiga varor,2019K3,97295
1132 övriga icke varaktiga varor,2019K4,122203
1132 övriga icke varaktiga varor,2020K1,109013
1132 övriga icke varaktiga varor,2020K2,106705
1132 övriga icke varaktiga varor,2020K3,97848
1132 övriga icke varaktiga varor,2020K4,122003
1132 övriga icke varaktiga varor,2021K1,117902
1132 övriga icke varaktiga varor,2021K2,113914
1132 övriga icke varaktiga varor,2021K3,103122
1132 övriga icke varaktiga varor,2021K4,134624
1132 övriga icke varaktiga varor,2022K1,116744
1132 övriga icke varaktiga varor,2022K2,115401
1132 övriga icke varaktiga varor,2022K3,102121
1132 övriga icke varaktiga varor,2022K4,124929
1132 övriga icke varaktiga varor,2023K1,112083
1132 övriga icke varaktiga varor,2023K2,110462
1132 övriga icke varaktiga varor,2023K3,99079
1132 övriga icke varaktiga varor,2023K4,129518
1132 övriga icke varaktiga varor,2024K1,115504
1132 övriga icke varaktiga varor,2024K2,110324
1132 övriga icke varaktiga varor,2024K3,101215
1132 övriga icke varaktiga varor,2024K4,124920
1132 övriga icke varaktiga varor,2025K1,116074
1132 övriga icke varaktiga varor,2025K2,112203
1132 övriga icke varaktiga varor,2025K3,102160
1132 övriga icke varaktiga varor,2025K4,128368
1132 övriga icke varaktiga varor,2026K1,123314
1132 övriga icke varaktiga varor,2026K2,114834
1200 tjänster,1981K1,179676
1200 tjänster,1981K2,180025
1200 tjänster,1981K3,176721
1200 tjänster,1981K4,182240
1200 tjänster,1982K1,182304
1200 tjänster,1982K2,184279
1200 tjänster,1982K3,179204
1200 tjänster,1982K4,186205
1200 tjänster,1983K1,180513
1200 tjänster,1983K2,182690
1200 tjänster,1983K3,178341
1200 tjänster,1983K4,185016
1200 tjänster,1984K1,186901
1200 tjänster,1984K2,187423
1200 tjänster,1984K3,181835
1200 tjänster,1984K4,189440
1200 tjänster,1985K1,190501
1200 tjänster,1985K2,192476
1200 tjänster,1985K3,185826
1200 tjänster,1985K4,191700
1200 tjänster,1986K1,196579
1200 tjänster,1986K2,199117
1200 tjänster,1986K3,193505
1200 tjänster,1986K4,199611
1200 tjänster,1987K1,207906
1200 tjänster,1987K2,209751
1200 tjänster,1987K3,201798
1200 tjänster,1987K4,209635
1200 tjänster,1988K1,218854
1200 tjänster,1988K2,215012
1200 tjänster,1988K3,207474
1200 tjänster,1988K4,212949
1200 tjänster,1989K1,220552
1200 tjänster,1989K2,218450
1200 tjänster,1989K3,209022
1200 tjänster,1989K4,216884
1200 tjänster,1990K1,212234
1200 tjänster,1990K2,215550
1200 tjänster,1990K3,206546
1200 tjänster,1990K4,210560
1200 tjänster,1991K1,207481
1200 tjänster,1991K2,211274
1200 tjänster,1991K3,205140
1200 tjänster,1991K4,209570
1200 tjänster,1992K1,203852
1200 tjänster,1992K2,214654
1200 tjänster,1992K3,206328
1200 tjänster,1992K4,212180
1200 tjänster,1993K1,206612
1200 tjänster,1993K2,217223
1200 tjänster,1993K3,214667
1200 tjänster,1993K4,218868
1200 tjänster,1994K1,213619
1200 tjänster,1994K2,221165
1200 tjänster,1994K3,218734
1200 tjänster,1994K4,221796
1200 tjänster,1995K1,214397
1200 tjänster,1995K2,226378
1200 tjänster,1995K3,224236
1200 tjänster,1995K4,223738
1200 tjänster,1996K1,218150
1200 tjänster,1996K2,231437
1200 tjänster,1996K3,229357
1200 tjänster,1996K4,227637
1200 tjänster,1997K1,224607
1200 tjänster,1997K2,237868
1200 tjänster,1997K3,233855
1200 tjänster,1997K4,234687
1200 tjänster,1998K1,229565
1200 tjänster,1998K2,245772
1200 tjänster,1998K3,242113
1200 tjänster,1998K4,243535
1200 tjänster,1999K1,235824
1200 tjänster,1999K2,252834
1200 tjänster,1999K3,249676
1200 tjänster,1999K4,253521
1200 tjänster,2000K1,250086
1200 tjänster,2000K2,263491
1200 tjänster,2000K3,258124
1200 tjänster,2000K4,266944
1200 tjänster,2001K1,257446
1200 tjänster,2001K2,269310
1200 tjänster,2001K3,263059
1200 tjänster,2001K4,264914
1200 tjänster,2002K1,259298
1200 tjänster,2002K2,272535
1200 tjänster,2002K3,265503
1200 tjänster,2002K4,266889
1200 tjänster,2003K1,260115
1200 tjänster,2003K2,271947
1200 tjänster,2003K3,267565
1200 tjänster,2003K4,270795
1200 tjänster,2004K1,266283
1200 tjänster,2004K2,277523
1200 tjänster,2004K3,271364
1200 tjänster,2004K4,275807
1200 tjänster,2005K1,268245
1200 tjänster,2005K2,285052
1200 tjänster,2005K3,282696
1200 tjänster,2005K4,281699
1200 tjänster,2006K1,277387
1200 tjänster,2006K2,291489
1200 tjänster,2006K3,287455
1200 tjänster,2006K4,292360
1200 tjänster,2007K1,290404
1200 tjänster,2007K2,304308
1200 tjänster,2007K3,301441
1200 tjänster,2007K4,298612
1200 tjänster,2008K1,297896
1200 tjänster,2008K2,310773
1200 tjänster,2008K3,302141
1200 tjänster,2008K4,297578
1200 tjänster,2009K1,297568
1200 tjänster,2009K2,314135
1200 tjänster,2009K3,305350
1200 tjänster,2009K4,300781
1200 tjänster,2010K1,301418
1200 tjänster,2010K2,322494
1200 tjänster,2010K3,313692
1200 tjänster,2010K4,305904
1200 tjänster,2011K1,312609
1200 tjänster,2011K2,332679
1200 tjänster,2011K3,322784
1200 tjänster,2011K4,318615
1200 tjänster,2012K1,315388
1200 tjänster,2012K2,333660
1200 tjänster,2012K3,324440
1200 tjänster,2012K4,318421
1200 tjänster,2013K1,319538
1200 tjänster,2013K2,340613
1200 tjänster,2013K3,331496
1200 tjänster,2013K4,328504
1200 tjänster,2014K1,332593
1200 tjänster,2014K2,348739
1200 tjänster,2014K3,339282
1200 tjänster,2014K4,336894
1200 tjänster,2015K1,343415
1200 tjänster,2015K2,358975
1200 tjänster,2015K3,349937
1200 tjänster,2015K4,347671
1200 tjänster,2016K1,350366
1200 tjänster,2016K2,368767
1200 tjänster,2016K3,360710
1200 tjänster,2016K4,358228
1200 tjänster,2017K1,365667
1200 tjänster,2017K2,372939
1200 tjänster,2017K3,365466
1200 tjänster,2017K4,364465
1200 tjänster,2018K1,367264
1200 tjänster,2018K2,384704
1200 tjänster,2018K3,377052
1200 tjänster,2018K4,370770
1200 tjänster,2019K1,376268
1200 tjänster,2019K2,389110
1200 tjänster,2019K3,381885
1200 tjänster,2019K4,375507
1200 tjänster,2020K1,388600
1200 tjänster,2020K2,343163
1200 tjänster,2020K3,359058
1200 tjänster,2020K4,346630
1200 tjänster,2021K1,342363
1200 tjänster,2021K2,366647
1200 tjänster,2021K3,383737
1200 tjänster,2021K4,377778
1200 tjänster,2022K1,377410
1200 tjänster,2022K2,404860
1200 tjänster,2022K3,397328
1200 tjänster,2022K4,393864
1200 tjänster,2023K1,384451
1200 tjänster,2023K2,404430
1200 tjänster,2023K3,404772
1200 tjänster,2023K4,391338
1200 tjänster,2024K1,391928
1200 tjänster,2024K2,413331
1200 tjänster,2024K3,409534
1200 tjänster,2024K4,404195
1200 tjänster,2025K1,394861
1200 tjänster,2025K2,414752
1200 tjänster,2025K3,413145
1200 tjänster,2025K4,405460
1200 tjänster,2026K1,395213
1200 tjänster,2026K2,420005
1210 bostad,1981K1,85697
1210 bostad,1981K2,85989
1210 bostad,1981K3,85840
1210 bostad,1981K4,86482
1210 bostad,1982K1,86386
1210 bostad,1982K2,86623
1210 bostad,1982K3,86415
1210 bostad,1982K4,87029
1210 bostad,1983K1,87036
1210 bostad,1983K2,87322
1210 bostad,1983K3,87103
1210 bostad,1983K4,87750
1210 bostad,1984K1,88364
1210 bostad,1984K2,88559
1210 bostad,1984K3,88327
1210 bostad,1984K4,88955
1210 bostad,1985K1,89851
1210 bostad,1985K2,90046
1210 bostad,1985K3,89799
1210 bostad,1985K4,90246
1210 bostad,1986K1,90791
1210 bostad,1986K2,90953
1210 bostad,1986K3,90472
1210 bostad,1986K4,91362
1210 bostad,1987K1,91659
1210 bostad,1987K2,91856
1210 bostad,1987K3,91637
1210 bostad,1987K4,92184
1210 bostad,1988K1,92139
1210 bostad,1988K2,92402
1210 bostad,1988K3,92195
1210 bostad,1988K4,92906
1210 bostad,1989K1,92707
1210 bostad,1989K2,93051
1210 bostad,1989K3,92925
1210 bostad,1989K4,93705
1210 bostad,1990K1,94593
1210 bostad,1990K2,94996
1210 bostad,1990K3,94826
1210 bostad,1990K4,95649
1210 bostad,1991K1,95885
1210 bostad,1991K2,96326
1210 bostad,1991K3,96198
1210 bostad,1991K4,97084
1210 bostad,1992K1,97218
1210 bostad,1992K2,97711
1210 bostad,1992K3,97514
1210 bostad,1992K4,98387
1210 bostad,1993K1,101382
1210 bostad,1993K2,107210
1210 bostad,1993K3,108019
1210 bostad,1993K4,101384
1210 bostad,1994K1,101544
1210 bostad,1994K2,106496
1210 bostad,1994K3,108085
1210 bostad,1994K4,102670
1210 bostad,1995K1,101577
1210 bostad,1995K2,107459
1210 bostad,1995K3,109695
1210 bostad,1995K4,102194
1210 bostad,1996K1,100062
1210 bostad,1996K2,108131
1210 bostad,1996K3,110028
1210 bostad,1996K4,103667
1210 bostad,1997K1,102573
1210 bostad,1997K2,108131
1210 bostad,1997K3,111266
1210 bostad,1997K4,103757
1210 bostad,1998K1,103162
1210 bostad,1998K2,108762
1210 bostad,1998K3,110654
1210 bostad,1998K4,103496
1210 bostad,1999K1,102245
1210 bostad,1999K2,109117
1210 bostad,1999K3,111428
1210 bostad,1999K4,105577
1210 bostad,2000K1,104061
1210 bostad,2000K2,110964
1210 bostad,2000K3,112316
1210 bostad,2000K4,106905
1210 bostad,2001K1,104554
1210 bostad,2001K2,111668
1210 bostad,2001K3,113561
1210 bostad,2001K4,106589
1210 bostad,2002K1,106616
1210 bostad,2002K2,113069
1210 bostad,2002K3,114686
1210 bostad,2002K4,106151
1210 bostad,2003K1,106533
1210 bostad,2003K2,113697
1210 bostad,2003K3,115778
1210 bostad,2003K4,108701
1210 bostad,2004K1,107587
1210 bostad,2004K2,114724
1210 bostad,2004K3,116524
1210 bostad,2004K4,109749
1210 bostad,2005K1,109359
1210 bostad,2005K2,116132
1210 bostad,2005K3,118299
1210 bostad,2005K4,111935
1210 bostad,2006K1,109531
1210 bostad,2006K2,117473
1210 bostad,2006K3,119947
1210 bostad,2006K4,114415
1210 bostad,2007K1,113037
1210 bostad,2007K2,119650
1210 bostad,2007K3,120871
1210 bostad,2007K4,114626
1210 bostad,2008K1,115178
1210 bostad,2008K2,121157
1210 bostad,2008K3,122741
1210 bostad,2008K4,116347
1210 bostad,2009K1,115764
1210 bostad,2009K2,122592
1210 bostad,2009K3,123968
1210 bostad,2009K4,116580
1210 bostad,2010K1,114906
1210 bostad,2010K2,123112
1210 bostad,2010K3,124947
1210 bostad,2010K4,116173
1210 bostad,2011K1,117952
1210 bostad,2011K2,124807
1210 bostad,2011K3,126138
1210 bostad,2011K4,120634
1210 bostad,2012K1,119396
1210 bostad,2012K2,124803
1210 bostad,2012K3,126642
1210 bostad,2012K4,119755
1210 bostad,2013K1,118908
1210 bostad,2013K2,126322
1210 bostad,2013K3,127899
1210 bostad,2013K4,122816
1210 bostad,2014K1,122717
1210 bostad,2014K2,128023
1210 bostad,2014K3,129891
1210 bostad,2014K4,124662
1210 bostad,2015K1,123730
1210 bostad,2015K2,128650
1210 bostad,2015K3,131235
1210 bostad,2015K4,126783
1210 bostad,2016K1,124258
1210 bostad,2016K2,131521
1210 bostad,2016K3,134068
1210 bostad,2016K4,128519
1210 bostad,2017K1,127829
1210 bostad,2017K2,132843
1210 bostad,2017K3,135581
1210 bostad,2017K4,132469
1210 bostad,2018K1,129272
1210 bostad,2018K2,137674
1210 bostad,2018K3,140077
1210 bostad,2018K4,134502
1210 bostad,2019K1,132620
1210 bostad,2019K2,139092
1210 bostad,2019K3,141507
1210 bostad,2019K4,136857
1210 bostad,2020K1,136348
1210 bostad,2020K2,140922
1210 bostad,2020K3,143889
1210 bostad,2020K4,140495
1210 bostad,2021K1,134106
1210 bostad,2021K2,140845
1210 bostad,2021K3,143722
1210 bostad,2021K4,137888
1210 bostad,2022K1,138287
1210 bostad,2022K2,144084
1210 bostad,2022K3,147063
1210 bostad,2022K4,142895
1210 bostad,2023K1,138172
1210 bostad,2023K2,145045
1210 bostad,2023K3,147924
1210 bostad,2023K4,140001
1210 bostad,2024K1,138591
1210 bostad,2024K2,146662
1210 bostad,2024K3,149430
1210 bostad,2024K4,144297
1210 bostad,2025K1,141606
1210 bostad,2025K2,148360
1210 bostad,2025K3,150718
1210 bostad,2025K4,146024
1210 bostad,2026K1,139822
1210 bostad,2026K2,149387
1220 övriga tjänster,1981K1,92792
1220 övriga tjänster,1981K2,92868
1220 övriga tjänster,1981K3,89975
1220 övriga tjänster,1981K4,94482
1220 övriga tjänster,1982K1,94627
1220 övriga tjänster,1982K2,96239
1220 övriga tjänster,1982K3,91759
1220 övriga tjänster,1982K4,97665
1220 övriga tjänster,1983K1,92374
1220 övriga tjänster,1983K2,94160
1220 övriga tjänster,1983K3,90282
1220 övriga tjänster,1983K4,95961
1220 övriga tjänster,1984K1,97168
1220 övriga tjänster,1984K2,97484
1220 övriga tjänster,1984K3,92486
1220 övriga tjänster,1984K4,99018
1220 övriga tjänster,1985K1,99230
1220 övriga tjänster,1985K2,100901
1220 övriga tjänster,1985K3,94915
1220 övriga tjänster,1985K4,100002
1220 övriga tjänster,1986K1,104099
1220 övriga tjänster,1986K2,106335
1220 övriga tjänster,1986K3,101499
1220 övriga tjänster,1986K4,106439
1220 övriga tjänster,1987K1,113927
1220 övriga tjänster,1987K2,115479
1220 övriga tjänster,1987K3,108237
1220 övriga tjänster,1987K4,115083
1220 övriga tjänster,1988K1,123802
1220 övriga tjänster,1988K2,119955
1220 övriga tjänster,1988K3,113050
1220 övriga tjänster,1988K4,117565
1220 övriga tjänster,1989K1,124886
1220 övriga tjänster,1989K2,122605
1220 övriga tjänster,1989K3,113863
1220 övriga tjänster,1989K4,120555
1220 övriga tjänster,1990K1,115418
1220 övriga tjänster,1990K2,118168
1220 övriga tjänster,1990K3,109883
1220 övriga tjänster,1990K4,112918
1220 övriga tjänster,1991K1,109838
1220 övriga tjänster,1991K2,112995
1220 övriga tjänster,1991K3,107374
1220 övriga tjänster,1991K4,110738
1220 övriga tjänster,1992K1,104969
1220 övriga tjänster,1992K2,115105
1220 övriga tjänster,1992K3,107113
1220 övriga tjänster,1992K4,112008
1220 övriga tjänster,1993K1,104440
1220 övriga tjänster,1993K2,109158
1220 övriga tjänster,1993K3,105727
1220 övriga tjänster,1993K4,116872
1220 övriga tjänster,1994K1,111380
1220 övriga tjänster,1994K2,113898
1220 övriga tjänster,1994K3,109784
1220 övriga tjänster,1994K4,118507
1220 övriga tjänster,1995K1,112149
1220 övriga tjänster,1995K2,118200
1220 övriga tjänster,1995K3,113661
1220 övriga tjänster,1995K4,121040
1220 övriga tjänster,1996K1,117520
1220 övriga tjänster,1996K2,122635
1220 övriga tjänster,1996K3,118566
1220 övriga tjänster,1996K4,123400
1220 övriga tjänster,1997K1,121504
1220 övriga tjänster,1997K2,129204
1220 övriga tjänster,1997K3,121790
1220 övriga tjänster,1997K4,130569
1220 övriga tjänster,1998K1,125992
1220 övriga tjänster,1998K2,136698
1220 övriga tjänster,1998K3,130885
1220 övriga tjänster,1998K4,140054
1220 övriga tjänster,1999K1,133396
1220 övriga tjänster,1999K2,143549
1220 övriga tjänster,1999K3,137873
1220 övriga tjänster,1999K4,147997
1220 övriga tjänster,2000K1,145915
1220 övriga tjänster,2000K2,152392
1220 övriga tjänster,2000K3,145620
1220 övriga tjänster,2000K4,159987
1220 övriga tjänster,2001K1,152767
1220 övriga tjänster,2001K2,157515
1220 övriga tjänster,2001K3,149380
1220 övriga tjänster,2001K4,158195
1220 övriga tjänster,2002K1,152547
1220 övriga tjänster,2002K2,159343
1220 övriga tjänster,2002K3,150783
1220 övriga tjänster,2002K4,160529
1220 övriga tjänster,2003K1,153459
1220 övriga tjänster,2003K2,158123
1220 övriga tjänster,2003K3,151664
1220 övriga tjänster,2003K4,161964
1220 övriga tjänster,2004K1,158569
1220 övriga tjänster,2004K2,162668
1220 övriga tjänster,2004K3,154715
1220 övriga tjänster,2004K4,165925
1220 övriga tjänster,2005K1,158756
1220 övriga tjänster,2005K2,168782
1220 övriga tjänster,2005K3,164270
1220 övriga tjänster,2005K4,169617
1220 övriga tjänster,2006K1,167741
1220 övriga tjänster,2006K2,173883
1220 övriga tjänster,2006K3,167353
1220 övriga tjänster,2006K4,177830
1220 övriga tjänster,2007K1,177197
1220 övriga tjänster,2007K2,184494
1220 övriga tjänster,2007K3,180432
1220 övriga tjänster,2007K4,183796
1220 övriga tjänster,2008K1,182544
1220 övriga tjänster,2008K2,189440
1220 övriga tjänster,2008K3,179256
1220 övriga tjänster,2008K4,181065
1220 övriga tjänster,2009K1,181619
1220 övriga tjänster,2009K2,191354
1220 övriga tjänster,2009K3,181281
1220 övriga tjänster,2009K4,184007
1220 övriga tjänster,2010K1,186348
1220 övriga tjänster,2010K2,199206
1220 övriga tjänster,2010K3,188572
1220 övriga tjänster,2010K4,189563
1220 övriga tjänster,2011K1,194480
1220 övriga tjänster,2011K2,207681
1220 övriga tjänster,2011K3,196474
1220 övriga tjänster,2011K4,197800
1220 övriga tjänster,2012K1,195823
1220 övriga tjänster,2012K2,208696
1220 övriga tjänster,2012K3,197578
1220 övriga tjänster,2012K4,198503
1220 övriga tjänster,2013K1,200437
1220 övriga tjänster,2013K2,214083
1220 övriga tjänster,2013K3,203428
1220 övriga tjänster,2013K4,205492
1220 övriga tjänster,2014K1,209673
1220 övriga tjänster,2014K2,220502
1220 övriga tjänster,2014K3,209203
1220 övriga tjänster,2014K4,212031
1220 övriga tjänster,2015K1,219555
1220 övriga tjänster,2015K2,230202
1220 övriga tjänster,2015K3,218477
1220 övriga tjänster,2015K4,220729
1220 övriga tjänster,2016K1,226033
1220 övriga tjänster,2016K2,237149
1220 övriga tjänster,2016K3,226416
1220 övriga tjänster,2016K4,229597
1220 övriga tjänster,2017K1,237848
1220 övriga tjänster,2017K2,240019
1220 övriga tjänster,2017K3,229621
1220 övriga tjänster,2017K4,231828
1220 övriga tjänster,2018K1,237957
1220 övriga tjänster,2018K2,246925
1220 övriga tjänster,2018K3,236714
1220 övriga tjänster,2018K4,236112
1220 övriga tjänster,2019K1,243623
1220 övriga tjänster,2019K2,249923
1220 övriga tjänster,2019K3,240110
1220 övriga tjänster,2019K4,238463
1220 övriga tjänster,2020K1,252269
1220 övriga tjänster,2020K2,201426
1220 övriga tjänster,2020K3,214459
1220 övriga tjänster,2020K4,205385
1220 övriga tjänster,2021K1,207695
1220 övriga tjänster,2021K2,225394
1220 övriga tjänster,2021K3,239845
1220 övriga tjänster,2021K4,239975
1220 övriga tjänster,2022K1,239106
1220 övriga tjänster,2022K2,260995
1220 övriga tjänster,2022K3,250165
1220 övriga tjänster,2022K4,251031
1220 övriga tjänster,2023K1,246294
1220 övriga tjänster,2023K2,259396
1220 övriga tjänster,2023K3,256901
1220 övriga tjänster,2023K4,251341
1220 övriga tjänster,2024K1,253284
1220 övriga tjänster,2024K2,266627
1220 övriga tjänster,2024K3,260178
1220 övriga tjänster,2024K4,259881
1220 övriga tjänster,2025K1,253255
1220 övriga tjänster,2025K2,266392
1220 övriga tjänster,2025K3,262427
1220 övriga tjänster,2025K4,259436
1220 övriga tjänster,2026K1,255391
1220 övriga tjänster,2026K2,270618
summa varaktighetsfördelat,1981K1,307253
summa varaktighetsfördelat,1981K2,314565
summa varaktighetsfördelat,1981K3,292537
summa varaktighetsfördelat,1981K4,330320
summa varaktighetsfördelat,1982K1,312348
summa varaktighetsfördelat,1982K2,318250
summa varaktighetsfördelat,1982K3,296172
summa varaktighetsfördelat,1982K4,338734
summa varaktighetsfördelat,1983K1,305027
summa varaktighetsfördelat,1983K2,309802
summa varaktighetsfördelat,1983K3,293509
summa varaktighetsfördelat,1983K4,330558
summa varaktighetsfördelat,1984K1,314042
summa varaktighetsfördelat,1984K2,317665
summa varaktighetsfördelat,1984K3,296618
summa varaktighetsfördelat,1984K4,332283
summa varaktighetsfördelat,1985K1,323347
summa varaktighetsfördelat,1985K2,328090
summa varaktighetsfördelat,1985K3,303306
summa varaktighetsfördelat,1985K4,339862
summa varaktighetsfördelat,1986K1,331328
summa varaktighetsfördelat,1986K2,341670
summa varaktighetsfördelat,1986K3,323067
summa varaktighetsfördelat,1986K4,362658
summa varaktighetsfördelat,1987K1,350921
summa varaktighetsfördelat,1987K2,366638
summa varaktighetsfördelat,1987K3,334645
summa varaktighetsfördelat,1987K4,379180
summa varaktighetsfördelat,1988K1,371620
summa varaktighetsfördelat,1988K2,371575
summa varaktighetsfördelat,1988K3,345037
summa varaktighetsfördelat,1988K4,383709
summa varaktighetsfördelat,1989K1,370157
summa varaktighetsfördelat,1989K2,378737
summa varaktighetsfördelat,1989K3,347712
summa varaktighetsfördelat,1989K4,388976
summa varaktighetsfördelat,1990K1,366892
summa varaktighetsfördelat,1990K2,375958
summa varaktighetsfördelat,1990K3,343463
summa varaktighetsfördelat,1990K4,373427
summa varaktighetsfördelat,1991K1,361341
summa varaktighetsfördelat,1991K2,372481
summa varaktighetsfördelat,1991K3,344396
summa varaktighetsfördelat,1991K4,379486
summa varaktighetsfördelat,1992K1,355250
summa varaktighetsfördelat,1992K2,365935
summa varaktighetsfördelat,1992K3,339445
summa varaktighetsfördelat,1992K4,371159
summa varaktighetsfördelat,1993K1,342346
summa varaktighetsfördelat,1993K2,359403
summa varaktighetsfördelat,1993K3,353811
summa varaktighetsfördelat,1993K4,389143
summa varaktighetsfördelat,1994K1,354678
summa varaktighetsfördelat,1994K2,364733
summa varaktighetsfördelat,1994K3,359223
summa varaktighetsfördelat,1994K4,393272
summa varaktighetsfördelat,1995K1,358480
summa varaktighetsfördelat,1995K2,373646
summa varaktighetsfördelat,1995K3,366494
summa varaktighetsfördelat,1995K4,396504
summa varaktighetsfördelat,1996K1,364227
summa varaktighetsfördelat,1996K2,379082
summa varaktighetsfördelat,1996K3,373950
summa varaktighetsfördelat,1996K4,403301
summa varaktighetsfördelat,1997K1,374148
summa varaktighetsfördelat,1997K2,397633
summa varaktighetsfördelat,1997K3,380915
summa varaktighetsfördelat,1997K4,417297
summa varaktighetsfördelat,1998K1,383013
summa varaktighetsfördelat,1998K2,407670
summa varaktighetsfördelat,1998K3,397407
summa varaktighetsfördelat,1998K4,435413
summa varaktighetsfördelat,1999K1,400808
summa varaktighetsfördelat,1999K2,423996
summa varaktighetsfördelat,1999K3,412537
summa varaktighetsfördelat,1999K4,462247
summa varaktighetsfördelat,2000K1,425704
summa varaktighetsfördelat,2000K2,449261
summa varaktighetsfördelat,2000K3,435926
summa varaktighetsfördelat,2000K4,472354
summa varaktighetsfördelat,2001K1,436690
summa varaktighetsfördelat,2001K2,455866
summa varaktighetsfördelat,2001K3,444761
summa varaktighetsfördelat,2001K4,476071
summa varaktighetsfördelat,2002K1,444079
summa varaktighetsfördelat,2002K2,467417
summa varaktighetsfördelat,2002K3,456904
summa varaktighetsfördelat,2002K4,491413
summa varaktighetsfördelat,2003K1,451000
summa varaktighetsfördelat,2003K2,474412
summa varaktighetsfördelat,2003K3,466773
summa varaktighetsfördelat,2003K4,500695
summa varaktighetsfördelat,2004K1,465419
summa varaktighetsfördelat,2004K2,486222
summa varaktighetsfördelat,2004K3,479072
summa varaktighetsfördelat,2004K4,514447
summa varaktighetsfördelat,2005K1,473015
summa varaktighetsfördelat,2005K2,505420
summa varaktighetsfördelat,2005K3,501918
summa varaktighetsfördelat,2005K4,533929
summa varaktighetsfördelat,2006K1,490560
summa varaktighetsfördelat,2006K2,523827
summa varaktighetsfördelat,2006K3,514556
summa varaktighetsfördelat,2006K4,553935
summa varaktighetsfördelat,2007K1,514988
summa varaktighetsfördelat,2007K2,548383
summa varaktighetsfördelat,2007K3,540997
summa varaktighetsfördelat,2007K4,572759
summa varaktighetsfördelat,2008K1,525553
summa varaktighetsfördelat,2008K2,557898
summa varaktighetsfördelat,2008K3,535085
summa varaktighetsfördelat,2008K4,555896
summa varaktighetsfördelat,2009K1,520498
summa varaktighetsfördelat,2009K2,561926
summa varaktighetsfördelat,2009K3,545160
summa varaktighetsfördelat,2009K4,571629
summa varaktighetsfördelat,2010K1,539189
summa varaktighetsfördelat,2010K2,578570
summa varaktighetsfördelat,2010K3,563858
summa varaktighetsfördelat,2010K4,589626
summa varaktighetsfördelat,2011K1,551752
summa varaktighetsfördelat,2011K2,593385
summa varaktighetsfördelat,2011K3,570026
summa varaktighetsfördelat,2011K4,597316
summa varaktighetsfördelat,2012K1,559863
summa varaktighetsfördelat,2012K2,597120
summa varaktighetsfördelat,2012K3,576200
summa varaktighetsfördelat,2012K4,604722
summa varaktighetsfördelat,2013K1,565724
summa varaktighetsfördelat,2013K2,605684
summa varaktighetsfördelat,2013K3,587183
summa varaktighetsfördelat,2013K4,618858
summa varaktighetsfördelat,2014K1,580737
summa varaktighetsfördelat,2014K2,627438
summa varaktighetsfördelat,2014K3,603524
summa varaktighetsfördelat,2014K4,641051
summa varaktighetsfördelat,2015K1,607567
summa varaktighetsfördelat,2015K2,653262
summa varaktighetsfördelat,2015K3,628558
summa varaktighetsfördelat,2015K4,668032
summa varaktighetsfördelat,2016K1,624696
summa varaktighetsfördelat,2016K2,669076
summa varaktighetsfördelat,2016K3,640509
summa varaktighetsfördelat,2016K4,683924
summa varaktighetsfördelat,2017K1,649568
summa varaktighetsfördelat,2017K2,681542
summa varaktighetsfördelat,2017K3,651242
summa varaktighetsfördelat,2017K4,695062
summa varaktighetsfördelat,2018K1,657097
summa varaktighetsfördelat,2018K2,704672
summa varaktighetsfördelat,2018K3,669624
summa varaktighetsfördelat,2018K4,707266
summa varaktighetsfördelat,2019K1,660071
summa varaktighetsfördelat,2019K2,705035
summa varaktighetsfördelat,2019K3,682360
summa varaktighetsfördelat,2019K4,718205
summa varaktighetsfördelat,2020K1,681188
summa varaktighetsfördelat,2020K2,658535
summa varaktighetsfördelat,2020K3,666415
summa varaktighetsfördelat,2020K4,697562
summa varaktighetsfördelat,2021K1,664126
summa varaktighetsfördelat,2021K2,719250
summa varaktighetsfördelat,2021K3,711589
summa varaktighetsfördelat,2021K4,757038
summa varaktighetsfördelat,2022K1,700955
summa varaktighetsfördelat,2022K2,760240
summa varaktighetsfördelat,2022K3,716803
summa varaktighetsfördelat,2022K4,749921
summa varaktighetsfördelat,2023K1,682260
summa varaktighetsfördelat,2023K2,737168
summa varaktighetsfördelat,2023K3,709660
summa varaktighetsfördelat,2023K4,747689
summa varaktighetsfördelat,2024K1,694373
summa varaktighetsfördelat,2024K2,744375
summa varaktighetsfördelat,2024K3,718477
summa varaktighetsfördelat,2024K4,757247
summa varaktighetsfördelat,2025K1,702873
summa varaktighetsfördelat,2025K2,757779
summa varaktighetsfördelat,2025K3,736662
summa varaktighetsfördelat,2025K4,772611
summa varaktighetsfördelat,2026K1,720844
summa varaktighetsfördelat,2026K2,783839
hushållens konsumtion i utlandet,1981K1,6986
hushållens konsumtion i utlandet,1981K2,8438
hushållens konsumtion i utlandet,1981K3,10521
hushållens konsumtion i utlandet,1981K4,6702
hushållens konsumtion i utlandet,1982K1,6896
hushållens konsumtion i utlandet,1982K2,8832
hushållens konsumtion i utlandet,1982K3,10761
hushållens konsumtion i utlandet,1982K4,5839
hushållens konsumtion i utlandet,1983K1,6263
hushållens konsumtion i utlandet,1983K2,7627
hushållens konsumtion i utlandet,1983K3,8670
hushållens konsumtion i utlandet,1983K4,5784
hushållens konsumtion i utlandet,1984K1,6424
hushållens konsumtion i utlandet,1984K2,8299
hushållens konsumtion i utlandet,1984K3,10093
hushållens konsumtion i utlandet,1984K4,6075
hushållens konsumtion i utlandet,1985K1,7193
hushållens konsumtion i utlandet,1985K2,8681
hushållens konsumtion i utlandet,1985K3,10533
hushållens konsumtion i utlandet,1985K4,7351
hushållens konsumtion i utlandet,1986K1,8231
hushållens konsumtion i utlandet,1986K2,10091
hushållens konsumtion i utlandet,1986K3,12822
hushållens konsumtion i utlandet,1986K4,7452
hushållens konsumtion i utlandet,1987K1,9455
hushållens konsumtion i utlandet,1987K2,11122
hushållens konsumtion i utlandet,1987K3,13167
hushållens konsumtion i utlandet,1987K4,9562
hushållens konsumtion i utlandet,1988K1,10724
hushållens konsumtion i utlandet,1988K2,13118
hushållens konsumtion i utlandet,1988K3,15468
hushållens konsumtion i utlandet,1988K4,10140
hushållens konsumtion i utlandet,1989K1,11672
hushållens konsumtion i utlandet,1989K2,13458
hushållens konsumtion i utlandet,1989K3,15503
hushållens konsumtion i utlandet,1989K4,12351
hushållens konsumtion i utlandet,1990K1,11704
hushållens konsumtion i utlandet,1990K2,14464
hushållens konsumtion i utlandet,1990K3,16515
hushållens konsumtion i utlandet,1990K4,10253
hushållens konsumtion i utlandet,1991K1,10938
hushållens konsumtion i utlandet,1991K2,12978
hushållens konsumtion i utlandet,1991K3,16029
hushållens konsumtion i utlandet,1991K4,12673
hushållens konsumtion i utlandet,1992K1,12069
hushållens konsumtion i utlandet,1992K2,14375
hushållens konsumtion i utlandet,1992K3,19264
hushållens konsumtion i utlandet,1992K4,9842
hushållens konsumtion i utlandet,1993K1,9431
hushållens konsumtion i utlandet,1993K2,10896
hushållens konsumtion i utlandet,1993K3,12403
hushållens konsumtion i utlandet,1993K4,9279
hushållens konsumtion i utlandet,1994K1,9147
hushållens konsumtion i utlandet,1994K2,11072
hushållens konsumtion i utlandet,1994K3,13044
hushållens konsumtion i utlandet,1994K4,9759
hushållens konsumtion i utlandet,1995K1,8870
hushållens konsumtion i utlandet,1995K2,10399
hushållens konsumtion i utlandet,1995K3,12244
hushållens konsumtion i utlandet,1995K4,10001
hushållens konsumtion i utlandet,1996K1,10127
hushållens konsumtion i utlandet,1996K2,12385
hushållens konsumtion i utlandet,1996K3,15004
hushållens konsumtion i utlandet,1996K4,12738
hushållens konsumtion i utlandet,1997K1,11996
hushållens konsumtion i utlandet,1997K2,14287
hushållens konsumtion i utlandet,1997K3,17106
hushållens konsumtion i utlandet,1997K4,14725
hushållens konsumtion i utlandet,1998K1,14696
hushållens konsumtion i utlandet,1998K2,16709
hushållens konsumtion i utlandet,1998K3,18447
hushållens konsumtion i utlandet,1998K4,15433
hushållens konsumtion i utlandet,1999K1,14992
hushållens konsumtion i utlandet,1999K2,16303
hushållens konsumtion i utlandet,1999K3,19120
hushållens konsumtion i utlandet,1999K4,16695
hushållens konsumtion i utlandet,2000K1,19200
hushållens konsumtion i utlandet,2000K2,21798
hushållens konsumtion i utlandet,2000K3,23443
hushållens konsumtion i utlandet,2000K4,19484
hushållens konsumtion i utlandet,2001K1,18276
hushållens konsumtion i utlandet,2001K2,18934
hushållens konsumtion i utlandet,2001K3,19689
hushållens konsumtion i utlandet,2001K4,15794
hushållens konsumtion i utlandet,2002K1,17315
hushållens konsumtion i utlandet,2002K2,18271
hushållens konsumtion i utlandet,2002K3,18984
hushållens konsumtion i utlandet,2002K4,16669
hushållens konsumtion i utlandet,2003K1,15129
hushållens konsumtion i utlandet,2003K2,16725
hushållens konsumtion i utlandet,2003K3,19463
hushållens konsumtion i utlandet,2003K4,17410
hushållens konsumtion i utlandet,2004K1,17828
hushållens konsumtion i utlandet,2004K2,19807
hushållens konsumtion i utlandet,2004K3,20389
hushållens konsumtion i utlandet,2004K4,19077
hushållens konsumtion i utlandet,2005K1,18024
hushållens konsumtion i utlandet,2005K2,20324
hushållens konsumtion i utlandet,2005K3,21489
hushållens konsumtion i utlandet,2005K4,19043
hushållens konsumtion i utlandet,2006K1,17233
hushållens konsumtion i utlandet,2006K2,19768
hushållens konsumtion i utlandet,2006K3,20609
hushållens konsumtion i utlandet,2006K4,19259
hushållens konsumtion i utlandet,2007K1,18982
hushållens konsumtion i utlandet,2007K2,21154
hushållens konsumtion i utlandet,2007K3,22288
hushållens konsumtion i utlandet,2007K4,20802
hushållens konsumtion i utlandet,2008K1,21242
hushållens konsumtion i utlandet,2008K2,21955
hushållens konsumtion i utlandet,2008K3,23202
hushållens konsumtion i utlandet,2008K4,17991
hushållens konsumtion i utlandet,2009K1,17079
hushållens konsumtion i utlandet,2009K2,18604
hushållens konsumtion i utlandet,2009K3,21244
hushållens konsumtion i utlandet,2009K4,18598
hushållens konsumtion i utlandet,2010K1,19999
hushållens konsumtion i utlandet,2010K2,22160
hushållens konsumtion i utlandet,2010K3,25192
hushållens konsumtion i utlandet,2010K4,21886
hushållens konsumtion i utlandet,2011K1,22733
hushållens konsumtion i utlandet,2011K2,25584
hushållens konsumtion i utlandet,2011K3,27324
hushållens konsumtion i utlandet,2011K4,22981
hushållens konsumtion i utlandet,2012K1,25666
hushållens konsumtion i utlandet,2012K2,26358
hushållens konsumtion i utlandet,2012K3,30115
hushållens konsumtion i utlandet,2012K4,25957
hushållens konsumtion i utlandet,2013K1,27469
hushållens konsumtion i utlandet,2013K2,29564
hushållens konsumtion i utlandet,2013K3,33434
hushållens konsumtion i utlandet,2013K4,28434
hushållens konsumtion i utlandet,2014K1,26329
hushållens konsumtion i utlandet,2014K2,28536
hushållens konsumtion i utlandet,2014K3,31265
hushållens konsumtion i utlandet,2014K4,26671
hushållens konsumtion i utlandet,2015K1,26948
hushållens konsumtion i utlandet,2015K2,29067
hushållens konsumtion i utlandet,2015K3,33919
hushållens konsumtion i utlandet,2015K4,29316
hushållens konsumtion i utlandet,2016K1,29706
hushållens konsumtion i utlandet,2016K2,29069
hushållens konsumtion i utlandet,2016K3,36461
hushållens konsumtion i utlandet,2016K4,29636
hushållens konsumtion i utlandet,2017K1,30103
hushållens konsumtion i utlandet,2017K2,32408
hushållens konsumtion i utlandet,2017K3,38164
hushållens konsumtion i utlandet,2017K4,30550
hushållens konsumtion i utlandet,2018K1,32748
hushållens konsumtion i utlandet,2018K2,32762
hushållens konsumtion i utlandet,2018K3,36812
hushållens konsumtion i utlandet,2018K4,31734
hushållens konsumtion i utlandet,2019K1,28573
hushållens konsumtion i utlandet,2019K2,31742
hushållens konsumtion i utlandet,2019K3,37372
hushållens konsumtion i utlandet,2019K4,30110
hushållens konsumtion i utlandet,2020K1,18396
hushållens konsumtion i utlandet,2020K2,8719
hushållens konsumtion i utlandet,2020K3,13621
hushållens konsumtion i utlandet,2020K4,13016
hushållens konsumtion i utlandet,2021K1,11775
hushållens konsumtion i utlandet,2021K2,15085
hushållens konsumtion i utlandet,2021K3,22516
hushållens konsumtion i utlandet,2021K4,21625
hushållens konsumtion i utlandet,2022K1,22740
hushållens konsumtion i utlandet,2022K2,29814
hushållens konsumtion i utlandet,2022K3,34028
hushållens konsumtion i utlandet,2022K4,27179
hushållens konsumtion i utlandet,2023K1,28015
hushållens konsumtion i utlandet,2023K2,29859
hushållens konsumtion i utlandet,2023K3,34823
hushållens konsumtion i utlandet,2023K4,26093
hushållens konsumtion i utlandet,2024K1,25199
hushållens konsumtion i utlandet,2024K2,30898
hushållens konsumtion i utlandet,2024K3,37674
hushållens konsumtion i utlandet,2024K4,28116
hushållens konsumtion i utlandet,2025K1,26576
hushållens konsumtion i utlandet,2025K2,32420
hushållens konsumtion i utlandet,2025K3,38984
hushållens konsumtion i utlandet,2025K4,30134
hushållens konsumtion i utlandet,2026K1,27732
hushållens konsumtion i utlandet,2026K2,32513
utländsk konsumtion i Sverige,1981K1,-1678
utländsk konsumtion i Sverige,1981K2,-2354
utländsk konsumtion i Sverige,1981K3,-3236
utländsk konsumtion i Sverige,1981K4,-2310
utländsk konsumtion i Sverige,1982K1,-2241
utländsk konsumtion i Sverige,1982K2,-3567
utländsk konsumtion i Sverige,1982K3,-5143
utländsk konsumtion i Sverige,1982K4,-4206
utländsk konsumtion i Sverige,1983K1,-2988
utländsk konsumtion i Sverige,1983K2,-4375
utländsk konsumtion i Sverige,1983K3,-6778
utländsk konsumtion i Sverige,1983K4,-3964
utländsk konsumtion i Sverige,1984K1,-3060
utländsk konsumtion i Sverige,1984K2,-4876
utländsk konsumtion i Sverige,1984K3,-6956
utländsk konsumtion i Sverige,1984K4,-3896
utländsk konsumtion i Sverige,1985K1,-3386
utländsk konsumtion i Sverige,1985K2,-5087
utländsk konsumtion i Sverige,1985K3,-7077
utländsk konsumtion i Sverige,1985K4,-4297
utländsk konsumtion i Sverige,1986K1,-3812
utländsk konsumtion i Sverige,1986K2,-5004
utländsk konsumtion i Sverige,1986K3,-7285
utländsk konsumtion i Sverige,1986K4,-4406
utländsk konsumtion i Sverige,1987K1,-3875
utländsk konsumtion i Sverige,1987K2,-5604
utländsk konsumtion i Sverige,1987K3,-7820
utländsk konsumtion i Sverige,1987K4,-5026
utländsk konsumtion i Sverige,1988K1,-4395
utländsk konsumtion i Sverige,1988K2,-5992
utländsk konsumtion i Sverige,1988K3,-8159
utländsk konsumtion i Sverige,1988K4,-4967
utländsk konsumtion i Sverige,1989K1,-4787
utländsk konsumtion i Sverige,1989K2,-6532
utländsk konsumtion i Sverige,1989K3,-8442
utländsk konsumtion i Sverige,1989K4,-5310
utländsk konsumtion i Sverige,1990K1,-4490
utländsk konsumtion i Sverige,1990K2,-6276
utländsk konsumtion i Sverige,1990K3,-8133
utländsk konsumtion i Sverige,1990K4,-5061
utländsk konsumtion i Sverige,1991K1,-4114
utländsk konsumtion i Sverige,1991K2,-5411
utländsk konsumtion i Sverige,1991K3,-7258
utländsk konsumtion i Sverige,1991K4,-4631
utländsk konsumtion i Sverige,1992K1,-4514
utländsk konsumtion i Sverige,1992K2,-5666
utländsk konsumtion i Sverige,1992K3,-7022
utländsk konsumtion i Sverige,1992K4,-5300
utländsk konsumtion i Sverige,1993K1,-5304
utländsk konsumtion i Sverige,1993K2,-7009
utländsk konsumtion i Sverige,1993K3,-9125
utländsk konsumtion i Sverige,1993K4,-5995
utländsk konsumtion i Sverige,1994K1,-5307
utländsk konsumtion i Sverige,1994K2,-7017
utländsk konsumtion i Sverige,1994K3,-9656
utländsk konsumtion i Sverige,1994K4,-6065
utländsk konsumtion i Sverige,1995K1,-5699
utländsk konsumtion i Sverige,1995K2,-8342
utländsk konsumtion i Sverige,1995K3,-10029
utländsk konsumtion i Sverige,1995K4,-6562
utländsk konsumtion i Sverige,1996K1,-5839
utländsk konsumtion i Sverige,1996K2,-7402
utländsk konsumtion i Sverige,1996K3,-9642
utländsk konsumtion i Sverige,1996K4,-6728
utländsk konsumtion i Sverige,1997K1,-6969
utländsk konsumtion i Sverige,1997K2,-8815
utländsk konsumtion i Sverige,1997K3,-10520
utländsk konsumtion i Sverige,1997K4,-8175
utländsk konsumtion i Sverige,1998K1,-7318
utländsk konsumtion i Sverige,1998K2,-9925
utländsk konsumtion i Sverige,1998K3,-13099
utländsk konsumtion i Sverige,1998K4,-9227
utländsk konsumtion i Sverige,1999K1,-7806
utländsk konsumtion i Sverige,1999K2,-10182
utländsk konsumtion i Sverige,1999K3,-13007
utländsk konsumtion i Sverige,1999K4,-9241
utländsk konsumtion i Sverige,2000K1,-8436
utländsk konsumtion i Sverige,2000K2,-11144
utländsk konsumtion i Sverige,2000K3,-13687
utländsk konsumtion i Sverige,2000K4,-10656
utländsk konsumtion i Sverige,2001K1,-9572
utländsk konsumtion i Sverige,2001K2,-12289
utländsk konsumtion i Sverige,2001K3,-16316
utländsk konsumtion i Sverige,2001K4,-12146
utländsk konsumtion i Sverige,2002K1,-9463
utländsk konsumtion i Sverige,2002K2,-12928
utländsk konsumtion i Sverige,2002K3,-17798
utländsk konsumtion i Sverige,2002K4,-15218
utländsk konsumtion i Sverige,2003K1,-11298
utländsk konsumtion i Sverige,2003K2,-14558
utländsk konsumtion i Sverige,2003K3,-18974
utländsk konsumtion i Sverige,2003K4,-14211
utländsk konsumtion i Sverige,2004K1,-12082
utländsk konsumtion i Sverige,2004K2,-16244
utländsk konsumtion i Sverige,2004K3,-20030
utländsk konsumtion i Sverige,2004K4,-15182
utländsk konsumtion i Sverige,2005K1,-14124
utländsk konsumtion i Sverige,2005K2,-19017
utländsk konsumtion i Sverige,2005K3,-24145
utländsk konsumtion i Sverige,2005K4,-17853
utländsk konsumtion i Sverige,2006K1,-16460
utländsk konsumtion i Sverige,2006K2,-21637
utländsk konsumtion i Sverige,2006K3,-25767
utländsk konsumtion i Sverige,2006K4,-20519
utländsk konsumtion i Sverige,2007K1,-20932
utländsk konsumtion i Sverige,2007K2,-25239
utländsk konsumtion i Sverige,2007K3,-25947
utländsk konsumtion i Sverige,2007K4,-18140
utländsk konsumtion i Sverige,2008K1,-20904
utländsk konsumtion i Sverige,2008K2,-22208
utländsk konsumtion i Sverige,2008K3,-27550
utländsk konsumtion i Sverige,2008K4,-19105
utländsk konsumtion i Sverige,2009K1,-18012
utländsk konsumtion i Sverige,2009K2,-20084
utländsk konsumtion i Sverige,2009K3,-24282
utländsk konsumtion i Sverige,2009K4,-17448
utländsk konsumtion i Sverige,2010K1,-15276
utländsk konsumtion i Sverige,2010K2,-19053
utländsk konsumtion i Sverige,2010K3,-25241
utländsk konsumtion i Sverige,2010K4,-16286
utländsk konsumtion i Sverige,2011K1,-15018
utländsk konsumtion i Sverige,2011K2,-19689
utländsk konsumtion i Sverige,2011K3,-26162
utländsk konsumtion i Sverige,2011K4,-18943
utländsk konsumtion i Sverige,2012K1,-17825
utländsk konsumtion i Sverige,2012K2,-22657
utländsk konsumtion i Sverige,2012K3,-27149
utländsk konsumtion i Sverige,2012K4,-19223
utländsk konsumtion i Sverige,2013K1,-18573
utländsk konsumtion i Sverige,2013K2,-22071
utländsk konsumtion i Sverige,2013K3,-27860
utländsk konsumtion i Sverige,2013K4,-20636
utländsk konsumtion i Sverige,2014K1,-17938
utländsk konsumtion i Sverige,2014K2,-23507
utländsk konsumtion i Sverige,2014K3,-29292
utländsk konsumtion i Sverige,2014K4,-20661
utländsk konsumtion i Sverige,2015K1,-19485
utländsk konsumtion i Sverige,2015K2,-24630
utländsk konsumtion i Sverige,2015K3,-31395
utländsk konsumtion i Sverige,2015K4,-23254
utländsk konsumtion i Sverige,2016K1,-22187
utländsk konsumtion i Sverige,2016K2,-25762
utländsk konsumtion i Sverige,2016K3,-32798
utländsk konsumtion i Sverige,2016K4,-26793
utländsk konsumtion i Sverige,2017K1,-21735
utländsk konsumtion i Sverige,2017K2,-28042
utländsk konsumtion i Sverige,2017K3,-33711
utländsk konsumtion i Sverige,2017K4,-26491
utländsk konsumtion i Sverige,2018K1,-24882
utländsk konsumtion i Sverige,2018K2,-30179
utländsk konsumtion i Sverige,2018K3,-37355
utländsk konsumtion i Sverige,2018K4,-29005
utländsk konsumtion i Sverige,2019K1,-23217
utländsk konsumtion i Sverige,2019K2,-29784
utländsk konsumtion i Sverige,2019K3,-36630
utländsk konsumtion i Sverige,2019K4,-30137
utländsk konsumtion i Sverige,2020K1,-16093
utländsk konsumtion i Sverige,2020K2,-12399
utländsk konsumtion i Sverige,2020K3,-14874
utländsk konsumtion i Sverige,2020K4,-14118
utländsk konsumtion i Sverige,2021K1,-11977
utländsk konsumtion i Sverige,2021K2,-14865
utländsk konsumtion i Sverige,2021K3,-22188
utländsk konsumtion i Sverige,2021K4,-21831
utländsk konsumtion i Sverige,2022K1,-22387
utländsk konsumtion i Sverige,2022K2,-27567
utländsk konsumtion i Sverige,2022K3,-32980
utländsk konsumtion i Sverige,2022K4,-27051
utländsk konsumtion i Sverige,2023K1,-21934
utländsk konsumtion i Sverige,2023K2,-29438
utländsk konsumtion i Sverige,2023K3,-39054
utländsk konsumtion i Sverige,2023K4,-26040
utländsk konsumtion i Sverige,2024K1,-23155
utländsk konsumtion i Sverige,2024K2,-29299
utländsk konsumtion i Sverige,2024K3,-38883
utländsk konsumtion i Sverige,2024K4,-28414
utländsk konsumtion i Sverige,2025K1,-23912
utländsk konsumtion i Sverige,2025K2,-31349
utländsk konsumtion i Sverige,2025K3,-41269
utländsk konsumtion i Sverige,2025K4,-29188
utländsk konsumtion i Sverige,2026K1,-26805
utländsk konsumtion i Sverige,2026K2,-33448
hushållens totala konsumtionsutgifter,1981K1,315034
hushållens totala konsumtionsutgifter,1981K2,322608
hushållens totala konsumtionsutgifter,1981K3,300539
hushållens totala konsumtionsutgifter,1981K4,337454
hushållens totala konsumtionsutgifter,1982K1,319408
hushållens totala konsumtionsutgifter,1982K2,325051
hushållens totala konsumtionsutgifter,1982K3,301930
hushållens totala konsumtionsutgifter,1982K4,342904
hushållens totala konsumtionsutgifter,1983K1,310414
hushållens totala konsumtionsutgifter,1983K2,314546
hushållens totala konsumtionsutgifter,1983K3,295751
hushållens totala konsumtionsutgifter,1983K4,334675
hushållens totala konsumtionsutgifter,1984K1,319507
hushållens totala konsumtionsutgifter,1984K2,322472
hushållens totala konsumtionsutgifter,1984K3,300059
hushållens totala konsumtionsutgifter,1984K4,336622
hushållens totala konsumtionsutgifter,1985K1,329193
hushållens totala konsumtionsutgifter,1985K2,333068
hushållens totala konsumtionsutgifter,1985K3,306965
hushållens totala konsumtionsutgifter,1985K4,344897
hushållens totala konsumtionsutgifter,1986K1,337612
hushållens totala konsumtionsutgifter,1986K2,348072
hushållens totala konsumtionsutgifter,1986K3,328502
hushållens totala konsumtionsutgifter,1986K4,367984
hushållens totala konsumtionsutgifter,1987K1,358371
hushållens totala konsumtionsutgifter,1987K2,373442
hushållens totala konsumtionsutgifter,1987K3,339833
hushållens totala konsumtionsutgifter,1987K4,385641
hushållens totala konsumtionsutgifter,1988K1,379683
hushållens totala konsumtionsutgifter,1988K2,379585
hushållens totala konsumtionsutgifter,1988K3,351899
hushållens totala konsumtionsutgifter,1988K4,390731
hushållens totala konsumtionsutgifter,1989K1,378497
hushållens totala konsumtionsutgifter,1989K2,386422
hushållens totala konsumtionsutgifter,1989K3,354197
hushållens totala konsumtionsutgifter,1989K4,397459
hushållens totala konsumtionsutgifter,1990K1,375576
hushållens totala konsumtionsutgifter,1990K2,384729
hushållens totala konsumtionsutgifter,1990K3,351102
hushållens totala konsumtionsutgifter,1990K4,380327
hushållens totala konsumtionsutgifter,1991K1,369844
hushållens totala konsumtionsutgifter,1991K2,381111
hushållens totala konsumtionsutgifter,1991K3,352709
hushållens totala konsumtionsutgifter,1991K4,388956
hushållens totala konsumtionsutgifter,1992K1,364056
hushållens totala konsumtionsutgifter,1992K2,375203
hushållens totala konsumtionsutgifter,1992K3,350255
hushållens totala konsumtionsutgifter,1992K4,377631
hushållens totala konsumtionsutgifter,1993K1,347620
hushållens totala konsumtionsutgifter,1993K2,364220
hushållens totala konsumtionsutgifter,1993K3,357554
hushållens totala konsumtionsutgifter,1993K4,394011
hushållens totala konsumtionsutgifter,1994K1,359837
hushållens totala konsumtionsutgifter,1994K2,369734
hushållens totala konsumtionsutgifter,1994K3,362974
hushållens totala konsumtionsutgifter,1994K4,398493
hushållens totala konsumtionsutgifter,1995K1,363008
hushållens totala konsumtionsutgifter,1995K2,376784
hushållens totala konsumtionsutgifter,1995K3,369307
hushållens totala konsumtionsutgifter,1995K4,401399
hushållens totala konsumtionsutgifter,1996K1,369690
hushållens totala konsumtionsutgifter,1996K2,384969
hushållens totala konsumtionsutgifter,1996K3,379704
hushållens totala konsumtionsutgifter,1996K4,410388
hushållens totala konsumtionsutgifter,1997K1,380147
hushållens totala konsumtionsutgifter,1997K2,403725
hushållens totala konsumtionsutgifter,1997K3,387230
hushållens totala konsumtionsutgifter,1997K4,424607
hushållens totala konsumtionsutgifter,1998K1,390848
hushållens totala konsumtionsutgifter,1998K2,414665
hushållens totala konsumtionsutgifter,1998K3,402438
hushållens totala konsumtionsutgifter,1998K4,442332
hushållens totala konsumtionsutgifter,1999K1,408501
hushållens totala konsumtionsutgifter,1999K2,430517
hushållens totala konsumtionsutgifter,1999K3,418422
hushållens totala konsumtionsutgifter,1999K4,470370
hushållens totala konsumtionsutgifter,2000K1,436539
hushållens totala konsumtionsutgifter,2000K2,459733
hushållens totala konsumtionsutgifter,2000K3,445135
hushållens totala konsumtionsutgifter,2000K4,481463
hushållens totala konsumtionsutgifter,2001K1,445640
hushållens totala konsumtionsutgifter,2001K2,462686
hushållens totala konsumtionsutgifter,2001K3,447965
hushållens totala konsumtionsutgifter,2001K4,480435
hushållens totala konsumtionsutgifter,2002K1,452324
hushållens totala konsumtionsutgifter,2002K2,473031
hushållens totala konsumtionsutgifter,2002K3,458064
hushållens totala konsumtionsutgifter,2002K4,493172
hushållens totala konsumtionsutgifter,2003K1,455085
hushållens totala konsumtionsutgifter,2003K2,476905
hushållens totala konsumtionsutgifter,2003K3,467610
hushållens totala konsumtionsutgifter,2003K4,504210
hushållens totala konsumtionsutgifter,2004K1,470944
hushållens totala konsumtionsutgifter,2004K2,490124
hushållens totala konsumtionsutgifter,2004K3,480433
hushållens totala konsumtionsutgifter,2004K4,518486
hushållens totala konsumtionsutgifter,2005K1,477066
hushållens totala konsumtionsutgifter,2005K2,507473
hushållens totala konsumtionsutgifter,2005K3,500800
hushållens totala konsumtionsutgifter,2005K4,535781
hushållens totala konsumtionsutgifter,2006K1,491946
hushållens totala konsumtionsutgifter,2006K2,523153
hushållens totala konsumtionsutgifter,2006K3,511198
hushållens totala konsumtionsutgifter,2006K4,553687
hushållens totala konsumtionsutgifter,2007K1,514186
hushållens totala konsumtionsutgifter,2007K2,545676
hushållens totala konsumtionsutgifter,2007K3,538704
hushållens totala konsumtionsutgifter,2007K4,576366
hushållens totala konsumtionsutgifter,2008K1,526967
hushållens totala konsumtionsutgifter,2008K2,558811
hushållens totala konsumtionsutgifter,2008K3,532116
hushållens totala konsumtionsutgifter,2008K4,555924
hushållens totala konsumtionsutgifter,2009K1,520639
hushållens totala konsumtionsutgifter,2009K2,561625
hushållens totala konsumtionsutgifter,2009K3,543378
hushållens totala konsumtionsutgifter,2009K4,573881
hushållens totala konsumtionsutgifter,2010K1,544914
hushållens totala konsumtionsutgifter,2010K2,582913
hushållens totala konsumtionsutgifter,2010K3,565506
hushållens totala konsumtionsutgifter,2010K4,596305
hushållens totala konsumtionsutgifter,2011K1,560561
hushållens totala konsumtionsutgifter,2011K2,600526
hushållens totala konsumtionsutgifter,2011K3,572516
hushållens totala konsumtionsutgifter,2011K4,602655
hushållens totala konsumtionsutgifter,2012K1,568782
hushållens totala konsumtionsutgifter,2012K2,602092
hushållens totala konsumtionsutgifter,2012K3,580234
hushållens totala konsumtionsutgifter,2012K4,612719
hushållens totala konsumtionsutgifter,2013K1,575511
hushållens totala konsumtionsutgifter,2013K2,614256
hushållens totala konsumtionsutgifter,2013K3,593884
hushållens totala konsumtionsutgifter,2013K4,627761
hushållens totala konsumtionsutgifter,2014K1,590074
hushållens totala konsumtionsutgifter,2014K2,633775
hushållens totala konsumtionsutgifter,2014K3,606960
hushållens totala konsumtionsutgifter,2014K4,648335
hushållens totala konsumtionsutgifter,2015K1,616058
hushållens totala konsumtionsutgifter,2015K2,659081
hushållens totala konsumtionsutgifter,2015K3,632810
hushållens totala konsumtionsutgifter,2015K4,675372
hushållens totala konsumtionsutgifter,2016K1,633400
hushållens totala konsumtionsutgifter,2016K2,673787
hushållens totala konsumtionsutgifter,2016K3,646130
hushållens totala konsumtionsutgifter,2016K4,688236
hushållens totala konsumtionsutgifter,2017K1,659082
hushållens totala konsumtionsutgifter,2017K2,687478
hushållens totala konsumtionsutgifter,2017K3,657650
hushållens totala konsumtionsutgifter,2017K4,700586
hushållens totala konsumtionsutgifter,2018K1,666348
hushållens totala konsumtionsutgifter,2018K2,708902
hushållens totala konsumtionsutgifter,2018K3,671349
hushållens totala konsumtionsutgifter,2018K4,711535
hushållens totala konsumtionsutgifter,2019K1,666413
hushållens totala konsumtionsutgifter,2019K2,708448
hushållens totala konsumtionsutgifter,2019K3,685508
hushållens totala konsumtionsutgifter,2019K4,719471
hushållens totala konsumtionsutgifter,2020K1,682765
hushållens totala konsumtionsutgifter,2020K2,653002
hushållens totala konsumtionsutgifter,2020K3,663940
hushållens totala konsumtionsutgifter,2020K4,694957
hushållens totala konsumtionsutgifter,2021K1,662342
hushållens totala konsumtionsutgifter,2021K2,718093
hushållens totala konsumtionsutgifter,2021K3,711749
hushållens totala konsumtionsutgifter,2021K4,756325
hushållens totala konsumtionsutgifter,2022K1,700807
hushållens totala konsumtionsutgifter,2022K2,762236
hushållens totala konsumtionsutgifter,2022K3,718139
hushållens totala konsumtionsutgifter,2022K4,749752
hushållens totala konsumtionsutgifter,2023K1,688107
hushållens totala konsumtionsutgifter,2023K2,737484
hushållens totala konsumtionsutgifter,2023K3,705817
hushållens totala konsumtionsutgifter,2023K4,747399
hushållens totala konsumtionsutgifter,2024K1,695998
hushållens totala konsumtionsutgifter,2024K2,745902
hushållens totala konsumtionsutgifter,2024K3,717980
hushållens totala konsumtionsutgifter,2024K4,756580
hushållens totala konsumtionsutgifter,2025K1,705537
hushållens totala konsumtionsutgifter,2025K2,758850
hushållens totala konsumtionsutgifter,2025K3,734377
hushållens totala konsumtionsutgifter,2025K4,773557
hushållens totala konsumtionsutgifter,2026K1,721771
hushållens totala konsumtionsutgifter,2026K2,782904
hushållens icke-vinstdrivande organisationer,1981K1,8449
hushållens icke-vinstdrivande organisationer,1981K2,7744
hushållens icke-vinstdrivande organisationer,1981K3,8547
hushållens icke-vinstdrivande organisationer,1981K4,8309
hushållens icke-vinstdrivande organisationer,1982K1,8911
hushållens icke-vinstdrivande organisationer,1982K2,8191
hushållens icke-vinstdrivande organisationer,1982K3,8986
hushållens icke-vinstdrivande organisationer,1982K4,8883
hushållens icke-vinstdrivande organisationer,1983K1,9055
hushållens icke-vinstdrivande organisationer,1983K2,8327
hushållens icke-vinstdrivande organisationer,1983K3,9171
hushållens icke-vinstdrivande organisationer,1983K4,8925
hushållens icke-vinstdrivande organisationer,1984K1,9266
hushållens icke-vinstdrivande organisationer,1984K2,8335
hushållens icke-vinstdrivande organisationer,1984K3,9170
hushållens icke-vinstdrivande organisationer,1984K4,8912
hushållens icke-vinstdrivande organisationer,1985K1,9218
hushållens icke-vinstdrivande organisationer,1985K2,8380
hushållens icke-vinstdrivande organisationer,1985K3,9274
hushållens icke-vinstdrivande organisationer,1985K4,8955
hushållens icke-vinstdrivande organisationer,1986K1,9954
hushållens icke-vinstdrivande organisationer,1986K2,9060
hushållens icke-vinstdrivande organisationer,1986K3,9954
hushållens icke-vinstdrivande organisationer,1986K4,9723
hushållens icke-vinstdrivande organisationer,1987K1,10480
hushållens icke-vinstdrivande organisationer,1987K2,9677
hushållens icke-vinstdrivande organisationer,1987K3,10562
hushållens icke-vinstdrivande organisationer,1987K4,10264
hushållens icke-vinstdrivande organisationer,1988K1,10913
hushållens icke-vinstdrivande organisationer,1988K2,10073
hushållens icke-vinstdrivande organisationer,1988K3,10970
hushållens icke-vinstdrivande organisationer,1988K4,10760
hushållens icke-vinstdrivande organisationer,1989K1,11282
hushållens icke-vinstdrivande organisationer,1989K2,10429
hushållens icke-vinstdrivande organisationer,1989K3,11405
hushållens icke-vinstdrivande organisationer,1989K4,11133
hushållens icke-vinstdrivande organisationer,1990K1,12744
hushållens icke-vinstdrivande organisationer,1990K2,11994
hushållens icke-vinstdrivande organisationer,1990K3,12909
hushållens icke-vinstdrivande organisationer,1990K4,12796
hushållens icke-vinstdrivande organisationer,1991K1,13507
hushållens icke-vinstdrivande organisationer,1991K2,12785
hushållens icke-vinstdrivande organisationer,1991K3,13690
hushållens icke-vinstdrivande organisationer,1991K4,13397
hushållens icke-vinstdrivande organisationer,1992K1,13604
hushållens icke-vinstdrivande organisationer,1992K2,12639
hushållens icke-vinstdrivande organisationer,1992K3,13495
hushållens icke-vinstdrivande organisationer,1992K4,13114
hushållens icke-vinstdrivande organisationer,1993K1,11339
hushållens icke-vinstdrivande organisationer,1993K2,15442
hushållens icke-vinstdrivande organisationer,1993K3,12030
hushållens icke-vinstdrivande organisationer,1993K4,14468
hushållens icke-vinstdrivande organisationer,1994K1,11037
hushållens icke-vinstdrivande organisationer,1994K2,15650
hushållens icke-vinstdrivande organisationer,1994K3,11646
hushållens icke-vinstdrivande organisationer,1994K4,13668
hushållens icke-vinstdrivande organisationer,1995K1,9565
hushållens icke-vinstdrivande organisationer,1995K2,16313
hushållens icke-vinstdrivande organisationer,1995K3,9792
hushållens icke-vinstdrivande organisationer,1995K4,11044
hushållens icke-vinstdrivande organisationer,1996K1,10482
hushållens icke-vinstdrivande organisationer,1996K2,13463
hushållens icke-vinstdrivande organisationer,1996K3,11007
hushållens icke-vinstdrivande organisationer,1996K4,12142
hushållens icke-vinstdrivande organisationer,1997K1,10909
hushållens icke-vinstdrivande organisationer,1997K2,13836
hushållens icke-vinstdrivande organisationer,1997K3,11299
hushållens icke-vinstdrivande organisationer,1997K4,12396
hushållens icke-vinstdrivande organisationer,1998K1,10774
hushållens icke-vinstdrivande organisationer,1998K2,13695
hushållens icke-vinstdrivande organisationer,1998K3,11535
hushållens icke-vinstdrivande organisationer,1998K4,12534
hushållens icke-vinstdrivande organisationer,1999K1,10079
hushållens icke-vinstdrivande organisationer,1999K2,12393
hushållens icke-vinstdrivande organisationer,1999K3,10523
hushållens icke-vinstdrivande organisationer,1999K4,11431
hushållens icke-vinstdrivande organisationer,2000K1,13767
hushållens icke-vinstdrivande organisationer,2000K2,16623
hushållens icke-vinstdrivande organisationer,2000K3,13955
hushållens icke-vinstdrivande organisationer,2000K4,15779
hushållens icke-vinstdrivande organisationer,2001K1,13891
hushållens icke-vinstdrivande organisationer,2001K2,17295
hushållens icke-vinstdrivande organisationer,2001K3,14227
hushållens icke-vinstdrivande organisationer,2001K4,16200
hushållens icke-vinstdrivande organisationer,2002K1,14505
hushållens icke-vinstdrivande organisationer,2002K2,17937
hushållens icke-vinstdrivande organisationer,2002K3,14902
hushållens icke-vinstdrivande organisationer,2002K4,16790
hushållens icke-vinstdrivande organisationer,2003K1,15565
hushållens icke-vinstdrivande organisationer,2003K2,18932
hushållens icke-vinstdrivande organisationer,2003K3,15804
hushållens icke-vinstdrivande organisationer,2003K4,17735
hushållens icke-vinstdrivande organisationer,2004K1,15542
hushållens icke-vinstdrivande organisationer,2004K2,18814
hushållens icke-vinstdrivande organisationer,2004K3,15680
hushållens icke-vinstdrivande organisationer,2004K4,17600
hushållens icke-vinstdrivande organisationer,2005K1,16044
hushållens icke-vinstdrivande organisationer,2005K2,19496
hushållens icke-vinstdrivande organisationer,2005K3,16272
hushållens icke-vinstdrivande organisationer,2005K4,18931
hushållens icke-vinstdrivande organisationer,2006K1,16134
hushållens icke-vinstdrivande organisationer,2006K2,19798
hushållens icke-vinstdrivande organisationer,2006K3,16531
hushållens icke-vinstdrivande organisationer,2006K4,18734
hushållens icke-vinstdrivande organisationer,2007K1,16274
hushållens icke-vinstdrivande organisationer,2007K2,19759
hushållens icke-vinstdrivande organisationer,2007K3,16565
hushållens icke-vinstdrivande organisationer,2007K4,18452
hushållens icke-vinstdrivande organisationer,2008K1,16611
hushållens icke-vinstdrivande organisationer,2008K2,19897
hushållens icke-vinstdrivande organisationer,2008K3,16684
hushållens icke-vinstdrivande organisationer,2008K4,18846
hushållens icke-vinstdrivande organisationer,2009K1,16151
hushållens icke-vinstdrivande organisationer,2009K2,19590
hushållens icke-vinstdrivande organisationer,2009K3,16159
hushållens icke-vinstdrivande organisationer,2009K4,17998
hushållens icke-vinstdrivande organisationer,2010K1,16072
hushållens icke-vinstdrivande organisationer,2010K2,19611
hushållens icke-vinstdrivande organisationer,2010K3,16305
hushållens icke-vinstdrivande organisationer,2010K4,17766
hushållens icke-vinstdrivande organisationer,2011K1,15244
hushållens icke-vinstdrivande organisationer,2011K2,18510
hushållens icke-vinstdrivande organisationer,2011K3,15519
hushållens icke-vinstdrivande organisationer,2011K4,17232
hushållens icke-vinstdrivande organisationer,2012K1,15233
hushållens icke-vinstdrivande organisationer,2012K2,18406
hushållens icke-vinstdrivande organisationer,2012K3,15497
hushållens icke-vinstdrivande organisationer,2012K4,16869
hushållens icke-vinstdrivande organisationer,2013K1,14530
hushållens icke-vinstdrivande organisationer,2013K2,17153
hushållens icke-vinstdrivande organisationer,2013K3,14843
hushållens icke-vinstdrivande organisationer,2013K4,16079
hushållens icke-vinstdrivande organisationer,2014K1,15478
hushållens icke-vinstdrivande organisationer,2014K2,17943
hushållens icke-vinstdrivande organisationer,2014K3,15875
hushållens icke-vinstdrivande organisationer,2014K4,17213
hushållens icke-vinstdrivande organisationer,2015K1,16005
hushållens icke-vinstdrivande organisationer,2015K2,18555
hushållens icke-vinstdrivande organisationer,2015K3,16431
hushållens icke-vinstdrivande organisationer,2015K4,17782
hushållens icke-vinstdrivande organisationer,2016K1,15696
hushållens icke-vinstdrivande organisationer,2016K2,18212
hushållens icke-vinstdrivande organisationer,2016K3,16228
hushållens icke-vinstdrivande organisationer,2016K4,17638
hushållens icke-vinstdrivande organisationer,2017K1,16891
hushållens icke-vinstdrivande organisationer,2017K2,19308
hushållens icke-vinstdrivande organisationer,2017K3,17324
hushållens icke-vinstdrivande organisationer,2017K4,18842
hushållens icke-vinstdrivande organisationer,2018K1,16653
hushållens icke-vinstdrivande organisationer,2018K2,19032
hushållens icke-vinstdrivande organisationer,2018K3,17325
hushållens icke-vinstdrivande organisationer,2018K4,18435
hushållens icke-vinstdrivande organisationer,2019K1,16824
hushållens icke-vinstdrivande organisationer,2019K2,19324
hushållens icke-vinstdrivande organisationer,2019K3,17357
hushållens icke-vinstdrivande organisationer,2019K4,18468
hushållens icke-vinstdrivande organisationer,2020K1,17506
hushållens icke-vinstdrivande organisationer,2020K2,18576
hushållens icke-vinstdrivande organisationer,2020K3,17128
hushållens icke-vinstdrivande organisationer,2020K4,18402
hushållens icke-vinstdrivande organisationer,2021K1,17284
hushållens icke-vinstdrivande organisationer,2021K2,19828
hushållens icke-vinstdrivande organisationer,2021K3,17985
hushållens icke-vinstdrivande organisationer,2021K4,19094
hushållens icke-vinstdrivande organisationer,2022K1,17250
hushållens icke-vinstdrivande organisationer,2022K2,19557
hushållens icke-vinstdrivande organisationer,2022K3,17698
hushållens icke-vinstdrivande organisationer,2022K4,18586
hushållens icke-vinstdrivande organisationer,2023K1,17375
hushållens icke-vinstdrivande organisationer,2023K2,20545
hushållens icke-vinstdrivande organisationer,2023K3,18274
hushållens icke-vinstdrivande organisationer,2023K4,20481
hushållens icke-vinstdrivande organisationer,2024K1,18517
hushållens icke-vinstdrivande organisationer,2024K2,21061
hushållens icke-vinstdrivande organisationer,2024K3,18811
hushållens icke-vinstdrivande organisationer,2024K4,21429
hushållens icke-vinstdrivande organisationer,2025K1,19091
hushållens icke-vinstdrivande organisationer,2025K2,22703
hushållens icke-vinstdrivande organisationer,2025K3,19917
hushållens icke-vinstdrivande organisationer,2025K4,20780
hushållens icke-vinstdrivande organisationer,2026K1,19700
hushållens icke-vinstdrivande organisationer,2026K2,22458
total konsumtion,1981K1,323889
total konsumtion,1981K2,331006
total konsumtion,1981K3,309346
total konsumtion,1981K4,346393
total konsumtion,1982K1,328643
total konsumtion,1982K2,333798
total konsumtion,1982K3,311077
total konsumtion,1982K4,352311
total konsumtion,1983K1,319672
total konsumtion,1983K2,323311
total konsumtion,1983K3,304965
total konsumtion,1983K4,344048
total konsumtion,1984K1,328987
total konsumtion,1984K2,331340
total konsumtion,1984K3,309284
total konsumtion,1984K4,346027
total konsumtion,1985K1,338734
total konsumtion,1985K2,342095
total konsumtion,1985K3,316310
total konsumtion,1985K4,354428
total konsumtion,1986K1,347727
total konsumtion,1986K2,357705
total konsumtion,1986K3,338522
total konsumtion,1986K4,378265
total konsumtion,1987K1,369051
total konsumtion,1987K2,383748
total konsumtion,1987K3,350374
total konsumtion,1987K4,396465
total konsumtion,1988K1,390876
total konsumtion,1988K2,390209
total konsumtion,1988K3,362853
total konsumtion,1988K4,401931
total konsumtion,1989K1,389928
total konsumtion,1989K2,397355
total konsumtion,1989K3,365468
total konsumtion,1989K4,408979
total konsumtion,1990K1,387957
total konsumtion,1990K2,396700
total konsumtion,1990K3,363342
total konsumtion,1990K4,392791
total konsumtion,1991K1,382679
total konsumtion,1991K2,393576
total konsumtion,1991K3,365494
total konsumtion,1991K4,401910
total konsumtion,1992K1,376888
total konsumtion,1992K2,387523
total konsumtion,1992K3,362867
total konsumtion,1992K4,390286
total konsumtion,1993K1,358742
total konsumtion,1993K2,378206
total konsumtion,1993K3,369234
total konsumtion,1993K4,407675
total konsumtion,1994K1,370891
total konsumtion,1994K2,383915
total konsumtion,1994K3,374460
total konsumtion,1994K4,411680
total konsumtion,1995K1,373055
total konsumtion,1995K2,391551
total konsumtion,1995K3,379570
total konsumtion,1995K4,412826
total konsumtion,1996K1,380413
total konsumtion,1996K2,397900
total konsumtion,1996K3,390884
total konsumtion,1996K4,422642
total konsumtion,1997K1,391238
total konsumtion,1997K2,417146
total konsumtion,1997K3,398664
total konsumtion,1997K4,437151
total konsumtion,1998K1,401912
total konsumtion,1998K2,428091
total konsumtion,1998K3,414159
total konsumtion,1998K4,455108
total konsumtion,1999K1,419140
total konsumtion,1999K2,443090
total konsumtion,1999K3,429473
total konsumtion,1999K4,482486
total konsumtion,2000K1,450244
total konsumtion,2000K2,475827
total konsumtion,2000K3,459046
total konsumtion,2000K4,497043
total konsumtion,2001K1,459474
total konsumtion,2001K2,479402
total konsumtion,2001K3,462086
total konsumtion,2001K4,496349
total konsumtion,2002K1,466689
total konsumtion,2002K2,490351
total konsumtion,2002K3,472789
total konsumtion,2002K4,509644
total konsumtion,2003K1,470345
total konsumtion,2003K2,495108
total konsumtion,2003K3,483129
total konsumtion,2003K4,521530
total konsumtion,2004K1,486262
total konsumtion,2004K2,508284
total konsumtion,2004K3,495913
total konsumtion,2004K4,535763
total konsumtion,2005K1,492828
total konsumtion,2005K2,526326
total konsumtion,2005K3,516857
total konsumtion,2005K4,554266
total konsumtion,2006K1,507835
total konsumtion,2006K2,542348
total konsumtion,2006K3,527505
total konsumtion,2006K4,572069
total konsumtion,2007K1,530263
total konsumtion,2007K2,564935
total konsumtion,2007K3,555119
total konsumtion,2007K4,594573
total konsumtion,2008K1,543380
total konsumtion,2008K2,578247
total konsumtion,2008K3,548610
total konsumtion,2008K4,574415
total konsumtion,2009K1,536608
total konsumtion,2009K2,580810
total konsumtion,2009K3,559414
total konsumtion,2009K4,591658
total konsumtion,2010K1,560854
total konsumtion,2010K2,602191
total konsumtion,2010K3,581703
total konsumtion,2010K4,613913
total konsumtion,2011K1,575763
total konsumtion,2011K2,618828
total konsumtion,2011K3,587996
total konsumtion,2011K4,619781
total konsumtion,2012K1,583980
total konsumtion,2012K2,620317
total konsumtion,2012K3,595697
total konsumtion,2012K4,629518
total konsumtion,2013K1,590040
total konsumtion,2013K2,631326
total konsumtion,2013K3,608734
total konsumtion,2013K4,643825
total konsumtion,2014K1,605526
total konsumtion,2014K2,651661
total konsumtion,2014K3,622809
total konsumtion,2014K4,665514
total konsumtion,2015K1,632036
total konsumtion,2015K2,677583
total konsumtion,2015K3,649214
total konsumtion,2015K4,693121
total konsumtion,2016K1,649071
total konsumtion,2016K2,691960
total konsumtion,2016K3,662331
total konsumtion,2016K4,705843
total konsumtion,2017K1,675943
total konsumtion,2017K2,706746
total konsumtion,2017K3,674941
total konsumtion,2017K4,719392
total konsumtion,2018K1,682962
total konsumtion,2018K2,727897
total konsumtion,2018K3,688637
total konsumtion,2018K4,729931
total konsumtion,2019K1,683190
total konsumtion,2019K2,727756
total konsumtion,2019K3,702817
total konsumtion,2019K4,737895
total konsumtion,2020K1,700228
total konsumtion,2020K2,671586
total konsumtion,2020K3,681029
total konsumtion,2020K4,713332
total konsumtion,2021K1,679591
total konsumtion,2021K2,737917
total konsumtion,2021K3,729678
total konsumtion,2021K4,775360
total konsumtion,2022K1,717973
total konsumtion,2022K2,781738
total konsumtion,2022K3,735752
total konsumtion,2022K4,768255
total konsumtion,2023K1,705420
total konsumtion,2023K2,758045
total konsumtion,2023K3,724046
total konsumtion,2023K4,767882
total konsumtion,2024K1,714493
total konsumtion,2024K2,766974
total konsumtion,2024K3,736760
total konsumtion,2024K4,778020
total konsumtion,2025K1,724628
total konsumtion,2025K2,781553
total konsumtion,2025K3,754294
total konsumtion,2025K4,794337
total konsumtion,2026K1,741471
total konsumtion,2026K2,805362
