sector,indicator,quarter,Key indicators for income growth
Households,"Net disposable income, nominal values, percentage growth, annual rate",1980K1,25.5
Households,"Net disposable income, nominal values, percentage growth, annual rate",1980K2,33.6
Households,"Net disposable income, nominal values, percentage growth, annual rate",1980K3,24.2
Households,"Net disposable income, nominal values, percentage growth, annual rate",1980K4,23.3
Households,"Net disposable income, nominal values, percentage growth, annual rate",1981K1,6.5
Households,"Net disposable income, nominal values, percentage growth, annual rate",1981K2,5.4
Households,"Net disposable income, nominal values, percentage growth, annual rate",1981K3,3.6
Households,"Net disposable income, nominal values, percentage growth, annual rate",1981K4,8.5
Households,"Net disposable income, nominal values, percentage growth, annual rate",1982K1,9
Households,"Net disposable income, nominal values, percentage growth, annual rate",1982K2,9.4
Households,"Net disposable income, nominal values, percentage growth, annual rate",1982K3,7.5
Households,"Net disposable income, nominal values, percentage growth, annual rate",1982K4,6.8
Households,"Net disposable income, nominal values, percentage growth, annual rate",1983K1,7.9
Households,"Net disposable income, nominal values, percentage growth, annual rate",1983K2,15.2
Households,"Net disposable income, nominal values, percentage growth, annual rate",1983K3,8.2
Households,"Net disposable income, nominal values, percentage growth, annual rate",1983K4,8.9
Households,"Net disposable income, nominal values, percentage growth, annual rate",1984K1,9.5
Households,"Net disposable income, nominal values, percentage growth, annual rate",1984K2,6.8
Households,"Net disposable income, nominal values, percentage growth, annual rate",1984K3,10.3
Households,"Net disposable income, nominal values, percentage growth, annual rate",1984K4,8.1
Households,"Net disposable income, nominal values, percentage growth, annual rate",1985K1,9.4
Households,"Net disposable income, nominal values, percentage growth, annual rate",1985K2,10.1
Households,"Net disposable income, nominal values, percentage growth, annual rate",1985K3,10.2
Households,"Net disposable income, nominal values, percentage growth, annual rate",1985K4,8.5
Households,"Net disposable income, nominal values, percentage growth, annual rate",1986K1,6.8
Households,"Net disposable income, nominal values, percentage growth, annual rate",1986K2,7.3
Households,"Net disposable income, nominal values, percentage growth, annual rate",1986K3,10.4
Households,"Net disposable income, nominal values, percentage growth, annual rate",1986K4,8.1
Households,"Net disposable income, nominal values, percentage growth, annual rate",1987K1,9.7
Households,"Net disposable income, nominal values, percentage growth, annual rate",1987K2,10.8
Households,"Net disposable income, nominal values, percentage growth, annual rate",1987K3,5.9
Households,"Net disposable income, nominal values, percentage growth, annual rate",1987K4,5.9
Households,"Net disposable income, nominal values, percentage growth, annual rate",1988K1,4.4
Households,"Net disposable income, nominal values, percentage growth, annual rate",1988K2,5
Households,"Net disposable income, nominal values, percentage growth, annual rate",1988K3,6.7
Households,"Net disposable income, nominal values, percentage growth, annual rate",1988K4,7.3
Households,"Net disposable income, nominal values, percentage growth, annual rate",1989K1,10.9
Households,"Net disposable income, nominal values, percentage growth, annual rate",1989K2,8.1
Households,"Net disposable income, nominal values, percentage growth, annual rate",1989K3,11.1
Households,"Net disposable income, nominal values, percentage growth, annual rate",1989K4,7.7
Households,"Net disposable income, nominal values, percentage growth, annual rate",1990K1,8.9
Households,"Net disposable income, nominal values, percentage growth, annual rate",1990K2,14.5
Households,"Net disposable income, nominal values, percentage growth, annual rate",1990K3,10
Households,"Net disposable income, nominal values, percentage growth, annual rate",1990K4,16
Households,"Net disposable income, nominal values, percentage growth, annual rate",1991K1,18.4
Households,"Net disposable income, nominal values, percentage growth, annual rate",1991K2,14
Households,"Net disposable income, nominal values, percentage growth, annual rate",1991K3,15.1
Households,"Net disposable income, nominal values, percentage growth, annual rate",1991K4,16.9
Households,"Net disposable income, nominal values, percentage growth, annual rate",1992K1,6.4
Households,"Net disposable income, nominal values, percentage growth, annual rate",1992K2,2.6
Households,"Net disposable income, nominal values, percentage growth, annual rate",1992K3,5.1
Households,"Net disposable income, nominal values, percentage growth, annual rate",1992K4,6.9
Households,"Net disposable income, nominal values, percentage growth, annual rate",1993K1,0.7
Households,"Net disposable income, nominal values, percentage growth, annual rate",1993K2,-0.3
Households,"Net disposable income, nominal values, percentage growth, annual rate",1993K3,4
Households,"Net disposable income, nominal values, percentage growth, annual rate",1993K4,-3.3
Households,"Net disposable income, nominal values, percentage growth, annual rate",1994K1,1.3
Households,"Net disposable income, nominal values, percentage growth, annual rate",1994K2,0.6
Households,"Net disposable income, nominal values, percentage growth, annual rate",1994K3,1
Households,"Net disposable income, nominal values, percentage growth, annual rate",1994K4,7
Households,"Net disposable income, nominal values, percentage growth, annual rate",1995K1,2.7
Households,"Net disposable income, nominal values, percentage growth, annual rate",1995K2,7.9
Households,"Net disposable income, nominal values, percentage growth, annual rate",1995K3,1.7
Households,"Net disposable income, nominal values, percentage growth, annual rate",1995K4,1.1
Households,"Net disposable income, nominal values, percentage growth, annual rate",1996K1,0
Households,"Net disposable income, nominal values, percentage growth, annual rate",1996K2,3
Households,"Net disposable income, nominal values, percentage growth, annual rate",1996K3,1
Households,"Net disposable income, nominal values, percentage growth, annual rate",1996K4,-1.7
Households,"Net disposable income, nominal values, percentage growth, annual rate",1997K1,-0.6
Households,"Net disposable income, nominal values, percentage growth, annual rate",1997K2,-1.4
Households,"Net disposable income, nominal values, percentage growth, annual rate",1997K3,2
Households,"Net disposable income, nominal values, percentage growth, annual rate",1997K4,2.6
Households,"Net disposable income, nominal values, percentage growth, annual rate",1998K1,3.7
Households,"Net disposable income, nominal values, percentage growth, annual rate",1998K2,1.2
Households,"Net disposable income, nominal values, percentage growth, annual rate",1998K3,2.3
Households,"Net disposable income, nominal values, percentage growth, annual rate",1998K4,4.4
Households,"Net disposable income, nominal values, percentage growth, annual rate",1999K1,3.7
Households,"Net disposable income, nominal values, percentage growth, annual rate",1999K2,5.9
Households,"Net disposable income, nominal values, percentage growth, annual rate",1999K3,3.2
Households,"Net disposable income, nominal values, percentage growth, annual rate",1999K4,3
Households,"Net disposable income, nominal values, percentage growth, annual rate",2000K1,6.7
Households,"Net disposable income, nominal values, percentage growth, annual rate",2000K2,3
Households,"Net disposable income, nominal values, percentage growth, annual rate",2000K3,7.2
Households,"Net disposable income, nominal values, percentage growth, annual rate",2000K4,5.9
Households,"Net disposable income, nominal values, percentage growth, annual rate",2001K1,7.5
Households,"Net disposable income, nominal values, percentage growth, annual rate",2001K2,8.3
Households,"Net disposable income, nominal values, percentage growth, annual rate",2001K3,7.4
Households,"Net disposable income, nominal values, percentage growth, annual rate",2001K4,7.7
Households,"Net disposable income, nominal values, percentage growth, annual rate",2002K1,6.8
Households,"Net disposable income, nominal values, percentage growth, annual rate",2002K2,7.1
Households,"Net disposable income, nominal values, percentage growth, annual rate",2002K3,5.5
Households,"Net disposable income, nominal values, percentage growth, annual rate",2002K4,5.7
Households,"Net disposable income, nominal values, percentage growth, annual rate",2003K1,3.4
Households,"Net disposable income, nominal values, percentage growth, annual rate",2003K2,2.2
Households,"Net disposable income, nominal values, percentage growth, annual rate",2003K3,3.3
Households,"Net disposable income, nominal values, percentage growth, annual rate",2003K4,1.5
Households,"Net disposable income, nominal values, percentage growth, annual rate",2004K1,2.3
Households,"Net disposable income, nominal values, percentage growth, annual rate",2004K2,0.6
Households,"Net disposable income, nominal values, percentage growth, annual rate",2004K3,2.1
Households,"Net disposable income, nominal values, percentage growth, annual rate",2004K4,2.9
Households,"Net disposable income, nominal values, percentage growth, annual rate",2005K1,2.3
Households,"Net disposable income, nominal values, percentage growth, annual rate",2005K2,7
Households,"Net disposable income, nominal values, percentage growth, annual rate",2005K3,2.2
Households,"Net disposable income, nominal values, percentage growth, annual rate",2005K4,5.2
Households,"Net disposable income, nominal values, percentage growth, annual rate",2006K1,5.4
Households,"Net disposable income, nominal values, percentage growth, annual rate",2006K2,7.9
Households,"Net disposable income, nominal values, percentage growth, annual rate",2006K3,5.5
Households,"Net disposable income, nominal values, percentage growth, annual rate",2006K4,5.4
Households,"Net disposable income, nominal values, percentage growth, annual rate",2007K1,7.9
Households,"Net disposable income, nominal values, percentage growth, annual rate",2007K2,10.7
Households,"Net disposable income, nominal values, percentage growth, annual rate",2007K3,6.6
Households,"Net disposable income, nominal values, percentage growth, annual rate",2007K4,4.5
Households,"Net disposable income, nominal values, percentage growth, annual rate",2008K1,5.4
Households,"Net disposable income, nominal values, percentage growth, annual rate",2008K2,8.4
Households,"Net disposable income, nominal values, percentage growth, annual rate",2008K3,6.6
Households,"Net disposable income, nominal values, percentage growth, annual rate",2008K4,4.6
Households,"Net disposable income, nominal values, percentage growth, annual rate",2009K1,5.4
Households,"Net disposable income, nominal values, percentage growth, annual rate",2009K2,1.7
Households,"Net disposable income, nominal values, percentage growth, annual rate",2009K3,4.5
Households,"Net disposable income, nominal values, percentage growth, annual rate",2009K4,6.6
Households,"Net disposable income, nominal values, percentage growth, annual rate",2010K1,3.5
Households,"Net disposable income, nominal values, percentage growth, annual rate",2010K2,3.2
Households,"Net disposable income, nominal values, percentage growth, annual rate",2010K3,4.5
Households,"Net disposable income, nominal values, percentage growth, annual rate",2010K4,5.4
Households,"Net disposable income, nominal values, percentage growth, annual rate",2011K1,5.2
Households,"Net disposable income, nominal values, percentage growth, annual rate",2011K2,6.4
Households,"Net disposable income, nominal values, percentage growth, annual rate",2011K3,4.9
Households,"Net disposable income, nominal values, percentage growth, annual rate",2011K4,3.2
Households,"Net disposable income, nominal values, percentage growth, annual rate",2012K1,3.4
Households,"Net disposable income, nominal values, percentage growth, annual rate",2012K2,5.4
Households,"Net disposable income, nominal values, percentage growth, annual rate",2012K3,4
Households,"Net disposable income, nominal values, percentage growth, annual rate",2012K4,4.8
Households,"Net disposable income, nominal values, percentage growth, annual rate",2013K1,5.2
Households,"Net disposable income, nominal values, percentage growth, annual rate",2013K2,0.3
Households,"Net disposable income, nominal values, percentage growth, annual rate",2013K3,2.8
Households,"Net disposable income, nominal values, percentage growth, annual rate",2013K4,3.2
Households,"Net disposable income, nominal values, percentage growth, annual rate",2014K1,2
Households,"Net disposable income, nominal values, percentage growth, annual rate",2014K2,5.5
Households,"Net disposable income, nominal values, percentage growth, annual rate",2014K3,3.1
Households,"Net disposable income, nominal values, percentage growth, annual rate",2014K4,2.8
Households,"Net disposable income, nominal values, percentage growth, annual rate",2015K1,2.8
Households,"Net disposable income, nominal values, percentage growth, annual rate",2015K2,5
Households,"Net disposable income, nominal values, percentage growth, annual rate",2015K3,2.1
Households,"Net disposable income, nominal values, percentage growth, annual rate",2015K4,2.4
Households,"Net disposable income, nominal values, percentage growth, annual rate",2016K1,6.3
Households,"Net disposable income, nominal values, percentage growth, annual rate",2016K2,3.5
Households,"Net disposable income, nominal values, percentage growth, annual rate",2016K3,3.1
Households,"Net disposable income, nominal values, percentage growth, annual rate",2016K4,4.1
Households,"Net disposable income, nominal values, percentage growth, annual rate",2017K1,0.6
Households,"Net disposable income, nominal values, percentage growth, annual rate",2017K2,6.1
Households,"Net disposable income, nominal values, percentage growth, annual rate",2017K3,4.2
Households,"Net disposable income, nominal values, percentage growth, annual rate",2017K4,5.9
Households,"Net disposable income, nominal values, percentage growth, annual rate",2018K1,9.2
Households,"Net disposable income, nominal values, percentage growth, annual rate",2018K2,-2.3
Households,"Net disposable income, nominal values, percentage growth, annual rate",2018K3,5.8
Households,"Net disposable income, nominal values, percentage growth, annual rate",2018K4,6.2
Households,"Net disposable income, nominal values, percentage growth, annual rate",2019K1,4.4
Households,"Net disposable income, nominal values, percentage growth, annual rate",2019K2,4.9
Households,"Net disposable income, nominal values, percentage growth, annual rate",2019K3,4.9
Households,"Net disposable income, nominal values, percentage growth, annual rate",2019K4,4.5
Households,"Net disposable income, nominal values, percentage growth, annual rate",2020K1,3
Households,"Net disposable income, nominal values, percentage growth, annual rate",2020K2,-5.1
Households,"Net disposable income, nominal values, percentage growth, annual rate",2020K3,1.1
Households,"Net disposable income, nominal values, percentage growth, annual rate",2020K4,2.3
Households,"Net disposable income, nominal values, percentage growth, annual rate",2021K1,5.8
Households,"Net disposable income, nominal values, percentage growth, annual rate",2021K2,8.9
Households,"Net disposable income, nominal values, percentage growth, annual rate",2021K3,5.6
Households,"Net disposable income, nominal values, percentage growth, annual rate",2021K4,6
Households,"Net disposable income, nominal values, percentage growth, annual rate",2022K1,8
Households,"Net disposable income, nominal values, percentage growth, annual rate",2022K2,10.1
Households,"Net disposable income, nominal values, percentage growth, annual rate",2022K3,6.5
Households,"Net disposable income, nominal values, percentage growth, annual rate",2022K4,9.6
Households,"Net disposable income, nominal values, percentage growth, annual rate",2023K1,6.3
Households,"Net disposable income, nominal values, percentage growth, annual rate",2023K2,5.9
Households,"Net disposable income, nominal values, percentage growth, annual rate",2023K3,7.3
Households,"Net disposable income, nominal values, percentage growth, annual rate",2023K4,3
Households,"Net disposable income, nominal values, percentage growth, annual rate",2024K1,4.4
Households,"Net disposable income, nominal values, percentage growth, annual rate",2024K2,5.6
Households,"Net disposable income, nominal values, percentage growth, annual rate",2024K3,4
Households,"Net disposable income, nominal values, percentage growth, annual rate",2024K4,4.9
Households,"Net disposable income, nominal values, percentage growth, annual rate",2025K1,2.7
Households,"Net disposable income, nominal values, percentage growth, annual rate",2025K2,3.4
Households,"Net disposable income, nominal values, percentage growth, annual rate",2025K3,4.7
Households,"Net disposable income, nominal values, percentage growth, annual rate",2025K4,3.9
Households,"Net disposable income, nominal values, percentage growth, annual rate",2026K1,3
Households,"Net disposable income, real values, percentage growth, annual rate",1980K1,NA
Households,"Net disposable income, real values, percentage growth, annual rate",1980K2,NA
Households,"Net disposable income, real values, percentage growth, annual rate",1980K3,NA
Households,"Net disposable income, real values, percentage growth, annual rate",1980K4,NA
Households,"Net disposable income, real values, percentage growth, annual rate",1981K1,NA
Households,"Net disposable income, real values, percentage growth, annual rate",1981K2,NA
Households,"Net disposable income, real values, percentage growth, annual rate",1981K3,NA
Households,"Net disposable income, real values, percentage growth, annual rate",1981K4,NA
Households,"Net disposable income, real values, percentage growth, annual rate",1982K1,-1.4
Households,"Net disposable income, real values, percentage growth, annual rate",1982K2,-0.9
Households,"Net disposable income, real values, percentage growth, annual rate",1982K3,-1.9
Households,"Net disposable income, real values, percentage growth, annual rate",1982K4,-3.1
Households,"Net disposable income, real values, percentage growth, annual rate",1983K1,-2.5
Households,"Net disposable income, real values, percentage growth, annual rate",1983K2,3.8
Households,"Net disposable income, real values, percentage growth, annual rate",1983K3,-3
Households,"Net disposable income, real values, percentage growth, annual rate",1983K4,-2.1
Households,"Net disposable income, real values, percentage growth, annual rate",1984K1,1.1
Households,"Net disposable income, real values, percentage growth, annual rate",1984K2,-1.1
Households,"Net disposable income, real values, percentage growth, annual rate",1984K3,3.6
Households,"Net disposable income, real values, percentage growth, annual rate",1984K4,1.6
Households,"Net disposable income, real values, percentage growth, annual rate",1985K1,1.8
Households,"Net disposable income, real values, percentage growth, annual rate",1985K2,3
Households,"Net disposable income, real values, percentage growth, annual rate",1985K3,3.1
Households,"Net disposable income, real values, percentage growth, annual rate",1985K4,2.6
Households,"Net disposable income, real values, percentage growth, annual rate",1986K1,1.7
Households,"Net disposable income, real values, percentage growth, annual rate",1986K2,2.6
Households,"Net disposable income, real values, percentage growth, annual rate",1986K3,5.3
Households,"Net disposable income, real values, percentage growth, annual rate",1986K4,3.2
Households,"Net disposable income, real values, percentage growth, annual rate",1987K1,4.4
Households,"Net disposable income, real values, percentage growth, annual rate",1987K2,5.9
Households,"Net disposable income, real values, percentage growth, annual rate",1987K3,0.2
Households,"Net disposable income, real values, percentage growth, annual rate",1987K4,-0.3
Households,"Net disposable income, real values, percentage growth, annual rate",1988K1,-1.2
Households,"Net disposable income, real values, percentage growth, annual rate",1988K2,-1.6
Households,"Net disposable income, real values, percentage growth, annual rate",1988K3,0.6
Households,"Net disposable income, real values, percentage growth, annual rate",1988K4,1.5
Households,"Net disposable income, real values, percentage growth, annual rate",1989K1,3.7
Households,"Net disposable income, real values, percentage growth, annual rate",1989K2,1.4
Households,"Net disposable income, real values, percentage growth, annual rate",1989K3,4.7
Households,"Net disposable income, real values, percentage growth, annual rate",1989K4,0.8
Households,"Net disposable income, real values, percentage growth, annual rate",1990K1,-0.2
Households,"Net disposable income, real values, percentage growth, annual rate",1990K2,4.5
Households,"Net disposable income, real values, percentage growth, annual rate",1990K3,-1.1
Households,"Net disposable income, real values, percentage growth, annual rate",1990K4,5
Households,"Net disposable income, real values, percentage growth, annual rate",1991K1,6.3
Households,"Net disposable income, real values, percentage growth, annual rate",1991K2,2
Households,"Net disposable income, real values, percentage growth, annual rate",1991K3,4.9
Households,"Net disposable income, real values, percentage growth, annual rate",1991K4,7.2
Households,"Net disposable income, real values, percentage growth, annual rate",1992K1,2.4
Households,"Net disposable income, real values, percentage growth, annual rate",1992K2,0.5
Households,"Net disposable income, real values, percentage growth, annual rate",1992K3,3.6
Households,"Net disposable income, real values, percentage growth, annual rate",1992K4,5.3
Households,"Net disposable income, real values, percentage growth, annual rate",1993K1,-4.4
Households,"Net disposable income, real values, percentage growth, annual rate",1993K2,-6.2
Households,"Net disposable income, real values, percentage growth, annual rate",1993K3,-2.3
Households,"Net disposable income, real values, percentage growth, annual rate",1993K4,-8.5
Households,"Net disposable income, real values, percentage growth, annual rate",1994K1,-1.2
Households,"Net disposable income, real values, percentage growth, annual rate",1994K2,-1.5
Households,"Net disposable income, real values, percentage growth, annual rate",1994K3,-1.6
Households,"Net disposable income, real values, percentage growth, annual rate",1994K4,3.8
Households,"Net disposable income, real values, percentage growth, annual rate",1995K1,-0.4
Households,"Net disposable income, real values, percentage growth, annual rate",1995K2,4.3
Households,"Net disposable income, real values, percentage growth, annual rate",1995K3,-1.2
Households,"Net disposable income, real values, percentage growth, annual rate",1995K4,-1
Households,"Net disposable income, real values, percentage growth, annual rate",1996K1,-1.3
Households,"Net disposable income, real values, percentage growth, annual rate",1996K2,2.5
Households,"Net disposable income, real values, percentage growth, annual rate",1996K3,0.3
Households,"Net disposable income, real values, percentage growth, annual rate",1996K4,-2.6
Households,"Net disposable income, real values, percentage growth, annual rate",1997K1,-1.4
Households,"Net disposable income, real values, percentage growth, annual rate",1997K2,-2.6
Households,"Net disposable income, real values, percentage growth, annual rate",1997K3,0.4
Households,"Net disposable income, real values, percentage growth, annual rate",1997K4,1.2
Households,"Net disposable income, real values, percentage growth, annual rate",1998K1,2.8
Households,"Net disposable income, real values, percentage growth, annual rate",1998K2,0.7
Households,"Net disposable income, real values, percentage growth, annual rate",1998K3,2.5
Households,"Net disposable income, real values, percentage growth, annual rate",1998K4,4.2
Households,"Net disposable income, real values, percentage growth, annual rate",1999K1,2.7
Households,"Net disposable income, real values, percentage growth, annual rate",1999K2,4.4
Households,"Net disposable income, real values, percentage growth, annual rate",1999K3,1.5
Households,"Net disposable income, real values, percentage growth, annual rate",1999K4,1.6
Households,"Net disposable income, real values, percentage growth, annual rate",2000K1,5.8
Households,"Net disposable income, real values, percentage growth, annual rate",2000K2,2.3
Households,"Net disposable income, real values, percentage growth, annual rate",2000K3,6.5
Households,"Net disposable income, real values, percentage growth, annual rate",2000K4,5
Households,"Net disposable income, real values, percentage growth, annual rate",2001K1,6
Households,"Net disposable income, real values, percentage growth, annual rate",2001K2,5.8
Households,"Net disposable income, real values, percentage growth, annual rate",2001K3,5.2
Households,"Net disposable income, real values, percentage growth, annual rate",2001K4,5.1
Households,"Net disposable income, real values, percentage growth, annual rate",2002K1,4.8
Households,"Net disposable income, real values, percentage growth, annual rate",2002K2,5.9
Households,"Net disposable income, real values, percentage growth, annual rate",2002K3,3.9
Households,"Net disposable income, real values, percentage growth, annual rate",2002K4,3.5
Households,"Net disposable income, real values, percentage growth, annual rate",2003K1,0.4
Households,"Net disposable income, real values, percentage growth, annual rate",2003K2,0.3
Households,"Net disposable income, real values, percentage growth, annual rate",2003K3,1.2
Households,"Net disposable income, real values, percentage growth, annual rate",2003K4,0.6
Households,"Net disposable income, real values, percentage growth, annual rate",2004K1,2.3
Households,"Net disposable income, real values, percentage growth, annual rate",2004K2,-0.4
Households,"Net disposable income, real values, percentage growth, annual rate",2004K3,1.6
Households,"Net disposable income, real values, percentage growth, annual rate",2004K4,3
Households,"Net disposable income, real values, percentage growth, annual rate",2005K1,1.8
Households,"Net disposable income, real values, percentage growth, annual rate",2005K2,5.8
Households,"Net disposable income, real values, percentage growth, annual rate",2005K3,1.1
Households,"Net disposable income, real values, percentage growth, annual rate",2005K4,4.4
Households,"Net disposable income, real values, percentage growth, annual rate",2006K1,4.5
Households,"Net disposable income, real values, percentage growth, annual rate",2006K2,7.4
Households,"Net disposable income, real values, percentage growth, annual rate",2006K3,4.5
Households,"Net disposable income, real values, percentage growth, annual rate",2006K4,4.6
Households,"Net disposable income, real values, percentage growth, annual rate",2007K1,7
Households,"Net disposable income, real values, percentage growth, annual rate",2007K2,9.1
Households,"Net disposable income, real values, percentage growth, annual rate",2007K3,5.4
Households,"Net disposable income, real values, percentage growth, annual rate",2007K4,3
Households,"Net disposable income, real values, percentage growth, annual rate",2008K1,2.8
Households,"Net disposable income, real values, percentage growth, annual rate",2008K2,6
Households,"Net disposable income, real values, percentage growth, annual rate",2008K3,3.4
Households,"Net disposable income, real values, percentage growth, annual rate",2008K4,0.8
Households,"Net disposable income, real values, percentage growth, annual rate",2009K1,3
Households,"Net disposable income, real values, percentage growth, annual rate",2009K2,-0.2
Households,"Net disposable income, real values, percentage growth, annual rate",2009K3,2.7
Households,"Net disposable income, real values, percentage growth, annual rate",2009K4,4.6
Households,"Net disposable income, real values, percentage growth, annual rate",2010K1,1.7
Households,"Net disposable income, real values, percentage growth, annual rate",2010K2,2
Households,"Net disposable income, real values, percentage growth, annual rate",2010K3,3.7
Households,"Net disposable income, real values, percentage growth, annual rate",2010K4,4.2
Households,"Net disposable income, real values, percentage growth, annual rate",2011K1,3.9
Households,"Net disposable income, real values, percentage growth, annual rate",2011K2,4.7
Households,"Net disposable income, real values, percentage growth, annual rate",2011K3,3
Households,"Net disposable income, real values, percentage growth, annual rate",2011K4,2.3
Households,"Net disposable income, real values, percentage growth, annual rate",2012K1,3
Households,"Net disposable income, real values, percentage growth, annual rate",2012K2,4.5
Households,"Net disposable income, real values, percentage growth, annual rate",2012K3,3.5
Households,"Net disposable income, real values, percentage growth, annual rate",2012K4,4.7
Households,"Net disposable income, real values, percentage growth, annual rate",2013K1,4.8
Households,"Net disposable income, real values, percentage growth, annual rate",2013K2,0.3
Households,"Net disposable income, real values, percentage growth, annual rate",2013K3,2.2
Households,"Net disposable income, real values, percentage growth, annual rate",2013K4,2
Households,"Net disposable income, real values, percentage growth, annual rate",2014K1,1.6
Households,"Net disposable income, real values, percentage growth, annual rate",2014K2,4.3
Households,"Net disposable income, real values, percentage growth, annual rate",2014K3,1.9
Households,"Net disposable income, real values, percentage growth, annual rate",2014K4,2.3
Households,"Net disposable income, real values, percentage growth, annual rate",2015K1,1.6
Households,"Net disposable income, real values, percentage growth, annual rate",2015K2,4
Households,"Net disposable income, real values, percentage growth, annual rate",2015K3,1.3
Households,"Net disposable income, real values, percentage growth, annual rate",2015K4,1.4
Households,"Net disposable income, real values, percentage growth, annual rate",2016K1,5.7
Households,"Net disposable income, real values, percentage growth, annual rate",2016K2,2.7
Households,"Net disposable income, real values, percentage growth, annual rate",2016K3,2.1
Households,"Net disposable income, real values, percentage growth, annual rate",2016K4,2.8
Households,"Net disposable income, real values, percentage growth, annual rate",2017K1,-1.1
Households,"Net disposable income, real values, percentage growth, annual rate",2017K2,4.1
Households,"Net disposable income, real values, percentage growth, annual rate",2017K3,2.5
Households,"Net disposable income, real values, percentage growth, annual rate",2017K4,4.4
Households,"Net disposable income, real values, percentage growth, annual rate",2018K1,6.8
Households,"Net disposable income, real values, percentage growth, annual rate",2018K2,-4.5
Households,"Net disposable income, real values, percentage growth, annual rate",2018K3,2.7
Households,"Net disposable income, real values, percentage growth, annual rate",2018K4,3.6
Households,"Net disposable income, real values, percentage growth, annual rate",2019K1,2.5
Households,"Net disposable income, real values, percentage growth, annual rate",2019K2,2.5
Households,"Net disposable income, real values, percentage growth, annual rate",2019K3,2.8
Households,"Net disposable income, real values, percentage growth, annual rate",2019K4,2.4
Households,"Net disposable income, real values, percentage growth, annual rate",2020K1,1.7
Households,"Net disposable income, real values, percentage growth, annual rate",2020K2,-5.6
Households,"Net disposable income, real values, percentage growth, annual rate",2020K3,0.2
Households,"Net disposable income, real values, percentage growth, annual rate",2020K4,1.8
Households,"Net disposable income, real values, percentage growth, annual rate",2021K1,4.2
Households,"Net disposable income, real values, percentage growth, annual rate",2021K2,6.6
Households,"Net disposable income, real values, percentage growth, annual rate",2021K3,3.9
Households,"Net disposable income, real values, percentage growth, annual rate",2021K4,2.4
Households,"Net disposable income, real values, percentage growth, annual rate",2022K1,4.2
Households,"Net disposable income, real values, percentage growth, annual rate",2022K2,3.9
Households,"Net disposable income, real values, percentage growth, annual rate",2022K3,-1.7
Households,"Net disposable income, real values, percentage growth, annual rate",2022K4,0
Households,"Net disposable income, real values, percentage growth, annual rate",2023K1,-2.6
Households,"Net disposable income, real values, percentage growth, annual rate",2023K2,-2
Households,"Net disposable income, real values, percentage growth, annual rate",2023K3,0.4
Households,"Net disposable income, real values, percentage growth, annual rate",2023K4,0.1
Households,"Net disposable income, real values, percentage growth, annual rate",2024K1,0.4
Households,"Net disposable income, real values, percentage growth, annual rate",2024K2,2.7
Households,"Net disposable income, real values, percentage growth, annual rate",2024K3,2.1
Households,"Net disposable income, real values, percentage growth, annual rate",2024K4,2.1
Households,"Net disposable income, real values, percentage growth, annual rate",2025K1,0.3
Households,"Net disposable income, real values, percentage growth, annual rate",2025K2,0.7
Households,"Net disposable income, real values, percentage growth, annual rate",2025K3,1.4
Households,"Net disposable income, real values, percentage growth, annual rate",2025K4,1.1
Households,"Net disposable income, real values, percentage growth, annual rate",2026K1,1
Households,Net saving rate,1980K1,5.8
Households,Net saving rate,1980K2,13.5
Households,Net saving rate,1980K3,9.8
Households,Net saving rate,1980K4,-3.2
Households,Net saving rate,1981K1,3.2
Households,Net saving rate,1981K2,7.1
Households,Net saving rate,1981K3,4.6
Households,Net saving rate,1981K4,-6
Households,Net saving rate,1982K1,0.2
Households,Net saving rate,1982K2,5.4
Households,Net saving rate,1982K3,2.1
Households,Net saving rate,1982K4,-11.2
Households,Net saving rate,1983K1,0.5
Households,Net saving rate,1983K2,11.6
Households,Net saving rate,1983K3,1.1
Households,Net saving rate,1983K4,-10.9
Households,Net saving rate,1984K1,-1.2
Households,Net saving rate,1984K2,8.5
Households,Net saving rate,1984K3,3.1
Households,Net saving rate,1984K4,-10
Households,Net saving rate,1985K1,-2.1
Households,Net saving rate,1985K2,8.6
Households,Net saving rate,1985K3,4.2
Households,Net saving rate,1985K4,-9.6
Households,Net saving rate,1986K1,-3.1
Households,Net saving rate,1986K2,6.7
Households,Net saving rate,1986K3,2.4
Households,Net saving rate,1986K4,-13.4
Households,Net saving rate,1987K1,-5
Households,Net saving rate,1987K2,5.3
Households,Net saving rate,1987K3,-0.8
Households,Net saving rate,1987K4,-19
Households,Net saving rate,1988K1,-12.3
Households,Net saving rate,1988K2,2.4
Households,Net saving rate,1988K3,-3.6
Households,Net saving rate,1988K4,-18.8
Households,Net saving rate,1989K1,-8.3
Households,Net saving rate,1989K2,1.8
Households,Net saving rate,1989K3,0
Households,Net saving rate,1989K4,-20.1
Households,Net saving rate,1990K1,-7.3
Households,Net saving rate,1990K2,6.6
Households,Net saving rate,1990K3,0
Households,Net saving rate,1990K4,-9.6
Households,Net saving rate,1991K1,-0.4
Households,Net saving rate,1991K2,8.5
Households,Net saving rate,1991K3,3.5
Households,Net saving rate,1991K4,-5.6
Households,Net saving rate,1992K1,2.8
Households,Net saving rate,1992K2,9.9
Households,Net saving rate,1992K3,7
Households,Net saving rate,1992K4,2
Households,Net saving rate,1993K1,7.5
Households,Net saving rate,1993K2,11.2
Households,Net saving rate,1993K3,7.7
Households,Net saving rate,1993K4,-6.6
Households,Net saving rate,1994K1,3.9
Households,Net saving rate,1994K2,9.2
Households,Net saving rate,1994K3,4.5
Households,Net saving rate,1994K4,-2.2
Households,Net saving rate,1995K1,4.9
Households,Net saving rate,1995K2,11.7
Households,Net saving rate,1995K3,2.6
Households,Net saving rate,1995K4,-3.8
Households,Net saving rate,1996K1,0.6
Households,Net saving rate,1996K2,13
Households,Net saving rate,1996K3,1.2
Households,Net saving rate,1996K4,-8.9
Households,Net saving rate,1997K1,-3.9
Households,Net saving rate,1997K2,5.8
Households,Net saving rate,1997K3,-0.7
Households,Net saving rate,1997K4,-11.3
Households,Net saving rate,1998K1,-2.9
Households,Net saving rate,1998K2,5.3
Households,Net saving rate,1998K3,-0.9
Households,Net saving rate,1998K4,-10.4
Households,Net saving rate,1999K1,-4
Households,Net saving rate,1999K2,6.5
Households,Net saving rate,1999K3,-2.5
Households,Net saving rate,1999K4,-14.1
Households,Net saving rate,2000K1,-2.3
Households,Net saving rate,2000K2,3.5
Households,Net saving rate,2000K3,0.1
Households,Net saving rate,2000K4,-10.2
Households,Net saving rate,2001K1,-0.5
Households,Net saving rate,2001K2,8.2
Households,Net saving rate,2001K3,3.1
Households,Net saving rate,2001K4,-4.1
Households,Net saving rate,2002K1,2.7
Households,Net saving rate,2002K2,10.8
Households,Net saving rate,2002K3,4
Households,Net saving rate,2002K4,-4.1
Households,Net saving rate,2003K1,2.6
Households,Net saving rate,2003K2,10.6
Households,Net saving rate,2003K3,3.5
Households,Net saving rate,2003K4,-5.7
Households,Net saving rate,2004K1,1.2
Households,Net saving rate,2004K2,7.6
Households,Net saving rate,2004K3,2.8
Households,Net saving rate,2004K4,-5
Households,Net saving rate,2005K1,2.1
Households,Net saving rate,2005K2,9.5
Households,Net saving rate,2005K3,-1.1
Households,Net saving rate,2005K4,-5
Households,Net saving rate,2006K1,3.6
Households,Net saving rate,2006K2,13.1
Households,Net saving rate,2006K3,1.4
Households,Net saving rate,2006K4,-3.8
Households,Net saving rate,2007K1,6.5
Households,Net saving rate,2007K2,18.2
Households,Net saving rate,2007K3,2
Households,Net saving rate,2007K4,-3.6
Households,Net saving rate,2008K1,5.4
Households,Net saving rate,2008K2,21.1
Households,Net saving rate,2008K3,5.7
Households,Net saving rate,2008K4,-0.7
Households,Net saving rate,2009K1,8.7
Households,Net saving rate,2009K2,18.4
Households,Net saving rate,2009K3,5.1
Households,Net saving rate,2009K4,0.5
Households,Net saving rate,2010K1,8.7
Households,Net saving rate,2010K2,19.2
Households,Net saving rate,2010K3,6.5
Households,Net saving rate,2010K4,1.6
Households,Net saving rate,2011K1,8.8
Households,Net saving rate,2011K2,20.6
Households,Net saving rate,2011K3,7.5
Households,Net saving rate,2011K4,1.7
Households,Net saving rate,2012K1,9.6
Households,Net saving rate,2012K2,23.2
Households,Net saving rate,2012K3,8.9
Households,Net saving rate,2012K4,4.3
Households,Net saving rate,2013K1,12.7
Households,Net saving rate,2013K2,22
Households,Net saving rate,2013K3,9
Households,Net saving rate,2013K4,4
Households,Net saving rate,2014K1,13
Households,Net saving rate,2014K2,23.5
Households,Net saving rate,2014K3,9.7
Households,Net saving rate,2014K4,4.7
Households,Net saving rate,2015K1,10
Households,Net saving rate,2015K2,22.6
Households,Net saving rate,2015K3,6.2
Households,Net saving rate,2015K4,1
Households,Net saving rate,2016K1,11.9
Households,Net saving rate,2016K2,23.2
Households,Net saving rate,2016K3,6.4
Households,Net saving rate,2016K4,3.4
Households,Net saving rate,2017K1,7.3
Households,Net saving rate,2017K2,24.2
Households,Net saving rate,2017K3,6.3
Households,Net saving rate,2017K4,3.5
Households,Net saving rate,2018K1,13.4
Households,Net saving rate,2018K2,19.9
Households,Net saving rate,2018K3,8.3
Households,Net saving rate,2018K4,6.5
Households,Net saving rate,2019K1,15.7
Households,Net saving rate,2019K2,22.8
Households,Net saving rate,2019K3,9.1
Households,Net saving rate,2019K4,9.1
Households,Net saving rate,2020K1,13.4
Households,Net saving rate,2020K2,22.4
Households,Net saving rate,2020K3,11.7
Households,Net saving rate,2020K4,11.9
Households,Net saving rate,2021K1,20.9
Households,Net saving rate,2021K2,21.5
Households,Net saving rate,2021K3,8.7
Households,Net saving rate,2021K4,7.7
Households,Net saving rate,2022K1,18.1
Households,Net saving rate,2022K2,19
Households,Net saving rate,2022K3,5.7
Households,Net saving rate,2022K4,7.8
Households,Net saving rate,2023K1,17.8
Households,Net saving rate,2023K2,21.2
Households,Net saving rate,2023K3,9.1
Households,Net saving rate,2023K4,8.9
Households,Net saving rate,2024K1,19.1
Households,Net saving rate,2024K2,23.8
Households,Net saving rate,2024K3,10.2
Households,Net saving rate,2024K4,10.9
Households,Net saving rate,2025K1,15.9
Households,Net saving rate,2025K2,21.7
Households,Net saving rate,2025K3,7.1
Households,Net saving rate,2025K4,8
Households,Net saving rate,2026K1,14.7
Households,Net saving ratio excl. pension funds reserves,1980K1,2.8
Households,Net saving ratio excl. pension funds reserves,1980K2,10.8
Households,Net saving ratio excl. pension funds reserves,1980K3,7.1
Households,Net saving ratio excl. pension funds reserves,1980K4,-6.5
Households,Net saving ratio excl. pension funds reserves,1981K1,-0.1
Households,Net saving ratio excl. pension funds reserves,1981K2,3.9
Households,Net saving ratio excl. pension funds reserves,1981K3,1.4
Households,Net saving ratio excl. pension funds reserves,1981K4,-9.6
Households,Net saving ratio excl. pension funds reserves,1982K1,-3
Households,Net saving ratio excl. pension funds reserves,1982K2,2.3
Households,Net saving ratio excl. pension funds reserves,1982K3,-0.9
Households,Net saving ratio excl. pension funds reserves,1982K4,-14.8
Households,Net saving ratio excl. pension funds reserves,1983K1,-2.6
Households,Net saving ratio excl. pension funds reserves,1983K2,8.9
Households,Net saving ratio excl. pension funds reserves,1983K3,-1.9
Households,Net saving ratio excl. pension funds reserves,1983K4,-14.4
Households,Net saving ratio excl. pension funds reserves,1984K1,-4.5
Households,Net saving ratio excl. pension funds reserves,1984K2,5.6
Households,Net saving ratio excl. pension funds reserves,1984K3,0.1
Households,Net saving ratio excl. pension funds reserves,1984K4,-13.5
Households,Net saving ratio excl. pension funds reserves,1985K1,-5.8
Households,Net saving ratio excl. pension funds reserves,1985K2,5.3
Households,Net saving ratio excl. pension funds reserves,1985K3,0.9
Households,Net saving ratio excl. pension funds reserves,1985K4,-13.5
Households,Net saving ratio excl. pension funds reserves,1986K1,-6.7
Households,Net saving ratio excl. pension funds reserves,1986K2,3.6
Households,Net saving ratio excl. pension funds reserves,1986K3,-0.7
Households,Net saving ratio excl. pension funds reserves,1986K4,-17.3
Households,Net saving ratio excl. pension funds reserves,1987K1,-8.5
Households,Net saving ratio excl. pension funds reserves,1987K2,2.3
Households,Net saving ratio excl. pension funds reserves,1987K3,-3.9
Households,Net saving ratio excl. pension funds reserves,1987K4,-23
Households,Net saving ratio excl. pension funds reserves,1988K1,-16.4
Households,Net saving ratio excl. pension funds reserves,1988K2,-1
Households,Net saving ratio excl. pension funds reserves,1988K3,-7
Households,Net saving ratio excl. pension funds reserves,1988K4,-23.1
Households,Net saving ratio excl. pension funds reserves,1989K1,-11.8
Households,Net saving ratio excl. pension funds reserves,1989K2,-1.4
Households,Net saving ratio excl. pension funds reserves,1989K3,-2.9
Households,Net saving ratio excl. pension funds reserves,1989K4,-24.1
Households,Net saving ratio excl. pension funds reserves,1990K1,-11.2
Households,Net saving ratio excl. pension funds reserves,1990K2,3.5
Households,Net saving ratio excl. pension funds reserves,1990K3,-3.2
Households,Net saving ratio excl. pension funds reserves,1990K4,-13.3
Households,Net saving ratio excl. pension funds reserves,1991K1,-3
Households,Net saving ratio excl. pension funds reserves,1991K2,6.2
Households,Net saving ratio excl. pension funds reserves,1991K3,1.2
Households,Net saving ratio excl. pension funds reserves,1991K4,-8.2
Households,Net saving ratio excl. pension funds reserves,1992K1,0.9
Households,Net saving ratio excl. pension funds reserves,1992K2,8.1
Households,Net saving ratio excl. pension funds reserves,1992K3,5.3
Households,Net saving ratio excl. pension funds reserves,1992K4,0.2
Households,Net saving ratio excl. pension funds reserves,1993K1,4
Households,Net saving ratio excl. pension funds reserves,1993K2,7.8
Households,Net saving ratio excl. pension funds reserves,1993K3,4
Households,Net saving ratio excl. pension funds reserves,1993K4,-10.3
Households,Net saving ratio excl. pension funds reserves,1994K1,-0.5
Households,Net saving ratio excl. pension funds reserves,1994K2,4.9
Households,Net saving ratio excl. pension funds reserves,1994K3,1
Households,Net saving ratio excl. pension funds reserves,1994K4,-7.5
Households,Net saving ratio excl. pension funds reserves,1995K1,-1.8
Households,Net saving ratio excl. pension funds reserves,1995K2,7.1
Households,Net saving ratio excl. pension funds reserves,1995K3,-1.9
Households,Net saving ratio excl. pension funds reserves,1995K4,-9.5
Households,Net saving ratio excl. pension funds reserves,1996K1,-5
Households,Net saving ratio excl. pension funds reserves,1996K2,7.4
Households,Net saving ratio excl. pension funds reserves,1996K3,-4.5
Households,Net saving ratio excl. pension funds reserves,1996K4,-14.9
Households,Net saving ratio excl. pension funds reserves,1997K1,-9.4
Households,Net saving ratio excl. pension funds reserves,1997K2,0.3
Households,Net saving ratio excl. pension funds reserves,1997K3,-6.2
Households,Net saving ratio excl. pension funds reserves,1997K4,-17.4
Households,Net saving ratio excl. pension funds reserves,1998K1,-9.4
Households,Net saving ratio excl. pension funds reserves,1998K2,-1.7
Households,Net saving ratio excl. pension funds reserves,1998K3,-7.6
Households,Net saving ratio excl. pension funds reserves,1998K4,-17.4
Households,Net saving ratio excl. pension funds reserves,1999K1,-11.3
Households,Net saving ratio excl. pension funds reserves,1999K2,-1.1
Households,Net saving ratio excl. pension funds reserves,1999K3,-10.2
Households,Net saving ratio excl. pension funds reserves,1999K4,-23
Households,Net saving ratio excl. pension funds reserves,2000K1,-12.5
Households,Net saving ratio excl. pension funds reserves,2000K2,-5.6
Households,Net saving ratio excl. pension funds reserves,2000K3,-10.1
Households,Net saving ratio excl. pension funds reserves,2000K4,-19.9
Households,Net saving ratio excl. pension funds reserves,2001K1,-8.3
Households,Net saving ratio excl. pension funds reserves,2001K2,-0.4
Households,Net saving ratio excl. pension funds reserves,2001K3,-5.3
Households,Net saving ratio excl. pension funds reserves,2001K4,-13.8
Households,Net saving ratio excl. pension funds reserves,2002K1,-4.9
Households,Net saving ratio excl. pension funds reserves,2002K2,3.1
Households,Net saving ratio excl. pension funds reserves,2002K3,-3.6
Households,Net saving ratio excl. pension funds reserves,2002K4,-12.8
Households,Net saving ratio excl. pension funds reserves,2003K1,-5.1
Households,Net saving ratio excl. pension funds reserves,2003K2,2.6
Households,Net saving ratio excl. pension funds reserves,2003K3,-4.6
Households,Net saving ratio excl. pension funds reserves,2003K4,-14.7
Households,Net saving ratio excl. pension funds reserves,2004K1,-6.4
Households,Net saving ratio excl. pension funds reserves,2004K2,-0.5
Households,Net saving ratio excl. pension funds reserves,2004K3,-5.8
Households,Net saving ratio excl. pension funds reserves,2004K4,-14.6
Households,Net saving ratio excl. pension funds reserves,2005K1,-5.8
Households,Net saving ratio excl. pension funds reserves,2005K2,1.7
Households,Net saving ratio excl. pension funds reserves,2005K3,-9
Households,Net saving ratio excl. pension funds reserves,2005K4,-13.5
Households,Net saving ratio excl. pension funds reserves,2006K1,-4.4
Households,Net saving ratio excl. pension funds reserves,2006K2,5.7
Households,Net saving ratio excl. pension funds reserves,2006K3,-6.4
Households,Net saving ratio excl. pension funds reserves,2006K4,-12.1
Households,Net saving ratio excl. pension funds reserves,2007K1,-2
Households,Net saving ratio excl. pension funds reserves,2007K2,9.8
Households,Net saving ratio excl. pension funds reserves,2007K3,-6.4
Households,Net saving ratio excl. pension funds reserves,2007K4,-13.4
Households,Net saving ratio excl. pension funds reserves,2008K1,-1.6
Households,Net saving ratio excl. pension funds reserves,2008K2,12.9
Households,Net saving ratio excl. pension funds reserves,2008K3,-1.7
Households,Net saving ratio excl. pension funds reserves,2008K4,-8.3
Households,Net saving ratio excl. pension funds reserves,2009K1,2.5
Households,Net saving ratio excl. pension funds reserves,2009K2,12.2
Households,Net saving ratio excl. pension funds reserves,2009K3,-1.1
Households,Net saving ratio excl. pension funds reserves,2009K4,-6.8
Households,Net saving ratio excl. pension funds reserves,2010K1,-0.3
Households,Net saving ratio excl. pension funds reserves,2010K2,10.7
Households,Net saving ratio excl. pension funds reserves,2010K3,-1.5
Households,Net saving ratio excl. pension funds reserves,2010K4,-6.6
Households,Net saving ratio excl. pension funds reserves,2011K1,0.7
Households,Net saving ratio excl. pension funds reserves,2011K2,12.2
Households,Net saving ratio excl. pension funds reserves,2011K3,0.3
Households,Net saving ratio excl. pension funds reserves,2011K4,-5.3
Households,Net saving ratio excl. pension funds reserves,2012K1,2.2
Households,Net saving ratio excl. pension funds reserves,2012K2,15.7
Households,Net saving ratio excl. pension funds reserves,2012K3,2.3
Households,Net saving ratio excl. pension funds reserves,2012K4,-2.3
Households,Net saving ratio excl. pension funds reserves,2013K1,5.5
Households,Net saving ratio excl. pension funds reserves,2013K2,14.3
Households,Net saving ratio excl. pension funds reserves,2013K3,2.2
Households,Net saving ratio excl. pension funds reserves,2013K4,-2.6
Households,Net saving ratio excl. pension funds reserves,2014K1,4.7
Households,Net saving ratio excl. pension funds reserves,2014K2,15.3
Households,Net saving ratio excl. pension funds reserves,2014K3,1.9
Households,Net saving ratio excl. pension funds reserves,2014K4,-3.7
Households,Net saving ratio excl. pension funds reserves,2015K1,2
Households,Net saving ratio excl. pension funds reserves,2015K2,15.3
Households,Net saving ratio excl. pension funds reserves,2015K3,-1
Households,Net saving ratio excl. pension funds reserves,2015K4,-6.5
Households,Net saving ratio excl. pension funds reserves,2016K1,4.7
Households,Net saving ratio excl. pension funds reserves,2016K2,15.7
Households,Net saving ratio excl. pension funds reserves,2016K3,-1
Households,Net saving ratio excl. pension funds reserves,2016K4,-5.5
Households,Net saving ratio excl. pension funds reserves,2017K1,-0.3
Households,Net saving ratio excl. pension funds reserves,2017K2,17.3
Households,Net saving ratio excl. pension funds reserves,2017K3,-0.3
Households,Net saving ratio excl. pension funds reserves,2017K4,-3
Households,Net saving ratio excl. pension funds reserves,2018K1,5.1
Households,Net saving ratio excl. pension funds reserves,2018K2,10.7
Households,Net saving ratio excl. pension funds reserves,2018K3,0.3
Households,Net saving ratio excl. pension funds reserves,2018K4,-0.9
Households,Net saving ratio excl. pension funds reserves,2019K1,7.4
Households,Net saving ratio excl. pension funds reserves,2019K2,13
Households,Net saving ratio excl. pension funds reserves,2019K3,1
Households,Net saving ratio excl. pension funds reserves,2019K4,0.4
Households,Net saving ratio excl. pension funds reserves,2020K1,6.7
Households,Net saving ratio excl. pension funds reserves,2020K2,15
Households,Net saving ratio excl. pension funds reserves,2020K3,4.3
Households,Net saving ratio excl. pension funds reserves,2020K4,5.4
Households,Net saving ratio excl. pension funds reserves,2021K1,13.2
Households,Net saving ratio excl. pension funds reserves,2021K2,12.3
Households,Net saving ratio excl. pension funds reserves,2021K3,1.2
Households,Net saving ratio excl. pension funds reserves,2021K4,-0.2
Households,Net saving ratio excl. pension funds reserves,2022K1,11.9
Households,Net saving ratio excl. pension funds reserves,2022K2,10.4
Households,Net saving ratio excl. pension funds reserves,2022K3,-1.3
Households,Net saving ratio excl. pension funds reserves,2022K4,1.1
Households,Net saving ratio excl. pension funds reserves,2023K1,11.1
Households,Net saving ratio excl. pension funds reserves,2023K2,11.5
Households,Net saving ratio excl. pension funds reserves,2023K3,0.8
Households,Net saving ratio excl. pension funds reserves,2023K4,1.1
Households,Net saving ratio excl. pension funds reserves,2024K1,10.5
Households,Net saving ratio excl. pension funds reserves,2024K2,12.8
Households,Net saving ratio excl. pension funds reserves,2024K3,1.2
Households,Net saving ratio excl. pension funds reserves,2024K4,1.8
Households,Net saving ratio excl. pension funds reserves,2025K1,9.5
Households,Net saving ratio excl. pension funds reserves,2025K2,12.1
Households,Net saving ratio excl. pension funds reserves,2025K3,0.2
Households,Net saving ratio excl. pension funds reserves,2025K4,0.7
Households,Net saving ratio excl. pension funds reserves,2026K1,8.2
Households,Net lending ratio,1980K1,-2
Households,Net lending ratio,1980K2,3.4
Households,Net lending ratio,1980K3,2.9
Households,Net lending ratio,1980K4,-13
Households,Net lending ratio,1981K1,-3.6
Households,Net lending ratio,1981K2,0.2
Households,Net lending ratio,1981K3,0.3
Households,Net lending ratio,1981K4,-12.3
Households,Net lending ratio,1982K1,-5
Households,Net lending ratio,1982K2,-0.2
Households,Net lending ratio,1982K3,-0.4
Households,Net lending ratio,1982K4,-16.6
Households,Net lending ratio,1983K1,-4.3
Households,Net lending ratio,1983K2,6.8
Households,Net lending ratio,1983K3,-0.3
Households,Net lending ratio,1983K4,-15.7
Households,Net lending ratio,1984K1,-6.2
Households,Net lending ratio,1984K2,3.3
Households,Net lending ratio,1984K3,0.7
Households,Net lending ratio,1984K4,-15.7
Households,Net lending ratio,1985K1,-6.4
Households,Net lending ratio,1985K2,3.5
Households,Net lending ratio,1985K3,0.5
Households,Net lending ratio,1985K4,-15
Households,Net lending ratio,1986K1,-6.6
Households,Net lending ratio,1986K2,3
Households,Net lending ratio,1986K3,-0.3
Households,Net lending ratio,1986K4,-17.8
Households,Net lending ratio,1987K1,-9.4
Households,Net lending ratio,1987K2,0.9
Households,Net lending ratio,1987K3,-5.4
Households,Net lending ratio,1987K4,-24.9
Households,Net lending ratio,1988K1,-16.1
Households,Net lending ratio,1988K2,-1.7
Households,Net lending ratio,1988K3,-7.4
Households,Net lending ratio,1988K4,-24.7
Households,Net lending ratio,1989K1,-11.1
Households,Net lending ratio,1989K2,-2.2
Households,Net lending ratio,1989K3,-2.7
Households,Net lending ratio,1989K4,-26.2
Households,Net lending ratio,1990K1,-11.7
Households,Net lending ratio,1990K2,1.9
Households,Net lending ratio,1990K3,-4.2
Households,Net lending ratio,1990K4,-15.8
Households,Net lending ratio,1991K1,-3.7
Households,Net lending ratio,1991K2,6.1
Households,Net lending ratio,1991K3,1.6
Households,Net lending ratio,1991K4,-7
Households,Net lending ratio,1992K1,0.9
Households,Net lending ratio,1992K2,8
Households,Net lending ratio,1992K3,6.2
Households,Net lending ratio,1992K4,1.2
Households,Net lending ratio,1993K1,7.5
Households,Net lending ratio,1993K2,11.2
Households,Net lending ratio,1993K3,8.6
Households,Net lending ratio,1993K4,-5.4
Households,Net lending ratio,1994K1,2.8
Households,Net lending ratio,1994K2,7.7
Households,Net lending ratio,1994K3,4.1
Households,Net lending ratio,1994K4,-2.4
Households,Net lending ratio,1995K1,3.8
Households,Net lending ratio,1995K2,10.2
Households,Net lending ratio,1995K3,2.1
Households,Net lending ratio,1995K4,-4.3
Households,Net lending ratio,1996K1,-1.2
Households,Net lending ratio,1996K2,12.6
Households,Net lending ratio,1996K3,-0.1
Households,Net lending ratio,1996K4,-9.5
Households,Net lending ratio,1997K1,-5
Households,Net lending ratio,1997K2,3.9
Households,Net lending ratio,1997K3,-1.3
Households,Net lending ratio,1997K4,-12.2
Households,Net lending ratio,1998K1,-4.5
Households,Net lending ratio,1998K2,3.1
Households,Net lending ratio,1998K3,-1.7
Households,Net lending ratio,1998K4,-11.5
Households,Net lending ratio,1999K1,-5.8
Households,Net lending ratio,1999K2,4.1
Households,Net lending ratio,1999K3,-3.8
Households,Net lending ratio,1999K4,-15.3
Households,Net lending ratio,2000K1,-3.9
Households,Net lending ratio,2000K2,0.9
Households,Net lending ratio,2000K3,-1.4
Households,Net lending ratio,2000K4,-11.9
Households,Net lending ratio,2001K1,-2.5
Households,Net lending ratio,2001K2,5.5
Households,Net lending ratio,2001K3,1.9
Households,Net lending ratio,2001K4,-5.3
Households,Net lending ratio,2002K1,0.5
Households,Net lending ratio,2002K2,7.2
Households,Net lending ratio,2002K3,2
Households,Net lending ratio,2002K4,-6
Households,Net lending ratio,2003K1,-0.1
Households,Net lending ratio,2003K2,6.3
Households,Net lending ratio,2003K3,1.1
Households,Net lending ratio,2003K4,-8.2
Households,Net lending ratio,2004K1,-2.2
Households,Net lending ratio,2004K2,2.8
Households,Net lending ratio,2004K3,-0.2
Households,Net lending ratio,2004K4,-8.1
Households,Net lending ratio,2005K1,-1.5
Households,Net lending ratio,2005K2,5
Households,Net lending ratio,2005K3,-4
Households,Net lending ratio,2005K4,-8
Households,Net lending ratio,2006K1,-0.5
Households,Net lending ratio,2006K2,8.5
Households,Net lending ratio,2006K3,-1.9
Households,Net lending ratio,2006K4,-7.2
Households,Net lending ratio,2007K1,2
Households,Net lending ratio,2007K2,13.1
Households,Net lending ratio,2007K3,-1.6
Households,Net lending ratio,2007K4,-7.3
Households,Net lending ratio,2008K1,1.4
Households,Net lending ratio,2008K2,16.6
Households,Net lending ratio,2008K3,2.8
Households,Net lending ratio,2008K4,-3.4
Households,Net lending ratio,2009K1,6.1
Households,Net lending ratio,2009K2,15.5
Households,Net lending ratio,2009K3,3.3
Households,Net lending ratio,2009K4,-1.7
Households,Net lending ratio,2010K1,5.7
Households,Net lending ratio,2010K2,15.2
Households,Net lending ratio,2010K3,3.8
Households,Net lending ratio,2010K4,-1.2
Households,Net lending ratio,2011K1,5.8
Households,Net lending ratio,2011K2,16.7
Households,Net lending ratio,2011K3,5.1
Households,Net lending ratio,2011K4,-0.4
Households,Net lending ratio,2012K1,7.6
Households,Net lending ratio,2012K2,20.6
Households,Net lending ratio,2012K3,7.6
Households,Net lending ratio,2012K4,2.9
Households,Net lending ratio,2013K1,10.8
Households,Net lending ratio,2013K2,19.3
Households,Net lending ratio,2013K3,7.4
Households,Net lending ratio,2013K4,2.5
Households,Net lending ratio,2014K1,10.9
Households,Net lending ratio,2014K2,20.6
Households,Net lending ratio,2014K3,8
Households,Net lending ratio,2014K4,2.9
Households,Net lending ratio,2015K1,6.8
Households,Net lending ratio,2015K2,19
Households,Net lending ratio,2015K3,3.3
Households,Net lending ratio,2015K4,-2.1
Households,Net lending ratio,2016K1,7.8
Households,Net lending ratio,2016K2,19.1
Households,Net lending ratio,2016K3,2.9
Households,Net lending ratio,2016K4,0.1
Households,Net lending ratio,2017K1,2.6
Households,Net lending ratio,2017K2,19.5
Households,Net lending ratio,2017K3,2.3
Households,Net lending ratio,2017K4,-0.2
Households,Net lending ratio,2018K1,9.4
Households,Net lending ratio,2018K2,15.6
Households,Net lending ratio,2018K3,5
Households,Net lending ratio,2018K4,3.4
Households,Net lending ratio,2019K1,12.3
Households,Net lending ratio,2019K2,18.9
Households,Net lending ratio,2019K3,6.1
Households,Net lending ratio,2019K4,6.1
Households,Net lending ratio,2020K1,9.6
Households,Net lending ratio,2020K2,17.9
Households,Net lending ratio,2020K3,8.3
Households,Net lending ratio,2020K4,8.4
Households,Net lending ratio,2021K1,17.2
Households,Net lending ratio,2021K2,16.6
Households,Net lending ratio,2021K3,4.6
Households,Net lending ratio,2021K4,3.6
Households,Net lending ratio,2022K1,14.2
Households,Net lending ratio,2022K2,14
Households,Net lending ratio,2022K3,1.8
Households,Net lending ratio,2022K4,4.6
Households,Net lending ratio,2023K1,14.6
Households,Net lending ratio,2023K2,17.9
Households,Net lending ratio,2023K3,7
Households,Net lending ratio,2023K4,6.9
Households,Net lending ratio,2024K1,17.1
Households,Net lending ratio,2024K2,21.4
Households,Net lending ratio,2024K3,8.6
Households,Net lending ratio,2024K4,9.3
Households,Net lending ratio,2025K1,13.8
Households,Net lending ratio,2025K2,19
Households,Net lending ratio,2025K3,5.5
Households,Net lending ratio,2025K4,6.2
Households,Net lending ratio,2026K1,12.7
Households,Net lending ratio excl. pension funds reserves,1980K1,-5.2
Households,Net lending ratio excl. pension funds reserves,1980K2,0.3
Households,Net lending ratio excl. pension funds reserves,1980K3,0
Households,Net lending ratio excl. pension funds reserves,1980K4,-16.6
Households,Net lending ratio excl. pension funds reserves,1981K1,-7.2
Households,Net lending ratio excl. pension funds reserves,1981K2,-3.3
Households,Net lending ratio excl. pension funds reserves,1981K3,-3.1
Households,Net lending ratio excl. pension funds reserves,1981K4,-16.1
Households,Net lending ratio excl. pension funds reserves,1982K1,-8.4
Households,Net lending ratio excl. pension funds reserves,1982K2,-3.5
Households,Net lending ratio excl. pension funds reserves,1982K3,-3.5
Households,Net lending ratio excl. pension funds reserves,1982K4,-20.3
Households,Net lending ratio excl. pension funds reserves,1983K1,-7.6
Households,Net lending ratio excl. pension funds reserves,1983K2,4
Households,Net lending ratio excl. pension funds reserves,1983K3,-3.3
Households,Net lending ratio excl. pension funds reserves,1983K4,-19.3
Households,Net lending ratio excl. pension funds reserves,1984K1,-9.6
Households,Net lending ratio excl. pension funds reserves,1984K2,0.3
Households,Net lending ratio excl. pension funds reserves,1984K3,-2.3
Households,Net lending ratio excl. pension funds reserves,1984K4,-19.3
Households,Net lending ratio excl. pension funds reserves,1985K1,-10.2
Households,Net lending ratio excl. pension funds reserves,1985K2,0.1
Households,Net lending ratio excl. pension funds reserves,1985K3,-2.9
Households,Net lending ratio excl. pension funds reserves,1985K4,-19.1
Households,Net lending ratio excl. pension funds reserves,1986K1,-10.3
Households,Net lending ratio excl. pension funds reserves,1986K2,-0.3
Households,Net lending ratio excl. pension funds reserves,1986K3,-3.4
Households,Net lending ratio excl. pension funds reserves,1986K4,-21.8
Households,Net lending ratio excl. pension funds reserves,1987K1,-13
Households,Net lending ratio excl. pension funds reserves,1987K2,-2.3
Households,Net lending ratio excl. pension funds reserves,1987K3,-8.6
Households,Net lending ratio excl. pension funds reserves,1987K4,-29.1
Households,Net lending ratio excl. pension funds reserves,1988K1,-20.3
Households,Net lending ratio excl. pension funds reserves,1988K2,-5.2
Households,Net lending ratio excl. pension funds reserves,1988K3,-10.9
Households,Net lending ratio excl. pension funds reserves,1988K4,-29.2
Households,Net lending ratio excl. pension funds reserves,1989K1,-14.7
Households,Net lending ratio excl. pension funds reserves,1989K2,-5.5
Households,Net lending ratio excl. pension funds reserves,1989K3,-5.7
Households,Net lending ratio excl. pension funds reserves,1989K4,-30.3
Households,Net lending ratio excl. pension funds reserves,1990K1,-15.7
Households,Net lending ratio excl. pension funds reserves,1990K2,-1.4
Households,Net lending ratio excl. pension funds reserves,1990K3,-7.5
Households,Net lending ratio excl. pension funds reserves,1990K4,-19.7
Households,Net lending ratio excl. pension funds reserves,1991K1,-6.4
Households,Net lending ratio excl. pension funds reserves,1991K2,3.7
Households,Net lending ratio excl. pension funds reserves,1991K3,-0.7
Households,Net lending ratio excl. pension funds reserves,1991K4,-9.7
Households,Net lending ratio excl. pension funds reserves,1992K1,-1
Households,Net lending ratio excl. pension funds reserves,1992K2,6.2
Households,Net lending ratio excl. pension funds reserves,1992K3,4.6
Households,Net lending ratio excl. pension funds reserves,1992K4,-0.6
Households,Net lending ratio excl. pension funds reserves,1993K1,4.1
Households,Net lending ratio excl. pension funds reserves,1993K2,7.8
Households,Net lending ratio excl. pension funds reserves,1993K3,4.9
Households,Net lending ratio excl. pension funds reserves,1993K4,-9.1
Households,Net lending ratio excl. pension funds reserves,1994K1,-1.6
Households,Net lending ratio excl. pension funds reserves,1994K2,3.3
Households,Net lending ratio excl. pension funds reserves,1994K3,0.6
Households,Net lending ratio excl. pension funds reserves,1994K4,-7.7
Households,Net lending ratio excl. pension funds reserves,1995K1,-3
Households,Net lending ratio excl. pension funds reserves,1995K2,5.5
Households,Net lending ratio excl. pension funds reserves,1995K3,-2.4
Households,Net lending ratio excl. pension funds reserves,1995K4,-10
Households,Net lending ratio excl. pension funds reserves,1996K1,-6.9
Households,Net lending ratio excl. pension funds reserves,1996K2,6.9
Households,Net lending ratio excl. pension funds reserves,1996K3,-5.8
Households,Net lending ratio excl. pension funds reserves,1996K4,-15.5
Households,Net lending ratio excl. pension funds reserves,1997K1,-10.5
Households,Net lending ratio excl. pension funds reserves,1997K2,-1.7
Households,Net lending ratio excl. pension funds reserves,1997K3,-6.8
Households,Net lending ratio excl. pension funds reserves,1997K4,-18.3
Households,Net lending ratio excl. pension funds reserves,1998K1,-11.1
Households,Net lending ratio excl. pension funds reserves,1998K2,-4.1
Households,Net lending ratio excl. pension funds reserves,1998K3,-8.6
Households,Net lending ratio excl. pension funds reserves,1998K4,-18.6
Households,Net lending ratio excl. pension funds reserves,1999K1,-13.3
Households,Net lending ratio excl. pension funds reserves,1999K2,-3.8
Households,Net lending ratio excl. pension funds reserves,1999K3,-11.7
Households,Net lending ratio excl. pension funds reserves,1999K4,-24.3
Households,Net lending ratio excl. pension funds reserves,2000K1,-14.3
Households,Net lending ratio excl. pension funds reserves,2000K2,-8.4
Households,Net lending ratio excl. pension funds reserves,2000K3,-11.7
Households,Net lending ratio excl. pension funds reserves,2000K4,-21.7
Households,Net lending ratio excl. pension funds reserves,2001K1,-10.5
Households,Net lending ratio excl. pension funds reserves,2001K2,-3.4
Households,Net lending ratio excl. pension funds reserves,2001K3,-6.7
Households,Net lending ratio excl. pension funds reserves,2001K4,-15.2
Households,Net lending ratio excl. pension funds reserves,2002K1,-7.3
Households,Net lending ratio excl. pension funds reserves,2002K2,-0.8
Households,Net lending ratio excl. pension funds reserves,2002K3,-5.8
Households,Net lending ratio excl. pension funds reserves,2002K4,-14.9
Households,Net lending ratio excl. pension funds reserves,2003K1,-8.1
Households,Net lending ratio excl. pension funds reserves,2003K2,-2.1
Households,Net lending ratio excl. pension funds reserves,2003K3,-7.2
Households,Net lending ratio excl. pension funds reserves,2003K4,-17.4
Households,Net lending ratio excl. pension funds reserves,2004K1,-10.1
Households,Net lending ratio excl. pension funds reserves,2004K2,-5.7
Households,Net lending ratio excl. pension funds reserves,2004K3,-9.1
Households,Net lending ratio excl. pension funds reserves,2004K4,-17.9
Households,Net lending ratio excl. pension funds reserves,2005K1,-9.7
Households,Net lending ratio excl. pension funds reserves,2005K2,-3.1
Households,Net lending ratio excl. pension funds reserves,2005K3,-12.1
Households,Net lending ratio excl. pension funds reserves,2005K4,-16.7
Households,Net lending ratio excl. pension funds reserves,2006K1,-8.8
Households,Net lending ratio excl. pension funds reserves,2006K2,0.6
Households,Net lending ratio excl. pension funds reserves,2006K3,-10
Households,Net lending ratio excl. pension funds reserves,2006K4,-15.8
Households,Net lending ratio excl. pension funds reserves,2007K1,-6.9
Households,Net lending ratio excl. pension funds reserves,2007K2,4.2
Households,Net lending ratio excl. pension funds reserves,2007K3,-10.3
Households,Net lending ratio excl. pension funds reserves,2007K4,-17.3
Households,Net lending ratio excl. pension funds reserves,2008K1,-5.9
Households,Net lending ratio excl. pension funds reserves,2008K2,7.9
Households,Net lending ratio excl. pension funds reserves,2008K3,-4.8
Households,Net lending ratio excl. pension funds reserves,2008K4,-11.1
Households,Net lending ratio excl. pension funds reserves,2009K1,-0.3
Households,Net lending ratio excl. pension funds reserves,2009K2,9
Households,Net lending ratio excl. pension funds reserves,2009K3,-3
Households,Net lending ratio excl. pension funds reserves,2009K4,-9.2
Households,Net lending ratio excl. pension funds reserves,2010K1,-3.7
Households,Net lending ratio excl. pension funds reserves,2010K2,6.3
Households,Net lending ratio excl. pension funds reserves,2010K3,-4.4
Households,Net lending ratio excl. pension funds reserves,2010K4,-9.5
Households,Net lending ratio excl. pension funds reserves,2011K1,-2.6
Households,Net lending ratio excl. pension funds reserves,2011K2,7.9
Households,Net lending ratio excl. pension funds reserves,2011K3,-2.3
Households,Net lending ratio excl. pension funds reserves,2011K4,-7.5
Households,Net lending ratio excl. pension funds reserves,2012K1,0.1
Households,Net lending ratio excl. pension funds reserves,2012K2,12.9
Households,Net lending ratio excl. pension funds reserves,2012K3,1
Households,Net lending ratio excl. pension funds reserves,2012K4,-3.8
Households,Net lending ratio excl. pension funds reserves,2013K1,3.4
Households,Net lending ratio excl. pension funds reserves,2013K2,11.3
Households,Net lending ratio excl. pension funds reserves,2013K3,0.5
Households,Net lending ratio excl. pension funds reserves,2013K4,-4.3
Households,Net lending ratio excl. pension funds reserves,2014K1,2.4
Households,Net lending ratio excl. pension funds reserves,2014K2,12
Households,Net lending ratio excl. pension funds reserves,2014K3,0.1
Households,Net lending ratio excl. pension funds reserves,2014K4,-5.6
Households,Net lending ratio excl. pension funds reserves,2015K1,-1.4
Households,Net lending ratio excl. pension funds reserves,2015K2,11.3
Households,Net lending ratio excl. pension funds reserves,2015K3,-4.1
Households,Net lending ratio excl. pension funds reserves,2015K4,-9.9
Households,Net lending ratio excl. pension funds reserves,2016K1,0.3
Households,Net lending ratio excl. pension funds reserves,2016K2,11.1
Households,Net lending ratio excl. pension funds reserves,2016K3,-4.8
Households,Net lending ratio excl. pension funds reserves,2016K4,-9.2
Households,Net lending ratio excl. pension funds reserves,2017K1,-5.4
Households,Net lending ratio excl. pension funds reserves,2017K2,12.1
Households,Net lending ratio excl. pension funds reserves,2017K3,-4.6
Households,Net lending ratio excl. pension funds reserves,2017K4,-7
Households,Net lending ratio excl. pension funds reserves,2018K1,0.7
Households,Net lending ratio excl. pension funds reserves,2018K2,5.9
Households,Net lending ratio excl. pension funds reserves,2018K3,-3.3
Households,Net lending ratio excl. pension funds reserves,2018K4,-4.2
Households,Net lending ratio excl. pension funds reserves,2019K1,3.7
Households,Net lending ratio excl. pension funds reserves,2019K2,8.6
Households,Net lending ratio excl. pension funds reserves,2019K3,-2.4
Households,Net lending ratio excl. pension funds reserves,2019K4,-2.9
Households,Net lending ratio excl. pension funds reserves,2020K1,2.7
Households,Net lending ratio excl. pension funds reserves,2020K2,10
Households,Net lending ratio excl. pension funds reserves,2020K3,0.6
Households,Net lending ratio excl. pension funds reserves,2020K4,1.7
Households,Net lending ratio excl. pension funds reserves,2021K1,9.2
Households,Net lending ratio excl. pension funds reserves,2021K2,6.9
Households,Net lending ratio excl. pension funds reserves,2021K3,-3.2
Households,Net lending ratio excl. pension funds reserves,2021K4,-4.8
Households,Net lending ratio excl. pension funds reserves,2022K1,7.7
Households,Net lending ratio excl. pension funds reserves,2022K2,4.9
Households,Net lending ratio excl. pension funds reserves,2022K3,-5.6
Households,Net lending ratio excl. pension funds reserves,2022K4,-2.4
Households,Net lending ratio excl. pension funds reserves,2023K1,7.7
Households,Net lending ratio excl. pension funds reserves,2023K2,7.7
Households,Net lending ratio excl. pension funds reserves,2023K3,-1.5
Households,Net lending ratio excl. pension funds reserves,2023K4,-1
Households,Net lending ratio excl. pension funds reserves,2024K1,8.2
Households,Net lending ratio excl. pension funds reserves,2024K2,10
Households,Net lending ratio excl. pension funds reserves,2024K3,-0.5
Households,Net lending ratio excl. pension funds reserves,2024K4,0.1
Households,Net lending ratio excl. pension funds reserves,2025K1,7.3
Households,Net lending ratio excl. pension funds reserves,2025K2,9.1
Households,Net lending ratio excl. pension funds reserves,2025K3,-1.4
Households,Net lending ratio excl. pension funds reserves,2025K4,-1.2
Households,Net lending ratio excl. pension funds reserves,2026K1,6
Households,"Debt, per cent of disposable income, net, four quarter",1980K1,101.7
Households,"Debt, per cent of disposable income, net, four quarter",1980K2,97.1
Households,"Debt, per cent of disposable income, net, four quarter",1980K3,94.8
Households,"Debt, per cent of disposable income, net, four quarter",1980K4,93
Households,"Debt, per cent of disposable income, net, four quarter",1981K1,94
Households,"Debt, per cent of disposable income, net, four quarter",1981K2,95.1
Households,"Debt, per cent of disposable income, net, four quarter",1981K3,96.7
Households,"Debt, per cent of disposable income, net, four quarter",1981K4,97.2
Households,"Debt, per cent of disposable income, net, four quarter",1982K1,98.1
Households,"Debt, per cent of disposable income, net, four quarter",1982K2,98.7
Households,"Debt, per cent of disposable income, net, four quarter",1982K3,99.9
Households,"Debt, per cent of disposable income, net, four quarter",1982K4,101.1
Households,"Debt, per cent of disposable income, net, four quarter",1983K1,101.6
Households,"Debt, per cent of disposable income, net, four quarter",1983K2,99.9
Households,"Debt, per cent of disposable income, net, four quarter",1983K3,100.2
Households,"Debt, per cent of disposable income, net, four quarter",1983K4,100.4
Households,"Debt, per cent of disposable income, net, four quarter",1984K1,100.9
Households,"Debt, per cent of disposable income, net, four quarter",1984K2,101.7
Households,"Debt, per cent of disposable income, net, four quarter",1984K3,102
Households,"Debt, per cent of disposable income, net, four quarter",1984K4,102.7
Households,"Debt, per cent of disposable income, net, four quarter",1985K1,102.4
Households,"Debt, per cent of disposable income, net, four quarter",1985K2,101.7
Households,"Debt, per cent of disposable income, net, four quarter",1985K3,101.2
Households,"Debt, per cent of disposable income, net, four quarter",1985K4,101.2
Households,"Debt, per cent of disposable income, net, four quarter",1986K1,104.3
Households,"Debt, per cent of disposable income, net, four quarter",1986K2,106.9
Households,"Debt, per cent of disposable income, net, four quarter",1986K3,108.8
Households,"Debt, per cent of disposable income, net, four quarter",1986K4,111.3
Households,"Debt, per cent of disposable income, net, four quarter",1987K1,112.4
Households,"Debt, per cent of disposable income, net, four quarter",1987K2,112.8
Households,"Debt, per cent of disposable income, net, four quarter",1987K3,114.8
Households,"Debt, per cent of disposable income, net, four quarter",1987K4,116.7
Households,"Debt, per cent of disposable income, net, four quarter",1988K1,121.2
Households,"Debt, per cent of disposable income, net, four quarter",1988K2,125.1
Households,"Debt, per cent of disposable income, net, four quarter",1988K3,128.7
Households,"Debt, per cent of disposable income, net, four quarter",1988K4,132
Households,"Debt, per cent of disposable income, net, four quarter",1989K1,131.4
Households,"Debt, per cent of disposable income, net, four quarter",1989K2,131.3
Households,"Debt, per cent of disposable income, net, four quarter",1989K3,130.6
Households,"Debt, per cent of disposable income, net, four quarter",1989K4,131
Households,"Debt, per cent of disposable income, net, four quarter",1990K1,129.9
Households,"Debt, per cent of disposable income, net, four quarter",1990K2,126.6
Households,"Debt, per cent of disposable income, net, four quarter",1990K3,125.3
Households,"Debt, per cent of disposable income, net, four quarter",1990K4,122.6
Households,"Debt, per cent of disposable income, net, four quarter",1991K1,117.4
Households,"Debt, per cent of disposable income, net, four quarter",1991K2,113.1
Households,"Debt, per cent of disposable income, net, four quarter",1991K3,109.3
Households,"Debt, per cent of disposable income, net, four quarter",1991K4,105.4
Households,"Debt, per cent of disposable income, net, four quarter",1992K1,103.4
Households,"Debt, per cent of disposable income, net, four quarter",1992K2,102.3
Households,"Debt, per cent of disposable income, net, four quarter",1992K3,100.7
Households,"Debt, per cent of disposable income, net, four quarter",1992K4,98.8
Households,"Debt, per cent of disposable income, net, four quarter",1993K1,98.3
Households,"Debt, per cent of disposable income, net, four quarter",1993K2,98.2
Households,"Debt, per cent of disposable income, net, four quarter",1993K3,97
Households,"Debt, per cent of disposable income, net, four quarter",1993K4,97.3
Households,"Debt, per cent of disposable income, net, four quarter",1994K1,97.2
Households,"Debt, per cent of disposable income, net, four quarter",1994K2,97
Households,"Debt, per cent of disposable income, net, four quarter",1994K3,96.8
Households,"Debt, per cent of disposable income, net, four quarter",1994K4,94.3
Households,"Debt, per cent of disposable income, net, four quarter",1995K1,94.6
Households,"Debt, per cent of disposable income, net, four quarter",1995K2,92.8
Households,"Debt, per cent of disposable income, net, four quarter",1995K3,92.5
Households,"Debt, per cent of disposable income, net, four quarter",1995K4,93.5
Households,"Debt, per cent of disposable income, net, four quarter",1996K1,93.7
Households,"Debt, per cent of disposable income, net, four quarter",1996K2,93.5
Households,"Debt, per cent of disposable income, net, four quarter",1996K3,93.8
Households,"Debt, per cent of disposable income, net, four quarter",1996K4,95.2
Households,"Debt, per cent of disposable income, net, four quarter",1997K1,96.5
Households,"Debt, per cent of disposable income, net, four quarter",1997K2,98.2
Households,"Debt, per cent of disposable income, net, four quarter",1997K3,98.8
Households,"Debt, per cent of disposable income, net, four quarter",1997K4,100.1
Households,"Debt, per cent of disposable income, net, four quarter",1998K1,100.4
Households,"Debt, per cent of disposable income, net, four quarter",1998K2,101.4
Households,"Debt, per cent of disposable income, net, four quarter",1998K3,102.7
Households,"Debt, per cent of disposable income, net, four quarter",1998K4,103.3
Households,"Debt, per cent of disposable income, net, four quarter",1999K1,103.9
Households,"Debt, per cent of disposable income, net, four quarter",1999K2,104.8
Households,"Debt, per cent of disposable income, net, four quarter",1999K3,105.9
Households,"Debt, per cent of disposable income, net, four quarter",1999K4,107.8
Households,"Debt, per cent of disposable income, net, four quarter",2000K1,108.2
Households,"Debt, per cent of disposable income, net, four quarter",2000K2,110
Households,"Debt, per cent of disposable income, net, four quarter",2000K3,110.4
Households,"Debt, per cent of disposable income, net, four quarter",2000K4,111.2
Households,"Debt, per cent of disposable income, net, four quarter",2001K1,111
Households,"Debt, per cent of disposable income, net, four quarter",2001K2,111.4
Households,"Debt, per cent of disposable income, net, four quarter",2001K3,111.7
Households,"Debt, per cent of disposable income, net, four quarter",2001K4,112.2
Households,"Debt, per cent of disposable income, net, four quarter",2002K1,112
Households,"Debt, per cent of disposable income, net, four quarter",2002K2,112.2
Households,"Debt, per cent of disposable income, net, four quarter",2002K3,112.8
Households,"Debt, per cent of disposable income, net, four quarter",2002K4,113.9
Households,"Debt, per cent of disposable income, net, four quarter",2003K1,115.1
Households,"Debt, per cent of disposable income, net, four quarter",2003K2,117
Households,"Debt, per cent of disposable income, net, four quarter",2003K3,118.4
Households,"Debt, per cent of disposable income, net, four quarter",2003K4,121
Households,"Debt, per cent of disposable income, net, four quarter",2004K1,122.8
Households,"Debt, per cent of disposable income, net, four quarter",2004K2,126.2
Households,"Debt, per cent of disposable income, net, four quarter",2004K3,128.2
Households,"Debt, per cent of disposable income, net, four quarter",2004K4,131.2
Households,"Debt, per cent of disposable income, net, four quarter",2005K1,132.8
Households,"Debt, per cent of disposable income, net, four quarter",2005K2,134.4
Households,"Debt, per cent of disposable income, net, four quarter",2005K3,137.3
Households,"Debt, per cent of disposable income, net, four quarter",2005K4,139.6
Households,"Debt, per cent of disposable income, net, four quarter",2006K1,140.6
Households,"Debt, per cent of disposable income, net, four quarter",2006K2,141.8
Households,"Debt, per cent of disposable income, net, four quarter",2006K3,143.4
Households,"Debt, per cent of disposable income, net, four quarter",2006K4,145.6
Households,"Debt, per cent of disposable income, net, four quarter",2007K1,145.5
Households,"Debt, per cent of disposable income, net, four quarter",2007K2,145.1
Households,"Debt, per cent of disposable income, net, four quarter",2007K3,146.2
Households,"Debt, per cent of disposable income, net, four quarter",2007K4,148.3
Households,"Debt, per cent of disposable income, net, four quarter",2008K1,149.5
Households,"Debt, per cent of disposable income, net, four quarter",2008K2,150.2
Households,"Debt, per cent of disposable income, net, four quarter",2008K3,150.3
Households,"Debt, per cent of disposable income, net, four quarter",2008K4,151
Households,"Debt, per cent of disposable income, net, four quarter",2009K1,151.2
Households,"Debt, per cent of disposable income, net, four quarter",2009K2,154.1
Households,"Debt, per cent of disposable income, net, four quarter",2009K3,155.5
Households,"Debt, per cent of disposable income, net, four quarter",2009K4,156.9
Households,"Debt, per cent of disposable income, net, four quarter",2010K1,158
Households,"Debt, per cent of disposable income, net, four quarter",2010K2,159.9
Households,"Debt, per cent of disposable income, net, four quarter",2010K3,161.4
Households,"Debt, per cent of disposable income, net, four quarter",2010K4,162
Households,"Debt, per cent of disposable income, net, four quarter",2011K1,161.9
Households,"Debt, per cent of disposable income, net, four quarter",2011K2,161.5
Households,"Debt, per cent of disposable income, net, four quarter",2011K3,161.6
Households,"Debt, per cent of disposable income, net, four quarter",2011K4,162.2
Households,"Debt, per cent of disposable income, net, four quarter",2012K1,162.4
Households,"Debt, per cent of disposable income, net, four quarter",2012K2,162
Households,"Debt, per cent of disposable income, net, four quarter",2012K3,162.1
Households,"Debt, per cent of disposable income, net, four quarter",2012K4,161.7
Households,"Debt, per cent of disposable income, net, four quarter",2013K1,161.4
Households,"Debt, per cent of disposable income, net, four quarter",2013K2,163.3
Households,"Debt, per cent of disposable income, net, four quarter",2013K3,164
Households,"Debt, per cent of disposable income, net, four quarter",2013K4,164.6
Households,"Debt, per cent of disposable income, net, four quarter",2014K1,165.5
Households,"Debt, per cent of disposable income, net, four quarter",2014K2,165.6
Households,"Debt, per cent of disposable income, net, four quarter",2014K3,166.6
Households,"Debt, per cent of disposable income, net, four quarter",2014K4,168.2
Households,"Debt, per cent of disposable income, net, four quarter",2015K1,169.4
Households,"Debt, per cent of disposable income, net, four quarter",2015K2,170.3
Households,"Debt, per cent of disposable income, net, four quarter",2015K3,172.4
Households,"Debt, per cent of disposable income, net, four quarter",2015K4,174.6
Households,"Debt, per cent of disposable income, net, four quarter",2016K1,176
Households,"Debt, per cent of disposable income, net, four quarter",2016K2,178
Households,"Debt, per cent of disposable income, net, four quarter",2016K3,179.4
Households,"Debt, per cent of disposable income, net, four quarter",2016K4,180.5
Households,"Debt, per cent of disposable income, net, four quarter",2017K1,182.9
Households,"Debt, per cent of disposable income, net, four quarter",2017K2,183.3
Households,"Debt, per cent of disposable income, net, four quarter",2017K3,184.6
Households,"Debt, per cent of disposable income, net, four quarter",2017K4,184.6
Households,"Debt, per cent of disposable income, net, four quarter",2018K1,183
Households,"Debt, per cent of disposable income, net, four quarter",2018K2,186.9
Households,"Debt, per cent of disposable income, net, four quarter",2018K3,186.5
Households,"Debt, per cent of disposable income, net, four quarter",2018K4,186.6
Households,"Debt, per cent of disposable income, net, four quarter",2019K1,186.6
Households,"Debt, per cent of disposable income, net, four quarter",2019K2,186.8
Households,"Debt, per cent of disposable income, net, four quarter",2019K3,186.9
Households,"Debt, per cent of disposable income, net, four quarter",2019K4,187.4
Households,"Debt, per cent of disposable income, net, four quarter",2020K1,188.2
Households,"Debt, per cent of disposable income, net, four quarter",2020K2,193.6
Households,"Debt, per cent of disposable income, net, four quarter",2020K3,195.6
Households,"Debt, per cent of disposable income, net, four quarter",2020K4,197.5
Households,"Debt, per cent of disposable income, net, four quarter",2021K1,197.4
Households,"Debt, per cent of disposable income, net, four quarter",2021K2,196.7
Households,"Debt, per cent of disposable income, net, four quarter",2021K3,197.3
Households,"Debt, per cent of disposable income, net, four quarter",2021K4,198
Households,"Debt, per cent of disposable income, net, four quarter",2022K1,196.8
Households,"Debt, per cent of disposable income, net, four quarter",2022K2,194.4
Households,"Debt, per cent of disposable income, net, four quarter",2022K3,192.8
Households,"Debt, per cent of disposable income, net, four quarter",2022K4,189.1
Households,"Debt, per cent of disposable income, net, four quarter",2023K1,186.4
Households,"Debt, per cent of disposable income, net, four quarter",2023K2,184
Households,"Debt, per cent of disposable income, net, four quarter",2023K3,181.3
Households,"Debt, per cent of disposable income, net, four quarter",2023K4,179.9
Households,"Debt, per cent of disposable income, net, four quarter",2024K1,178.4
Households,"Debt, per cent of disposable income, net, four quarter",2024K2,176.5
Households,"Debt, per cent of disposable income, net, four quarter",2024K3,175.5
Households,"Debt, per cent of disposable income, net, four quarter",2024K4,174.4
Households,"Debt, per cent of disposable income, net, four quarter",2025K1,174.1
Households,"Debt, per cent of disposable income, net, four quarter",2025K2,173.9
Households,"Debt, per cent of disposable income, net, four quarter",2025K3,173.2
Households,"Debt, per cent of disposable income, net, four quarter",2025K4,172.7
Households,"Debt, per cent of disposable income, net, four quarter",2026K1,172.7
Households,"Interest payments, gross, as a percentage of disposable income, net",1980K1,10.6
Households,"Interest payments, gross, as a percentage of disposable income, net",1980K2,10
Households,"Interest payments, gross, as a percentage of disposable income, net",1980K3,10.7
Households,"Interest payments, gross, as a percentage of disposable income, net",1980K4,11.5
Households,"Interest payments, gross, as a percentage of disposable income, net",1981K1,12.6
Households,"Interest payments, gross, as a percentage of disposable income, net",1981K2,11.9
Households,"Interest payments, gross, as a percentage of disposable income, net",1981K3,13.1
Households,"Interest payments, gross, as a percentage of disposable income, net",1981K4,13.3
Households,"Interest payments, gross, as a percentage of disposable income, net",1982K1,12
Households,"Interest payments, gross, as a percentage of disposable income, net",1982K2,11.3
Households,"Interest payments, gross, as a percentage of disposable income, net",1982K3,12.6
Households,"Interest payments, gross, as a percentage of disposable income, net",1982K4,12.9
Households,"Interest payments, gross, as a percentage of disposable income, net",1983K1,11.2
Households,"Interest payments, gross, as a percentage of disposable income, net",1983K2,9.9
Households,"Interest payments, gross, as a percentage of disposable income, net",1983K3,11.8
Households,"Interest payments, gross, as a percentage of disposable income, net",1983K4,12
Households,"Interest payments, gross, as a percentage of disposable income, net",1984K1,11.6
Households,"Interest payments, gross, as a percentage of disposable income, net",1984K2,10.5
Households,"Interest payments, gross, as a percentage of disposable income, net",1984K3,12
Households,"Interest payments, gross, as a percentage of disposable income, net",1984K4,12.5
Households,"Interest payments, gross, as a percentage of disposable income, net",1985K1,12.4
Households,"Interest payments, gross, as a percentage of disposable income, net",1985K2,11.2
Households,"Interest payments, gross, as a percentage of disposable income, net",1985K3,12.8
Households,"Interest payments, gross, as a percentage of disposable income, net",1985K4,13.5
Households,"Interest payments, gross, as a percentage of disposable income, net",1986K1,12.5
Households,"Interest payments, gross, as a percentage of disposable income, net",1986K2,11.2
Households,"Interest payments, gross, as a percentage of disposable income, net",1986K3,12.5
Households,"Interest payments, gross, as a percentage of disposable income, net",1986K4,13.4
Households,"Interest payments, gross, as a percentage of disposable income, net",1987K1,12.5
Households,"Interest payments, gross, as a percentage of disposable income, net",1987K2,11.2
Households,"Interest payments, gross, as a percentage of disposable income, net",1987K3,13.4
Households,"Interest payments, gross, as a percentage of disposable income, net",1987K4,14.2
Households,"Interest payments, gross, as a percentage of disposable income, net",1988K1,13.7
Households,"Interest payments, gross, as a percentage of disposable income, net",1988K2,12.7
Households,"Interest payments, gross, as a percentage of disposable income, net",1988K3,15.5
Households,"Interest payments, gross, as a percentage of disposable income, net",1988K4,16.4
Households,"Interest payments, gross, as a percentage of disposable income, net",1989K1,14.8
Households,"Interest payments, gross, as a percentage of disposable income, net",1989K2,13.8
Households,"Interest payments, gross, as a percentage of disposable income, net",1989K3,16
Households,"Interest payments, gross, as a percentage of disposable income, net",1989K4,17.8
Households,"Interest payments, gross, as a percentage of disposable income, net",1990K1,16.7
Households,"Interest payments, gross, as a percentage of disposable income, net",1990K2,14.8
Households,"Interest payments, gross, as a percentage of disposable income, net",1990K3,16.2
Households,"Interest payments, gross, as a percentage of disposable income, net",1990K4,16.9
Households,"Interest payments, gross, as a percentage of disposable income, net",1991K1,15.3
Households,"Interest payments, gross, as a percentage of disposable income, net",1991K2,12.3
Households,"Interest payments, gross, as a percentage of disposable income, net",1991K3,13.4
Households,"Interest payments, gross, as a percentage of disposable income, net",1991K4,14.2
Households,"Interest payments, gross, as a percentage of disposable income, net",1992K1,13.4
Households,"Interest payments, gross, as a percentage of disposable income, net",1992K2,11.4
Households,"Interest payments, gross, as a percentage of disposable income, net",1992K3,13.5
Households,"Interest payments, gross, as a percentage of disposable income, net",1992K4,13.3
Households,"Interest payments, gross, as a percentage of disposable income, net",1993K1,12.4
Households,"Interest payments, gross, as a percentage of disposable income, net",1993K2,10.9
Households,"Interest payments, gross, as a percentage of disposable income, net",1993K3,11.3
Households,"Interest payments, gross, as a percentage of disposable income, net",1993K4,11.6
Households,"Interest payments, gross, as a percentage of disposable income, net",1994K1,10.9
Households,"Interest payments, gross, as a percentage of disposable income, net",1994K2,9.9
Households,"Interest payments, gross, as a percentage of disposable income, net",1994K3,10.5
Households,"Interest payments, gross, as a percentage of disposable income, net",1994K4,10.3
Households,"Interest payments, gross, as a percentage of disposable income, net",1995K1,10.1
Households,"Interest payments, gross, as a percentage of disposable income, net",1995K2,8.9
Households,"Interest payments, gross, as a percentage of disposable income, net",1995K3,10
Households,"Interest payments, gross, as a percentage of disposable income, net",1995K4,9.9
Households,"Interest payments, gross, as a percentage of disposable income, net",1996K1,9.5
Households,"Interest payments, gross, as a percentage of disposable income, net",1996K2,7.6
Households,"Interest payments, gross, as a percentage of disposable income, net",1996K3,8.3
Households,"Interest payments, gross, as a percentage of disposable income, net",1996K4,8
Households,"Interest payments, gross, as a percentage of disposable income, net",1997K1,8.1
Households,"Interest payments, gross, as a percentage of disposable income, net",1997K2,6.7
Households,"Interest payments, gross, as a percentage of disposable income, net",1997K3,7.4
Households,"Interest payments, gross, as a percentage of disposable income, net",1997K4,7.4
Households,"Interest payments, gross, as a percentage of disposable income, net",1998K1,7.5
Households,"Interest payments, gross, as a percentage of disposable income, net",1998K2,6.5
Households,"Interest payments, gross, as a percentage of disposable income, net",1998K3,7
Households,"Interest payments, gross, as a percentage of disposable income, net",1998K4,6.8
Households,"Interest payments, gross, as a percentage of disposable income, net",1999K1,6.7
Households,"Interest payments, gross, as a percentage of disposable income, net",1999K2,5.6
Households,"Interest payments, gross, as a percentage of disposable income, net",1999K3,6.4
Households,"Interest payments, gross, as a percentage of disposable income, net",1999K4,6.5
Households,"Interest payments, gross, as a percentage of disposable income, net",2000K1,6.6
Households,"Interest payments, gross, as a percentage of disposable income, net",2000K2,5.9
Households,"Interest payments, gross, as a percentage of disposable income, net",2000K3,6.4
Households,"Interest payments, gross, as a percentage of disposable income, net",2000K4,6.5
Households,"Interest payments, gross, as a percentage of disposable income, net",2001K1,6.4
Households,"Interest payments, gross, as a percentage of disposable income, net",2001K2,5.7
Households,"Interest payments, gross, as a percentage of disposable income, net",2001K3,6.3
Households,"Interest payments, gross, as a percentage of disposable income, net",2001K4,6.3
Households,"Interest payments, gross, as a percentage of disposable income, net",2002K1,6.3
Households,"Interest payments, gross, as a percentage of disposable income, net",2002K2,5.7
Households,"Interest payments, gross, as a percentage of disposable income, net",2002K3,6.5
Households,"Interest payments, gross, as a percentage of disposable income, net",2002K4,6.4
Households,"Interest payments, gross, as a percentage of disposable income, net",2003K1,6.4
Households,"Interest payments, gross, as a percentage of disposable income, net",2003K2,5.4
Households,"Interest payments, gross, as a percentage of disposable income, net",2003K3,5.8
Households,"Interest payments, gross, as a percentage of disposable income, net",2003K4,6
Households,"Interest payments, gross, as a percentage of disposable income, net",2004K1,5.9
Households,"Interest payments, gross, as a percentage of disposable income, net",2004K2,5.1
Households,"Interest payments, gross, as a percentage of disposable income, net",2004K3,5.5
Households,"Interest payments, gross, as a percentage of disposable income, net",2004K4,5.6
Households,"Interest payments, gross, as a percentage of disposable income, net",2005K1,5.6
Households,"Interest payments, gross, as a percentage of disposable income, net",2005K2,4.7
Households,"Interest payments, gross, as a percentage of disposable income, net",2005K3,5.2
Households,"Interest payments, gross, as a percentage of disposable income, net",2005K4,5.1
Households,"Interest payments, gross, as a percentage of disposable income, net",2006K1,5.2
Households,"Interest payments, gross, as a percentage of disposable income, net",2006K2,4.6
Households,"Interest payments, gross, as a percentage of disposable income, net",2006K3,5.6
Households,"Interest payments, gross, as a percentage of disposable income, net",2006K4,5.9
Households,"Interest payments, gross, as a percentage of disposable income, net",2007K1,6.3
Households,"Interest payments, gross, as a percentage of disposable income, net",2007K2,5.4
Households,"Interest payments, gross, as a percentage of disposable income, net",2007K3,6.8
Households,"Interest payments, gross, as a percentage of disposable income, net",2007K4,7.2
Households,"Interest payments, gross, as a percentage of disposable income, net",2008K1,7.4
Households,"Interest payments, gross, as a percentage of disposable income, net",2008K2,6.2
Households,"Interest payments, gross, as a percentage of disposable income, net",2008K3,8.1
Households,"Interest payments, gross, as a percentage of disposable income, net",2008K4,8.2
Households,"Interest payments, gross, as a percentage of disposable income, net",2009K1,6.2
Households,"Interest payments, gross, as a percentage of disposable income, net",2009K2,4.4
Households,"Interest payments, gross, as a percentage of disposable income, net",2009K3,4.8
Households,"Interest payments, gross, as a percentage of disposable income, net",2009K4,4.6
Households,"Interest payments, gross, as a percentage of disposable income, net",2010K1,4.4
Households,"Interest payments, gross, as a percentage of disposable income, net",2010K2,3.7
Households,"Interest payments, gross, as a percentage of disposable income, net",2010K3,4.7
Households,"Interest payments, gross, as a percentage of disposable income, net",2010K4,5.2
Households,"Interest payments, gross, as a percentage of disposable income, net",2011K1,5.9
Households,"Interest payments, gross, as a percentage of disposable income, net",2011K2,5.3
Households,"Interest payments, gross, as a percentage of disposable income, net",2011K3,6.7
Households,"Interest payments, gross, as a percentage of disposable income, net",2011K4,6.9
Households,"Interest payments, gross, as a percentage of disposable income, net",2012K1,6.9
Households,"Interest payments, gross, as a percentage of disposable income, net",2012K2,5.4
Households,"Interest payments, gross, as a percentage of disposable income, net",2012K3,6.4
Households,"Interest payments, gross, as a percentage of disposable income, net",2012K4,6.1
Households,"Interest payments, gross, as a percentage of disposable income, net",2013K1,5.8
Households,"Interest payments, gross, as a percentage of disposable income, net",2013K2,4.8
Households,"Interest payments, gross, as a percentage of disposable income, net",2013K3,5.6
Households,"Interest payments, gross, as a percentage of disposable income, net",2013K4,5.5
Households,"Interest payments, gross, as a percentage of disposable income, net",2014K1,5.5
Households,"Interest payments, gross, as a percentage of disposable income, net",2014K2,4.4
Households,"Interest payments, gross, as a percentage of disposable income, net",2014K3,5.2
Households,"Interest payments, gross, as a percentage of disposable income, net",2014K4,4.9
Households,"Interest payments, gross, as a percentage of disposable income, net",2015K1,4.7
Households,"Interest payments, gross, as a percentage of disposable income, net",2015K2,3.5
Households,"Interest payments, gross, as a percentage of disposable income, net",2015K3,4.2
Households,"Interest payments, gross, as a percentage of disposable income, net",2015K4,4.1
Households,"Interest payments, gross, as a percentage of disposable income, net",2016K1,4
Households,"Interest payments, gross, as a percentage of disposable income, net",2016K2,3.2
Households,"Interest payments, gross, as a percentage of disposable income, net",2016K3,4.1
Households,"Interest payments, gross, as a percentage of disposable income, net",2016K4,4
Households,"Interest payments, gross, as a percentage of disposable income, net",2017K1,4
Households,"Interest payments, gross, as a percentage of disposable income, net",2017K2,3.1
Households,"Interest payments, gross, as a percentage of disposable income, net",2017K3,4
Households,"Interest payments, gross, as a percentage of disposable income, net",2017K4,3.9
Households,"Interest payments, gross, as a percentage of disposable income, net",2018K1,3.8
Households,"Interest payments, gross, as a percentage of disposable income, net",2018K2,3.3
Households,"Interest payments, gross, as a percentage of disposable income, net",2018K3,3.8
Households,"Interest payments, gross, as a percentage of disposable income, net",2018K4,3.7
Households,"Interest payments, gross, as a percentage of disposable income, net",2019K1,3.8
Households,"Interest payments, gross, as a percentage of disposable income, net",2019K2,3.4
Households,"Interest payments, gross, as a percentage of disposable income, net",2019K3,4
Households,"Interest payments, gross, as a percentage of disposable income, net",2019K4,3.9
Households,"Interest payments, gross, as a percentage of disposable income, net",2020K1,4
Households,"Interest payments, gross, as a percentage of disposable income, net",2020K2,3.8
Households,"Interest payments, gross, as a percentage of disposable income, net",2020K3,4.2
Households,"Interest payments, gross, as a percentage of disposable income, net",2020K4,4
Households,"Interest payments, gross, as a percentage of disposable income, net",2021K1,3.8
Households,"Interest payments, gross, as a percentage of disposable income, net",2021K2,3.4
Households,"Interest payments, gross, as a percentage of disposable income, net",2021K3,3.9
Households,"Interest payments, gross, as a percentage of disposable income, net",2021K4,3.7
Households,"Interest payments, gross, as a percentage of disposable income, net",2022K1,3.3
Households,"Interest payments, gross, as a percentage of disposable income, net",2022K2,3.2
Households,"Interest payments, gross, as a percentage of disposable income, net",2022K3,4.5
Households,"Interest payments, gross, as a percentage of disposable income, net",2022K4,5.2
Households,"Interest payments, gross, as a percentage of disposable income, net",2023K1,5.6
Households,"Interest payments, gross, as a percentage of disposable income, net",2023K2,5.7
Households,"Interest payments, gross, as a percentage of disposable income, net",2023K3,7.2
Households,"Interest payments, gross, as a percentage of disposable income, net",2023K4,7.5
Households,"Interest payments, gross, as a percentage of disposable income, net",2024K1,7.7
Households,"Interest payments, gross, as a percentage of disposable income, net",2024K2,6.9
Households,"Interest payments, gross, as a percentage of disposable income, net",2024K3,7.9
Households,"Interest payments, gross, as a percentage of disposable income, net",2024K4,7
Households,"Interest payments, gross, as a percentage of disposable income, net",2025K1,6.2
Households,"Interest payments, gross, as a percentage of disposable income, net",2025K2,5.3
Households,"Interest payments, gross, as a percentage of disposable income, net",2025K3,5.9
Households,"Interest payments, gross, as a percentage of disposable income, net",2025K4,5.5
Households,"Interest payments, gross, as a percentage of disposable income, net",2026K1,5.4
Households,"Net saving rate,  seasonally adjusted",1980K1,NA
Households,"Net saving rate,  seasonally adjusted",1980K2,NA
Households,"Net saving rate,  seasonally adjusted",1980K3,NA
Households,"Net saving rate,  seasonally adjusted",1980K4,NA
Households,"Net saving rate,  seasonally adjusted",1981K1,NA
Households,"Net saving rate,  seasonally adjusted",1981K2,NA
Households,"Net saving rate,  seasonally adjusted",1981K3,NA
Households,"Net saving rate,  seasonally adjusted",1981K4,NA
Households,"Net saving rate,  seasonally adjusted",1982K1,NA
Households,"Net saving rate,  seasonally adjusted",1982K2,NA
Households,"Net saving rate,  seasonally adjusted",1982K3,NA
Households,"Net saving rate,  seasonally adjusted",1982K4,NA
Households,"Net saving rate,  seasonally adjusted",1983K1,NA
Households,"Net saving rate,  seasonally adjusted",1983K2,NA
Households,"Net saving rate,  seasonally adjusted",1983K3,NA
Households,"Net saving rate,  seasonally adjusted",1983K4,NA
Households,"Net saving rate,  seasonally adjusted",1984K1,NA
Households,"Net saving rate,  seasonally adjusted",1984K2,NA
Households,"Net saving rate,  seasonally adjusted",1984K3,NA
Households,"Net saving rate,  seasonally adjusted",1984K4,NA
Households,"Net saving rate,  seasonally adjusted",1985K1,NA
Households,"Net saving rate,  seasonally adjusted",1985K2,NA
Households,"Net saving rate,  seasonally adjusted",1985K3,NA
Households,"Net saving rate,  seasonally adjusted",1985K4,NA
Households,"Net saving rate,  seasonally adjusted",1986K1,NA
Households,"Net saving rate,  seasonally adjusted",1986K2,NA
Households,"Net saving rate,  seasonally adjusted",1986K3,NA
Households,"Net saving rate,  seasonally adjusted",1986K4,NA
Households,"Net saving rate,  seasonally adjusted",1987K1,NA
Households,"Net saving rate,  seasonally adjusted",1987K2,NA
Households,"Net saving rate,  seasonally adjusted",1987K3,NA
Households,"Net saving rate,  seasonally adjusted",1987K4,NA
Households,"Net saving rate,  seasonally adjusted",1988K1,NA
Households,"Net saving rate,  seasonally adjusted",1988K2,NA
Households,"Net saving rate,  seasonally adjusted",1988K3,NA
Households,"Net saving rate,  seasonally adjusted",1988K4,NA
Households,"Net saving rate,  seasonally adjusted",1989K1,NA
Households,"Net saving rate,  seasonally adjusted",1989K2,NA
Households,"Net saving rate,  seasonally adjusted",1989K3,NA
Households,"Net saving rate,  seasonally adjusted",1989K4,NA
Households,"Net saving rate,  seasonally adjusted",1990K1,NA
Households,"Net saving rate,  seasonally adjusted",1990K2,NA
Households,"Net saving rate,  seasonally adjusted",1990K3,NA
Households,"Net saving rate,  seasonally adjusted",1990K4,NA
Households,"Net saving rate,  seasonally adjusted",1991K1,NA
Households,"Net saving rate,  seasonally adjusted",1991K2,NA
Households,"Net saving rate,  seasonally adjusted",1991K3,NA
Households,"Net saving rate,  seasonally adjusted",1991K4,NA
Households,"Net saving rate,  seasonally adjusted",1992K1,NA
Households,"Net saving rate,  seasonally adjusted",1992K2,NA
Households,"Net saving rate,  seasonally adjusted",1992K3,NA
Households,"Net saving rate,  seasonally adjusted",1992K4,NA
Households,"Net saving rate,  seasonally adjusted",1993K1,6.3
Households,"Net saving rate,  seasonally adjusted",1993K2,4.7
Households,"Net saving rate,  seasonally adjusted",1993K3,7.1
Households,"Net saving rate,  seasonally adjusted",1993K4,2.5
Households,"Net saving rate,  seasonally adjusted",1994K1,3.4
Households,"Net saving rate,  seasonally adjusted",1994K2,2.2
Households,"Net saving rate,  seasonally adjusted",1994K3,4.2
Households,"Net saving rate,  seasonally adjusted",1994K4,5.8
Households,"Net saving rate,  seasonally adjusted",1995K1,5.2
Households,"Net saving rate,  seasonally adjusted",1995K2,4.7
Households,"Net saving rate,  seasonally adjusted",1995K3,2.2
Households,"Net saving rate,  seasonally adjusted",1995K4,4
Households,"Net saving rate,  seasonally adjusted",1996K1,1.7
Households,"Net saving rate,  seasonally adjusted",1996K2,5.9
Households,"Net saving rate,  seasonally adjusted",1996K3,0.8
Households,"Net saving rate,  seasonally adjusted",1996K4,-0.8
Households,"Net saving rate,  seasonally adjusted",1997K1,-3
Households,"Net saving rate,  seasonally adjusted",1997K2,-2.2
Households,"Net saving rate,  seasonally adjusted",1997K3,-1.5
Households,"Net saving rate,  seasonally adjusted",1997K4,-2.6
Households,"Net saving rate,  seasonally adjusted",1998K1,-1.6
Households,"Net saving rate,  seasonally adjusted",1998K2,-3.2
Households,"Net saving rate,  seasonally adjusted",1998K3,-2.1
Households,"Net saving rate,  seasonally adjusted",1998K4,-1.3
Households,"Net saving rate,  seasonally adjusted",1999K1,-2.7
Households,"Net saving rate,  seasonally adjusted",1999K2,-1.5
Households,"Net saving rate,  seasonally adjusted",1999K3,-3.7
Households,"Net saving rate,  seasonally adjusted",1999K4,-4.5
Households,"Net saving rate,  seasonally adjusted",2000K1,-0.9
Households,"Net saving rate,  seasonally adjusted",2000K2,-4.9
Households,"Net saving rate,  seasonally adjusted",2000K3,-1.2
Households,"Net saving rate,  seasonally adjusted",2000K4,-1.3
Households,"Net saving rate,  seasonally adjusted",2001K1,0.7
Households,"Net saving rate,  seasonally adjusted",2001K2,0.6
Households,"Net saving rate,  seasonally adjusted",2001K3,2.1
Households,"Net saving rate,  seasonally adjusted",2001K4,3.9
Households,"Net saving rate,  seasonally adjusted",2002K1,3.4
Households,"Net saving rate,  seasonally adjusted",2002K2,3.6
Households,"Net saving rate,  seasonally adjusted",2002K3,3.5
Households,"Net saving rate,  seasonally adjusted",2002K4,3.7
Households,"Net saving rate,  seasonally adjusted",2003K1,3.2
Households,"Net saving rate,  seasonally adjusted",2003K2,2.8
Households,"Net saving rate,  seasonally adjusted",2003K3,3.6
Households,"Net saving rate,  seasonally adjusted",2003K4,2.2
Households,"Net saving rate,  seasonally adjusted",2004K1,1.9
Households,"Net saving rate,  seasonally adjusted",2004K2,-1.4
Households,"Net saving rate,  seasonally adjusted",2004K3,3.8
Households,"Net saving rate,  seasonally adjusted",2004K4,3.4
Households,"Net saving rate,  seasonally adjusted",2005K1,2.3
Households,"Net saving rate,  seasonally adjusted",2005K2,0.3
Households,"Net saving rate,  seasonally adjusted",2005K3,0.9
Households,"Net saving rate,  seasonally adjusted",2005K4,3.6
Households,"Net saving rate,  seasonally adjusted",2006K1,4.2
Households,"Net saving rate,  seasonally adjusted",2006K2,3.1
Households,"Net saving rate,  seasonally adjusted",2006K3,3.8
Households,"Net saving rate,  seasonally adjusted",2006K4,5
Households,"Net saving rate,  seasonally adjusted",2007K1,7
Households,"Net saving rate,  seasonally adjusted",2007K2,8.8
Households,"Net saving rate,  seasonally adjusted",2007K3,4.8
Households,"Net saving rate,  seasonally adjusted",2007K4,5.2
Households,"Net saving rate,  seasonally adjusted",2008K1,5.9
Households,"Net saving rate,  seasonally adjusted",2008K2,12.3
Households,"Net saving rate,  seasonally adjusted",2008K3,8.6
Households,"Net saving rate,  seasonally adjusted",2008K4,8.3
Households,"Net saving rate,  seasonally adjusted",2009K1,9.2
Households,"Net saving rate,  seasonally adjusted",2009K2,8
Households,"Net saving rate,  seasonally adjusted",2009K3,8.2
Households,"Net saving rate,  seasonally adjusted",2009K4,9.3
Households,"Net saving rate,  seasonally adjusted",2010K1,9.5
Households,"Net saving rate,  seasonally adjusted",2010K2,8.9
Households,"Net saving rate,  seasonally adjusted",2010K3,9.5
Households,"Net saving rate,  seasonally adjusted",2010K4,10.2
Households,"Net saving rate,  seasonally adjusted",2011K1,9.9
Households,"Net saving rate,  seasonally adjusted",2011K2,10.3
Households,"Net saving rate,  seasonally adjusted",2011K3,10.7
Households,"Net saving rate,  seasonally adjusted",2011K4,10.6
Households,"Net saving rate,  seasonally adjusted",2012K1,10.7
Households,"Net saving rate,  seasonally adjusted",2012K2,13
Households,"Net saving rate,  seasonally adjusted",2012K3,12.1
Households,"Net saving rate,  seasonally adjusted",2012K4,12.9
Households,"Net saving rate,  seasonally adjusted",2013K1,13.3
Households,"Net saving rate,  seasonally adjusted",2013K2,11.1
Households,"Net saving rate,  seasonally adjusted",2013K3,12.5
Households,"Net saving rate,  seasonally adjusted",2013K4,12.9
Households,"Net saving rate,  seasonally adjusted",2014K1,13.3
Households,"Net saving rate,  seasonally adjusted",2014K2,12.9
Households,"Net saving rate,  seasonally adjusted",2014K3,13.6
Households,"Net saving rate,  seasonally adjusted",2014K4,13.5
Households,"Net saving rate,  seasonally adjusted",2015K1,10.2
Households,"Net saving rate,  seasonally adjusted",2015K2,11.7
Households,"Net saving rate,  seasonally adjusted",2015K3,11
Households,"Net saving rate,  seasonally adjusted",2015K4,10.4
Households,"Net saving rate,  seasonally adjusted",2016K1,11.6
Households,"Net saving rate,  seasonally adjusted",2016K2,12.5
Households,"Net saving rate,  seasonally adjusted",2016K3,11.8
Households,"Net saving rate,  seasonally adjusted",2016K4,12.3
Households,"Net saving rate,  seasonally adjusted",2017K1,6.8
Households,"Net saving rate,  seasonally adjusted",2017K2,13.9
Households,"Net saving rate,  seasonally adjusted",2017K3,12.2
Households,"Net saving rate,  seasonally adjusted",2017K4,12
Households,"Net saving rate,  seasonally adjusted",2018K1,12.1
Households,"Net saving rate,  seasonally adjusted",2018K2,9.4
Households,"Net saving rate,  seasonally adjusted",2018K3,14.1
Households,"Net saving rate,  seasonally adjusted",2018K4,14
Households,"Net saving rate,  seasonally adjusted",2019K1,13.6
Households,"Net saving rate,  seasonally adjusted",2019K2,14
Households,"Net saving rate,  seasonally adjusted",2019K3,15
Households,"Net saving rate,  seasonally adjusted",2019K4,15.9
Households,"Net saving rate,  seasonally adjusted",2020K1,10.5
Households,"Net saving rate,  seasonally adjusted",2020K2,13.1
Households,"Net saving rate,  seasonally adjusted",2020K3,17.7
Households,"Net saving rate,  seasonally adjusted",2020K4,18.5
Households,"Net saving rate,  seasonally adjusted",2021K1,17.2
Households,"Net saving rate,  seasonally adjusted",2021K2,13.7
Households,"Net saving rate,  seasonally adjusted",2021K3,14.9
Households,"Net saving rate,  seasonally adjusted",2021K4,14.3
Households,"Net saving rate,  seasonally adjusted",2022K1,14.3
Households,"Net saving rate,  seasonally adjusted",2022K2,11.5
Households,"Net saving rate,  seasonally adjusted",2022K3,12.1
Households,"Net saving rate,  seasonally adjusted",2022K4,14
Households,"Net saving rate,  seasonally adjusted",2023K1,14.4
Households,"Net saving rate,  seasonally adjusted",2023K2,14.1
Households,"Net saving rate,  seasonally adjusted",2023K3,15
Households,"Net saving rate,  seasonally adjusted",2023K4,14.7
Households,"Net saving rate,  seasonally adjusted",2024K1,16.2
Households,"Net saving rate,  seasonally adjusted",2024K2,17
Households,"Net saving rate,  seasonally adjusted",2024K3,16
Households,"Net saving rate,  seasonally adjusted",2024K4,16.2
Households,"Net saving rate,  seasonally adjusted",2025K1,13.4
Households,"Net saving rate,  seasonally adjusted",2025K2,14
Households,"Net saving rate,  seasonally adjusted",2025K3,13.3
Households,"Net saving rate,  seasonally adjusted",2025K4,13.2
Households,"Net saving rate,  seasonally adjusted",2026K1,12.8
Households and NPISH,"Net disposable income, nominal values, percentage growth, annual rate",1980K1,29.2
Households and NPISH,"Net disposable income, nominal values, percentage growth, annual rate",1980K2,37.7
Households and NPISH,"Net disposable income, nominal values, percentage growth, annual rate",1980K3,27.4
Households and NPISH,"Net disposable income, nominal values, percentage growth, annual rate",1980K4,26.8
Households and NPISH,"Net disposable income, nominal values, percentage growth, annual rate",1981K1,6.9
Households and NPISH,"Net disposable income, nominal values, percentage growth, annual rate",1981K2,5.6
Households and NPISH,"Net disposable income, nominal values, percentage growth, annual rate",1981K3,4.1
Households and NPISH,"Net disposable income, nominal values, percentage growth, annual rate",1981K4,8.9
Households and NPISH,"Net disposable income, nominal values, percentage growth, annual rate",1982K1,8.8
Households and NPISH,"Net disposable income, nominal values, percentage growth, annual rate",1982K2,9.3
Households and NPISH,"Net disposable income, nominal values, percentage growth, annual rate",1982K3,7.4
Households and NPISH,"Net disposable income, nominal values, percentage growth, annual rate",1982K4,6.7
Households and NPISH,"Net disposable income, nominal values, percentage growth, annual rate",1983K1,8
Households and NPISH,"Net disposable income, nominal values, percentage growth, annual rate",1983K2,15.3
Households and NPISH,"Net disposable income, nominal values, percentage growth, annual rate",1983K3,8.3
Households and NPISH,"Net disposable income, nominal values, percentage growth, annual rate",1983K4,9
Households and NPISH,"Net disposable income, nominal values, percentage growth, annual rate",1984K1,9.5
Households and NPISH,"Net disposable income, nominal values, percentage growth, annual rate",1984K2,6.7
Households and NPISH,"Net disposable income, nominal values, percentage growth, annual rate",1984K3,10.2
Households and NPISH,"Net disposable income, nominal values, percentage growth, annual rate",1984K4,8.1
Households and NPISH,"Net disposable income, nominal values, percentage growth, annual rate",1985K1,9.5
Households and NPISH,"Net disposable income, nominal values, percentage growth, annual rate",1985K2,10.3
Households and NPISH,"Net disposable income, nominal values, percentage growth, annual rate",1985K3,10.3
Households and NPISH,"Net disposable income, nominal values, percentage growth, annual rate",1985K4,8.6
Households and NPISH,"Net disposable income, nominal values, percentage growth, annual rate",1986K1,6.9
Households and NPISH,"Net disposable income, nominal values, percentage growth, annual rate",1986K2,7.3
Households and NPISH,"Net disposable income, nominal values, percentage growth, annual rate",1986K3,10.4
Households and NPISH,"Net disposable income, nominal values, percentage growth, annual rate",1986K4,8.2
Households and NPISH,"Net disposable income, nominal values, percentage growth, annual rate",1987K1,9.4
Households and NPISH,"Net disposable income, nominal values, percentage growth, annual rate",1987K2,10.6
Households and NPISH,"Net disposable income, nominal values, percentage growth, annual rate",1987K3,5.8
Households and NPISH,"Net disposable income, nominal values, percentage growth, annual rate",1987K4,5.8
Households and NPISH,"Net disposable income, nominal values, percentage growth, annual rate",1988K1,4.7
Households and NPISH,"Net disposable income, nominal values, percentage growth, annual rate",1988K2,5.1
Households and NPISH,"Net disposable income, nominal values, percentage growth, annual rate",1988K3,6.8
Households and NPISH,"Net disposable income, nominal values, percentage growth, annual rate",1988K4,7.4
Households and NPISH,"Net disposable income, nominal values, percentage growth, annual rate",1989K1,11
Households and NPISH,"Net disposable income, nominal values, percentage growth, annual rate",1989K2,8.3
Households and NPISH,"Net disposable income, nominal values, percentage growth, annual rate",1989K3,11.2
Households and NPISH,"Net disposable income, nominal values, percentage growth, annual rate",1989K4,7.9
Households and NPISH,"Net disposable income, nominal values, percentage growth, annual rate",1990K1,9
Households and NPISH,"Net disposable income, nominal values, percentage growth, annual rate",1990K2,14.3
Households and NPISH,"Net disposable income, nominal values, percentage growth, annual rate",1990K3,9.9
Households and NPISH,"Net disposable income, nominal values, percentage growth, annual rate",1990K4,15.8
Households and NPISH,"Net disposable income, nominal values, percentage growth, annual rate",1991K1,18.1
Households and NPISH,"Net disposable income, nominal values, percentage growth, annual rate",1991K2,13.7
Households and NPISH,"Net disposable income, nominal values, percentage growth, annual rate",1991K3,14.9
Households and NPISH,"Net disposable income, nominal values, percentage growth, annual rate",1991K4,16.6
Households and NPISH,"Net disposable income, nominal values, percentage growth, annual rate",1992K1,6.4
Households and NPISH,"Net disposable income, nominal values, percentage growth, annual rate",1992K2,2.7
Households and NPISH,"Net disposable income, nominal values, percentage growth, annual rate",1992K3,5.2
Households and NPISH,"Net disposable income, nominal values, percentage growth, annual rate",1992K4,6.9
Households and NPISH,"Net disposable income, nominal values, percentage growth, annual rate",1993K1,0.7
Households and NPISH,"Net disposable income, nominal values, percentage growth, annual rate",1993K2,-0.4
Households and NPISH,"Net disposable income, nominal values, percentage growth, annual rate",1993K3,4
Households and NPISH,"Net disposable income, nominal values, percentage growth, annual rate",1993K4,-3
Households and NPISH,"Net disposable income, nominal values, percentage growth, annual rate",1994K1,1.5
Households and NPISH,"Net disposable income, nominal values, percentage growth, annual rate",1994K2,0.8
Households and NPISH,"Net disposable income, nominal values, percentage growth, annual rate",1994K3,1.2
Households and NPISH,"Net disposable income, nominal values, percentage growth, annual rate",1994K4,7.1
Households and NPISH,"Net disposable income, nominal values, percentage growth, annual rate",1995K1,2.8
Households and NPISH,"Net disposable income, nominal values, percentage growth, annual rate",1995K2,8.2
Households and NPISH,"Net disposable income, nominal values, percentage growth, annual rate",1995K3,1.8
Households and NPISH,"Net disposable income, nominal values, percentage growth, annual rate",1995K4,1.2
Households and NPISH,"Net disposable income, nominal values, percentage growth, annual rate",1996K1,-0.4
Households and NPISH,"Net disposable income, nominal values, percentage growth, annual rate",1996K2,2.6
Households and NPISH,"Net disposable income, nominal values, percentage growth, annual rate",1996K3,0.3
Households and NPISH,"Net disposable income, nominal values, percentage growth, annual rate",1996K4,-2.3
Households and NPISH,"Net disposable income, nominal values, percentage growth, annual rate",1997K1,-0.6
Households and NPISH,"Net disposable income, nominal values, percentage growth, annual rate",1997K2,-1.4
Households and NPISH,"Net disposable income, nominal values, percentage growth, annual rate",1997K3,1.9
Households and NPISH,"Net disposable income, nominal values, percentage growth, annual rate",1997K4,2.6
Households and NPISH,"Net disposable income, nominal values, percentage growth, annual rate",1998K1,3.4
Households and NPISH,"Net disposable income, nominal values, percentage growth, annual rate",1998K2,1
Households and NPISH,"Net disposable income, nominal values, percentage growth, annual rate",1998K3,2.2
Households and NPISH,"Net disposable income, nominal values, percentage growth, annual rate",1998K4,4.2
Households and NPISH,"Net disposable income, nominal values, percentage growth, annual rate",1999K1,3.6
Households and NPISH,"Net disposable income, nominal values, percentage growth, annual rate",1999K2,5.9
Households and NPISH,"Net disposable income, nominal values, percentage growth, annual rate",1999K3,3.1
Households and NPISH,"Net disposable income, nominal values, percentage growth, annual rate",1999K4,3
Households and NPISH,"Net disposable income, nominal values, percentage growth, annual rate",2000K1,8.2
Households and NPISH,"Net disposable income, nominal values, percentage growth, annual rate",2000K2,4.4
Households and NPISH,"Net disposable income, nominal values, percentage growth, annual rate",2000K3,8.3
Households and NPISH,"Net disposable income, nominal values, percentage growth, annual rate",2000K4,7.3
Households and NPISH,"Net disposable income, nominal values, percentage growth, annual rate",2001K1,7.4
Households and NPISH,"Net disposable income, nominal values, percentage growth, annual rate",2001K2,8.2
Households and NPISH,"Net disposable income, nominal values, percentage growth, annual rate",2001K3,7.4
Households and NPISH,"Net disposable income, nominal values, percentage growth, annual rate",2001K4,7.4
Households and NPISH,"Net disposable income, nominal values, percentage growth, annual rate",2002K1,6.7
Households and NPISH,"Net disposable income, nominal values, percentage growth, annual rate",2002K2,6.7
Households and NPISH,"Net disposable income, nominal values, percentage growth, annual rate",2002K3,5.5
Households and NPISH,"Net disposable income, nominal values, percentage growth, annual rate",2002K4,5.6
Households and NPISH,"Net disposable income, nominal values, percentage growth, annual rate",2003K1,3.4
Households and NPISH,"Net disposable income, nominal values, percentage growth, annual rate",2003K2,2
Households and NPISH,"Net disposable income, nominal values, percentage growth, annual rate",2003K3,3.1
Households and NPISH,"Net disposable income, nominal values, percentage growth, annual rate",2003K4,1.3
Households and NPISH,"Net disposable income, nominal values, percentage growth, annual rate",2004K1,2.4
Households and NPISH,"Net disposable income, nominal values, percentage growth, annual rate",2004K2,0.7
Households and NPISH,"Net disposable income, nominal values, percentage growth, annual rate",2004K3,2.2
Households and NPISH,"Net disposable income, nominal values, percentage growth, annual rate",2004K4,3.1
Households and NPISH,"Net disposable income, nominal values, percentage growth, annual rate",2005K1,2.2
Households and NPISH,"Net disposable income, nominal values, percentage growth, annual rate",2005K2,6.9
Households and NPISH,"Net disposable income, nominal values, percentage growth, annual rate",2005K3,2.3
Households and NPISH,"Net disposable income, nominal values, percentage growth, annual rate",2005K4,4.9
Households and NPISH,"Net disposable income, nominal values, percentage growth, annual rate",2006K1,5.4
Households and NPISH,"Net disposable income, nominal values, percentage growth, annual rate",2006K2,8
Households and NPISH,"Net disposable income, nominal values, percentage growth, annual rate",2006K3,5.2
Households and NPISH,"Net disposable income, nominal values, percentage growth, annual rate",2006K4,5.5
Households and NPISH,"Net disposable income, nominal values, percentage growth, annual rate",2007K1,7.8
Households and NPISH,"Net disposable income, nominal values, percentage growth, annual rate",2007K2,10.5
Households and NPISH,"Net disposable income, nominal values, percentage growth, annual rate",2007K3,6.4
Households and NPISH,"Net disposable income, nominal values, percentage growth, annual rate",2007K4,4.5
Households and NPISH,"Net disposable income, nominal values, percentage growth, annual rate",2008K1,5.3
Households and NPISH,"Net disposable income, nominal values, percentage growth, annual rate",2008K2,8.8
Households and NPISH,"Net disposable income, nominal values, percentage growth, annual rate",2008K3,6.6
Households and NPISH,"Net disposable income, nominal values, percentage growth, annual rate",2008K4,4.3
Households and NPISH,"Net disposable income, nominal values, percentage growth, annual rate",2009K1,5.2
Households and NPISH,"Net disposable income, nominal values, percentage growth, annual rate",2009K2,1
Households and NPISH,"Net disposable income, nominal values, percentage growth, annual rate",2009K3,4
Households and NPISH,"Net disposable income, nominal values, percentage growth, annual rate",2009K4,6
Households and NPISH,"Net disposable income, nominal values, percentage growth, annual rate",2010K1,3.2
Households and NPISH,"Net disposable income, nominal values, percentage growth, annual rate",2010K2,3.6
Households and NPISH,"Net disposable income, nominal values, percentage growth, annual rate",2010K3,4.9
Households and NPISH,"Net disposable income, nominal values, percentage growth, annual rate",2010K4,5.6
Households and NPISH,"Net disposable income, nominal values, percentage growth, annual rate",2011K1,5.5
Households and NPISH,"Net disposable income, nominal values, percentage growth, annual rate",2011K2,6.4
Households and NPISH,"Net disposable income, nominal values, percentage growth, annual rate",2011K3,4.8
Households and NPISH,"Net disposable income, nominal values, percentage growth, annual rate",2011K4,3
Households and NPISH,"Net disposable income, nominal values, percentage growth, annual rate",2012K1,3.5
Households and NPISH,"Net disposable income, nominal values, percentage growth, annual rate",2012K2,5.6
Households and NPISH,"Net disposable income, nominal values, percentage growth, annual rate",2012K3,4.1
Households and NPISH,"Net disposable income, nominal values, percentage growth, annual rate",2012K4,5.5
Households and NPISH,"Net disposable income, nominal values, percentage growth, annual rate",2013K1,5.1
Households and NPISH,"Net disposable income, nominal values, percentage growth, annual rate",2013K2,0.1
Households and NPISH,"Net disposable income, nominal values, percentage growth, annual rate",2013K3,2.5
Households and NPISH,"Net disposable income, nominal values, percentage growth, annual rate",2013K4,2.6
Households and NPISH,"Net disposable income, nominal values, percentage growth, annual rate",2014K1,1.7
Households and NPISH,"Net disposable income, nominal values, percentage growth, annual rate",2014K2,5.2
Households and NPISH,"Net disposable income, nominal values, percentage growth, annual rate",2014K3,2.8
Households and NPISH,"Net disposable income, nominal values, percentage growth, annual rate",2014K4,2.6
Households and NPISH,"Net disposable income, nominal values, percentage growth, annual rate",2015K1,3.1
Households and NPISH,"Net disposable income, nominal values, percentage growth, annual rate",2015K2,5
Households and NPISH,"Net disposable income, nominal values, percentage growth, annual rate",2015K3,2.6
Households and NPISH,"Net disposable income, nominal values, percentage growth, annual rate",2015K4,2.7
Households and NPISH,"Net disposable income, nominal values, percentage growth, annual rate",2016K1,6.3
Households and NPISH,"Net disposable income, nominal values, percentage growth, annual rate",2016K2,3.7
Households and NPISH,"Net disposable income, nominal values, percentage growth, annual rate",2016K3,3
Households and NPISH,"Net disposable income, nominal values, percentage growth, annual rate",2016K4,4.1
Households and NPISH,"Net disposable income, nominal values, percentage growth, annual rate",2017K1,0.2
Households and NPISH,"Net disposable income, nominal values, percentage growth, annual rate",2017K2,6
Households and NPISH,"Net disposable income, nominal values, percentage growth, annual rate",2017K3,3.9
Households and NPISH,"Net disposable income, nominal values, percentage growth, annual rate",2017K4,5.6
Households and NPISH,"Net disposable income, nominal values, percentage growth, annual rate",2018K1,9.4
Households and NPISH,"Net disposable income, nominal values, percentage growth, annual rate",2018K2,-2.4
Households and NPISH,"Net disposable income, nominal values, percentage growth, annual rate",2018K3,5.8
Households and NPISH,"Net disposable income, nominal values, percentage growth, annual rate",2018K4,6.2
Households and NPISH,"Net disposable income, nominal values, percentage growth, annual rate",2019K1,3.8
Households and NPISH,"Net disposable income, nominal values, percentage growth, annual rate",2019K2,4.9
Households and NPISH,"Net disposable income, nominal values, percentage growth, annual rate",2019K3,4.7
Households and NPISH,"Net disposable income, nominal values, percentage growth, annual rate",2019K4,4.4
Households and NPISH,"Net disposable income, nominal values, percentage growth, annual rate",2020K1,3
Households and NPISH,"Net disposable income, nominal values, percentage growth, annual rate",2020K2,-5.1
Households and NPISH,"Net disposable income, nominal values, percentage growth, annual rate",2020K3,1.2
Households and NPISH,"Net disposable income, nominal values, percentage growth, annual rate",2020K4,2.8
Households and NPISH,"Net disposable income, nominal values, percentage growth, annual rate",2021K1,5.9
Households and NPISH,"Net disposable income, nominal values, percentage growth, annual rate",2021K2,9
Households and NPISH,"Net disposable income, nominal values, percentage growth, annual rate",2021K3,5.9
Households and NPISH,"Net disposable income, nominal values, percentage growth, annual rate",2021K4,5.7
Households and NPISH,"Net disposable income, nominal values, percentage growth, annual rate",2022K1,8.4
Households and NPISH,"Net disposable income, nominal values, percentage growth, annual rate",2022K2,9.9
Households and NPISH,"Net disposable income, nominal values, percentage growth, annual rate",2022K3,6.5
Households and NPISH,"Net disposable income, nominal values, percentage growth, annual rate",2022K4,9.6
Households and NPISH,"Net disposable income, nominal values, percentage growth, annual rate",2023K1,5.8
Households and NPISH,"Net disposable income, nominal values, percentage growth, annual rate",2023K2,6
Households and NPISH,"Net disposable income, nominal values, percentage growth, annual rate",2023K3,7.1
Households and NPISH,"Net disposable income, nominal values, percentage growth, annual rate",2023K4,2.9
Households and NPISH,"Net disposable income, nominal values, percentage growth, annual rate",2024K1,4.8
Households and NPISH,"Net disposable income, nominal values, percentage growth, annual rate",2024K2,5.5
Households and NPISH,"Net disposable income, nominal values, percentage growth, annual rate",2024K3,4.1
Households and NPISH,"Net disposable income, nominal values, percentage growth, annual rate",2024K4,5
Households and NPISH,"Net disposable income, nominal values, percentage growth, annual rate",2025K1,2.3
Households and NPISH,"Net disposable income, nominal values, percentage growth, annual rate",2025K2,3.7
Households and NPISH,"Net disposable income, nominal values, percentage growth, annual rate",2025K3,4.6
Households and NPISH,"Net disposable income, nominal values, percentage growth, annual rate",2025K4,3.8
Households and NPISH,"Net disposable income, nominal values, percentage growth, annual rate",2026K1,3.3
Households and NPISH,"Net disposable income, real values, percentage growth, annual rate",1980K1,NA
Households and NPISH,"Net disposable income, real values, percentage growth, annual rate",1980K2,NA
Households and NPISH,"Net disposable income, real values, percentage growth, annual rate",1980K3,NA
Households and NPISH,"Net disposable income, real values, percentage growth, annual rate",1980K4,NA
Households and NPISH,"Net disposable income, real values, percentage growth, annual rate",1981K1,NA
Households and NPISH,"Net disposable income, real values, percentage growth, annual rate",1981K2,NA
Households and NPISH,"Net disposable income, real values, percentage growth, annual rate",1981K3,NA
Households and NPISH,"Net disposable income, real values, percentage growth, annual rate",1981K4,NA
Households and NPISH,"Net disposable income, real values, percentage growth, annual rate",1982K1,-1.5
Households and NPISH,"Net disposable income, real values, percentage growth, annual rate",1982K2,-0.9
Households and NPISH,"Net disposable income, real values, percentage growth, annual rate",1982K3,-2
Households and NPISH,"Net disposable income, real values, percentage growth, annual rate",1982K4,-3.1
Households and NPISH,"Net disposable income, real values, percentage growth, annual rate",1983K1,-2.3
Households and NPISH,"Net disposable income, real values, percentage growth, annual rate",1983K2,3.9
Households and NPISH,"Net disposable income, real values, percentage growth, annual rate",1983K3,-2.8
Households and NPISH,"Net disposable income, real values, percentage growth, annual rate",1983K4,-1.9
Households and NPISH,"Net disposable income, real values, percentage growth, annual rate",1984K1,1.1
Households and NPISH,"Net disposable income, real values, percentage growth, annual rate",1984K2,-1.1
Households and NPISH,"Net disposable income, real values, percentage growth, annual rate",1984K3,3.6
Households and NPISH,"Net disposable income, real values, percentage growth, annual rate",1984K4,1.7
Households and NPISH,"Net disposable income, real values, percentage growth, annual rate",1985K1,1.9
Households and NPISH,"Net disposable income, real values, percentage growth, annual rate",1985K2,3.2
Households and NPISH,"Net disposable income, real values, percentage growth, annual rate",1985K3,3.2
Households and NPISH,"Net disposable income, real values, percentage growth, annual rate",1985K4,2.7
Households and NPISH,"Net disposable income, real values, percentage growth, annual rate",1986K1,1.8
Households and NPISH,"Net disposable income, real values, percentage growth, annual rate",1986K2,2.6
Households and NPISH,"Net disposable income, real values, percentage growth, annual rate",1986K3,5.3
Households and NPISH,"Net disposable income, real values, percentage growth, annual rate",1986K4,3.3
Households and NPISH,"Net disposable income, real values, percentage growth, annual rate",1987K1,4.1
Households and NPISH,"Net disposable income, real values, percentage growth, annual rate",1987K2,5.7
Households and NPISH,"Net disposable income, real values, percentage growth, annual rate",1987K3,0
Households and NPISH,"Net disposable income, real values, percentage growth, annual rate",1987K4,-0.4
Households and NPISH,"Net disposable income, real values, percentage growth, annual rate",1988K1,-1
Households and NPISH,"Net disposable income, real values, percentage growth, annual rate",1988K2,-1.5
Households and NPISH,"Net disposable income, real values, percentage growth, annual rate",1988K3,0.7
Households and NPISH,"Net disposable income, real values, percentage growth, annual rate",1988K4,1.6
Households and NPISH,"Net disposable income, real values, percentage growth, annual rate",1989K1,3.8
Households and NPISH,"Net disposable income, real values, percentage growth, annual rate",1989K2,1.6
Households and NPISH,"Net disposable income, real values, percentage growth, annual rate",1989K3,4.7
Households and NPISH,"Net disposable income, real values, percentage growth, annual rate",1989K4,1
Households and NPISH,"Net disposable income, real values, percentage growth, annual rate",1990K1,-0.2
Households and NPISH,"Net disposable income, real values, percentage growth, annual rate",1990K2,4.4
Households and NPISH,"Net disposable income, real values, percentage growth, annual rate",1990K3,-1.1
Households and NPISH,"Net disposable income, real values, percentage growth, annual rate",1990K4,4.7
Households and NPISH,"Net disposable income, real values, percentage growth, annual rate",1991K1,6.1
Households and NPISH,"Net disposable income, real values, percentage growth, annual rate",1991K2,1.9
Households and NPISH,"Net disposable income, real values, percentage growth, annual rate",1991K3,4.7
Households and NPISH,"Net disposable income, real values, percentage growth, annual rate",1991K4,7
Households and NPISH,"Net disposable income, real values, percentage growth, annual rate",1992K1,2.4
Households and NPISH,"Net disposable income, real values, percentage growth, annual rate",1992K2,0.5
Households and NPISH,"Net disposable income, real values, percentage growth, annual rate",1992K3,3.6
Households and NPISH,"Net disposable income, real values, percentage growth, annual rate",1992K4,5.2
Households and NPISH,"Net disposable income, real values, percentage growth, annual rate",1993K1,-4.2
Households and NPISH,"Net disposable income, real values, percentage growth, annual rate",1993K2,-6.1
Households and NPISH,"Net disposable income, real values, percentage growth, annual rate",1993K3,-2.1
Households and NPISH,"Net disposable income, real values, percentage growth, annual rate",1993K4,-8.1
Households and NPISH,"Net disposable income, real values, percentage growth, annual rate",1994K1,-1.1
Households and NPISH,"Net disposable income, real values, percentage growth, annual rate",1994K2,-1.4
Households and NPISH,"Net disposable income, real values, percentage growth, annual rate",1994K3,-1.4
Households and NPISH,"Net disposable income, real values, percentage growth, annual rate",1994K4,3.8
Households and NPISH,"Net disposable income, real values, percentage growth, annual rate",1995K1,-0.2
Households and NPISH,"Net disposable income, real values, percentage growth, annual rate",1995K2,4.5
Households and NPISH,"Net disposable income, real values, percentage growth, annual rate",1995K3,-1.1
Households and NPISH,"Net disposable income, real values, percentage growth, annual rate",1995K4,-0.9
Households and NPISH,"Net disposable income, real values, percentage growth, annual rate",1996K1,-1.7
Households and NPISH,"Net disposable income, real values, percentage growth, annual rate",1996K2,1.9
Households and NPISH,"Net disposable income, real values, percentage growth, annual rate",1996K3,-0.4
Households and NPISH,"Net disposable income, real values, percentage growth, annual rate",1996K4,-3.3
Households and NPISH,"Net disposable income, real values, percentage growth, annual rate",1997K1,-1.4
Households and NPISH,"Net disposable income, real values, percentage growth, annual rate",1997K2,-2.6
Households and NPISH,"Net disposable income, real values, percentage growth, annual rate",1997K3,0.3
Households and NPISH,"Net disposable income, real values, percentage growth, annual rate",1997K4,1.1
Households and NPISH,"Net disposable income, real values, percentage growth, annual rate",1998K1,2.4
Households and NPISH,"Net disposable income, real values, percentage growth, annual rate",1998K2,0.5
Households and NPISH,"Net disposable income, real values, percentage growth, annual rate",1998K3,2.3
Households and NPISH,"Net disposable income, real values, percentage growth, annual rate",1998K4,3.9
Households and NPISH,"Net disposable income, real values, percentage growth, annual rate",1999K1,2.5
Households and NPISH,"Net disposable income, real values, percentage growth, annual rate",1999K2,4.3
Households and NPISH,"Net disposable income, real values, percentage growth, annual rate",1999K3,1.3
Households and NPISH,"Net disposable income, real values, percentage growth, annual rate",1999K4,1.5
Households and NPISH,"Net disposable income, real values, percentage growth, annual rate",2000K1,7.1
Households and NPISH,"Net disposable income, real values, percentage growth, annual rate",2000K2,3.5
Households and NPISH,"Net disposable income, real values, percentage growth, annual rate",2000K3,7.5
Households and NPISH,"Net disposable income, real values, percentage growth, annual rate",2000K4,6.3
Households and NPISH,"Net disposable income, real values, percentage growth, annual rate",2001K1,5.8
Households and NPISH,"Net disposable income, real values, percentage growth, annual rate",2001K2,5.7
Households and NPISH,"Net disposable income, real values, percentage growth, annual rate",2001K3,5.1
Households and NPISH,"Net disposable income, real values, percentage growth, annual rate",2001K4,4.8
Households and NPISH,"Net disposable income, real values, percentage growth, annual rate",2002K1,4.7
Households and NPISH,"Net disposable income, real values, percentage growth, annual rate",2002K2,5.5
Households and NPISH,"Net disposable income, real values, percentage growth, annual rate",2002K3,3.8
Households and NPISH,"Net disposable income, real values, percentage growth, annual rate",2002K4,3.3
Households and NPISH,"Net disposable income, real values, percentage growth, annual rate",2003K1,0.5
Households and NPISH,"Net disposable income, real values, percentage growth, annual rate",2003K2,0.1
Households and NPISH,"Net disposable income, real values, percentage growth, annual rate",2003K3,1
Households and NPISH,"Net disposable income, real values, percentage growth, annual rate",2003K4,0.4
Households and NPISH,"Net disposable income, real values, percentage growth, annual rate",2004K1,2.3
Households and NPISH,"Net disposable income, real values, percentage growth, annual rate",2004K2,-0.4
Households and NPISH,"Net disposable income, real values, percentage growth, annual rate",2004K3,1.6
Households and NPISH,"Net disposable income, real values, percentage growth, annual rate",2004K4,3.1
Households and NPISH,"Net disposable income, real values, percentage growth, annual rate",2005K1,1.7
Households and NPISH,"Net disposable income, real values, percentage growth, annual rate",2005K2,5.7
Households and NPISH,"Net disposable income, real values, percentage growth, annual rate",2005K3,1.2
Households and NPISH,"Net disposable income, real values, percentage growth, annual rate",2005K4,4.1
Households and NPISH,"Net disposable income, real values, percentage growth, annual rate",2006K1,4.4
Households and NPISH,"Net disposable income, real values, percentage growth, annual rate",2006K2,7.5
Households and NPISH,"Net disposable income, real values, percentage growth, annual rate",2006K3,4.2
Households and NPISH,"Net disposable income, real values, percentage growth, annual rate",2006K4,4.6
Households and NPISH,"Net disposable income, real values, percentage growth, annual rate",2007K1,6.9
Households and NPISH,"Net disposable income, real values, percentage growth, annual rate",2007K2,8.9
Households and NPISH,"Net disposable income, real values, percentage growth, annual rate",2007K3,5.2
Households and NPISH,"Net disposable income, real values, percentage growth, annual rate",2007K4,2.8
Households and NPISH,"Net disposable income, real values, percentage growth, annual rate",2008K1,2.7
Households and NPISH,"Net disposable income, real values, percentage growth, annual rate",2008K2,6.2
Households and NPISH,"Net disposable income, real values, percentage growth, annual rate",2008K3,3.4
Households and NPISH,"Net disposable income, real values, percentage growth, annual rate",2008K4,0.6
Households and NPISH,"Net disposable income, real values, percentage growth, annual rate",2009K1,2.7
Households and NPISH,"Net disposable income, real values, percentage growth, annual rate",2009K2,-1
Households and NPISH,"Net disposable income, real values, percentage growth, annual rate",2009K3,2.2
Households and NPISH,"Net disposable income, real values, percentage growth, annual rate",2009K4,4
Households and NPISH,"Net disposable income, real values, percentage growth, annual rate",2010K1,1.5
Households and NPISH,"Net disposable income, real values, percentage growth, annual rate",2010K2,2.4
Households and NPISH,"Net disposable income, real values, percentage growth, annual rate",2010K3,4
Households and NPISH,"Net disposable income, real values, percentage growth, annual rate",2010K4,4.4
Households and NPISH,"Net disposable income, real values, percentage growth, annual rate",2011K1,4.2
Households and NPISH,"Net disposable income, real values, percentage growth, annual rate",2011K2,4.7
Households and NPISH,"Net disposable income, real values, percentage growth, annual rate",2011K3,3
Households and NPISH,"Net disposable income, real values, percentage growth, annual rate",2011K4,2.1
Households and NPISH,"Net disposable income, real values, percentage growth, annual rate",2012K1,3.1
Households and NPISH,"Net disposable income, real values, percentage growth, annual rate",2012K2,4.7
Households and NPISH,"Net disposable income, real values, percentage growth, annual rate",2012K3,3.6
Households and NPISH,"Net disposable income, real values, percentage growth, annual rate",2012K4,5.3
Households and NPISH,"Net disposable income, real values, percentage growth, annual rate",2013K1,4.6
Households and NPISH,"Net disposable income, real values, percentage growth, annual rate",2013K2,0.1
Households and NPISH,"Net disposable income, real values, percentage growth, annual rate",2013K3,1.8
Households and NPISH,"Net disposable income, real values, percentage growth, annual rate",2013K4,1.4
Households and NPISH,"Net disposable income, real values, percentage growth, annual rate",2014K1,1.2
Households and NPISH,"Net disposable income, real values, percentage growth, annual rate",2014K2,4.1
Households and NPISH,"Net disposable income, real values, percentage growth, annual rate",2014K3,1.6
Households and NPISH,"Net disposable income, real values, percentage growth, annual rate",2014K4,2
Households and NPISH,"Net disposable income, real values, percentage growth, annual rate",2015K1,1.9
Households and NPISH,"Net disposable income, real values, percentage growth, annual rate",2015K2,3.9
Households and NPISH,"Net disposable income, real values, percentage growth, annual rate",2015K3,1.7
Households and NPISH,"Net disposable income, real values, percentage growth, annual rate",2015K4,1.7
Households and NPISH,"Net disposable income, real values, percentage growth, annual rate",2016K1,5.7
Households and NPISH,"Net disposable income, real values, percentage growth, annual rate",2016K2,2.9
Households and NPISH,"Net disposable income, real values, percentage growth, annual rate",2016K3,2
Households and NPISH,"Net disposable income, real values, percentage growth, annual rate",2016K4,2.8
Households and NPISH,"Net disposable income, real values, percentage growth, annual rate",2017K1,-1.5
Households and NPISH,"Net disposable income, real values, percentage growth, annual rate",2017K2,4
Households and NPISH,"Net disposable income, real values, percentage growth, annual rate",2017K3,2.1
Households and NPISH,"Net disposable income, real values, percentage growth, annual rate",2017K4,4.1
Households and NPISH,"Net disposable income, real values, percentage growth, annual rate",2018K1,6.9
Households and NPISH,"Net disposable income, real values, percentage growth, annual rate",2018K2,-4.7
Households and NPISH,"Net disposable income, real values, percentage growth, annual rate",2018K3,2.7
Households and NPISH,"Net disposable income, real values, percentage growth, annual rate",2018K4,3.5
Households and NPISH,"Net disposable income, real values, percentage growth, annual rate",2019K1,1.9
Households and NPISH,"Net disposable income, real values, percentage growth, annual rate",2019K2,2.5
Households and NPISH,"Net disposable income, real values, percentage growth, annual rate",2019K3,2.6
Households and NPISH,"Net disposable income, real values, percentage growth, annual rate",2019K4,2.3
Households and NPISH,"Net disposable income, real values, percentage growth, annual rate",2020K1,1.7
Households and NPISH,"Net disposable income, real values, percentage growth, annual rate",2020K2,-5.7
Households and NPISH,"Net disposable income, real values, percentage growth, annual rate",2020K3,0.3
Households and NPISH,"Net disposable income, real values, percentage growth, annual rate",2020K4,2.3
Households and NPISH,"Net disposable income, real values, percentage growth, annual rate",2021K1,4.3
Households and NPISH,"Net disposable income, real values, percentage growth, annual rate",2021K2,6.7
Households and NPISH,"Net disposable income, real values, percentage growth, annual rate",2021K3,4.1
Households and NPISH,"Net disposable income, real values, percentage growth, annual rate",2021K4,2.2
Households and NPISH,"Net disposable income, real values, percentage growth, annual rate",2022K1,4.6
Households and NPISH,"Net disposable income, real values, percentage growth, annual rate",2022K2,3.7
Households and NPISH,"Net disposable income, real values, percentage growth, annual rate",2022K3,-1.6
Households and NPISH,"Net disposable income, real values, percentage growth, annual rate",2022K4,0
Households and NPISH,"Net disposable income, real values, percentage growth, annual rate",2023K1,-3.1
Households and NPISH,"Net disposable income, real values, percentage growth, annual rate",2023K2,-1.8
Households and NPISH,"Net disposable income, real values, percentage growth, annual rate",2023K3,0.2
Households and NPISH,"Net disposable income, real values, percentage growth, annual rate",2023K4,0.2
Households and NPISH,"Net disposable income, real values, percentage growth, annual rate",2024K1,0.8
Households and NPISH,"Net disposable income, real values, percentage growth, annual rate",2024K2,2.6
Households and NPISH,"Net disposable income, real values, percentage growth, annual rate",2024K3,2.1
Households and NPISH,"Net disposable income, real values, percentage growth, annual rate",2024K4,2.2
Households and NPISH,"Net disposable income, real values, percentage growth, annual rate",2025K1,-0.1
Households and NPISH,"Net disposable income, real values, percentage growth, annual rate",2025K2,1.1
Households and NPISH,"Net disposable income, real values, percentage growth, annual rate",2025K3,1.5
Households and NPISH,"Net disposable income, real values, percentage growth, annual rate",2025K4,1
Households and NPISH,"Net disposable income, real values, percentage growth, annual rate",2026K1,1.1
Households and NPISH,Net saving rate,1980K1,6.8
Households and NPISH,Net saving rate,1980K2,14.7
Households and NPISH,Net saving rate,1980K3,10.4
Households and NPISH,Net saving rate,1980K4,-2.1
Households and NPISH,Net saving rate,1981K1,4.4
Households and NPISH,Net saving rate,1981K2,8.4
Households and NPISH,Net saving rate,1981K3,5.5
Households and NPISH,Net saving rate,1981K4,-4.7
Households and NPISH,Net saving rate,1982K1,1.3
Households and NPISH,Net saving rate,1982K2,6.5
Households and NPISH,Net saving rate,1982K3,2.8
Households and NPISH,Net saving rate,1982K4,-10
Households and NPISH,Net saving rate,1983K1,1.7
Households and NPISH,Net saving rate,1983K2,12.7
Households and NPISH,Net saving rate,1983K3,1.9
Households and NPISH,Net saving rate,1983K4,-9.6
Households and NPISH,Net saving rate,1984K1,0
Households and NPISH,Net saving rate,1984K2,9.7
Households and NPISH,Net saving rate,1984K3,4
Households and NPISH,Net saving rate,1984K4,-8.6
Households and NPISH,Net saving rate,1985K1,-0.7
Households and NPISH,Net saving rate,1985K2,9.9
Households and NPISH,Net saving rate,1985K3,5.1
Households and NPISH,Net saving rate,1985K4,-8
Households and NPISH,Net saving rate,1986K1,-1.7
Households and NPISH,Net saving rate,1986K2,8.1
Households and NPISH,Net saving rate,1986K3,3.4
Households and NPISH,Net saving rate,1986K4,-11.7
Households and NPISH,Net saving rate,1987K1,-3.8
Households and NPISH,Net saving rate,1987K2,6.6
Households and NPISH,Net saving rate,1987K3,0
Households and NPISH,Net saving rate,1987K4,-17.4
Households and NPISH,Net saving rate,1988K1,-10.7
Households and NPISH,Net saving rate,1988K2,3.8
Households and NPISH,Net saving rate,1988K3,-2.6
Households and NPISH,Net saving rate,1988K4,-17.2
Households and NPISH,Net saving rate,1989K1,-6.8
Households and NPISH,Net saving rate,1989K2,3.3
Households and NPISH,Net saving rate,1989K3,0.9
Households and NPISH,Net saving rate,1989K4,-18.3
Households and NPISH,Net saving rate,1990K1,-6.1
Households and NPISH,Net saving rate,1990K2,7.7
Households and NPISH,Net saving rate,1990K3,0.7
Households and NPISH,Net saving rate,1990K4,-8.5
Households and NPISH,Net saving rate,1991K1,0.4
Households and NPISH,Net saving rate,1991K2,9.4
Households and NPISH,Net saving rate,1991K3,3.8
Households and NPISH,Net saving rate,1991K4,-4.7
Households and NPISH,Net saving rate,1992K1,3.6
Households and NPISH,Net saving rate,1992K2,10.7
Households and NPISH,Net saving rate,1992K3,7.3
Households and NPISH,Net saving rate,1992K4,2.8
Households and NPISH,Net saving rate,1993K1,8.5
Households and NPISH,Net saving rate,1993K2,11.5
Households and NPISH,Net saving rate,1993K3,8.3
Households and NPISH,Net saving rate,1993K4,-5.6
Households and NPISH,Net saving rate,1994K1,5.1
Households and NPISH,Net saving rate,1994K2,9.6
Households and NPISH,Net saving rate,1994K3,5.4
Households and NPISH,Net saving rate,1994K4,-1.2
Households and NPISH,Net saving rate,1995K1,6.5
Households and NPISH,Net saving rate,1995K2,12.1
Households and NPISH,Net saving rate,1995K3,3.9
Households and NPISH,Net saving rate,1995K4,-2.2
Households and NPISH,Net saving rate,1996K1,1.7
Households and NPISH,Net saving rate,1996K2,13.4
Households and NPISH,Net saving rate,1996K3,1.7
Households and NPISH,Net saving rate,1996K4,-8.1
Households and NPISH,Net saving rate,1997K1,-2.8
Households and NPISH,Net saving rate,1997K2,6.2
Households and NPISH,Net saving rate,1997K3,-0.2
Households and NPISH,Net saving rate,1997K4,-10.6
Households and NPISH,Net saving rate,1998K1,-2.1
Households and NPISH,Net saving rate,1998K2,5.5
Households and NPISH,Net saving rate,1998K3,-0.6
Households and NPISH,Net saving rate,1998K4,-9.9
Households and NPISH,Net saving rate,1999K1,-3.2
Households and NPISH,Net saving rate,1999K2,7
Households and NPISH,Net saving rate,1999K3,-2.1
Households and NPISH,Net saving rate,1999K4,-13.3
Households and NPISH,Net saving rate,2000K1,-0.9
Households and NPISH,Net saving rate,2000K2,4.4
Households and NPISH,Net saving rate,2000K3,0.8
Households and NPISH,Net saving rate,2000K4,-9
Households and NPISH,Net saving rate,2001K1,0.8
Households and NPISH,Net saving rate,2001K2,8.9
Households and NPISH,Net saving rate,2001K3,3.7
Households and NPISH,Net saving rate,2001K4,-3.3
Households and NPISH,Net saving rate,2002K1,3.8
Households and NPISH,Net saving rate,2002K2,11.1
Households and NPISH,Net saving rate,2002K3,4.5
Households and NPISH,Net saving rate,2002K4,-3.5
Households and NPISH,Net saving rate,2003K1,3.6
Households and NPISH,Net saving rate,2003K2,10.7
Households and NPISH,Net saving rate,2003K3,3.7
Households and NPISH,Net saving rate,2003K4,-5.4
Households and NPISH,Net saving rate,2004K1,2.3
Households and NPISH,Net saving rate,2004K2,7.7
Households and NPISH,Net saving rate,2004K3,3.1
Households and NPISH,Net saving rate,2004K4,-4.5
Households and NPISH,Net saving rate,2005K1,3
Households and NPISH,Net saving rate,2005K2,9.5
Households and NPISH,Net saving rate,2005K3,-0.7
Households and NPISH,Net saving rate,2005K4,-4.8
Households and NPISH,Net saving rate,2006K1,4.4
Households and NPISH,Net saving rate,2006K2,13.2
Households and NPISH,Net saving rate,2006K3,1.5
Households and NPISH,Net saving rate,2006K4,-3.5
Households and NPISH,Net saving rate,2007K1,7.3
Households and NPISH,Net saving rate,2007K2,18.3
Households and NPISH,Net saving rate,2007K3,2
Households and NPISH,Net saving rate,2007K4,-3.3
Households and NPISH,Net saving rate,2008K1,6.2
Households and NPISH,Net saving rate,2008K2,21.3
Households and NPISH,Net saving rate,2008K3,5.7
Households and NPISH,Net saving rate,2008K4,-0.8
Households and NPISH,Net saving rate,2009K1,9.4
Households and NPISH,Net saving rate,2009K2,18.2
Households and NPISH,Net saving rate,2009K3,4.8
Households and NPISH,Net saving rate,2009K4,0.1
Households and NPISH,Net saving rate,2010K1,9.2
Households and NPISH,Net saving rate,2010K2,19.3
Households and NPISH,Net saving rate,2010K3,6.5
Households and NPISH,Net saving rate,2010K4,1.5
Households and NPISH,Net saving rate,2011K1,9.6
Households and NPISH,Net saving rate,2011K2,20.8
Households and NPISH,Net saving rate,2011K3,7.7
Households and NPISH,Net saving rate,2011K4,1.6
Households and NPISH,Net saving rate,2012K1,10.6
Households and NPISH,Net saving rate,2012K2,23.6
Households and NPISH,Net saving rate,2012K3,9.2
Households and NPISH,Net saving rate,2012K4,4.8
Households and NPISH,Net saving rate,2013K1,13.7
Households and NPISH,Net saving rate,2013K2,22.4
Households and NPISH,Net saving rate,2013K3,9.2
Households and NPISH,Net saving rate,2013K4,4.2
Households and NPISH,Net saving rate,2014K1,13.5
Households and NPISH,Net saving rate,2014K2,23.8
Households and NPISH,Net saving rate,2014K3,9.5
Households and NPISH,Net saving rate,2014K4,4.4
Households and NPISH,Net saving rate,2015K1,10.8
Households and NPISH,Net saving rate,2015K2,22.9
Households and NPISH,Net saving rate,2015K3,6.4
Households and NPISH,Net saving rate,2015K4,1.1
Households and NPISH,Net saving rate,2016K1,12.9
Households and NPISH,Net saving rate,2016K2,23.6
Households and NPISH,Net saving rate,2016K3,6.5
Households and NPISH,Net saving rate,2016K4,3.5
Households and NPISH,Net saving rate,2017K1,7.9
Households and NPISH,Net saving rate,2017K2,24.5
Households and NPISH,Net saving rate,2017K3,6.1
Households and NPISH,Net saving rate,2017K4,3.3
Households and NPISH,Net saving rate,2018K1,14.1
Households and NPISH,Net saving rate,2018K2,20.1
Households and NPISH,Net saving rate,2018K3,8.1
Households and NPISH,Net saving rate,2018K4,6.3
Households and NPISH,Net saving rate,2019K1,15.9
Households and NPISH,Net saving rate,2019K2,22.9
Households and NPISH,Net saving rate,2019K3,8.8
Households and NPISH,Net saving rate,2019K4,8.8
Households and NPISH,Net saving rate,2020K1,13.6
Households and NPISH,Net saving rate,2020K2,22.4
Households and NPISH,Net saving rate,2020K3,11.4
Households and NPISH,Net saving rate,2020K4,11.9
Households and NPISH,Net saving rate,2021K1,21
Households and NPISH,Net saving rate,2021K2,21.6
Households and NPISH,Net saving rate,2021K3,8.6
Households and NPISH,Net saving rate,2021K4,7.7
Households and NPISH,Net saving rate,2022K1,18.7
Households and NPISH,Net saving rate,2022K2,19.2
Households and NPISH,Net saving rate,2022K3,5.8
Households and NPISH,Net saving rate,2022K4,7.9
Households and NPISH,Net saving rate,2023K1,18
Households and NPISH,Net saving rate,2023K2,21.4
Households and NPISH,Net saving rate,2023K3,8.8
Households and NPISH,Net saving rate,2023K4,8.7
Households and NPISH,Net saving rate,2024K1,19.5
Households and NPISH,Net saving rate,2024K2,23.8
Households and NPISH,Net saving rate,2024K3,9.8
Households and NPISH,Net saving rate,2024K4,10.7
Households and NPISH,Net saving rate,2025K1,15.9
Households and NPISH,Net saving rate,2025K2,21.9
Households and NPISH,Net saving rate,2025K3,6.9
Households and NPISH,Net saving rate,2025K4,7.9
Households and NPISH,Net saving rate,2026K1,14.8
Households and NPISH,Net saving ratio excl. pension funds reserves,1980K1,3.9
Households and NPISH,Net saving ratio excl. pension funds reserves,1980K2,12
Households and NPISH,Net saving ratio excl. pension funds reserves,1980K3,7.8
Households and NPISH,Net saving ratio excl. pension funds reserves,1980K4,-5.3
Households and NPISH,Net saving ratio excl. pension funds reserves,1981K1,1.2
Households and NPISH,Net saving ratio excl. pension funds reserves,1981K2,5.3
Households and NPISH,Net saving ratio excl. pension funds reserves,1981K3,2.4
Households and NPISH,Net saving ratio excl. pension funds reserves,1981K4,-8.1
Households and NPISH,Net saving ratio excl. pension funds reserves,1982K1,-1.8
Households and NPISH,Net saving ratio excl. pension funds reserves,1982K2,3.6
Households and NPISH,Net saving ratio excl. pension funds reserves,1982K3,-0.1
Households and NPISH,Net saving ratio excl. pension funds reserves,1982K4,-13.5
Households and NPISH,Net saving ratio excl. pension funds reserves,1983K1,-1.3
Households and NPISH,Net saving ratio excl. pension funds reserves,1983K2,10.1
Households and NPISH,Net saving ratio excl. pension funds reserves,1983K3,-1
Households and NPISH,Net saving ratio excl. pension funds reserves,1983K4,-12.9
Households and NPISH,Net saving ratio excl. pension funds reserves,1984K1,-3.1
Households and NPISH,Net saving ratio excl. pension funds reserves,1984K2,6.9
Households and NPISH,Net saving ratio excl. pension funds reserves,1984K3,1.1
Households and NPISH,Net saving ratio excl. pension funds reserves,1984K4,-11.9
Households and NPISH,Net saving ratio excl. pension funds reserves,1985K1,-4.2
Households and NPISH,Net saving ratio excl. pension funds reserves,1985K2,6.9
Households and NPISH,Net saving ratio excl. pension funds reserves,1985K3,2
Households and NPISH,Net saving ratio excl. pension funds reserves,1985K4,-11.7
Households and NPISH,Net saving ratio excl. pension funds reserves,1986K1,-5.1
Households and NPISH,Net saving ratio excl. pension funds reserves,1986K2,5.1
Households and NPISH,Net saving ratio excl. pension funds reserves,1986K3,0.4
Households and NPISH,Net saving ratio excl. pension funds reserves,1986K4,-15.4
Households and NPISH,Net saving ratio excl. pension funds reserves,1987K1,-7.1
Households and NPISH,Net saving ratio excl. pension funds reserves,1987K2,3.6
Households and NPISH,Net saving ratio excl. pension funds reserves,1987K3,-3
Households and NPISH,Net saving ratio excl. pension funds reserves,1987K4,-21.2
Households and NPISH,Net saving ratio excl. pension funds reserves,1988K1,-14.6
Households and NPISH,Net saving ratio excl. pension funds reserves,1988K2,0.6
Households and NPISH,Net saving ratio excl. pension funds reserves,1988K3,-5.9
Households and NPISH,Net saving ratio excl. pension funds reserves,1988K4,-21.2
Households and NPISH,Net saving ratio excl. pension funds reserves,1989K1,-10.1
Households and NPISH,Net saving ratio excl. pension funds reserves,1989K2,0.3
Households and NPISH,Net saving ratio excl. pension funds reserves,1989K3,-1.9
Households and NPISH,Net saving ratio excl. pension funds reserves,1989K4,-22
Households and NPISH,Net saving ratio excl. pension funds reserves,1990K1,-9.8
Households and NPISH,Net saving ratio excl. pension funds reserves,1990K2,4.7
Households and NPISH,Net saving ratio excl. pension funds reserves,1990K3,-2.4
Households and NPISH,Net saving ratio excl. pension funds reserves,1990K4,-12
Households and NPISH,Net saving ratio excl. pension funds reserves,1991K1,-2.1
Households and NPISH,Net saving ratio excl. pension funds reserves,1991K2,7.1
Households and NPISH,Net saving ratio excl. pension funds reserves,1991K3,1.6
Households and NPISH,Net saving ratio excl. pension funds reserves,1991K4,-7.2
Households and NPISH,Net saving ratio excl. pension funds reserves,1992K1,1.8
Households and NPISH,Net saving ratio excl. pension funds reserves,1992K2,9
Households and NPISH,Net saving ratio excl. pension funds reserves,1992K3,5.7
Households and NPISH,Net saving ratio excl. pension funds reserves,1992K4,1
Households and NPISH,Net saving ratio excl. pension funds reserves,1993K1,5.2
Households and NPISH,Net saving ratio excl. pension funds reserves,1993K2,8.1
Households and NPISH,Net saving ratio excl. pension funds reserves,1993K3,4.8
Households and NPISH,Net saving ratio excl. pension funds reserves,1993K4,-9.2
Households and NPISH,Net saving ratio excl. pension funds reserves,1994K1,0.9
Households and NPISH,Net saving ratio excl. pension funds reserves,1994K2,5.4
Households and NPISH,Net saving ratio excl. pension funds reserves,1994K3,2.1
Households and NPISH,Net saving ratio excl. pension funds reserves,1994K4,-6.2
Households and NPISH,Net saving ratio excl. pension funds reserves,1995K1,0.1
Households and NPISH,Net saving ratio excl. pension funds reserves,1995K2,7.7
Households and NPISH,Net saving ratio excl. pension funds reserves,1995K3,-0.3
Households and NPISH,Net saving ratio excl. pension funds reserves,1995K4,-7.6
Households and NPISH,Net saving ratio excl. pension funds reserves,1996K1,-3.6
Households and NPISH,Net saving ratio excl. pension funds reserves,1996K2,7.9
Households and NPISH,Net saving ratio excl. pension funds reserves,1996K3,-3.8
Households and NPISH,Net saving ratio excl. pension funds reserves,1996K4,-13.9
Households and NPISH,Net saving ratio excl. pension funds reserves,1997K1,-8.1
Households and NPISH,Net saving ratio excl. pension funds reserves,1997K2,0.9
Households and NPISH,Net saving ratio excl. pension funds reserves,1997K3,-5.6
Households and NPISH,Net saving ratio excl. pension funds reserves,1997K4,-16.4
Households and NPISH,Net saving ratio excl. pension funds reserves,1998K1,-8.4
Households and NPISH,Net saving ratio excl. pension funds reserves,1998K2,-1.2
Households and NPISH,Net saving ratio excl. pension funds reserves,1998K3,-7.2
Households and NPISH,Net saving ratio excl. pension funds reserves,1998K4,-16.7
Households and NPISH,Net saving ratio excl. pension funds reserves,1999K1,-10.2
Households and NPISH,Net saving ratio excl. pension funds reserves,1999K2,-0.4
Households and NPISH,Net saving ratio excl. pension funds reserves,1999K3,-9.7
Households and NPISH,Net saving ratio excl. pension funds reserves,1999K4,-21.9
Households and NPISH,Net saving ratio excl. pension funds reserves,2000K1,-10.6
Households and NPISH,Net saving ratio excl. pension funds reserves,2000K2,-4.2
Households and NPISH,Net saving ratio excl. pension funds reserves,2000K3,-9
Households and NPISH,Net saving ratio excl. pension funds reserves,2000K4,-18.2
Households and NPISH,Net saving ratio excl. pension funds reserves,2001K1,-6.6
Households and NPISH,Net saving ratio excl. pension funds reserves,2001K2,0.7
Households and NPISH,Net saving ratio excl. pension funds reserves,2001K3,-4.4
Households and NPISH,Net saving ratio excl. pension funds reserves,2001K4,-12.6
Households and NPISH,Net saving ratio excl. pension funds reserves,2002K1,-3.4
Households and NPISH,Net saving ratio excl. pension funds reserves,2002K2,3.7
Households and NPISH,Net saving ratio excl. pension funds reserves,2002K3,-2.9
Households and NPISH,Net saving ratio excl. pension funds reserves,2002K4,-11.8
Households and NPISH,Net saving ratio excl. pension funds reserves,2003K1,-3.8
Households and NPISH,Net saving ratio excl. pension funds reserves,2003K2,2.9
Households and NPISH,Net saving ratio excl. pension funds reserves,2003K3,-4.1
Households and NPISH,Net saving ratio excl. pension funds reserves,2003K4,-14.1
Households and NPISH,Net saving ratio excl. pension funds reserves,2004K1,-4.9
Households and NPISH,Net saving ratio excl. pension funds reserves,2004K2,0
Households and NPISH,Net saving ratio excl. pension funds reserves,2004K3,-5.1
Households and NPISH,Net saving ratio excl. pension funds reserves,2004K4,-13.7
Households and NPISH,Net saving ratio excl. pension funds reserves,2005K1,-4.5
Households and NPISH,Net saving ratio excl. pension funds reserves,2005K2,2
Households and NPISH,Net saving ratio excl. pension funds reserves,2005K3,-8.3
Households and NPISH,Net saving ratio excl. pension funds reserves,2005K4,-13.1
Households and NPISH,Net saving ratio excl. pension funds reserves,2006K1,-3.2
Households and NPISH,Net saving ratio excl. pension funds reserves,2006K2,6
Households and NPISH,Net saving ratio excl. pension funds reserves,2006K3,-6.1
Households and NPISH,Net saving ratio excl. pension funds reserves,2006K4,-11.5
Households and NPISH,Net saving ratio excl. pension funds reserves,2007K1,-0.8
Households and NPISH,Net saving ratio excl. pension funds reserves,2007K2,10.2
Households and NPISH,Net saving ratio excl. pension funds reserves,2007K3,-6.1
Households and NPISH,Net saving ratio excl. pension funds reserves,2007K4,-12.7
Households and NPISH,Net saving ratio excl. pension funds reserves,2008K1,-0.5
Households and NPISH,Net saving ratio excl. pension funds reserves,2008K2,13.4
Households and NPISH,Net saving ratio excl. pension funds reserves,2008K3,-1.4
Households and NPISH,Net saving ratio excl. pension funds reserves,2008K4,-8.1
Households and NPISH,Net saving ratio excl. pension funds reserves,2009K1,3.4
Households and NPISH,Net saving ratio excl. pension funds reserves,2009K2,12.2
Households and NPISH,Net saving ratio excl. pension funds reserves,2009K3,-1.2
Households and NPISH,Net saving ratio excl. pension funds reserves,2009K4,-7
Households and NPISH,Net saving ratio excl. pension funds reserves,2010K1,0.5
Households and NPISH,Net saving ratio excl. pension funds reserves,2010K2,11.1
Households and NPISH,Net saving ratio excl. pension funds reserves,2010K3,-1.2
Households and NPISH,Net saving ratio excl. pension funds reserves,2010K4,-6.4
Households and NPISH,Net saving ratio excl. pension funds reserves,2011K1,1.9
Households and NPISH,Net saving ratio excl. pension funds reserves,2011K2,12.8
Households and NPISH,Net saving ratio excl. pension funds reserves,2011K3,0.7
Households and NPISH,Net saving ratio excl. pension funds reserves,2011K4,-5.2
Households and NPISH,Net saving ratio excl. pension funds reserves,2012K1,3.5
Households and NPISH,Net saving ratio excl. pension funds reserves,2012K2,16.5
Households and NPISH,Net saving ratio excl. pension funds reserves,2012K3,2.9
Households and NPISH,Net saving ratio excl. pension funds reserves,2012K4,-1.5
Households and NPISH,Net saving ratio excl. pension funds reserves,2013K1,6.8
Households and NPISH,Net saving ratio excl. pension funds reserves,2013K2,15.1
Households and NPISH,Net saving ratio excl. pension funds reserves,2013K3,2.6
Households and NPISH,Net saving ratio excl. pension funds reserves,2013K4,-2.3
Households and NPISH,Net saving ratio excl. pension funds reserves,2014K1,5.6
Households and NPISH,Net saving ratio excl. pension funds reserves,2014K2,15.8
Households and NPISH,Net saving ratio excl. pension funds reserves,2014K3,1.9
Households and NPISH,Net saving ratio excl. pension funds reserves,2014K4,-3.7
Households and NPISH,Net saving ratio excl. pension funds reserves,2015K1,3.3
Households and NPISH,Net saving ratio excl. pension funds reserves,2015K2,15.8
Households and NPISH,Net saving ratio excl. pension funds reserves,2015K3,-0.6
Households and NPISH,Net saving ratio excl. pension funds reserves,2015K4,-6.2
Households and NPISH,Net saving ratio excl. pension funds reserves,2016K1,6
Households and NPISH,Net saving ratio excl. pension funds reserves,2016K2,16.4
Households and NPISH,Net saving ratio excl. pension funds reserves,2016K3,-0.6
Households and NPISH,Net saving ratio excl. pension funds reserves,2016K4,-5.2
Households and NPISH,Net saving ratio excl. pension funds reserves,2017K1,0.7
Households and NPISH,Net saving ratio excl. pension funds reserves,2017K2,17.9
Households and NPISH,Net saving ratio excl. pension funds reserves,2017K3,-0.4
Households and NPISH,Net saving ratio excl. pension funds reserves,2017K4,-3.1
Households and NPISH,Net saving ratio excl. pension funds reserves,2018K1,6.2
Households and NPISH,Net saving ratio excl. pension funds reserves,2018K2,11.2
Households and NPISH,Net saving ratio excl. pension funds reserves,2018K3,0.2
Households and NPISH,Net saving ratio excl. pension funds reserves,2018K4,-0.9
Households and NPISH,Net saving ratio excl. pension funds reserves,2019K1,7.9
Households and NPISH,Net saving ratio excl. pension funds reserves,2019K2,13.4
Households and NPISH,Net saving ratio excl. pension funds reserves,2019K3,0.8
Households and NPISH,Net saving ratio excl. pension funds reserves,2019K4,0.3
Households and NPISH,Net saving ratio excl. pension funds reserves,2020K1,7.1
Households and NPISH,Net saving ratio excl. pension funds reserves,2020K2,15.2
Households and NPISH,Net saving ratio excl. pension funds reserves,2020K3,4.1
Households and NPISH,Net saving ratio excl. pension funds reserves,2020K4,5.7
Households and NPISH,Net saving ratio excl. pension funds reserves,2021K1,13.6
Households and NPISH,Net saving ratio excl. pension funds reserves,2021K2,12.7
Households and NPISH,Net saving ratio excl. pension funds reserves,2021K3,1.3
Households and NPISH,Net saving ratio excl. pension funds reserves,2021K4,-0.1
Households and NPISH,Net saving ratio excl. pension funds reserves,2022K1,12.7
Households and NPISH,Net saving ratio excl. pension funds reserves,2022K2,10.9
Households and NPISH,Net saving ratio excl. pension funds reserves,2022K3,-1.1
Households and NPISH,Net saving ratio excl. pension funds reserves,2022K4,1.3
Households and NPISH,Net saving ratio excl. pension funds reserves,2023K1,11.5
Households and NPISH,Net saving ratio excl. pension funds reserves,2023K2,12
Households and NPISH,Net saving ratio excl. pension funds reserves,2023K3,0.7
Households and NPISH,Net saving ratio excl. pension funds reserves,2023K4,1.1
Households and NPISH,Net saving ratio excl. pension funds reserves,2024K1,11.1
Households and NPISH,Net saving ratio excl. pension funds reserves,2024K2,13.2
Households and NPISH,Net saving ratio excl. pension funds reserves,2024K3,1
Households and NPISH,Net saving ratio excl. pension funds reserves,2024K4,1.8
Households and NPISH,Net saving ratio excl. pension funds reserves,2025K1,9.8
Households and NPISH,Net saving ratio excl. pension funds reserves,2025K2,12.7
Households and NPISH,Net saving ratio excl. pension funds reserves,2025K3,0.2
Households and NPISH,Net saving ratio excl. pension funds reserves,2025K4,0.8
Households and NPISH,Net saving ratio excl. pension funds reserves,2026K1,8.6
Households and NPISH,Net lending ratio,1980K1,-0.8
Households and NPISH,Net lending ratio,1980K2,4.8
Households and NPISH,Net lending ratio,1980K3,3.7
Households and NPISH,Net lending ratio,1980K4,-11.5
Households and NPISH,Net lending ratio,1981K1,-2.3
Households and NPISH,Net lending ratio,1981K2,1.6
Households and NPISH,Net lending ratio,1981K3,1.2
Households and NPISH,Net lending ratio,1981K4,-10.8
Households and NPISH,Net lending ratio,1982K1,-3.8
Households and NPISH,Net lending ratio,1982K2,1.1
Households and NPISH,Net lending ratio,1982K3,0.4
Households and NPISH,Net lending ratio,1982K4,-15.1
Households and NPISH,Net lending ratio,1983K1,-3
Households and NPISH,Net lending ratio,1983K2,8
Households and NPISH,Net lending ratio,1983K3,0.6
Households and NPISH,Net lending ratio,1983K4,-14.1
Households and NPISH,Net lending ratio,1984K1,-4.8
Households and NPISH,Net lending ratio,1984K2,4.6
Households and NPISH,Net lending ratio,1984K3,1.7
Households and NPISH,Net lending ratio,1984K4,-13.9
Households and NPISH,Net lending ratio,1985K1,-4.8
Households and NPISH,Net lending ratio,1985K2,5
Households and NPISH,Net lending ratio,1985K3,1.6
Households and NPISH,Net lending ratio,1985K4,-13.1
Households and NPISH,Net lending ratio,1986K1,-5
Households and NPISH,Net lending ratio,1986K2,4.5
Households and NPISH,Net lending ratio,1986K3,0.8
Households and NPISH,Net lending ratio,1986K4,-15.9
Households and NPISH,Net lending ratio,1987K1,-8
Households and NPISH,Net lending ratio,1987K2,2.2
Households and NPISH,Net lending ratio,1987K3,-4.4
Households and NPISH,Net lending ratio,1987K4,-23
Households and NPISH,Net lending ratio,1988K1,-14.4
Households and NPISH,Net lending ratio,1988K2,-0.2
Households and NPISH,Net lending ratio,1988K3,-6.3
Households and NPISH,Net lending ratio,1988K4,-22.8
Households and NPISH,Net lending ratio,1989K1,-9.5
Households and NPISH,Net lending ratio,1989K2,-0.7
Households and NPISH,Net lending ratio,1989K3,-1.7
Households and NPISH,Net lending ratio,1989K4,-24.2
Households and NPISH,Net lending ratio,1990K1,-10.4
Households and NPISH,Net lending ratio,1990K2,3
Households and NPISH,Net lending ratio,1990K3,-3.5
Households and NPISH,Net lending ratio,1990K4,-14.5
Households and NPISH,Net lending ratio,1991K1,-2.8
Households and NPISH,Net lending ratio,1991K2,7
Households and NPISH,Net lending ratio,1991K3,2
Households and NPISH,Net lending ratio,1991K4,-6
Households and NPISH,Net lending ratio,1992K1,1.8
Households and NPISH,Net lending ratio,1992K2,8.8
Households and NPISH,Net lending ratio,1992K3,6.7
Households and NPISH,Net lending ratio,1992K4,2.2
Households and NPISH,Net lending ratio,1993K1,8.4
Households and NPISH,Net lending ratio,1993K2,11.4
Households and NPISH,Net lending ratio,1993K3,9.1
Households and NPISH,Net lending ratio,1993K4,-4.5
Households and NPISH,Net lending ratio,1994K1,4
Households and NPISH,Net lending ratio,1994K2,7.9
Households and NPISH,Net lending ratio,1994K3,5
Households and NPISH,Net lending ratio,1994K4,-1.4
Households and NPISH,Net lending ratio,1995K1,5.3
Households and NPISH,Net lending ratio,1995K2,10.5
Households and NPISH,Net lending ratio,1995K3,3.3
Households and NPISH,Net lending ratio,1995K4,-2.7
Households and NPISH,Net lending ratio,1996K1,-0.2
Households and NPISH,Net lending ratio,1996K2,12.8
Households and NPISH,Net lending ratio,1996K3,0.3
Households and NPISH,Net lending ratio,1996K4,-8.8
Households and NPISH,Net lending ratio,1997K1,-4
Households and NPISH,Net lending ratio,1997K2,4.3
Households and NPISH,Net lending ratio,1997K3,-0.9
Households and NPISH,Net lending ratio,1997K4,-11.5
Households and NPISH,Net lending ratio,1998K1,-3.8
Households and NPISH,Net lending ratio,1998K2,3.2
Households and NPISH,Net lending ratio,1998K3,-1.6
Households and NPISH,Net lending ratio,1998K4,-11.1
Households and NPISH,Net lending ratio,1999K1,-5.1
Households and NPISH,Net lending ratio,1999K2,4.5
Households and NPISH,Net lending ratio,1999K3,-3.6
Households and NPISH,Net lending ratio,1999K4,-14.6
Households and NPISH,Net lending ratio,2000K1,-2.8
Households and NPISH,Net lending ratio,2000K2,1.7
Households and NPISH,Net lending ratio,2000K3,-0.9
Households and NPISH,Net lending ratio,2000K4,-10.9
Households and NPISH,Net lending ratio,2001K1,-1.3
Households and NPISH,Net lending ratio,2001K2,6.1
Households and NPISH,Net lending ratio,2001K3,2.4
Households and NPISH,Net lending ratio,2001K4,-4.7
Households and NPISH,Net lending ratio,2002K1,1.5
Households and NPISH,Net lending ratio,2002K2,7.5
Households and NPISH,Net lending ratio,2002K3,2.4
Households and NPISH,Net lending ratio,2002K4,-5.5
Households and NPISH,Net lending ratio,2003K1,0.8
Households and NPISH,Net lending ratio,2003K2,6.4
Households and NPISH,Net lending ratio,2003K3,1.2
Households and NPISH,Net lending ratio,2003K4,-8
Households and NPISH,Net lending ratio,2004K1,-1.1
Households and NPISH,Net lending ratio,2004K2,3
Households and NPISH,Net lending ratio,2004K3,0.1
Households and NPISH,Net lending ratio,2004K4,-7.7
Households and NPISH,Net lending ratio,2005K1,-0.6
Households and NPISH,Net lending ratio,2005K2,5.1
Households and NPISH,Net lending ratio,2005K3,-3.6
Households and NPISH,Net lending ratio,2005K4,-7.9
Households and NPISH,Net lending ratio,2006K1,0.4
Households and NPISH,Net lending ratio,2006K2,8.6
Households and NPISH,Net lending ratio,2006K3,-1.8
Households and NPISH,Net lending ratio,2006K4,-6.9
Households and NPISH,Net lending ratio,2007K1,2.8
Households and NPISH,Net lending ratio,2007K2,13.2
Households and NPISH,Net lending ratio,2007K3,-1.7
Households and NPISH,Net lending ratio,2007K4,-7.1
Households and NPISH,Net lending ratio,2008K1,2.1
Households and NPISH,Net lending ratio,2008K2,16.8
Households and NPISH,Net lending ratio,2008K3,2.7
Households and NPISH,Net lending ratio,2008K4,-3.5
Households and NPISH,Net lending ratio,2009K1,6.7
Households and NPISH,Net lending ratio,2009K2,15.2
Households and NPISH,Net lending ratio,2009K3,2.9
Households and NPISH,Net lending ratio,2009K4,-2.2
Households and NPISH,Net lending ratio,2010K1,6
Households and NPISH,Net lending ratio,2010K2,15.3
Households and NPISH,Net lending ratio,2010K3,3.8
Households and NPISH,Net lending ratio,2010K4,-1.4
Households and NPISH,Net lending ratio,2011K1,6.5
Households and NPISH,Net lending ratio,2011K2,17
Households and NPISH,Net lending ratio,2011K3,5.2
Households and NPISH,Net lending ratio,2011K4,-0.7
Households and NPISH,Net lending ratio,2012K1,8.5
Households and NPISH,Net lending ratio,2012K2,21
Households and NPISH,Net lending ratio,2012K3,7.9
Households and NPISH,Net lending ratio,2012K4,3.2
Households and NPISH,Net lending ratio,2013K1,11.6
Households and NPISH,Net lending ratio,2013K2,19.7
Households and NPISH,Net lending ratio,2013K3,7.5
Households and NPISH,Net lending ratio,2013K4,2.3
Households and NPISH,Net lending ratio,2014K1,11.3
Households and NPISH,Net lending ratio,2014K2,20.7
Households and NPISH,Net lending ratio,2014K3,7.6
Households and NPISH,Net lending ratio,2014K4,2.4
Households and NPISH,Net lending ratio,2015K1,7.6
Households and NPISH,Net lending ratio,2015K2,19.2
Households and NPISH,Net lending ratio,2015K3,3.4
Households and NPISH,Net lending ratio,2015K4,-2.3
Households and NPISH,Net lending ratio,2016K1,8.7
Households and NPISH,Net lending ratio,2016K2,19.5
Households and NPISH,Net lending ratio,2016K3,3
Households and NPISH,Net lending ratio,2016K4,-0.1
Households and NPISH,Net lending ratio,2017K1,3.2
Households and NPISH,Net lending ratio,2017K2,19.8
Households and NPISH,Net lending ratio,2017K3,2
Households and NPISH,Net lending ratio,2017K4,-0.8
Households and NPISH,Net lending ratio,2018K1,10.1
Households and NPISH,Net lending ratio,2018K2,15.8
Households and NPISH,Net lending ratio,2018K3,4.6
Households and NPISH,Net lending ratio,2018K4,3
Households and NPISH,Net lending ratio,2019K1,12.5
Households and NPISH,Net lending ratio,2019K2,19
Households and NPISH,Net lending ratio,2019K3,5.6
Households and NPISH,Net lending ratio,2019K4,5.5
Households and NPISH,Net lending ratio,2020K1,9.7
Households and NPISH,Net lending ratio,2020K2,17.8
Households and NPISH,Net lending ratio,2020K3,7.8
Households and NPISH,Net lending ratio,2020K4,8.3
Households and NPISH,Net lending ratio,2021K1,17.2
Households and NPISH,Net lending ratio,2021K2,16.7
Households and NPISH,Net lending ratio,2021K3,4.4
Households and NPISH,Net lending ratio,2021K4,3.3
Households and NPISH,Net lending ratio,2022K1,14.8
Households and NPISH,Net lending ratio,2022K2,14.3
Households and NPISH,Net lending ratio,2022K3,1.8
Households and NPISH,Net lending ratio,2022K4,4.5
Households and NPISH,Net lending ratio,2023K1,14.7
Households and NPISH,Net lending ratio,2023K2,18
Households and NPISH,Net lending ratio,2023K3,6.6
Households and NPISH,Net lending ratio,2023K4,6.6
Households and NPISH,Net lending ratio,2024K1,17.3
Households and NPISH,Net lending ratio,2024K2,21.2
Households and NPISH,Net lending ratio,2024K3,8.2
Households and NPISH,Net lending ratio,2024K4,8.7
Households and NPISH,Net lending ratio,2025K1,13.7
Households and NPISH,Net lending ratio,2025K2,19.2
Households and NPISH,Net lending ratio,2025K3,5.1
Households and NPISH,Net lending ratio,2025K4,5.7
Households and NPISH,Net lending ratio,2026K1,12.7
Households and NPISH,Net lending ratio excl. pension funds reserves,1980K1,-3.9
Households and NPISH,Net lending ratio excl. pension funds reserves,1980K2,1.9
Households and NPISH,Net lending ratio excl. pension funds reserves,1980K3,0.9
Households and NPISH,Net lending ratio excl. pension funds reserves,1980K4,-14.9
Households and NPISH,Net lending ratio excl. pension funds reserves,1981K1,-5.7
Households and NPISH,Net lending ratio excl. pension funds reserves,1981K2,-1.7
Households and NPISH,Net lending ratio excl. pension funds reserves,1981K3,-2
Households and NPISH,Net lending ratio excl. pension funds reserves,1981K4,-14.4
Households and NPISH,Net lending ratio excl. pension funds reserves,1982K1,-7.1
Households and NPISH,Net lending ratio excl. pension funds reserves,1982K2,-2.1
Households and NPISH,Net lending ratio excl. pension funds reserves,1982K3,-2.7
Households and NPISH,Net lending ratio excl. pension funds reserves,1982K4,-18.7
Households and NPISH,Net lending ratio excl. pension funds reserves,1983K1,-6.2
Households and NPISH,Net lending ratio excl. pension funds reserves,1983K2,5.4
Households and NPISH,Net lending ratio excl. pension funds reserves,1983K3,-2.3
Households and NPISH,Net lending ratio excl. pension funds reserves,1983K4,-17.5
Households and NPISH,Net lending ratio excl. pension funds reserves,1984K1,-8.1
Households and NPISH,Net lending ratio excl. pension funds reserves,1984K2,1.7
Households and NPISH,Net lending ratio excl. pension funds reserves,1984K3,-1.2
Households and NPISH,Net lending ratio excl. pension funds reserves,1984K4,-17.4
Households and NPISH,Net lending ratio excl. pension funds reserves,1985K1,-8.5
Households and NPISH,Net lending ratio excl. pension funds reserves,1985K2,1.8
Households and NPISH,Net lending ratio excl. pension funds reserves,1985K3,-1.7
Households and NPISH,Net lending ratio excl. pension funds reserves,1985K4,-17
Households and NPISH,Net lending ratio excl. pension funds reserves,1986K1,-8.5
Households and NPISH,Net lending ratio excl. pension funds reserves,1986K2,1.3
Households and NPISH,Net lending ratio excl. pension funds reserves,1986K3,-2.2
Households and NPISH,Net lending ratio excl. pension funds reserves,1986K4,-19.7
Households and NPISH,Net lending ratio excl. pension funds reserves,1987K1,-11.6
Households and NPISH,Net lending ratio excl. pension funds reserves,1987K2,-0.8
Households and NPISH,Net lending ratio excl. pension funds reserves,1987K3,-7.6
Households and NPISH,Net lending ratio excl. pension funds reserves,1987K4,-27
Households and NPISH,Net lending ratio excl. pension funds reserves,1988K1,-18.4
Households and NPISH,Net lending ratio excl. pension funds reserves,1988K2,-3.6
Households and NPISH,Net lending ratio excl. pension funds reserves,1988K3,-9.7
Households and NPISH,Net lending ratio excl. pension funds reserves,1988K4,-27.1
Households and NPISH,Net lending ratio excl. pension funds reserves,1989K1,-13
Households and NPISH,Net lending ratio excl. pension funds reserves,1989K2,-3.8
Households and NPISH,Net lending ratio excl. pension funds reserves,1989K3,-4.6
Households and NPISH,Net lending ratio excl. pension funds reserves,1989K4,-28.1
Households and NPISH,Net lending ratio excl. pension funds reserves,1990K1,-14.3
Households and NPISH,Net lending ratio excl. pension funds reserves,1990K2,-0.1
Households and NPISH,Net lending ratio excl. pension funds reserves,1990K3,-6.7
Households and NPISH,Net lending ratio excl. pension funds reserves,1990K4,-18.2
Households and NPISH,Net lending ratio excl. pension funds reserves,1991K1,-5.4
Households and NPISH,Net lending ratio excl. pension funds reserves,1991K2,4.7
Households and NPISH,Net lending ratio excl. pension funds reserves,1991K3,-0.2
Households and NPISH,Net lending ratio excl. pension funds reserves,1991K4,-8.5
Households and NPISH,Net lending ratio excl. pension funds reserves,1992K1,-0.1
Households and NPISH,Net lending ratio excl. pension funds reserves,1992K2,7.2
Households and NPISH,Net lending ratio excl. pension funds reserves,1992K3,5.1
Households and NPISH,Net lending ratio excl. pension funds reserves,1992K4,0.4
Households and NPISH,Net lending ratio excl. pension funds reserves,1993K1,5.1
Households and NPISH,Net lending ratio excl. pension funds reserves,1993K2,8
Households and NPISH,Net lending ratio excl. pension funds reserves,1993K3,5.6
Households and NPISH,Net lending ratio excl. pension funds reserves,1993K4,-8
Households and NPISH,Net lending ratio excl. pension funds reserves,1994K1,-0.3
Households and NPISH,Net lending ratio excl. pension funds reserves,1994K2,3.7
Households and NPISH,Net lending ratio excl. pension funds reserves,1994K3,1.6
Households and NPISH,Net lending ratio excl. pension funds reserves,1994K4,-6.5
Households and NPISH,Net lending ratio excl. pension funds reserves,1995K1,-1.1
Households and NPISH,Net lending ratio excl. pension funds reserves,1995K2,6
Households and NPISH,Net lending ratio excl. pension funds reserves,1995K3,-1
Households and NPISH,Net lending ratio excl. pension funds reserves,1995K4,-8.2
Households and NPISH,Net lending ratio excl. pension funds reserves,1996K1,-5.7
Households and NPISH,Net lending ratio excl. pension funds reserves,1996K2,7.4
Households and NPISH,Net lending ratio excl. pension funds reserves,1996K3,-5.2
Households and NPISH,Net lending ratio excl. pension funds reserves,1996K4,-14.6
Households and NPISH,Net lending ratio excl. pension funds reserves,1997K1,-9.3
Households and NPISH,Net lending ratio excl. pension funds reserves,1997K2,-1.2
Households and NPISH,Net lending ratio excl. pension funds reserves,1997K3,-6.3
Households and NPISH,Net lending ratio excl. pension funds reserves,1997K4,-17.5
Households and NPISH,Net lending ratio excl. pension funds reserves,1998K1,-10.2
Households and NPISH,Net lending ratio excl. pension funds reserves,1998K2,-3.7
Households and NPISH,Net lending ratio excl. pension funds reserves,1998K3,-8.3
Households and NPISH,Net lending ratio excl. pension funds reserves,1998K4,-17.9
Households and NPISH,Net lending ratio excl. pension funds reserves,1999K1,-12.2
Households and NPISH,Net lending ratio excl. pension funds reserves,1999K2,-3.1
Households and NPISH,Net lending ratio excl. pension funds reserves,1999K3,-11.2
Households and NPISH,Net lending ratio excl. pension funds reserves,1999K4,-23.3
Households and NPISH,Net lending ratio excl. pension funds reserves,2000K1,-12.7
Households and NPISH,Net lending ratio excl. pension funds reserves,2000K2,-7.1
Households and NPISH,Net lending ratio excl. pension funds reserves,2000K3,-10.9
Households and NPISH,Net lending ratio excl. pension funds reserves,2000K4,-20.2
Households and NPISH,Net lending ratio excl. pension funds reserves,2001K1,-8.9
Households and NPISH,Net lending ratio excl. pension funds reserves,2001K2,-2.3
Households and NPISH,Net lending ratio excl. pension funds reserves,2001K3,-5.9
Households and NPISH,Net lending ratio excl. pension funds reserves,2001K4,-14.2
Households and NPISH,Net lending ratio excl. pension funds reserves,2002K1,-5.9
Households and NPISH,Net lending ratio excl. pension funds reserves,2002K2,-0.2
Households and NPISH,Net lending ratio excl. pension funds reserves,2002K3,-5.1
Households and NPISH,Net lending ratio excl. pension funds reserves,2002K4,-14
Households and NPISH,Net lending ratio excl. pension funds reserves,2003K1,-6.8
Households and NPISH,Net lending ratio excl. pension funds reserves,2003K2,-1.7
Households and NPISH,Net lending ratio excl. pension funds reserves,2003K3,-6.8
Households and NPISH,Net lending ratio excl. pension funds reserves,2003K4,-16.9
Households and NPISH,Net lending ratio excl. pension funds reserves,2004K1,-8.6
Households and NPISH,Net lending ratio excl. pension funds reserves,2004K2,-5.2
Households and NPISH,Net lending ratio excl. pension funds reserves,2004K3,-8.4
Households and NPISH,Net lending ratio excl. pension funds reserves,2004K4,-17.2
Households and NPISH,Net lending ratio excl. pension funds reserves,2005K1,-8.4
Households and NPISH,Net lending ratio excl. pension funds reserves,2005K2,-2.8
Households and NPISH,Net lending ratio excl. pension funds reserves,2005K3,-11.4
Households and NPISH,Net lending ratio excl. pension funds reserves,2005K4,-16.4
Households and NPISH,Net lending ratio excl. pension funds reserves,2006K1,-7.5
Households and NPISH,Net lending ratio excl. pension funds reserves,2006K2,1.1
Households and NPISH,Net lending ratio excl. pension funds reserves,2006K3,-9.7
Households and NPISH,Net lending ratio excl. pension funds reserves,2006K4,-15.2
Households and NPISH,Net lending ratio excl. pension funds reserves,2007K1,-5.7
Households and NPISH,Net lending ratio excl. pension funds reserves,2007K2,4.5
Households and NPISH,Net lending ratio excl. pension funds reserves,2007K3,-10.2
Households and NPISH,Net lending ratio excl. pension funds reserves,2007K4,-16.8
Households and NPISH,Net lending ratio excl. pension funds reserves,2008K1,-4.9
Households and NPISH,Net lending ratio excl. pension funds reserves,2008K2,8.4
Households and NPISH,Net lending ratio excl. pension funds reserves,2008K3,-4.7
Households and NPISH,Net lending ratio excl. pension funds reserves,2008K4,-11.1
Households and NPISH,Net lending ratio excl. pension funds reserves,2009K1,0.5
Households and NPISH,Net lending ratio excl. pension funds reserves,2009K2,8.9
Households and NPISH,Net lending ratio excl. pension funds reserves,2009K3,-3.3
Households and NPISH,Net lending ratio excl. pension funds reserves,2009K4,-9.5
Households and NPISH,Net lending ratio excl. pension funds reserves,2010K1,-3
Households and NPISH,Net lending ratio excl. pension funds reserves,2010K2,6.7
Households and NPISH,Net lending ratio excl. pension funds reserves,2010K3,-4.1
Households and NPISH,Net lending ratio excl. pension funds reserves,2010K4,-9.5
Households and NPISH,Net lending ratio excl. pension funds reserves,2011K1,-1.4
Households and NPISH,Net lending ratio excl. pension funds reserves,2011K2,8.5
Households and NPISH,Net lending ratio excl. pension funds reserves,2011K3,-2
Households and NPISH,Net lending ratio excl. pension funds reserves,2011K4,-7.6
Households and NPISH,Net lending ratio excl. pension funds reserves,2012K1,1.3
Households and NPISH,Net lending ratio excl. pension funds reserves,2012K2,13.6
Households and NPISH,Net lending ratio excl. pension funds reserves,2012K3,1.4
Households and NPISH,Net lending ratio excl. pension funds reserves,2012K4,-3.2
Households and NPISH,Net lending ratio excl. pension funds reserves,2013K1,4.5
Households and NPISH,Net lending ratio excl. pension funds reserves,2013K2,12
Households and NPISH,Net lending ratio excl. pension funds reserves,2013K3,0.7
Households and NPISH,Net lending ratio excl. pension funds reserves,2013K4,-4.3
Households and NPISH,Net lending ratio excl. pension funds reserves,2014K1,3.1
Households and NPISH,Net lending ratio excl. pension funds reserves,2014K2,12.4
Households and NPISH,Net lending ratio excl. pension funds reserves,2014K3,-0.1
Households and NPISH,Net lending ratio excl. pension funds reserves,2014K4,-5.9
Households and NPISH,Net lending ratio excl. pension funds reserves,2015K1,-0.3
Households and NPISH,Net lending ratio excl. pension funds reserves,2015K2,11.8
Households and NPISH,Net lending ratio excl. pension funds reserves,2015K3,-3.8
Households and NPISH,Net lending ratio excl. pension funds reserves,2015K4,-9.9
Households and NPISH,Net lending ratio excl. pension funds reserves,2016K1,1.5
Households and NPISH,Net lending ratio excl. pension funds reserves,2016K2,11.8
Households and NPISH,Net lending ratio excl. pension funds reserves,2016K3,-4.5
Households and NPISH,Net lending ratio excl. pension funds reserves,2016K4,-9.1
Households and NPISH,Net lending ratio excl. pension funds reserves,2017K1,-4.5
Households and NPISH,Net lending ratio excl. pension funds reserves,2017K2,12.7
Households and NPISH,Net lending ratio excl. pension funds reserves,2017K3,-4.8
Households and NPISH,Net lending ratio excl. pension funds reserves,2017K4,-7.4
Households and NPISH,Net lending ratio excl. pension funds reserves,2018K1,1.7
Households and NPISH,Net lending ratio excl. pension funds reserves,2018K2,6.4
Households and NPISH,Net lending ratio excl. pension funds reserves,2018K3,-3.5
Households and NPISH,Net lending ratio excl. pension funds reserves,2018K4,-4.5
Households and NPISH,Net lending ratio excl. pension funds reserves,2019K1,4.1
Households and NPISH,Net lending ratio excl. pension funds reserves,2019K2,8.9
Households and NPISH,Net lending ratio excl. pension funds reserves,2019K3,-2.7
Households and NPISH,Net lending ratio excl. pension funds reserves,2019K4,-3.3
Households and NPISH,Net lending ratio excl. pension funds reserves,2020K1,3
Households and NPISH,Net lending ratio excl. pension funds reserves,2020K2,10.2
Households and NPISH,Net lending ratio excl. pension funds reserves,2020K3,0.3
Households and NPISH,Net lending ratio excl. pension funds reserves,2020K4,1.8
Households and NPISH,Net lending ratio excl. pension funds reserves,2021K1,9.4
Households and NPISH,Net lending ratio excl. pension funds reserves,2021K2,7.3
Households and NPISH,Net lending ratio excl. pension funds reserves,2021K3,-3.2
Households and NPISH,Net lending ratio excl. pension funds reserves,2021K4,-4.9
Households and NPISH,Net lending ratio excl. pension funds reserves,2022K1,8.5
Households and NPISH,Net lending ratio excl. pension funds reserves,2022K2,5.5
Households and NPISH,Net lending ratio excl. pension funds reserves,2022K3,-5.4
Households and NPISH,Net lending ratio excl. pension funds reserves,2022K4,-2.3
Households and NPISH,Net lending ratio excl. pension funds reserves,2023K1,8.1
Households and NPISH,Net lending ratio excl. pension funds reserves,2023K2,8.2
Households and NPISH,Net lending ratio excl. pension funds reserves,2023K3,-1.7
Households and NPISH,Net lending ratio excl. pension funds reserves,2023K4,-1.2
Households and NPISH,Net lending ratio excl. pension funds reserves,2024K1,8.7
Households and NPISH,Net lending ratio excl. pension funds reserves,2024K2,10.3
Households and NPISH,Net lending ratio excl. pension funds reserves,2024K3,-0.8
Households and NPISH,Net lending ratio excl. pension funds reserves,2024K4,-0.3
Households and NPISH,Net lending ratio excl. pension funds reserves,2025K1,7.4
Households and NPISH,Net lending ratio excl. pension funds reserves,2025K2,9.6
Households and NPISH,Net lending ratio excl. pension funds reserves,2025K3,-1.7
Households and NPISH,Net lending ratio excl. pension funds reserves,2025K4,-1.5
Households and NPISH,Net lending ratio excl. pension funds reserves,2026K1,6.3
Households and NPISH,"Debt, per cent of disposable income, net, four quarter",1980K1,102.9
Households and NPISH,"Debt, per cent of disposable income, net, four quarter",1980K2,97.4
Households and NPISH,"Debt, per cent of disposable income, net, four quarter",1980K3,94.5
Households and NPISH,"Debt, per cent of disposable income, net, four quarter",1980K4,92.2
Households and NPISH,"Debt, per cent of disposable income, net, four quarter",1981K1,93.1
Households and NPISH,"Debt, per cent of disposable income, net, four quarter",1981K2,94.2
Households and NPISH,"Debt, per cent of disposable income, net, four quarter",1981K3,95.6
Households and NPISH,"Debt, per cent of disposable income, net, four quarter",1981K4,96
Households and NPISH,"Debt, per cent of disposable income, net, four quarter",1982K1,96.9
Households and NPISH,"Debt, per cent of disposable income, net, four quarter",1982K2,97.6
Households and NPISH,"Debt, per cent of disposable income, net, four quarter",1982K3,98.8
Households and NPISH,"Debt, per cent of disposable income, net, four quarter",1982K4,100
Households and NPISH,"Debt, per cent of disposable income, net, four quarter",1983K1,100.4
Households and NPISH,"Debt, per cent of disposable income, net, four quarter",1983K2,98.8
Households and NPISH,"Debt, per cent of disposable income, net, four quarter",1983K3,99.1
Households and NPISH,"Debt, per cent of disposable income, net, four quarter",1983K4,99.2
Households and NPISH,"Debt, per cent of disposable income, net, four quarter",1984K1,99.7
Households and NPISH,"Debt, per cent of disposable income, net, four quarter",1984K2,100.5
Households and NPISH,"Debt, per cent of disposable income, net, four quarter",1984K3,100.8
Households and NPISH,"Debt, per cent of disposable income, net, four quarter",1984K4,101.5
Households and NPISH,"Debt, per cent of disposable income, net, four quarter",1985K1,101.2
Households and NPISH,"Debt, per cent of disposable income, net, four quarter",1985K2,100.4
Households and NPISH,"Debt, per cent of disposable income, net, four quarter",1985K3,100
Households and NPISH,"Debt, per cent of disposable income, net, four quarter",1985K4,99.9
Households and NPISH,"Debt, per cent of disposable income, net, four quarter",1986K1,102.9
Households and NPISH,"Debt, per cent of disposable income, net, four quarter",1986K2,105.5
Households and NPISH,"Debt, per cent of disposable income, net, four quarter",1986K3,107.4
Households and NPISH,"Debt, per cent of disposable income, net, four quarter",1986K4,109.8
Households and NPISH,"Debt, per cent of disposable income, net, four quarter",1987K1,111
Households and NPISH,"Debt, per cent of disposable income, net, four quarter",1987K2,111.5
Households and NPISH,"Debt, per cent of disposable income, net, four quarter",1987K3,113.4
Households and NPISH,"Debt, per cent of disposable income, net, four quarter",1987K4,115.4
Households and NPISH,"Debt, per cent of disposable income, net, four quarter",1988K1,119.7
Households and NPISH,"Debt, per cent of disposable income, net, four quarter",1988K2,123.5
Households and NPISH,"Debt, per cent of disposable income, net, four quarter",1988K3,127
Households and NPISH,"Debt, per cent of disposable income, net, four quarter",1988K4,130.3
Households and NPISH,"Debt, per cent of disposable income, net, four quarter",1989K1,129.7
Households and NPISH,"Debt, per cent of disposable income, net, four quarter",1989K2,129.5
Households and NPISH,"Debt, per cent of disposable income, net, four quarter",1989K3,128.8
Households and NPISH,"Debt, per cent of disposable income, net, four quarter",1989K4,129.1
Households and NPISH,"Debt, per cent of disposable income, net, four quarter",1990K1,128
Households and NPISH,"Debt, per cent of disposable income, net, four quarter",1990K2,124.8
Households and NPISH,"Debt, per cent of disposable income, net, four quarter",1990K3,123.5
Households and NPISH,"Debt, per cent of disposable income, net, four quarter",1990K4,120.9
Households and NPISH,"Debt, per cent of disposable income, net, four quarter",1991K1,115.9
Households and NPISH,"Debt, per cent of disposable income, net, four quarter",1991K2,111.7
Households and NPISH,"Debt, per cent of disposable income, net, four quarter",1991K3,108
Households and NPISH,"Debt, per cent of disposable income, net, four quarter",1991K4,104.1
Households and NPISH,"Debt, per cent of disposable income, net, four quarter",1992K1,102.2
Households and NPISH,"Debt, per cent of disposable income, net, four quarter",1992K2,101.1
Households and NPISH,"Debt, per cent of disposable income, net, four quarter",1992K3,99.5
Households and NPISH,"Debt, per cent of disposable income, net, four quarter",1992K4,97.6
Households and NPISH,"Debt, per cent of disposable income, net, four quarter",1993K1,97.2
Households and NPISH,"Debt, per cent of disposable income, net, four quarter",1993K2,97.1
Households and NPISH,"Debt, per cent of disposable income, net, four quarter",1993K3,95.9
Households and NPISH,"Debt, per cent of disposable income, net, four quarter",1993K4,96.3
Households and NPISH,"Debt, per cent of disposable income, net, four quarter",1994K1,96.1
Households and NPISH,"Debt, per cent of disposable income, net, four quarter",1994K2,95.8
Households and NPISH,"Debt, per cent of disposable income, net, four quarter",1994K3,95.5
Households and NPISH,"Debt, per cent of disposable income, net, four quarter",1994K4,93
Households and NPISH,"Debt, per cent of disposable income, net, four quarter",1995K1,93.2
Households and NPISH,"Debt, per cent of disposable income, net, four quarter",1995K2,91.3
Households and NPISH,"Debt, per cent of disposable income, net, four quarter",1995K3,90.9
Households and NPISH,"Debt, per cent of disposable income, net, four quarter",1995K4,90.7
Households and NPISH,"Debt, per cent of disposable income, net, four quarter",1996K1,90.9
Households and NPISH,"Debt, per cent of disposable income, net, four quarter",1996K2,90.8
Households and NPISH,"Debt, per cent of disposable income, net, four quarter",1996K3,91.3
Households and NPISH,"Debt, per cent of disposable income, net, four quarter",1996K4,92.8
Households and NPISH,"Debt, per cent of disposable income, net, four quarter",1997K1,94
Households and NPISH,"Debt, per cent of disposable income, net, four quarter",1997K2,95.6
Households and NPISH,"Debt, per cent of disposable income, net, four quarter",1997K3,96.3
Households and NPISH,"Debt, per cent of disposable income, net, four quarter",1997K4,97.5
Households and NPISH,"Debt, per cent of disposable income, net, four quarter",1998K1,97.9
Households and NPISH,"Debt, per cent of disposable income, net, four quarter",1998K2,99
Households and NPISH,"Debt, per cent of disposable income, net, four quarter",1998K3,100.2
Households and NPISH,"Debt, per cent of disposable income, net, four quarter",1998K4,100.9
Households and NPISH,"Debt, per cent of disposable income, net, four quarter",1999K1,101.5
Households and NPISH,"Debt, per cent of disposable income, net, four quarter",1999K2,102.4
Households and NPISH,"Debt, per cent of disposable income, net, four quarter",1999K3,103.4
Households and NPISH,"Debt, per cent of disposable income, net, four quarter",1999K4,105.4
Households and NPISH,"Debt, per cent of disposable income, net, four quarter",2000K1,105.5
Households and NPISH,"Debt, per cent of disposable income, net, four quarter",2000K2,106.8
Households and NPISH,"Debt, per cent of disposable income, net, four quarter",2000K3,106.8
Households and NPISH,"Debt, per cent of disposable income, net, four quarter",2000K4,107.9
Households and NPISH,"Debt, per cent of disposable income, net, four quarter",2001K1,107.7
Households and NPISH,"Debt, per cent of disposable income, net, four quarter",2001K2,108.1
Households and NPISH,"Debt, per cent of disposable income, net, four quarter",2001K3,108.4
Households and NPISH,"Debt, per cent of disposable income, net, four quarter",2001K4,108.9
Households and NPISH,"Debt, per cent of disposable income, net, four quarter",2002K1,108.8
Households and NPISH,"Debt, per cent of disposable income, net, four quarter",2002K2,109.1
Households and NPISH,"Debt, per cent of disposable income, net, four quarter",2002K3,109.6
Households and NPISH,"Debt, per cent of disposable income, net, four quarter",2002K4,110.7
Households and NPISH,"Debt, per cent of disposable income, net, four quarter",2003K1,111.8
Households and NPISH,"Debt, per cent of disposable income, net, four quarter",2003K2,113.7
Households and NPISH,"Debt, per cent of disposable income, net, four quarter",2003K3,115.2
Households and NPISH,"Debt, per cent of disposable income, net, four quarter",2003K4,117.7
Households and NPISH,"Debt, per cent of disposable income, net, four quarter",2004K1,119.4
Households and NPISH,"Debt, per cent of disposable income, net, four quarter",2004K2,122.7
Households and NPISH,"Debt, per cent of disposable income, net, four quarter",2004K3,124.6
Households and NPISH,"Debt, per cent of disposable income, net, four quarter",2004K4,127.4
Households and NPISH,"Debt, per cent of disposable income, net, four quarter",2005K1,129
Households and NPISH,"Debt, per cent of disposable income, net, four quarter",2005K2,130.5
Households and NPISH,"Debt, per cent of disposable income, net, four quarter",2005K3,133.3
Households and NPISH,"Debt, per cent of disposable income, net, four quarter",2005K4,135.6
Households and NPISH,"Debt, per cent of disposable income, net, four quarter",2006K1,136.6
Households and NPISH,"Debt, per cent of disposable income, net, four quarter",2006K2,137.7
Households and NPISH,"Debt, per cent of disposable income, net, four quarter",2006K3,139.3
Households and NPISH,"Debt, per cent of disposable income, net, four quarter",2006K4,141.4
Households and NPISH,"Debt, per cent of disposable income, net, four quarter",2007K1,141.2
Households and NPISH,"Debt, per cent of disposable income, net, four quarter",2007K2,140.9
Households and NPISH,"Debt, per cent of disposable income, net, four quarter",2007K3,142
Households and NPISH,"Debt, per cent of disposable income, net, four quarter",2007K4,144.2
Households and NPISH,"Debt, per cent of disposable income, net, four quarter",2008K1,145.4
Households and NPISH,"Debt, per cent of disposable income, net, four quarter",2008K2,145.9
Households and NPISH,"Debt, per cent of disposable income, net, four quarter",2008K3,145.9
Households and NPISH,"Debt, per cent of disposable income, net, four quarter",2008K4,146.6
Households and NPISH,"Debt, per cent of disposable income, net, four quarter",2009K1,146.9
Households and NPISH,"Debt, per cent of disposable income, net, four quarter",2009K2,150
Households and NPISH,"Debt, per cent of disposable income, net, four quarter",2009K3,151.5
Households and NPISH,"Debt, per cent of disposable income, net, four quarter",2009K4,153
Households and NPISH,"Debt, per cent of disposable income, net, four quarter",2010K1,154.3
Households and NPISH,"Debt, per cent of disposable income, net, four quarter",2010K2,155.9
Households and NPISH,"Debt, per cent of disposable income, net, four quarter",2010K3,157.2
Households and NPISH,"Debt, per cent of disposable income, net, four quarter",2010K4,157.6
Households and NPISH,"Debt, per cent of disposable income, net, four quarter",2011K1,157.4
Households and NPISH,"Debt, per cent of disposable income, net, four quarter",2011K2,157
Households and NPISH,"Debt, per cent of disposable income, net, four quarter",2011K3,157.1
Households and NPISH,"Debt, per cent of disposable income, net, four quarter",2011K4,157.8
Households and NPISH,"Debt, per cent of disposable income, net, four quarter",2012K1,157.9
Households and NPISH,"Debt, per cent of disposable income, net, four quarter",2012K2,157.4
Households and NPISH,"Debt, per cent of disposable income, net, four quarter",2012K3,157.4
Households and NPISH,"Debt, per cent of disposable income, net, four quarter",2012K4,156.8
Households and NPISH,"Debt, per cent of disposable income, net, four quarter",2013K1,156.6
Households and NPISH,"Debt, per cent of disposable income, net, four quarter",2013K2,158.5
Households and NPISH,"Debt, per cent of disposable income, net, four quarter",2013K3,159.3
Households and NPISH,"Debt, per cent of disposable income, net, four quarter",2013K4,160.1
Households and NPISH,"Debt, per cent of disposable income, net, four quarter",2014K1,161
Households and NPISH,"Debt, per cent of disposable income, net, four quarter",2014K2,161.2
Households and NPISH,"Debt, per cent of disposable income, net, four quarter",2014K3,162.3
Households and NPISH,"Debt, per cent of disposable income, net, four quarter",2014K4,163.9
Households and NPISH,"Debt, per cent of disposable income, net, four quarter",2015K1,165
Households and NPISH,"Debt, per cent of disposable income, net, four quarter",2015K2,165.9
Households and NPISH,"Debt, per cent of disposable income, net, four quarter",2015K3,167.7
Households and NPISH,"Debt, per cent of disposable income, net, four quarter",2015K4,169.8
Households and NPISH,"Debt, per cent of disposable income, net, four quarter",2016K1,171.1
Households and NPISH,"Debt, per cent of disposable income, net, four quarter",2016K2,173
Households and NPISH,"Debt, per cent of disposable income, net, four quarter",2016K3,174.4
Households and NPISH,"Debt, per cent of disposable income, net, four quarter",2016K4,175.4
Households and NPISH,"Debt, per cent of disposable income, net, four quarter",2017K1,177.9
Households and NPISH,"Debt, per cent of disposable income, net, four quarter",2017K2,178.4
Households and NPISH,"Debt, per cent of disposable income, net, four quarter",2017K3,179.7
Households and NPISH,"Debt, per cent of disposable income, net, four quarter",2017K4,179.8
Households and NPISH,"Debt, per cent of disposable income, net, four quarter",2018K1,178.1
Households and NPISH,"Debt, per cent of disposable income, net, four quarter",2018K2,182
Households and NPISH,"Debt, per cent of disposable income, net, four quarter",2018K3,181.7
Households and NPISH,"Debt, per cent of disposable income, net, four quarter",2018K4,181.8
Households and NPISH,"Debt, per cent of disposable income, net, four quarter",2019K1,182
Households and NPISH,"Debt, per cent of disposable income, net, four quarter",2019K2,182.2
Households and NPISH,"Debt, per cent of disposable income, net, four quarter",2019K3,182.3
Households and NPISH,"Debt, per cent of disposable income, net, four quarter",2019K4,182.9
Households and NPISH,"Debt, per cent of disposable income, net, four quarter",2020K1,183.7
Households and NPISH,"Debt, per cent of disposable income, net, four quarter",2020K2,189
Households and NPISH,"Debt, per cent of disposable income, net, four quarter",2020K3,190.9
Households and NPISH,"Debt, per cent of disposable income, net, four quarter",2020K4,192.6
Households and NPISH,"Debt, per cent of disposable income, net, four quarter",2021K1,192.3
Households and NPISH,"Debt, per cent of disposable income, net, four quarter",2021K2,191.5
Households and NPISH,"Debt, per cent of disposable income, net, four quarter",2021K3,192.1
Households and NPISH,"Debt, per cent of disposable income, net, four quarter",2021K4,192.8
Households and NPISH,"Debt, per cent of disposable income, net, four quarter",2022K1,191.4
Households and NPISH,"Debt, per cent of disposable income, net, four quarter",2022K2,189.2
Households and NPISH,"Debt, per cent of disposable income, net, four quarter",2022K3,187.6
Households and NPISH,"Debt, per cent of disposable income, net, four quarter",2022K4,184.1
Households and NPISH,"Debt, per cent of disposable income, net, four quarter",2023K1,181.6
Households and NPISH,"Debt, per cent of disposable income, net, four quarter",2023K2,179.2
Households and NPISH,"Debt, per cent of disposable income, net, four quarter",2023K3,176.7
Households and NPISH,"Debt, per cent of disposable income, net, four quarter",2023K4,175.4
Households and NPISH,"Debt, per cent of disposable income, net, four quarter",2024K1,173.7
Households and NPISH,"Debt, per cent of disposable income, net, four quarter",2024K2,171.9
Households and NPISH,"Debt, per cent of disposable income, net, four quarter",2024K3,170.9
Households and NPISH,"Debt, per cent of disposable income, net, four quarter",2024K4,169.8
Households and NPISH,"Debt, per cent of disposable income, net, four quarter",2025K1,169.7
Households and NPISH,"Debt, per cent of disposable income, net, four quarter",2025K2,169.3
Households and NPISH,"Debt, per cent of disposable income, net, four quarter",2025K3,168.7
Households and NPISH,"Debt, per cent of disposable income, net, four quarter",2025K4,168.3
Households and NPISH,"Debt, per cent of disposable income, net, four quarter",2026K1,168.1
Households and NPISH,"Interest payments, gross, as a percentage of disposable income, net",1980K1,10.6
Households and NPISH,"Interest payments, gross, as a percentage of disposable income, net",1980K2,9.9
Households and NPISH,"Interest payments, gross, as a percentage of disposable income, net",1980K3,10.7
Households and NPISH,"Interest payments, gross, as a percentage of disposable income, net",1980K4,11.4
Households and NPISH,"Interest payments, gross, as a percentage of disposable income, net",1981K1,12.5
Households and NPISH,"Interest payments, gross, as a percentage of disposable income, net",1981K2,11.8
Households and NPISH,"Interest payments, gross, as a percentage of disposable income, net",1981K3,12.9
Households and NPISH,"Interest payments, gross, as a percentage of disposable income, net",1981K4,13.1
Households and NPISH,"Interest payments, gross, as a percentage of disposable income, net",1982K1,11.9
Households and NPISH,"Interest payments, gross, as a percentage of disposable income, net",1982K2,11.2
Households and NPISH,"Interest payments, gross, as a percentage of disposable income, net",1982K3,12.5
Households and NPISH,"Interest payments, gross, as a percentage of disposable income, net",1982K4,12.8
Households and NPISH,"Interest payments, gross, as a percentage of disposable income, net",1983K1,11.1
Households and NPISH,"Interest payments, gross, as a percentage of disposable income, net",1983K2,9.8
Households and NPISH,"Interest payments, gross, as a percentage of disposable income, net",1983K3,11.7
Households and NPISH,"Interest payments, gross, as a percentage of disposable income, net",1983K4,11.9
Households and NPISH,"Interest payments, gross, as a percentage of disposable income, net",1984K1,11.5
Households and NPISH,"Interest payments, gross, as a percentage of disposable income, net",1984K2,10.4
Households and NPISH,"Interest payments, gross, as a percentage of disposable income, net",1984K3,11.9
Households and NPISH,"Interest payments, gross, as a percentage of disposable income, net",1984K4,12.4
Households and NPISH,"Interest payments, gross, as a percentage of disposable income, net",1985K1,12.3
Households and NPISH,"Interest payments, gross, as a percentage of disposable income, net",1985K2,11
Households and NPISH,"Interest payments, gross, as a percentage of disposable income, net",1985K3,12.7
Households and NPISH,"Interest payments, gross, as a percentage of disposable income, net",1985K4,13.4
Households and NPISH,"Interest payments, gross, as a percentage of disposable income, net",1986K1,12.3
Households and NPISH,"Interest payments, gross, as a percentage of disposable income, net",1986K2,11
Households and NPISH,"Interest payments, gross, as a percentage of disposable income, net",1986K3,12.3
Households and NPISH,"Interest payments, gross, as a percentage of disposable income, net",1986K4,13.2
Households and NPISH,"Interest payments, gross, as a percentage of disposable income, net",1987K1,12.4
Households and NPISH,"Interest payments, gross, as a percentage of disposable income, net",1987K2,11.1
Households and NPISH,"Interest payments, gross, as a percentage of disposable income, net",1987K3,13.2
Households and NPISH,"Interest payments, gross, as a percentage of disposable income, net",1987K4,14
Households and NPISH,"Interest payments, gross, as a percentage of disposable income, net",1988K1,13.6
Households and NPISH,"Interest payments, gross, as a percentage of disposable income, net",1988K2,12.6
Households and NPISH,"Interest payments, gross, as a percentage of disposable income, net",1988K3,15.3
Households and NPISH,"Interest payments, gross, as a percentage of disposable income, net",1988K4,16.1
Households and NPISH,"Interest payments, gross, as a percentage of disposable income, net",1989K1,14.6
Households and NPISH,"Interest payments, gross, as a percentage of disposable income, net",1989K2,13.6
Households and NPISH,"Interest payments, gross, as a percentage of disposable income, net",1989K3,15.8
Households and NPISH,"Interest payments, gross, as a percentage of disposable income, net",1989K4,17.6
Households and NPISH,"Interest payments, gross, as a percentage of disposable income, net",1990K1,16.5
Households and NPISH,"Interest payments, gross, as a percentage of disposable income, net",1990K2,14.6
Households and NPISH,"Interest payments, gross, as a percentage of disposable income, net",1990K3,16
Households and NPISH,"Interest payments, gross, as a percentage of disposable income, net",1990K4,16.6
Households and NPISH,"Interest payments, gross, as a percentage of disposable income, net",1991K1,15.1
Households and NPISH,"Interest payments, gross, as a percentage of disposable income, net",1991K2,12.2
Households and NPISH,"Interest payments, gross, as a percentage of disposable income, net",1991K3,13.3
Households and NPISH,"Interest payments, gross, as a percentage of disposable income, net",1991K4,14
Households and NPISH,"Interest payments, gross, as a percentage of disposable income, net",1992K1,13.3
Households and NPISH,"Interest payments, gross, as a percentage of disposable income, net",1992K2,11.3
Households and NPISH,"Interest payments, gross, as a percentage of disposable income, net",1992K3,13.4
Households and NPISH,"Interest payments, gross, as a percentage of disposable income, net",1992K4,13.2
Households and NPISH,"Interest payments, gross, as a percentage of disposable income, net",1993K1,12.3
Households and NPISH,"Interest payments, gross, as a percentage of disposable income, net",1993K2,10.8
Households and NPISH,"Interest payments, gross, as a percentage of disposable income, net",1993K3,11.2
Households and NPISH,"Interest payments, gross, as a percentage of disposable income, net",1993K4,11.4
Households and NPISH,"Interest payments, gross, as a percentage of disposable income, net",1994K1,10.8
Households and NPISH,"Interest payments, gross, as a percentage of disposable income, net",1994K2,9.8
Households and NPISH,"Interest payments, gross, as a percentage of disposable income, net",1994K3,10.3
Households and NPISH,"Interest payments, gross, as a percentage of disposable income, net",1994K4,10.2
Households and NPISH,"Interest payments, gross, as a percentage of disposable income, net",1995K1,10
Households and NPISH,"Interest payments, gross, as a percentage of disposable income, net",1995K2,8.8
Households and NPISH,"Interest payments, gross, as a percentage of disposable income, net",1995K3,9.9
Households and NPISH,"Interest payments, gross, as a percentage of disposable income, net",1995K4,9.7
Households and NPISH,"Interest payments, gross, as a percentage of disposable income, net",1996K1,9.4
Households and NPISH,"Interest payments, gross, as a percentage of disposable income, net",1996K2,7.5
Households and NPISH,"Interest payments, gross, as a percentage of disposable income, net",1996K3,8.2
Households and NPISH,"Interest payments, gross, as a percentage of disposable income, net",1996K4,7.9
Households and NPISH,"Interest payments, gross, as a percentage of disposable income, net",1997K1,8
Households and NPISH,"Interest payments, gross, as a percentage of disposable income, net",1997K2,6.6
Households and NPISH,"Interest payments, gross, as a percentage of disposable income, net",1997K3,7.3
Households and NPISH,"Interest payments, gross, as a percentage of disposable income, net",1997K4,7.2
Households and NPISH,"Interest payments, gross, as a percentage of disposable income, net",1998K1,7.4
Households and NPISH,"Interest payments, gross, as a percentage of disposable income, net",1998K2,6.4
Households and NPISH,"Interest payments, gross, as a percentage of disposable income, net",1998K3,6.9
Households and NPISH,"Interest payments, gross, as a percentage of disposable income, net",1998K4,6.6
Households and NPISH,"Interest payments, gross, as a percentage of disposable income, net",1999K1,6.5
Households and NPISH,"Interest payments, gross, as a percentage of disposable income, net",1999K2,5.5
Households and NPISH,"Interest payments, gross, as a percentage of disposable income, net",1999K3,6.3
Households and NPISH,"Interest payments, gross, as a percentage of disposable income, net",1999K4,6.4
Households and NPISH,"Interest payments, gross, as a percentage of disposable income, net",2000K1,6.4
Households and NPISH,"Interest payments, gross, as a percentage of disposable income, net",2000K2,5.7
Households and NPISH,"Interest payments, gross, as a percentage of disposable income, net",2000K3,6.2
Households and NPISH,"Interest payments, gross, as a percentage of disposable income, net",2000K4,6.3
Households and NPISH,"Interest payments, gross, as a percentage of disposable income, net",2001K1,6.2
Households and NPISH,"Interest payments, gross, as a percentage of disposable income, net",2001K2,5.6
Households and NPISH,"Interest payments, gross, as a percentage of disposable income, net",2001K3,6.2
Households and NPISH,"Interest payments, gross, as a percentage of disposable income, net",2001K4,6.1
Households and NPISH,"Interest payments, gross, as a percentage of disposable income, net",2002K1,6.1
Households and NPISH,"Interest payments, gross, as a percentage of disposable income, net",2002K2,5.6
Households and NPISH,"Interest payments, gross, as a percentage of disposable income, net",2002K3,6.3
Households and NPISH,"Interest payments, gross, as a percentage of disposable income, net",2002K4,6.2
Households and NPISH,"Interest payments, gross, as a percentage of disposable income, net",2003K1,6.2
Households and NPISH,"Interest payments, gross, as a percentage of disposable income, net",2003K2,5.3
Households and NPISH,"Interest payments, gross, as a percentage of disposable income, net",2003K3,5.7
Households and NPISH,"Interest payments, gross, as a percentage of disposable income, net",2003K4,5.9
Households and NPISH,"Interest payments, gross, as a percentage of disposable income, net",2004K1,5.7
Households and NPISH,"Interest payments, gross, as a percentage of disposable income, net",2004K2,4.9
Households and NPISH,"Interest payments, gross, as a percentage of disposable income, net",2004K3,5.4
Households and NPISH,"Interest payments, gross, as a percentage of disposable income, net",2004K4,5.4
Households and NPISH,"Interest payments, gross, as a percentage of disposable income, net",2005K1,5.4
Households and NPISH,"Interest payments, gross, as a percentage of disposable income, net",2005K2,4.6
Households and NPISH,"Interest payments, gross, as a percentage of disposable income, net",2005K3,5.1
Households and NPISH,"Interest payments, gross, as a percentage of disposable income, net",2005K4,5
Households and NPISH,"Interest payments, gross, as a percentage of disposable income, net",2006K1,5.1
Households and NPISH,"Interest payments, gross, as a percentage of disposable income, net",2006K2,4.5
Households and NPISH,"Interest payments, gross, as a percentage of disposable income, net",2006K3,5.5
Households and NPISH,"Interest payments, gross, as a percentage of disposable income, net",2006K4,5.8
Households and NPISH,"Interest payments, gross, as a percentage of disposable income, net",2007K1,6.1
Households and NPISH,"Interest payments, gross, as a percentage of disposable income, net",2007K2,5.2
Households and NPISH,"Interest payments, gross, as a percentage of disposable income, net",2007K3,6.7
Households and NPISH,"Interest payments, gross, as a percentage of disposable income, net",2007K4,7
Households and NPISH,"Interest payments, gross, as a percentage of disposable income, net",2008K1,7.2
Households and NPISH,"Interest payments, gross, as a percentage of disposable income, net",2008K2,6
Households and NPISH,"Interest payments, gross, as a percentage of disposable income, net",2008K3,7.9
Households and NPISH,"Interest payments, gross, as a percentage of disposable income, net",2008K4,8
Households and NPISH,"Interest payments, gross, as a percentage of disposable income, net",2009K1,6.1
Households and NPISH,"Interest payments, gross, as a percentage of disposable income, net",2009K2,4.3
Households and NPISH,"Interest payments, gross, as a percentage of disposable income, net",2009K3,4.7
Households and NPISH,"Interest payments, gross, as a percentage of disposable income, net",2009K4,4.5
Households and NPISH,"Interest payments, gross, as a percentage of disposable income, net",2010K1,4.3
Households and NPISH,"Interest payments, gross, as a percentage of disposable income, net",2010K2,3.6
Households and NPISH,"Interest payments, gross, as a percentage of disposable income, net",2010K3,4.6
Households and NPISH,"Interest payments, gross, as a percentage of disposable income, net",2010K4,5.1
Households and NPISH,"Interest payments, gross, as a percentage of disposable income, net",2011K1,5.7
Households and NPISH,"Interest payments, gross, as a percentage of disposable income, net",2011K2,5.2
Households and NPISH,"Interest payments, gross, as a percentage of disposable income, net",2011K3,6.5
Households and NPISH,"Interest payments, gross, as a percentage of disposable income, net",2011K4,6.8
Households and NPISH,"Interest payments, gross, as a percentage of disposable income, net",2012K1,6.7
Households and NPISH,"Interest payments, gross, as a percentage of disposable income, net",2012K2,5.3
Households and NPISH,"Interest payments, gross, as a percentage of disposable income, net",2012K3,6.3
Households and NPISH,"Interest payments, gross, as a percentage of disposable income, net",2012K4,5.9
Households and NPISH,"Interest payments, gross, as a percentage of disposable income, net",2013K1,5.7
Households and NPISH,"Interest payments, gross, as a percentage of disposable income, net",2013K2,4.7
Households and NPISH,"Interest payments, gross, as a percentage of disposable income, net",2013K3,5.5
Households and NPISH,"Interest payments, gross, as a percentage of disposable income, net",2013K4,5.4
Households and NPISH,"Interest payments, gross, as a percentage of disposable income, net",2014K1,5.4
Households and NPISH,"Interest payments, gross, as a percentage of disposable income, net",2014K2,4.3
Households and NPISH,"Interest payments, gross, as a percentage of disposable income, net",2014K3,5.1
Households and NPISH,"Interest payments, gross, as a percentage of disposable income, net",2014K4,4.8
Households and NPISH,"Interest payments, gross, as a percentage of disposable income, net",2015K1,4.6
Households and NPISH,"Interest payments, gross, as a percentage of disposable income, net",2015K2,3.5
Households and NPISH,"Interest payments, gross, as a percentage of disposable income, net",2015K3,4.1
Households and NPISH,"Interest payments, gross, as a percentage of disposable income, net",2015K4,4.1
Households and NPISH,"Interest payments, gross, as a percentage of disposable income, net",2016K1,3.9
Households and NPISH,"Interest payments, gross, as a percentage of disposable income, net",2016K2,3.2
Households and NPISH,"Interest payments, gross, as a percentage of disposable income, net",2016K3,4
Households and NPISH,"Interest payments, gross, as a percentage of disposable income, net",2016K4,3.9
Households and NPISH,"Interest payments, gross, as a percentage of disposable income, net",2017K1,3.9
Households and NPISH,"Interest payments, gross, as a percentage of disposable income, net",2017K2,3.1
Households and NPISH,"Interest payments, gross, as a percentage of disposable income, net",2017K3,3.9
Households and NPISH,"Interest payments, gross, as a percentage of disposable income, net",2017K4,3.9
Households and NPISH,"Interest payments, gross, as a percentage of disposable income, net",2018K1,3.7
Households and NPISH,"Interest payments, gross, as a percentage of disposable income, net",2018K2,3.2
Households and NPISH,"Interest payments, gross, as a percentage of disposable income, net",2018K3,3.8
Households and NPISH,"Interest payments, gross, as a percentage of disposable income, net",2018K4,3.7
Households and NPISH,"Interest payments, gross, as a percentage of disposable income, net",2019K1,3.8
Households and NPISH,"Interest payments, gross, as a percentage of disposable income, net",2019K2,3.3
Households and NPISH,"Interest payments, gross, as a percentage of disposable income, net",2019K3,4
Households and NPISH,"Interest payments, gross, as a percentage of disposable income, net",2019K4,3.9
Households and NPISH,"Interest payments, gross, as a percentage of disposable income, net",2020K1,3.9
Households and NPISH,"Interest payments, gross, as a percentage of disposable income, net",2020K2,3.7
Households and NPISH,"Interest payments, gross, as a percentage of disposable income, net",2020K3,4.1
Households and NPISH,"Interest payments, gross, as a percentage of disposable income, net",2020K4,3.9
Households and NPISH,"Interest payments, gross, as a percentage of disposable income, net",2021K1,3.7
Households and NPISH,"Interest payments, gross, as a percentage of disposable income, net",2021K2,3.3
Households and NPISH,"Interest payments, gross, as a percentage of disposable income, net",2021K3,3.8
Households and NPISH,"Interest payments, gross, as a percentage of disposable income, net",2021K4,3.6
Households and NPISH,"Interest payments, gross, as a percentage of disposable income, net",2022K1,3.3
Households and NPISH,"Interest payments, gross, as a percentage of disposable income, net",2022K2,3.1
Households and NPISH,"Interest payments, gross, as a percentage of disposable income, net",2022K3,4.5
Households and NPISH,"Interest payments, gross, as a percentage of disposable income, net",2022K4,5.1
Households and NPISH,"Interest payments, gross, as a percentage of disposable income, net",2023K1,5.5
Households and NPISH,"Interest payments, gross, as a percentage of disposable income, net",2023K2,5.6
Households and NPISH,"Interest payments, gross, as a percentage of disposable income, net",2023K3,7.1
Households and NPISH,"Interest payments, gross, as a percentage of disposable income, net",2023K4,7.4
Households and NPISH,"Interest payments, gross, as a percentage of disposable income, net",2024K1,7.5
Households and NPISH,"Interest payments, gross, as a percentage of disposable income, net",2024K2,6.7
Households and NPISH,"Interest payments, gross, as a percentage of disposable income, net",2024K3,7.7
Households and NPISH,"Interest payments, gross, as a percentage of disposable income, net",2024K4,6.8
Households and NPISH,"Interest payments, gross, as a percentage of disposable income, net",2025K1,6
Households and NPISH,"Interest payments, gross, as a percentage of disposable income, net",2025K2,5.1
Households and NPISH,"Interest payments, gross, as a percentage of disposable income, net",2025K3,5.8
Households and NPISH,"Interest payments, gross, as a percentage of disposable income, net",2025K4,5.4
Households and NPISH,"Interest payments, gross, as a percentage of disposable income, net",2026K1,5.3
Households and NPISH,"Net saving rate,  seasonally adjusted",1980K1,NA
Households and NPISH,"Net saving rate,  seasonally adjusted",1980K2,NA
Households and NPISH,"Net saving rate,  seasonally adjusted",1980K3,NA
Households and NPISH,"Net saving rate,  seasonally adjusted",1980K4,NA
Households and NPISH,"Net saving rate,  seasonally adjusted",1981K1,NA
Households and NPISH,"Net saving rate,  seasonally adjusted",1981K2,NA
Households and NPISH,"Net saving rate,  seasonally adjusted",1981K3,NA
Households and NPISH,"Net saving rate,  seasonally adjusted",1981K4,NA
Households and NPISH,"Net saving rate,  seasonally adjusted",1982K1,NA
Households and NPISH,"Net saving rate,  seasonally adjusted",1982K2,NA
Households and NPISH,"Net saving rate,  seasonally adjusted",1982K3,NA
Households and NPISH,"Net saving rate,  seasonally adjusted",1982K4,NA
Households and NPISH,"Net saving rate,  seasonally adjusted",1983K1,NA
Households and NPISH,"Net saving rate,  seasonally adjusted",1983K2,NA
Households and NPISH,"Net saving rate,  seasonally adjusted",1983K3,NA
Households and NPISH,"Net saving rate,  seasonally adjusted",1983K4,NA
Households and NPISH,"Net saving rate,  seasonally adjusted",1984K1,NA
Households and NPISH,"Net saving rate,  seasonally adjusted",1984K2,NA
Households and NPISH,"Net saving rate,  seasonally adjusted",1984K3,NA
Households and NPISH,"Net saving rate,  seasonally adjusted",1984K4,NA
Households and NPISH,"Net saving rate,  seasonally adjusted",1985K1,NA
Households and NPISH,"Net saving rate,  seasonally adjusted",1985K2,NA
Households and NPISH,"Net saving rate,  seasonally adjusted",1985K3,NA
Households and NPISH,"Net saving rate,  seasonally adjusted",1985K4,NA
Households and NPISH,"Net saving rate,  seasonally adjusted",1986K1,NA
Households and NPISH,"Net saving rate,  seasonally adjusted",1986K2,NA
Households and NPISH,"Net saving rate,  seasonally adjusted",1986K3,NA
Households and NPISH,"Net saving rate,  seasonally adjusted",1986K4,NA
Households and NPISH,"Net saving rate,  seasonally adjusted",1987K1,NA
Households and NPISH,"Net saving rate,  seasonally adjusted",1987K2,NA
Households and NPISH,"Net saving rate,  seasonally adjusted",1987K3,NA
Households and NPISH,"Net saving rate,  seasonally adjusted",1987K4,NA
Households and NPISH,"Net saving rate,  seasonally adjusted",1988K1,NA
Households and NPISH,"Net saving rate,  seasonally adjusted",1988K2,NA
Households and NPISH,"Net saving rate,  seasonally adjusted",1988K3,NA
Households and NPISH,"Net saving rate,  seasonally adjusted",1988K4,NA
Households and NPISH,"Net saving rate,  seasonally adjusted",1989K1,NA
Households and NPISH,"Net saving rate,  seasonally adjusted",1989K2,NA
Households and NPISH,"Net saving rate,  seasonally adjusted",1989K3,NA
Households and NPISH,"Net saving rate,  seasonally adjusted",1989K4,NA
Households and NPISH,"Net saving rate,  seasonally adjusted",1990K1,NA
Households and NPISH,"Net saving rate,  seasonally adjusted",1990K2,NA
Households and NPISH,"Net saving rate,  seasonally adjusted",1990K3,NA
Households and NPISH,"Net saving rate,  seasonally adjusted",1990K4,NA
Households and NPISH,"Net saving rate,  seasonally adjusted",1991K1,NA
Households and NPISH,"Net saving rate,  seasonally adjusted",1991K2,NA
Households and NPISH,"Net saving rate,  seasonally adjusted",1991K3,NA
Households and NPISH,"Net saving rate,  seasonally adjusted",1991K4,NA
Households and NPISH,"Net saving rate,  seasonally adjusted",1992K1,NA
Households and NPISH,"Net saving rate,  seasonally adjusted",1992K2,NA
Households and NPISH,"Net saving rate,  seasonally adjusted",1992K3,NA
Households and NPISH,"Net saving rate,  seasonally adjusted",1992K4,NA
Households and NPISH,"Net saving rate,  seasonally adjusted",1993K1,7.9
Households and NPISH,"Net saving rate,  seasonally adjusted",1993K2,6.1
Households and NPISH,"Net saving rate,  seasonally adjusted",1993K3,7.2
Households and NPISH,"Net saving rate,  seasonally adjusted",1993K4,2.6
Households and NPISH,"Net saving rate,  seasonally adjusted",1994K1,5
Households and NPISH,"Net saving rate,  seasonally adjusted",1994K2,3.4
Households and NPISH,"Net saving rate,  seasonally adjusted",1994K3,4.4
Households and NPISH,"Net saving rate,  seasonally adjusted",1994K4,6.7
Households and NPISH,"Net saving rate,  seasonally adjusted",1995K1,6.7
Households and NPISH,"Net saving rate,  seasonally adjusted",1995K2,5.2
Households and NPISH,"Net saving rate,  seasonally adjusted",1995K3,3.5
Households and NPISH,"Net saving rate,  seasonally adjusted",1995K4,5.5
Households and NPISH,"Net saving rate,  seasonally adjusted",1996K1,2.5
Households and NPISH,"Net saving rate,  seasonally adjusted",1996K2,6.1
Households and NPISH,"Net saving rate,  seasonally adjusted",1996K3,1.5
Households and NPISH,"Net saving rate,  seasonally adjusted",1996K4,-0.1
Households and NPISH,"Net saving rate,  seasonally adjusted",1997K1,-2
Households and NPISH,"Net saving rate,  seasonally adjusted",1997K2,-1.5
Households and NPISH,"Net saving rate,  seasonally adjusted",1997K3,-0.7
Households and NPISH,"Net saving rate,  seasonally adjusted",1997K4,-2
Households and NPISH,"Net saving rate,  seasonally adjusted",1998K1,-1.6
Households and NPISH,"Net saving rate,  seasonally adjusted",1998K2,-2.2
Households and NPISH,"Net saving rate,  seasonally adjusted",1998K3,-1.2
Households and NPISH,"Net saving rate,  seasonally adjusted",1998K4,-1
Households and NPISH,"Net saving rate,  seasonally adjusted",1999K1,-3
Households and NPISH,"Net saving rate,  seasonally adjusted",1999K2,-0.5
Households and NPISH,"Net saving rate,  seasonally adjusted",1999K3,-2.7
Households and NPISH,"Net saving rate,  seasonally adjusted",1999K4,-3.9
Households and NPISH,"Net saving rate,  seasonally adjusted",2000K1,-0.8
Households and NPISH,"Net saving rate,  seasonally adjusted",2000K2,-3.2
Households and NPISH,"Net saving rate,  seasonally adjusted",2000K3,0.2
Households and NPISH,"Net saving rate,  seasonally adjusted",2000K4,-0.2
Households and NPISH,"Net saving rate,  seasonally adjusted",2001K1,0.8
Households and NPISH,"Net saving rate,  seasonally adjusted",2001K2,1.8
Households and NPISH,"Net saving rate,  seasonally adjusted",2001K3,3.3
Households and NPISH,"Net saving rate,  seasonally adjusted",2001K4,4.7
Households and NPISH,"Net saving rate,  seasonally adjusted",2002K1,3.7
Households and NPISH,"Net saving rate,  seasonally adjusted",2002K2,4.3
Households and NPISH,"Net saving rate,  seasonally adjusted",2002K3,4.3
Households and NPISH,"Net saving rate,  seasonally adjusted",2002K4,4.5
Households and NPISH,"Net saving rate,  seasonally adjusted",2003K1,3.6
Households and NPISH,"Net saving rate,  seasonally adjusted",2003K2,3.4
Households and NPISH,"Net saving rate,  seasonally adjusted",2003K3,3.9
Households and NPISH,"Net saving rate,  seasonally adjusted",2003K4,2.7
Households and NPISH,"Net saving rate,  seasonally adjusted",2004K1,2.3
Households and NPISH,"Net saving rate,  seasonally adjusted",2004K2,-0.2
Households and NPISH,"Net saving rate,  seasonally adjusted",2004K3,4.1
Households and NPISH,"Net saving rate,  seasonally adjusted",2004K4,3.6
Households and NPISH,"Net saving rate,  seasonally adjusted",2005K1,2.7
Households and NPISH,"Net saving rate,  seasonally adjusted",2005K2,1.1
Households and NPISH,"Net saving rate,  seasonally adjusted",2005K3,1.3
Households and NPISH,"Net saving rate,  seasonally adjusted",2005K4,3.7
Households and NPISH,"Net saving rate,  seasonally adjusted",2006K1,4.3
Households and NPISH,"Net saving rate,  seasonally adjusted",2006K2,3.9
Households and NPISH,"Net saving rate,  seasonally adjusted",2006K3,4.1
Households and NPISH,"Net saving rate,  seasonally adjusted",2006K4,5.4
Households and NPISH,"Net saving rate,  seasonally adjusted",2007K1,7.2
Households and NPISH,"Net saving rate,  seasonally adjusted",2007K2,8.6
Households and NPISH,"Net saving rate,  seasonally adjusted",2007K3,5.1
Households and NPISH,"Net saving rate,  seasonally adjusted",2007K4,5.9
Households and NPISH,"Net saving rate,  seasonally adjusted",2008K1,6
Households and NPISH,"Net saving rate,  seasonally adjusted",2008K2,11.7
Households and NPISH,"Net saving rate,  seasonally adjusted",2008K3,9
Households and NPISH,"Net saving rate,  seasonally adjusted",2008K4,8.2
Households and NPISH,"Net saving rate,  seasonally adjusted",2009K1,9.2
Households and NPISH,"Net saving rate,  seasonally adjusted",2009K2,8.2
Households and NPISH,"Net saving rate,  seasonally adjusted",2009K3,8.1
Households and NPISH,"Net saving rate,  seasonally adjusted",2009K4,9.2
Households and NPISH,"Net saving rate,  seasonally adjusted",2010K1,9.3
Households and NPISH,"Net saving rate,  seasonally adjusted",2010K2,8.9
Households and NPISH,"Net saving rate,  seasonally adjusted",2010K3,10.1
Households and NPISH,"Net saving rate,  seasonally adjusted",2010K4,10.7
Households and NPISH,"Net saving rate,  seasonally adjusted",2011K1,9.9
Households and NPISH,"Net saving rate,  seasonally adjusted",2011K2,10.4
Households and NPISH,"Net saving rate,  seasonally adjusted",2011K3,11.2
Households and NPISH,"Net saving rate,  seasonally adjusted",2011K4,10.6
Households and NPISH,"Net saving rate,  seasonally adjusted",2012K1,11.1
Households and NPISH,"Net saving rate,  seasonally adjusted",2012K2,13.4
Households and NPISH,"Net saving rate,  seasonally adjusted",2012K3,12.8
Households and NPISH,"Net saving rate,  seasonally adjusted",2012K4,13.4
Households and NPISH,"Net saving rate,  seasonally adjusted",2013K1,13.9
Households and NPISH,"Net saving rate,  seasonally adjusted",2013K2,11.9
Households and NPISH,"Net saving rate,  seasonally adjusted",2013K3,13.1
Households and NPISH,"Net saving rate,  seasonally adjusted",2013K4,12.9
Households and NPISH,"Net saving rate,  seasonally adjusted",2014K1,13.8
Households and NPISH,"Net saving rate,  seasonally adjusted",2014K2,13
Households and NPISH,"Net saving rate,  seasonally adjusted",2014K3,13.7
Households and NPISH,"Net saving rate,  seasonally adjusted",2014K4,13.2
Households and NPISH,"Net saving rate,  seasonally adjusted",2015K1,11.1
Households and NPISH,"Net saving rate,  seasonally adjusted",2015K2,12.1
Households and NPISH,"Net saving rate,  seasonally adjusted",2015K3,11
Households and NPISH,"Net saving rate,  seasonally adjusted",2015K4,10
Households and NPISH,"Net saving rate,  seasonally adjusted",2016K1,12.7
Households and NPISH,"Net saving rate,  seasonally adjusted",2016K2,13.4
Households and NPISH,"Net saving rate,  seasonally adjusted",2016K3,11.5
Households and NPISH,"Net saving rate,  seasonally adjusted",2016K4,11.8
Households and NPISH,"Net saving rate,  seasonally adjusted",2017K1,7.7
Households and NPISH,"Net saving rate,  seasonally adjusted",2017K2,14.8
Households and NPISH,"Net saving rate,  seasonally adjusted",2017K3,11.2
Households and NPISH,"Net saving rate,  seasonally adjusted",2017K4,10.8
Households and NPISH,"Net saving rate,  seasonally adjusted",2018K1,13.1
Households and NPISH,"Net saving rate,  seasonally adjusted",2018K2,10.9
Households and NPISH,"Net saving rate,  seasonally adjusted",2018K3,13.3
Households and NPISH,"Net saving rate,  seasonally adjusted",2018K4,13
Households and NPISH,"Net saving rate,  seasonally adjusted",2019K1,14.1
Households and NPISH,"Net saving rate,  seasonally adjusted",2019K2,14.7
Households and NPISH,"Net saving rate,  seasonally adjusted",2019K3,14.2
Households and NPISH,"Net saving rate,  seasonally adjusted",2019K4,15.2
Households and NPISH,"Net saving rate,  seasonally adjusted",2020K1,10.9
Households and NPISH,"Net saving rate,  seasonally adjusted",2020K2,15.1
Households and NPISH,"Net saving rate,  seasonally adjusted",2020K3,16.9
Households and NPISH,"Net saving rate,  seasonally adjusted",2020K4,17.9
Households and NPISH,"Net saving rate,  seasonally adjusted",2021K1,18.1
Households and NPISH,"Net saving rate,  seasonally adjusted",2021K2,14.3
Households and NPISH,"Net saving rate,  seasonally adjusted",2021K3,14.4
Households and NPISH,"Net saving rate,  seasonally adjusted",2021K4,14.2
Households and NPISH,"Net saving rate,  seasonally adjusted",2022K1,15.2
Households and NPISH,"Net saving rate,  seasonally adjusted",2022K2,12
Households and NPISH,"Net saving rate,  seasonally adjusted",2022K3,11.9
Households and NPISH,"Net saving rate,  seasonally adjusted",2022K4,14
Households and NPISH,"Net saving rate,  seasonally adjusted",2023K1,14.6
Households and NPISH,"Net saving rate,  seasonally adjusted",2023K2,14.2
Households and NPISH,"Net saving rate,  seasonally adjusted",2023K3,14.8
Households and NPISH,"Net saving rate,  seasonally adjusted",2023K4,14.4
Households and NPISH,"Net saving rate,  seasonally adjusted",2024K1,16.7
Households and NPISH,"Net saving rate,  seasonally adjusted",2024K2,16.4
Households and NPISH,"Net saving rate,  seasonally adjusted",2024K3,16
Households and NPISH,"Net saving rate,  seasonally adjusted",2024K4,16.1
Households and NPISH,"Net saving rate,  seasonally adjusted",2025K1,13.1
Households and NPISH,"Net saving rate,  seasonally adjusted",2025K2,14.3
Households and NPISH,"Net saving rate,  seasonally adjusted",2025K3,13
Households and NPISH,"Net saving rate,  seasonally adjusted",2025K4,13.2
Households and NPISH,"Net saving rate,  seasonally adjusted",2026K1,12.4
