sector,type of asset,year,"Closing balance, SEK million"
Households,All assets (non-financial and financial assets),1980,1129303
Households,All assets (non-financial and financial assets),1981,1215790
Households,All assets (non-financial and financial assets),1982,1306769
Households,All assets (non-financial and financial assets),1983,1447316
Households,All assets (non-financial and financial assets),1984,1567442
Households,All assets (non-financial and financial assets),1985,1701722
Households,All assets (non-financial and financial assets),1986,2033883
Households,All assets (non-financial and financial assets),1987,2284087
Households,All assets (non-financial and financial assets),1988,2688349
Households,All assets (non-financial and financial assets),1989,3122796
Households,All assets (non-financial and financial assets),1990,3204266
Households,All assets (non-financial and financial assets),1991,3133514
Households,All assets (non-financial and financial assets),1992,3045103
Households,All assets (non-financial and financial assets),1993,3289874
Households,All assets (non-financial and financial assets),1994,3362953
Households,All assets (non-financial and financial assets),1995,3511417
Households,All assets (non-financial and financial assets),1996,3927548
Households,All assets (non-financial and financial assets),1997,4517793
Households,All assets (non-financial and financial assets),1998,4966554
Households,All assets (non-financial and financial assets),1999,5832468
Households,All assets (non-financial and financial assets),2000,6039353
Households,All assets (non-financial and financial assets),2001,6300315
Households,All assets (non-financial and financial assets),2002,6526430
Households,All assets (non-financial and financial assets),2003,7475194
Households,All assets (non-financial and financial assets),2004,8083571
Households,All assets (non-financial and financial assets),2005,9525084
Households,All assets (non-financial and financial assets),2006,10769054
Households,All assets (non-financial and financial assets),2007,11537236
Households,All assets (non-financial and financial assets),2008,11507098
Households,All assets (non-financial and financial assets),2009,12661278
Households,All assets (non-financial and financial assets),2010,13883285
Households,All assets (non-financial and financial assets),2011,13705654
Households,All assets (non-financial and financial assets),2012,14179089
Households,All assets (non-financial and financial assets),2013,15306797
Households,All assets (non-financial and financial assets),2014,16994467
Households,All assets (non-financial and financial assets),2015,18713667
Households,All assets (non-financial and financial assets),2016,20455307
Households,All assets (non-financial and financial assets),2017,21860435
Households,All assets (non-financial and financial assets),2018,22414944
Households,All assets (non-financial and financial assets),2019,24935407
Households,All assets (non-financial and financial assets),2020,27460652
Households,All assets (non-financial and financial assets),2021,31404589
Households,All assets (non-financial and financial assets),2022,30075228
Households,All assets (non-financial and financial assets),2023,30624415
Households,All assets (non-financial and financial assets),2024,32887356
Households,All assets (non-financial and financial assets),2025,34324882
Households,All non-financial assets,1980,666440
Households,All non-financial assets,1981,698878
Households,All non-financial assets,1982,728186
Households,All non-financial assets,1983,773419
Households,All non-financial assets,1984,827453
Households,All non-financial assets,1985,875595
Households,All non-financial assets,1986,998599
Households,All non-financial assets,1987,1184441
Households,All non-financial assets,1988,1403721
Households,All non-financial assets,1989,1638802
Households,All non-financial assets,1990,1723639
Households,All non-financial assets,1991,1637208
Households,All non-financial assets,1992,1510010
Households,All non-financial assets,1993,1587092
Households,All non-financial assets,1994,1564238
Households,All non-financial assets,1995,1537189
Households,All non-financial assets,1996,1616404
Households,All non-financial assets,1997,1775618
Households,All non-financial assets,1998,1890429
Households,All non-financial assets,1999,2041457
Households,All non-financial assets,2000,2234586
Households,All non-financial assets,2001,2423085
Households,All non-financial assets,2002,2535680
Households,All non-financial assets,2003,2946103
Households,All non-financial assets,2004,3261307
Households,All non-financial assets,2005,3687015
Households,All non-financial assets,2006,4145360
Households,All non-financial assets,2007,4617403
Households,All non-financial assets,2008,4875417
Households,All non-financial assets,2009,5134742
Households,All non-financial assets,2010,5449448
Households,All non-financial assets,2011,5568079
Households,All non-financial assets,2012,5598131
Households,All non-financial assets,2013,5756294
Households,All non-financial assets,2014,6065570
Households,All non-financial assets,2015,6803588
Households,All non-financial assets,2016,7502506
Households,All non-financial assets,2017,8152825
Households,All non-financial assets,2018,8588438
Households,All non-financial assets,2019,8875761
Households,All non-financial assets,2020,9802659
Households,All non-financial assets,2021,10970334
Households,All non-financial assets,2022,11667481
Households,All non-financial assets,2023,10959977
Households,All non-financial assets,2024,11065200
Households,All non-financial assets,2025,11258593
Households,Produced non-financial assets ,1980,395030
Households,Produced non-financial assets ,1981,432905
Households,Produced non-financial assets ,1982,474552
Households,Produced non-financial assets ,1983,521325
Households,Produced non-financial assets ,1984,575932
Households,Produced non-financial assets ,1985,596408
Households,Produced non-financial assets ,1986,646097
Households,Produced non-financial assets ,1987,734449
Households,Produced non-financial assets ,1988,875815
Households,Produced non-financial assets ,1989,998950
Households,Produced non-financial assets ,1990,1160370
Households,Produced non-financial assets ,1991,1239879
Households,Produced non-financial assets ,1992,1193481
Households,Produced non-financial assets ,1993,1227187
Households,Produced non-financial assets ,1994,1183368
Households,Produced non-financial assets ,1995,1153098
Households,Produced non-financial assets ,1996,1225521
Households,Produced non-financial assets ,1997,1366727
Households,Produced non-financial assets ,1998,1466679
Households,Produced non-financial assets ,1999,1520058
Households,Produced non-financial assets ,2000,1731432
Households,Produced non-financial assets ,2001,1857343
Households,Produced non-financial assets ,2002,1949013
Households,Produced non-financial assets ,2003,2041026
Households,Produced non-financial assets ,2004,2217055
Households,Produced non-financial assets ,2005,2352216
Households,Produced non-financial assets ,2006,2525333
Households,Produced non-financial assets ,2007,2747194
Households,Produced non-financial assets ,2008,3003689
Households,Produced non-financial assets ,2009,3115245
Households,Produced non-financial assets ,2010,3206389
Households,Produced non-financial assets ,2011,3335142
Households,Produced non-financial assets ,2012,3391028
Households,Produced non-financial assets ,2013,3446878
Households,Produced non-financial assets ,2014,3666445
Households,Produced non-financial assets ,2015,3847086
Households,Produced non-financial assets ,2016,4203691
Households,Produced non-financial assets ,2017,4478054
Households,Produced non-financial assets ,2018,4550297
Households,Produced non-financial assets ,2019,4626331
Households,Produced non-financial assets ,2020,5169138
Households,Produced non-financial assets ,2021,5527342
Households,Produced non-financial assets ,2022,5871419
Households,Produced non-financial assets ,2023,5949465
Households,Produced non-financial assets ,2024,5812629
Households,Produced non-financial assets ,2025,6021117
Households,Fixed assets by type of assets and inventories  (AN11+AN12),1980,395030
Households,Fixed assets by type of assets and inventories  (AN11+AN12),1981,432905
Households,Fixed assets by type of assets and inventories  (AN11+AN12),1982,474552
Households,Fixed assets by type of assets and inventories  (AN11+AN12),1983,521325
Households,Fixed assets by type of assets and inventories  (AN11+AN12),1984,575932
Households,Fixed assets by type of assets and inventories  (AN11+AN12),1985,596408
Households,Fixed assets by type of assets and inventories  (AN11+AN12),1986,646097
Households,Fixed assets by type of assets and inventories  (AN11+AN12),1987,734449
Households,Fixed assets by type of assets and inventories  (AN11+AN12),1988,875815
Households,Fixed assets by type of assets and inventories  (AN11+AN12),1989,998950
Households,Fixed assets by type of assets and inventories  (AN11+AN12),1990,1160370
Households,Fixed assets by type of assets and inventories  (AN11+AN12),1991,1239879
Households,Fixed assets by type of assets and inventories  (AN11+AN12),1992,1193481
Households,Fixed assets by type of assets and inventories  (AN11+AN12),1993,1227187
Households,Fixed assets by type of assets and inventories  (AN11+AN12),1994,1183368
Households,Fixed assets by type of assets and inventories  (AN11+AN12),1995,1153098
Households,Fixed assets by type of assets and inventories  (AN11+AN12),1996,1225521
Households,Fixed assets by type of assets and inventories  (AN11+AN12),1997,1366727
Households,Fixed assets by type of assets and inventories  (AN11+AN12),1998,1466679
Households,Fixed assets by type of assets and inventories  (AN11+AN12),1999,1520058
Households,Fixed assets by type of assets and inventories  (AN11+AN12),2000,1731432
Households,Fixed assets by type of assets and inventories  (AN11+AN12),2001,1857343
Households,Fixed assets by type of assets and inventories  (AN11+AN12),2002,1949013
Households,Fixed assets by type of assets and inventories  (AN11+AN12),2003,2041026
Households,Fixed assets by type of assets and inventories  (AN11+AN12),2004,2217055
Households,Fixed assets by type of assets and inventories  (AN11+AN12),2005,2352216
Households,Fixed assets by type of assets and inventories  (AN11+AN12),2006,2525333
Households,Fixed assets by type of assets and inventories  (AN11+AN12),2007,2747194
Households,Fixed assets by type of assets and inventories  (AN11+AN12),2008,3003689
Households,Fixed assets by type of assets and inventories  (AN11+AN12),2009,3115245
Households,Fixed assets by type of assets and inventories  (AN11+AN12),2010,3206389
Households,Fixed assets by type of assets and inventories  (AN11+AN12),2011,3335142
Households,Fixed assets by type of assets and inventories  (AN11+AN12),2012,3391028
Households,Fixed assets by type of assets and inventories  (AN11+AN12),2013,3446878
Households,Fixed assets by type of assets and inventories  (AN11+AN12),2014,3666445
Households,Fixed assets by type of assets and inventories  (AN11+AN12),2015,3847086
Households,Fixed assets by type of assets and inventories  (AN11+AN12),2016,4203691
Households,Fixed assets by type of assets and inventories  (AN11+AN12),2017,4478054
Households,Fixed assets by type of assets and inventories  (AN11+AN12),2018,4550297
Households,Fixed assets by type of assets and inventories  (AN11+AN12),2019,4626331
Households,Fixed assets by type of assets and inventories  (AN11+AN12),2020,5169138
Households,Fixed assets by type of assets and inventories  (AN11+AN12),2021,5527342
Households,Fixed assets by type of assets and inventories  (AN11+AN12),2022,5871419
Households,Fixed assets by type of assets and inventories  (AN11+AN12),2023,5949465
Households,Fixed assets by type of assets and inventories  (AN11+AN12),2024,5812629
Households,Fixed assets by type of assets and inventories  (AN11+AN12),2025,6021117
Households,Fixed assets by type of asset ,1980,343699
Households,Fixed assets by type of asset ,1981,380872
Households,Fixed assets by type of asset ,1982,419628
Households,Fixed assets by type of asset ,1983,465526
Households,Fixed assets by type of asset ,1984,515757
Households,Fixed assets by type of asset ,1985,537393
Households,Fixed assets by type of asset ,1986,578074
Households,Fixed assets by type of asset ,1987,649506
Households,Fixed assets by type of asset ,1988,776435
Households,Fixed assets by type of asset ,1989,879298
Households,Fixed assets by type of asset ,1990,1055670
Households,Fixed assets by type of asset ,1991,1132587
Households,Fixed assets by type of asset ,1992,1093482
Households,Fixed assets by type of asset ,1993,1114553
Households,Fixed assets by type of asset ,1994,1067154
Households,Fixed assets by type of asset ,1995,1032133
Households,Fixed assets by type of asset ,1996,1087676
Households,Fixed assets by type of asset ,1997,1214446
Households,Fixed assets by type of asset ,1998,1298747
Households,Fixed assets by type of asset ,1999,1336681
Households,Fixed assets by type of asset ,2000,1532110
Households,Fixed assets by type of asset ,2001,1644215
Households,Fixed assets by type of asset ,2002,1720942
Households,Fixed assets by type of asset ,2003,1787919
Households,Fixed assets by type of asset ,2004,1943483
Households,Fixed assets by type of asset ,2005,2023927
Households,Fixed assets by type of asset ,2006,2171716
Households,Fixed assets by type of asset ,2007,2351211
Households,Fixed assets by type of asset ,2008,2554247
Households,Fixed assets by type of asset ,2009,2651190
Households,Fixed assets by type of asset ,2010,2723895
Households,Fixed assets by type of asset ,2011,2785509
Households,Fixed assets by type of asset ,2012,2833835
Households,Fixed assets by type of asset ,2013,2902119
Households,Fixed assets by type of asset ,2014,3050289
Households,Fixed assets by type of asset ,2015,3197427
Households,Fixed assets by type of asset ,2016,3509524
Households,Fixed assets by type of asset ,2017,3767793
Households,Fixed assets by type of asset ,2018,3789820
Households,Fixed assets by type of asset ,2019,3856174
Households,Fixed assets by type of asset ,2020,4338319
Households,Fixed assets by type of asset ,2021,4604185
Households,Fixed assets by type of asset ,2022,4885728
Households,Fixed assets by type of asset ,2023,5013511
Households,Fixed assets by type of asset ,2024,4867263
Households,Fixed assets by type of asset ,2025,5070911
Households,Dwellings  and other buildings and structures (AN111+AN112),1980,305307
Households,Dwellings  and other buildings and structures (AN111+AN112),1981,339491
Households,Dwellings  and other buildings and structures (AN111+AN112),1982,373329
Households,Dwellings  and other buildings and structures (AN111+AN112),1983,414631
Households,Dwellings  and other buildings and structures (AN111+AN112),1984,461782
Households,Dwellings  and other buildings and structures (AN111+AN112),1985,478670
Households,Dwellings  and other buildings and structures (AN111+AN112),1986,516330
Households,Dwellings  and other buildings and structures (AN111+AN112),1987,583416
Households,Dwellings  and other buildings and structures (AN111+AN112),1988,705553
Households,Dwellings  and other buildings and structures (AN111+AN112),1989,803892
Households,Dwellings  and other buildings and structures (AN111+AN112),1990,973706
Households,Dwellings  and other buildings and structures (AN111+AN112),1991,1055141
Households,Dwellings  and other buildings and structures (AN111+AN112),1992,1016896
Households,Dwellings  and other buildings and structures (AN111+AN112),1993,1045216
Households,Dwellings  and other buildings and structures (AN111+AN112),1994,996992
Households,Dwellings  and other buildings and structures (AN111+AN112),1995,959212
Households,Dwellings  and other buildings and structures (AN111+AN112),1996,1012819
Households,Dwellings  and other buildings and structures (AN111+AN112),1997,1137736
Households,Dwellings  and other buildings and structures (AN111+AN112),1998,1218374
Households,Dwellings  and other buildings and structures (AN111+AN112),1999,1252946
Households,Dwellings  and other buildings and structures (AN111+AN112),2000,1447392
Households,Dwellings  and other buildings and structures (AN111+AN112),2001,1554552
Households,Dwellings  and other buildings and structures (AN111+AN112),2002,1625240
Households,Dwellings  and other buildings and structures (AN111+AN112),2003,1691372
Households,Dwellings  and other buildings and structures (AN111+AN112),2004,1843459
Households,Dwellings  and other buildings and structures (AN111+AN112),2005,1914879
Households,Dwellings  and other buildings and structures (AN111+AN112),2006,2055442
Households,Dwellings  and other buildings and structures (AN111+AN112),2007,2228119
Households,Dwellings  and other buildings and structures (AN111+AN112),2008,2423787
Households,Dwellings  and other buildings and structures (AN111+AN112),2009,2519755
Households,Dwellings  and other buildings and structures (AN111+AN112),2010,2591270
Households,Dwellings  and other buildings and structures (AN111+AN112),2011,2649432
Households,Dwellings  and other buildings and structures (AN111+AN112),2012,2701723
Households,Dwellings  and other buildings and structures (AN111+AN112),2013,2771610
Households,Dwellings  and other buildings and structures (AN111+AN112),2014,2921322
Households,Dwellings  and other buildings and structures (AN111+AN112),2015,3072525
Households,Dwellings  and other buildings and structures (AN111+AN112),2016,3383858
Households,Dwellings  and other buildings and structures (AN111+AN112),2017,3638272
Households,Dwellings  and other buildings and structures (AN111+AN112),2018,3651283
Households,Dwellings  and other buildings and structures (AN111+AN112),2019,3711737
Households,Dwellings  and other buildings and structures (AN111+AN112),2020,4194599
Households,Dwellings  and other buildings and structures (AN111+AN112),2021,4449958
Households,Dwellings  and other buildings and structures (AN111+AN112),2022,4714497
Households,Dwellings  and other buildings and structures (AN111+AN112),2023,4837550
Households,Dwellings  and other buildings and structures (AN111+AN112),2024,4688015
Households,Dwellings  and other buildings and structures (AN111+AN112),2025,4893934
Households,Dwellings ,1980,245221
Households,Dwellings ,1981,257226
Households,Dwellings ,1982,293510
Households,Dwellings ,1983,317630
Households,Dwellings ,1984,353083
Households,Dwellings ,1985,362830
Households,Dwellings ,1986,334147
Households,Dwellings ,1987,351242
Households,Dwellings ,1988,429903
Households,Dwellings ,1989,502671
Households,Dwellings ,1990,726453
Households,Dwellings ,1991,1008177
Households,Dwellings ,1992,967367
Households,Dwellings ,1993,963829
Households,Dwellings ,1994,916754
Households,Dwellings ,1995,875703
Households,Dwellings ,1996,929020
Households,Dwellings ,1997,1051298
Households,Dwellings ,1998,1129175
Households,Dwellings ,1999,1160687
Households,Dwellings ,2000,1351539
Households,Dwellings ,2001,1456032
Households,Dwellings ,2002,1519595
Households,Dwellings ,2003,1581602
Households,Dwellings ,2004,1726498
Households,Dwellings ,2005,1792765
Households,Dwellings ,2006,1921402
Households,Dwellings ,2007,2083701
Households,Dwellings ,2008,2265603
Households,Dwellings ,2009,2352657
Households,Dwellings ,2010,2410748
Households,Dwellings ,2011,2460524
Households,Dwellings ,2012,2506439
Households,Dwellings ,2013,2567122
Households,Dwellings ,2014,2709086
Households,Dwellings ,2015,2855276
Households,Dwellings ,2016,3158929
Households,Dwellings ,2017,3398775
Households,Dwellings ,2018,3396438
Households,Dwellings ,2019,3444912
Households,Dwellings ,2020,3909626
Households,Dwellings ,2021,4118242
Households,Dwellings ,2022,4344192
Households,Dwellings ,2023,4444075
Households,Dwellings ,2024,4283541
Households,Dwellings ,2025,4478494
Households,Multi-dwelling buildings,1980,15009
Households,Multi-dwelling buildings,1981,10598
Households,Multi-dwelling buildings,1982,12545
Households,Multi-dwelling buildings,1983,13535
Households,Multi-dwelling buildings,1984,13113
Households,Multi-dwelling buildings,1985,12151
Households,Multi-dwelling buildings,1986,11751
Households,Multi-dwelling buildings,1987,17278
Households,Multi-dwelling buildings,1988,16655
Households,Multi-dwelling buildings,1989,10159
Households,Multi-dwelling buildings,1990,43156
Households,Multi-dwelling buildings,1991,60378
Households,Multi-dwelling buildings,1992,69179
Households,Multi-dwelling buildings,1993,67822
Households,Multi-dwelling buildings,1994,64241
Households,Multi-dwelling buildings,1995,66162
Households,Multi-dwelling buildings,1996,61318
Households,Multi-dwelling buildings,1997,63374
Households,Multi-dwelling buildings,1998,66409
Households,Multi-dwelling buildings,1999,80320
Households,Multi-dwelling buildings,2000,86842
Households,Multi-dwelling buildings,2001,97721
Households,Multi-dwelling buildings,2002,99085
Households,Multi-dwelling buildings,2003,101697
Households,Multi-dwelling buildings,2004,96500
Households,Multi-dwelling buildings,2005,102743
Households,Multi-dwelling buildings,2006,109233
Households,Multi-dwelling buildings,2007,114175
Households,Multi-dwelling buildings,2008,116944
Households,Multi-dwelling buildings,2009,123405
Households,Multi-dwelling buildings,2010,128002
Households,Multi-dwelling buildings,2011,126267
Households,Multi-dwelling buildings,2012,135219
Households,Multi-dwelling buildings,2013,132641
Households,Multi-dwelling buildings,2014,133913
Households,Multi-dwelling buildings,2015,194186
Households,Multi-dwelling buildings,2016,203706
Households,Multi-dwelling buildings,2017,207891
Households,Multi-dwelling buildings,2018,208640
Households,Multi-dwelling buildings,2019,211295
Households,Multi-dwelling buildings,2020,212754
Households,Multi-dwelling buildings,2021,206134
Households,Multi-dwelling buildings,2022,211492
Households,Multi-dwelling buildings,2023,202733
Households,Multi-dwelling buildings,2024,218642
Households,Multi-dwelling buildings,2025,239908
Households,One- or two-dwelling buildings,1980,207572
Households,One- or two-dwelling buildings,1981,221060
Households,One- or two-dwelling buildings,1982,251353
Households,One- or two-dwelling buildings,1983,271428
Households,One- or two-dwelling buildings,1984,304158
Households,One- or two-dwelling buildings,1985,308072
Households,One- or two-dwelling buildings,1986,294559
Households,One- or two-dwelling buildings,1987,304313
Households,One- or two-dwelling buildings,1988,374342
Households,One- or two-dwelling buildings,1989,448890
Households,One- or two-dwelling buildings,1990,627991
Households,One- or two-dwelling buildings,1991,836390
Households,One- or two-dwelling buildings,1992,789084
Households,One- or two-dwelling buildings,1993,819734
Households,One- or two-dwelling buildings,1994,779156
Households,One- or two-dwelling buildings,1995,733591
Households,One- or two-dwelling buildings,1996,789572
Households,One- or two-dwelling buildings,1997,907313
Households,One- or two-dwelling buildings,1998,978775
Households,One- or two-dwelling buildings,1999,996483
Households,One- or two-dwelling buildings,2000,1170354
Households,One- or two-dwelling buildings,2001,1266283
Households,One- or two-dwelling buildings,2002,1318288
Households,One- or two-dwelling buildings,2003,1372644
Households,One- or two-dwelling buildings,2004,1519983
Households,One- or two-dwelling buildings,2005,1562539
Households,One- or two-dwelling buildings,2006,1680497
Households,One- or two-dwelling buildings,2007,1827971
Households,One- or two-dwelling buildings,2008,1994536
Households,One- or two-dwelling buildings,2009,2067722
Households,One- or two-dwelling buildings,2010,2116144
Households,One- or two-dwelling buildings,2011,2160218
Households,One- or two-dwelling buildings,2012,2193701
Households,One- or two-dwelling buildings,2013,2251497
Households,One- or two-dwelling buildings,2014,2383019
Households,One- or two-dwelling buildings,2015,2460575
Households,One- or two-dwelling buildings,2016,2742264
Households,One- or two-dwelling buildings,2017,2966460
Households,One- or two-dwelling buildings,2018,2952235
Households,One- or two-dwelling buildings,2019,2996480
Households,One- or two-dwelling buildings,2020,3451952
Households,One- or two-dwelling buildings,2021,3659306
Households,One- or two-dwelling buildings,2022,3868927
Households,One- or two-dwelling buildings,2023,3963925
Households,One- or two-dwelling buildings,2024,3770057
Households,One- or two-dwelling buildings,2025,3931146
Households,Dwellings for seasonal or secondary use,1980,22640
Households,Dwellings for seasonal or secondary use,1981,25568
Households,Dwellings for seasonal or secondary use,1982,29612
Households,Dwellings for seasonal or secondary use,1983,32667
Households,Dwellings for seasonal or secondary use,1984,35812
Households,Dwellings for seasonal or secondary use,1985,42607
Households,Dwellings for seasonal or secondary use,1986,27837
Households,Dwellings for seasonal or secondary use,1987,29651
Households,Dwellings for seasonal or secondary use,1988,38906
Households,Dwellings for seasonal or secondary use,1989,43622
Households,Dwellings for seasonal or secondary use,1990,55306
Households,Dwellings for seasonal or secondary use,1991,111409
Households,Dwellings for seasonal or secondary use,1992,109104
Households,Dwellings for seasonal or secondary use,1993,76273
Households,Dwellings for seasonal or secondary use,1994,73357
Households,Dwellings for seasonal or secondary use,1995,75950
Households,Dwellings for seasonal or secondary use,1996,78130
Households,Dwellings for seasonal or secondary use,1997,80611
Households,Dwellings for seasonal or secondary use,1998,83991
Households,Dwellings for seasonal or secondary use,1999,83884
Households,Dwellings for seasonal or secondary use,2000,94343
Households,Dwellings for seasonal or secondary use,2001,92028
Households,Dwellings for seasonal or secondary use,2002,102222
Households,Dwellings for seasonal or secondary use,2003,107261
Households,Dwellings for seasonal or secondary use,2004,110015
Households,Dwellings for seasonal or secondary use,2005,127483
Households,Dwellings for seasonal or secondary use,2006,131672
Households,Dwellings for seasonal or secondary use,2007,141555
Households,Dwellings for seasonal or secondary use,2008,154123
Households,Dwellings for seasonal or secondary use,2009,161530
Households,Dwellings for seasonal or secondary use,2010,166602
Households,Dwellings for seasonal or secondary use,2011,174039
Households,Dwellings for seasonal or secondary use,2012,177519
Households,Dwellings for seasonal or secondary use,2013,182984
Households,Dwellings for seasonal or secondary use,2014,192154
Households,Dwellings for seasonal or secondary use,2015,200515
Households,Dwellings for seasonal or secondary use,2016,212959
Households,Dwellings for seasonal or secondary use,2017,224424
Households,Dwellings for seasonal or secondary use,2018,235563
Households,Dwellings for seasonal or secondary use,2019,237137
Households,Dwellings for seasonal or secondary use,2020,244920
Households,Dwellings for seasonal or secondary use,2021,252802
Households,Dwellings for seasonal or secondary use,2022,263773
Households,Dwellings for seasonal or secondary use,2023,277417
Households,Dwellings for seasonal or secondary use,2024,294842
Households,Dwellings for seasonal or secondary use,2025,307440
Households,Other buildings and structures ,1980,60086
Households,Other buildings and structures ,1981,82265
Households,Other buildings and structures ,1982,79819
Households,Other buildings and structures ,1983,97001
Households,Other buildings and structures ,1984,108699
Households,Other buildings and structures ,1985,115840
Households,Other buildings and structures ,1986,182183
Households,Other buildings and structures ,1987,232174
Households,Other buildings and structures ,1988,275650
Households,Other buildings and structures ,1989,301221
Households,Other buildings and structures ,1990,247253
Households,Other buildings and structures ,1991,46964
Households,Other buildings and structures ,1992,49529
Households,Other buildings and structures ,1993,81387
Households,Other buildings and structures ,1994,80238
Households,Other buildings and structures ,1995,83509
Households,Other buildings and structures ,1996,83799
Households,Other buildings and structures ,1997,86438
Households,Other buildings and structures ,1998,89199
Households,Other buildings and structures ,1999,92259
Households,Other buildings and structures ,2000,95853
Households,Other buildings and structures ,2001,98520
Households,Other buildings and structures ,2002,105645
Households,Other buildings and structures ,2003,109770
Households,Other buildings and structures ,2004,116961
Households,Other buildings and structures ,2005,122114
Households,Other buildings and structures ,2006,134040
Households,Other buildings and structures ,2007,144418
Households,Other buildings and structures ,2008,158184
Households,Other buildings and structures ,2009,167098
Households,Other buildings and structures ,2010,180522
Households,Other buildings and structures ,2011,188908
Households,Other buildings and structures ,2012,195284
Households,Other buildings and structures ,2013,204488
Households,Other buildings and structures ,2014,212236
Households,Other buildings and structures ,2015,217249
Households,Other buildings and structures ,2016,224929
Households,Other buildings and structures ,2017,239497
Households,Other buildings and structures ,2018,254845
Households,Other buildings and structures ,2019,266825
Households,Other buildings and structures ,2020,284973
Households,Other buildings and structures ,2021,331716
Households,Other buildings and structures ,2022,370305
Households,Other buildings and structures ,2023,393475
Households,Other buildings and structures ,2024,404474
Households,Other buildings and structures ,2025,415440
Households,Buildings other than dwellings ,1980,42368
Households,Buildings other than dwellings ,1981,58007
Households,Buildings other than dwellings ,1982,56282
Households,Buildings other than dwellings ,1983,68397
Households,Buildings other than dwellings ,1984,76646
Households,Buildings other than dwellings ,1985,81681
Households,Buildings other than dwellings ,1986,128461
Households,Buildings other than dwellings ,1987,163710
Households,Buildings other than dwellings ,1988,194366
Households,Buildings other than dwellings ,1989,212396
Households,Buildings other than dwellings ,1990,174343
Households,Buildings other than dwellings ,1991,33115
Households,Buildings other than dwellings ,1992,34924
Households,Buildings other than dwellings ,1993,58936
Households,Buildings other than dwellings ,1994,56738
Households,Buildings other than dwellings ,1995,58597
Households,Buildings other than dwellings ,1996,58683
Households,Buildings other than dwellings ,1997,61563
Households,Buildings other than dwellings ,1998,64130
Households,Buildings other than dwellings ,1999,67710
Households,Buildings other than dwellings ,2000,70933
Households,Buildings other than dwellings ,2001,73550
Households,Buildings other than dwellings ,2002,80235
Households,Buildings other than dwellings ,2003,84355
Households,Buildings other than dwellings ,2004,91058
Households,Buildings other than dwellings ,2005,96684
Households,Buildings other than dwellings ,2006,107127
Households,Buildings other than dwellings ,2007,117290
Households,Buildings other than dwellings ,2008,129855
Households,Buildings other than dwellings ,2009,138830
Households,Buildings other than dwellings ,2010,151668
Households,Buildings other than dwellings ,2011,160042
Households,Buildings other than dwellings ,2012,166834
Households,Buildings other than dwellings ,2013,177665
Households,Buildings other than dwellings ,2014,184133
Households,Buildings other than dwellings ,2015,188983
Households,Buildings other than dwellings ,2016,196423
Households,Buildings other than dwellings ,2017,210675
Households,Buildings other than dwellings ,2018,224959
Households,Buildings other than dwellings ,2019,236322
Households,Buildings other than dwellings ,2020,251953
Households,Buildings other than dwellings ,2021,290988
Households,Buildings other than dwellings ,2022,327610
Households,Buildings other than dwellings ,2023,349512
Households,Buildings other than dwellings ,2024,360989
Households,Buildings other than dwellings ,2025,372496
Households,Other structures ,1980,17718
Households,Other structures ,1981,24258
Households,Other structures ,1982,23537
Households,Other structures ,1983,28604
Households,Other structures ,1984,32053
Households,Other structures ,1985,34159
Households,Other structures ,1986,53722
Households,Other structures ,1987,68464
Households,Other structures ,1988,81284
Households,Other structures ,1989,88825
Households,Other structures ,1990,72910
Households,Other structures ,1991,13849
Households,Other structures ,1992,14605
Households,Other structures ,1993,22451
Households,Other structures ,1994,23500
Households,Other structures ,1995,24912
Households,Other structures ,1996,25116
Households,Other structures ,1997,24875
Households,Other structures ,1998,25069
Households,Other structures ,1999,24549
Households,Other structures ,2000,24920
Households,Other structures ,2001,24970
Households,Other structures ,2002,25410
Households,Other structures ,2003,25415
Households,Other structures ,2004,25903
Households,Other structures ,2005,25430
Households,Other structures ,2006,26913
Households,Other structures ,2007,27128
Households,Other structures ,2008,28329
Households,Other structures ,2009,28268
Households,Other structures ,2010,28854
Households,Other structures ,2011,28866
Households,Other structures ,2012,28450
Households,Other structures ,2013,26823
Households,Other structures ,2014,28103
Households,Other structures ,2015,28266
Households,Other structures ,2016,28506
Households,Other structures ,2017,28822
Households,Other structures ,2018,29886
Households,Other structures ,2019,30503
Households,Other structures ,2020,33020
Households,Other structures ,2021,40728
Households,Other structures ,2022,42695
Households,Other structures ,2023,43963
Households,Other structures ,2024,43485
Households,Other structures ,2025,42944
Households,Machinery and equipment + Weapons systems (AN113+AN114),1980,27749
Households,Machinery and equipment + Weapons systems (AN113+AN114),1981,29829
Households,Machinery and equipment + Weapons systems (AN113+AN114),1982,33923
Households,Machinery and equipment + Weapons systems (AN113+AN114),1983,37024
Households,Machinery and equipment + Weapons systems (AN113+AN114),1984,38904
Households,Machinery and equipment + Weapons systems (AN113+AN114),1985,42044
Households,Machinery and equipment + Weapons systems (AN113+AN114),1986,44242
Households,Machinery and equipment + Weapons systems (AN113+AN114),1987,47414
Households,Machinery and equipment + Weapons systems (AN113+AN114),1988,50952
Households,Machinery and equipment + Weapons systems (AN113+AN114),1989,54913
Households,Machinery and equipment + Weapons systems (AN113+AN114),1990,61192
Households,Machinery and equipment + Weapons systems (AN113+AN114),1991,55177
Households,Machinery and equipment + Weapons systems (AN113+AN114),1992,53726
Households,Machinery and equipment + Weapons systems (AN113+AN114),1993,45871
Households,Machinery and equipment + Weapons systems (AN113+AN114),1994,46549
Households,Machinery and equipment + Weapons systems (AN113+AN114),1995,48121
Households,Machinery and equipment + Weapons systems (AN113+AN114),1996,49519
Households,Machinery and equipment + Weapons systems (AN113+AN114),1997,51579
Households,Machinery and equipment + Weapons systems (AN113+AN114),1998,54716
Households,Machinery and equipment + Weapons systems (AN113+AN114),1999,58644
Households,Machinery and equipment + Weapons systems (AN113+AN114),2000,60690
Households,Machinery and equipment + Weapons systems (AN113+AN114),2001,64331
Households,Machinery and equipment + Weapons systems (AN113+AN114),2002,68548
Households,Machinery and equipment + Weapons systems (AN113+AN114),2003,69728
Households,Machinery and equipment + Weapons systems (AN113+AN114),2004,74218
Households,Machinery and equipment + Weapons systems (AN113+AN114),2005,81649
Households,Machinery and equipment + Weapons systems (AN113+AN114),2006,87288
Households,Machinery and equipment + Weapons systems (AN113+AN114),2007,93323
Households,Machinery and equipment + Weapons systems (AN113+AN114),2008,100709
Households,Machinery and equipment + Weapons systems (AN113+AN114),2009,100035
Households,Machinery and equipment + Weapons systems (AN113+AN114),2010,99669
Households,Machinery and equipment + Weapons systems (AN113+AN114),2011,101063
Households,Machinery and equipment + Weapons systems (AN113+AN114),2012,97022
Households,Machinery and equipment + Weapons systems (AN113+AN114),2013,95458
Households,Machinery and equipment + Weapons systems (AN113+AN114),2014,93948
Households,Machinery and equipment + Weapons systems (AN113+AN114),2015,90897
Households,Machinery and equipment + Weapons systems (AN113+AN114),2016,92382
Households,Machinery and equipment + Weapons systems (AN113+AN114),2017,95856
Households,Machinery and equipment + Weapons systems (AN113+AN114),2018,101601
Households,Machinery and equipment + Weapons systems (AN113+AN114),2019,104349
Households,Machinery and equipment + Weapons systems (AN113+AN114),2020,103228
Households,Machinery and equipment + Weapons systems (AN113+AN114),2021,111486
Households,Machinery and equipment + Weapons systems (AN113+AN114),2022,123675
Households,Machinery and equipment + Weapons systems (AN113+AN114),2023,123734
Households,Machinery and equipment + Weapons systems (AN113+AN114),2024,125134
Households,Machinery and equipment + Weapons systems (AN113+AN114),2025,121920
Households,Cultivated biological resources ,1980,10051
Households,Cultivated biological resources ,1981,10877
Households,Cultivated biological resources ,1982,11659
Households,Cultivated biological resources ,1983,13045
Households,Cultivated biological resources ,1984,14137
Households,Cultivated biological resources ,1985,15654
Households,Cultivated biological resources ,1986,16389
Households,Cultivated biological resources ,1987,17473
Households,Cultivated biological resources ,1988,18636
Households,Cultivated biological resources ,1989,19034
Households,Cultivated biological resources ,1990,19168
Households,Cultivated biological resources ,1991,20429
Households,Cultivated biological resources ,1992,21176
Households,Cultivated biological resources ,1993,21702
Households,Cultivated biological resources ,1994,21805
Households,Cultivated biological resources ,1995,22805
Households,Cultivated biological resources ,1996,23218
Households,Cultivated biological resources ,1997,22816
Households,Cultivated biological resources ,1998,23011
Households,Cultivated biological resources ,1999,22268
Households,Cultivated biological resources ,2000,20988
Households,Cultivated biological resources ,2001,22252
Households,Cultivated biological resources ,2002,23863
Households,Cultivated biological resources ,2003,23461
Households,Cultivated biological resources ,2004,22280
Households,Cultivated biological resources ,2005,23790
Households,Cultivated biological resources ,2006,25203
Households,Cultivated biological resources ,2007,25757
Households,Cultivated biological resources ,2008,26194
Households,Cultivated biological resources ,2009,27330
Households,Cultivated biological resources ,2010,28558
Households,Cultivated biological resources ,2011,30539
Households,Cultivated biological resources ,2012,30884
Households,Cultivated biological resources ,2013,31220
Households,Cultivated biological resources ,2014,31412
Households,Cultivated biological resources ,2015,30523
Households,Cultivated biological resources ,2016,29402
Households,Cultivated biological resources ,2017,29293
Households,Cultivated biological resources ,2018,32250
Households,Cultivated biological resources ,2019,34810
Households,Cultivated biological resources ,2020,34279
Households,Cultivated biological resources ,2021,35594
Households,Cultivated biological resources ,2022,39310
Households,Cultivated biological resources ,2023,42072
Households,Cultivated biological resources ,2024,43164
Households,Cultivated biological resources ,2025,43271
Households,Intellectual property products ,1980,592
Households,Intellectual property products ,1981,675
Households,Intellectual property products ,1982,717
Households,Intellectual property products ,1983,826
Households,Intellectual property products ,1984,934
Households,Intellectual property products ,1985,1025
Households,Intellectual property products ,1986,1113
Households,Intellectual property products ,1987,1203
Households,Intellectual property products ,1988,1294
Households,Intellectual property products ,1989,1459
Households,Intellectual property products ,1990,1604
Households,Intellectual property products ,1991,1840
Households,Intellectual property products ,1992,1684
Households,Intellectual property products ,1993,1764
Households,Intellectual property products ,1994,1808
Households,Intellectual property products ,1995,1995
Households,Intellectual property products ,1996,2120
Households,Intellectual property products ,1997,2315
Households,Intellectual property products ,1998,2646
Households,Intellectual property products ,1999,2823
Households,Intellectual property products ,2000,3040
Households,Intellectual property products ,2001,3080
Households,Intellectual property products ,2002,3291
Households,Intellectual property products ,2003,3358
Households,Intellectual property products ,2004,3526
Households,Intellectual property products ,2005,3609
Households,Intellectual property products ,2006,3783
Households,Intellectual property products ,2007,4012
Households,Intellectual property products ,2008,3557
Households,Intellectual property products ,2009,4070
Households,Intellectual property products ,2010,4398
Households,Intellectual property products ,2011,4475
Households,Intellectual property products ,2012,4206
Households,Intellectual property products ,2013,3831
Households,Intellectual property products ,2014,3607
Households,Intellectual property products ,2015,3482
Households,Intellectual property products ,2016,3882
Households,Intellectual property products ,2017,4372
Households,Intellectual property products ,2018,4686
Households,Intellectual property products ,2019,5278
Households,Intellectual property products ,2020,6213
Households,Intellectual property products ,2021,7147
Households,Intellectual property products ,2022,8246
Households,Intellectual property products ,2023,10155
Households,Intellectual property products ,2024,10950
Households,Intellectual property products ,2025,11786
Households,Research and development ,1980,NA
Households,Research and development ,1981,NA
Households,Research and development ,1982,NA
Households,Research and development ,1983,NA
Households,Research and development ,1984,NA
Households,Research and development ,1985,NA
Households,Research and development ,1986,NA
Households,Research and development ,1987,NA
Households,Research and development ,1988,NA
Households,Research and development ,1989,NA
Households,Research and development ,1990,NA
Households,Research and development ,1991,NA
Households,Research and development ,1992,NA
Households,Research and development ,1993,NA
Households,Research and development ,1994,NA
Households,Research and development ,1995,NA
Households,Research and development ,1996,NA
Households,Research and development ,1997,NA
Households,Research and development ,1998,NA
Households,Research and development ,1999,NA
Households,Research and development ,2000,NA
Households,Research and development ,2001,NA
Households,Research and development ,2002,NA
Households,Research and development ,2003,NA
Households,Research and development ,2004,NA
Households,Research and development ,2005,NA
Households,Research and development ,2006,NA
Households,Research and development ,2007,NA
Households,Research and development ,2008,NA
Households,Research and development ,2009,NA
Households,Research and development ,2010,NA
Households,Research and development ,2011,NA
Households,Research and development ,2012,NA
Households,Research and development ,2013,NA
Households,Research and development ,2014,NA
Households,Research and development ,2015,NA
Households,Research and development ,2016,NA
Households,Research and development ,2017,NA
Households,Research and development ,2018,NA
Households,Research and development ,2019,NA
Households,Research and development ,2020,NA
Households,Research and development ,2021,NA
Households,Research and development ,2022,NA
Households,Research and development ,2023,NA
Households,Research and development ,2024,NA
Households,Research and development ,2025,NA
Households,Mineral exploration and evaluation ,1980,8
Households,Mineral exploration and evaluation ,1981,12
Households,Mineral exploration and evaluation ,1982,14
Households,Mineral exploration and evaluation ,1983,16
Households,Mineral exploration and evaluation ,1984,17
Households,Mineral exploration and evaluation ,1985,21
Households,Mineral exploration and evaluation ,1986,22
Households,Mineral exploration and evaluation ,1987,23
Households,Mineral exploration and evaluation ,1988,24
Households,Mineral exploration and evaluation ,1989,26
Households,Mineral exploration and evaluation ,1990,27
Households,Mineral exploration and evaluation ,1991,34
Households,Mineral exploration and evaluation ,1992,36
Households,Mineral exploration and evaluation ,1993,36
Households,Mineral exploration and evaluation ,1994,35
Households,Mineral exploration and evaluation ,1995,37
Households,Mineral exploration and evaluation ,1996,39
Households,Mineral exploration and evaluation ,1997,42
Households,Mineral exploration and evaluation ,1998,44
Households,Mineral exploration and evaluation ,1999,45
Households,Mineral exploration and evaluation ,2000,46
Households,Mineral exploration and evaluation ,2001,47
Households,Mineral exploration and evaluation ,2002,48
Households,Mineral exploration and evaluation ,2003,52
Households,Mineral exploration and evaluation ,2004,65
Households,Mineral exploration and evaluation ,2005,74
Households,Mineral exploration and evaluation ,2006,90
Households,Mineral exploration and evaluation ,2007,119
Households,Mineral exploration and evaluation ,2008,114
Households,Mineral exploration and evaluation ,2009,141
Households,Mineral exploration and evaluation ,2010,209
Households,Mineral exploration and evaluation ,2011,482
Households,Mineral exploration and evaluation ,2012,394
Households,Mineral exploration and evaluation ,2013,427
Households,Mineral exploration and evaluation ,2014,442
Households,Mineral exploration and evaluation ,2015,459
Households,Mineral exploration and evaluation ,2016,442
Households,Mineral exploration and evaluation ,2017,440
Households,Mineral exploration and evaluation ,2018,464
Households,Mineral exploration and evaluation ,2019,499
Households,Mineral exploration and evaluation ,2020,529
Households,Mineral exploration and evaluation ,2021,517
Households,Mineral exploration and evaluation ,2022,527
Households,Mineral exploration and evaluation ,2023,566
Households,Mineral exploration and evaluation ,2024,1140
Households,Mineral exploration and evaluation ,2025,1627
Households,Computer software and databases ,1980,475
Households,Computer software and databases ,1981,518
Households,Computer software and databases ,1982,526
Households,Computer software and databases ,1983,608
Households,Computer software and databases ,1984,699
Households,Computer software and databases ,1985,745
Households,Computer software and databases ,1986,818
Households,Computer software and databases ,1987,883
Households,Computer software and databases ,1988,957
Households,Computer software and databases ,1989,1090
Households,Computer software and databases ,1990,1207
Households,Computer software and databases ,1991,1354
Households,Computer software and databases ,1992,1182
Households,Computer software and databases ,1993,1175
Households,Computer software and databases ,1994,1169
Households,Computer software and databases ,1995,1316
Households,Computer software and databases ,1996,1414
Households,Computer software and databases ,1997,1564
Households,Computer software and databases ,1998,1833
Households,Computer software and databases ,1999,1935
Households,Computer software and databases ,2000,2066
Households,Computer software and databases ,2001,2018
Households,Computer software and databases ,2002,2182
Households,Computer software and databases ,2003,2214
Households,Computer software and databases ,2004,2355
Households,Computer software and databases ,2005,2510
Households,Computer software and databases ,2006,2641
Households,Computer software and databases ,2007,2791
Households,Computer software and databases ,2008,2701
Households,Computer software and databases ,2009,3333
Households,Computer software and databases ,2010,3663
Households,Computer software and databases ,2011,3290
Households,Computer software and databases ,2012,2996
Households,Computer software and databases ,2013,2807
Households,Computer software and databases ,2014,2654
Households,Computer software and databases ,2015,2586
Households,Computer software and databases ,2016,2950
Households,Computer software and databases ,2017,3346
Households,Computer software and databases ,2018,3547
Households,Computer software and databases ,2019,3938
Households,Computer software and databases ,2020,4755
Households,Computer software and databases ,2021,5860
Households,Computer software and databases ,2022,7048
Households,Computer software and databases ,2023,8887
Households,Computer software and databases ,2024,9126
Households,Computer software and databases ,2025,9486
Households,"Entertainment, literary or artistic originals ",1980,109
Households,"Entertainment, literary or artistic originals ",1981,145
Households,"Entertainment, literary or artistic originals ",1982,177
Households,"Entertainment, literary or artistic originals ",1983,202
Households,"Entertainment, literary or artistic originals ",1984,218
Households,"Entertainment, literary or artistic originals ",1985,259
Households,"Entertainment, literary or artistic originals ",1986,273
Households,"Entertainment, literary or artistic originals ",1987,297
Households,"Entertainment, literary or artistic originals ",1988,313
Households,"Entertainment, literary or artistic originals ",1989,343
Households,"Entertainment, literary or artistic originals ",1990,370
Households,"Entertainment, literary or artistic originals ",1991,452
Households,"Entertainment, literary or artistic originals ",1992,466
Households,"Entertainment, literary or artistic originals ",1993,553
Households,"Entertainment, literary or artistic originals ",1994,604
Households,"Entertainment, literary or artistic originals ",1995,642
Households,"Entertainment, literary or artistic originals ",1996,667
Households,"Entertainment, literary or artistic originals ",1997,709
Households,"Entertainment, literary or artistic originals ",1998,769
Households,"Entertainment, literary or artistic originals ",1999,843
Households,"Entertainment, literary or artistic originals ",2000,928
Households,"Entertainment, literary or artistic originals ",2001,1015
Households,"Entertainment, literary or artistic originals ",2002,1061
Households,"Entertainment, literary or artistic originals ",2003,1092
Households,"Entertainment, literary or artistic originals ",2004,1106
Households,"Entertainment, literary or artistic originals ",2005,1025
Households,"Entertainment, literary or artistic originals ",2006,1052
Households,"Entertainment, literary or artistic originals ",2007,1102
Households,"Entertainment, literary or artistic originals ",2008,742
Households,"Entertainment, literary or artistic originals ",2009,596
Households,"Entertainment, literary or artistic originals ",2010,526
Households,"Entertainment, literary or artistic originals ",2011,703
Households,"Entertainment, literary or artistic originals ",2012,816
Households,"Entertainment, literary or artistic originals ",2013,597
Households,"Entertainment, literary or artistic originals ",2014,511
Households,"Entertainment, literary or artistic originals ",2015,437
Households,"Entertainment, literary or artistic originals ",2016,490
Households,"Entertainment, literary or artistic originals ",2017,586
Households,"Entertainment, literary or artistic originals ",2018,675
Households,"Entertainment, literary or artistic originals ",2019,841
Households,"Entertainment, literary or artistic originals ",2020,929
Households,"Entertainment, literary or artistic originals ",2021,770
Households,"Entertainment, literary or artistic originals ",2022,671
Households,"Entertainment, literary or artistic originals ",2023,702
Households,"Entertainment, literary or artistic originals ",2024,684
Households,"Entertainment, literary or artistic originals ",2025,673
Households,Inventories by type of inventory ,1980,51331
Households,Inventories by type of inventory ,1981,52033
Households,Inventories by type of inventory ,1982,54924
Households,Inventories by type of inventory ,1983,55799
Households,Inventories by type of inventory ,1984,60175
Households,Inventories by type of inventory ,1985,59015
Households,Inventories by type of inventory ,1986,68023
Households,Inventories by type of inventory ,1987,84943
Households,Inventories by type of inventory ,1988,99380
Households,Inventories by type of inventory ,1989,119652
Households,Inventories by type of inventory ,1990,104700
Households,Inventories by type of inventory ,1991,107292
Households,Inventories by type of inventory ,1992,99999
Households,Inventories by type of inventory ,1993,112634
Households,Inventories by type of inventory ,1994,116214
Households,Inventories by type of inventory ,1995,120965
Households,Inventories by type of inventory ,1996,137845
Households,Inventories by type of inventory ,1997,152281
Households,Inventories by type of inventory ,1998,167932
Households,Inventories by type of inventory ,1999,183377
Households,Inventories by type of inventory ,2000,199322
Households,Inventories by type of inventory ,2001,213128
Households,Inventories by type of inventory ,2002,228071
Households,Inventories by type of inventory ,2003,253107
Households,Inventories by type of inventory ,2004,273572
Households,Inventories by type of inventory ,2005,328289
Households,Inventories by type of inventory ,2006,353617
Households,Inventories by type of inventory ,2007,395983
Households,Inventories by type of inventory ,2008,449442
Households,Inventories by type of inventory ,2009,464055
Households,Inventories by type of inventory ,2010,482494
Households,Inventories by type of inventory ,2011,549633
Households,Inventories by type of inventory ,2012,557193
Households,Inventories by type of inventory ,2013,544759
Households,Inventories by type of inventory ,2014,616156
Households,Inventories by type of inventory ,2015,649659
Households,Inventories by type of inventory ,2016,694167
Households,Inventories by type of inventory ,2017,710261
Households,Inventories by type of inventory ,2018,760477
Households,Inventories by type of inventory ,2019,770157
Households,Inventories by type of inventory ,2020,830819
Households,Inventories by type of inventory ,2021,923157
Households,Inventories by type of inventory ,2022,985691
Households,Inventories by type of inventory ,2023,935954
Households,Inventories by type of inventory ,2024,945366
Households,Inventories by type of inventory ,2025,950206
Households,"Inventories, materials and supplies",1980,NA
Households,"Inventories, materials and supplies",1981,NA
Households,"Inventories, materials and supplies",1982,NA
Households,"Inventories, materials and supplies",1983,NA
Households,"Inventories, materials and supplies",1984,NA
Households,"Inventories, materials and supplies",1985,NA
Households,"Inventories, materials and supplies",1986,NA
Households,"Inventories, materials and supplies",1987,NA
Households,"Inventories, materials and supplies",1988,NA
Households,"Inventories, materials and supplies",1989,NA
Households,"Inventories, materials and supplies",1990,NA
Households,"Inventories, materials and supplies",1991,NA
Households,"Inventories, materials and supplies",1992,NA
Households,"Inventories, materials and supplies",1993,NA
Households,"Inventories, materials and supplies",1994,NA
Households,"Inventories, materials and supplies",1995,NA
Households,"Inventories, materials and supplies",1996,NA
Households,"Inventories, materials and supplies",1997,NA
Households,"Inventories, materials and supplies",1998,NA
Households,"Inventories, materials and supplies",1999,NA
Households,"Inventories, materials and supplies",2000,NA
Households,"Inventories, materials and supplies",2001,NA
Households,"Inventories, materials and supplies",2002,NA
Households,"Inventories, materials and supplies",2003,NA
Households,"Inventories, materials and supplies",2004,NA
Households,"Inventories, materials and supplies",2005,NA
Households,"Inventories, materials and supplies",2006,NA
Households,"Inventories, materials and supplies",2007,NA
Households,"Inventories, materials and supplies",2008,NA
Households,"Inventories, materials and supplies",2009,NA
Households,"Inventories, materials and supplies",2010,NA
Households,"Inventories, materials and supplies",2011,NA
Households,"Inventories, materials and supplies",2012,NA
Households,"Inventories, materials and supplies",2013,NA
Households,"Inventories, materials and supplies",2014,NA
Households,"Inventories, materials and supplies",2015,NA
Households,"Inventories, materials and supplies",2016,NA
Households,"Inventories, materials and supplies",2017,NA
Households,"Inventories, materials and supplies",2018,NA
Households,"Inventories, materials and supplies",2019,NA
Households,"Inventories, materials and supplies",2020,NA
Households,"Inventories, materials and supplies",2021,NA
Households,"Inventories, materials and supplies",2022,NA
Households,"Inventories, materials and supplies",2023,NA
Households,"Inventories, materials and supplies",2024,NA
Households,"Inventories, materials and supplies",2025,NA
Households,"Inventories, work-in-progress",1980,43176
Households,"Inventories, work-in-progress",1981,43384
Households,"Inventories, work-in-progress",1982,44920
Households,"Inventories, work-in-progress",1983,45796
Households,"Inventories, work-in-progress",1984,50146
Households,"Inventories, work-in-progress",1985,49051
Households,"Inventories, work-in-progress",1986,58138
Households,"Inventories, work-in-progress",1987,75217
Households,"Inventories, work-in-progress",1988,89602
Households,"Inventories, work-in-progress",1989,109490
Households,"Inventories, work-in-progress",1990,94466
Households,"Inventories, work-in-progress",1991,97279
Households,"Inventories, work-in-progress",1992,89599
Households,"Inventories, work-in-progress",1993,102351
Households,"Inventories, work-in-progress",1994,105174
Households,"Inventories, work-in-progress",1995,108786
Households,"Inventories, work-in-progress",1996,124792
Households,"Inventories, work-in-progress",1997,138850
Households,"Inventories, work-in-progress",1998,153568
Households,"Inventories, work-in-progress",1999,168502
Households,"Inventories, work-in-progress",2000,183182
Households,"Inventories, work-in-progress",2001,197635
Households,"Inventories, work-in-progress",2002,211479
Households,"Inventories, work-in-progress",2003,235956
Households,"Inventories, work-in-progress",2004,256589
Households,"Inventories, work-in-progress",2005,306221
Households,"Inventories, work-in-progress",2006,332763
Households,"Inventories, work-in-progress",2007,372722
Households,"Inventories, work-in-progress",2008,427088
Households,"Inventories, work-in-progress",2009,443706
Households,"Inventories, work-in-progress",2010,461827
Households,"Inventories, work-in-progress",2011,529540
Households,"Inventories, work-in-progress",2012,538298
Households,"Inventories, work-in-progress",2013,525179
Households,"Inventories, work-in-progress",2014,596040
Households,"Inventories, work-in-progress",2015,629484
Households,"Inventories, work-in-progress",2016,671375
Households,"Inventories, work-in-progress",2017,685783
Households,"Inventories, work-in-progress",2018,736109
Households,"Inventories, work-in-progress",2019,744583
Households,"Inventories, work-in-progress",2020,806366
Households,"Inventories, work-in-progress",2021,895066
Households,"Inventories, work-in-progress",2022,950395
Households,"Inventories, work-in-progress",2023,901970
Households,"Inventories, work-in-progress",2024,910547
Households,"Inventories, work-in-progress",2025,915689
Households,"Inventories, work-in-progress on cultivated biological assets",1980,43176
Households,"Inventories, work-in-progress on cultivated biological assets",1981,43384
Households,"Inventories, work-in-progress on cultivated biological assets",1982,44920
Households,"Inventories, work-in-progress on cultivated biological assets",1983,45796
Households,"Inventories, work-in-progress on cultivated biological assets",1984,50146
Households,"Inventories, work-in-progress on cultivated biological assets",1985,49051
Households,"Inventories, work-in-progress on cultivated biological assets",1986,58138
Households,"Inventories, work-in-progress on cultivated biological assets",1987,75217
Households,"Inventories, work-in-progress on cultivated biological assets",1988,89602
Households,"Inventories, work-in-progress on cultivated biological assets",1989,109490
Households,"Inventories, work-in-progress on cultivated biological assets",1990,94466
Households,"Inventories, work-in-progress on cultivated biological assets",1991,97279
Households,"Inventories, work-in-progress on cultivated biological assets",1992,89341
Households,"Inventories, work-in-progress on cultivated biological assets",1993,98789
Households,"Inventories, work-in-progress on cultivated biological assets",1994,101388
Households,"Inventories, work-in-progress on cultivated biological assets",1995,104901
Households,"Inventories, work-in-progress on cultivated biological assets",1996,120741
Households,"Inventories, work-in-progress on cultivated biological assets",1997,134801
Households,"Inventories, work-in-progress on cultivated biological assets",1998,149485
Households,"Inventories, work-in-progress on cultivated biological assets",1999,164418
Households,"Inventories, work-in-progress on cultivated biological assets",2000,179057
Households,"Inventories, work-in-progress on cultivated biological assets",2001,193473
Households,"Inventories, work-in-progress on cultivated biological assets",2002,207349
Households,"Inventories, work-in-progress on cultivated biological assets",2003,231862
Households,"Inventories, work-in-progress on cultivated biological assets",2004,252376
Households,"Inventories, work-in-progress on cultivated biological assets",2005,302009
Households,"Inventories, work-in-progress on cultivated biological assets",2006,328350
Households,"Inventories, work-in-progress on cultivated biological assets",2007,368329
Households,"Inventories, work-in-progress on cultivated biological assets",2008,423031
Households,"Inventories, work-in-progress on cultivated biological assets",2009,440261
Households,"Inventories, work-in-progress on cultivated biological assets",2010,458911
Households,"Inventories, work-in-progress on cultivated biological assets",2011,526935
Households,"Inventories, work-in-progress on cultivated biological assets",2012,536118
Households,"Inventories, work-in-progress on cultivated biological assets",2013,523205
Households,"Inventories, work-in-progress on cultivated biological assets",2014,594286
Households,"Inventories, work-in-progress on cultivated biological assets",2015,627979
Households,"Inventories, work-in-progress on cultivated biological assets",2016,670018
Households,"Inventories, work-in-progress on cultivated biological assets",2017,684739
Households,"Inventories, work-in-progress on cultivated biological assets",2018,735151
Households,"Inventories, work-in-progress on cultivated biological assets",2019,743815
Households,"Inventories, work-in-progress on cultivated biological assets",2020,805972
Households,"Inventories, work-in-progress on cultivated biological assets",2021,894772
Households,"Inventories, work-in-progress on cultivated biological assets",2022,949513
Households,"Inventories, work-in-progress on cultivated biological assets",2023,901459
Households,"Inventories, work-in-progress on cultivated biological assets",2024,909899
Households,"Inventories, work-in-progress on cultivated biological assets",2025,915094
Households,"Inventories, other work-in-progress",1980,NA
Households,"Inventories, other work-in-progress",1981,NA
Households,"Inventories, other work-in-progress",1982,NA
Households,"Inventories, other work-in-progress",1983,NA
Households,"Inventories, other work-in-progress",1984,NA
Households,"Inventories, other work-in-progress",1985,NA
Households,"Inventories, other work-in-progress",1986,NA
Households,"Inventories, other work-in-progress",1987,NA
Households,"Inventories, other work-in-progress",1988,NA
Households,"Inventories, other work-in-progress",1989,NA
Households,"Inventories, other work-in-progress",1990,NA
Households,"Inventories, other work-in-progress",1991,NA
Households,"Inventories, other work-in-progress",1992,258
Households,"Inventories, other work-in-progress",1993,3562
Households,"Inventories, other work-in-progress",1994,3786
Households,"Inventories, other work-in-progress",1995,3885
Households,"Inventories, other work-in-progress",1996,4051
Households,"Inventories, other work-in-progress",1997,4049
Households,"Inventories, other work-in-progress",1998,4083
Households,"Inventories, other work-in-progress",1999,4084
Households,"Inventories, other work-in-progress",2000,4125
Households,"Inventories, other work-in-progress",2001,4162
Households,"Inventories, other work-in-progress",2002,4130
Households,"Inventories, other work-in-progress",2003,4094
Households,"Inventories, other work-in-progress",2004,4213
Households,"Inventories, other work-in-progress",2005,4212
Households,"Inventories, other work-in-progress",2006,4413
Households,"Inventories, other work-in-progress",2007,4393
Households,"Inventories, other work-in-progress",2008,4057
Households,"Inventories, other work-in-progress",2009,3445
Households,"Inventories, other work-in-progress",2010,2916
Households,"Inventories, other work-in-progress",2011,2605
Households,"Inventories, other work-in-progress",2012,2180
Households,"Inventories, other work-in-progress",2013,1974
Households,"Inventories, other work-in-progress",2014,1754
Households,"Inventories, other work-in-progress",2015,1505
Households,"Inventories, other work-in-progress",2016,1357
Households,"Inventories, other work-in-progress",2017,1044
Households,"Inventories, other work-in-progress",2018,958
Households,"Inventories, other work-in-progress",2019,768
Households,"Inventories, other work-in-progress",2020,394
Households,"Inventories, other work-in-progress",2021,294
Households,"Inventories, other work-in-progress",2022,882
Households,"Inventories, other work-in-progress",2023,511
Households,"Inventories, other work-in-progress",2024,648
Households,"Inventories, other work-in-progress",2025,595
Households,"Inventories, finished goods",1980,279
Households,"Inventories, finished goods",1981,397
Households,"Inventories, finished goods",1982,549
Households,"Inventories, finished goods",1983,606
Households,"Inventories, finished goods",1984,557
Households,"Inventories, finished goods",1985,490
Households,"Inventories, finished goods",1986,515
Households,"Inventories, finished goods",1987,644
Households,"Inventories, finished goods",1988,712
Households,"Inventories, finished goods",1989,932
Households,"Inventories, finished goods",1990,792
Households,"Inventories, finished goods",1991,594
Households,"Inventories, finished goods",1992,570
Households,"Inventories, finished goods",1993,316
Households,"Inventories, finished goods",1994,404
Households,"Inventories, finished goods",1995,851
Households,"Inventories, finished goods",1996,643
Households,"Inventories, finished goods",1997,545
Households,"Inventories, finished goods",1998,513
Households,"Inventories, finished goods",1999,443
Households,"Inventories, finished goods",2000,504
Households,"Inventories, finished goods",2001,506
Households,"Inventories, finished goods",2002,503
Households,"Inventories, finished goods",2003,460
Households,"Inventories, finished goods",2004,425
Households,"Inventories, finished goods",2005,3961
Households,"Inventories, finished goods",2006,2967
Households,"Inventories, finished goods",2007,3049
Households,"Inventories, finished goods",2008,2191
Households,"Inventories, finished goods",2009,844
Households,"Inventories, finished goods",2010,775
Households,"Inventories, finished goods",2011,887
Households,"Inventories, finished goods",2012,684
Households,"Inventories, finished goods",2013,647
Households,"Inventories, finished goods",2014,846
Households,"Inventories, finished goods",2015,827
Households,"Inventories, finished goods",2016,839
Households,"Inventories, finished goods",2017,723
Households,"Inventories, finished goods",2018,912
Households,"Inventories, finished goods",2019,1061
Households,"Inventories, finished goods",2020,944
Households,"Inventories, finished goods",2021,934
Households,"Inventories, finished goods",2022,1184
Households,"Inventories, finished goods",2023,1360
Households,"Inventories, finished goods",2024,1788
Households,"Inventories, finished goods",2025,2803
Households,"Inventories, military inventories",1980,NA
Households,"Inventories, military inventories",1981,NA
Households,"Inventories, military inventories",1982,NA
Households,"Inventories, military inventories",1983,NA
Households,"Inventories, military inventories",1984,NA
Households,"Inventories, military inventories",1985,NA
Households,"Inventories, military inventories",1986,NA
Households,"Inventories, military inventories",1987,NA
Households,"Inventories, military inventories",1988,NA
Households,"Inventories, military inventories",1989,NA
Households,"Inventories, military inventories",1990,NA
Households,"Inventories, military inventories",1991,NA
Households,"Inventories, military inventories",1992,NA
Households,"Inventories, military inventories",1993,NA
Households,"Inventories, military inventories",1994,NA
Households,"Inventories, military inventories",1995,NA
Households,"Inventories, military inventories",1996,NA
Households,"Inventories, military inventories",1997,NA
Households,"Inventories, military inventories",1998,NA
Households,"Inventories, military inventories",1999,NA
Households,"Inventories, military inventories",2000,NA
Households,"Inventories, military inventories",2001,NA
Households,"Inventories, military inventories",2002,NA
Households,"Inventories, military inventories",2003,NA
Households,"Inventories, military inventories",2004,NA
Households,"Inventories, military inventories",2005,NA
Households,"Inventories, military inventories",2006,NA
Households,"Inventories, military inventories",2007,NA
Households,"Inventories, military inventories",2008,NA
Households,"Inventories, military inventories",2009,NA
Households,"Inventories, military inventories",2010,NA
Households,"Inventories, military inventories",2011,NA
Households,"Inventories, military inventories",2012,NA
Households,"Inventories, military inventories",2013,NA
Households,"Inventories, military inventories",2014,NA
Households,"Inventories, military inventories",2015,NA
Households,"Inventories, military inventories",2016,NA
Households,"Inventories, military inventories",2017,NA
Households,"Inventories, military inventories",2018,NA
Households,"Inventories, military inventories",2019,NA
Households,"Inventories, military inventories",2020,NA
Households,"Inventories, military inventories",2021,NA
Households,"Inventories, military inventories",2022,NA
Households,"Inventories, military inventories",2023,NA
Households,"Inventories, military inventories",2024,NA
Households,"Inventories, military inventories",2025,NA
Households,"Inventories, goods for resale",1980,7876
Households,"Inventories, goods for resale",1981,8252
Households,"Inventories, goods for resale",1982,9455
Households,"Inventories, goods for resale",1983,9397
Households,"Inventories, goods for resale",1984,9472
Households,"Inventories, goods for resale",1985,9474
Households,"Inventories, goods for resale",1986,9370
Households,"Inventories, goods for resale",1987,9082
Households,"Inventories, goods for resale",1988,9066
Households,"Inventories, goods for resale",1989,9230
Households,"Inventories, goods for resale",1990,9442
Households,"Inventories, goods for resale",1991,9419
Households,"Inventories, goods for resale",1992,9830
Households,"Inventories, goods for resale",1993,9967
Households,"Inventories, goods for resale",1994,10636
Households,"Inventories, goods for resale",1995,11328
Households,"Inventories, goods for resale",1996,12410
Households,"Inventories, goods for resale",1997,12886
Households,"Inventories, goods for resale",1998,13851
Households,"Inventories, goods for resale",1999,14432
Households,"Inventories, goods for resale",2000,15636
Households,"Inventories, goods for resale",2001,14987
Households,"Inventories, goods for resale",2002,16089
Households,"Inventories, goods for resale",2003,16691
Households,"Inventories, goods for resale",2004,16558
Households,"Inventories, goods for resale",2005,18107
Households,"Inventories, goods for resale",2006,17887
Households,"Inventories, goods for resale",2007,20212
Households,"Inventories, goods for resale",2008,20163
Households,"Inventories, goods for resale",2009,19505
Households,"Inventories, goods for resale",2010,19892
Households,"Inventories, goods for resale",2011,19206
Households,"Inventories, goods for resale",2012,18211
Households,"Inventories, goods for resale",2013,18933
Households,"Inventories, goods for resale",2014,19270
Households,"Inventories, goods for resale",2015,19348
Households,"Inventories, goods for resale",2016,21953
Households,"Inventories, goods for resale",2017,23755
Households,"Inventories, goods for resale",2018,23456
Households,"Inventories, goods for resale",2019,24513
Households,"Inventories, goods for resale",2020,23509
Households,"Inventories, goods for resale",2021,27157
Households,"Inventories, goods for resale",2022,34112
Households,"Inventories, goods for resale",2023,32624
Households,"Inventories, goods for resale",2024,33031
Households,"Inventories, goods for resale",2025,31714
Households,Non-produced non-financial assets ,1980,271410
Households,Non-produced non-financial assets ,1981,265973
Households,Non-produced non-financial assets ,1982,253634
Households,Non-produced non-financial assets ,1983,252094
Households,Non-produced non-financial assets ,1984,251521
Households,Non-produced non-financial assets ,1985,279187
Households,Non-produced non-financial assets ,1986,352502
Households,Non-produced non-financial assets ,1987,449992
Households,Non-produced non-financial assets ,1988,527906
Households,Non-produced non-financial assets ,1989,639852
Households,Non-produced non-financial assets ,1990,563269
Households,Non-produced non-financial assets ,1991,397329
Households,Non-produced non-financial assets ,1992,316529
Households,Non-produced non-financial assets ,1993,359905
Households,Non-produced non-financial assets ,1994,380870
Households,Non-produced non-financial assets ,1995,384091
Households,Non-produced non-financial assets ,1996,390883
Households,Non-produced non-financial assets ,1997,408891
Households,Non-produced non-financial assets ,1998,423750
Households,Non-produced non-financial assets ,1999,521399
Households,Non-produced non-financial assets ,2000,503154
Households,Non-produced non-financial assets ,2001,565742
Households,Non-produced non-financial assets ,2002,586667
Households,Non-produced non-financial assets ,2003,905077
Households,Non-produced non-financial assets ,2004,1044252
Households,Non-produced non-financial assets ,2005,1334799
Households,Non-produced non-financial assets ,2006,1620027
Households,Non-produced non-financial assets ,2007,1870209
Households,Non-produced non-financial assets ,2008,1871728
Households,Non-produced non-financial assets ,2009,2019497
Households,Non-produced non-financial assets ,2010,2243059
Households,Non-produced non-financial assets ,2011,2232937
Households,Non-produced non-financial assets ,2012,2207103
Households,Non-produced non-financial assets ,2013,2309416
Households,Non-produced non-financial assets ,2014,2399125
Households,Non-produced non-financial assets ,2015,2956502
Households,Non-produced non-financial assets ,2016,3298815
Households,Non-produced non-financial assets ,2017,3674771
Households,Non-produced non-financial assets ,2018,4038141
Households,Non-produced non-financial assets ,2019,4249430
Households,Non-produced non-financial assets ,2020,4633521
Households,Non-produced non-financial assets ,2021,5442992
Households,Non-produced non-financial assets ,2022,5796062
Households,Non-produced non-financial assets ,2023,5010512
Households,Non-produced non-financial assets ,2024,5252571
Households,Non-produced non-financial assets ,2025,5237476
Households,Natural resources ,1980,271410
Households,Natural resources ,1981,265973
Households,Natural resources ,1982,253634
Households,Natural resources ,1983,252094
Households,Natural resources ,1984,251521
Households,Natural resources ,1985,279187
Households,Natural resources ,1986,352502
Households,Natural resources ,1987,449992
Households,Natural resources ,1988,527906
Households,Natural resources ,1989,639852
Households,Natural resources ,1990,563269
Households,Natural resources ,1991,397329
Households,Natural resources ,1992,316529
Households,Natural resources ,1993,359905
Households,Natural resources ,1994,380870
Households,Natural resources ,1995,384091
Households,Natural resources ,1996,390883
Households,Natural resources ,1997,408891
Households,Natural resources ,1998,423750
Households,Natural resources ,1999,521399
Households,Natural resources ,2000,503154
Households,Natural resources ,2001,565742
Households,Natural resources ,2002,586667
Households,Natural resources ,2003,905077
Households,Natural resources ,2004,1044252
Households,Natural resources ,2005,1334799
Households,Natural resources ,2006,1620027
Households,Natural resources ,2007,1870209
Households,Natural resources ,2008,1871728
Households,Natural resources ,2009,2019497
Households,Natural resources ,2010,2243059
Households,Natural resources ,2011,2232937
Households,Natural resources ,2012,2207103
Households,Natural resources ,2013,2309416
Households,Natural resources ,2014,2399125
Households,Natural resources ,2015,2956502
Households,Natural resources ,2016,3298815
Households,Natural resources ,2017,3674771
Households,Natural resources ,2018,4038141
Households,Natural resources ,2019,4249430
Households,Natural resources ,2020,4633521
Households,Natural resources ,2021,5442992
Households,Natural resources ,2022,5796062
Households,Natural resources ,2023,5010512
Households,Natural resources ,2024,5252571
Households,Natural resources ,2025,5237476
Households,Land ,1980,271410
Households,Land ,1981,265973
Households,Land ,1982,253634
Households,Land ,1983,252094
Households,Land ,1984,251521
Households,Land ,1985,279187
Households,Land ,1986,352502
Households,Land ,1987,449992
Households,Land ,1988,527906
Households,Land ,1989,639852
Households,Land ,1990,563269
Households,Land ,1991,397329
Households,Land ,1992,316529
Households,Land ,1993,359905
Households,Land ,1994,380870
Households,Land ,1995,384091
Households,Land ,1996,390883
Households,Land ,1997,408891
Households,Land ,1998,423750
Households,Land ,1999,521399
Households,Land ,2000,503154
Households,Land ,2001,565742
Households,Land ,2002,586667
Households,Land ,2003,905077
Households,Land ,2004,1044252
Households,Land ,2005,1334799
Households,Land ,2006,1620027
Households,Land ,2007,1870209
Households,Land ,2008,1871728
Households,Land ,2009,2019497
Households,Land ,2010,2243059
Households,Land ,2011,2232937
Households,Land ,2012,2207103
Households,Land ,2013,2309416
Households,Land ,2014,2399125
Households,Land ,2015,2956502
Households,Land ,2016,3298815
Households,Land ,2017,3674771
Households,Land ,2018,4038141
Households,Land ,2019,4249430
Households,Land ,2020,4633521
Households,Land ,2021,5442992
Households,Land ,2022,5796062
Households,Land ,2023,5010512
Households,Land ,2024,5252571
Households,Land ,2025,5237476
Households,Land underlying buildings and structures,1980,241828
Households,Land underlying buildings and structures,1981,237093
Households,Land underlying buildings and structures,1982,224785
Households,Land underlying buildings and structures,1983,223082
Households,Land underlying buildings and structures,1984,220475
Households,Land underlying buildings and structures,1985,248876
Households,Land underlying buildings and structures,1986,317116
Households,Land underlying buildings and structures,1987,405109
Households,Land underlying buildings and structures,1988,475408
Households,Land underlying buildings and structures,1989,578251
Households,Land underlying buildings and structures,1990,510756
Households,Land underlying buildings and structures,1991,334209
Households,Land underlying buildings and structures,1992,259718
Households,Land underlying buildings and structures,1993,296953
Households,Land underlying buildings and structures,1994,316769
Households,Land underlying buildings and structures,1995,321113
Households,Land underlying buildings and structures,1996,329028
Households,Land underlying buildings and structures,1997,348159
Households,Land underlying buildings and structures,1998,364141
Households,Land underlying buildings and structures,1999,457497
Households,Land underlying buildings and structures,2000,434297
Households,Land underlying buildings and structures,2001,491933
Households,Land underlying buildings and structures,2002,511419
Households,Land underlying buildings and structures,2003,825809
Households,Land underlying buildings and structures,2004,957856
Households,Land underlying buildings and structures,2005,1194738
Households,Land underlying buildings and structures,2006,1465506
Households,Land underlying buildings and structures,2007,1698378
Households,Land underlying buildings and structures,2008,1683692
Households,Land underlying buildings and structures,2009,1828424
Households,Land underlying buildings and structures,2010,2044056
Households,Land underlying buildings and structures,2011,1994475
Households,Land underlying buildings and structures,2012,1965727
Households,Land underlying buildings and structures,2013,2071685
Households,Land underlying buildings and structures,2014,2126225
Households,Land underlying buildings and structures,2015,2665766
Households,Land underlying buildings and structures,2016,2987636
Households,Land underlying buildings and structures,2017,3325470
Households,Land underlying buildings and structures,2018,3664940
Households,Land underlying buildings and structures,2019,3871005
Households,Land underlying buildings and structures,2020,4204718
Households,Land underlying buildings and structures,2021,4957129
Households,Land underlying buildings and structures,2022,5282796
Households,Land underlying buildings and structures,2023,4521935
Households,Land underlying buildings and structures,2024,4761301
Households,Land underlying buildings and structures,2025,4743727
Households,Land underlying dwellings,1980,232894
Households,Land underlying dwellings,1981,226849
Households,Land underlying dwellings,1982,215413
Households,Land underlying dwellings,1983,209833
Households,Land underlying dwellings,1984,205097
Households,Land underlying dwellings,1985,228330
Households,Land underlying dwellings,1986,290997
Households,Land underlying dwellings,1987,371717
Households,Land underlying dwellings,1988,432822
Households,Land underlying dwellings,1989,532359
Households,Land underlying dwellings,1990,479844
Households,Land underlying dwellings,1991,302199
Households,Land underlying dwellings,1992,210204
Households,Land underlying dwellings,1993,232319
Households,Land underlying dwellings,1994,242675
Households,Land underlying dwellings,1995,246006
Households,Land underlying dwellings,1996,252645
Households,Land underlying dwellings,1997,271077
Households,Land underlying dwellings,1998,286038
Households,Land underlying dwellings,1999,379067
Households,Land underlying dwellings,2000,350737
Households,Land underlying dwellings,2001,414637
Households,Land underlying dwellings,2002,438821
Households,Land underlying dwellings,2003,757651
Households,Land underlying dwellings,2004,884992
Households,Land underlying dwellings,2005,1102859
Households,Land underlying dwellings,2006,1372148
Households,Land underlying dwellings,2007,1611118
Households,Land underlying dwellings,2008,1594212
Households,Land underlying dwellings,2009,1738733
Households,Land underlying dwellings,2010,1963737
Households,Land underlying dwellings,2011,1934124
Households,Land underlying dwellings,2012,1901057
Households,Land underlying dwellings,2013,2011727
Households,Land underlying dwellings,2014,2076967
Households,Land underlying dwellings,2015,2604617
Households,Land underlying dwellings,2016,2919353
Households,Land underlying dwellings,2017,3268097
Households,Land underlying dwellings,2018,3615951
Households,Land underlying dwellings,2019,3823158
Households,Land underlying dwellings,2020,4165556
Households,Land underlying dwellings,2021,4952195
Households,Land underlying dwellings,2022,5266125
Households,Land underlying dwellings,2023,4521931
Households,Land underlying dwellings,2024,4757147
Households,Land underlying dwellings,2025,4743727
Households,Land underlying multi-dwelling buildings,1980,8407
Households,Land underlying multi-dwelling buildings,1981,10194
Households,Land underlying multi-dwelling buildings,1982,11123
Households,Land underlying multi-dwelling buildings,1983,12437
Households,Land underlying multi-dwelling buildings,1984,16146
Households,Land underlying multi-dwelling buildings,1985,21121
Households,Land underlying multi-dwelling buildings,1986,26830
Households,Land underlying multi-dwelling buildings,1987,32231
Households,Land underlying multi-dwelling buildings,1988,39110
Households,Land underlying multi-dwelling buildings,1989,63466
Households,Land underlying multi-dwelling buildings,1990,41839
Households,Land underlying multi-dwelling buildings,1991,24082
Households,Land underlying multi-dwelling buildings,1992,11519
Households,Land underlying multi-dwelling buildings,1993,28970
Households,Land underlying multi-dwelling buildings,1994,21036
Households,Land underlying multi-dwelling buildings,1995,19038
Households,Land underlying multi-dwelling buildings,1996,17041
Households,Land underlying multi-dwelling buildings,1997,15043
Households,Land underlying multi-dwelling buildings,1998,13045
Households,Land underlying multi-dwelling buildings,1999,5013
Households,Land underlying multi-dwelling buildings,2000,9478
Households,Land underlying multi-dwelling buildings,2001,4872
Households,Land underlying multi-dwelling buildings,2002,4552
Households,Land underlying multi-dwelling buildings,2003,8708
Households,Land underlying multi-dwelling buildings,2004,36851
Households,Land underlying multi-dwelling buildings,2005,38147
Households,Land underlying multi-dwelling buildings,2006,38309
Households,Land underlying multi-dwelling buildings,2007,56307
Households,Land underlying multi-dwelling buildings,2008,52425
Households,Land underlying multi-dwelling buildings,2009,47904
Households,Land underlying multi-dwelling buildings,2010,44316
Households,Land underlying multi-dwelling buildings,2011,46099
Households,Land underlying multi-dwelling buildings,2012,28784
Households,Land underlying multi-dwelling buildings,2013,44239
Households,Land underlying multi-dwelling buildings,2014,38930
Households,Land underlying multi-dwelling buildings,2015,48377
Households,Land underlying multi-dwelling buildings,2016,48284
Households,Land underlying multi-dwelling buildings,2017,43770
Households,Land underlying multi-dwelling buildings,2018,42138
Households,Land underlying multi-dwelling buildings,2019,35175
Households,Land underlying multi-dwelling buildings,2020,36335
Households,Land underlying multi-dwelling buildings,2021,34371
Households,Land underlying multi-dwelling buildings,2022,67517
Households,Land underlying multi-dwelling buildings,2023,30749
Households,Land underlying multi-dwelling buildings,2024,26386
Households,Land underlying multi-dwelling buildings,2025,26386
Households,Land underlying one- or two-dwelling buildings,1980,184072
Households,Land underlying one- or two-dwelling buildings,1981,176096
Households,Land underlying one- or two-dwelling buildings,1982,164028
Households,Land underlying one- or two-dwelling buildings,1983,156877
Households,Land underlying one- or two-dwelling buildings,1984,148013
Households,Land underlying one- or two-dwelling buildings,1985,168894
Households,Land underlying one- or two-dwelling buildings,1986,212529
Households,Land underlying one- or two-dwelling buildings,1987,274279
Households,Land underlying one- or two-dwelling buildings,1988,318164
Households,Land underlying one- or two-dwelling buildings,1989,379751
Households,Land underlying one- or two-dwelling buildings,1990,337105
Households,Land underlying one- or two-dwelling buildings,1991,202343
Households,Land underlying one- or two-dwelling buildings,1992,137299
Households,Land underlying one- or two-dwelling buildings,1993,128939
Households,Land underlying one- or two-dwelling buildings,1994,146841
Households,Land underlying one- or two-dwelling buildings,1995,147988
Households,Land underlying one- or two-dwelling buildings,1996,152441
Households,Land underlying one- or two-dwelling buildings,1997,168689
Households,Land underlying one- or two-dwelling buildings,1998,181466
Households,Land underlying one- or two-dwelling buildings,1999,266993
Households,Land underlying one- or two-dwelling buildings,2000,223978
Households,Land underlying one- or two-dwelling buildings,2001,270832
Households,Land underlying one- or two-dwelling buildings,2002,292826
Households,Land underlying one- or two-dwelling buildings,2003,542270
Households,Land underlying one- or two-dwelling buildings,2004,608810
Households,Land underlying one- or two-dwelling buildings,2005,801823
Households,Land underlying one- or two-dwelling buildings,2006,1000018
Households,Land underlying one- or two-dwelling buildings,2007,1173018
Households,Land underlying one- or two-dwelling buildings,2008,1154177
Households,Land underlying one- or two-dwelling buildings,2009,1251992
Households,Land underlying one- or two-dwelling buildings,2010,1443930
Households,Land underlying one- or two-dwelling buildings,2011,1419524
Households,Land underlying one- or two-dwelling buildings,2012,1396584
Households,Land underlying one- or two-dwelling buildings,2013,1483938
Households,Land underlying one- or two-dwelling buildings,2014,1539232
Households,Land underlying one- or two-dwelling buildings,2015,1972223
Households,Land underlying one- or two-dwelling buildings,2016,2208965
Households,Land underlying one- or two-dwelling buildings,2017,2491888
Households,Land underlying one- or two-dwelling buildings,2018,2834877
Households,Land underlying one- or two-dwelling buildings,2019,3014627
Households,Land underlying one- or two-dwelling buildings,2020,3290443
Households,Land underlying one- or two-dwelling buildings,2021,3938120
Households,Land underlying one- or two-dwelling buildings,2022,4161054
Households,Land underlying one- or two-dwelling buildings,2023,3580197
Households,Land underlying one- or two-dwelling buildings,2024,3801900
Households,Land underlying one- or two-dwelling buildings,2025,3778483
Households,Land underlying dwellings for seasonal or secondary use,1980,40415
Households,Land underlying dwellings for seasonal or secondary use,1981,40559
Households,Land underlying dwellings for seasonal or secondary use,1982,40262
Households,Land underlying dwellings for seasonal or secondary use,1983,40519
Households,Land underlying dwellings for seasonal or secondary use,1984,40938
Households,Land underlying dwellings for seasonal or secondary use,1985,38315
Households,Land underlying dwellings for seasonal or secondary use,1986,51638
Households,Land underlying dwellings for seasonal or secondary use,1987,65207
Households,Land underlying dwellings for seasonal or secondary use,1988,75548
Households,Land underlying dwellings for seasonal or secondary use,1989,89142
Households,Land underlying dwellings for seasonal or secondary use,1990,100900
Households,Land underlying dwellings for seasonal or secondary use,1991,75774
Households,Land underlying dwellings for seasonal or secondary use,1992,61386
Households,Land underlying dwellings for seasonal or secondary use,1993,74410
Households,Land underlying dwellings for seasonal or secondary use,1994,74798
Households,Land underlying dwellings for seasonal or secondary use,1995,78980
Households,Land underlying dwellings for seasonal or secondary use,1996,83163
Households,Land underlying dwellings for seasonal or secondary use,1997,87345
Households,Land underlying dwellings for seasonal or secondary use,1998,91527
Households,Land underlying dwellings for seasonal or secondary use,1999,107061
Households,Land underlying dwellings for seasonal or secondary use,2000,117281
Households,Land underlying dwellings for seasonal or secondary use,2001,138933
Households,Land underlying dwellings for seasonal or secondary use,2002,141443
Households,Land underlying dwellings for seasonal or secondary use,2003,206673
Households,Land underlying dwellings for seasonal or secondary use,2004,239331
Households,Land underlying dwellings for seasonal or secondary use,2005,262889
Households,Land underlying dwellings for seasonal or secondary use,2006,333821
Households,Land underlying dwellings for seasonal or secondary use,2007,381793
Households,Land underlying dwellings for seasonal or secondary use,2008,387610
Households,Land underlying dwellings for seasonal or secondary use,2009,438837
Households,Land underlying dwellings for seasonal or secondary use,2010,475491
Households,Land underlying dwellings for seasonal or secondary use,2011,468501
Households,Land underlying dwellings for seasonal or secondary use,2012,475689
Households,Land underlying dwellings for seasonal or secondary use,2013,483550
Households,Land underlying dwellings for seasonal or secondary use,2014,498805
Households,Land underlying dwellings for seasonal or secondary use,2015,584017
Households,Land underlying dwellings for seasonal or secondary use,2016,662104
Households,Land underlying dwellings for seasonal or secondary use,2017,732439
Households,Land underlying dwellings for seasonal or secondary use,2018,738936
Households,Land underlying dwellings for seasonal or secondary use,2019,773356
Households,Land underlying dwellings for seasonal or secondary use,2020,838778
Households,Land underlying dwellings for seasonal or secondary use,2021,979704
Households,Land underlying dwellings for seasonal or secondary use,2022,1037554
Households,Land underlying dwellings for seasonal or secondary use,2023,910985
Households,Land underlying dwellings for seasonal or secondary use,2024,928861
Households,Land underlying dwellings for seasonal or secondary use,2025,938858
Households,Land underlying other buildings and structures,1980,8934
Households,Land underlying other buildings and structures,1981,10244
Households,Land underlying other buildings and structures,1982,9372
Households,Land underlying other buildings and structures,1983,13249
Households,Land underlying other buildings and structures,1984,15378
Households,Land underlying other buildings and structures,1985,20546
Households,Land underlying other buildings and structures,1986,26119
Households,Land underlying other buildings and structures,1987,33392
Households,Land underlying other buildings and structures,1988,42586
Households,Land underlying other buildings and structures,1989,45892
Households,Land underlying other buildings and structures,1990,30912
Households,Land underlying other buildings and structures,1991,32010
Households,Land underlying other buildings and structures,1992,49514
Households,Land underlying other buildings and structures,1993,64634
Households,Land underlying other buildings and structures,1994,74094
Households,Land underlying other buildings and structures,1995,75107
Households,Land underlying other buildings and structures,1996,76383
Households,Land underlying other buildings and structures,1997,77082
Households,Land underlying other buildings and structures,1998,78103
Households,Land underlying other buildings and structures,1999,78430
Households,Land underlying other buildings and structures,2000,83560
Households,Land underlying other buildings and structures,2001,77296
Households,Land underlying other buildings and structures,2002,72598
Households,Land underlying other buildings and structures,2003,68158
Households,Land underlying other buildings and structures,2004,72864
Households,Land underlying other buildings and structures,2005,91879
Households,Land underlying other buildings and structures,2006,93358
Households,Land underlying other buildings and structures,2007,87260
Households,Land underlying other buildings and structures,2008,89480
Households,Land underlying other buildings and structures,2009,89691
Households,Land underlying other buildings and structures,2010,80319
Households,Land underlying other buildings and structures,2011,60351
Households,Land underlying other buildings and structures,2012,64670
Households,Land underlying other buildings and structures,2013,59958
Households,Land underlying other buildings and structures,2014,49258
Households,Land underlying other buildings and structures,2015,61149
Households,Land underlying other buildings and structures,2016,68283
Households,Land underlying other buildings and structures,2017,57373
Households,Land underlying other buildings and structures,2018,48989
Households,Land underlying other buildings and structures,2019,47847
Households,Land underlying other buildings and structures,2020,39162
Households,Land underlying other buildings and structures,2021,4934
Households,Land underlying other buildings and structures,2022,16671
Households,Land underlying other buildings and structures,2023,4
Households,Land underlying other buildings and structures,2024,4154
Households,Land underlying other buildings and structures,2025,0
Households,Land under cultivation,1980,29582
Households,Land under cultivation,1981,28880
Households,Land under cultivation,1982,28849
Households,Land under cultivation,1983,29012
Households,Land under cultivation,1984,31046
Households,Land under cultivation,1985,30311
Households,Land under cultivation,1986,35386
Households,Land under cultivation,1987,44883
Households,Land under cultivation,1988,52498
Households,Land under cultivation,1989,61601
Households,Land under cultivation,1990,52513
Households,Land under cultivation,1991,63120
Households,Land under cultivation,1992,56811
Households,Land under cultivation,1993,62952
Households,Land under cultivation,1994,64101
Households,Land under cultivation,1995,62978
Households,Land under cultivation,1996,61855
Households,Land under cultivation,1997,60732
Households,Land under cultivation,1998,59609
Households,Land under cultivation,1999,63902
Households,Land under cultivation,2000,68857
Households,Land under cultivation,2001,73809
Households,Land under cultivation,2002,75248
Households,Land under cultivation,2003,79268
Households,Land under cultivation,2004,86396
Households,Land under cultivation,2005,140061
Households,Land under cultivation,2006,154521
Households,Land under cultivation,2007,171831
Households,Land under cultivation,2008,188036
Households,Land under cultivation,2009,191073
Households,Land under cultivation,2010,199003
Households,Land under cultivation,2011,238462
Households,Land under cultivation,2012,241376
Households,Land under cultivation,2013,237731
Households,Land under cultivation,2014,272900
Households,Land under cultivation,2015,290736
Households,Land under cultivation,2016,311179
Households,Land under cultivation,2017,349301
Households,Land under cultivation,2018,373201
Households,Land under cultivation,2019,378425
Households,Land under cultivation,2020,428803
Households,Land under cultivation,2021,485863
Households,Land under cultivation,2022,513266
Households,Land under cultivation,2023,488577
Households,Land under cultivation,2024,491270
Households,Land under cultivation,2025,493749
Households,"Land under cultivation, agricultural land",1980,27084
Households,"Land under cultivation, agricultural land",1981,26397
Households,"Land under cultivation, agricultural land",1982,26310
Households,"Land under cultivation, agricultural land",1983,26243
Households,"Land under cultivation, agricultural land",1984,27832
Households,"Land under cultivation, agricultural land",1985,26938
Households,"Land under cultivation, agricultural land",1986,31154
Households,"Land under cultivation, agricultural land",1987,39349
Households,"Land under cultivation, agricultural land",1988,45986
Households,"Land under cultivation, agricultural land",1989,53824
Households,"Land under cultivation, agricultural land",1990,45843
Households,"Land under cultivation, agricultural land",1991,56253
Households,"Land under cultivation, agricultural land",1992,50403
Households,"Land under cultivation, agricultural land",1993,55559
Households,"Land under cultivation, agricultural land",1994,56526
Households,"Land under cultivation, agricultural land",1995,53590
Households,"Land under cultivation, agricultural land",1996,50654
Households,"Land under cultivation, agricultural land",1997,47718
Households,"Land under cultivation, agricultural land",1998,44782
Households,"Land under cultivation, agricultural land",1999,47985
Households,"Land under cultivation, agricultural land",2000,51852
Households,"Land under cultivation, agricultural land",2001,55634
Households,"Land under cultivation, agricultural land",2002,56816
Households,"Land under cultivation, agricultural land",2003,59806
Households,"Land under cultivation, agricultural land",2004,65206
Households,"Land under cultivation, agricultural land",2005,113364
Households,"Land under cultivation, agricultural land",2006,125430
Households,"Land under cultivation, agricultural land",2007,139198
Households,"Land under cultivation, agricultural land",2008,150741
Households,"Land under cultivation, agricultural land",2009,152248
Households,"Land under cultivation, agricultural land",2010,158546
Households,"Land under cultivation, agricultural land",2011,192176
Households,"Land under cultivation, agricultural land",2012,194250
Households,"Land under cultivation, agricultural land",2013,191724
Households,"Land under cultivation, agricultural land",2014,221025
Households,"Land under cultivation, agricultural land",2015,236264
Households,"Land under cultivation, agricultural land",2016,253040
Households,"Land under cultivation, agricultural land",2017,290319
Households,"Land under cultivation, agricultural land",2018,310285
Households,"Land under cultivation, agricultural land",2019,314537
Households,"Land under cultivation, agricultural land",2020,360403
Households,"Land under cultivation, agricultural land",2021,408942
Households,"Land under cultivation, agricultural land",2022,432038
Households,"Land under cultivation, agricultural land",2023,411298
Households,"Land under cultivation, agricultural land",2024,413298
Households,"Land under cultivation, agricultural land",2025,415396
Households,"Land under cultivation, forestry land exclusive forest",1980,2498
Households,"Land under cultivation, forestry land exclusive forest",1981,2483
Households,"Land under cultivation, forestry land exclusive forest",1982,2539
Households,"Land under cultivation, forestry land exclusive forest",1983,2769
Households,"Land under cultivation, forestry land exclusive forest",1984,3214
Households,"Land under cultivation, forestry land exclusive forest",1985,3373
Households,"Land under cultivation, forestry land exclusive forest",1986,4232
Households,"Land under cultivation, forestry land exclusive forest",1987,5534
Households,"Land under cultivation, forestry land exclusive forest",1988,6512
Households,"Land under cultivation, forestry land exclusive forest",1989,7777
Households,"Land under cultivation, forestry land exclusive forest",1990,6670
Households,"Land under cultivation, forestry land exclusive forest",1991,6867
Households,"Land under cultivation, forestry land exclusive forest",1992,6408
Households,"Land under cultivation, forestry land exclusive forest",1993,7393
Households,"Land under cultivation, forestry land exclusive forest",1994,7575
Households,"Land under cultivation, forestry land exclusive forest",1995,9388
Households,"Land under cultivation, forestry land exclusive forest",1996,11201
Households,"Land under cultivation, forestry land exclusive forest",1997,13014
Households,"Land under cultivation, forestry land exclusive forest",1998,14827
Households,"Land under cultivation, forestry land exclusive forest",1999,15917
Households,"Land under cultivation, forestry land exclusive forest",2000,17005
Households,"Land under cultivation, forestry land exclusive forest",2001,18175
Households,"Land under cultivation, forestry land exclusive forest",2002,18432
Households,"Land under cultivation, forestry land exclusive forest",2003,19462
Households,"Land under cultivation, forestry land exclusive forest",2004,21190
Households,"Land under cultivation, forestry land exclusive forest",2005,26697
Households,"Land under cultivation, forestry land exclusive forest",2006,29091
Households,"Land under cultivation, forestry land exclusive forest",2007,32633
Households,"Land under cultivation, forestry land exclusive forest",2008,37295
Households,"Land under cultivation, forestry land exclusive forest",2009,38825
Households,"Land under cultivation, forestry land exclusive forest",2010,40457
Households,"Land under cultivation, forestry land exclusive forest",2011,46286
Households,"Land under cultivation, forestry land exclusive forest",2012,47126
Households,"Land under cultivation, forestry land exclusive forest",2013,46007
Households,"Land under cultivation, forestry land exclusive forest",2014,51875
Households,"Land under cultivation, forestry land exclusive forest",2015,54472
Households,"Land under cultivation, forestry land exclusive forest",2016,58139
Households,"Land under cultivation, forestry land exclusive forest",2017,58982
Households,"Land under cultivation, forestry land exclusive forest",2018,62916
Households,"Land under cultivation, forestry land exclusive forest",2019,63888
Households,"Land under cultivation, forestry land exclusive forest",2020,68400
Households,"Land under cultivation, forestry land exclusive forest",2021,76921
Households,"Land under cultivation, forestry land exclusive forest",2022,81228
Households,"Land under cultivation, forestry land exclusive forest",2023,77279
Households,"Land under cultivation, forestry land exclusive forest",2024,77972
Households,"Land under cultivation, forestry land exclusive forest",2025,78353
Households,"Financial assets, total",1980,462863
Households,"Financial assets, total",1981,516912
Households,"Financial assets, total",1982,578583
Households,"Financial assets, total",1983,673897
Households,"Financial assets, total",1984,739989
Households,"Financial assets, total",1985,826127
Households,"Financial assets, total",1986,1035284
Households,"Financial assets, total",1987,1099646
Households,"Financial assets, total",1988,1284628
Households,"Financial assets, total",1989,1483994
Households,"Financial assets, total",1990,1480627
Households,"Financial assets, total",1991,1496306
Households,"Financial assets, total",1992,1535093
Households,"Financial assets, total",1993,1702782
Households,"Financial assets, total",1994,1798715
Households,"Financial assets, total",1995,1974228
Households,"Financial assets, total",1996,2311144
Households,"Financial assets, total",1997,2742175
Households,"Financial assets, total",1998,3076125
Households,"Financial assets, total",1999,3791011
Households,"Financial assets, total",2000,3804767
Households,"Financial assets, total",2001,3877230
Households,"Financial assets, total",2002,3990750
Households,"Financial assets, total",2003,4529091
Households,"Financial assets, total",2004,4822264
Households,"Financial assets, total",2005,5838069
Households,"Financial assets, total",2006,6623694
Households,"Financial assets, total",2007,6919833
Households,"Financial assets, total",2008,6631681
Households,"Financial assets, total",2009,7526536
Households,"Financial assets, total",2010,8433837
Households,"Financial assets, total",2011,8137575
Households,"Financial assets, total",2012,8580958
Households,"Financial assets, total",2013,9550503
Households,"Financial assets, total",2014,10928897
Households,"Financial assets, total",2015,11910079
Households,"Financial assets, total",2016,12952801
Households,"Financial assets, total",2017,13707610
Households,"Financial assets, total",2018,13826506
Households,"Financial assets, total",2019,16059646
Households,"Financial assets, total",2020,17657993
Households,"Financial assets, total",2021,20434255
Households,"Financial assets, total",2022,18407747
Households,"Financial assets, total",2023,19664438
Households,"Financial assets, total",2024,21822156
Households,"Financial assets, total",2025,23066289
Households,Monetary gold and SDRs ,1980,NA
Households,Monetary gold and SDRs ,1981,NA
Households,Monetary gold and SDRs ,1982,NA
Households,Monetary gold and SDRs ,1983,NA
Households,Monetary gold and SDRs ,1984,NA
Households,Monetary gold and SDRs ,1985,NA
Households,Monetary gold and SDRs ,1986,NA
Households,Monetary gold and SDRs ,1987,NA
Households,Monetary gold and SDRs ,1988,NA
Households,Monetary gold and SDRs ,1989,NA
Households,Monetary gold and SDRs ,1990,NA
Households,Monetary gold and SDRs ,1991,NA
Households,Monetary gold and SDRs ,1992,NA
Households,Monetary gold and SDRs ,1993,NA
Households,Monetary gold and SDRs ,1994,NA
Households,Monetary gold and SDRs ,1995,NA
Households,Monetary gold and SDRs ,1996,NA
Households,Monetary gold and SDRs ,1997,NA
Households,Monetary gold and SDRs ,1998,NA
Households,Monetary gold and SDRs ,1999,NA
Households,Monetary gold and SDRs ,2000,NA
Households,Monetary gold and SDRs ,2001,NA
Households,Monetary gold and SDRs ,2002,NA
Households,Monetary gold and SDRs ,2003,NA
Households,Monetary gold and SDRs ,2004,NA
Households,Monetary gold and SDRs ,2005,NA
Households,Monetary gold and SDRs ,2006,NA
Households,Monetary gold and SDRs ,2007,NA
Households,Monetary gold and SDRs ,2008,NA
Households,Monetary gold and SDRs ,2009,NA
Households,Monetary gold and SDRs ,2010,NA
Households,Monetary gold and SDRs ,2011,NA
Households,Monetary gold and SDRs ,2012,NA
Households,Monetary gold and SDRs ,2013,NA
Households,Monetary gold and SDRs ,2014,NA
Households,Monetary gold and SDRs ,2015,NA
Households,Monetary gold and SDRs ,2016,NA
Households,Monetary gold and SDRs ,2017,NA
Households,Monetary gold and SDRs ,2018,NA
Households,Monetary gold and SDRs ,2019,NA
Households,Monetary gold and SDRs ,2020,NA
Households,Monetary gold and SDRs ,2021,NA
Households,Monetary gold and SDRs ,2022,NA
Households,Monetary gold and SDRs ,2023,NA
Households,Monetary gold and SDRs ,2024,NA
Households,Monetary gold and SDRs ,2025,NA
Households,Currency and deposits,1980,200409
Households,Currency and deposits,1981,226334
Households,Currency and deposits,1982,244607
Households,Currency and deposits,1983,259287
Households,Currency and deposits,1984,281364
Households,Currency and deposits,1985,304988
Households,Currency and deposits,1986,352591
Households,Currency and deposits,1987,374547
Households,Currency and deposits,1988,411237
Households,Currency and deposits,1989,450919
Households,Currency and deposits,1990,465451
Households,Currency and deposits,1991,507602
Households,Currency and deposits,1992,511895
Households,Currency and deposits,1993,514751
Households,Currency and deposits,1994,521475
Households,Currency and deposits,1995,509708
Households,Currency and deposits,1996,528387
Households,Currency and deposits,1997,500201
Households,Currency and deposits,1998,494590
Households,Currency and deposits,1999,505657
Households,Currency and deposits,2000,495189
Households,Currency and deposits,2001,552765
Households,Currency and deposits,2002,595359
Households,Currency and deposits,2003,630624
Households,Currency and deposits,2004,642499
Households,Currency and deposits,2005,695104
Households,Currency and deposits,2006,788778
Households,Currency and deposits,2007,947341
Households,Currency and deposits,2008,1039881
Households,Currency and deposits,2009,1078683
Households,Currency and deposits,2010,1158066
Households,Currency and deposits,2011,1251269
Households,Currency and deposits,2012,1346279
Households,Currency and deposits,2013,1412260
Households,Currency and deposits,2014,1473982
Households,Currency and deposits,2015,1591109
Households,Currency and deposits,2016,1714272
Households,Currency and deposits,2017,1833395
Households,Currency and deposits,2018,1970602
Households,Currency and deposits,2019,2064245
Households,Currency and deposits,2020,2281090
Households,Currency and deposits,2021,2470938
Households,Currency and deposits,2022,2644812
Households,Currency and deposits,2023,2663823
Households,Currency and deposits,2024,2717630
Households,Currency and deposits,2025,2845125
Households,Debt securities,1980,42027
Households,Debt securities,1981,44292
Households,Debt securities,1982,47063
Households,Debt securities,1983,57321
Households,Debt securities,1984,69257
Households,Debt securities,1985,84577
Households,Debt securities,1986,99519
Households,Debt securities,1987,106249
Households,Debt securities,1988,106793
Households,Debt securities,1989,96781
Households,Debt securities,1990,95434
Households,Debt securities,1991,88069
Households,Debt securities,1992,105622
Households,Debt securities,1993,112171
Households,Debt securities,1994,131669
Households,Debt securities,1995,161962
Households,Debt securities,1996,176309
Households,Debt securities,1997,160412
Households,Debt securities,1998,164164
Households,Debt securities,1999,138699
Households,Debt securities,2000,107101
Households,Debt securities,2001,93927
Households,Debt securities,2002,92998
Households,Debt securities,2003,98852
Households,Debt securities,2004,101648
Households,Debt securities,2005,116231
Households,Debt securities,2006,130162
Households,Debt securities,2007,165037
Households,Debt securities,2008,161292
Households,Debt securities,2009,165838
Households,Debt securities,2010,135432
Households,Debt securities,2011,115555
Households,Debt securities,2012,109324
Households,Debt securities,2013,108704
Households,Debt securities,2014,105650
Households,Debt securities,2015,95326
Households,Debt securities,2016,92735
Households,Debt securities,2017,126390
Households,Debt securities,2018,61702
Households,Debt securities,2019,29545
Households,Debt securities,2020,22055
Households,Debt securities,2021,17932
Households,Debt securities,2022,18449
Households,Debt securities,2023,23950
Households,Debt securities,2024,27095
Households,Debt securities,2025,25188
Households,Loans,1980,18314
Households,Loans,1981,19601
Households,Loans,1982,22737
Households,Loans,1983,23163
Households,Loans,1984,29666
Households,Loans,1985,28965
Households,Loans,1986,32570
Households,Loans,1987,37664
Households,Loans,1988,33215
Households,Loans,1989,31611
Households,Loans,1990,43707
Households,Loans,1991,35910
Households,Loans,1992,18610
Households,Loans,1993,18088
Households,Loans,1994,14907
Households,Loans,1995,10561
Households,Loans,1996,13129
Households,Loans,1997,16932
Households,Loans,1998,14339
Households,Loans,1999,19727
Households,Loans,2000,20282
Households,Loans,2001,19360
Households,Loans,2002,17146
Households,Loans,2003,11545
Households,Loans,2004,10760
Households,Loans,2005,10474
Households,Loans,2006,10863
Households,Loans,2007,13974
Households,Loans,2008,19599
Households,Loans,2009,18701
Households,Loans,2010,20082
Households,Loans,2011,20082
Households,Loans,2012,24434
Households,Loans,2013,26903
Households,Loans,2014,28546
Households,Loans,2015,26144
Households,Loans,2016,26273
Households,Loans,2017,28480
Households,Loans,2018,32040
Households,Loans,2019,34388
Households,Loans,2020,34388
Households,Loans,2021,34388
Households,Loans,2022,34288
Households,Loans,2023,34288
Households,Loans,2024,34288
Households,Loans,2025,34288
Households,Equity and investment fund shares/units,1980,120041
Households,Equity and investment fund shares/units,1981,134805
Households,Equity and investment fund shares/units,1982,159749
Households,Equity and investment fund shares/units,1983,208318
Households,Equity and investment fund shares/units,1984,211657
Households,Equity and investment fund shares/units,1985,234240
Households,Equity and investment fund shares/units,1986,345870
Households,Equity and investment fund shares/units,1987,368657
Households,Equity and investment fund shares/units,1988,484764
Households,Equity and investment fund shares/units,1989,602161
Households,Equity and investment fund shares/units,1990,521265
Households,Equity and investment fund shares/units,1991,465081
Households,Equity and investment fund shares/units,1992,441662
Households,Equity and investment fund shares/units,1993,546195
Households,Equity and investment fund shares/units,1994,564073
Households,Equity and investment fund shares/units,1995,595611
Households,Equity and investment fund shares/units,1996,782670
Households,Equity and investment fund shares/units,1997,1021346
Households,Equity and investment fund shares/units,1998,1172273
Households,Equity and investment fund shares/units,1999,1661686
Households,Equity and investment fund shares/units,2000,1560098
Households,Equity and investment fund shares/units,2001,1415147
Households,Equity and investment fund shares/units,2002,1245827
Households,Equity and investment fund shares/units,2003,1691938
Households,Equity and investment fund shares/units,2004,1890463
Households,Equity and investment fund shares/units,2005,2537338
Households,Equity and investment fund shares/units,2006,3208426
Households,Equity and investment fund shares/units,2007,3125659
Households,Equity and investment fund shares/units,2008,2476736
Households,Equity and investment fund shares/units,2009,3315991
Households,Equity and investment fund shares/units,2010,3745422
Households,Equity and investment fund shares/units,2011,3323528
Households,Equity and investment fund shares/units,2012,3581347
Households,Equity and investment fund shares/units,2013,4085256
Households,Equity and investment fund shares/units,2014,4871689
Households,Equity and investment fund shares/units,2015,5494962
Households,Equity and investment fund shares/units,2016,6166500
Households,Equity and investment fund shares/units,2017,6372149
Households,Equity and investment fund shares/units,2018,6316835
Households,Equity and investment fund shares/units,2019,7571678
Households,Equity and investment fund shares/units,2020,8492064
Households,Equity and investment fund shares/units,2021,10074547
Households,Equity and investment fund shares/units,2022,8463668
Households,Equity and investment fund shares/units,2023,8993875
Households,Equity and investment fund shares/units,2024,9748368
Households,Equity and investment fund shares/units,2025,10307389
Households,Listed shares ,1980,23489
Households,Listed shares ,1981,37166
Households,Listed shares ,1982,50515
Households,Listed shares ,1983,84974
Households,Listed shares ,1984,76446
Households,Listed shares ,1985,75840
Households,Listed shares ,1986,110910
Households,Listed shares ,1987,93513
Households,Listed shares ,1988,138767
Households,Listed shares ,1989,162260
Households,Listed shares ,1990,102272
Households,Listed shares ,1991,92991
Households,Listed shares ,1992,80349
Households,Listed shares ,1993,139619
Households,Listed shares ,1994,159198
Households,Listed shares ,1995,213111
Households,Listed shares ,1996,300119
Households,Listed shares ,1997,395146
Households,Listed shares ,1998,419411
Households,Listed shares ,1999,603931
Households,Listed shares ,2000,502416
Households,Listed shares ,2001,421687
Households,Listed shares ,2002,286802
Households,Listed shares ,2003,367126
Households,Listed shares ,2004,446331
Households,Listed shares ,2005,565038
Households,Listed shares ,2006,659427
Households,Listed shares ,2007,579362
Households,Listed shares ,2008,360825
Households,Listed shares ,2009,514950
Households,Listed shares ,2010,604920
Households,Listed shares ,2011,435285
Households,Listed shares ,2012,472138
Households,Listed shares ,2013,591475
Households,Listed shares ,2014,671330
Households,Listed shares ,2015,783940
Households,Listed shares ,2016,835811
Households,Listed shares ,2017,852152
Households,Listed shares ,2018,806332
Households,Listed shares ,2019,1028418
Households,Listed shares ,2020,1265603
Households,Listed shares ,2021,1735822
Households,Listed shares ,2022,1270894
Households,Listed shares ,2023,1435961
Households,Listed shares ,2024,1517896
Households,Listed shares ,2025,1669306
Households,Unlisted shares ,1980,63427
Households,Unlisted shares ,1981,64796
Households,Unlisted shares ,1982,65349
Households,Unlisted shares ,1983,64623
Households,Unlisted shares ,1984,67718
Households,Unlisted shares ,1985,66934
Households,Unlisted shares ,1986,107624
Households,Unlisted shares ,1987,117023
Households,Unlisted shares ,1988,118853
Households,Unlisted shares ,1989,133644
Households,Unlisted shares ,1990,127045
Households,Unlisted shares ,1991,103900
Households,Unlisted shares ,1992,112045
Households,Unlisted shares ,1993,103121
Households,Unlisted shares ,1994,105357
Households,Unlisted shares ,1995,107754
Households,Unlisted shares ,1996,134124
Households,Unlisted shares ,1997,155819
Households,Unlisted shares ,1998,199772
Households,Unlisted shares ,1999,251204
Households,Unlisted shares ,2000,218409
Households,Unlisted shares ,2001,213488
Households,Unlisted shares ,2002,247706
Households,Unlisted shares ,2003,348796
Households,Unlisted shares ,2004,328990
Households,Unlisted shares ,2005,527180
Households,Unlisted shares ,2006,846291
Households,Unlisted shares ,2007,729241
Households,Unlisted shares ,2008,427988
Households,Unlisted shares ,2009,726562
Households,Unlisted shares ,2010,852511
Households,Unlisted shares ,2011,694691
Households,Unlisted shares ,2012,767222
Households,Unlisted shares ,2013,841478
Households,Unlisted shares ,2014,1152556
Households,Unlisted shares ,2015,1204499
Households,Unlisted shares ,2016,1443441
Households,Unlisted shares ,2017,1507323
Households,Unlisted shares ,2018,1429219
Households,Unlisted shares ,2019,1844960
Households,Unlisted shares ,2020,2096998
Households,Unlisted shares ,2021,2540580
Households,Unlisted shares ,2022,1933152
Households,Unlisted shares ,2023,1875016
Households,Unlisted shares ,2024,1976002
Households,Unlisted shares ,2025,2146953
Households,Other equity,1980,31850
Households,Other equity,1981,29512
Households,Other equity,1982,35371
Households,Other equity,1983,40344
Households,Other equity,1984,44745
Households,Other equity,1985,57017
Households,Other equity,1986,74269
Households,Other equity,1987,108744
Households,Other equity,1988,135924
Households,Other equity,1989,181107
Households,Other equity,1990,192440
Households,Other equity,1991,185168
Households,Other equity,1992,163201
Households,Other equity,1993,183771
Households,Other equity,1994,179544
Households,Other equity,1995,142140
Households,Other equity,1996,171858
Households,Other equity,1997,193901
Households,Other equity,1998,212944
Households,Other equity,1999,276345
Households,Other equity,2000,345893
Households,Other equity,2001,357370
Households,Other equity,2002,418074
Households,Other equity,2003,617694
Households,Other equity,2004,713017
Households,Other equity,2005,895075
Households,Other equity,2006,1031108
Households,Other equity,2007,1189225
Households,Other equity,2008,1239856
Households,Other equity,2009,1486949
Households,Other equity,2010,1631075
Households,Other equity,2011,1624221
Households,Other equity,2012,1752146
Households,Other equity,2013,1924310
Households,Other equity,2014,2191422
Households,Other equity,2015,2564898
Households,Other equity,2016,2850327
Households,Other equity,2017,2839223
Households,Other equity,2018,2950579
Households,Other equity,2019,3253800
Households,Other equity,2020,3566285
Households,Other equity,2021,3874032
Households,Other equity,2022,3642518
Households,Other equity,2023,3762317
Households,Other equity,2024,4011172
Households,Other equity,2025,4127376
Households,"Other equity, tenant ownership rights",1980,31850
Households,"Other equity, tenant ownership rights",1981,29512
Households,"Other equity, tenant ownership rights",1982,35371
Households,"Other equity, tenant ownership rights",1983,40344
Households,"Other equity, tenant ownership rights",1984,44745
Households,"Other equity, tenant ownership rights",1985,57017
Households,"Other equity, tenant ownership rights",1986,74269
Households,"Other equity, tenant ownership rights",1987,108744
Households,"Other equity, tenant ownership rights",1988,135924
Households,"Other equity, tenant ownership rights",1989,181107
Households,"Other equity, tenant ownership rights",1990,192440
Households,"Other equity, tenant ownership rights",1991,185168
Households,"Other equity, tenant ownership rights",1992,163201
Households,"Other equity, tenant ownership rights",1993,183771
Households,"Other equity, tenant ownership rights",1994,179544
Households,"Other equity, tenant ownership rights",1995,133874
Households,"Other equity, tenant ownership rights",1996,163234
Households,"Other equity, tenant ownership rights",1997,181202
Households,"Other equity, tenant ownership rights",1998,202304
Households,"Other equity, tenant ownership rights",1999,265258
Households,"Other equity, tenant ownership rights",2000,332521
Households,"Other equity, tenant ownership rights",2001,341708
Households,"Other equity, tenant ownership rights",2002,401825
Households,"Other equity, tenant ownership rights",2003,544769
Households,"Other equity, tenant ownership rights",2004,628127
Households,"Other equity, tenant ownership rights",2005,793292
Households,"Other equity, tenant ownership rights",2006,912521
Households,"Other equity, tenant ownership rights",2007,1061736
Households,"Other equity, tenant ownership rights",2008,1102385
Households,"Other equity, tenant ownership rights",2009,1321707
Households,"Other equity, tenant ownership rights",2010,1475180
Households,"Other equity, tenant ownership rights",2011,1480468
Households,"Other equity, tenant ownership rights",2012,1619893
Households,"Other equity, tenant ownership rights",2013,1788206
Households,"Other equity, tenant ownership rights",2014,2043075
Households,"Other equity, tenant ownership rights",2015,2400799
Households,"Other equity, tenant ownership rights",2016,2677470
Households,"Other equity, tenant ownership rights",2017,2648049
Households,"Other equity, tenant ownership rights",2018,2744553
Households,"Other equity, tenant ownership rights",2019,3026367
Households,"Other equity, tenant ownership rights",2020,3320450
Households,"Other equity, tenant ownership rights",2021,3614779
Households,"Other equity, tenant ownership rights",2022,3355164
Households,"Other equity, tenant ownership rights",2023,3460107
Households,"Other equity, tenant ownership rights",2024,3685425
Households,"Other equity, tenant ownership rights",2025,3772875
Households,"Other equity, secondary homes abroad",1980,NA
Households,"Other equity, secondary homes abroad",1981,NA
Households,"Other equity, secondary homes abroad",1982,NA
Households,"Other equity, secondary homes abroad",1983,NA
Households,"Other equity, secondary homes abroad",1984,NA
Households,"Other equity, secondary homes abroad",1985,NA
Households,"Other equity, secondary homes abroad",1986,NA
Households,"Other equity, secondary homes abroad",1987,NA
Households,"Other equity, secondary homes abroad",1988,NA
Households,"Other equity, secondary homes abroad",1989,NA
Households,"Other equity, secondary homes abroad",1990,NA
Households,"Other equity, secondary homes abroad",1991,NA
Households,"Other equity, secondary homes abroad",1992,NA
Households,"Other equity, secondary homes abroad",1993,NA
Households,"Other equity, secondary homes abroad",1994,NA
Households,"Other equity, secondary homes abroad",1995,8266
Households,"Other equity, secondary homes abroad",1996,8624
Households,"Other equity, secondary homes abroad",1997,12699
Households,"Other equity, secondary homes abroad",1998,10640
Households,"Other equity, secondary homes abroad",1999,11087
Households,"Other equity, secondary homes abroad",2000,13372
Households,"Other equity, secondary homes abroad",2001,15662
Households,"Other equity, secondary homes abroad",2002,16249
Households,"Other equity, secondary homes abroad",2003,72925
Households,"Other equity, secondary homes abroad",2004,84890
Households,"Other equity, secondary homes abroad",2005,101783
Households,"Other equity, secondary homes abroad",2006,118587
Households,"Other equity, secondary homes abroad",2007,127489
Households,"Other equity, secondary homes abroad",2008,137471
Households,"Other equity, secondary homes abroad",2009,165242
Households,"Other equity, secondary homes abroad",2010,155895
Households,"Other equity, secondary homes abroad",2011,143753
Households,"Other equity, secondary homes abroad",2012,132253
Households,"Other equity, secondary homes abroad",2013,136104
Households,"Other equity, secondary homes abroad",2014,148347
Households,"Other equity, secondary homes abroad",2015,164099
Households,"Other equity, secondary homes abroad",2016,172857
Households,"Other equity, secondary homes abroad",2017,191174
Households,"Other equity, secondary homes abroad",2018,206026
Households,"Other equity, secondary homes abroad",2019,227433
Households,"Other equity, secondary homes abroad",2020,245835
Households,"Other equity, secondary homes abroad",2021,259253
Households,"Other equity, secondary homes abroad",2022,287354
Households,"Other equity, secondary homes abroad",2023,302210
Households,"Other equity, secondary homes abroad",2024,325747
Households,"Other equity, secondary homes abroad",2025,354501
Households,"Other equity, other",1980,NA
Households,"Other equity, other",1981,NA
Households,"Other equity, other",1982,NA
Households,"Other equity, other",1983,NA
Households,"Other equity, other",1984,NA
Households,"Other equity, other",1985,NA
Households,"Other equity, other",1986,NA
Households,"Other equity, other",1987,NA
Households,"Other equity, other",1988,NA
Households,"Other equity, other",1989,NA
Households,"Other equity, other",1990,NA
Households,"Other equity, other",1991,NA
Households,"Other equity, other",1992,NA
Households,"Other equity, other",1993,NA
Households,"Other equity, other",1994,NA
Households,"Other equity, other",1995,0
Households,"Other equity, other",1996,0
Households,"Other equity, other",1997,0
Households,"Other equity, other",1998,0
Households,"Other equity, other",1999,0
Households,"Other equity, other",2000,0
Households,"Other equity, other",2001,0
Households,"Other equity, other",2002,0
Households,"Other equity, other",2003,0
Households,"Other equity, other",2004,0
Households,"Other equity, other",2005,0
Households,"Other equity, other",2006,0
Households,"Other equity, other",2007,0
Households,"Other equity, other",2008,0
Households,"Other equity, other",2009,0
Households,"Other equity, other",2010,0
Households,"Other equity, other",2011,0
Households,"Other equity, other",2012,0
Households,"Other equity, other",2013,0
Households,"Other equity, other",2014,0
Households,"Other equity, other",2015,0
Households,"Other equity, other",2016,0
Households,"Other equity, other",2017,0
Households,"Other equity, other",2018,0
Households,"Other equity, other",2019,0
Households,"Other equity, other",2020,0
Households,"Other equity, other",2021,0
Households,"Other equity, other",2022,0
Households,"Other equity, other",2023,0
Households,"Other equity, other",2024,0
Households,"Other equity, other",2025,0
Households,Investment fund shares/units ,1980,1275
Households,Investment fund shares/units ,1981,3331
Households,Investment fund shares/units ,1982,8514
Households,Investment fund shares/units ,1983,18377
Households,Investment fund shares/units ,1984,22748
Households,Investment fund shares/units ,1985,34449
Households,Investment fund shares/units ,1986,53067
Households,Investment fund shares/units ,1987,49377
Households,Investment fund shares/units ,1988,91220
Households,Investment fund shares/units ,1989,125150
Households,Investment fund shares/units ,1990,99508
Households,Investment fund shares/units ,1991,83022
Households,Investment fund shares/units ,1992,86067
Households,Investment fund shares/units ,1993,119684
Households,Investment fund shares/units ,1994,119974
Households,Investment fund shares/units ,1995,132606
Households,Investment fund shares/units ,1996,176569
Households,Investment fund shares/units ,1997,276480
Households,Investment fund shares/units ,1998,340146
Households,Investment fund shares/units ,1999,530206
Households,Investment fund shares/units ,2000,493380
Households,Investment fund shares/units ,2001,422602
Households,Investment fund shares/units ,2002,293245
Households,Investment fund shares/units ,2003,358322
Households,Investment fund shares/units ,2004,402125
Households,Investment fund shares/units ,2005,550045
Households,Investment fund shares/units ,2006,671600
Households,Investment fund shares/units ,2007,627831
Households,Investment fund shares/units ,2008,448067
Households,Investment fund shares/units ,2009,587530
Households,Investment fund shares/units ,2010,656916
Households,Investment fund shares/units ,2011,569331
Households,Investment fund shares/units ,2012,589841
Households,Investment fund shares/units ,2013,727993
Households,Investment fund shares/units ,2014,856381
Households,Investment fund shares/units ,2015,941625
Households,Investment fund shares/units ,2016,1036921
Households,Investment fund shares/units ,2017,1173451
Households,Investment fund shares/units ,2018,1130705
Households,Investment fund shares/units ,2019,1444500
Households,Investment fund shares/units ,2020,1563178
Households,Investment fund shares/units ,2021,1924113
Households,Investment fund shares/units ,2022,1617104
Households,Investment fund shares/units ,2023,1920581
Households,Investment fund shares/units ,2024,2243298
Households,Investment fund shares/units ,2025,2363754
Households,"Insurance, pension and standardised guarantee schemes ",1980,80444
Households,"Insurance, pension and standardised guarantee schemes ",1981,90151
Households,"Insurance, pension and standardised guarantee schemes ",1982,102591
Households,"Insurance, pension and standardised guarantee schemes ",1983,123858
Households,"Insurance, pension and standardised guarantee schemes ",1984,145974
Households,"Insurance, pension and standardised guarantee schemes ",1985,171157
Households,"Insurance, pension and standardised guarantee schemes ",1986,202368
Households,"Insurance, pension and standardised guarantee schemes ",1987,210016
Households,"Insurance, pension and standardised guarantee schemes ",1988,245951
Households,"Insurance, pension and standardised guarantee schemes ",1989,299688
Households,"Insurance, pension and standardised guarantee schemes ",1990,351760
Households,"Insurance, pension and standardised guarantee schemes ",1991,396447
Households,"Insurance, pension and standardised guarantee schemes ",1992,453910
Households,"Insurance, pension and standardised guarantee schemes ",1993,507973
Households,"Insurance, pension and standardised guarantee schemes ",1994,562763
Households,"Insurance, pension and standardised guarantee schemes ",1995,692321
Households,"Insurance, pension and standardised guarantee schemes ",1996,806331
Households,"Insurance, pension and standardised guarantee schemes ",1997,1037661
Households,"Insurance, pension and standardised guarantee schemes ",1998,1224555
Households,"Insurance, pension and standardised guarantee schemes ",1999,1458178
Households,"Insurance, pension and standardised guarantee schemes ",2000,1613338
Households,"Insurance, pension and standardised guarantee schemes ",2001,1706422
Households,"Insurance, pension and standardised guarantee schemes ",2002,1947987
Households,"Insurance, pension and standardised guarantee schemes ",2003,2002539
Households,"Insurance, pension and standardised guarantee schemes ",2004,2091248
Households,"Insurance, pension and standardised guarantee schemes ",2005,2384761
Households,"Insurance, pension and standardised guarantee schemes ",2006,2370296
Households,"Insurance, pension and standardised guarantee schemes ",2007,2550949
Households,"Insurance, pension and standardised guarantee schemes ",2008,2833542
Households,"Insurance, pension and standardised guarantee schemes ",2009,2851755
Households,"Insurance, pension and standardised guarantee schemes ",2010,3272584
Households,"Insurance, pension and standardised guarantee schemes ",2011,3323871
Households,"Insurance, pension and standardised guarantee schemes ",2012,3412993
Households,"Insurance, pension and standardised guarantee schemes ",2013,3809613
Households,"Insurance, pension and standardised guarantee schemes ",2014,4340220
Households,"Insurance, pension and standardised guarantee schemes ",2015,4538497
Households,"Insurance, pension and standardised guarantee schemes ",2016,4766820
Households,"Insurance, pension and standardised guarantee schemes ",2017,5139848
Households,"Insurance, pension and standardised guarantee schemes ",2018,5203409
Households,"Insurance, pension and standardised guarantee schemes ",2019,6069957
Households,"Insurance, pension and standardised guarantee schemes ",2020,6481092
Households,"Insurance, pension and standardised guarantee schemes ",2021,7478014
Households,"Insurance, pension and standardised guarantee schemes ",2022,6814337
Households,"Insurance, pension and standardised guarantee schemes ",2023,7540243
Households,"Insurance, pension and standardised guarantee schemes ",2024,8746042
Households,"Insurance, pension and standardised guarantee schemes ",2025,9151473
Households,Financial derivatives and employee stock options ,1980,NA
Households,Financial derivatives and employee stock options ,1981,NA
Households,Financial derivatives and employee stock options ,1982,NA
Households,Financial derivatives and employee stock options ,1983,NA
Households,Financial derivatives and employee stock options ,1984,NA
Households,Financial derivatives and employee stock options ,1985,NA
Households,Financial derivatives and employee stock options ,1986,NA
Households,Financial derivatives and employee stock options ,1987,NA
Households,Financial derivatives and employee stock options ,1988,NA
Households,Financial derivatives and employee stock options ,1989,NA
Households,Financial derivatives and employee stock options ,1990,NA
Households,Financial derivatives and employee stock options ,1991,NA
Households,Financial derivatives and employee stock options ,1992,NA
Households,Financial derivatives and employee stock options ,1993,NA
Households,Financial derivatives and employee stock options ,1994,NA
Households,Financial derivatives and employee stock options ,1995,NA
Households,Financial derivatives and employee stock options ,1996,NA
Households,Financial derivatives and employee stock options ,1997,NA
Households,Financial derivatives and employee stock options ,1998,NA
Households,Financial derivatives and employee stock options ,1999,NA
Households,Financial derivatives and employee stock options ,2000,NA
Households,Financial derivatives and employee stock options ,2001,NA
Households,Financial derivatives and employee stock options ,2002,NA
Households,Financial derivatives and employee stock options ,2003,NA
Households,Financial derivatives and employee stock options ,2004,NA
Households,Financial derivatives and employee stock options ,2005,NA
Households,Financial derivatives and employee stock options ,2006,19465
Households,Financial derivatives and employee stock options ,2007,17365
Households,Financial derivatives and employee stock options ,2008,901
Households,Financial derivatives and employee stock options ,2009,4663
Households,Financial derivatives and employee stock options ,2010,6191
Households,Financial derivatives and employee stock options ,2011,2937
Households,Financial derivatives and employee stock options ,2012,2795
Households,Financial derivatives and employee stock options ,2013,2866
Households,Financial derivatives and employee stock options ,2014,1955
Households,Financial derivatives and employee stock options ,2015,1821
Households,Financial derivatives and employee stock options ,2016,1317
Households,Financial derivatives and employee stock options ,2017,1473
Households,Financial derivatives and employee stock options ,2018,433
Households,Financial derivatives and employee stock options ,2019,318
Households,Financial derivatives and employee stock options ,2020,211
Households,Financial derivatives and employee stock options ,2021,171
Households,Financial derivatives and employee stock options ,2022,141
Households,Financial derivatives and employee stock options ,2023,228
Households,Financial derivatives and employee stock options ,2024,14155
Households,Financial derivatives and employee stock options ,2025,700
Households,Other accounts receivable/payable ,1980,1628
Households,Other accounts receivable/payable ,1981,1729
Households,Other accounts receivable/payable ,1982,1836
Households,Other accounts receivable/payable ,1983,1950
Households,Other accounts receivable/payable ,1984,2071
Households,Other accounts receivable/payable ,1985,2200
Households,Other accounts receivable/payable ,1986,2366
Households,Other accounts receivable/payable ,1987,2513
Households,Other accounts receivable/payable ,1988,2668
Households,Other accounts receivable/payable ,1989,2834
Households,Other accounts receivable/payable ,1990,3010
Households,Other accounts receivable/payable ,1991,3197
Households,Other accounts receivable/payable ,1992,3394
Households,Other accounts receivable/payable ,1993,3604
Households,Other accounts receivable/payable ,1994,3828
Households,Other accounts receivable/payable ,1995,4065
Households,Other accounts receivable/payable ,1996,4318
Households,Other accounts receivable/payable ,1997,5623
Households,Other accounts receivable/payable ,1998,6204
Households,Other accounts receivable/payable ,1999,7064
Households,Other accounts receivable/payable ,2000,8759
Households,Other accounts receivable/payable ,2001,89609
Households,Other accounts receivable/payable ,2002,91433
Households,Other accounts receivable/payable ,2003,93593
Households,Other accounts receivable/payable ,2004,85646
Households,Other accounts receivable/payable ,2005,94161
Households,Other accounts receivable/payable ,2006,95704
Households,Other accounts receivable/payable ,2007,99508
Households,Other accounts receivable/payable ,2008,99730
Households,Other accounts receivable/payable ,2009,90905
Households,Other accounts receivable/payable ,2010,96060
Households,Other accounts receivable/payable ,2011,100333
Households,Other accounts receivable/payable ,2012,103786
Households,Other accounts receivable/payable ,2013,104901
Households,Other accounts receivable/payable ,2014,106855
Households,Other accounts receivable/payable ,2015,162220
Households,Other accounts receivable/payable ,2016,184884
Households,Other accounts receivable/payable ,2017,205875
Households,Other accounts receivable/payable ,2018,241485
Households,Other accounts receivable/payable ,2019,289515
Households,Other accounts receivable/payable ,2020,347093
Households,Other accounts receivable/payable ,2021,358265
Households,Other accounts receivable/payable ,2022,432052
Households,Other accounts receivable/payable ,2023,408031
Households,Other accounts receivable/payable ,2024,534578
Households,Other accounts receivable/payable ,2025,702126
Households,"Liabilities, total",1980,282136
Households,"Liabilities, total",1981,312177
Households,"Liabilities, total",1982,351389
Households,"Liabilities, total",1983,383988
Households,"Liabilities, total",1984,426391
Households,"Liabilities, total",1985,460119
Households,"Liabilities, total",1986,546443
Households,"Liabilities, total",1987,619347
Households,"Liabilities, total",1988,740342
Households,"Liabilities, total",1989,803651
Households,"Liabilities, total",1990,844897
Households,"Liabilities, total",1991,842867
Households,"Liabilities, total",1992,831426
Households,"Liabilities, total",1993,821501
Households,"Liabilities, total",1994,815424
Households,"Liabilities, total",1995,836122
Households,"Liabilities, total",1996,857317
Households,"Liabilities, total",1997,906933
Households,"Liabilities, total",1998,964309
Households,"Liabilities, total",1999,1046624
Households,"Liabilities, total",2000,1142931
Households,"Liabilities, total",2001,1363730
Households,"Liabilities, total",2002,1456858
Households,"Liabilities, total",2003,1573303
Households,"Liabilities, total",2004,1724006
Households,"Liabilities, total",2005,1909053
Households,"Liabilities, total",2006,2118846
Households,"Liabilities, total",2007,2324833
Households,"Liabilities, total",2008,2469204
Households,"Liabilities, total",2009,2655622
Households,"Liabilities, total",2010,2863581
Households,"Liabilities, total",2011,2991947
Households,"Liabilities, total",2012,3096177
Households,"Liabilities, total",2013,3221033
Households,"Liabilities, total",2014,3394763
Households,"Liabilities, total",2015,3634098
Households,"Liabilities, total",2016,3912290
Households,"Liabilities, total",2017,4169939
Households,"Liabilities, total",2018,4398353
Households,"Liabilities, total",2019,4613029
Households,"Liabilities, total",2020,4889477
Households,"Liabilities, total",2021,5222378
Households,"Liabilities, total",2022,5429737
Households,"Liabilities, total",2023,5470415
Households,"Liabilities, total",2024,5539590
Households,"Liabilities, total",2025,5666787
Households,Monetary gold and SDRs ,1980,NA
Households,Monetary gold and SDRs ,1981,NA
Households,Monetary gold and SDRs ,1982,NA
Households,Monetary gold and SDRs ,1983,NA
Households,Monetary gold and SDRs ,1984,NA
Households,Monetary gold and SDRs ,1985,NA
Households,Monetary gold and SDRs ,1986,NA
Households,Monetary gold and SDRs ,1987,NA
Households,Monetary gold and SDRs ,1988,NA
Households,Monetary gold and SDRs ,1989,NA
Households,Monetary gold and SDRs ,1990,NA
Households,Monetary gold and SDRs ,1991,NA
Households,Monetary gold and SDRs ,1992,NA
Households,Monetary gold and SDRs ,1993,NA
Households,Monetary gold and SDRs ,1994,NA
Households,Monetary gold and SDRs ,1995,NA
Households,Monetary gold and SDRs ,1996,NA
Households,Monetary gold and SDRs ,1997,NA
Households,Monetary gold and SDRs ,1998,NA
Households,Monetary gold and SDRs ,1999,NA
Households,Monetary gold and SDRs ,2000,NA
Households,Monetary gold and SDRs ,2001,NA
Households,Monetary gold and SDRs ,2002,NA
Households,Monetary gold and SDRs ,2003,NA
Households,Monetary gold and SDRs ,2004,NA
Households,Monetary gold and SDRs ,2005,NA
Households,Monetary gold and SDRs ,2006,NA
Households,Monetary gold and SDRs ,2007,NA
Households,Monetary gold and SDRs ,2008,NA
Households,Monetary gold and SDRs ,2009,NA
Households,Monetary gold and SDRs ,2010,NA
Households,Monetary gold and SDRs ,2011,NA
Households,Monetary gold and SDRs ,2012,NA
Households,Monetary gold and SDRs ,2013,NA
Households,Monetary gold and SDRs ,2014,NA
Households,Monetary gold and SDRs ,2015,NA
Households,Monetary gold and SDRs ,2016,NA
Households,Monetary gold and SDRs ,2017,NA
Households,Monetary gold and SDRs ,2018,NA
Households,Monetary gold and SDRs ,2019,NA
Households,Monetary gold and SDRs ,2020,NA
Households,Monetary gold and SDRs ,2021,NA
Households,Monetary gold and SDRs ,2022,NA
Households,Monetary gold and SDRs ,2023,NA
Households,Monetary gold and SDRs ,2024,NA
Households,Monetary gold and SDRs ,2025,NA
Households,Currency and deposits,1980,NA
Households,Currency and deposits,1981,NA
Households,Currency and deposits,1982,NA
Households,Currency and deposits,1983,NA
Households,Currency and deposits,1984,NA
Households,Currency and deposits,1985,NA
Households,Currency and deposits,1986,NA
Households,Currency and deposits,1987,NA
Households,Currency and deposits,1988,NA
Households,Currency and deposits,1989,NA
Households,Currency and deposits,1990,NA
Households,Currency and deposits,1991,NA
Households,Currency and deposits,1992,NA
Households,Currency and deposits,1993,NA
Households,Currency and deposits,1994,NA
Households,Currency and deposits,1995,NA
Households,Currency and deposits,1996,NA
Households,Currency and deposits,1997,NA
Households,Currency and deposits,1998,NA
Households,Currency and deposits,1999,NA
Households,Currency and deposits,2000,NA
Households,Currency and deposits,2001,NA
Households,Currency and deposits,2002,NA
Households,Currency and deposits,2003,NA
Households,Currency and deposits,2004,NA
Households,Currency and deposits,2005,NA
Households,Currency and deposits,2006,NA
Households,Currency and deposits,2007,NA
Households,Currency and deposits,2008,NA
Households,Currency and deposits,2009,NA
Households,Currency and deposits,2010,NA
Households,Currency and deposits,2011,NA
Households,Currency and deposits,2012,NA
Households,Currency and deposits,2013,NA
Households,Currency and deposits,2014,NA
Households,Currency and deposits,2015,NA
Households,Currency and deposits,2016,NA
Households,Currency and deposits,2017,NA
Households,Currency and deposits,2018,NA
Households,Currency and deposits,2019,NA
Households,Currency and deposits,2020,NA
Households,Currency and deposits,2021,NA
Households,Currency and deposits,2022,NA
Households,Currency and deposits,2023,NA
Households,Currency and deposits,2024,NA
Households,Currency and deposits,2025,NA
Households,Debt securities,1980,NA
Households,Debt securities,1981,NA
Households,Debt securities,1982,NA
Households,Debt securities,1983,NA
Households,Debt securities,1984,NA
Households,Debt securities,1985,NA
Households,Debt securities,1986,NA
Households,Debt securities,1987,NA
Households,Debt securities,1988,NA
Households,Debt securities,1989,NA
Households,Debt securities,1990,NA
Households,Debt securities,1991,NA
Households,Debt securities,1992,NA
Households,Debt securities,1993,NA
Households,Debt securities,1994,NA
Households,Debt securities,1995,NA
Households,Debt securities,1996,NA
Households,Debt securities,1997,NA
Households,Debt securities,1998,NA
Households,Debt securities,1999,NA
Households,Debt securities,2000,NA
Households,Debt securities,2001,NA
Households,Debt securities,2002,NA
Households,Debt securities,2003,NA
Households,Debt securities,2004,NA
Households,Debt securities,2005,NA
Households,Debt securities,2006,NA
Households,Debt securities,2007,NA
Households,Debt securities,2008,NA
Households,Debt securities,2009,NA
Households,Debt securities,2010,NA
Households,Debt securities,2011,NA
Households,Debt securities,2012,NA
Households,Debt securities,2013,NA
Households,Debt securities,2014,NA
Households,Debt securities,2015,NA
Households,Debt securities,2016,NA
Households,Debt securities,2017,NA
Households,Debt securities,2018,NA
Households,Debt securities,2019,NA
Households,Debt securities,2020,NA
Households,Debt securities,2021,NA
Households,Debt securities,2022,NA
Households,Debt securities,2023,NA
Households,Debt securities,2024,NA
Households,Debt securities,2025,NA
Households,Loans,1980,278288
Households,Loans,1981,308110
Households,Loans,1982,347090
Households,Loans,1983,379444
Households,Loans,1984,421588
Households,Loans,1985,455042
Households,Loans,1986,541077
Households,Loans,1987,613675
Households,Loans,1988,734347
Households,Loans,1989,797314
Households,Loans,1990,838199
Households,Loans,1991,835787
Households,Loans,1992,823943
Households,Loans,1993,813591
Households,Loans,1994,807063
Households,Loans,1995,827284
Households,Loans,1996,847976
Households,Loans,1997,896571
Households,Loans,1998,952007
Households,Loans,1999,1033288
Households,Loans,2000,1125728
Households,Loans,2001,1223387
Households,Loans,2002,1319791
Households,Loans,2003,1438785
Households,Loans,2004,1591021
Households,Loans,2005,1763962
Households,Loans,2006,1952046
Households,Loans,2007,2139160
Households,Loans,2008,2315162
Households,Loans,2009,2511517
Households,Loans,2010,2699622
Households,Loans,2011,2837814
Households,Loans,2012,2954166
Households,Loans,2013,3089271
Households,Loans,2014,3265230
Households,Loans,2015,3497358
Households,Loans,2016,3766863
Households,Loans,2017,4017245
Households,Loans,2018,4236752
Households,Loans,2019,4452690
Households,Loans,2020,4700535
Households,Loans,2021,5021668
Households,Loans,2022,5208229
Households,Loans,2023,5230041
Households,Loans,2024,5309225
Households,Loans,2025,5454604
Households,Equity and investment fund shares/units,1980,NA
Households,Equity and investment fund shares/units,1981,NA
Households,Equity and investment fund shares/units,1982,NA
Households,Equity and investment fund shares/units,1983,NA
Households,Equity and investment fund shares/units,1984,NA
Households,Equity and investment fund shares/units,1985,NA
Households,Equity and investment fund shares/units,1986,NA
Households,Equity and investment fund shares/units,1987,NA
Households,Equity and investment fund shares/units,1988,NA
Households,Equity and investment fund shares/units,1989,NA
Households,Equity and investment fund shares/units,1990,NA
Households,Equity and investment fund shares/units,1991,NA
Households,Equity and investment fund shares/units,1992,NA
Households,Equity and investment fund shares/units,1993,NA
Households,Equity and investment fund shares/units,1994,NA
Households,Equity and investment fund shares/units,1995,NA
Households,Equity and investment fund shares/units,1996,NA
Households,Equity and investment fund shares/units,1997,NA
Households,Equity and investment fund shares/units,1998,NA
Households,Equity and investment fund shares/units,1999,NA
Households,Equity and investment fund shares/units,2000,NA
Households,Equity and investment fund shares/units,2001,NA
Households,Equity and investment fund shares/units,2002,NA
Households,Equity and investment fund shares/units,2003,NA
Households,Equity and investment fund shares/units,2004,NA
Households,Equity and investment fund shares/units,2005,NA
Households,Equity and investment fund shares/units,2006,NA
Households,Equity and investment fund shares/units,2007,NA
Households,Equity and investment fund shares/units,2008,NA
Households,Equity and investment fund shares/units,2009,NA
Households,Equity and investment fund shares/units,2010,NA
Households,Equity and investment fund shares/units,2011,NA
Households,Equity and investment fund shares/units,2012,NA
Households,Equity and investment fund shares/units,2013,NA
Households,Equity and investment fund shares/units,2014,NA
Households,Equity and investment fund shares/units,2015,NA
Households,Equity and investment fund shares/units,2016,NA
Households,Equity and investment fund shares/units,2017,NA
Households,Equity and investment fund shares/units,2018,NA
Households,Equity and investment fund shares/units,2019,NA
Households,Equity and investment fund shares/units,2020,NA
Households,Equity and investment fund shares/units,2021,NA
Households,Equity and investment fund shares/units,2022,NA
Households,Equity and investment fund shares/units,2023,NA
Households,Equity and investment fund shares/units,2024,NA
Households,Equity and investment fund shares/units,2025,NA
Households,Listed shares ,1980,NA
Households,Listed shares ,1981,NA
Households,Listed shares ,1982,NA
Households,Listed shares ,1983,NA
Households,Listed shares ,1984,NA
Households,Listed shares ,1985,NA
Households,Listed shares ,1986,NA
Households,Listed shares ,1987,NA
Households,Listed shares ,1988,NA
Households,Listed shares ,1989,NA
Households,Listed shares ,1990,NA
Households,Listed shares ,1991,NA
Households,Listed shares ,1992,NA
Households,Listed shares ,1993,NA
Households,Listed shares ,1994,NA
Households,Listed shares ,1995,NA
Households,Listed shares ,1996,NA
Households,Listed shares ,1997,NA
Households,Listed shares ,1998,NA
Households,Listed shares ,1999,NA
Households,Listed shares ,2000,NA
Households,Listed shares ,2001,NA
Households,Listed shares ,2002,NA
Households,Listed shares ,2003,NA
Households,Listed shares ,2004,NA
Households,Listed shares ,2005,NA
Households,Listed shares ,2006,NA
Households,Listed shares ,2007,NA
Households,Listed shares ,2008,NA
Households,Listed shares ,2009,NA
Households,Listed shares ,2010,NA
Households,Listed shares ,2011,NA
Households,Listed shares ,2012,NA
Households,Listed shares ,2013,NA
Households,Listed shares ,2014,NA
Households,Listed shares ,2015,NA
Households,Listed shares ,2016,NA
Households,Listed shares ,2017,NA
Households,Listed shares ,2018,NA
Households,Listed shares ,2019,NA
Households,Listed shares ,2020,NA
Households,Listed shares ,2021,NA
Households,Listed shares ,2022,NA
Households,Listed shares ,2023,NA
Households,Listed shares ,2024,NA
Households,Listed shares ,2025,NA
Households,Unlisted shares ,1980,NA
Households,Unlisted shares ,1981,NA
Households,Unlisted shares ,1982,NA
Households,Unlisted shares ,1983,NA
Households,Unlisted shares ,1984,NA
Households,Unlisted shares ,1985,NA
Households,Unlisted shares ,1986,NA
Households,Unlisted shares ,1987,NA
Households,Unlisted shares ,1988,NA
Households,Unlisted shares ,1989,NA
Households,Unlisted shares ,1990,NA
Households,Unlisted shares ,1991,NA
Households,Unlisted shares ,1992,NA
Households,Unlisted shares ,1993,NA
Households,Unlisted shares ,1994,NA
Households,Unlisted shares ,1995,NA
Households,Unlisted shares ,1996,NA
Households,Unlisted shares ,1997,NA
Households,Unlisted shares ,1998,NA
Households,Unlisted shares ,1999,NA
Households,Unlisted shares ,2000,NA
Households,Unlisted shares ,2001,NA
Households,Unlisted shares ,2002,NA
Households,Unlisted shares ,2003,NA
Households,Unlisted shares ,2004,NA
Households,Unlisted shares ,2005,NA
Households,Unlisted shares ,2006,NA
Households,Unlisted shares ,2007,NA
Households,Unlisted shares ,2008,NA
Households,Unlisted shares ,2009,NA
Households,Unlisted shares ,2010,NA
Households,Unlisted shares ,2011,NA
Households,Unlisted shares ,2012,NA
Households,Unlisted shares ,2013,NA
Households,Unlisted shares ,2014,NA
Households,Unlisted shares ,2015,NA
Households,Unlisted shares ,2016,NA
Households,Unlisted shares ,2017,NA
Households,Unlisted shares ,2018,NA
Households,Unlisted shares ,2019,NA
Households,Unlisted shares ,2020,NA
Households,Unlisted shares ,2021,NA
Households,Unlisted shares ,2022,NA
Households,Unlisted shares ,2023,NA
Households,Unlisted shares ,2024,NA
Households,Unlisted shares ,2025,NA
Households,Other equity,1980,NA
Households,Other equity,1981,NA
Households,Other equity,1982,NA
Households,Other equity,1983,NA
Households,Other equity,1984,NA
Households,Other equity,1985,NA
Households,Other equity,1986,NA
Households,Other equity,1987,NA
Households,Other equity,1988,NA
Households,Other equity,1989,NA
Households,Other equity,1990,NA
Households,Other equity,1991,NA
Households,Other equity,1992,NA
Households,Other equity,1993,NA
Households,Other equity,1994,NA
Households,Other equity,1995,NA
Households,Other equity,1996,NA
Households,Other equity,1997,NA
Households,Other equity,1998,NA
Households,Other equity,1999,NA
Households,Other equity,2000,NA
Households,Other equity,2001,NA
Households,Other equity,2002,NA
Households,Other equity,2003,NA
Households,Other equity,2004,NA
Households,Other equity,2005,NA
Households,Other equity,2006,NA
Households,Other equity,2007,NA
Households,Other equity,2008,NA
Households,Other equity,2009,NA
Households,Other equity,2010,NA
Households,Other equity,2011,NA
Households,Other equity,2012,NA
Households,Other equity,2013,NA
Households,Other equity,2014,NA
Households,Other equity,2015,NA
Households,Other equity,2016,NA
Households,Other equity,2017,NA
Households,Other equity,2018,NA
Households,Other equity,2019,NA
Households,Other equity,2020,NA
Households,Other equity,2021,NA
Households,Other equity,2022,NA
Households,Other equity,2023,NA
Households,Other equity,2024,NA
Households,Other equity,2025,NA
Households,"Other equity, tenant ownership rights",1980,NA
Households,"Other equity, tenant ownership rights",1981,NA
Households,"Other equity, tenant ownership rights",1982,NA
Households,"Other equity, tenant ownership rights",1983,NA
Households,"Other equity, tenant ownership rights",1984,NA
Households,"Other equity, tenant ownership rights",1985,NA
Households,"Other equity, tenant ownership rights",1986,NA
Households,"Other equity, tenant ownership rights",1987,NA
Households,"Other equity, tenant ownership rights",1988,NA
Households,"Other equity, tenant ownership rights",1989,NA
Households,"Other equity, tenant ownership rights",1990,NA
Households,"Other equity, tenant ownership rights",1991,NA
Households,"Other equity, tenant ownership rights",1992,NA
Households,"Other equity, tenant ownership rights",1993,NA
Households,"Other equity, tenant ownership rights",1994,NA
Households,"Other equity, tenant ownership rights",1995,NA
Households,"Other equity, tenant ownership rights",1996,NA
Households,"Other equity, tenant ownership rights",1997,NA
Households,"Other equity, tenant ownership rights",1998,NA
Households,"Other equity, tenant ownership rights",1999,NA
Households,"Other equity, tenant ownership rights",2000,NA
Households,"Other equity, tenant ownership rights",2001,NA
Households,"Other equity, tenant ownership rights",2002,NA
Households,"Other equity, tenant ownership rights",2003,NA
Households,"Other equity, tenant ownership rights",2004,NA
Households,"Other equity, tenant ownership rights",2005,NA
Households,"Other equity, tenant ownership rights",2006,NA
Households,"Other equity, tenant ownership rights",2007,NA
Households,"Other equity, tenant ownership rights",2008,NA
Households,"Other equity, tenant ownership rights",2009,NA
Households,"Other equity, tenant ownership rights",2010,NA
Households,"Other equity, tenant ownership rights",2011,NA
Households,"Other equity, tenant ownership rights",2012,NA
Households,"Other equity, tenant ownership rights",2013,NA
Households,"Other equity, tenant ownership rights",2014,NA
Households,"Other equity, tenant ownership rights",2015,NA
Households,"Other equity, tenant ownership rights",2016,NA
Households,"Other equity, tenant ownership rights",2017,NA
Households,"Other equity, tenant ownership rights",2018,NA
Households,"Other equity, tenant ownership rights",2019,NA
Households,"Other equity, tenant ownership rights",2020,NA
Households,"Other equity, tenant ownership rights",2021,NA
Households,"Other equity, tenant ownership rights",2022,NA
Households,"Other equity, tenant ownership rights",2023,NA
Households,"Other equity, tenant ownership rights",2024,NA
Households,"Other equity, tenant ownership rights",2025,NA
Households,"Other equity, secondary homes abroad",1980,NA
Households,"Other equity, secondary homes abroad",1981,NA
Households,"Other equity, secondary homes abroad",1982,NA
Households,"Other equity, secondary homes abroad",1983,NA
Households,"Other equity, secondary homes abroad",1984,NA
Households,"Other equity, secondary homes abroad",1985,NA
Households,"Other equity, secondary homes abroad",1986,NA
Households,"Other equity, secondary homes abroad",1987,NA
Households,"Other equity, secondary homes abroad",1988,NA
Households,"Other equity, secondary homes abroad",1989,NA
Households,"Other equity, secondary homes abroad",1990,NA
Households,"Other equity, secondary homes abroad",1991,NA
Households,"Other equity, secondary homes abroad",1992,NA
Households,"Other equity, secondary homes abroad",1993,NA
Households,"Other equity, secondary homes abroad",1994,NA
Households,"Other equity, secondary homes abroad",1995,NA
Households,"Other equity, secondary homes abroad",1996,NA
Households,"Other equity, secondary homes abroad",1997,NA
Households,"Other equity, secondary homes abroad",1998,NA
Households,"Other equity, secondary homes abroad",1999,NA
Households,"Other equity, secondary homes abroad",2000,NA
Households,"Other equity, secondary homes abroad",2001,NA
Households,"Other equity, secondary homes abroad",2002,NA
Households,"Other equity, secondary homes abroad",2003,NA
Households,"Other equity, secondary homes abroad",2004,NA
Households,"Other equity, secondary homes abroad",2005,NA
Households,"Other equity, secondary homes abroad",2006,NA
Households,"Other equity, secondary homes abroad",2007,NA
Households,"Other equity, secondary homes abroad",2008,NA
Households,"Other equity, secondary homes abroad",2009,NA
Households,"Other equity, secondary homes abroad",2010,NA
Households,"Other equity, secondary homes abroad",2011,NA
Households,"Other equity, secondary homes abroad",2012,NA
Households,"Other equity, secondary homes abroad",2013,NA
Households,"Other equity, secondary homes abroad",2014,NA
Households,"Other equity, secondary homes abroad",2015,NA
Households,"Other equity, secondary homes abroad",2016,NA
Households,"Other equity, secondary homes abroad",2017,NA
Households,"Other equity, secondary homes abroad",2018,NA
Households,"Other equity, secondary homes abroad",2019,NA
Households,"Other equity, secondary homes abroad",2020,NA
Households,"Other equity, secondary homes abroad",2021,NA
Households,"Other equity, secondary homes abroad",2022,NA
Households,"Other equity, secondary homes abroad",2023,NA
Households,"Other equity, secondary homes abroad",2024,NA
Households,"Other equity, secondary homes abroad",2025,NA
Households,"Other equity, other",1980,NA
Households,"Other equity, other",1981,NA
Households,"Other equity, other",1982,NA
Households,"Other equity, other",1983,NA
Households,"Other equity, other",1984,NA
Households,"Other equity, other",1985,NA
Households,"Other equity, other",1986,NA
Households,"Other equity, other",1987,NA
Households,"Other equity, other",1988,NA
Households,"Other equity, other",1989,NA
Households,"Other equity, other",1990,NA
Households,"Other equity, other",1991,NA
Households,"Other equity, other",1992,NA
Households,"Other equity, other",1993,NA
Households,"Other equity, other",1994,NA
Households,"Other equity, other",1995,NA
Households,"Other equity, other",1996,NA
Households,"Other equity, other",1997,NA
Households,"Other equity, other",1998,NA
Households,"Other equity, other",1999,NA
Households,"Other equity, other",2000,NA
Households,"Other equity, other",2001,NA
Households,"Other equity, other",2002,NA
Households,"Other equity, other",2003,NA
Households,"Other equity, other",2004,NA
Households,"Other equity, other",2005,NA
Households,"Other equity, other",2006,NA
Households,"Other equity, other",2007,NA
Households,"Other equity, other",2008,NA
Households,"Other equity, other",2009,NA
Households,"Other equity, other",2010,NA
Households,"Other equity, other",2011,NA
Households,"Other equity, other",2012,NA
Households,"Other equity, other",2013,NA
Households,"Other equity, other",2014,NA
Households,"Other equity, other",2015,NA
Households,"Other equity, other",2016,NA
Households,"Other equity, other",2017,NA
Households,"Other equity, other",2018,NA
Households,"Other equity, other",2019,NA
Households,"Other equity, other",2020,NA
Households,"Other equity, other",2021,NA
Households,"Other equity, other",2022,NA
Households,"Other equity, other",2023,NA
Households,"Other equity, other",2024,NA
Households,"Other equity, other",2025,NA
Households,Investment fund shares/units ,1980,NA
Households,Investment fund shares/units ,1981,NA
Households,Investment fund shares/units ,1982,NA
Households,Investment fund shares/units ,1983,NA
Households,Investment fund shares/units ,1984,NA
Households,Investment fund shares/units ,1985,NA
Households,Investment fund shares/units ,1986,NA
Households,Investment fund shares/units ,1987,NA
Households,Investment fund shares/units ,1988,NA
Households,Investment fund shares/units ,1989,NA
Households,Investment fund shares/units ,1990,NA
Households,Investment fund shares/units ,1991,NA
Households,Investment fund shares/units ,1992,NA
Households,Investment fund shares/units ,1993,NA
Households,Investment fund shares/units ,1994,NA
Households,Investment fund shares/units ,1995,NA
Households,Investment fund shares/units ,1996,NA
Households,Investment fund shares/units ,1997,NA
Households,Investment fund shares/units ,1998,NA
Households,Investment fund shares/units ,1999,NA
Households,Investment fund shares/units ,2000,NA
Households,Investment fund shares/units ,2001,NA
Households,Investment fund shares/units ,2002,NA
Households,Investment fund shares/units ,2003,NA
Households,Investment fund shares/units ,2004,NA
Households,Investment fund shares/units ,2005,NA
Households,Investment fund shares/units ,2006,NA
Households,Investment fund shares/units ,2007,NA
Households,Investment fund shares/units ,2008,NA
Households,Investment fund shares/units ,2009,NA
Households,Investment fund shares/units ,2010,NA
Households,Investment fund shares/units ,2011,NA
Households,Investment fund shares/units ,2012,NA
Households,Investment fund shares/units ,2013,NA
Households,Investment fund shares/units ,2014,NA
Households,Investment fund shares/units ,2015,NA
Households,Investment fund shares/units ,2016,NA
Households,Investment fund shares/units ,2017,NA
Households,Investment fund shares/units ,2018,NA
Households,Investment fund shares/units ,2019,NA
Households,Investment fund shares/units ,2020,NA
Households,Investment fund shares/units ,2021,NA
Households,Investment fund shares/units ,2022,NA
Households,Investment fund shares/units ,2023,NA
Households,Investment fund shares/units ,2024,NA
Households,Investment fund shares/units ,2025,NA
Households,"Insurance, pension and standardised guarantee schemes ",1980,NA
Households,"Insurance, pension and standardised guarantee schemes ",1981,NA
Households,"Insurance, pension and standardised guarantee schemes ",1982,NA
Households,"Insurance, pension and standardised guarantee schemes ",1983,NA
Households,"Insurance, pension and standardised guarantee schemes ",1984,NA
Households,"Insurance, pension and standardised guarantee schemes ",1985,NA
Households,"Insurance, pension and standardised guarantee schemes ",1986,NA
Households,"Insurance, pension and standardised guarantee schemes ",1987,NA
Households,"Insurance, pension and standardised guarantee schemes ",1988,NA
Households,"Insurance, pension and standardised guarantee schemes ",1989,NA
Households,"Insurance, pension and standardised guarantee schemes ",1990,NA
Households,"Insurance, pension and standardised guarantee schemes ",1991,NA
Households,"Insurance, pension and standardised guarantee schemes ",1992,NA
Households,"Insurance, pension and standardised guarantee schemes ",1993,NA
Households,"Insurance, pension and standardised guarantee schemes ",1994,NA
Households,"Insurance, pension and standardised guarantee schemes ",1995,NA
Households,"Insurance, pension and standardised guarantee schemes ",1996,NA
Households,"Insurance, pension and standardised guarantee schemes ",1997,NA
Households,"Insurance, pension and standardised guarantee schemes ",1998,NA
Households,"Insurance, pension and standardised guarantee schemes ",1999,NA
Households,"Insurance, pension and standardised guarantee schemes ",2000,NA
Households,"Insurance, pension and standardised guarantee schemes ",2001,NA
Households,"Insurance, pension and standardised guarantee schemes ",2002,NA
Households,"Insurance, pension and standardised guarantee schemes ",2003,NA
Households,"Insurance, pension and standardised guarantee schemes ",2004,NA
Households,"Insurance, pension and standardised guarantee schemes ",2005,NA
Households,"Insurance, pension and standardised guarantee schemes ",2006,NA
Households,"Insurance, pension and standardised guarantee schemes ",2007,NA
Households,"Insurance, pension and standardised guarantee schemes ",2008,NA
Households,"Insurance, pension and standardised guarantee schemes ",2009,NA
Households,"Insurance, pension and standardised guarantee schemes ",2010,NA
Households,"Insurance, pension and standardised guarantee schemes ",2011,NA
Households,"Insurance, pension and standardised guarantee schemes ",2012,NA
Households,"Insurance, pension and standardised guarantee schemes ",2013,NA
Households,"Insurance, pension and standardised guarantee schemes ",2014,NA
Households,"Insurance, pension and standardised guarantee schemes ",2015,NA
Households,"Insurance, pension and standardised guarantee schemes ",2016,NA
Households,"Insurance, pension and standardised guarantee schemes ",2017,NA
Households,"Insurance, pension and standardised guarantee schemes ",2018,NA
Households,"Insurance, pension and standardised guarantee schemes ",2019,NA
Households,"Insurance, pension and standardised guarantee schemes ",2020,NA
Households,"Insurance, pension and standardised guarantee schemes ",2021,NA
Households,"Insurance, pension and standardised guarantee schemes ",2022,NA
Households,"Insurance, pension and standardised guarantee schemes ",2023,NA
Households,"Insurance, pension and standardised guarantee schemes ",2024,NA
Households,"Insurance, pension and standardised guarantee schemes ",2025,NA
Households,Financial derivatives and employee stock options ,1980,NA
Households,Financial derivatives and employee stock options ,1981,NA
Households,Financial derivatives and employee stock options ,1982,NA
Households,Financial derivatives and employee stock options ,1983,NA
Households,Financial derivatives and employee stock options ,1984,NA
Households,Financial derivatives and employee stock options ,1985,NA
Households,Financial derivatives and employee stock options ,1986,NA
Households,Financial derivatives and employee stock options ,1987,NA
Households,Financial derivatives and employee stock options ,1988,NA
Households,Financial derivatives and employee stock options ,1989,NA
Households,Financial derivatives and employee stock options ,1990,NA
Households,Financial derivatives and employee stock options ,1991,NA
Households,Financial derivatives and employee stock options ,1992,NA
Households,Financial derivatives and employee stock options ,1993,NA
Households,Financial derivatives and employee stock options ,1994,NA
Households,Financial derivatives and employee stock options ,1995,NA
Households,Financial derivatives and employee stock options ,1996,NA
Households,Financial derivatives and employee stock options ,1997,NA
Households,Financial derivatives and employee stock options ,1998,NA
Households,Financial derivatives and employee stock options ,1999,NA
Households,Financial derivatives and employee stock options ,2000,NA
Households,Financial derivatives and employee stock options ,2001,NA
Households,Financial derivatives and employee stock options ,2002,NA
Households,Financial derivatives and employee stock options ,2003,NA
Households,Financial derivatives and employee stock options ,2004,NA
Households,Financial derivatives and employee stock options ,2005,NA
Households,Financial derivatives and employee stock options ,2006,10518
Households,Financial derivatives and employee stock options ,2007,10663
Households,Financial derivatives and employee stock options ,2008,2401
Households,Financial derivatives and employee stock options ,2009,753
Households,Financial derivatives and employee stock options ,2010,653
Households,Financial derivatives and employee stock options ,2011,373
Households,Financial derivatives and employee stock options ,2012,296
Households,Financial derivatives and employee stock options ,2013,322
Households,Financial derivatives and employee stock options ,2014,381
Households,Financial derivatives and employee stock options ,2015,376
Households,Financial derivatives and employee stock options ,2016,312
Households,Financial derivatives and employee stock options ,2017,509
Households,Financial derivatives and employee stock options ,2018,196
Households,Financial derivatives and employee stock options ,2019,126
Households,Financial derivatives and employee stock options ,2020,450
Households,Financial derivatives and employee stock options ,2021,358
Households,Financial derivatives and employee stock options ,2022,174
Households,Financial derivatives and employee stock options ,2023,192
Households,Financial derivatives and employee stock options ,2024,141
Households,Financial derivatives and employee stock options ,2025,124
Households,Other accounts receivable/payable ,1980,3848
Households,Other accounts receivable/payable ,1981,4067
Households,Other accounts receivable/payable ,1982,4299
Households,Other accounts receivable/payable ,1983,4544
Households,Other accounts receivable/payable ,1984,4803
Households,Other accounts receivable/payable ,1985,5077
Households,Other accounts receivable/payable ,1986,5366
Households,Other accounts receivable/payable ,1987,5672
Households,Other accounts receivable/payable ,1988,5995
Households,Other accounts receivable/payable ,1989,6337
Households,Other accounts receivable/payable ,1990,6698
Households,Other accounts receivable/payable ,1991,7080
Households,Other accounts receivable/payable ,1992,7483
Households,Other accounts receivable/payable ,1993,7910
Households,Other accounts receivable/payable ,1994,8361
Households,Other accounts receivable/payable ,1995,8838
Households,Other accounts receivable/payable ,1996,9341
Households,Other accounts receivable/payable ,1997,10362
Households,Other accounts receivable/payable ,1998,12302
Households,Other accounts receivable/payable ,1999,13336
Households,Other accounts receivable/payable ,2000,17203
Households,Other accounts receivable/payable ,2001,140343
Households,Other accounts receivable/payable ,2002,137067
Households,Other accounts receivable/payable ,2003,134518
Households,Other accounts receivable/payable ,2004,132985
Households,Other accounts receivable/payable ,2005,145091
Households,Other accounts receivable/payable ,2006,156282
Households,Other accounts receivable/payable ,2007,175010
Households,Other accounts receivable/payable ,2008,151641
Households,Other accounts receivable/payable ,2009,143352
Households,Other accounts receivable/payable ,2010,163306
Households,Other accounts receivable/payable ,2011,153760
Households,Other accounts receivable/payable ,2012,141715
Households,Other accounts receivable/payable ,2013,131440
Households,Other accounts receivable/payable ,2014,129152
Households,Other accounts receivable/payable ,2015,136364
Households,Other accounts receivable/payable ,2016,145115
Households,Other accounts receivable/payable ,2017,152185
Households,Other accounts receivable/payable ,2018,161405
Households,Other accounts receivable/payable ,2019,160213
Households,Other accounts receivable/payable ,2020,188492
Households,Other accounts receivable/payable ,2021,200352
Households,Other accounts receivable/payable ,2022,221334
Households,Other accounts receivable/payable ,2023,240182
Households,Other accounts receivable/payable ,2024,230224
Households,Other accounts receivable/payable ,2025,212059
Households,Financial net worth,1980,180727
Households,Financial net worth,1981,204735
Households,Financial net worth,1982,227194
Households,Financial net worth,1983,289909
Households,Financial net worth,1984,313598
Households,Financial net worth,1985,366008
Households,Financial net worth,1986,488841
Households,Financial net worth,1987,480299
Households,Financial net worth,1988,544286
Households,Financial net worth,1989,680343
Households,Financial net worth,1990,635730
Households,Financial net worth,1991,653439
Households,Financial net worth,1992,703667
Households,Financial net worth,1993,881281
Households,Financial net worth,1994,983291
Households,Financial net worth,1995,1138106
Households,Financial net worth,1996,1453827
Households,Financial net worth,1997,1835242
Households,Financial net worth,1998,2111816
Households,Financial net worth,1999,2744387
Households,Financial net worth,2000,2661836
Households,Financial net worth,2001,2513500
Households,Financial net worth,2002,2533892
Households,Financial net worth,2003,2955788
Households,Financial net worth,2004,3098258
Households,Financial net worth,2005,3929016
Households,Financial net worth,2006,4504848
Households,Financial net worth,2007,4595000
Households,Financial net worth,2008,4162477
Households,Financial net worth,2009,4870914
Households,Financial net worth,2010,5570256
Households,Financial net worth,2011,5145628
Households,Financial net worth,2012,5484781
Households,Financial net worth,2013,6329470
Households,Financial net worth,2014,7534134
Households,Financial net worth,2015,8275981
Households,Financial net worth,2016,9040511
Households,Financial net worth,2017,9537671
Households,Financial net worth,2018,9428153
Households,Financial net worth,2019,11446617
Households,Financial net worth,2020,12768516
Households,Financial net worth,2021,15211877
Households,Financial net worth,2022,12978010
Households,Financial net worth,2023,14194023
Households,Financial net worth,2024,16282566
Households,Financial net worth,2025,17399502
Households,Net worth ,1980,847167
Households,Net worth ,1981,903613
Households,Net worth ,1982,955380
Households,Net worth ,1983,1063328
Households,Net worth ,1984,1141051
Households,Net worth ,1985,1241603
Households,Net worth ,1986,1487440
Households,Net worth ,1987,1664740
Households,Net worth ,1988,1948007
Households,Net worth ,1989,2319145
Households,Net worth ,1990,2359369
Households,Net worth ,1991,2290647
Households,Net worth ,1992,2213677
Households,Net worth ,1993,2468373
Households,Net worth ,1994,2547529
Households,Net worth ,1995,2675295
Households,Net worth ,1996,3070231
Households,Net worth ,1997,3610860
Households,Net worth ,1998,4002245
Households,Net worth ,1999,4785844
Households,Net worth ,2000,4896422
Households,Net worth ,2001,4936585
Households,Net worth ,2002,5069572
Households,Net worth ,2003,5901891
Households,Net worth ,2004,6359565
Households,Net worth ,2005,7616031
Households,Net worth ,2006,8650208
Households,Net worth ,2007,9212403
Households,Net worth ,2008,9037894
Households,Net worth ,2009,10005656
Households,Net worth ,2010,11019704
Households,Net worth ,2011,10713707
Households,Net worth ,2012,11082912
Households,Net worth ,2013,12085764
Households,Net worth ,2014,13599704
Households,Net worth ,2015,15079569
Households,Net worth ,2016,16543017
Households,Net worth ,2017,17690496
Households,Net worth ,2018,18016591
Households,Net worth ,2019,20322378
Households,Net worth ,2020,22571175
Households,Net worth ,2021,26182211
Households,Net worth ,2022,24645491
Households,Net worth ,2023,25154000
Households,Net worth ,2024,27347766
Households,Net worth ,2025,28658095
