sector,item,quarter,Balances
Households,Financial Net,1996K1,1226562
Households,Financial Net,1996K2,1293916
Households,Financial Net,1996K3,1370124
Households,Financial Net,1996K4,1453827
Households,Financial Net,1997K1,1666351
Households,Financial Net,1997K2,1762596
Households,Financial Net,1997K3,1843085
Households,Financial Net,1997K4,1835242
Households,Financial Net,1998K1,2009977
Households,Financial Net,1998K2,2098580
Households,Financial Net,1998K3,1956982
Households,Financial Net,1998K4,2111816
Households,Financial Net,1999K1,2213415
Households,Financial Net,1999K2,2345008
Households,Financial Net,1999K3,2412441
Households,Financial Net,1999K4,2744387
Households,Financial Net,2000K1,2687558
Households,Financial Net,2000K2,2810478
Households,Financial Net,2000K3,2780612
Households,Financial Net,2000K4,2661836
Households,Financial Net,2001K1,2440303
Households,Financial Net,2001K2,2560597
Households,Financial Net,2001K3,2338339
Households,Financial Net,2001K4,2513500
Households,Financial Net,2002K1,2539577
Households,Financial Net,2002K2,2442669
Households,Financial Net,2002K3,2384962
Households,Financial Net,2002K4,2533892
Households,Financial Net,2003K1,2639079
Households,Financial Net,2003K2,2874548
Households,Financial Net,2003K3,2909912
Households,Financial Net,2003K4,2955788
Households,Financial Net,2004K1,3055620
Households,Financial Net,2004K2,3019395
Households,Financial Net,2004K3,3026025
Households,Financial Net,2004K4,3098258
Households,Financial Net,2005K1,3286505
Households,Financial Net,2005K2,3577591
Households,Financial Net,2005K3,3828094
Households,Financial Net,2005K4,3929016
Households,Financial Net,2006K1,4281440
Households,Financial Net,2006K2,4045151
Households,Financial Net,2006K3,4304646
Households,Financial Net,2006K4,4504848
Households,Financial Net,2007K1,4831496
Households,Financial Net,2007K2,4998498
Households,Financial Net,2007K3,4998014
Households,Financial Net,2007K4,4595000
Households,Financial Net,2008K1,4521450
Households,Financial Net,2008K2,4363471
Households,Financial Net,2008K3,4276664
Households,Financial Net,2008K4,4162473
Households,Financial Net,2009K1,4162370
Households,Financial Net,2009K2,4469307
Households,Financial Net,2009K3,4770313
Households,Financial Net,2009K4,4870914
Households,Financial Net,2010K1,5168647
Households,Financial Net,2010K2,5116930
Households,Financial Net,2010K3,5357989
Households,Financial Net,2010K4,5570256
Households,Financial Net,2011K1,5562046
Households,Financial Net,2011K2,5444252
Households,Financial Net,2011K3,4961058
Households,Financial Net,2011K4,5145640
Households,Financial Net,2012K1,5509671
Households,Financial Net,2012K2,5429735
Households,Financial Net,2012K3,5540175
Households,Financial Net,2012K4,5484781
Households,Financial Net,2013K1,5866629
Households,Financial Net,2013K2,5925099
Households,Financial Net,2013K3,6156782
Households,Financial Net,2013K4,6329471
Households,Financial Net,2014K1,6595166
Households,Financial Net,2014K2,7016963
Households,Financial Net,2014K3,7226983
Households,Financial Net,2014K4,7534134
Households,Financial Net,2015K1,8260806
Households,Financial Net,2015K2,8161406
Households,Financial Net,2015K3,8024402
Households,Financial Net,2015K4,8275981
Households,Financial Net,2016K1,8271543
Households,Financial Net,2016K2,8276525
Households,Financial Net,2016K3,8788631
Households,Financial Net,2016K4,9040511
Households,Financial Net,2017K1,9531651
Households,Financial Net,2017K2,9608810
Households,Financial Net,2017K3,9709815
Households,Financial Net,2017K4,9537671
Households,Financial Net,2018K1,9627093
Households,Financial Net,2018K2,9947743
Households,Financial Net,2018K3,10268058
Households,Financial Net,2018K4,9428153
Households,Financial Net,2019K1,10262658
Households,Financial Net,2019K2,10670609
Households,Financial Net,2019K3,10922388
Households,Financial Net,2019K4,11446617
Households,Financial Net,2020K1,10595798
Households,Financial Net,2020K2,11502590
Households,Financial Net,2020K3,12253462
Households,Financial Net,2020K4,12768516
Households,Financial Net,2021K1,13654731
Households,Financial Net,2021K2,14219500
Households,Financial Net,2021K3,14285101
Households,Financial Net,2021K4,15211877
Households,Financial Net,2022K1,14438855
Households,Financial Net,2022K2,12932829
Households,Financial Net,2022K3,12569005
Households,Financial Net,2022K4,12978010
Households,Financial Net,2023K1,13751024
Households,Financial Net,2023K2,14119599
Households,Financial Net,2023K3,13646708
Households,Financial Net,2023K4,14194023
Households,Financial Net,2024K1,15430175
Households,Financial Net,2024K2,15904447
Households,Financial Net,2024K3,16230542
Households,Financial Net,2024K4,16282566
Households,Financial Net,2025K1,15960687
Households,Financial Net,2025K2,16695825
Households,Financial Net,2025K3,17009518
Households,Financial Net,2025K4,17399502
Households,Financial Net,2026K1,17629318
Households,Financial assets (FA),1996K1,2064580
Households,Financial assets (FA),1996K2,2137180
Households,Financial assets (FA),1996K3,2218650
Households,Financial assets (FA),1996K4,2311144
Households,Financial assets (FA),1997K1,2534127
Households,Financial assets (FA),1997K2,2642307
Households,Financial assets (FA),1997K3,2732448
Households,Financial assets (FA),1997K4,2742175
Households,Financial assets (FA),1998K1,2927890
Households,Financial assets (FA),1998K2,3029560
Households,Financial assets (FA),1998K3,2905013
Households,Financial assets (FA),1998K4,3076125
Households,Financial assets (FA),1999K1,3191890
Households,Financial assets (FA),1999K2,3347415
Households,Financial assets (FA),1999K3,3432795
Households,Financial assets (FA),1999K4,3791011
Households,Financial assets (FA),2000K1,3754934
Households,Financial assets (FA),2000K2,3905543
Households,Financial assets (FA),2000K3,3898471
Households,Financial assets (FA),2000K4,3804767
Households,Financial assets (FA),2001K1,3704317
Households,Financial assets (FA),2001K2,3851727
Households,Financial assets (FA),2001K3,3666243
Households,Financial assets (FA),2001K4,3877230
Households,Financial assets (FA),2002K1,3919319
Households,Financial assets (FA),2002K2,3850403
Households,Financial assets (FA),2002K3,3819311
Households,Financial assets (FA),2002K4,3990750
Households,Financial assets (FA),2003K1,4099757
Households,Financial assets (FA),2003K2,4363983
Households,Financial assets (FA),2003K3,4442576
Households,Financial assets (FA),2003K4,4529091
Households,Financial assets (FA),2004K1,4635666
Households,Financial assets (FA),2004K2,4639616
Households,Financial assets (FA),2004K3,4697692
Households,Financial assets (FA),2004K4,4822264
Households,Financial assets (FA),2005K1,5027810
Households,Financial assets (FA),2005K2,5374079
Households,Financial assets (FA),2005K3,5682651
Households,Financial assets (FA),2005K4,5838069
Households,Financial assets (FA),2006K1,6218540
Households,Financial assets (FA),2006K2,6054958
Households,Financial assets (FA),2006K3,6361487
Households,Financial assets (FA),2006K4,6623694
Households,Financial assets (FA),2007K1,6963639
Households,Financial assets (FA),2007K2,7194586
Households,Financial assets (FA),2007K3,7251505
Households,Financial assets (FA),2007K4,6919833
Households,Financial assets (FA),2008K1,6841002
Households,Financial assets (FA),2008K2,6743417
Households,Financial assets (FA),2008K3,6697863
Households,Financial assets (FA),2008K4,6631677
Households,Financial assets (FA),2009K1,6625284
Households,Financial assets (FA),2009K2,7002485
Households,Financial assets (FA),2009K3,7354778
Households,Financial assets (FA),2009K4,7526536
Households,Financial assets (FA),2010K1,7841600
Households,Financial assets (FA),2010K2,7861350
Households,Financial assets (FA),2010K3,8163726
Households,Financial assets (FA),2010K4,8433837
Households,Financial assets (FA),2011K1,8423819
Households,Financial assets (FA),2011K2,8357916
Households,Financial assets (FA),2011K3,7909255
Households,Financial assets (FA),2011K4,8137587
Households,Financial assets (FA),2012K1,8506694
Households,Financial assets (FA),2012K2,8453690
Households,Financial assets (FA),2012K3,8596717
Households,Financial assets (FA),2012K4,8580958
Households,Financial assets (FA),2013K1,8970376
Households,Financial assets (FA),2013K2,9069577
Households,Financial assets (FA),2013K3,9332275
Households,Financial assets (FA),2013K4,9550504
Households,Financial assets (FA),2014K1,9838380
Households,Financial assets (FA),2014K2,10313711
Households,Financial assets (FA),2014K3,10563358
Households,Financial assets (FA),2014K4,10928897
Households,Financial assets (FA),2015K1,11699822
Households,Financial assets (FA),2015K2,11671276
Households,Financial assets (FA),2015K3,11588838
Households,Financial assets (FA),2015K4,11910079
Households,Financial assets (FA),2016K1,11985800
Households,Financial assets (FA),2016K2,12072336
Households,Financial assets (FA),2016K3,12637862
Households,Financial assets (FA),2016K4,12952801
Households,Financial assets (FA),2017K1,13500575
Households,Financial assets (FA),2017K2,13657776
Households,Financial assets (FA),2017K3,13823898
Households,Financial assets (FA),2017K4,13707610
Households,Financial assets (FA),2018K1,13850746
Households,Financial assets (FA),2018K2,14232485
Households,Financial assets (FA),2018K3,14597172
Households,Financial assets (FA),2018K4,13826506
Households,Financial assets (FA),2019K1,14704512
Households,Financial assets (FA),2019K2,15175651
Households,Financial assets (FA),2019K3,15473365
Households,Financial assets (FA),2019K4,16059646
Households,Financial assets (FA),2020K1,15267087
Households,Financial assets (FA),2020K2,16273842
Households,Financial assets (FA),2020K3,17070786
Households,Financial assets (FA),2020K4,17657993
Households,Financial assets (FA),2021K1,18612248
Households,Financial assets (FA),2021K2,19267441
Households,Financial assets (FA),2021K3,19413583
Households,Financial assets (FA),2021K4,20434255
Households,Financial assets (FA),2022K1,19734859
Households,Financial assets (FA),2022K2,18305330
Households,Financial assets (FA),2022K3,17970588
Households,Financial assets (FA),2022K4,18407747
Households,Financial assets (FA),2023K1,19185671
Households,Financial assets (FA),2023K2,19573303
Households,Financial assets (FA),2023K3,19107091
Households,Financial assets (FA),2023K4,19664438
Households,Financial assets (FA),2024K1,20899039
Households,Financial assets (FA),2024K2,21394647
Households,Financial assets (FA),2024K3,21730616
Households,Financial assets (FA),2024K4,21822156
Households,Financial assets (FA),2025K1,21511131
Households,Financial assets (FA),2025K2,22288635
Households,Financial assets (FA),2025K3,22630106
Households,Financial assets (FA),2025K4,23066289
Households,Financial assets (FA),2026K1,23331101
Households,Monetary gold,1996K1,0
Households,Monetary gold,1996K2,0
Households,Monetary gold,1996K3,0
Households,Monetary gold,1996K4,0
Households,Monetary gold,1997K1,0
Households,Monetary gold,1997K2,0
Households,Monetary gold,1997K3,0
Households,Monetary gold,1997K4,0
Households,Monetary gold,1998K1,0
Households,Monetary gold,1998K2,0
Households,Monetary gold,1998K3,0
Households,Monetary gold,1998K4,0
Households,Monetary gold,1999K1,0
Households,Monetary gold,1999K2,0
Households,Monetary gold,1999K3,0
Households,Monetary gold,1999K4,0
Households,Monetary gold,2000K1,0
Households,Monetary gold,2000K2,0
Households,Monetary gold,2000K3,0
Households,Monetary gold,2000K4,0
Households,Monetary gold,2001K1,0
Households,Monetary gold,2001K2,0
Households,Monetary gold,2001K3,0
Households,Monetary gold,2001K4,0
Households,Monetary gold,2002K1,0
Households,Monetary gold,2002K2,0
Households,Monetary gold,2002K3,0
Households,Monetary gold,2002K4,0
Households,Monetary gold,2003K1,0
Households,Monetary gold,2003K2,0
Households,Monetary gold,2003K3,0
Households,Monetary gold,2003K4,0
Households,Monetary gold,2004K1,0
Households,Monetary gold,2004K2,0
Households,Monetary gold,2004K3,0
Households,Monetary gold,2004K4,0
Households,Monetary gold,2005K1,0
Households,Monetary gold,2005K2,0
Households,Monetary gold,2005K3,0
Households,Monetary gold,2005K4,0
Households,Monetary gold,2006K1,0
Households,Monetary gold,2006K2,0
Households,Monetary gold,2006K3,0
Households,Monetary gold,2006K4,0
Households,Monetary gold,2007K1,0
Households,Monetary gold,2007K2,0
Households,Monetary gold,2007K3,0
Households,Monetary gold,2007K4,0
Households,Monetary gold,2008K1,0
Households,Monetary gold,2008K2,0
Households,Monetary gold,2008K3,0
Households,Monetary gold,2008K4,0
Households,Monetary gold,2009K1,0
Households,Monetary gold,2009K2,0
Households,Monetary gold,2009K3,0
Households,Monetary gold,2009K4,0
Households,Monetary gold,2010K1,0
Households,Monetary gold,2010K2,0
Households,Monetary gold,2010K3,0
Households,Monetary gold,2010K4,0
Households,Monetary gold,2011K1,0
Households,Monetary gold,2011K2,0
Households,Monetary gold,2011K3,0
Households,Monetary gold,2011K4,0
Households,Monetary gold,2012K1,0
Households,Monetary gold,2012K2,0
Households,Monetary gold,2012K3,0
Households,Monetary gold,2012K4,0
Households,Monetary gold,2013K1,0
Households,Monetary gold,2013K2,0
Households,Monetary gold,2013K3,0
Households,Monetary gold,2013K4,0
Households,Monetary gold,2014K1,0
Households,Monetary gold,2014K2,0
Households,Monetary gold,2014K3,0
Households,Monetary gold,2014K4,0
Households,Monetary gold,2015K1,0
Households,Monetary gold,2015K2,0
Households,Monetary gold,2015K3,0
Households,Monetary gold,2015K4,0
Households,Monetary gold,2016K1,0
Households,Monetary gold,2016K2,0
Households,Monetary gold,2016K3,0
Households,Monetary gold,2016K4,0
Households,Monetary gold,2017K1,0
Households,Monetary gold,2017K2,0
Households,Monetary gold,2017K3,0
Households,Monetary gold,2017K4,0
Households,Monetary gold,2018K1,0
Households,Monetary gold,2018K2,0
Households,Monetary gold,2018K3,0
Households,Monetary gold,2018K4,0
Households,Monetary gold,2019K1,0
Households,Monetary gold,2019K2,0
Households,Monetary gold,2019K3,0
Households,Monetary gold,2019K4,0
Households,Monetary gold,2020K1,0
Households,Monetary gold,2020K2,0
Households,Monetary gold,2020K3,0
Households,Monetary gold,2020K4,0
Households,Monetary gold,2021K1,0
Households,Monetary gold,2021K2,0
Households,Monetary gold,2021K3,0
Households,Monetary gold,2021K4,0
Households,Monetary gold,2022K1,0
Households,Monetary gold,2022K2,0
Households,Monetary gold,2022K3,0
Households,Monetary gold,2022K4,0
Households,Monetary gold,2023K1,0
Households,Monetary gold,2023K2,0
Households,Monetary gold,2023K3,0
Households,Monetary gold,2023K4,0
Households,Monetary gold,2024K1,0
Households,Monetary gold,2024K2,0
Households,Monetary gold,2024K3,0
Households,Monetary gold,2024K4,0
Households,Monetary gold,2025K1,0
Households,Monetary gold,2025K2,0
Households,Monetary gold,2025K3,0
Households,Monetary gold,2025K4,0
Households,Monetary gold,2026K1,0
Households,Special drawing rights (SDR),1996K1,0
Households,Special drawing rights (SDR),1996K2,0
Households,Special drawing rights (SDR),1996K3,0
Households,Special drawing rights (SDR),1996K4,0
Households,Special drawing rights (SDR),1997K1,0
Households,Special drawing rights (SDR),1997K2,0
Households,Special drawing rights (SDR),1997K3,0
Households,Special drawing rights (SDR),1997K4,0
Households,Special drawing rights (SDR),1998K1,0
Households,Special drawing rights (SDR),1998K2,0
Households,Special drawing rights (SDR),1998K3,0
Households,Special drawing rights (SDR),1998K4,0
Households,Special drawing rights (SDR),1999K1,0
Households,Special drawing rights (SDR),1999K2,0
Households,Special drawing rights (SDR),1999K3,0
Households,Special drawing rights (SDR),1999K4,0
Households,Special drawing rights (SDR),2000K1,0
Households,Special drawing rights (SDR),2000K2,0
Households,Special drawing rights (SDR),2000K3,0
Households,Special drawing rights (SDR),2000K4,0
Households,Special drawing rights (SDR),2001K1,0
Households,Special drawing rights (SDR),2001K2,0
Households,Special drawing rights (SDR),2001K3,0
Households,Special drawing rights (SDR),2001K4,0
Households,Special drawing rights (SDR),2002K1,0
Households,Special drawing rights (SDR),2002K2,0
Households,Special drawing rights (SDR),2002K3,0
Households,Special drawing rights (SDR),2002K4,0
Households,Special drawing rights (SDR),2003K1,0
Households,Special drawing rights (SDR),2003K2,0
Households,Special drawing rights (SDR),2003K3,0
Households,Special drawing rights (SDR),2003K4,0
Households,Special drawing rights (SDR),2004K1,0
Households,Special drawing rights (SDR),2004K2,0
Households,Special drawing rights (SDR),2004K3,0
Households,Special drawing rights (SDR),2004K4,0
Households,Special drawing rights (SDR),2005K1,0
Households,Special drawing rights (SDR),2005K2,0
Households,Special drawing rights (SDR),2005K3,0
Households,Special drawing rights (SDR),2005K4,0
Households,Special drawing rights (SDR),2006K1,0
Households,Special drawing rights (SDR),2006K2,0
Households,Special drawing rights (SDR),2006K3,0
Households,Special drawing rights (SDR),2006K4,0
Households,Special drawing rights (SDR),2007K1,0
Households,Special drawing rights (SDR),2007K2,0
Households,Special drawing rights (SDR),2007K3,0
Households,Special drawing rights (SDR),2007K4,0
Households,Special drawing rights (SDR),2008K1,0
Households,Special drawing rights (SDR),2008K2,0
Households,Special drawing rights (SDR),2008K3,0
Households,Special drawing rights (SDR),2008K4,0
Households,Special drawing rights (SDR),2009K1,0
Households,Special drawing rights (SDR),2009K2,0
Households,Special drawing rights (SDR),2009K3,0
Households,Special drawing rights (SDR),2009K4,0
Households,Special drawing rights (SDR),2010K1,0
Households,Special drawing rights (SDR),2010K2,0
Households,Special drawing rights (SDR),2010K3,0
Households,Special drawing rights (SDR),2010K4,0
Households,Special drawing rights (SDR),2011K1,0
Households,Special drawing rights (SDR),2011K2,0
Households,Special drawing rights (SDR),2011K3,0
Households,Special drawing rights (SDR),2011K4,0
Households,Special drawing rights (SDR),2012K1,0
Households,Special drawing rights (SDR),2012K2,0
Households,Special drawing rights (SDR),2012K3,0
Households,Special drawing rights (SDR),2012K4,0
Households,Special drawing rights (SDR),2013K1,0
Households,Special drawing rights (SDR),2013K2,0
Households,Special drawing rights (SDR),2013K3,0
Households,Special drawing rights (SDR),2013K4,0
Households,Special drawing rights (SDR),2014K1,0
Households,Special drawing rights (SDR),2014K2,0
Households,Special drawing rights (SDR),2014K3,0
Households,Special drawing rights (SDR),2014K4,0
Households,Special drawing rights (SDR),2015K1,0
Households,Special drawing rights (SDR),2015K2,0
Households,Special drawing rights (SDR),2015K3,0
Households,Special drawing rights (SDR),2015K4,0
Households,Special drawing rights (SDR),2016K1,0
Households,Special drawing rights (SDR),2016K2,0
Households,Special drawing rights (SDR),2016K3,0
Households,Special drawing rights (SDR),2016K4,0
Households,Special drawing rights (SDR),2017K1,0
Households,Special drawing rights (SDR),2017K2,0
Households,Special drawing rights (SDR),2017K3,0
Households,Special drawing rights (SDR),2017K4,0
Households,Special drawing rights (SDR),2018K1,0
Households,Special drawing rights (SDR),2018K2,0
Households,Special drawing rights (SDR),2018K3,0
Households,Special drawing rights (SDR),2018K4,0
Households,Special drawing rights (SDR),2019K1,0
Households,Special drawing rights (SDR),2019K2,0
Households,Special drawing rights (SDR),2019K3,0
Households,Special drawing rights (SDR),2019K4,0
Households,Special drawing rights (SDR),2020K1,0
Households,Special drawing rights (SDR),2020K2,0
Households,Special drawing rights (SDR),2020K3,0
Households,Special drawing rights (SDR),2020K4,0
Households,Special drawing rights (SDR),2021K1,0
Households,Special drawing rights (SDR),2021K2,0
Households,Special drawing rights (SDR),2021K3,0
Households,Special drawing rights (SDR),2021K4,0
Households,Special drawing rights (SDR),2022K1,0
Households,Special drawing rights (SDR),2022K2,0
Households,Special drawing rights (SDR),2022K3,0
Households,Special drawing rights (SDR),2022K4,0
Households,Special drawing rights (SDR),2023K1,0
Households,Special drawing rights (SDR),2023K2,0
Households,Special drawing rights (SDR),2023K3,0
Households,Special drawing rights (SDR),2023K4,0
Households,Special drawing rights (SDR),2024K1,0
Households,Special drawing rights (SDR),2024K2,0
Households,Special drawing rights (SDR),2024K3,0
Households,Special drawing rights (SDR),2024K4,0
Households,Special drawing rights (SDR),2025K1,0
Households,Special drawing rights (SDR),2025K2,0
Households,Special drawing rights (SDR),2025K3,0
Households,Special drawing rights (SDR),2025K4,0
Households,Special drawing rights (SDR),2026K1,0
Households,Currency,1996K1,47733
Households,Currency,1996K2,48568
Households,Currency,1996K3,48612
Households,Currency,1996K4,53964
Households,Currency,1997K1,53578
Households,Currency,1997K2,53601
Households,Currency,1997K3,53565
Households,Currency,1997K4,58671
Households,Currency,1998K1,54803
Households,Currency,1998K2,56172
Households,Currency,1998K3,57439
Households,Currency,1998K4,62273
Households,Currency,1999K1,60137
Households,Currency,1999K2,61040
Households,Currency,1999K3,62563
Households,Currency,1999K4,69688
Households,Currency,2000K1,64838
Households,Currency,2000K2,65214
Households,Currency,2000K3,66351
Households,Currency,2000K4,70883
Households,Currency,2001K1,67920
Households,Currency,2001K2,70006
Households,Currency,2001K3,70290
Households,Currency,2001K4,77343
Households,Currency,2002K1,71946
Households,Currency,2002K2,71394
Households,Currency,2002K3,71578
Households,Currency,2002K4,76630
Households,Currency,2003K1,73474
Households,Currency,2003K2,73613
Households,Currency,2003K3,73792
Households,Currency,2003K4,78671
Households,Currency,2004K1,73709
Households,Currency,2004K2,75580
Households,Currency,2004K3,75050
Households,Currency,2004K4,78438
Households,Currency,2005K1,76225
Households,Currency,2005K2,76741
Households,Currency,2005K3,76910
Households,Currency,2005K4,80227
Households,Currency,2006K1,75886
Households,Currency,2006K2,77086
Households,Currency,2006K3,76776
Households,Currency,2006K4,80531
Households,Currency,2007K1,76911
Households,Currency,2007K2,78420
Households,Currency,2007K3,77186
Households,Currency,2007K4,80185
Households,Currency,2008K1,77723
Households,Currency,2008K2,77661
Households,Currency,2008K3,76486
Households,Currency,2008K4,79413
Households,Currency,2009K1,76412
Households,Currency,2009K2,77722
Households,Currency,2009K3,77512
Households,Currency,2009K4,79954
Households,Currency,2010K1,76449
Households,Currency,2010K2,77491
Households,Currency,2010K3,75509
Households,Currency,2010K4,77079
Households,Currency,2011K1,72053
Households,Currency,2011K2,72877
Households,Currency,2011K3,71556
Households,Currency,2011K4,73651
Households,Currency,2012K1,69534
Households,Currency,2012K2,70006
Households,Currency,2012K3,68654
Households,Currency,2012K4,70374
Households,Currency,2013K1,68201
Households,Currency,2013K2,69289
Households,Currency,2013K3,67010
Households,Currency,2013K4,65809
Households,Currency,2014K1,61242
Households,Currency,2014K2,63215
Households,Currency,2014K3,62424
Households,Currency,2014K4,64839
Households,Currency,2015K1,61564
Households,Currency,2015K2,60962
Households,Currency,2015K3,58856
Households,Currency,2015K4,56863
Households,Currency,2016K1,52073
Households,Currency,2016K2,50693
Households,Currency,2016K3,48500
Households,Currency,2016K4,48392
Households,Currency,2017K1,44690
Households,Currency,2017K2,44006
Households,Currency,2017K3,43088
Households,Currency,2017K4,44863
Households,Currency,2018K1,43639
Households,Currency,2018K2,45630
Households,Currency,2018K3,45750
Households,Currency,2018K4,48225
Households,Currency,2019K1,45993
Households,Currency,2019K2,48370
Households,Currency,2019K3,49530
Households,Currency,2019K4,50196
Households,Currency,2020K1,47513
Households,Currency,2020K2,50222
Households,Currency,2020K3,49451
Households,Currency,2020K4,49589
Households,Currency,2021K1,48733
Households,Currency,2021K2,49782
Households,Currency,2021K3,49417
Households,Currency,2021K4,48711
Households,Currency,2022K1,51748
Households,Currency,2022K2,54231
Households,Currency,2022K3,51494
Households,Currency,2022K4,51834
Households,Currency,2023K1,51070
Households,Currency,2023K2,51062
Households,Currency,2023K3,47618
Households,Currency,2023K4,46644
Households,Currency,2024K1,45798
Households,Currency,2024K2,45977
Households,Currency,2024K3,45792
Households,Currency,2024K4,45511
Households,Currency,2025K1,44547
Households,Currency,2025K2,44951
Households,Currency,2025K3,44224
Households,Currency,2025K4,44456
Households,Currency,2026K1,43962
Households,Transferable deposits,1996K1,434866
Households,Transferable deposits,1996K2,441595
Households,Transferable deposits,1996K3,449183
Households,Transferable deposits,1996K4,430436
Households,Transferable deposits,1997K1,445032
Households,Transferable deposits,1997K2,427203
Households,Transferable deposits,1997K3,433271
Households,Transferable deposits,1997K4,409342
Households,Transferable deposits,1998K1,424466
Households,Transferable deposits,1998K2,434187
Households,Transferable deposits,1998K3,451773
Households,Transferable deposits,1998K4,425396
Households,Transferable deposits,1999K1,446826
Households,Transferable deposits,1999K2,453638
Households,Transferable deposits,1999K3,461455
Households,Transferable deposits,1999K4,427479
Households,Transferable deposits,2000K1,443027
Households,Transferable deposits,2000K2,436900
Households,Transferable deposits,2000K3,453529
Households,Transferable deposits,2000K4,414759
Households,Transferable deposits,2001K1,434390
Households,Transferable deposits,2001K2,447256
Households,Transferable deposits,2001K3,472875
Households,Transferable deposits,2001K4,461069
Households,Transferable deposits,2002K1,476875
Households,Transferable deposits,2002K2,487679
Households,Transferable deposits,2002K3,502668
Households,Transferable deposits,2002K4,499926
Households,Transferable deposits,2003K1,515338
Households,Transferable deposits,2003K2,532054
Households,Transferable deposits,2003K3,550665
Households,Transferable deposits,2003K4,530378
Households,Transferable deposits,2004K1,536822
Households,Transferable deposits,2004K2,549242
Households,Transferable deposits,2004K3,566913
Households,Transferable deposits,2004K4,541103
Households,Transferable deposits,2005K1,564257
Households,Transferable deposits,2005K2,588227
Households,Transferable deposits,2005K3,609424
Households,Transferable deposits,2005K4,590403
Households,Transferable deposits,2006K1,620186
Households,Transferable deposits,2006K2,664468
Households,Transferable deposits,2006K3,695290
Households,Transferable deposits,2006K4,681136
Households,Transferable deposits,2007K1,718932
Households,Transferable deposits,2007K2,774784
Households,Transferable deposits,2007K3,811430
Households,Transferable deposits,2007K4,836435
Households,Transferable deposits,2008K1,836846
Households,Transferable deposits,2008K2,882582
Households,Transferable deposits,2008K3,900534
Households,Transferable deposits,2008K4,910264
Households,Transferable deposits,2009K1,915357
Households,Transferable deposits,2009K2,948538
Households,Transferable deposits,2009K3,952447
Households,Transferable deposits,2009K4,959119
Households,Transferable deposits,2010K1,954067
Households,Transferable deposits,2010K2,990290
Households,Transferable deposits,2010K3,1012695
Households,Transferable deposits,2010K4,1046807
Households,Transferable deposits,2011K1,1049255
Households,Transferable deposits,2011K2,1085783
Households,Transferable deposits,2011K3,1115602
Households,Transferable deposits,2011K4,1146490
Households,Transferable deposits,2012K1,1155702
Households,Transferable deposits,2012K2,1206494
Households,Transferable deposits,2012K3,1232467
Households,Transferable deposits,2012K4,1247599
Households,Transferable deposits,2013K1,1251903
Households,Transferable deposits,2013K2,1289560
Households,Transferable deposits,2013K3,1301048
Households,Transferable deposits,2013K4,1321520
Households,Transferable deposits,2014K1,1315680
Households,Transferable deposits,2014K2,1361543
Households,Transferable deposits,2014K3,1367089
Households,Transferable deposits,2014K4,1390006
Households,Transferable deposits,2015K1,1387578
Households,Transferable deposits,2015K2,1463467
Households,Transferable deposits,2015K3,1488258
Households,Transferable deposits,2015K4,1520110
Households,Transferable deposits,2016K1,1542881
Households,Transferable deposits,2016K2,1616255
Households,Transferable deposits,2016K3,1634609
Households,Transferable deposits,2016K4,1645527
Households,Transferable deposits,2017K1,1654082
Households,Transferable deposits,2017K2,1710214
Households,Transferable deposits,2017K3,1750435
Households,Transferable deposits,2017K4,1768660
Households,Transferable deposits,2018K1,1792678
Households,Transferable deposits,2018K2,1844532
Households,Transferable deposits,2018K3,1874624
Households,Transferable deposits,2018K4,1900920
Households,Transferable deposits,2019K1,1921452
Households,Transferable deposits,2019K2,1984387
Households,Transferable deposits,2019K3,1992709
Households,Transferable deposits,2019K4,1997420
Households,Transferable deposits,2020K1,2082253
Households,Transferable deposits,2020K2,2156731
Households,Transferable deposits,2020K3,2172713
Households,Transferable deposits,2020K4,2214335
Households,Transferable deposits,2021K1,2243988
Households,Transferable deposits,2021K2,2319658
Households,Transferable deposits,2021K3,2363453
Households,Transferable deposits,2021K4,2404634
Households,Transferable deposits,2022K1,2465477
Households,Transferable deposits,2022K2,2562780
Households,Transferable deposits,2022K3,2575429
Households,Transferable deposits,2022K4,2570906
Households,Transferable deposits,2023K1,2560715
Households,Transferable deposits,2023K2,2610495
Households,Transferable deposits,2023K3,2611550
Households,Transferable deposits,2023K4,2598669
Households,Transferable deposits,2024K1,2612780
Households,Transferable deposits,2024K2,2668881
Households,Transferable deposits,2024K3,2654703
Households,Transferable deposits,2024K4,2653852
Households,Transferable deposits,2025K1,2667004
Households,Transferable deposits,2025K2,2776183
Households,Transferable deposits,2025K3,2771099
Households,Transferable deposits,2025K4,2776622
Households,Transferable deposits,2026K1,2798231
Households,Other deposits,1996K1,48628
Households,Other deposits,1996K2,47178
Households,Other deposits,1996K3,45836
Households,Other deposits,1996K4,43987
Households,Other deposits,1997K1,38407
Households,Other deposits,1997K2,35617
Households,Other deposits,1997K3,33714
Households,Other deposits,1997K4,32188
Households,Other deposits,1998K1,22739
Households,Other deposits,1998K2,6421
Households,Other deposits,1998K3,6618
Households,Other deposits,1998K4,6921
Households,Other deposits,1999K1,7370
Households,Other deposits,1999K2,7853
Households,Other deposits,1999K3,7927
Households,Other deposits,1999K4,8490
Households,Other deposits,2000K1,9159
Households,Other deposits,2000K2,9180
Households,Other deposits,2000K3,9185
Households,Other deposits,2000K4,9547
Households,Other deposits,2001K1,11028
Households,Other deposits,2001K2,11974
Households,Other deposits,2001K3,13228
Households,Other deposits,2001K4,14353
Households,Other deposits,2002K1,15594
Households,Other deposits,2002K2,16485
Households,Other deposits,2002K3,17587
Households,Other deposits,2002K4,18803
Households,Other deposits,2003K1,20046
Households,Other deposits,2003K2,20741
Households,Other deposits,2003K3,21185
Households,Other deposits,2003K4,21575
Households,Other deposits,2004K1,22243
Households,Other deposits,2004K2,22911
Households,Other deposits,2004K3,23473
Households,Other deposits,2004K4,22958
Households,Other deposits,2005K1,24239
Households,Other deposits,2005K2,24736
Households,Other deposits,2005K3,24927
Households,Other deposits,2005K4,24474
Households,Other deposits,2006K1,25527
Households,Other deposits,2006K2,26343
Households,Other deposits,2006K3,26925
Households,Other deposits,2006K4,27111
Households,Other deposits,2007K1,27929
Households,Other deposits,2007K2,28473
Households,Other deposits,2007K3,29762
Households,Other deposits,2007K4,30721
Households,Other deposits,2008K1,31988
Households,Other deposits,2008K2,33021
Households,Other deposits,2008K3,39326
Households,Other deposits,2008K4,50204
Households,Other deposits,2009K1,48809
Households,Other deposits,2009K2,45804
Households,Other deposits,2009K3,43006
Households,Other deposits,2009K4,39610
Households,Other deposits,2010K1,37526
Households,Other deposits,2010K2,36325
Households,Other deposits,2010K3,35416
Households,Other deposits,2010K4,34180
Households,Other deposits,2011K1,31915
Households,Other deposits,2011K2,30615
Households,Other deposits,2011K3,30897
Households,Other deposits,2011K4,31128
Households,Other deposits,2012K1,29453
Households,Other deposits,2012K2,28825
Households,Other deposits,2012K3,28102
Households,Other deposits,2012K4,28306
Households,Other deposits,2013K1,27182
Households,Other deposits,2013K2,26271
Households,Other deposits,2013K3,25701
Households,Other deposits,2013K4,24931
Households,Other deposits,2014K1,23038
Households,Other deposits,2014K2,21810
Households,Other deposits,2014K3,20640
Households,Other deposits,2014K4,19137
Households,Other deposits,2015K1,17447
Households,Other deposits,2015K2,22154
Households,Other deposits,2015K3,21665
Households,Other deposits,2015K4,14136
Households,Other deposits,2016K1,13941
Households,Other deposits,2016K2,17832
Households,Other deposits,2016K3,17485
Households,Other deposits,2016K4,20353
Households,Other deposits,2017K1,20079
Households,Other deposits,2017K2,19876
Households,Other deposits,2017K3,19976
Households,Other deposits,2017K4,19872
Households,Other deposits,2018K1,20156
Households,Other deposits,2018K2,21096
Households,Other deposits,2018K3,20859
Households,Other deposits,2018K4,21457
Households,Other deposits,2019K1,21479
Households,Other deposits,2019K2,21692
Households,Other deposits,2019K3,21706
Households,Other deposits,2019K4,16629
Households,Other deposits,2020K1,17774
Households,Other deposits,2020K2,17380
Households,Other deposits,2020K3,17233
Households,Other deposits,2020K4,17166
Households,Other deposits,2021K1,16984
Households,Other deposits,2021K2,16981
Households,Other deposits,2021K3,17295
Households,Other deposits,2021K4,17593
Households,Other deposits,2022K1,18117
Households,Other deposits,2022K2,20282
Households,Other deposits,2022K3,21071
Households,Other deposits,2022K4,22072
Households,Other deposits,2023K1,22047
Households,Other deposits,2023K2,22384
Households,Other deposits,2023K3,19132
Households,Other deposits,2023K4,18510
Households,Other deposits,2024K1,18942
Households,Other deposits,2024K2,19477
Households,Other deposits,2024K3,19250
Households,Other deposits,2024K4,18267
Households,Other deposits,2025K1,18750
Households,Other deposits,2025K2,19038
Households,Other deposits,2025K3,18832
Households,Other deposits,2025K4,24047
Households,Other deposits,2026K1,24215
Households,Debt securities,1996K1,169565
Households,Debt securities,1996K2,160579
Households,Debt securities,1996K3,169898
Households,Debt securities,1996K4,176309
Households,Debt securities,1997K1,152154
Households,Debt securities,1997K2,158007
Households,Debt securities,1997K3,157715
Households,Debt securities,1997K4,160412
Households,Debt securities,1998K1,159530
Households,Debt securities,1998K2,165148
Households,Debt securities,1998K3,156385
Households,Debt securities,1998K4,164164
Households,Debt securities,1999K1,151524
Households,Debt securities,1999K2,142277
Households,Debt securities,1999K3,140890
Households,Debt securities,1999K4,138699
Households,Debt securities,2000K1,119911
Households,Debt securities,2000K2,113996
Households,Debt securities,2000K3,107285
Households,Debt securities,2000K4,107101
Households,Debt securities,2001K1,103800
Households,Debt securities,2001K2,98377
Households,Debt securities,2001K3,89712
Households,Debt securities,2001K4,93927
Households,Debt securities,2002K1,88527
Households,Debt securities,2002K2,93992
Households,Debt securities,2002K3,93823
Households,Debt securities,2002K4,92998
Households,Debt securities,2003K1,97491
Households,Debt securities,2003K2,91969
Households,Debt securities,2003K3,93127
Households,Debt securities,2003K4,98852
Households,Debt securities,2004K1,94383
Households,Debt securities,2004K2,92105
Households,Debt securities,2004K3,90299
Households,Debt securities,2004K4,101648
Households,Debt securities,2005K1,103064
Households,Debt securities,2005K2,110969
Households,Debt securities,2005K3,113757
Households,Debt securities,2005K4,116231
Households,Debt securities,2006K1,118877
Households,Debt securities,2006K2,120153
Households,Debt securities,2006K3,123250
Households,Debt securities,2006K4,130162
Households,Debt securities,2007K1,146235
Households,Debt securities,2007K2,155861
Households,Debt securities,2007K3,162010
Households,Debt securities,2007K4,165037
Households,Debt securities,2008K1,166380
Households,Debt securities,2008K2,164111
Households,Debt securities,2008K3,161754
Households,Debt securities,2008K4,161292
Households,Debt securities,2009K1,158956
Households,Debt securities,2009K2,158353
Households,Debt securities,2009K3,157195
Households,Debt securities,2009K4,165838
Households,Debt securities,2010K1,161033
Households,Debt securities,2010K2,153395
Households,Debt securities,2010K3,147909
Households,Debt securities,2010K4,135432
Households,Debt securities,2011K1,125253
Households,Debt securities,2011K2,123764
Households,Debt securities,2011K3,114601
Households,Debt securities,2011K4,115555
Households,Debt securities,2012K1,116330
Households,Debt securities,2012K2,114650
Households,Debt securities,2012K3,113589
Households,Debt securities,2012K4,109324
Households,Debt securities,2013K1,108609
Households,Debt securities,2013K2,110407
Households,Debt securities,2013K3,109854
Households,Debt securities,2013K4,108704
Households,Debt securities,2014K1,108886
Households,Debt securities,2014K2,109312
Households,Debt securities,2014K3,109136
Households,Debt securities,2014K4,105650
Households,Debt securities,2015K1,103397
Households,Debt securities,2015K2,104132
Households,Debt securities,2015K3,100270
Households,Debt securities,2015K4,95326
Households,Debt securities,2016K1,95631
Households,Debt securities,2016K2,96068
Households,Debt securities,2016K3,95762
Households,Debt securities,2016K4,92735
Households,Debt securities,2017K1,137840
Households,Debt securities,2017K2,130809
Households,Debt securities,2017K3,131631
Households,Debt securities,2017K4,126390
Households,Debt securities,2018K1,110328
Households,Debt securities,2018K2,107879
Households,Debt securities,2018K3,96044
Households,Debt securities,2018K4,61702
Households,Debt securities,2019K1,37175
Households,Debt securities,2019K2,33953
Households,Debt securities,2019K3,30832
Households,Debt securities,2019K4,29545
Households,Debt securities,2020K1,24090
Households,Debt securities,2020K2,23857
Households,Debt securities,2020K3,23205
Households,Debt securities,2020K4,22055
Households,Debt securities,2021K1,22427
Households,Debt securities,2021K2,21433
Households,Debt securities,2021K3,21194
Households,Debt securities,2021K4,17932
Households,Debt securities,2022K1,16745
Households,Debt securities,2022K2,16503
Households,Debt securities,2022K3,16557
Households,Debt securities,2022K4,18449
Households,Debt securities,2023K1,20548
Households,Debt securities,2023K2,21358
Households,Debt securities,2023K3,20814
Households,Debt securities,2023K4,23950
Households,Debt securities,2024K1,25291
Households,Debt securities,2024K2,24718
Households,Debt securities,2024K3,24379
Households,Debt securities,2024K4,27095
Households,Debt securities,2025K1,23665
Households,Debt securities,2025K2,24552
Households,Debt securities,2025K3,25722
Households,Debt securities,2025K4,25188
Households,Debt securities,2026K1,23652
Households,Short-term debt securities,1996K1,0
Households,Short-term debt securities,1996K2,0
Households,Short-term debt securities,1996K3,0
Households,Short-term debt securities,1996K4,0
Households,Short-term debt securities,1997K1,0
Households,Short-term debt securities,1997K2,0
Households,Short-term debt securities,1997K3,0
Households,Short-term debt securities,1997K4,0
Households,Short-term debt securities,1998K1,0
Households,Short-term debt securities,1998K2,0
Households,Short-term debt securities,1998K3,0
Households,Short-term debt securities,1998K4,0
Households,Short-term debt securities,1999K1,0
Households,Short-term debt securities,1999K2,0
Households,Short-term debt securities,1999K3,0
Households,Short-term debt securities,1999K4,0
Households,Short-term debt securities,2000K1,0
Households,Short-term debt securities,2000K2,0
Households,Short-term debt securities,2000K3,0
Households,Short-term debt securities,2000K4,0
Households,Short-term debt securities,2001K1,0
Households,Short-term debt securities,2001K2,0
Households,Short-term debt securities,2001K3,0
Households,Short-term debt securities,2001K4,0
Households,Short-term debt securities,2002K1,0
Households,Short-term debt securities,2002K2,0
Households,Short-term debt securities,2002K3,0
Households,Short-term debt securities,2002K4,0
Households,Short-term debt securities,2003K1,0
Households,Short-term debt securities,2003K2,0
Households,Short-term debt securities,2003K3,0
Households,Short-term debt securities,2003K4,0
Households,Short-term debt securities,2004K1,0
Households,Short-term debt securities,2004K2,0
Households,Short-term debt securities,2004K3,0
Households,Short-term debt securities,2004K4,0
Households,Short-term debt securities,2005K1,0
Households,Short-term debt securities,2005K2,0
Households,Short-term debt securities,2005K3,0
Households,Short-term debt securities,2005K4,0
Households,Short-term debt securities,2006K1,0
Households,Short-term debt securities,2006K2,0
Households,Short-term debt securities,2006K3,0
Households,Short-term debt securities,2006K4,0
Households,Short-term debt securities,2007K1,0
Households,Short-term debt securities,2007K2,0
Households,Short-term debt securities,2007K3,0
Households,Short-term debt securities,2007K4,0
Households,Short-term debt securities,2008K1,0
Households,Short-term debt securities,2008K2,0
Households,Short-term debt securities,2008K3,0
Households,Short-term debt securities,2008K4,0
Households,Short-term debt securities,2009K1,0
Households,Short-term debt securities,2009K2,0
Households,Short-term debt securities,2009K3,0
Households,Short-term debt securities,2009K4,0
Households,Short-term debt securities,2010K1,0
Households,Short-term debt securities,2010K2,0
Households,Short-term debt securities,2010K3,0
Households,Short-term debt securities,2010K4,0
Households,Short-term debt securities,2011K1,0
Households,Short-term debt securities,2011K2,0
Households,Short-term debt securities,2011K3,0
Households,Short-term debt securities,2011K4,0
Households,Short-term debt securities,2012K1,0
Households,Short-term debt securities,2012K2,0
Households,Short-term debt securities,2012K3,0
Households,Short-term debt securities,2012K4,0
Households,Short-term debt securities,2013K1,0
Households,Short-term debt securities,2013K2,0
Households,Short-term debt securities,2013K3,0
Households,Short-term debt securities,2013K4,0
Households,Short-term debt securities,2014K1,0
Households,Short-term debt securities,2014K2,0
Households,Short-term debt securities,2014K3,0
Households,Short-term debt securities,2014K4,0
Households,Short-term debt securities,2015K1,0
Households,Short-term debt securities,2015K2,0
Households,Short-term debt securities,2015K3,0
Households,Short-term debt securities,2015K4,0
Households,Short-term debt securities,2016K1,0
Households,Short-term debt securities,2016K2,0
Households,Short-term debt securities,2016K3,0
Households,Short-term debt securities,2016K4,0
Households,Short-term debt securities,2017K1,0
Households,Short-term debt securities,2017K2,0
Households,Short-term debt securities,2017K3,0
Households,Short-term debt securities,2017K4,0
Households,Short-term debt securities,2018K1,21
Households,Short-term debt securities,2018K2,1246
Households,Short-term debt securities,2018K3,50
Households,Short-term debt securities,2018K4,915
Households,Short-term debt securities,2019K1,1534
Households,Short-term debt securities,2019K2,1699
Households,Short-term debt securities,2019K3,1739
Households,Short-term debt securities,2019K4,1496
Households,Short-term debt securities,2020K1,1020
Households,Short-term debt securities,2020K2,824
Households,Short-term debt securities,2020K3,777
Households,Short-term debt securities,2020K4,671
Households,Short-term debt securities,2021K1,816
Households,Short-term debt securities,2021K2,531
Households,Short-term debt securities,2021K3,549
Households,Short-term debt securities,2021K4,671
Households,Short-term debt securities,2022K1,825
Households,Short-term debt securities,2022K2,1087
Households,Short-term debt securities,2022K3,1381
Households,Short-term debt securities,2022K4,2126
Households,Short-term debt securities,2023K1,2882
Households,Short-term debt securities,2023K2,3130
Households,Short-term debt securities,2023K3,2517
Households,Short-term debt securities,2023K4,3328
Households,Short-term debt securities,2024K1,1846
Households,Short-term debt securities,2024K2,2264
Households,Short-term debt securities,2024K3,1652
Households,Short-term debt securities,2024K4,2479
Households,Short-term debt securities,2025K1,1133
Households,Short-term debt securities,2025K2,2081
Households,Short-term debt securities,2025K3,1462
Households,Short-term debt securities,2025K4,2070
Households,Short-term debt securities,2026K1,1129
Households,Long-term debt securities,1996K1,169565
Households,Long-term debt securities,1996K2,160579
Households,Long-term debt securities,1996K3,169898
Households,Long-term debt securities,1996K4,176309
Households,Long-term debt securities,1997K1,152154
Households,Long-term debt securities,1997K2,158007
Households,Long-term debt securities,1997K3,157715
Households,Long-term debt securities,1997K4,160412
Households,Long-term debt securities,1998K1,159530
Households,Long-term debt securities,1998K2,165148
Households,Long-term debt securities,1998K3,156385
Households,Long-term debt securities,1998K4,164164
Households,Long-term debt securities,1999K1,151524
Households,Long-term debt securities,1999K2,142277
Households,Long-term debt securities,1999K3,140890
Households,Long-term debt securities,1999K4,138699
Households,Long-term debt securities,2000K1,119911
Households,Long-term debt securities,2000K2,113996
Households,Long-term debt securities,2000K3,107285
Households,Long-term debt securities,2000K4,107101
Households,Long-term debt securities,2001K1,103800
Households,Long-term debt securities,2001K2,98377
Households,Long-term debt securities,2001K3,89712
Households,Long-term debt securities,2001K4,93927
Households,Long-term debt securities,2002K1,88527
Households,Long-term debt securities,2002K2,93992
Households,Long-term debt securities,2002K3,93823
Households,Long-term debt securities,2002K4,92998
Households,Long-term debt securities,2003K1,97491
Households,Long-term debt securities,2003K2,91969
Households,Long-term debt securities,2003K3,93127
Households,Long-term debt securities,2003K4,98852
Households,Long-term debt securities,2004K1,94383
Households,Long-term debt securities,2004K2,92105
Households,Long-term debt securities,2004K3,90299
Households,Long-term debt securities,2004K4,101648
Households,Long-term debt securities,2005K1,103064
Households,Long-term debt securities,2005K2,110969
Households,Long-term debt securities,2005K3,113757
Households,Long-term debt securities,2005K4,116231
Households,Long-term debt securities,2006K1,118877
Households,Long-term debt securities,2006K2,120153
Households,Long-term debt securities,2006K3,123250
Households,Long-term debt securities,2006K4,130162
Households,Long-term debt securities,2007K1,146235
Households,Long-term debt securities,2007K2,155861
Households,Long-term debt securities,2007K3,162010
Households,Long-term debt securities,2007K4,165037
Households,Long-term debt securities,2008K1,166380
Households,Long-term debt securities,2008K2,164111
Households,Long-term debt securities,2008K3,161754
Households,Long-term debt securities,2008K4,161292
Households,Long-term debt securities,2009K1,158956
Households,Long-term debt securities,2009K2,158353
Households,Long-term debt securities,2009K3,157195
Households,Long-term debt securities,2009K4,165838
Households,Long-term debt securities,2010K1,161033
Households,Long-term debt securities,2010K2,153395
Households,Long-term debt securities,2010K3,147909
Households,Long-term debt securities,2010K4,135432
Households,Long-term debt securities,2011K1,125253
Households,Long-term debt securities,2011K2,123764
Households,Long-term debt securities,2011K3,114601
Households,Long-term debt securities,2011K4,115555
Households,Long-term debt securities,2012K1,116330
Households,Long-term debt securities,2012K2,114650
Households,Long-term debt securities,2012K3,113589
Households,Long-term debt securities,2012K4,109324
Households,Long-term debt securities,2013K1,108609
Households,Long-term debt securities,2013K2,110407
Households,Long-term debt securities,2013K3,109854
Households,Long-term debt securities,2013K4,108704
Households,Long-term debt securities,2014K1,108886
Households,Long-term debt securities,2014K2,109312
Households,Long-term debt securities,2014K3,109136
Households,Long-term debt securities,2014K4,105650
Households,Long-term debt securities,2015K1,103397
Households,Long-term debt securities,2015K2,104132
Households,Long-term debt securities,2015K3,100270
Households,Long-term debt securities,2015K4,95326
Households,Long-term debt securities,2016K1,95631
Households,Long-term debt securities,2016K2,96068
Households,Long-term debt securities,2016K3,95762
Households,Long-term debt securities,2016K4,92735
Households,Long-term debt securities,2017K1,137840
Households,Long-term debt securities,2017K2,130809
Households,Long-term debt securities,2017K3,131631
Households,Long-term debt securities,2017K4,126390
Households,Long-term debt securities,2018K1,110307
Households,Long-term debt securities,2018K2,106633
Households,Long-term debt securities,2018K3,95994
Households,Long-term debt securities,2018K4,60787
Households,Long-term debt securities,2019K1,35641
Households,Long-term debt securities,2019K2,32254
Households,Long-term debt securities,2019K3,29093
Households,Long-term debt securities,2019K4,28049
Households,Long-term debt securities,2020K1,23070
Households,Long-term debt securities,2020K2,23033
Households,Long-term debt securities,2020K3,22428
Households,Long-term debt securities,2020K4,21384
Households,Long-term debt securities,2021K1,21611
Households,Long-term debt securities,2021K2,20902
Households,Long-term debt securities,2021K3,20645
Households,Long-term debt securities,2021K4,17261
Households,Long-term debt securities,2022K1,15920
Households,Long-term debt securities,2022K2,15416
Households,Long-term debt securities,2022K3,15176
Households,Long-term debt securities,2022K4,16323
Households,Long-term debt securities,2023K1,17666
Households,Long-term debt securities,2023K2,18228
Households,Long-term debt securities,2023K3,18297
Households,Long-term debt securities,2023K4,20622
Households,Long-term debt securities,2024K1,23445
Households,Long-term debt securities,2024K2,22454
Households,Long-term debt securities,2024K3,22727
Households,Long-term debt securities,2024K4,24616
Households,Long-term debt securities,2025K1,22532
Households,Long-term debt securities,2025K2,22471
Households,Long-term debt securities,2025K3,24260
Households,Long-term debt securities,2025K4,23118
Households,Long-term debt securities,2026K1,22523
Households,"Loans, total",1996K1,10261
Households,"Loans, total",1996K2,10501
Households,"Loans, total",1996K3,10581
Households,"Loans, total",1996K4,13129
Households,"Loans, total",1997K1,11056
Households,"Loans, total",1997K2,11368
Households,"Loans, total",1997K3,11518
Households,"Loans, total",1997K4,16932
Households,"Loans, total",1998K1,13873
Households,"Loans, total",1998K2,14008
Households,"Loans, total",1998K3,14150
Households,"Loans, total",1998K4,14339
Households,"Loans, total",1999K1,16875
Households,"Loans, total",1999K2,17886
Households,"Loans, total",1999K3,18762
Households,"Loans, total",1999K4,19727
Households,"Loans, total",2000K1,19689
Households,"Loans, total",2000K2,19595
Households,"Loans, total",2000K3,20033
Households,"Loans, total",2000K4,20282
Households,"Loans, total",2001K1,19531
Households,"Loans, total",2001K2,20065
Households,"Loans, total",2001K3,19427
Households,"Loans, total",2001K4,19360
Households,"Loans, total",2002K1,20587
Households,"Loans, total",2002K2,19400
Households,"Loans, total",2002K3,17833
Households,"Loans, total",2002K4,17146
Households,"Loans, total",2003K1,13972
Households,"Loans, total",2003K2,13316
Households,"Loans, total",2003K3,12712
Households,"Loans, total",2003K4,11545
Households,"Loans, total",2004K1,11057
Households,"Loans, total",2004K2,10845
Households,"Loans, total",2004K3,10848
Households,"Loans, total",2004K4,10760
Households,"Loans, total",2005K1,11388
Households,"Loans, total",2005K2,11470
Households,"Loans, total",2005K3,10726
Households,"Loans, total",2005K4,10474
Households,"Loans, total",2006K1,11597
Households,"Loans, total",2006K2,11332
Households,"Loans, total",2006K3,11279
Households,"Loans, total",2006K4,10863
Households,"Loans, total",2007K1,13365
Households,"Loans, total",2007K2,13496
Households,"Loans, total",2007K3,13599
Households,"Loans, total",2007K4,13974
Households,"Loans, total",2008K1,17803
Households,"Loans, total",2008K2,18315
Households,"Loans, total",2008K3,18560
Households,"Loans, total",2008K4,19599
Households,"Loans, total",2009K1,19996
Households,"Loans, total",2009K2,19444
Households,"Loans, total",2009K3,19465
Households,"Loans, total",2009K4,18701
Households,"Loans, total",2010K1,21705
Households,"Loans, total",2010K2,21335
Households,"Loans, total",2010K3,20996
Households,"Loans, total",2010K4,20082
Households,"Loans, total",2011K1,22290
Households,"Loans, total",2011K2,22197
Households,"Loans, total",2011K3,21690
Households,"Loans, total",2011K4,20082
Households,"Loans, total",2012K1,26256
Households,"Loans, total",2012K2,26082
Households,"Loans, total",2012K3,25280
Households,"Loans, total",2012K4,24434
Households,"Loans, total",2013K1,26415
Households,"Loans, total",2013K2,26920
Households,"Loans, total",2013K3,26416
Households,"Loans, total",2013K4,26903
Households,"Loans, total",2014K1,28550
Households,"Loans, total",2014K2,28715
Households,"Loans, total",2014K3,28447
Households,"Loans, total",2014K4,28546
Households,"Loans, total",2015K1,27786
Households,"Loans, total",2015K2,27072
Households,"Loans, total",2015K3,26729
Households,"Loans, total",2015K4,26144
Households,"Loans, total",2016K1,27826
Households,"Loans, total",2016K2,28587
Households,"Loans, total",2016K3,27818
Households,"Loans, total",2016K4,26273
Households,"Loans, total",2017K1,27350
Households,"Loans, total",2017K2,28344
Households,"Loans, total",2017K3,28149
Households,"Loans, total",2017K4,28480
Households,"Loans, total",2018K1,30358
Households,"Loans, total",2018K2,31270
Households,"Loans, total",2018K3,30906
Households,"Loans, total",2018K4,32040
Households,"Loans, total",2019K1,33218
Households,"Loans, total",2019K2,34183
Households,"Loans, total",2019K3,34009
Households,"Loans, total",2019K4,34388
Households,"Loans, total",2020K1,34388
Households,"Loans, total",2020K2,34388
Households,"Loans, total",2020K3,34388
Households,"Loans, total",2020K4,34388
Households,"Loans, total",2021K1,34388
Households,"Loans, total",2021K2,34388
Households,"Loans, total",2021K3,34388
Households,"Loans, total",2021K4,34388
Households,"Loans, total",2022K1,34288
Households,"Loans, total",2022K2,34288
Households,"Loans, total",2022K3,34288
Households,"Loans, total",2022K4,34288
Households,"Loans, total",2023K1,34288
Households,"Loans, total",2023K2,34288
Households,"Loans, total",2023K3,34288
Households,"Loans, total",2023K4,34288
Households,"Loans, total",2024K1,34288
Households,"Loans, total",2024K2,34288
Households,"Loans, total",2024K3,34288
Households,"Loans, total",2024K4,34288
Households,"Loans, total",2025K1,34288
Households,"Loans, total",2025K2,34288
Households,"Loans, total",2025K3,34288
Households,"Loans, total",2025K4,34288
Households,"Loans, total",2026K1,34288
Households,Short-term loans,1996K1,0
Households,Short-term loans,1996K2,0
Households,Short-term loans,1996K3,0
Households,Short-term loans,1996K4,0
Households,Short-term loans,1997K1,0
Households,Short-term loans,1997K2,0
Households,Short-term loans,1997K3,0
Households,Short-term loans,1997K4,0
Households,Short-term loans,1998K1,0
Households,Short-term loans,1998K2,0
Households,Short-term loans,1998K3,0
Households,Short-term loans,1998K4,0
Households,Short-term loans,1999K1,0
Households,Short-term loans,1999K2,0
Households,Short-term loans,1999K3,0
Households,Short-term loans,1999K4,0
Households,Short-term loans,2000K1,0
Households,Short-term loans,2000K2,0
Households,Short-term loans,2000K3,0
Households,Short-term loans,2000K4,0
Households,Short-term loans,2001K1,0
Households,Short-term loans,2001K2,0
Households,Short-term loans,2001K3,0
Households,Short-term loans,2001K4,0
Households,Short-term loans,2002K1,0
Households,Short-term loans,2002K2,0
Households,Short-term loans,2002K3,0
Households,Short-term loans,2002K4,0
Households,Short-term loans,2003K1,0
Households,Short-term loans,2003K2,0
Households,Short-term loans,2003K3,0
Households,Short-term loans,2003K4,0
Households,Short-term loans,2004K1,0
Households,Short-term loans,2004K2,0
Households,Short-term loans,2004K3,0
Households,Short-term loans,2004K4,0
Households,Short-term loans,2005K1,0
Households,Short-term loans,2005K2,0
Households,Short-term loans,2005K3,0
Households,Short-term loans,2005K4,0
Households,Short-term loans,2006K1,0
Households,Short-term loans,2006K2,0
Households,Short-term loans,2006K3,0
Households,Short-term loans,2006K4,0
Households,Short-term loans,2007K1,0
Households,Short-term loans,2007K2,0
Households,Short-term loans,2007K3,0
Households,Short-term loans,2007K4,0
Households,Short-term loans,2008K1,0
Households,Short-term loans,2008K2,0
Households,Short-term loans,2008K3,0
Households,Short-term loans,2008K4,0
Households,Short-term loans,2009K1,0
Households,Short-term loans,2009K2,0
Households,Short-term loans,2009K3,0
Households,Short-term loans,2009K4,0
Households,Short-term loans,2010K1,0
Households,Short-term loans,2010K2,0
Households,Short-term loans,2010K3,0
Households,Short-term loans,2010K4,0
Households,Short-term loans,2011K1,0
Households,Short-term loans,2011K2,0
Households,Short-term loans,2011K3,0
Households,Short-term loans,2011K4,0
Households,Short-term loans,2012K1,0
Households,Short-term loans,2012K2,0
Households,Short-term loans,2012K3,0
Households,Short-term loans,2012K4,0
Households,Short-term loans,2013K1,0
Households,Short-term loans,2013K2,0
Households,Short-term loans,2013K3,0
Households,Short-term loans,2013K4,0
Households,Short-term loans,2014K1,0
Households,Short-term loans,2014K2,0
Households,Short-term loans,2014K3,0
Households,Short-term loans,2014K4,0
Households,Short-term loans,2015K1,0
Households,Short-term loans,2015K2,0
Households,Short-term loans,2015K3,0
Households,Short-term loans,2015K4,0
Households,Short-term loans,2016K1,0
Households,Short-term loans,2016K2,0
Households,Short-term loans,2016K3,0
Households,Short-term loans,2016K4,0
Households,Short-term loans,2017K1,0
Households,Short-term loans,2017K2,0
Households,Short-term loans,2017K3,0
Households,Short-term loans,2017K4,0
Households,Short-term loans,2018K1,0
Households,Short-term loans,2018K2,0
Households,Short-term loans,2018K3,0
Households,Short-term loans,2018K4,0
Households,Short-term loans,2019K1,0
Households,Short-term loans,2019K2,0
Households,Short-term loans,2019K3,0
Households,Short-term loans,2019K4,0
Households,Short-term loans,2020K1,0
Households,Short-term loans,2020K2,0
Households,Short-term loans,2020K3,0
Households,Short-term loans,2020K4,0
Households,Short-term loans,2021K1,0
Households,Short-term loans,2021K2,0
Households,Short-term loans,2021K3,0
Households,Short-term loans,2021K4,0
Households,Short-term loans,2022K1,0
Households,Short-term loans,2022K2,0
Households,Short-term loans,2022K3,0
Households,Short-term loans,2022K4,0
Households,Short-term loans,2023K1,0
Households,Short-term loans,2023K2,0
Households,Short-term loans,2023K3,0
Households,Short-term loans,2023K4,0
Households,Short-term loans,2024K1,0
Households,Short-term loans,2024K2,0
Households,Short-term loans,2024K3,0
Households,Short-term loans,2024K4,0
Households,Short-term loans,2025K1,0
Households,Short-term loans,2025K2,0
Households,Short-term loans,2025K3,0
Households,Short-term loans,2025K4,0
Households,Short-term loans,2026K1,0
Households,Long-term loans,1996K1,10261
Households,Long-term loans,1996K2,10501
Households,Long-term loans,1996K3,10581
Households,Long-term loans,1996K4,13129
Households,Long-term loans,1997K1,11056
Households,Long-term loans,1997K2,11368
Households,Long-term loans,1997K3,11518
Households,Long-term loans,1997K4,16932
Households,Long-term loans,1998K1,13873
Households,Long-term loans,1998K2,14008
Households,Long-term loans,1998K3,14150
Households,Long-term loans,1998K4,14339
Households,Long-term loans,1999K1,16875
Households,Long-term loans,1999K2,17886
Households,Long-term loans,1999K3,18762
Households,Long-term loans,1999K4,19727
Households,Long-term loans,2000K1,19689
Households,Long-term loans,2000K2,19595
Households,Long-term loans,2000K3,20033
Households,Long-term loans,2000K4,20282
Households,Long-term loans,2001K1,19531
Households,Long-term loans,2001K2,20065
Households,Long-term loans,2001K3,19427
Households,Long-term loans,2001K4,19360
Households,Long-term loans,2002K1,20587
Households,Long-term loans,2002K2,19400
Households,Long-term loans,2002K3,17833
Households,Long-term loans,2002K4,17146
Households,Long-term loans,2003K1,13972
Households,Long-term loans,2003K2,13316
Households,Long-term loans,2003K3,12712
Households,Long-term loans,2003K4,11545
Households,Long-term loans,2004K1,11057
Households,Long-term loans,2004K2,10845
Households,Long-term loans,2004K3,10848
Households,Long-term loans,2004K4,10760
Households,Long-term loans,2005K1,11388
Households,Long-term loans,2005K2,11470
Households,Long-term loans,2005K3,10726
Households,Long-term loans,2005K4,10474
Households,Long-term loans,2006K1,11597
Households,Long-term loans,2006K2,11332
Households,Long-term loans,2006K3,11279
Households,Long-term loans,2006K4,10863
Households,Long-term loans,2007K1,13365
Households,Long-term loans,2007K2,13496
Households,Long-term loans,2007K3,13599
Households,Long-term loans,2007K4,13974
Households,Long-term loans,2008K1,17803
Households,Long-term loans,2008K2,18315
Households,Long-term loans,2008K3,18560
Households,Long-term loans,2008K4,19599
Households,Long-term loans,2009K1,19996
Households,Long-term loans,2009K2,19444
Households,Long-term loans,2009K3,19465
Households,Long-term loans,2009K4,18701
Households,Long-term loans,2010K1,21705
Households,Long-term loans,2010K2,21335
Households,Long-term loans,2010K3,20996
Households,Long-term loans,2010K4,20082
Households,Long-term loans,2011K1,22290
Households,Long-term loans,2011K2,22197
Households,Long-term loans,2011K3,21690
Households,Long-term loans,2011K4,20082
Households,Long-term loans,2012K1,26256
Households,Long-term loans,2012K2,26082
Households,Long-term loans,2012K3,25280
Households,Long-term loans,2012K4,24434
Households,Long-term loans,2013K1,26415
Households,Long-term loans,2013K2,26920
Households,Long-term loans,2013K3,26416
Households,Long-term loans,2013K4,26903
Households,Long-term loans,2014K1,28550
Households,Long-term loans,2014K2,28715
Households,Long-term loans,2014K3,28447
Households,Long-term loans,2014K4,28546
Households,Long-term loans,2015K1,27786
Households,Long-term loans,2015K2,27072
Households,Long-term loans,2015K3,26729
Households,Long-term loans,2015K4,26144
Households,Long-term loans,2016K1,27826
Households,Long-term loans,2016K2,28587
Households,Long-term loans,2016K3,27818
Households,Long-term loans,2016K4,26273
Households,Long-term loans,2017K1,27350
Households,Long-term loans,2017K2,28344
Households,Long-term loans,2017K3,28149
Households,Long-term loans,2017K4,28480
Households,Long-term loans,2018K1,30358
Households,Long-term loans,2018K2,31270
Households,Long-term loans,2018K3,30906
Households,Long-term loans,2018K4,32040
Households,Long-term loans,2019K1,33218
Households,Long-term loans,2019K2,34183
Households,Long-term loans,2019K3,34009
Households,Long-term loans,2019K4,34388
Households,Long-term loans,2020K1,34388
Households,Long-term loans,2020K2,34388
Households,Long-term loans,2020K3,34388
Households,Long-term loans,2020K4,34388
Households,Long-term loans,2021K1,34388
Households,Long-term loans,2021K2,34388
Households,Long-term loans,2021K3,34388
Households,Long-term loans,2021K4,34388
Households,Long-term loans,2022K1,34288
Households,Long-term loans,2022K2,34288
Households,Long-term loans,2022K3,34288
Households,Long-term loans,2022K4,34288
Households,Long-term loans,2023K1,34288
Households,Long-term loans,2023K2,34288
Households,Long-term loans,2023K3,34288
Households,Long-term loans,2023K4,34288
Households,Long-term loans,2024K1,34288
Households,Long-term loans,2024K2,34288
Households,Long-term loans,2024K3,34288
Households,Long-term loans,2024K4,34288
Households,Long-term loans,2025K1,34288
Households,Long-term loans,2025K2,34288
Households,Long-term loans,2025K3,34288
Households,Long-term loans,2025K4,34288
Households,Long-term loans,2026K1,34288
Households,Inter-company loans,1996K1,0
Households,Inter-company loans,1996K2,0
Households,Inter-company loans,1996K3,0
Households,Inter-company loans,1996K4,0
Households,Inter-company loans,1997K1,0
Households,Inter-company loans,1997K2,0
Households,Inter-company loans,1997K3,0
Households,Inter-company loans,1997K4,0
Households,Inter-company loans,1998K1,0
Households,Inter-company loans,1998K2,0
Households,Inter-company loans,1998K3,0
Households,Inter-company loans,1998K4,0
Households,Inter-company loans,1999K1,0
Households,Inter-company loans,1999K2,0
Households,Inter-company loans,1999K3,0
Households,Inter-company loans,1999K4,0
Households,Inter-company loans,2000K1,0
Households,Inter-company loans,2000K2,0
Households,Inter-company loans,2000K3,0
Households,Inter-company loans,2000K4,0
Households,Inter-company loans,2001K1,0
Households,Inter-company loans,2001K2,0
Households,Inter-company loans,2001K3,0
Households,Inter-company loans,2001K4,0
Households,Inter-company loans,2002K1,0
Households,Inter-company loans,2002K2,0
Households,Inter-company loans,2002K3,0
Households,Inter-company loans,2002K4,0
Households,Inter-company loans,2003K1,0
Households,Inter-company loans,2003K2,0
Households,Inter-company loans,2003K3,0
Households,Inter-company loans,2003K4,0
Households,Inter-company loans,2004K1,0
Households,Inter-company loans,2004K2,0
Households,Inter-company loans,2004K3,0
Households,Inter-company loans,2004K4,0
Households,Inter-company loans,2005K1,0
Households,Inter-company loans,2005K2,0
Households,Inter-company loans,2005K3,0
Households,Inter-company loans,2005K4,0
Households,Inter-company loans,2006K1,0
Households,Inter-company loans,2006K2,0
Households,Inter-company loans,2006K3,0
Households,Inter-company loans,2006K4,0
Households,Inter-company loans,2007K1,0
Households,Inter-company loans,2007K2,0
Households,Inter-company loans,2007K3,0
Households,Inter-company loans,2007K4,0
Households,Inter-company loans,2008K1,0
Households,Inter-company loans,2008K2,0
Households,Inter-company loans,2008K3,0
Households,Inter-company loans,2008K4,0
Households,Inter-company loans,2009K1,0
Households,Inter-company loans,2009K2,0
Households,Inter-company loans,2009K3,0
Households,Inter-company loans,2009K4,0
Households,Inter-company loans,2010K1,0
Households,Inter-company loans,2010K2,0
Households,Inter-company loans,2010K3,0
Households,Inter-company loans,2010K4,0
Households,Inter-company loans,2011K1,0
Households,Inter-company loans,2011K2,0
Households,Inter-company loans,2011K3,0
Households,Inter-company loans,2011K4,0
Households,Inter-company loans,2012K1,0
Households,Inter-company loans,2012K2,0
Households,Inter-company loans,2012K3,0
Households,Inter-company loans,2012K4,0
Households,Inter-company loans,2013K1,0
Households,Inter-company loans,2013K2,0
Households,Inter-company loans,2013K3,0
Households,Inter-company loans,2013K4,0
Households,Inter-company loans,2014K1,0
Households,Inter-company loans,2014K2,0
Households,Inter-company loans,2014K3,0
Households,Inter-company loans,2014K4,0
Households,Inter-company loans,2015K1,0
Households,Inter-company loans,2015K2,0
Households,Inter-company loans,2015K3,0
Households,Inter-company loans,2015K4,0
Households,Inter-company loans,2016K1,0
Households,Inter-company loans,2016K2,0
Households,Inter-company loans,2016K3,0
Households,Inter-company loans,2016K4,0
Households,Inter-company loans,2017K1,0
Households,Inter-company loans,2017K2,0
Households,Inter-company loans,2017K3,0
Households,Inter-company loans,2017K4,0
Households,Inter-company loans,2018K1,0
Households,Inter-company loans,2018K2,0
Households,Inter-company loans,2018K3,0
Households,Inter-company loans,2018K4,0
Households,Inter-company loans,2019K1,0
Households,Inter-company loans,2019K2,0
Households,Inter-company loans,2019K3,0
Households,Inter-company loans,2019K4,0
Households,Inter-company loans,2020K1,0
Households,Inter-company loans,2020K2,0
Households,Inter-company loans,2020K3,0
Households,Inter-company loans,2020K4,0
Households,Inter-company loans,2021K1,0
Households,Inter-company loans,2021K2,0
Households,Inter-company loans,2021K3,0
Households,Inter-company loans,2021K4,0
Households,Inter-company loans,2022K1,0
Households,Inter-company loans,2022K2,0
Households,Inter-company loans,2022K3,0
Households,Inter-company loans,2022K4,0
Households,Inter-company loans,2023K1,0
Households,Inter-company loans,2023K2,0
Households,Inter-company loans,2023K3,0
Households,Inter-company loans,2023K4,0
Households,Inter-company loans,2024K1,0
Households,Inter-company loans,2024K2,0
Households,Inter-company loans,2024K3,0
Households,Inter-company loans,2024K4,0
Households,Inter-company loans,2025K1,0
Households,Inter-company loans,2025K2,0
Households,Inter-company loans,2025K3,0
Households,Inter-company loans,2025K4,0
Households,Inter-company loans,2026K1,0
Households,Equity,1996K1,489996
Households,Equity,1996K2,525688
Households,Equity,1996K3,554362
Households,Equity,1996K4,606101
Households,Equity,1997K1,666202
Households,Equity,1997K2,715134
Households,Equity,1997K3,752161
Households,Equity,1997K4,744866
Households,Equity,1998K1,811488
Households,Equity,1998K2,852278
Households,Equity,1998K3,744522
Households,Equity,1998K4,832127
Households,Equity,1999K1,861646
Households,Equity,1999K2,908524
Households,Equity,1999K3,926437
Households,Equity,1999K4,1131480
Households,Equity,2000K1,1026034
Households,Equity,2000K2,1178353
Households,Equity,2000K3,1119836
Households,Equity,2000K4,1066718
Households,Equity,2001K1,966033
Households,Equity,2001K2,1022207
Households,Equity,2001K3,886252
Households,Equity,2001K4,992545
Households,Equity,2002K1,993721
Households,Equity,2002K2,950590
Households,Equity,2002K3,895158
Households,Equity,2002K4,952582
Households,Equity,2003K1,1037415
Households,Equity,2003K2,1146909
Households,Equity,2003K3,1215454
Households,Equity,2003K4,1333616
Households,Equity,2004K1,1388985
Households,Equity,2004K2,1404789
Households,Equity,2004K3,1426779
Households,Equity,2004K4,1488338
Households,Equity,2005K1,1531980
Households,Equity,2005K2,1651547
Households,Equity,2005K3,1854540
Households,Equity,2005K4,1987293
Households,Equity,2006K1,2242459
Households,Equity,2006K2,2146893
Households,Equity,2006K3,2337103
Households,Equity,2006K4,2536826
Households,Equity,2007K1,2753879
Households,Equity,2007K2,2836833
Households,Equity,2007K3,2792971
Households,Equity,2007K4,2497828
Households,Equity,2008K1,2465872
Households,Equity,2008K2,2350097
Households,Equity,2008K3,2203782
Households,Equity,2008K4,2028669
Households,Equity,2009K1,2163176
Households,Equity,2009K2,2374579
Households,Equity,2009K3,2629376
Households,Equity,2009K4,2728461
Households,Equity,2010K1,2881775
Households,Equity,2010K2,2793565
Households,Equity,2010K3,2975706
Households,Equity,2010K4,3088506
Households,Equity,2011K1,3090790
Households,Equity,2011K2,2928588
Households,Equity,2011K3,2669944
Households,Equity,2011K4,2754197
Households,Equity,2012K1,2947163
Households,Equity,2012K2,2868184
Households,Equity,2012K3,2947880
Households,Equity,2012K4,2991506
Households,Equity,2013K1,3169696
Households,Equity,2013K2,3140307
Households,Equity,2013K3,3263395
Households,Equity,2013K4,3357263
Households,Equity,2014K1,3529752
Households,Equity,2014K2,3660755
Households,Equity,2014K3,3820242
Households,Equity,2014K4,4015308
Households,Equity,2015K1,4378579
Households,Equity,2015K2,4329141
Households,Equity,2015K3,4412735
Households,Equity,2015K4,4553337
Households,Equity,2016K1,4637753
Households,Equity,2016K2,4566693
Households,Equity,2016K3,4876901
Households,Equity,2016K4,5129579
Households,Equity,2017K1,5381957
Households,Equity,2017K2,5413784
Households,Equity,2017K3,5464527
Households,Equity,2017K4,5198698
Households,Equity,2018K1,5220709
Households,Equity,2018K2,5318072
Households,Equity,2018K3,5504548
Households,Equity,2018K4,5186130
Households,Equity,2019K1,5483684
Households,Equity,2019K2,5676630
Households,Equity,2019K3,5843919
Households,Equity,2019K4,6127178
Households,Equity,2020K1,5841219
Households,Equity,2020K2,6181687
Households,Equity,2020K3,6677427
Households,Equity,2020K4,6928886
Households,Equity,2021K1,7401670
Households,Equity,2021K2,7663698
Households,Equity,2021K3,7659144
Households,Equity,2021K4,8150434
Households,Equity,2022K1,7828188
Households,Equity,2022K2,6961531
Households,Equity,2022K3,6718459
Households,Equity,2022K4,6846564
Households,Equity,2023K1,7195094
Households,Equity,2023K2,7164453
Households,Equity,2023K3,6879595
Households,Equity,2023K4,7073294
Households,Equity,2024K1,7453833
Households,Equity,2024K2,7542457
Households,Equity,2024K3,7704455
Households,Equity,2024K4,7505070
Households,Equity,2025K1,7575423
Households,Equity,2025K2,7604224
Households,Equity,2025K3,7742022
Households,Equity,2025K4,7943635
Households,Equity,2026K1,8039647
Households,Listed shares,1996K1,227290
Households,Listed shares,1996K2,249398
Households,Listed shares,1996K3,266982
Households,Listed shares,1996K4,300119
Households,Listed shares,1997K1,347235
Households,Listed shares,1997K2,382837
Households,Listed shares,1997K3,408910
Households,Listed shares,1997K4,395146
Households,Listed shares,1998K1,444067
Households,Listed shares,1998K2,472383
Households,Listed shares,1998K3,377883
Households,Listed shares,1998K4,419411
Households,Listed shares,1999K1,427909
Households,Listed shares,1999K2,456472
Households,Listed shares,1999K3,456437
Households,Listed shares,1999K4,603931
Households,Listed shares,2000K1,516275
Households,Listed shares,2000K2,612518
Households,Listed shares,2000K3,556379
Households,Listed shares,2000K4,502416
Households,Listed shares,2001K1,415434
Households,Listed shares,2001K2,454346
Households,Listed shares,2001K3,355952
Households,Listed shares,2001K4,421687
Households,Listed shares,2002K1,405064
Households,Listed shares,2002K2,326979
Households,Listed shares,2002K3,242500
Households,Listed shares,2002K4,286802
Households,Listed shares,2003K1,267343
Households,Listed shares,2003K2,306359
Households,Listed shares,2003K3,325516
Households,Listed shares,2003K4,367126
Households,Listed shares,2004K1,410666
Households,Listed shares,2004K2,413382
Households,Listed shares,2004K3,412011
Households,Listed shares,2004K4,446331
Households,Listed shares,2005K1,461448
Households,Listed shares,2005K2,499954
Households,Listed shares,2005K3,555040
Households,Listed shares,2005K4,565038
Households,Listed shares,2006K1,622795
Households,Listed shares,2006K2,550565
Households,Listed shares,2006K3,603954
Households,Listed shares,2006K4,659427
Households,Listed shares,2007K1,690885
Households,Listed shares,2007K2,697525
Households,Listed shares,2007K3,686537
Households,Listed shares,2007K4,579362
Households,Listed shares,2008K1,535169
Households,Listed shares,2008K2,461831
Households,Listed shares,2008K3,410532
Households,Listed shares,2008K4,360825
Households,Listed shares,2009K1,357646
Households,Listed shares,2009K2,436224
Households,Listed shares,2009K3,490354
Households,Listed shares,2009K4,514950
Households,Listed shares,2010K1,569311
Households,Listed shares,2010K2,529567
Households,Listed shares,2010K3,592560
Households,Listed shares,2010K4,604920
Households,Listed shares,2011K1,616556
Households,Listed shares,2011K2,500137
Households,Listed shares,2011K3,404190
Households,Listed shares,2011K4,435285
Households,Listed shares,2012K1,481967
Households,Listed shares,2012K2,454024
Households,Listed shares,2012K3,465060
Households,Listed shares,2012K4,472138
Households,Listed shares,2013K1,520094
Households,Listed shares,2013K2,504489
Households,Listed shares,2013K3,554713
Households,Listed shares,2013K4,591475
Households,Listed shares,2014K1,608401
Households,Listed shares,2014K2,631026
Households,Listed shares,2014K3,627694
Households,Listed shares,2014K4,671330
Households,Listed shares,2015K1,745292
Households,Listed shares,2015K2,733111
Households,Listed shares,2015K3,712018
Households,Listed shares,2015K4,783940
Households,Listed shares,2016K1,725857
Households,Listed shares,2016K2,737770
Households,Listed shares,2016K3,813349
Households,Listed shares,2016K4,835811
Households,Listed shares,2017K1,885103
Households,Listed shares,2017K2,881567
Households,Listed shares,2017K3,885701
Households,Listed shares,2017K4,852152
Households,Listed shares,2018K1,831011
Households,Listed shares,2018K2,859406
Households,Listed shares,2018K3,919197
Households,Listed shares,2018K4,806332
Households,Listed shares,2019K1,876878
Households,Listed shares,2019K2,914216
Households,Listed shares,2019K3,947332
Households,Listed shares,2019K4,1028418
Households,Listed shares,2020K1,855009
Households,Listed shares,2020K2,1019171
Households,Listed shares,2020K3,1173027
Households,Listed shares,2020K4,1265603
Households,Listed shares,2021K1,1401014
Households,Listed shares,2021K2,1547825
Households,Listed shares,2021K3,1514412
Households,Listed shares,2021K4,1735822
Households,Listed shares,2022K1,1559368
Households,Listed shares,2022K2,1226021
Households,Listed shares,2022K3,1181786
Households,Listed shares,2022K4,1270894
Households,Listed shares,2023K1,1385791
Households,Listed shares,2023K2,1377055
Households,Listed shares,2023K3,1284273
Households,Listed shares,2023K4,1435961
Households,Listed shares,2024K1,1516837
Households,Listed shares,2024K2,1537750
Households,Listed shares,2024K3,1604884
Households,Listed shares,2024K4,1517896
Households,Listed shares,2025K1,1505200
Households,Listed shares,2025K2,1562436
Households,Listed shares,2025K3,1601140
Households,Listed shares,2025K4,1669306
Households,Listed shares,2026K1,1659219
Households,Unlisted shares,1996K1,113226
Households,Unlisted shares,1996K2,119470
Households,Unlisted shares,1996K3,123220
Households,Unlisted shares,1996K4,134124
Households,Unlisted shares,1997K1,142617
Households,Unlisted shares,1997K2,151456
Households,Unlisted shares,1997K3,157918
Households,Unlisted shares,1997K4,155819
Households,Unlisted shares,1998K1,168245
Households,Unlisted shares,1998K2,175443
Households,Unlisted shares,1998K3,156911
Households,Unlisted shares,1998K4,199772
Households,Unlisted shares,1999K1,205277
Households,Unlisted shares,1999K2,207652
Households,Unlisted shares,1999K3,209622
Households,Unlisted shares,1999K4,251204
Households,Unlisted shares,2000K1,216391
Households,Unlisted shares,2000K2,255030
Households,Unlisted shares,2000K3,235085
Households,Unlisted shares,2000K4,218409
Households,Unlisted shares,2001K1,204994
Households,Unlisted shares,2001K2,211194
Households,Unlisted shares,2001K3,198385
Households,Unlisted shares,2001K4,213488
Households,Unlisted shares,2002K1,218213
Households,Unlisted shares,2002K2,237884
Households,Unlisted shares,2002K3,257622
Households,Unlisted shares,2002K4,247706
Households,Unlisted shares,2003K1,225592
Households,Unlisted shares,2003K2,277909
Households,Unlisted shares,2003K3,304126
Households,Unlisted shares,2003K4,348796
Households,Unlisted shares,2004K1,333416
Households,Unlisted shares,2004K2,335638
Households,Unlisted shares,2004K3,336949
Households,Unlisted shares,2004K4,328990
Households,Unlisted shares,2005K1,317208
Households,Unlisted shares,2005K2,360478
Households,Unlisted shares,2005K3,441234
Households,Unlisted shares,2005K4,527180
Households,Unlisted shares,2006K1,656764
Households,Unlisted shares,2006K2,623140
Households,Unlisted shares,2006K3,722889
Households,Unlisted shares,2006K4,846291
Households,Unlisted shares,2007K1,899279
Households,Unlisted shares,2007K2,918287
Households,Unlisted shares,2007K3,846331
Households,Unlisted shares,2007K4,729241
Households,Unlisted shares,2008K1,637928
Households,Unlisted shares,2008K2,568528
Households,Unlisted shares,2008K3,507053
Households,Unlisted shares,2008K4,427988
Households,Unlisted shares,2009K1,439254
Households,Unlisted shares,2009K2,570837
Households,Unlisted shares,2009K3,674338
Households,Unlisted shares,2009K4,726562
Households,Unlisted shares,2010K1,784162
Households,Unlisted shares,2010K2,740181
Households,Unlisted shares,2010K3,801554
Households,Unlisted shares,2010K4,852511
Households,Unlisted shares,2011K1,835069
Households,Unlisted shares,2011K2,807875
Households,Unlisted shares,2011K3,632412
Households,Unlisted shares,2011K4,694691
Households,Unlisted shares,2012K1,761479
Households,Unlisted shares,2012K2,709686
Households,Unlisted shares,2012K3,741866
Households,Unlisted shares,2012K4,767222
Households,Unlisted shares,2013K1,823039
Households,Unlisted shares,2013K2,777627
Households,Unlisted shares,2013K3,816312
Households,Unlisted shares,2013K4,841478
Households,Unlisted shares,2014K1,909507
Households,Unlisted shares,2014K2,986610
Households,Unlisted shares,2014K3,1046828
Households,Unlisted shares,2014K4,1152556
Households,Unlisted shares,2015K1,1263537
Households,Unlisted shares,2015K2,1202729
Households,Unlisted shares,2015K3,1156482
Households,Unlisted shares,2015K4,1204499
Households,Unlisted shares,2016K1,1236321
Households,Unlisted shares,2016K2,1215642
Households,Unlisted shares,2016K3,1292782
Households,Unlisted shares,2016K4,1443441
Households,Unlisted shares,2017K1,1496585
Households,Unlisted shares,2017K2,1524295
Households,Unlisted shares,2017K3,1540266
Households,Unlisted shares,2017K4,1507323
Households,Unlisted shares,2018K1,1491710
Households,Unlisted shares,2018K2,1521097
Households,Unlisted shares,2018K3,1595484
Households,Unlisted shares,2018K4,1429219
Households,Unlisted shares,2019K1,1580780
Households,Unlisted shares,2019K2,1659565
Households,Unlisted shares,2019K3,1706243
Households,Unlisted shares,2019K4,1844960
Households,Unlisted shares,2020K1,1630204
Households,Unlisted shares,2020K2,1823571
Households,Unlisted shares,2020K3,1999548
Households,Unlisted shares,2020K4,2096998
Households,Unlisted shares,2021K1,2277049
Households,Unlisted shares,2021K2,2345018
Households,Unlisted shares,2021K3,2349844
Households,Unlisted shares,2021K4,2540580
Households,Unlisted shares,2022K1,2222183
Households,Unlisted shares,2022K2,1898178
Households,Unlisted shares,2022K3,1818733
Households,Unlisted shares,2022K4,1933152
Households,Unlisted shares,2023K1,1975899
Households,Unlisted shares,2023K2,1914673
Households,Unlisted shares,2023K3,1743630
Households,Unlisted shares,2023K4,1875016
Households,Unlisted shares,2024K1,1996610
Households,Unlisted shares,2024K2,2019427
Households,Unlisted shares,2024K3,2094924
Households,Unlisted shares,2024K4,1976002
Households,Unlisted shares,2025K1,1958359
Households,Unlisted shares,2025K2,1973018
Households,Unlisted shares,2025K3,2032293
Households,Unlisted shares,2025K4,2146953
Households,Unlisted shares,2026K1,2103425
Households,Other equity,1996K1,149480
Households,Other equity,1996K2,156820
Households,Other equity,1996K3,164160
Households,Other equity,1996K4,171858
Households,Other equity,1997K1,176350
Households,Other equity,1997K2,180841
Households,Other equity,1997K3,185333
Households,Other equity,1997K4,193901
Households,Other equity,1998K1,199176
Households,Other equity,1998K2,204452
Households,Other equity,1998K3,209728
Households,Other equity,1998K4,212944
Households,Other equity,1999K1,228460
Households,Other equity,1999K2,244400
Households,Other equity,1999K3,260378
Households,Other equity,1999K4,276345
Households,Other equity,2000K1,293368
Households,Other equity,2000K2,310805
Households,Other equity,2000K3,328372
Households,Other equity,2000K4,345893
Households,Other equity,2001K1,345605
Households,Other equity,2001K2,356667
Households,Other equity,2001K3,331915
Households,Other equity,2001K4,357370
Households,Other equity,2002K1,370444
Households,Other equity,2002K2,385727
Households,Other equity,2002K3,395036
Households,Other equity,2002K4,418074
Households,Other equity,2003K1,544480
Households,Other equity,2003K2,562641
Households,Other equity,2003K3,585812
Households,Other equity,2003K4,617694
Households,Other equity,2004K1,644903
Households,Other equity,2004K2,655769
Households,Other equity,2004K3,677819
Households,Other equity,2004K4,713017
Households,Other equity,2005K1,753324
Households,Other equity,2005K2,791115
Households,Other equity,2005K3,858266
Households,Other equity,2005K4,895075
Households,Other equity,2006K1,962900
Households,Other equity,2006K2,973188
Households,Other equity,2006K3,1010260
Households,Other equity,2006K4,1031108
Households,Other equity,2007K1,1163715
Households,Other equity,2007K2,1221021
Households,Other equity,2007K3,1260103
Households,Other equity,2007K4,1189225
Households,Other equity,2008K1,1292775
Households,Other equity,2008K2,1319738
Households,Other equity,2008K3,1286197
Households,Other equity,2008K4,1239856
Households,Other equity,2009K1,1366276
Households,Other equity,2009K2,1367518
Households,Other equity,2009K3,1464684
Households,Other equity,2009K4,1486949
Households,Other equity,2010K1,1528302
Households,Other equity,2010K2,1523817
Households,Other equity,2010K3,1581592
Households,Other equity,2010K4,1631075
Households,Other equity,2011K1,1639165
Households,Other equity,2011K2,1620576
Households,Other equity,2011K3,1633342
Households,Other equity,2011K4,1624221
Households,Other equity,2012K1,1703717
Households,Other equity,2012K2,1704474
Households,Other equity,2012K3,1740954
Households,Other equity,2012K4,1752146
Households,Other equity,2013K1,1826563
Households,Other equity,2013K2,1858191
Households,Other equity,2013K3,1892370
Households,Other equity,2013K4,1924310
Households,Other equity,2014K1,2011844
Households,Other equity,2014K2,2043119
Households,Other equity,2014K3,2145720
Households,Other equity,2014K4,2191422
Households,Other equity,2015K1,2369750
Households,Other equity,2015K2,2393301
Households,Other equity,2015K3,2544235
Households,Other equity,2015K4,2564898
Households,Other equity,2016K1,2675575
Households,Other equity,2016K2,2613281
Households,Other equity,2016K3,2770770
Households,Other equity,2016K4,2850327
Households,Other equity,2017K1,3000269
Households,Other equity,2017K2,3007922
Households,Other equity,2017K3,3038560
Households,Other equity,2017K4,2839223
Households,Other equity,2018K1,2897988
Households,Other equity,2018K2,2937569
Households,Other equity,2018K3,2989867
Households,Other equity,2018K4,2950579
Households,Other equity,2019K1,3026026
Households,Other equity,2019K2,3102849
Households,Other equity,2019K3,3190344
Households,Other equity,2019K4,3253800
Households,Other equity,2020K1,3356006
Households,Other equity,2020K2,3338945
Households,Other equity,2020K3,3504852
Households,Other equity,2020K4,3566285
Households,Other equity,2021K1,3723607
Households,Other equity,2021K2,3770855
Households,Other equity,2021K3,3794888
Households,Other equity,2021K4,3874032
Households,Other equity,2022K1,4046637
Households,Other equity,2022K2,3837332
Households,Other equity,2022K3,3717940
Households,Other equity,2022K4,3642518
Households,Other equity,2023K1,3833404
Households,Other equity,2023K2,3872725
Households,Other equity,2023K3,3851692
Households,Other equity,2023K4,3762317
Households,Other equity,2024K1,3940386
Households,Other equity,2024K2,3985280
Households,Other equity,2024K3,4004647
Households,Other equity,2024K4,4011172
Households,Other equity,2025K1,4111864
Households,Other equity,2025K2,4068770
Households,Other equity,2025K3,4108589
Households,Other equity,2025K4,4127376
Households,Other equity,2026K1,4277003
Households,Investment fund shares or units,1996K1,141081
Households,Investment fund shares or units,1996K2,151789
Households,Investment fund shares or units,1996K3,162201
Households,Investment fund shares or units,1996K4,176569
Households,Investment fund shares or units,1997K1,222478
Households,Investment fund shares or units,1997K2,261097
Households,Investment fund shares or units,1997K3,281619
Households,Investment fund shares or units,1997K4,276480
Households,Investment fund shares or units,1998K1,346210
Households,Investment fund shares or units,1998K2,365709
Households,Investment fund shares or units,1998K3,297590
Households,Investment fund shares or units,1998K4,340146
Households,Investment fund shares or units,1999K1,366596
Households,Investment fund shares or units,1999K2,413194
Households,Investment fund shares or units,1999K3,414206
Households,Investment fund shares or units,1999K4,530206
Households,Investment fund shares or units,2000K1,569548
Households,Investment fund shares or units,2000K2,538035
Households,Investment fund shares or units,2000K3,538189
Households,Investment fund shares or units,2000K4,493380
Households,Investment fund shares or units,2001K1,418077
Households,Investment fund shares or units,2001K2,445354
Households,Investment fund shares or units,2001K3,368657
Households,Investment fund shares or units,2001K4,422602
Households,Investment fund shares or units,2002K1,408387
Households,Investment fund shares or units,2002K2,338742
Households,Investment fund shares or units,2002K3,272756
Households,Investment fund shares or units,2002K4,293245
Households,Investment fund shares or units,2003K1,281322
Households,Investment fund shares or units,2003K2,313760
Households,Investment fund shares or units,2003K3,332927
Households,Investment fund shares or units,2003K4,358322
Households,Investment fund shares or units,2004K1,384686
Households,Investment fund shares or units,2004K2,387111
Households,Investment fund shares or units,2004K3,386797
Households,Investment fund shares or units,2004K4,402125
Households,Investment fund shares or units,2005K1,453054
Households,Investment fund shares or units,2005K2,488622
Households,Investment fund shares or units,2005K3,521183
Households,Investment fund shares or units,2005K4,550045
Households,Investment fund shares or units,2006K1,643303
Households,Investment fund shares or units,2006K2,603847
Households,Investment fund shares or units,2006K3,624944
Households,Investment fund shares or units,2006K4,671600
Households,Investment fund shares or units,2007K1,667374
Households,Investment fund shares or units,2007K2,691065
Households,Investment fund shares or units,2007K3,665504
Households,Investment fund shares or units,2007K4,627831
Households,Investment fund shares or units,2008K1,565371
Households,Investment fund shares or units,2008K2,539147
Households,Investment fund shares or units,2008K3,492095
Households,Investment fund shares or units,2008K4,448067
Households,Investment fund shares or units,2009K1,441014
Households,Investment fund shares or units,2009K2,494435
Households,Investment fund shares or units,2009K3,544885
Households,Investment fund shares or units,2009K4,587530
Households,Investment fund shares or units,2010K1,622081
Households,Investment fund shares or units,2010K2,610959
Households,Investment fund shares or units,2010K3,629416
Households,Investment fund shares or units,2010K4,656916
Households,Investment fund shares or units,2011K1,634341
Households,Investment fund shares or units,2011K2,643424
Households,Investment fund shares or units,2011K3,548090
Households,Investment fund shares or units,2011K4,569331
Households,Investment fund shares or units,2012K1,676503
Households,Investment fund shares or units,2012K2,666325
Households,Investment fund shares or units,2012K3,684840
Households,Investment fund shares or units,2012K4,589841
Households,Investment fund shares or units,2013K1,663275
Households,Investment fund shares or units,2013K2,692167
Households,Investment fund shares or units,2013K3,724375
Households,Investment fund shares or units,2013K4,727993
Households,Investment fund shares or units,2014K1,710569
Households,Investment fund shares or units,2014K2,825824
Households,Investment fund shares or units,2014K3,851583
Households,Investment fund shares or units,2014K4,856381
Households,Investment fund shares or units,2015K1,961806
Households,Investment fund shares or units,2015K2,933640
Households,Investment fund shares or units,2015K3,876055
Households,Investment fund shares or units,2015K4,941625
Households,Investment fund shares or units,2016K1,905269
Households,Investment fund shares or units,2016K2,924133
Households,Investment fund shares or units,2016K3,981062
Households,Investment fund shares or units,2016K4,1036921
Households,Investment fund shares or units,2017K1,1091745
Households,Investment fund shares or units,2017K2,1107862
Households,Investment fund shares or units,2017K3,1139356
Households,Investment fund shares or units,2017K4,1173451
Households,Investment fund shares or units,2018K1,1201087
Households,Investment fund shares or units,2018K2,1220723
Households,Investment fund shares or units,2018K3,1267042
Households,Investment fund shares or units,2018K4,1130705
Households,Investment fund shares or units,2019K1,1300673
Households,Investment fund shares or units,2019K2,1340546
Households,Investment fund shares or units,2019K3,1377911
Households,Investment fund shares or units,2019K4,1444500
Households,Investment fund shares or units,2020K1,1212257
Households,Investment fund shares or units,2020K2,1388189
Households,Investment fund shares or units,2020K3,1451908
Households,Investment fund shares or units,2020K4,1563178
Households,Investment fund shares or units,2021K1,1655487
Households,Investment fund shares or units,2021K2,1744958
Households,Investment fund shares or units,2021K3,1766643
Households,Investment fund shares or units,2021K4,1924113
Households,Investment fund shares or units,2022K1,1742120
Households,Investment fund shares or units,2022K2,1552226
Households,Investment fund shares or units,2022K3,1545179
Households,Investment fund shares or units,2022K4,1617104
Households,Investment fund shares or units,2023K1,1752197
Households,Investment fund shares or units,2023K2,1856188
Households,Investment fund shares or units,2023K3,1783259
Households,Investment fund shares or units,2023K4,1920581
Households,Investment fund shares or units,2024K1,2119541
Households,Investment fund shares or units,2024K2,2189911
Households,Investment fund shares or units,2024K3,2220020
Households,Investment fund shares or units,2024K4,2243298
Households,Investment fund shares or units,2025K1,2209852
Households,Investment fund shares or units,2025K2,2360608
Households,Investment fund shares or units,2025K3,2276586
Households,Investment fund shares or units,2025K4,2363754
Households,Investment fund shares or units,2026K1,2498794
Households,Money market funds,1996K1,0
Households,Money market funds,1996K2,0
Households,Money market funds,1996K3,0
Households,Money market funds,1996K4,0
Households,Money market funds,1997K1,0
Households,Money market funds,1997K2,0
Households,Money market funds,1997K3,0
Households,Money market funds,1997K4,0
Households,Money market funds,1998K1,4154
Households,Money market funds,1998K2,4247
Households,Money market funds,1998K3,4608
Households,Money market funds,1998K4,4653
Households,Money market funds,1999K1,5151
Households,Money market funds,1999K2,5651
Households,Money market funds,1999K3,6169
Households,Money market funds,1999K4,5888
Households,Money market funds,2000K1,7292
Households,Money market funds,2000K2,7032
Households,Money market funds,2000K3,7572
Households,Money market funds,2000K4,5459
Households,Money market funds,2001K1,6847
Households,Money market funds,2001K2,6829
Households,Money market funds,2001K3,8252
Households,Money market funds,2001K4,8454
Households,Money market funds,2002K1,9273
Households,Money market funds,2002K2,9234
Households,Money market funds,2002K3,9140
Households,Money market funds,2002K4,8335
Households,Money market funds,2003K1,8717
Households,Money market funds,2003K2,9773
Households,Money market funds,2003K3,9293
Households,Money market funds,2003K4,10584
Households,Money market funds,2004K1,9351
Households,Money market funds,2004K2,10578
Households,Money market funds,2004K3,14365
Households,Money market funds,2004K4,13780
Households,Money market funds,2005K1,14216
Households,Money market funds,2005K2,16325
Households,Money market funds,2005K3,15775
Households,Money market funds,2005K4,15350
Households,Money market funds,2006K1,9570
Households,Money market funds,2006K2,10543
Households,Money market funds,2006K3,10341
Households,Money market funds,2006K4,9531
Households,Money market funds,2007K1,9163
Households,Money market funds,2007K2,9042
Households,Money market funds,2007K3,9566
Households,Money market funds,2007K4,10076
Households,Money market funds,2008K1,9953
Households,Money market funds,2008K2,9699
Households,Money market funds,2008K3,10227
Households,Money market funds,2008K4,14379
Households,Money market funds,2009K1,13328
Households,Money market funds,2009K2,12098
Households,Money market funds,2009K3,11442
Households,Money market funds,2009K4,10798
Households,Money market funds,2010K1,10329
Households,Money market funds,2010K2,10141
Households,Money market funds,2010K3,10009
Households,Money market funds,2010K4,9539
Households,Money market funds,2011K1,9039
Households,Money market funds,2011K2,10364
Households,Money market funds,2011K3,8533
Households,Money market funds,2011K4,8836
Households,Money market funds,2012K1,8035
Households,Money market funds,2012K2,8246
Households,Money market funds,2012K3,8916
Households,Money market funds,2012K4,8225
Households,Money market funds,2013K1,8681
Households,Money market funds,2013K2,9198
Households,Money market funds,2013K3,9083
Households,Money market funds,2013K4,11154
Households,Money market funds,2014K1,10650
Households,Money market funds,2014K2,43148
Households,Money market funds,2014K3,43687
Households,Money market funds,2014K4,41402
Households,Money market funds,2015K1,39011
Households,Money market funds,2015K2,38566
Households,Money market funds,2015K3,37905
Households,Money market funds,2015K4,35783
Households,Money market funds,2016K1,33847
Households,Money market funds,2016K2,32927
Households,Money market funds,2016K3,31968
Households,Money market funds,2016K4,31431
Households,Money market funds,2017K1,30326
Households,Money market funds,2017K2,29276
Households,Money market funds,2017K3,33275
Households,Money market funds,2017K4,31940
Households,Money market funds,2018K1,30859
Households,Money market funds,2018K2,29582
Households,Money market funds,2018K3,28509
Households,Money market funds,2018K4,36523
Households,Money market funds,2019K1,35036
Households,Money market funds,2019K2,34432
Households,Money market funds,2019K3,33504
Households,Money market funds,2019K4,32453
Households,Money market funds,2020K1,32240
Households,Money market funds,2020K2,31658
Households,Money market funds,2020K3,31648
Households,Money market funds,2020K4,30785
Households,Money market funds,2021K1,30198
Households,Money market funds,2021K2,29954
Households,Money market funds,2021K3,30000
Households,Money market funds,2021K4,30879
Households,Money market funds,2022K1,29954
Households,Money market funds,2022K2,41874
Households,Money market funds,2022K3,41249
Households,Money market funds,2022K4,40469
Households,Money market funds,2023K1,40946
Households,Money market funds,2023K2,42399
Households,Money market funds,2023K3,42983
Households,Money market funds,2023K4,43892
Households,Money market funds,2024K1,43902
Households,Money market funds,2024K2,44016
Households,Money market funds,2024K3,48246
Households,Money market funds,2024K4,53761
Households,Money market funds,2025K1,54296
Households,Money market funds,2025K2,57045
Households,Money market funds,2025K3,59068
Households,Money market funds,2025K4,62442
Households,Money market funds,2026K1,65552
Households,Bond market funds,1996K1,0
Households,Bond market funds,1996K2,0
Households,Bond market funds,1996K3,0
Households,Bond market funds,1996K4,0
Households,Bond market funds,1997K1,0
Households,Bond market funds,1997K2,0
Households,Bond market funds,1997K3,0
Households,Bond market funds,1997K4,0
Households,Bond market funds,1998K1,7605
Households,Bond market funds,1998K2,7830
Households,Bond market funds,1998K3,7568
Households,Bond market funds,1998K4,7907
Households,Bond market funds,1999K1,8602
Households,Bond market funds,1999K2,7710
Households,Bond market funds,1999K3,7258
Households,Bond market funds,1999K4,6788
Households,Bond market funds,2000K1,6503
Households,Bond market funds,2000K2,6383
Households,Bond market funds,2000K3,6614
Households,Bond market funds,2000K4,6025
Households,Bond market funds,2001K1,5583
Households,Bond market funds,2001K2,5325
Households,Bond market funds,2001K3,5990
Households,Bond market funds,2001K4,5973
Households,Bond market funds,2002K1,5166
Households,Bond market funds,2002K2,5128
Households,Bond market funds,2002K3,5469
Households,Bond market funds,2002K4,6595
Households,Bond market funds,2003K1,6979
Households,Bond market funds,2003K2,7206
Households,Bond market funds,2003K3,7306
Households,Bond market funds,2003K4,7457
Households,Bond market funds,2004K1,7987
Households,Bond market funds,2004K2,7997
Households,Bond market funds,2004K3,7145
Households,Bond market funds,2004K4,7452
Households,Bond market funds,2005K1,7548
Households,Bond market funds,2005K2,8176
Households,Bond market funds,2005K3,8512
Households,Bond market funds,2005K4,8612
Households,Bond market funds,2006K1,8344
Households,Bond market funds,2006K2,8344
Households,Bond market funds,2006K3,8330
Households,Bond market funds,2006K4,7851
Households,Bond market funds,2007K1,7442
Households,Bond market funds,2007K2,6904
Households,Bond market funds,2007K3,6789
Households,Bond market funds,2007K4,6985
Households,Bond market funds,2008K1,7371
Households,Bond market funds,2008K2,7121
Households,Bond market funds,2008K3,7234
Households,Bond market funds,2008K4,8896
Households,Bond market funds,2009K1,8880
Households,Bond market funds,2009K2,8623
Households,Bond market funds,2009K3,9005
Households,Bond market funds,2009K4,8882
Households,Bond market funds,2010K1,8872
Households,Bond market funds,2010K2,9165
Households,Bond market funds,2010K3,9100
Households,Bond market funds,2010K4,8212
Households,Bond market funds,2011K1,8350
Households,Bond market funds,2011K2,8521
Households,Bond market funds,2011K3,9680
Households,Bond market funds,2011K4,10829
Households,Bond market funds,2012K1,11220
Households,Bond market funds,2012K2,11691
Households,Bond market funds,2012K3,9594
Households,Bond market funds,2012K4,9391
Households,Bond market funds,2013K1,9002
Households,Bond market funds,2013K2,8145
Households,Bond market funds,2013K3,7821
Households,Bond market funds,2013K4,8558
Households,Bond market funds,2014K1,9512
Households,Bond market funds,2014K2,47124
Households,Bond market funds,2014K3,48966
Households,Bond market funds,2014K4,49936
Households,Bond market funds,2015K1,49160
Households,Bond market funds,2015K2,46639
Households,Bond market funds,2015K3,45445
Households,Bond market funds,2015K4,43616
Households,Bond market funds,2016K1,39891
Households,Bond market funds,2016K2,36419
Households,Bond market funds,2016K3,36542
Households,Bond market funds,2016K4,36460
Households,Bond market funds,2017K1,34672
Households,Bond market funds,2017K2,33916
Households,Bond market funds,2017K3,29341
Households,Bond market funds,2017K4,28907
Households,Bond market funds,2018K1,28494
Households,Bond market funds,2018K2,28017
Households,Bond market funds,2018K3,27355
Households,Bond market funds,2018K4,27114
Households,Bond market funds,2019K1,28267
Households,Bond market funds,2019K2,28446
Households,Bond market funds,2019K3,28536
Households,Bond market funds,2019K4,28367
Households,Bond market funds,2020K1,27082
Households,Bond market funds,2020K2,27799
Households,Bond market funds,2020K3,28073
Households,Bond market funds,2020K4,26991
Households,Bond market funds,2021K1,26466
Households,Bond market funds,2021K2,26082
Households,Bond market funds,2021K3,25561
Households,Bond market funds,2021K4,25448
Households,Bond market funds,2022K1,24399
Households,Bond market funds,2022K2,10560
Households,Bond market funds,2022K3,10219
Households,Bond market funds,2022K4,10217
Households,Bond market funds,2023K1,10917
Households,Bond market funds,2023K2,11405
Households,Bond market funds,2023K3,11494
Households,Bond market funds,2023K4,12691
Households,Bond market funds,2024K1,13010
Households,Bond market funds,2024K2,13111
Households,Bond market funds,2024K3,18213
Households,Bond market funds,2024K4,17381
Households,Bond market funds,2025K1,15448
Households,Bond market funds,2025K2,18147
Households,Bond market funds,2025K3,18800
Households,Bond market funds,2025K4,17547
Households,Bond market funds,2026K1,18444
Households,Equity funds,1996K1,0
Households,Equity funds,1996K2,0
Households,Equity funds,1996K3,0
Households,Equity funds,1996K4,0
Households,Equity funds,1997K1,0
Households,Equity funds,1997K2,0
Households,Equity funds,1997K3,0
Households,Equity funds,1997K4,0
Households,Equity funds,1998K1,270307
Households,Equity funds,1998K2,283913
Households,Equity funds,1998K3,223202
Households,Equity funds,1998K4,258620
Households,Equity funds,1999K1,278990
Households,Equity funds,1999K2,305379
Households,Equity funds,1999K3,308094
Households,Equity funds,1999K4,398571
Households,Equity funds,2000K1,425326
Households,Equity funds,2000K2,400532
Households,Equity funds,2000K3,400603
Households,Equity funds,2000K4,361485
Households,Equity funds,2001K1,306229
Households,Equity funds,2001K2,328279
Households,Equity funds,2001K3,260008
Households,Equity funds,2001K4,302060
Households,Equity funds,2002K1,291598
Households,Equity funds,2002K2,230166
Households,Equity funds,2002K3,172770
Households,Equity funds,2002K4,184719
Households,Equity funds,2003K1,169992
Households,Equity funds,2003K2,195126
Households,Equity funds,2003K3,206501
Households,Equity funds,2003K4,226117
Households,Equity funds,2004K1,245058
Households,Equity funds,2004K2,246892
Households,Equity funds,2004K3,240556
Households,Equity funds,2004K4,248565
Households,Equity funds,2005K1,273837
Households,Equity funds,2005K2,300742
Households,Equity funds,2005K3,327898
Households,Equity funds,2005K4,350616
Households,Equity funds,2006K1,365281
Households,Equity funds,2006K2,321738
Households,Equity funds,2006K3,342829
Households,Equity funds,2006K4,364196
Households,Equity funds,2007K1,378558
Households,Equity funds,2007K2,393615
Households,Equity funds,2007K3,370448
Households,Equity funds,2007K4,339691
Households,Equity funds,2008K1,284676
Households,Equity funds,2008K2,269374
Households,Equity funds,2008K3,233070
Households,Equity funds,2008K4,193423
Households,Equity funds,2009K1,185302
Households,Equity funds,2009K2,230809
Households,Equity funds,2009K3,259543
Households,Equity funds,2009K4,278845
Households,Equity funds,2010K1,295257
Households,Equity funds,2010K2,277574
Households,Equity funds,2010K3,290873
Households,Equity funds,2010K4,313260
Households,Equity funds,2011K1,304668
Households,Equity funds,2011K2,298031
Households,Equity funds,2011K3,236349
Households,Equity funds,2011K4,250606
Households,Equity funds,2012K1,283916
Households,Equity funds,2012K2,265906
Households,Equity funds,2012K3,273996
Households,Equity funds,2012K4,276295
Households,Equity funds,2013K1,295930
Households,Equity funds,2013K2,291030
Households,Equity funds,2013K3,308085
Households,Equity funds,2013K4,327575
Households,Equity funds,2014K1,336739
Households,Equity funds,2014K2,354640
Households,Equity funds,2014K3,352503
Households,Equity funds,2014K4,365788
Households,Equity funds,2015K1,421135
Households,Equity funds,2015K2,385614
Households,Equity funds,2015K3,351621
Households,Equity funds,2015K4,381136
Households,Equity funds,2016K1,365887
Households,Equity funds,2016K2,369661
Households,Equity funds,2016K3,403415
Households,Equity funds,2016K4,422983
Households,Equity funds,2017K1,457277
Households,Equity funds,2017K2,472436
Households,Equity funds,2017K3,484437
Households,Equity funds,2017K4,479325
Households,Equity funds,2018K1,484293
Households,Equity funds,2018K2,504203
Households,Equity funds,2018K3,525371
Households,Equity funds,2018K4,440348
Households,Equity funds,2019K1,504950
Households,Equity funds,2019K2,527562
Households,Equity funds,2019K3,537498
Households,Equity funds,2019K4,584074
Households,Equity funds,2020K1,463940
Households,Equity funds,2020K2,558294
Households,Equity funds,2020K3,638525
Households,Equity funds,2020K4,691439
Households,Equity funds,2021K1,769769
Households,Equity funds,2021K2,824220
Households,Equity funds,2021K3,830798
Households,Equity funds,2021K4,918055
Households,Equity funds,2022K1,806125
Households,Equity funds,2022K2,694110
Households,Equity funds,2022K3,683145
Households,Equity funds,2022K4,733291
Households,Equity funds,2023K1,852497
Households,Equity funds,2023K2,932835
Households,Equity funds,2023K3,879169
Households,Equity funds,2023K4,948327
Households,Equity funds,2024K1,1069069
Households,Equity funds,2024K2,1107122
Households,Equity funds,2024K3,1132787
Households,Equity funds,2024K4,1163462
Households,Equity funds,2025K1,1049502
Households,Equity funds,2025K2,1094410
Households,Equity funds,2025K3,1170601
Households,Equity funds,2025K4,1189472
Households,Equity funds,2026K1,1264849
Households,Other funds,1996K1,0
Households,Other funds,1996K2,0
Households,Other funds,1996K3,0
Households,Other funds,1996K4,0
Households,Other funds,1997K1,0
Households,Other funds,1997K2,0
Households,Other funds,1997K3,0
Households,Other funds,1997K4,0
Households,Other funds,1998K1,34428
Households,Other funds,1998K2,36153
Households,Other funds,1998K3,29514
Households,Other funds,1998K4,30949
Households,Other funds,1999K1,33425
Households,Other funds,1999K2,36645
Households,Other funds,1999K3,37543
Households,Other funds,1999K4,49947
Households,Other funds,2000K1,55788
Households,Other funds,2000K2,51394
Households,Other funds,2000K3,52428
Households,Other funds,2000K4,53934
Households,Other funds,2001K1,48551
Households,Other funds,2001K2,48347
Households,Other funds,2001K3,47795
Households,Other funds,2001K4,48636
Households,Other funds,2002K1,45801
Households,Other funds,2002K2,41537
Households,Other funds,2002K3,37741
Households,Other funds,2002K4,40581
Households,Other funds,2003K1,38581
Households,Other funds,2003K2,39784
Households,Other funds,2003K3,42159
Households,Other funds,2003K4,41405
Households,Other funds,2004K1,47360
Households,Other funds,2004K2,46896
Households,Other funds,2004K3,45636
Households,Other funds,2004K4,46879
Households,Other funds,2005K1,71110
Households,Other funds,2005K2,75078
Households,Other funds,2005K3,80336
Households,Other funds,2005K4,87148
Households,Other funds,2006K1,76066
Households,Other funds,2006K2,74970
Households,Other funds,2006K3,76902
Households,Other funds,2006K4,81092
Households,Other funds,2007K1,85043
Households,Other funds,2007K2,89772
Households,Other funds,2007K3,89342
Households,Other funds,2007K4,86739
Households,Other funds,2008K1,81646
Households,Other funds,2008K2,79296
Households,Other funds,2008K3,73356
Households,Other funds,2008K4,67301
Households,Other funds,2009K1,67015
Households,Other funds,2009K2,73679
Households,Other funds,2009K3,83496
Households,Other funds,2009K4,93722
Households,Other funds,2010K1,101752
Households,Other funds,2010K2,103931
Households,Other funds,2010K3,107995
Households,Other funds,2010K4,113737
Households,Other funds,2011K1,110671
Households,Other funds,2011K2,110608
Households,Other funds,2011K3,103787
Households,Other funds,2011K4,105353
Households,Other funds,2012K1,125629
Households,Other funds,2012K2,127727
Households,Other funds,2012K3,130440
Households,Other funds,2012K4,138244
Households,Other funds,2013K1,154373
Households,Other funds,2013K2,181295
Households,Other funds,2013K3,192650
Households,Other funds,2013K4,209983
Households,Other funds,2014K1,228829
Households,Other funds,2014K2,243081
Households,Other funds,2014K3,260786
Households,Other funds,2014K4,277296
Households,Other funds,2015K1,314381
Households,Other funds,2015K2,323618
Households,Other funds,2015K3,325007
Households,Other funds,2015K4,332283
Households,Other funds,2016K1,319144
Households,Other funds,2016K2,332040
Households,Other funds,2016K3,337914
Households,Other funds,2016K4,344347
Households,Other funds,2017K1,354010
Households,Other funds,2017K2,362913
Households,Other funds,2017K3,375103
Households,Other funds,2017K4,387383
Households,Other funds,2018K1,399195
Households,Other funds,2018K2,403150
Households,Other funds,2018K3,410672
Households,Other funds,2018K4,379843
Households,Other funds,2019K1,438727
Households,Other funds,2019K2,447383
Households,Other funds,2019K3,467348
Households,Other funds,2019K4,478412
Households,Other funds,2020K1,415278
Households,Other funds,2020K2,459986
Households,Other funds,2020K3,446166
Households,Other funds,2020K4,491429
Households,Other funds,2021K1,508853
Households,Other funds,2021K2,528382
Households,Other funds,2021K3,536893
Households,Other funds,2021K4,613284
Households,Other funds,2022K1,554432
Households,Other funds,2022K2,514826
Households,Other funds,2022K3,520837
Households,Other funds,2022K4,532120
Households,Other funds,2023K1,533465
Households,Other funds,2023K2,529460
Households,Other funds,2023K3,516186
Households,Other funds,2023K4,569779
Households,Other funds,2024K1,606615
Households,Other funds,2024K2,624993
Households,Other funds,2024K3,610057
Households,Other funds,2024K4,582896
Households,Other funds,2025K1,697251
Households,Other funds,2025K2,783175
Households,Other funds,2025K3,595899
Households,Other funds,2025K4,649855
Households,Other funds,2026K1,718474
Households,Undistributed funds,1996K1,141081
Households,Undistributed funds,1996K2,151789
Households,Undistributed funds,1996K3,162201
Households,Undistributed funds,1996K4,176569
Households,Undistributed funds,1997K1,222478
Households,Undistributed funds,1997K2,261097
Households,Undistributed funds,1997K3,281619
Households,Undistributed funds,1997K4,276480
Households,Undistributed funds,1998K1,29716
Households,Undistributed funds,1998K2,33566
Households,Undistributed funds,1998K3,32698
Households,Undistributed funds,1998K4,38017
Households,Undistributed funds,1999K1,40428
Households,Undistributed funds,1999K2,57809
Households,Undistributed funds,1999K3,55142
Households,Undistributed funds,1999K4,69012
Households,Undistributed funds,2000K1,74639
Households,Undistributed funds,2000K2,72694
Households,Undistributed funds,2000K3,70972
Households,Undistributed funds,2000K4,66477
Households,Undistributed funds,2001K1,50867
Households,Undistributed funds,2001K2,56574
Households,Undistributed funds,2001K3,46612
Households,Undistributed funds,2001K4,57479
Households,Undistributed funds,2002K1,56549
Households,Undistributed funds,2002K2,52677
Households,Undistributed funds,2002K3,47636
Households,Undistributed funds,2002K4,53015
Households,Undistributed funds,2003K1,57053
Households,Undistributed funds,2003K2,61871
Households,Undistributed funds,2003K3,67668
Households,Undistributed funds,2003K4,72759
Households,Undistributed funds,2004K1,74930
Households,Undistributed funds,2004K2,74748
Households,Undistributed funds,2004K3,79095
Households,Undistributed funds,2004K4,85449
Households,Undistributed funds,2005K1,86343
Households,Undistributed funds,2005K2,88301
Households,Undistributed funds,2005K3,88662
Households,Undistributed funds,2005K4,88319
Households,Undistributed funds,2006K1,184042
Households,Undistributed funds,2006K2,188252
Households,Undistributed funds,2006K3,186542
Households,Undistributed funds,2006K4,208930
Households,Undistributed funds,2007K1,187168
Households,Undistributed funds,2007K2,191732
Households,Undistributed funds,2007K3,189359
Households,Undistributed funds,2007K4,184340
Households,Undistributed funds,2008K1,181725
Households,Undistributed funds,2008K2,173657
Households,Undistributed funds,2008K3,168208
Households,Undistributed funds,2008K4,164068
Households,Undistributed funds,2009K1,166489
Households,Undistributed funds,2009K2,169226
Households,Undistributed funds,2009K3,181399
Households,Undistributed funds,2009K4,195283
Households,Undistributed funds,2010K1,205871
Households,Undistributed funds,2010K2,210148
Households,Undistributed funds,2010K3,211439
Households,Undistributed funds,2010K4,212168
Households,Undistributed funds,2011K1,201613
Households,Undistributed funds,2011K2,215900
Households,Undistributed funds,2011K3,189741
Households,Undistributed funds,2011K4,193707
Households,Undistributed funds,2012K1,247703
Households,Undistributed funds,2012K2,252755
Households,Undistributed funds,2012K3,261894
Households,Undistributed funds,2012K4,157686
Households,Undistributed funds,2013K1,195289
Households,Undistributed funds,2013K2,202499
Households,Undistributed funds,2013K3,206736
Households,Undistributed funds,2013K4,170723
Households,Undistributed funds,2014K1,124839
Households,Undistributed funds,2014K2,137831
Households,Undistributed funds,2014K3,145641
Households,Undistributed funds,2014K4,121959
Households,Undistributed funds,2015K1,138119
Households,Undistributed funds,2015K2,139203
Households,Undistributed funds,2015K3,116077
Households,Undistributed funds,2015K4,148807
Households,Undistributed funds,2016K1,146500
Households,Undistributed funds,2016K2,153086
Households,Undistributed funds,2016K3,171223
Households,Undistributed funds,2016K4,201700
Households,Undistributed funds,2017K1,215460
Households,Undistributed funds,2017K2,209321
Households,Undistributed funds,2017K3,217200
Households,Undistributed funds,2017K4,245896
Households,Undistributed funds,2018K1,258246
Households,Undistributed funds,2018K2,255771
Households,Undistributed funds,2018K3,275135
Households,Undistributed funds,2018K4,246877
Households,Undistributed funds,2019K1,293693
Households,Undistributed funds,2019K2,302723
Households,Undistributed funds,2019K3,311025
Households,Undistributed funds,2019K4,321194
Households,Undistributed funds,2020K1,273717
Households,Undistributed funds,2020K2,310452
Households,Undistributed funds,2020K3,307496
Households,Undistributed funds,2020K4,322534
Households,Undistributed funds,2021K1,320201
Households,Undistributed funds,2021K2,336320
Households,Undistributed funds,2021K3,343391
Households,Undistributed funds,2021K4,336447
Households,Undistributed funds,2022K1,327210
Households,Undistributed funds,2022K2,290856
Households,Undistributed funds,2022K3,289729
Households,Undistributed funds,2022K4,301007
Households,Undistributed funds,2023K1,314372
Households,Undistributed funds,2023K2,340089
Households,Undistributed funds,2023K3,333427
Households,Undistributed funds,2023K4,345892
Households,Undistributed funds,2024K1,386945
Households,Undistributed funds,2024K2,400669
Households,Undistributed funds,2024K3,410717
Households,Undistributed funds,2024K4,425798
Households,Undistributed funds,2025K1,393355
Households,Undistributed funds,2025K2,407831
Households,Undistributed funds,2025K3,432218
Households,Undistributed funds,2025K4,444438
Households,Undistributed funds,2026K1,431475
Households,Other insurance technical reserves,1996K1,44817
Households,Other insurance technical reserves,1996K2,47184
Households,Other insurance technical reserves,1996K3,49868
Households,Other insurance technical reserves,1996K4,52620
Households,Other insurance technical reserves,1997K1,53388
Households,Other insurance technical reserves,1997K2,53614
Households,Other insurance technical reserves,1997K3,54238
Households,Other insurance technical reserves,1997K4,54882
Households,Other insurance technical reserves,1998K1,55474
Households,Other insurance technical reserves,1998K2,55455
Households,Other insurance technical reserves,1998K3,55922
Households,Other insurance technical reserves,1998K4,56603
Households,Other insurance technical reserves,1999K1,61731
Households,Other insurance technical reserves,1999K2,66087
Households,Other insurance technical reserves,1999K3,71069
Households,Other insurance technical reserves,1999K4,76055
Households,Other insurance technical reserves,2000K1,79180
Households,Other insurance technical reserves,2000K2,82040
Households,Other insurance technical reserves,2000K3,84902
Households,Other insurance technical reserves,2000K4,88223
Households,Other insurance technical reserves,2001K1,76538
Households,Other insurance technical reserves,2001K2,64365
Households,Other insurance technical reserves,2001K3,52669
Households,Other insurance technical reserves,2001K4,40873
Households,Other insurance technical reserves,2002K1,41807
Households,Other insurance technical reserves,2002K2,42797
Households,Other insurance technical reserves,2002K3,44527
Households,Other insurance technical reserves,2002K4,46311
Households,Other insurance technical reserves,2003K1,49358
Households,Other insurance technical reserves,2003K2,49997
Households,Other insurance technical reserves,2003K3,51081
Households,Other insurance technical reserves,2003K4,52247
Households,Other insurance technical reserves,2004K1,54664
Households,Other insurance technical reserves,2004K2,58634
Households,Other insurance technical reserves,2004K3,62527
Households,Other insurance technical reserves,2004K4,66541
Households,Other insurance technical reserves,2005K1,65693
Households,Other insurance technical reserves,2005K2,63264
Households,Other insurance technical reserves,2005K3,61678
Households,Other insurance technical reserves,2005K4,59868
Households,Other insurance technical reserves,2006K1,66998
Households,Other insurance technical reserves,2006K2,67894
Households,Other insurance technical reserves,2006K3,69145
Households,Other insurance technical reserves,2006K4,70388
Households,Other insurance technical reserves,2007K1,74336
Households,Other insurance technical reserves,2007K2,73609
Households,Other insurance technical reserves,2007K3,74187
Households,Other insurance technical reserves,2007K4,74544
Households,Other insurance technical reserves,2008K1,96722
Households,Other insurance technical reserves,2008K2,91970
Households,Other insurance technical reserves,2008K3,70608
Households,Other insurance technical reserves,2008K4,38925
Households,Other insurance technical reserves,2009K1,62499
Households,Other insurance technical reserves,2009K2,60277
Households,Other insurance technical reserves,2009K3,63373
Households,Other insurance technical reserves,2009K4,58024
Households,Other insurance technical reserves,2010K1,84041
Households,Other insurance technical reserves,2010K2,81109
Households,Other insurance technical reserves,2010K3,79820
Households,Other insurance technical reserves,2010K4,75677
Households,Other insurance technical reserves,2011K1,101306
Households,Other insurance technical reserves,2011K2,95699
Households,Other insurance technical reserves,2011K3,81790
Households,Other insurance technical reserves,2011K4,79478
Households,Other insurance technical reserves,2012K1,105478
Households,Other insurance technical reserves,2012K2,103517
Households,Other insurance technical reserves,2012K3,98208
Households,Other insurance technical reserves,2012K4,92103
Households,Other insurance technical reserves,2013K1,102984
Households,Other insurance technical reserves,2013K2,97560
Households,Other insurance technical reserves,2013K3,93167
Households,Other insurance technical reserves,2013K4,87745
Households,Other insurance technical reserves,2014K1,95384
Households,Other insurance technical reserves,2014K2,95368
Households,Other insurance technical reserves,2014K3,95273
Households,Other insurance technical reserves,2014K4,95984
Households,Other insurance technical reserves,2015K1,106687
Households,Other insurance technical reserves,2015K2,100272
Households,Other insurance technical reserves,2015K3,85239
Households,Other insurance technical reserves,2015K4,79181
Households,Other insurance technical reserves,2016K1,83215
Households,Other insurance technical reserves,2016K2,87479
Households,Other insurance technical reserves,2016K3,86687
Households,Other insurance technical reserves,2016K4,84103
Households,Other insurance technical reserves,2017K1,87565
Households,Other insurance technical reserves,2017K2,82886
Households,Other insurance technical reserves,2017K3,79961
Households,Other insurance technical reserves,2017K4,89288
Households,Other insurance technical reserves,2018K1,98467
Households,Other insurance technical reserves,2018K2,98813
Households,Other insurance technical reserves,2018K3,94657
Households,Other insurance technical reserves,2018K4,88061
Households,Other insurance technical reserves,2019K1,88856
Households,Other insurance technical reserves,2019K2,89884
Households,Other insurance technical reserves,2019K3,91030
Households,Other insurance technical reserves,2019K4,91886
Households,Other insurance technical reserves,2020K1,91840
Households,Other insurance technical reserves,2020K2,91734
Households,Other insurance technical reserves,2020K3,91678
Households,Other insurance technical reserves,2020K4,91463
Households,Other insurance technical reserves,2021K1,92041
Households,Other insurance technical reserves,2021K2,92713
Households,Other insurance technical reserves,2021K3,93338
Households,Other insurance technical reserves,2021K4,94132
Households,Other insurance technical reserves,2022K1,93818
Households,Other insurance technical reserves,2022K2,93074
Households,Other insurance technical reserves,2022K3,91866
Households,Other insurance technical reserves,2022K4,90482
Households,Other insurance technical reserves,2023K1,89710
Households,Other insurance technical reserves,2023K2,88628
Households,Other insurance technical reserves,2023K3,87109
Households,Other insurance technical reserves,2023K4,86299
Households,Other insurance technical reserves,2024K1,86261
Households,Other insurance technical reserves,2024K2,86267
Households,Other insurance technical reserves,2024K3,86406
Households,Other insurance technical reserves,2024K4,86056
Households,Other insurance technical reserves,2025K1,85926
Households,Other insurance technical reserves,2025K2,86161
Households,Other insurance technical reserves,2025K3,86065
Households,Other insurance technical reserves,2025K4,85630
Households,Other insurance technical reserves,2026K1,98758
Households,Life insurance and annuity entitlements,1996K1,296310
Households,Life insurance and annuity entitlements,1996K2,301110
Households,Life insurance and annuity entitlements,1996K3,303363
Households,Life insurance and annuity entitlements,1996K4,311478
Households,Life insurance and annuity entitlements,1997K1,324822
Households,Life insurance and annuity entitlements,1997K2,341885
Households,Life insurance and annuity entitlements,1997K3,352342
Households,Life insurance and annuity entitlements,1997K4,368604
Households,Life insurance and annuity entitlements,1998K1,391821
Households,Life insurance and annuity entitlements,1998K2,410425
Households,Life insurance and annuity entitlements,1998K3,425424
Households,Life insurance and annuity entitlements,1998K4,444004
Households,Life insurance and annuity entitlements,1999K1,473008
Households,Life insurance and annuity entitlements,1999K2,507978
Households,Life insurance and annuity entitlements,1999K3,537547
Households,Life insurance and annuity entitlements,1999K4,575103
Households,Life insurance and annuity entitlements,2000K1,578103
Households,Life insurance and annuity entitlements,2000K2,577783
Households,Life insurance and annuity entitlements,2000K3,576084
Households,Life insurance and annuity entitlements,2000K4,575798
Households,Life insurance and annuity entitlements,2001K1,627051
Households,Life insurance and annuity entitlements,2001K2,644307
Households,Life insurance and annuity entitlements,2001K3,661623
Households,Life insurance and annuity entitlements,2001K4,678367
Households,Life insurance and annuity entitlements,2002K1,639286
Households,Life insurance and annuity entitlements,2002K2,622247
Households,Life insurance and annuity entitlements,2002K3,607548
Households,Life insurance and annuity entitlements,2002K4,625767
Households,Life insurance and annuity entitlements,2003K1,632316
Households,Life insurance and annuity entitlements,2003K2,647009
Households,Life insurance and annuity entitlements,2003K3,648238
Households,Life insurance and annuity entitlements,2003K4,650985
Households,Life insurance and annuity entitlements,2004K1,635737
Households,Life insurance and annuity entitlements,2004K2,614299
Households,Life insurance and annuity entitlements,2004K3,607207
Households,Life insurance and annuity entitlements,2004K4,599091
Households,Life insurance and annuity entitlements,2005K1,611169
Households,Life insurance and annuity entitlements,2005K2,650236
Households,Life insurance and annuity entitlements,2005K3,655759
Households,Life insurance and annuity entitlements,2005K4,629294
Households,Life insurance and annuity entitlements,2006K1,624239
Households,Life insurance and annuity entitlements,2006K2,592819
Households,Life insurance and annuity entitlements,2006K3,630672
Households,Life insurance and annuity entitlements,2006K4,626920
Households,Life insurance and annuity entitlements,2007K1,659732
Households,Life insurance and annuity entitlements,2007K2,679133
Households,Life insurance and annuity entitlements,2007K3,716254
Households,Life insurance and annuity entitlements,2007K4,739282
Households,Life insurance and annuity entitlements,2008K1,792817
Households,Life insurance and annuity entitlements,2008K2,794584
Households,Life insurance and annuity entitlements,2008K3,885553
Households,Life insurance and annuity entitlements,2008K4,939362
Households,Life insurance and annuity entitlements,2009K1,846219
Households,Life insurance and annuity entitlements,2009K2,791476
Households,Life insurance and annuity entitlements,2009K3,774924
Households,Life insurance and annuity entitlements,2009K4,727176
Households,Life insurance and annuity entitlements,2010K1,783831
Households,Life insurance and annuity entitlements,2010K2,837324
Households,Life insurance and annuity entitlements,2010K3,887474
Households,Life insurance and annuity entitlements,2010K4,932445
Households,Life insurance and annuity entitlements,2011K1,920537
Households,Life insurance and annuity entitlements,2011K2,919224
Households,Life insurance and annuity entitlements,2011K3,905192
Households,Life insurance and annuity entitlements,2011K4,911416
Households,Life insurance and annuity entitlements,2012K1,875610
Households,Life insurance and annuity entitlements,2012K2,852303
Households,Life insurance and annuity entitlements,2012K3,831334
Households,Life insurance and annuity entitlements,2012K4,803058
Households,Life insurance and annuity entitlements,2013K1,818865
Households,Life insurance and annuity entitlements,2013K2,841436
Households,Life insurance and annuity entitlements,2013K3,870072
Households,Life insurance and annuity entitlements,2013K4,894585
Households,Life insurance and annuity entitlements,2014K1,929119
Households,Life insurance and annuity entitlements,2014K2,959180
Households,Life insurance and annuity entitlements,2014K3,981997
Households,Life insurance and annuity entitlements,2014K4,1020104
Households,Life insurance and annuity entitlements,2015K1,1087119
Households,Life insurance and annuity entitlements,2015K2,1053320
Households,Life insurance and annuity entitlements,2015K3,1006382
Households,Life insurance and annuity entitlements,2015K4,1015637
Households,Life insurance and annuity entitlements,2016K1,1018285
Households,Life insurance and annuity entitlements,2016K2,1017725
Households,Life insurance and annuity entitlements,2016K3,1031600
Households,Life insurance and annuity entitlements,2016K4,1033918
Households,Life insurance and annuity entitlements,2017K1,1054647
Households,Life insurance and annuity entitlements,2017K2,1059382
Households,Life insurance and annuity entitlements,2017K3,1060290
Households,Life insurance and annuity entitlements,2017K4,1058075
Households,Life insurance and annuity entitlements,2018K1,1062546
Households,Life insurance and annuity entitlements,2018K2,1086791
Households,Life insurance and annuity entitlements,2018K3,1092118
Households,Life insurance and annuity entitlements,2018K4,1025945
Households,Life insurance and annuity entitlements,2019K1,1062950
Households,Life insurance and annuity entitlements,2019K2,1081313
Households,Life insurance and annuity entitlements,2019K3,1095281
Households,Life insurance and annuity entitlements,2019K4,1111480
Households,Life insurance and annuity entitlements,2020K1,1070922
Households,Life insurance and annuity entitlements,2020K2,1111165
Households,Life insurance and annuity entitlements,2020K3,1139679
Households,Life insurance and annuity entitlements,2020K4,1154480
Households,Life insurance and annuity entitlements,2021K1,1217911
Households,Life insurance and annuity entitlements,2021K2,1260653
Households,Life insurance and annuity entitlements,2021K3,1280052
Households,Life insurance and annuity entitlements,2021K4,1336764
Households,Life insurance and annuity entitlements,2022K1,1300370
Households,Life insurance and annuity entitlements,2022K2,1232822
Households,Life insurance and annuity entitlements,2022K3,1213186
Households,Life insurance and annuity entitlements,2022K4,1233689
Households,Life insurance and annuity entitlements,2023K1,1266111
Households,Life insurance and annuity entitlements,2023K2,1286200
Households,Life insurance and annuity entitlements,2023K3,1272069
Households,Life insurance and annuity entitlements,2023K4,1273344
Households,Life insurance and annuity entitlements,2024K1,1337265
Households,Life insurance and annuity entitlements,2024K2,1352083
Households,Life insurance and annuity entitlements,2024K3,1376685
Households,Life insurance and annuity entitlements,2024K4,1385744
Households,Life insurance and annuity entitlements,2025K1,1388162
Households,Life insurance and annuity entitlements,2025K2,1423249
Households,Life insurance and annuity entitlements,2025K3,1464760
Households,Life insurance and annuity entitlements,2025K4,1463184
Households,Life insurance and annuity entitlements,2026K1,1460403
Households,"Life insurance and annuity entitlements, non unit-linked",1996K1,250184
Households,"Life insurance and annuity entitlements, non unit-linked",1996K2,250730
Households,"Life insurance and annuity entitlements, non unit-linked",1996K3,250412
Households,"Life insurance and annuity entitlements, non unit-linked",1996K4,253837
Households,"Life insurance and annuity entitlements, non unit-linked",1997K1,262092
Households,"Life insurance and annuity entitlements, non unit-linked",1997K2,269267
Households,"Life insurance and annuity entitlements, non unit-linked",1997K3,274710
Households,"Life insurance and annuity entitlements, non unit-linked",1997K4,292141
Households,"Life insurance and annuity entitlements, non unit-linked",1998K1,299403
Households,"Life insurance and annuity entitlements, non unit-linked",1998K2,308710
Households,"Life insurance and annuity entitlements, non unit-linked",1998K3,334505
Households,"Life insurance and annuity entitlements, non unit-linked",1998K4,331714
Households,"Life insurance and annuity entitlements, non unit-linked",1999K1,351462
Households,"Life insurance and annuity entitlements, non unit-linked",1999K2,370306
Households,"Life insurance and annuity entitlements, non unit-linked",1999K3,395413
Households,"Life insurance and annuity entitlements, non unit-linked",1999K4,392478
Households,"Life insurance and annuity entitlements, non unit-linked",2000K1,375658
Households,"Life insurance and annuity entitlements, non unit-linked",2000K2,377392
Households,"Life insurance and annuity entitlements, non unit-linked",2000K3,380760
Households,"Life insurance and annuity entitlements, non unit-linked",2000K4,392105
Households,"Life insurance and annuity entitlements, non unit-linked",2001K1,445722
Households,"Life insurance and annuity entitlements, non unit-linked",2001K2,461235
Households,"Life insurance and annuity entitlements, non unit-linked",2001K3,476808
Households,"Life insurance and annuity entitlements, non unit-linked",2001K4,491809
Households,"Life insurance and annuity entitlements, non unit-linked",2002K1,447166
Households,"Life insurance and annuity entitlements, non unit-linked",2002K2,457747
Households,"Life insurance and annuity entitlements, non unit-linked",2002K3,472658
Households,"Life insurance and annuity entitlements, non unit-linked",2002K4,490877
Households,"Life insurance and annuity entitlements, non unit-linked",2003K1,497426
Households,"Life insurance and annuity entitlements, non unit-linked",2003K2,512119
Households,"Life insurance and annuity entitlements, non unit-linked",2003K3,513348
Households,"Life insurance and annuity entitlements, non unit-linked",2003K4,516095
Households,"Life insurance and annuity entitlements, non unit-linked",2004K1,531901
Households,"Life insurance and annuity entitlements, non unit-linked",2004K2,510463
Households,"Life insurance and annuity entitlements, non unit-linked",2004K3,503371
Households,"Life insurance and annuity entitlements, non unit-linked",2004K4,495255
Households,"Life insurance and annuity entitlements, non unit-linked",2005K1,499604
Households,"Life insurance and annuity entitlements, non unit-linked",2005K2,528139
Households,"Life insurance and annuity entitlements, non unit-linked",2005K3,520953
Households,"Life insurance and annuity entitlements, non unit-linked",2005K4,483292
Households,"Life insurance and annuity entitlements, non unit-linked",2006K1,466479
Households,"Life insurance and annuity entitlements, non unit-linked",2006K2,443227
Households,"Life insurance and annuity entitlements, non unit-linked",2006K3,469919
Households,"Life insurance and annuity entitlements, non unit-linked",2006K4,454467
Households,"Life insurance and annuity entitlements, non unit-linked",2007K1,485209
Households,"Life insurance and annuity entitlements, non unit-linked",2007K2,491698
Households,"Life insurance and annuity entitlements, non unit-linked",2007K3,530390
Households,"Life insurance and annuity entitlements, non unit-linked",2007K4,561074
Households,"Life insurance and annuity entitlements, non unit-linked",2008K1,634233
Households,"Life insurance and annuity entitlements, non unit-linked",2008K2,640941
Households,"Life insurance and annuity entitlements, non unit-linked",2008K3,742895
Households,"Life insurance and annuity entitlements, non unit-linked",2008K4,808054
Households,"Life insurance and annuity entitlements, non unit-linked",2009K1,720680
Households,"Life insurance and annuity entitlements, non unit-linked",2009K2,646972
Households,"Life insurance and annuity entitlements, non unit-linked",2009K3,620922
Households,"Life insurance and annuity entitlements, non unit-linked",2009K4,559866
Households,"Life insurance and annuity entitlements, non unit-linked",2010K1,605396
Households,"Life insurance and annuity entitlements, non unit-linked",2010K2,654017
Households,"Life insurance and annuity entitlements, non unit-linked",2010K3,698890
Households,"Life insurance and annuity entitlements, non unit-linked",2010K4,746373
Households,"Life insurance and annuity entitlements, non unit-linked",2011K1,735656
Households,"Life insurance and annuity entitlements, non unit-linked",2011K2,735031
Households,"Life insurance and annuity entitlements, non unit-linked",2011K3,744115
Households,"Life insurance and annuity entitlements, non unit-linked",2011K4,745395
Households,"Life insurance and annuity entitlements, non unit-linked",2012K1,708465
Households,"Life insurance and annuity entitlements, non unit-linked",2012K2,685581
Households,"Life insurance and annuity entitlements, non unit-linked",2012K3,665411
Households,"Life insurance and annuity entitlements, non unit-linked",2012K4,638402
Households,"Life insurance and annuity entitlements, non unit-linked",2013K1,651386
Households,"Life insurance and annuity entitlements, non unit-linked",2013K2,675586
Households,"Life insurance and annuity entitlements, non unit-linked",2013K3,699826
Households,"Life insurance and annuity entitlements, non unit-linked",2013K4,721578
Households,"Life insurance and annuity entitlements, non unit-linked",2014K1,754129
Households,"Life insurance and annuity entitlements, non unit-linked",2014K2,778304
Households,"Life insurance and annuity entitlements, non unit-linked",2014K3,799988
Households,"Life insurance and annuity entitlements, non unit-linked",2014K4,820491
Households,"Life insurance and annuity entitlements, non unit-linked",2015K1,873990
Households,"Life insurance and annuity entitlements, non unit-linked",2015K2,844417
Households,"Life insurance and annuity entitlements, non unit-linked",2015K3,798707
Households,"Life insurance and annuity entitlements, non unit-linked",2015K4,804291
Households,"Life insurance and annuity entitlements, non unit-linked",2016K1,807524
Households,"Life insurance and annuity entitlements, non unit-linked",2016K2,806702
Households,"Life insurance and annuity entitlements, non unit-linked",2016K3,818238
Households,"Life insurance and annuity entitlements, non unit-linked",2016K4,819608
Households,"Life insurance and annuity entitlements, non unit-linked",2017K1,836804
Households,"Life insurance and annuity entitlements, non unit-linked",2017K2,840009
Households,"Life insurance and annuity entitlements, non unit-linked",2017K3,840696
Households,"Life insurance and annuity entitlements, non unit-linked",2017K4,838483
Households,"Life insurance and annuity entitlements, non unit-linked",2018K1,841471
Households,"Life insurance and annuity entitlements, non unit-linked",2018K2,852529
Households,"Life insurance and annuity entitlements, non unit-linked",2018K3,857480
Households,"Life insurance and annuity entitlements, non unit-linked",2018K4,816271
Households,"Life insurance and annuity entitlements, non unit-linked",2019K1,847389
Households,"Life insurance and annuity entitlements, non unit-linked",2019K2,859620
Households,"Life insurance and annuity entitlements, non unit-linked",2019K3,868822
Households,"Life insurance and annuity entitlements, non unit-linked",2019K4,877491
Households,"Life insurance and annuity entitlements, non unit-linked",2020K1,841743
Households,"Life insurance and annuity entitlements, non unit-linked",2020K2,877131
Households,"Life insurance and annuity entitlements, non unit-linked",2020K3,901595
Households,"Life insurance and annuity entitlements, non unit-linked",2020K4,914058
Households,"Life insurance and annuity entitlements, non unit-linked",2021K1,961386
Households,"Life insurance and annuity entitlements, non unit-linked",2021K2,993766
Households,"Life insurance and annuity entitlements, non unit-linked",2021K3,1008568
Households,"Life insurance and annuity entitlements, non unit-linked",2021K4,1049518
Households,"Life insurance and annuity entitlements, non unit-linked",2022K1,1036330
Households,"Life insurance and annuity entitlements, non unit-linked",2022K2,1000509
Households,"Life insurance and annuity entitlements, non unit-linked",2022K3,983086
Households,"Life insurance and annuity entitlements, non unit-linked",2022K4,991651
Households,"Life insurance and annuity entitlements, non unit-linked",2023K1,1023795
Households,"Life insurance and annuity entitlements, non unit-linked",2023K2,1045383
Households,"Life insurance and annuity entitlements, non unit-linked",2023K3,1030508
Households,"Life insurance and annuity entitlements, non unit-linked",2023K4,1035227
Households,"Life insurance and annuity entitlements, non unit-linked",2024K1,1082243
Households,"Life insurance and annuity entitlements, non unit-linked",2024K2,1090577
Households,"Life insurance and annuity entitlements, non unit-linked",2024K3,1108294
Households,"Life insurance and annuity entitlements, non unit-linked",2024K4,1111219
Households,"Life insurance and annuity entitlements, non unit-linked",2025K1,1113693
Households,"Life insurance and annuity entitlements, non unit-linked",2025K2,1144508
Households,"Life insurance and annuity entitlements, non unit-linked",2025K3,1181826
Households,"Life insurance and annuity entitlements, non unit-linked",2025K4,1179355
Households,"Life insurance and annuity entitlements, non unit-linked",2026K1,1180666
Households,"Life insurance and annuity entitlements, unit-linked",1996K1,46126
Households,"Life insurance and annuity entitlements, unit-linked",1996K2,50380
Households,"Life insurance and annuity entitlements, unit-linked",1996K3,52951
Households,"Life insurance and annuity entitlements, unit-linked",1996K4,57641
Households,"Life insurance and annuity entitlements, unit-linked",1997K1,62730
Households,"Life insurance and annuity entitlements, unit-linked",1997K2,72618
Households,"Life insurance and annuity entitlements, unit-linked",1997K3,77632
Households,"Life insurance and annuity entitlements, unit-linked",1997K4,76463
Households,"Life insurance and annuity entitlements, unit-linked",1998K1,92418
Households,"Life insurance and annuity entitlements, unit-linked",1998K2,101715
Households,"Life insurance and annuity entitlements, unit-linked",1998K3,90919
Households,"Life insurance and annuity entitlements, unit-linked",1998K4,112290
Households,"Life insurance and annuity entitlements, unit-linked",1999K1,121546
Households,"Life insurance and annuity entitlements, unit-linked",1999K2,137672
Households,"Life insurance and annuity entitlements, unit-linked",1999K3,142134
Households,"Life insurance and annuity entitlements, unit-linked",1999K4,182625
Households,"Life insurance and annuity entitlements, unit-linked",2000K1,202445
Households,"Life insurance and annuity entitlements, unit-linked",2000K2,200391
Households,"Life insurance and annuity entitlements, unit-linked",2000K3,195324
Households,"Life insurance and annuity entitlements, unit-linked",2000K4,183693
Households,"Life insurance and annuity entitlements, unit-linked",2001K1,181329
Households,"Life insurance and annuity entitlements, unit-linked",2001K2,183072
Households,"Life insurance and annuity entitlements, unit-linked",2001K3,184815
Households,"Life insurance and annuity entitlements, unit-linked",2001K4,186558
Households,"Life insurance and annuity entitlements, unit-linked",2002K1,192120
Households,"Life insurance and annuity entitlements, unit-linked",2002K2,164500
Households,"Life insurance and annuity entitlements, unit-linked",2002K3,134890
Households,"Life insurance and annuity entitlements, unit-linked",2002K4,134890
Households,"Life insurance and annuity entitlements, unit-linked",2003K1,134890
Households,"Life insurance and annuity entitlements, unit-linked",2003K2,134890
Households,"Life insurance and annuity entitlements, unit-linked",2003K3,134890
Households,"Life insurance and annuity entitlements, unit-linked",2003K4,134890
Households,"Life insurance and annuity entitlements, unit-linked",2004K1,103836
Households,"Life insurance and annuity entitlements, unit-linked",2004K2,103836
Households,"Life insurance and annuity entitlements, unit-linked",2004K3,103836
Households,"Life insurance and annuity entitlements, unit-linked",2004K4,103836
Households,"Life insurance and annuity entitlements, unit-linked",2005K1,111565
Households,"Life insurance and annuity entitlements, unit-linked",2005K2,122097
Households,"Life insurance and annuity entitlements, unit-linked",2005K3,134806
Households,"Life insurance and annuity entitlements, unit-linked",2005K4,146002
Households,"Life insurance and annuity entitlements, unit-linked",2006K1,157760
Households,"Life insurance and annuity entitlements, unit-linked",2006K2,149592
Households,"Life insurance and annuity entitlements, unit-linked",2006K3,160753
Households,"Life insurance and annuity entitlements, unit-linked",2006K4,172453
Households,"Life insurance and annuity entitlements, unit-linked",2007K1,174523
Households,"Life insurance and annuity entitlements, unit-linked",2007K2,187435
Households,"Life insurance and annuity entitlements, unit-linked",2007K3,185864
Households,"Life insurance and annuity entitlements, unit-linked",2007K4,178208
Households,"Life insurance and annuity entitlements, unit-linked",2008K1,158584
Households,"Life insurance and annuity entitlements, unit-linked",2008K2,153643
Households,"Life insurance and annuity entitlements, unit-linked",2008K3,142658
Households,"Life insurance and annuity entitlements, unit-linked",2008K4,131308
Households,"Life insurance and annuity entitlements, unit-linked",2009K1,125539
Households,"Life insurance and annuity entitlements, unit-linked",2009K2,144504
Households,"Life insurance and annuity entitlements, unit-linked",2009K3,154002
Households,"Life insurance and annuity entitlements, unit-linked",2009K4,167310
Households,"Life insurance and annuity entitlements, unit-linked",2010K1,178435
Households,"Life insurance and annuity entitlements, unit-linked",2010K2,183307
Households,"Life insurance and annuity entitlements, unit-linked",2010K3,188584
Households,"Life insurance and annuity entitlements, unit-linked",2010K4,186072
Households,"Life insurance and annuity entitlements, unit-linked",2011K1,184881
Households,"Life insurance and annuity entitlements, unit-linked",2011K2,184193
Households,"Life insurance and annuity entitlements, unit-linked",2011K3,161077
Households,"Life insurance and annuity entitlements, unit-linked",2011K4,166021
Households,"Life insurance and annuity entitlements, unit-linked",2012K1,167145
Households,"Life insurance and annuity entitlements, unit-linked",2012K2,166722
Households,"Life insurance and annuity entitlements, unit-linked",2012K3,165923
Households,"Life insurance and annuity entitlements, unit-linked",2012K4,164656
Households,"Life insurance and annuity entitlements, unit-linked",2013K1,167479
Households,"Life insurance and annuity entitlements, unit-linked",2013K2,165850
Households,"Life insurance and annuity entitlements, unit-linked",2013K3,170246
Households,"Life insurance and annuity entitlements, unit-linked",2013K4,173007
Households,"Life insurance and annuity entitlements, unit-linked",2014K1,174990
Households,"Life insurance and annuity entitlements, unit-linked",2014K2,180876
Households,"Life insurance and annuity entitlements, unit-linked",2014K3,182009
Households,"Life insurance and annuity entitlements, unit-linked",2014K4,199613
Households,"Life insurance and annuity entitlements, unit-linked",2015K1,213129
Households,"Life insurance and annuity entitlements, unit-linked",2015K2,208903
Households,"Life insurance and annuity entitlements, unit-linked",2015K3,207675
Households,"Life insurance and annuity entitlements, unit-linked",2015K4,211346
Households,"Life insurance and annuity entitlements, unit-linked",2016K1,210761
Households,"Life insurance and annuity entitlements, unit-linked",2016K2,211023
Households,"Life insurance and annuity entitlements, unit-linked",2016K3,213362
Households,"Life insurance and annuity entitlements, unit-linked",2016K4,214310
Households,"Life insurance and annuity entitlements, unit-linked",2017K1,217843
Households,"Life insurance and annuity entitlements, unit-linked",2017K2,219373
Households,"Life insurance and annuity entitlements, unit-linked",2017K3,219594
Households,"Life insurance and annuity entitlements, unit-linked",2017K4,219592
Households,"Life insurance and annuity entitlements, unit-linked",2018K1,221075
Households,"Life insurance and annuity entitlements, unit-linked",2018K2,234262
Households,"Life insurance and annuity entitlements, unit-linked",2018K3,234638
Households,"Life insurance and annuity entitlements, unit-linked",2018K4,209674
Households,"Life insurance and annuity entitlements, unit-linked",2019K1,215561
Households,"Life insurance and annuity entitlements, unit-linked",2019K2,221693
Households,"Life insurance and annuity entitlements, unit-linked",2019K3,226459
Households,"Life insurance and annuity entitlements, unit-linked",2019K4,233989
Households,"Life insurance and annuity entitlements, unit-linked",2020K1,229179
Households,"Life insurance and annuity entitlements, unit-linked",2020K2,234034
Households,"Life insurance and annuity entitlements, unit-linked",2020K3,238084
Households,"Life insurance and annuity entitlements, unit-linked",2020K4,240422
Households,"Life insurance and annuity entitlements, unit-linked",2021K1,256525
Households,"Life insurance and annuity entitlements, unit-linked",2021K2,266887
Households,"Life insurance and annuity entitlements, unit-linked",2021K3,271484
Households,"Life insurance and annuity entitlements, unit-linked",2021K4,287246
Households,"Life insurance and annuity entitlements, unit-linked",2022K1,264040
Households,"Life insurance and annuity entitlements, unit-linked",2022K2,232313
Households,"Life insurance and annuity entitlements, unit-linked",2022K3,230100
Households,"Life insurance and annuity entitlements, unit-linked",2022K4,242038
Households,"Life insurance and annuity entitlements, unit-linked",2023K1,242316
Households,"Life insurance and annuity entitlements, unit-linked",2023K2,240817
Households,"Life insurance and annuity entitlements, unit-linked",2023K3,241561
Households,"Life insurance and annuity entitlements, unit-linked",2023K4,238117
Households,"Life insurance and annuity entitlements, unit-linked",2024K1,255022
Households,"Life insurance and annuity entitlements, unit-linked",2024K2,261506
Households,"Life insurance and annuity entitlements, unit-linked",2024K3,268391
Households,"Life insurance and annuity entitlements, unit-linked",2024K4,274525
Households,"Life insurance and annuity entitlements, unit-linked",2025K1,274469
Households,"Life insurance and annuity entitlements, unit-linked",2025K2,278741
Households,"Life insurance and annuity entitlements, unit-linked",2025K3,282934
Households,"Life insurance and annuity entitlements, unit-linked",2025K4,283829
Households,"Life insurance and annuity entitlements, unit-linked",2026K1,279737
Households,"Pension funds reserves, total",1996K1,305404
Households,"Pension funds reserves, total",1996K2,324989
Households,"Pension funds reserves, total",1996K3,344984
Households,"Pension funds reserves, total",1996K4,365097
Households,"Pension funds reserves, total",1997K1,483054
Households,"Pension funds reserves, total",1997K2,498106
Households,"Pension funds reserves, total",1997K3,513309
Households,"Pension funds reserves, total",1997K4,528502
Households,"Pension funds reserves, total",1998K1,555588
Households,"Pension funds reserves, total",1998K2,576646
Households,"Pension funds reserves, total",1998K3,601352
Households,"Pension funds reserves, total",1998K4,635680
Households,"Pension funds reserves, total",1999K1,648808
Households,"Pension funds reserves, total",1999K2,667900
Households,"Pension funds reserves, total",1999K3,687858
Households,"Pension funds reserves, total",1999K4,706862
Households,"Pension funds reserves, total",2000K1,735656
Households,"Pension funds reserves, total",2000K2,771826
Households,"Pension funds reserves, total",2000K3,807626
Households,"Pension funds reserves, total",2000K4,840233
Households,"Pension funds reserves, total",2001K1,794213
Households,"Pension funds reserves, total",2001K2,833145
Households,"Pension funds reserves, total",2001K3,839688
Households,"Pension funds reserves, total",2001K4,867923
Households,"Pension funds reserves, total",2002K1,952393
Households,"Pension funds reserves, total",2002K2,981565
Households,"Pension funds reserves, total",2002K3,1092837
Households,"Pension funds reserves, total",2002K4,1163620
Households,"Pension funds reserves, total",2003K1,1175317
Households,"Pension funds reserves, total",2003K2,1262582
Households,"Pension funds reserves, total",2003K3,1235764
Households,"Pension funds reserves, total",2003K4,1176937
Households,"Pension funds reserves, total",2004K1,1226712
Households,"Pension funds reserves, total",2004K2,1210319
Households,"Pension funds reserves, total",2004K3,1235921
Households,"Pension funds reserves, total",2004K4,1293559
Households,"Pension funds reserves, total",2005K1,1370285
Households,"Pension funds reserves, total",2005K2,1481041
Households,"Pension funds reserves, total",2005K3,1529053
Households,"Pension funds reserves, total",2005K4,1554167
Households,"Pension funds reserves, total",2006K1,1548282
Households,"Pension funds reserves, total",2006K2,1488138
Households,"Pension funds reserves, total",2006K3,1524640
Households,"Pension funds reserves, total",2006K4,1528865
Households,"Pension funds reserves, total",2007K1,1577644
Households,"Pension funds reserves, total",2007K2,1603834
Households,"Pension funds reserves, total",2007K3,1651256
Households,"Pension funds reserves, total",2007K4,1585578
Households,"Pension funds reserves, total",2008K1,1550256
Households,"Pension funds reserves, total",2008K2,1546146
Households,"Pension funds reserves, total",2008K3,1599257
Households,"Pension funds reserves, total",2008K4,1673389
Households,"Pension funds reserves, total",2009K1,1635996
Households,"Pension funds reserves, total",2009K2,1774036
Households,"Pension funds reserves, total",2009K3,1849660
Households,"Pension funds reserves, total",2009K4,1910987
Households,"Pension funds reserves, total",2010K1,1989239
Households,"Pension funds reserves, total",2010K2,2019950
Households,"Pension funds reserves, total",2010K3,2070774
Households,"Pension funds reserves, total",2010K4,2136619
Households,"Pension funds reserves, total",2011K1,2170342
Households,"Pension funds reserves, total",2011K2,2220240
Households,"Pension funds reserves, total",2011K3,2131243
Households,"Pension funds reserves, total",2011K4,2212600
Households,"Pension funds reserves, total",2012K1,2306719
Households,"Pension funds reserves, total",2012K2,2316064
Households,"Pension funds reserves, total",2012K3,2370352
Households,"Pension funds reserves, total",2012K4,2424439
Households,"Pension funds reserves, total",2013K1,2540385
Households,"Pension funds reserves, total",2013K2,2566499
Households,"Pension funds reserves, total",2013K3,2653632
Households,"Pension funds reserves, total",2013K4,2739990
Households,"Pension funds reserves, total",2014K1,2821692
Households,"Pension funds reserves, total",2014K2,2957176
Households,"Pension funds reserves, total",2014K3,3017419
Households,"Pension funds reserves, total",2014K4,3137569
Households,"Pension funds reserves, total",2015K1,3311043
Households,"Pension funds reserves, total",2015K2,3315564
Households,"Pension funds reserves, total",2015K3,3271538
Households,"Pension funds reserves, total",2015K4,3360797
Households,"Pension funds reserves, total",2016K1,3319990
Households,"Pension funds reserves, total",2016K2,3371746
Households,"Pension funds reserves, total",2016K3,3561646
Households,"Pension funds reserves, total",2016K4,3572802
Households,"Pension funds reserves, total",2017K1,3690895
Households,"Pension funds reserves, total",2017K2,3755745
Households,"Pension funds reserves, total",2017K3,3811503
Households,"Pension funds reserves, total",2017K4,3914394
Households,"Pension funds reserves, total",2018K1,3947688
Households,"Pension funds reserves, total",2018K2,4131776
Households,"Pension funds reserves, total",2018K3,4246726
Households,"Pension funds reserves, total",2018K4,4009511
Households,"Pension funds reserves, total",2019K1,4338851
Households,"Pension funds reserves, total",2019K2,4484051
Households,"Pension funds reserves, total",2019K3,4612332
Households,"Pension funds reserves, total",2019K4,4786727
Households,"Pension funds reserves, total",2020K1,4455594
Households,"Pension funds reserves, total",2020K2,4782947
Households,"Pension funds reserves, total",2020K3,4995775
Households,"Pension funds reserves, total",2020K4,5155516
Households,"Pension funds reserves, total",2021K1,5433259
Households,"Pension funds reserves, total",2021K2,5622118
Households,"Pension funds reserves, total",2021K3,5700128
Households,"Pension funds reserves, total",2021K4,5966387
Households,"Pension funds reserves, total",2022K1,5676786
Households,"Pension funds reserves, total",2022K2,5254513
Households,"Pension funds reserves, total",2022K3,5226609
Households,"Pension funds reserves, total",2022K4,5403095
Households,"Pension funds reserves, total",2023K1,5659270
Households,"Pension funds reserves, total",2023K2,5964649
Households,"Pension funds reserves, total",2023K3,5873016
Households,"Pension funds reserves, total",2023K4,6084658
Households,"Pension funds reserves, total",2024K1,6631240
Households,"Pension funds reserves, total",2024K2,6800936
Households,"Pension funds reserves, total",2024K3,6949284
Households,"Pension funds reserves, total",2024K4,7169577
Households,"Pension funds reserves, total",2025K1,6785302
Households,"Pension funds reserves, total",2025K2,7100786
Households,"Pension funds reserves, total",2025K3,7353561
Households,"Pension funds reserves, total",2025K4,7486790
Households,"Pension funds reserves, total",2026K1,7440719
Households,"Pension funds reserves, non unit-linked",1996K1,300664
Households,"Pension funds reserves, non unit-linked",1996K2,315508
Households,"Pension funds reserves, non unit-linked",1996K3,330458
Households,"Pension funds reserves, non unit-linked",1996K4,345346
Households,"Pension funds reserves, non unit-linked",1997K1,460461
Households,"Pension funds reserves, non unit-linked",1997K2,472491
Households,"Pension funds reserves, non unit-linked",1997K3,484671
Households,"Pension funds reserves, non unit-linked",1997K4,496842
Households,"Pension funds reserves, non unit-linked",1998K1,517506
Households,"Pension funds reserves, non unit-linked",1998K2,538142
Households,"Pension funds reserves, non unit-linked",1998K3,559426
Households,"Pension funds reserves, non unit-linked",1998K4,590332
Households,"Pension funds reserves, non unit-linked",1999K1,597723
Households,"Pension funds reserves, non unit-linked",1999K2,610671
Households,"Pension funds reserves, non unit-linked",1999K3,624223
Households,"Pension funds reserves, non unit-linked",1999K4,637018
Households,"Pension funds reserves, non unit-linked",2000K1,659377
Households,"Pension funds reserves, non unit-linked",2000K2,687927
Households,"Pension funds reserves, non unit-linked",2000K3,717376
Households,"Pension funds reserves, non unit-linked",2000K4,747019
Households,"Pension funds reserves, non unit-linked",2001K1,703358
Households,"Pension funds reserves, non unit-linked",2001K2,719812
Households,"Pension funds reserves, non unit-linked",2001K3,736025
Households,"Pension funds reserves, non unit-linked",2001K4,760052
Households,"Pension funds reserves, non unit-linked",2002K1,773146
Households,"Pension funds reserves, non unit-linked",2002K2,814019
Households,"Pension funds reserves, non unit-linked",2002K3,933500
Households,"Pension funds reserves, non unit-linked",2002K4,992210
Households,"Pension funds reserves, non unit-linked",2003K1,1008249
Households,"Pension funds reserves, non unit-linked",2003K2,1070847
Households,"Pension funds reserves, non unit-linked",2003K3,1031062
Households,"Pension funds reserves, non unit-linked",2003K4,941826
Households,"Pension funds reserves, non unit-linked",2004K1,971623
Households,"Pension funds reserves, non unit-linked",2004K2,948617
Households,"Pension funds reserves, non unit-linked",2004K3,970432
Households,"Pension funds reserves, non unit-linked",2004K4,988935
Households,"Pension funds reserves, non unit-linked",2005K1,1042831
Households,"Pension funds reserves, non unit-linked",2005K2,1120463
Households,"Pension funds reserves, non unit-linked",2005K3,1132721
Households,"Pension funds reserves, non unit-linked",2005K4,1126801
Households,"Pension funds reserves, non unit-linked",2006K1,1081316
Households,"Pension funds reserves, non unit-linked",2006K2,1037674
Households,"Pension funds reserves, non unit-linked",2006K3,1040173
Households,"Pension funds reserves, non unit-linked",2006K4,1006962
Households,"Pension funds reserves, non unit-linked",2007K1,1019730
Households,"Pension funds reserves, non unit-linked",2007K2,1003117
Households,"Pension funds reserves, non unit-linked",2007K3,1042087
Households,"Pension funds reserves, non unit-linked",2007K4,987047
Households,"Pension funds reserves, non unit-linked",2008K1,1017046
Households,"Pension funds reserves, non unit-linked",2008K2,1011368
Households,"Pension funds reserves, non unit-linked",2008K3,1097764
Households,"Pension funds reserves, non unit-linked",2008K4,1204796
Households,"Pension funds reserves, non unit-linked",2009K1,1162066
Households,"Pension funds reserves, non unit-linked",2009K2,1196453
Households,"Pension funds reserves, non unit-linked",2009K3,1217619
Households,"Pension funds reserves, non unit-linked",2009K4,1235617
Households,"Pension funds reserves, non unit-linked",2010K1,1275195
Households,"Pension funds reserves, non unit-linked",2010K2,1297568
Households,"Pension funds reserves, non unit-linked",2010K3,1319166
Households,"Pension funds reserves, non unit-linked",2010K4,1336294
Households,"Pension funds reserves, non unit-linked",2011K1,1367804
Households,"Pension funds reserves, non unit-linked",2011K2,1397931
Households,"Pension funds reserves, non unit-linked",2011K3,1402355
Households,"Pension funds reserves, non unit-linked",2011K4,1431288
Households,"Pension funds reserves, non unit-linked",2012K1,1462452
Households,"Pension funds reserves, non unit-linked",2012K2,1472386
Households,"Pension funds reserves, non unit-linked",2012K3,1488107
Households,"Pension funds reserves, non unit-linked",2012K4,1504552
Households,"Pension funds reserves, non unit-linked",2013K1,1543908
Households,"Pension funds reserves, non unit-linked",2013K2,1548234
Households,"Pension funds reserves, non unit-linked",2013K3,1570385
Households,"Pension funds reserves, non unit-linked",2013K4,1593436
Households,"Pension funds reserves, non unit-linked",2014K1,1625740
Households,"Pension funds reserves, non unit-linked",2014K2,1664492
Households,"Pension funds reserves, non unit-linked",2014K3,1686044
Households,"Pension funds reserves, non unit-linked",2014K4,1717996
Households,"Pension funds reserves, non unit-linked",2015K1,1759474
Households,"Pension funds reserves, non unit-linked",2015K2,1772424
Households,"Pension funds reserves, non unit-linked",2015K3,1772933
Households,"Pension funds reserves, non unit-linked",2015K4,1793417
Households,"Pension funds reserves, non unit-linked",2016K1,1816193
Households,"Pension funds reserves, non unit-linked",2016K2,1841110
Households,"Pension funds reserves, non unit-linked",2016K3,1855239
Households,"Pension funds reserves, non unit-linked",2016K4,1789646
Households,"Pension funds reserves, non unit-linked",2017K1,1797292
Households,"Pension funds reserves, non unit-linked",2017K2,1824838
Households,"Pension funds reserves, non unit-linked",2017K3,1847905
Households,"Pension funds reserves, non unit-linked",2017K4,1868813
Households,"Pension funds reserves, non unit-linked",2018K1,1891167
Households,"Pension funds reserves, non unit-linked",2018K2,1931198
Households,"Pension funds reserves, non unit-linked",2018K3,1958980
Households,"Pension funds reserves, non unit-linked",2018K4,1971844
Households,"Pension funds reserves, non unit-linked",2019K1,2023003
Households,"Pension funds reserves, non unit-linked",2019K2,2069406
Households,"Pension funds reserves, non unit-linked",2019K3,2100031
Households,"Pension funds reserves, non unit-linked",2019K4,2142646
Households,"Pension funds reserves, non unit-linked",2020K1,2108456
Households,"Pension funds reserves, non unit-linked",2020K2,2192056
Households,"Pension funds reserves, non unit-linked",2020K3,2252811
Households,"Pension funds reserves, non unit-linked",2020K4,2302279
Households,"Pension funds reserves, non unit-linked",2021K1,2289414
Households,"Pension funds reserves, non unit-linked",2021K2,2301212
Households,"Pension funds reserves, non unit-linked",2021K3,2320961
Households,"Pension funds reserves, non unit-linked",2021K4,2292409
Households,"Pension funds reserves, non unit-linked",2022K1,2209316
Households,"Pension funds reserves, non unit-linked",2022K2,2090658
Households,"Pension funds reserves, non unit-linked",2022K3,2077828
Households,"Pension funds reserves, non unit-linked",2022K4,2129899
Households,"Pension funds reserves, non unit-linked",2023K1,2253316
Households,"Pension funds reserves, non unit-linked",2023K2,2366611
Households,"Pension funds reserves, non unit-linked",2023K3,2311827
Households,"Pension funds reserves, non unit-linked",2023K4,2410141
Households,"Pension funds reserves, non unit-linked",2024K1,2382767
Households,"Pension funds reserves, non unit-linked",2024K2,2401168
Households,"Pension funds reserves, non unit-linked",2024K3,2412538
Households,"Pension funds reserves, non unit-linked",2024K4,2425271
Households,"Pension funds reserves, non unit-linked",2025K1,2333824
Households,"Pension funds reserves, non unit-linked",2025K2,2409815
Households,"Pension funds reserves, non unit-linked",2025K3,2457144
Households,"Pension funds reserves, non unit-linked",2025K4,2475334
Households,"Pension funds reserves, non unit-linked",2026K1,2499887
Households,"Pension funds reserves, unit-linked",1996K1,0
Households,"Pension funds reserves, unit-linked",1996K2,0
Households,"Pension funds reserves, unit-linked",1996K3,0
Households,"Pension funds reserves, unit-linked",1996K4,0
Households,"Pension funds reserves, unit-linked",1997K1,0
Households,"Pension funds reserves, unit-linked",1997K2,0
Households,"Pension funds reserves, unit-linked",1997K3,0
Households,"Pension funds reserves, unit-linked",1997K4,0
Households,"Pension funds reserves, unit-linked",1998K1,0
Households,"Pension funds reserves, unit-linked",1998K2,0
Households,"Pension funds reserves, unit-linked",1998K3,0
Households,"Pension funds reserves, unit-linked",1998K4,0
Households,"Pension funds reserves, unit-linked",1999K1,0
Households,"Pension funds reserves, unit-linked",1999K2,0
Households,"Pension funds reserves, unit-linked",1999K3,0
Households,"Pension funds reserves, unit-linked",1999K4,0
Households,"Pension funds reserves, unit-linked",2000K1,0
Households,"Pension funds reserves, unit-linked",2000K2,0
Households,"Pension funds reserves, unit-linked",2000K3,0
Households,"Pension funds reserves, unit-linked",2000K4,0
Households,"Pension funds reserves, unit-linked",2001K1,0
Households,"Pension funds reserves, unit-linked",2001K2,0
Households,"Pension funds reserves, unit-linked",2001K3,0
Households,"Pension funds reserves, unit-linked",2001K4,0
Households,"Pension funds reserves, unit-linked",2002K1,66528
Households,"Pension funds reserves, unit-linked",2002K2,66528
Households,"Pension funds reserves, unit-linked",2002K3,66528
Households,"Pension funds reserves, unit-linked",2002K4,66528
Households,"Pension funds reserves, unit-linked",2003K1,61488
Households,"Pension funds reserves, unit-linked",2003K2,71390
Households,"Pension funds reserves, unit-linked",2003K3,76572
Households,"Pension funds reserves, unit-linked",2003K4,94685
Households,"Pension funds reserves, unit-linked",2004K1,102381
Households,"Pension funds reserves, unit-linked",2004K2,103527
Households,"Pension funds reserves, unit-linked",2004K3,104326
Households,"Pension funds reserves, unit-linked",2004K4,133791
Households,"Pension funds reserves, unit-linked",2005K1,144804
Households,"Pension funds reserves, unit-linked",2005K2,155813
Households,"Pension funds reserves, unit-linked",2005K3,173270
Households,"Pension funds reserves, unit-linked",2005K4,186987
Households,"Pension funds reserves, unit-linked",2006K1,204661
Households,"Pension funds reserves, unit-linked",2006K2,197921
Households,"Pension funds reserves, unit-linked",2006K3,212225
Households,"Pension funds reserves, unit-linked",2006K4,225523
Households,"Pension funds reserves, unit-linked",2007K1,242282
Households,"Pension funds reserves, unit-linked",2007K2,260976
Households,"Pension funds reserves, unit-linked",2007K3,267050
Households,"Pension funds reserves, unit-linked",2007K4,259266
Households,"Pension funds reserves, unit-linked",2008K1,235606
Households,"Pension funds reserves, unit-linked",2008K2,233124
Households,"Pension funds reserves, unit-linked",2008K3,214989
Households,"Pension funds reserves, unit-linked",2008K4,207865
Households,"Pension funds reserves, unit-linked",2009K1,211727
Households,"Pension funds reserves, unit-linked",2009K2,266129
Households,"Pension funds reserves, unit-linked",2009K3,290468
Households,"Pension funds reserves, unit-linked",2009K4,304094
Households,"Pension funds reserves, unit-linked",2010K1,321942
Households,"Pension funds reserves, unit-linked",2010K2,334171
Households,"Pension funds reserves, unit-linked",2010K3,347636
Households,"Pension funds reserves, unit-linked",2010K4,358251
Households,"Pension funds reserves, unit-linked",2011K1,360079
Households,"Pension funds reserves, unit-linked",2011K2,370212
Households,"Pension funds reserves, unit-linked",2011K3,328600
Households,"Pension funds reserves, unit-linked",2011K4,349685
Households,"Pension funds reserves, unit-linked",2012K1,368926
Households,"Pension funds reserves, unit-linked",2012K2,373289
Households,"Pension funds reserves, unit-linked",2012K3,389202
Households,"Pension funds reserves, unit-linked",2012K4,407883
Households,"Pension funds reserves, unit-linked",2013K1,446261
Households,"Pension funds reserves, unit-linked",2013K2,451759
Households,"Pension funds reserves, unit-linked",2013K3,481995
Households,"Pension funds reserves, unit-linked",2013K4,502274
Households,"Pension funds reserves, unit-linked",2014K1,530042
Households,"Pension funds reserves, unit-linked",2014K2,568668
Households,"Pension funds reserves, unit-linked",2014K3,583106
Households,"Pension funds reserves, unit-linked",2014K4,615972
Households,"Pension funds reserves, unit-linked",2015K1,642038
Households,"Pension funds reserves, unit-linked",2015K2,652574
Households,"Pension funds reserves, unit-linked",2015K3,664174
Households,"Pension funds reserves, unit-linked",2015K4,678999
Households,"Pension funds reserves, unit-linked",2016K1,634071
Households,"Pension funds reserves, unit-linked",2016K2,634545
Households,"Pension funds reserves, unit-linked",2016K3,731315
Households,"Pension funds reserves, unit-linked",2016K4,767647
Households,"Pension funds reserves, unit-linked",2017K1,819076
Households,"Pension funds reserves, unit-linked",2017K2,838781
Households,"Pension funds reserves, unit-linked",2017K3,856021
Households,"Pension funds reserves, unit-linked",2017K4,875579
Households,"Pension funds reserves, unit-linked",2018K1,888459
Households,"Pension funds reserves, unit-linked",2018K2,937209
Households,"Pension funds reserves, unit-linked",2018K3,972011
Households,"Pension funds reserves, unit-linked",2018K4,869111
Households,"Pension funds reserves, unit-linked",2019K1,977804
Households,"Pension funds reserves, unit-linked",2019K2,1020706
Households,"Pension funds reserves, unit-linked",2019K3,1055009
Households,"Pension funds reserves, unit-linked",2019K4,1111717
Households,"Pension funds reserves, unit-linked",2020K1,1040143
Households,"Pension funds reserves, unit-linked",2020K2,1113458
Households,"Pension funds reserves, unit-linked",2020K3,1170635
Households,"Pension funds reserves, unit-linked",2020K4,1210628
Households,"Pension funds reserves, unit-linked",2021K1,1316302
Households,"Pension funds reserves, unit-linked",2021K2,1386227
Households,"Pension funds reserves, unit-linked",2021K3,1416044
Households,"Pension funds reserves, unit-linked",2021K4,1527074
Households,"Pension funds reserves, unit-linked",2022K1,1437867
Households,"Pension funds reserves, unit-linked",2022K2,1318568
Households,"Pension funds reserves, unit-linked",2022K3,1312647
Households,"Pension funds reserves, unit-linked",2022K4,1358524
Households,"Pension funds reserves, unit-linked",2023K1,1360311
Households,"Pension funds reserves, unit-linked",2023K2,1372674
Households,"Pension funds reserves, unit-linked",2023K3,1398193
Households,"Pension funds reserves, unit-linked",2023K4,1399770
Households,"Pension funds reserves, unit-linked",2024K1,1696290
Households,"Pension funds reserves, unit-linked",2024K2,1769564
Households,"Pension funds reserves, unit-linked",2024K3,1855318
Households,"Pension funds reserves, unit-linked",2024K4,1931121
Households,"Pension funds reserves, unit-linked",2025K1,1879132
Households,"Pension funds reserves, unit-linked",2025K2,1949942
Households,"Pension funds reserves, unit-linked",2025K3,2016286
Households,"Pension funds reserves, unit-linked",2025K4,2051774
Households,"Pension funds reserves, unit-linked",2026K1,2017283
Households,"Pension funds reserves, unit-linked, Premium Pension",1996K1,4740
Households,"Pension funds reserves, unit-linked, Premium Pension",1996K2,9481
Households,"Pension funds reserves, unit-linked, Premium Pension",1996K3,14526
Households,"Pension funds reserves, unit-linked, Premium Pension",1996K4,19751
Households,"Pension funds reserves, unit-linked, Premium Pension",1997K1,22593
Households,"Pension funds reserves, unit-linked, Premium Pension",1997K2,25615
Households,"Pension funds reserves, unit-linked, Premium Pension",1997K3,28638
Households,"Pension funds reserves, unit-linked, Premium Pension",1997K4,31660
Households,"Pension funds reserves, unit-linked, Premium Pension",1998K1,38082
Households,"Pension funds reserves, unit-linked, Premium Pension",1998K2,38504
Households,"Pension funds reserves, unit-linked, Premium Pension",1998K3,41926
Households,"Pension funds reserves, unit-linked, Premium Pension",1998K4,45348
Households,"Pension funds reserves, unit-linked, Premium Pension",1999K1,51085
Households,"Pension funds reserves, unit-linked, Premium Pension",1999K2,57229
Households,"Pension funds reserves, unit-linked, Premium Pension",1999K3,63635
Households,"Pension funds reserves, unit-linked, Premium Pension",1999K4,69844
Households,"Pension funds reserves, unit-linked, Premium Pension",2000K1,76279
Households,"Pension funds reserves, unit-linked, Premium Pension",2000K2,83899
Households,"Pension funds reserves, unit-linked, Premium Pension",2000K3,90250
Households,"Pension funds reserves, unit-linked, Premium Pension",2000K4,93214
Households,"Pension funds reserves, unit-linked, Premium Pension",2001K1,90855
Households,"Pension funds reserves, unit-linked, Premium Pension",2001K2,113333
Households,"Pension funds reserves, unit-linked, Premium Pension",2001K3,103663
Households,"Pension funds reserves, unit-linked, Premium Pension",2001K4,107871
Households,"Pension funds reserves, unit-linked, Premium Pension",2002K1,112719
Households,"Pension funds reserves, unit-linked, Premium Pension",2002K2,101018
Households,"Pension funds reserves, unit-linked, Premium Pension",2002K3,92809
Households,"Pension funds reserves, unit-linked, Premium Pension",2002K4,104882
Households,"Pension funds reserves, unit-linked, Premium Pension",2003K1,105580
Households,"Pension funds reserves, unit-linked, Premium Pension",2003K2,120345
Households,"Pension funds reserves, unit-linked, Premium Pension",2003K3,128130
Households,"Pension funds reserves, unit-linked, Premium Pension",2003K4,140426
Households,"Pension funds reserves, unit-linked, Premium Pension",2004K1,152708
Households,"Pension funds reserves, unit-linked, Premium Pension",2004K2,158175
Households,"Pension funds reserves, unit-linked, Premium Pension",2004K3,161163
Households,"Pension funds reserves, unit-linked, Premium Pension",2004K4,170833
Households,"Pension funds reserves, unit-linked, Premium Pension",2005K1,182650
Households,"Pension funds reserves, unit-linked, Premium Pension",2005K2,204765
Households,"Pension funds reserves, unit-linked, Premium Pension",2005K3,223062
Households,"Pension funds reserves, unit-linked, Premium Pension",2005K4,240379
Households,"Pension funds reserves, unit-linked, Premium Pension",2006K1,262305
Households,"Pension funds reserves, unit-linked, Premium Pension",2006K2,252543
Households,"Pension funds reserves, unit-linked, Premium Pension",2006K3,272242
Households,"Pension funds reserves, unit-linked, Premium Pension",2006K4,296380
Households,"Pension funds reserves, unit-linked, Premium Pension",2007K1,315632
Households,"Pension funds reserves, unit-linked, Premium Pension",2007K2,339741
Households,"Pension funds reserves, unit-linked, Premium Pension",2007K3,342119
Households,"Pension funds reserves, unit-linked, Premium Pension",2007K4,339265
Households,"Pension funds reserves, unit-linked, Premium Pension",2008K1,297604
Households,"Pension funds reserves, unit-linked, Premium Pension",2008K2,301654
Households,"Pension funds reserves, unit-linked, Premium Pension",2008K3,286504
Households,"Pension funds reserves, unit-linked, Premium Pension",2008K4,260728
Households,"Pension funds reserves, unit-linked, Premium Pension",2009K1,262203
Households,"Pension funds reserves, unit-linked, Premium Pension",2009K2,311454
Households,"Pension funds reserves, unit-linked, Premium Pension",2009K3,341573
Households,"Pension funds reserves, unit-linked, Premium Pension",2009K4,371276
Households,"Pension funds reserves, unit-linked, Premium Pension",2010K1,392102
Households,"Pension funds reserves, unit-linked, Premium Pension",2010K2,388211
Households,"Pension funds reserves, unit-linked, Premium Pension",2010K3,403972
Households,"Pension funds reserves, unit-linked, Premium Pension",2010K4,442074
Households,"Pension funds reserves, unit-linked, Premium Pension",2011K1,442459
Households,"Pension funds reserves, unit-linked, Premium Pension",2011K2,452097
Households,"Pension funds reserves, unit-linked, Premium Pension",2011K3,400288
Households,"Pension funds reserves, unit-linked, Premium Pension",2011K4,431627
Households,"Pension funds reserves, unit-linked, Premium Pension",2012K1,475341
Households,"Pension funds reserves, unit-linked, Premium Pension",2012K2,470389
Households,"Pension funds reserves, unit-linked, Premium Pension",2012K3,493043
Households,"Pension funds reserves, unit-linked, Premium Pension",2012K4,512004
Households,"Pension funds reserves, unit-linked, Premium Pension",2013K1,550216
Households,"Pension funds reserves, unit-linked, Premium Pension",2013K2,566506
Households,"Pension funds reserves, unit-linked, Premium Pension",2013K3,601252
Households,"Pension funds reserves, unit-linked, Premium Pension",2013K4,644280
Households,"Pension funds reserves, unit-linked, Premium Pension",2014K1,665910
Households,"Pension funds reserves, unit-linked, Premium Pension",2014K2,724016
Households,"Pension funds reserves, unit-linked, Premium Pension",2014K3,748269
Households,"Pension funds reserves, unit-linked, Premium Pension",2014K4,803601
Households,"Pension funds reserves, unit-linked, Premium Pension",2015K1,909531
Households,"Pension funds reserves, unit-linked, Premium Pension",2015K2,890566
Households,"Pension funds reserves, unit-linked, Premium Pension",2015K3,834431
Households,"Pension funds reserves, unit-linked, Premium Pension",2015K4,888381
Households,"Pension funds reserves, unit-linked, Premium Pension",2016K1,869726
Households,"Pension funds reserves, unit-linked, Premium Pension",2016K2,896091
Households,"Pension funds reserves, unit-linked, Premium Pension",2016K3,975092
Households,"Pension funds reserves, unit-linked, Premium Pension",2016K4,1015509
Households,"Pension funds reserves, unit-linked, Premium Pension",2017K1,1074527
Households,"Pension funds reserves, unit-linked, Premium Pension",2017K2,1092126
Households,"Pension funds reserves, unit-linked, Premium Pension",2017K3,1107577
Households,"Pension funds reserves, unit-linked, Premium Pension",2017K4,1170002
Households,"Pension funds reserves, unit-linked, Premium Pension",2018K1,1168062
Households,"Pension funds reserves, unit-linked, Premium Pension",2018K2,1263369
Households,"Pension funds reserves, unit-linked, Premium Pension",2018K3,1315735
Households,"Pension funds reserves, unit-linked, Premium Pension",2018K4,1168556
Households,"Pension funds reserves, unit-linked, Premium Pension",2019K1,1338044
Households,"Pension funds reserves, unit-linked, Premium Pension",2019K2,1393939
Households,"Pension funds reserves, unit-linked, Premium Pension",2019K3,1457292
Households,"Pension funds reserves, unit-linked, Premium Pension",2019K4,1532364
Households,"Pension funds reserves, unit-linked, Premium Pension",2020K1,1306995
Households,"Pension funds reserves, unit-linked, Premium Pension",2020K2,1477433
Households,"Pension funds reserves, unit-linked, Premium Pension",2020K3,1572329
Households,"Pension funds reserves, unit-linked, Premium Pension",2020K4,1642609
Households,"Pension funds reserves, unit-linked, Premium Pension",2021K1,1827543
Households,"Pension funds reserves, unit-linked, Premium Pension",2021K2,1934679
Households,"Pension funds reserves, unit-linked, Premium Pension",2021K3,1963123
Households,"Pension funds reserves, unit-linked, Premium Pension",2021K4,2146904
Households,"Pension funds reserves, unit-linked, Premium Pension",2022K1,2029603
Households,"Pension funds reserves, unit-linked, Premium Pension",2022K2,1845287
Households,"Pension funds reserves, unit-linked, Premium Pension",2022K3,1836134
Households,"Pension funds reserves, unit-linked, Premium Pension",2022K4,1914672
Households,"Pension funds reserves, unit-linked, Premium Pension",2023K1,2045643
Households,"Pension funds reserves, unit-linked, Premium Pension",2023K2,2225364
Households,"Pension funds reserves, unit-linked, Premium Pension",2023K3,2162996
Households,"Pension funds reserves, unit-linked, Premium Pension",2023K4,2274747
Households,"Pension funds reserves, unit-linked, Premium Pension",2024K1,2552183
Households,"Pension funds reserves, unit-linked, Premium Pension",2024K2,2630204
Households,"Pension funds reserves, unit-linked, Premium Pension",2024K3,2681428
Households,"Pension funds reserves, unit-linked, Premium Pension",2024K4,2813185
Households,"Pension funds reserves, unit-linked, Premium Pension",2025K1,2572346
Households,"Pension funds reserves, unit-linked, Premium Pension",2025K2,2741029
Households,"Pension funds reserves, unit-linked, Premium Pension",2025K3,2880131
Households,"Pension funds reserves, unit-linked, Premium Pension",2025K4,2959682
Households,"Pension funds reserves, unit-linked, Premium Pension",2026K1,2923549
Households,Claims of pension funds on pension managers,1996K1,0
Households,Claims of pension funds on pension managers,1996K2,0
Households,Claims of pension funds on pension managers,1996K3,0
Households,Claims of pension funds on pension managers,1996K4,0
Households,Claims of pension funds on pension managers,1997K1,0
Households,Claims of pension funds on pension managers,1997K2,0
Households,Claims of pension funds on pension managers,1997K3,0
Households,Claims of pension funds on pension managers,1997K4,0
Households,Claims of pension funds on pension managers,1998K1,0
Households,Claims of pension funds on pension managers,1998K2,0
Households,Claims of pension funds on pension managers,1998K3,0
Households,Claims of pension funds on pension managers,1998K4,0
Households,Claims of pension funds on pension managers,1999K1,0
Households,Claims of pension funds on pension managers,1999K2,0
Households,Claims of pension funds on pension managers,1999K3,0
Households,Claims of pension funds on pension managers,1999K4,0
Households,Claims of pension funds on pension managers,2000K1,0
Households,Claims of pension funds on pension managers,2000K2,0
Households,Claims of pension funds on pension managers,2000K3,0
Households,Claims of pension funds on pension managers,2000K4,0
Households,Claims of pension funds on pension managers,2001K1,0
Households,Claims of pension funds on pension managers,2001K2,0
Households,Claims of pension funds on pension managers,2001K3,0
Households,Claims of pension funds on pension managers,2001K4,0
Households,Claims of pension funds on pension managers,2002K1,0
Households,Claims of pension funds on pension managers,2002K2,0
Households,Claims of pension funds on pension managers,2002K3,0
Households,Claims of pension funds on pension managers,2002K4,0
Households,Claims of pension funds on pension managers,2003K1,0
Households,Claims of pension funds on pension managers,2003K2,0
Households,Claims of pension funds on pension managers,2003K3,0
Households,Claims of pension funds on pension managers,2003K4,0
Households,Claims of pension funds on pension managers,2004K1,0
Households,Claims of pension funds on pension managers,2004K2,0
Households,Claims of pension funds on pension managers,2004K3,0
Households,Claims of pension funds on pension managers,2004K4,0
Households,Claims of pension funds on pension managers,2005K1,0
Households,Claims of pension funds on pension managers,2005K2,0
Households,Claims of pension funds on pension managers,2005K3,0
Households,Claims of pension funds on pension managers,2005K4,0
Households,Claims of pension funds on pension managers,2006K1,0
Households,Claims of pension funds on pension managers,2006K2,0
Households,Claims of pension funds on pension managers,2006K3,0
Households,Claims of pension funds on pension managers,2006K4,0
Households,Claims of pension funds on pension managers,2007K1,0
Households,Claims of pension funds on pension managers,2007K2,0
Households,Claims of pension funds on pension managers,2007K3,0
Households,Claims of pension funds on pension managers,2007K4,0
Households,Claims of pension funds on pension managers,2008K1,0
Households,Claims of pension funds on pension managers,2008K2,0
Households,Claims of pension funds on pension managers,2008K3,0
Households,Claims of pension funds on pension managers,2008K4,0
Households,Claims of pension funds on pension managers,2009K1,0
Households,Claims of pension funds on pension managers,2009K2,0
Households,Claims of pension funds on pension managers,2009K3,0
Households,Claims of pension funds on pension managers,2009K4,0
Households,Claims of pension funds on pension managers,2010K1,0
Households,Claims of pension funds on pension managers,2010K2,0
Households,Claims of pension funds on pension managers,2010K3,0
Households,Claims of pension funds on pension managers,2010K4,0
Households,Claims of pension funds on pension managers,2011K1,0
Households,Claims of pension funds on pension managers,2011K2,0
Households,Claims of pension funds on pension managers,2011K3,0
Households,Claims of pension funds on pension managers,2011K4,0
Households,Claims of pension funds on pension managers,2012K1,0
Households,Claims of pension funds on pension managers,2012K2,0
Households,Claims of pension funds on pension managers,2012K3,0
Households,Claims of pension funds on pension managers,2012K4,0
Households,Claims of pension funds on pension managers,2013K1,0
Households,Claims of pension funds on pension managers,2013K2,0
Households,Claims of pension funds on pension managers,2013K3,0
Households,Claims of pension funds on pension managers,2013K4,0
Households,Claims of pension funds on pension managers,2014K1,0
Households,Claims of pension funds on pension managers,2014K2,0
Households,Claims of pension funds on pension managers,2014K3,0
Households,Claims of pension funds on pension managers,2014K4,0
Households,Claims of pension funds on pension managers,2015K1,0
Households,Claims of pension funds on pension managers,2015K2,0
Households,Claims of pension funds on pension managers,2015K3,0
Households,Claims of pension funds on pension managers,2015K4,0
Households,Claims of pension funds on pension managers,2016K1,0
Households,Claims of pension funds on pension managers,2016K2,0
Households,Claims of pension funds on pension managers,2016K3,0
Households,Claims of pension funds on pension managers,2016K4,0
Households,Claims of pension funds on pension managers,2017K1,0
Households,Claims of pension funds on pension managers,2017K2,0
Households,Claims of pension funds on pension managers,2017K3,0
Households,Claims of pension funds on pension managers,2017K4,0
Households,Claims of pension funds on pension managers,2018K1,0
Households,Claims of pension funds on pension managers,2018K2,0
Households,Claims of pension funds on pension managers,2018K3,0
Households,Claims of pension funds on pension managers,2018K4,0
Households,Claims of pension funds on pension managers,2019K1,0
Households,Claims of pension funds on pension managers,2019K2,0
Households,Claims of pension funds on pension managers,2019K3,0
Households,Claims of pension funds on pension managers,2019K4,0
Households,Claims of pension funds on pension managers,2020K1,0
Households,Claims of pension funds on pension managers,2020K2,0
Households,Claims of pension funds on pension managers,2020K3,0
Households,Claims of pension funds on pension managers,2020K4,0
Households,Claims of pension funds on pension managers,2021K1,0
Households,Claims of pension funds on pension managers,2021K2,0
Households,Claims of pension funds on pension managers,2021K3,0
Households,Claims of pension funds on pension managers,2021K4,0
Households,Claims of pension funds on pension managers,2022K1,0
Households,Claims of pension funds on pension managers,2022K2,0
Households,Claims of pension funds on pension managers,2022K3,0
Households,Claims of pension funds on pension managers,2022K4,0
Households,Claims of pension funds on pension managers,2023K1,0
Households,Claims of pension funds on pension managers,2023K2,0
Households,Claims of pension funds on pension managers,2023K3,0
Households,Claims of pension funds on pension managers,2023K4,0
Households,Claims of pension funds on pension managers,2024K1,0
Households,Claims of pension funds on pension managers,2024K2,0
Households,Claims of pension funds on pension managers,2024K3,0
Households,Claims of pension funds on pension managers,2024K4,0
Households,Claims of pension funds on pension managers,2025K1,0
Households,Claims of pension funds on pension managers,2025K2,0
Households,Claims of pension funds on pension managers,2025K3,0
Households,Claims of pension funds on pension managers,2025K4,0
Households,Claims of pension funds on pension managers,2026K1,0
Households,Entitlements to non-pension benefits,1996K1,71791
Households,Entitlements to non-pension benefits,1996K2,73808
Households,Entitlements to non-pension benefits,1996K3,75508
Households,Entitlements to non-pension benefits,1996K4,77136
Households,Entitlements to non-pension benefits,1997K1,79068
Households,Entitlements to non-pension benefits,1997K2,81542
Households,Entitlements to non-pension benefits,1997K3,83618
Households,Entitlements to non-pension benefits,1997K4,85673
Households,Entitlements to non-pension benefits,1998K1,86130
Households,Entitlements to non-pension benefits,1998K2,87198
Households,Entitlements to non-pension benefits,1998K3,87780
Households,Entitlements to non-pension benefits,1998K4,88268
Households,Entitlements to non-pension benefits,1999K1,90950
Households,Entitlements to non-pension benefits,1999K2,94404
Households,Entitlements to non-pension benefits,1999K3,97232
Households,Entitlements to non-pension benefits,1999K4,100158
Households,Entitlements to non-pension benefits,2000K1,102301
Households,Entitlements to non-pension benefits,2000K2,104709
Households,Entitlements to non-pension benefits,2000K3,107115
Households,Entitlements to non-pension benefits,2000K4,109084
Households,Entitlements to non-pension benefits,2001K1,111469
Households,Entitlements to non-pension benefits,2001K2,114342
Households,Entitlements to non-pension benefits,2001K3,116737
Households,Entitlements to non-pension benefits,2001K4,119259
Households,Entitlements to non-pension benefits,2002K1,117933
Households,Entitlements to non-pension benefits,2002K2,116551
Households,Entitlements to non-pension benefits,2002K3,114429
Households,Entitlements to non-pension benefits,2002K4,112289
Households,Entitlements to non-pension benefits,2003K1,113241
Households,Entitlements to non-pension benefits,2003K2,116601
Households,Entitlements to non-pension benefits,2003K3,119516
Households,Entitlements to non-pension benefits,2003K4,122370
Households,Entitlements to non-pension benefits,2004K1,125915
Households,Entitlements to non-pension benefits,2004K2,127907
Households,Entitlements to non-pension benefits,2004K3,129976
Households,Entitlements to non-pension benefits,2004K4,132057
Households,Entitlements to non-pension benefits,2005K1,133562
Households,Entitlements to non-pension benefits,2005K2,136697
Households,Entitlements to non-pension benefits,2005K3,138996
Households,Entitlements to non-pension benefits,2005K4,141432
Households,Entitlements to non-pension benefits,2006K1,137593
Households,Entitlements to non-pension benefits,2006K2,140011
Households,Entitlements to non-pension benefits,2006K3,142039
Households,Entitlements to non-pension benefits,2006K4,144123
Households,Entitlements to non-pension benefits,2007K1,143017
Households,Entitlements to non-pension benefits,2007K2,146627
Households,Entitlements to non-pension benefits,2007K3,148915
Households,Entitlements to non-pension benefits,2007K4,151545
Households,Entitlements to non-pension benefits,2008K1,136527
Households,Entitlements to non-pension benefits,2008K2,138840
Households,Entitlements to non-pension benefits,2008K3,154451
Households,Entitlements to non-pension benefits,2008K4,181866
Households,Entitlements to non-pension benefits,2009K1,168308
Households,Entitlements to non-pension benefits,2009K2,162543
Households,Entitlements to non-pension benefits,2009K3,153555
Households,Entitlements to non-pension benefits,2009K4,155568
Households,Entitlements to non-pension benefits,2010K1,137547
Households,Entitlements to non-pension benefits,2010K2,141842
Households,Entitlements to non-pension benefits,2010K3,133444
Households,Entitlements to non-pension benefits,2010K4,127843
Households,Entitlements to non-pension benefits,2011K1,107940
Households,Entitlements to non-pension benefits,2011K2,113342
Households,Entitlements to non-pension benefits,2011K3,123312
Households,Entitlements to non-pension benefits,2011K4,120377
Households,Entitlements to non-pension benefits,2012K1,97437
Households,Entitlements to non-pension benefits,2012K2,99131
Households,Entitlements to non-pension benefits,2012K3,95087
Households,Entitlements to non-pension benefits,2012K4,93393
Households,Entitlements to non-pension benefits,2013K1,84756
Households,Entitlements to non-pension benefits,2013K2,85708
Households,Entitlements to non-pension benefits,2013K3,86372
Households,Entitlements to non-pension benefits,2013K4,87293
Households,Entitlements to non-pension benefits,2014K1,87439
Households,Entitlements to non-pension benefits,2014K2,87586
Households,Entitlements to non-pension benefits,2014K3,87665
Households,Entitlements to non-pension benefits,2014K4,86563
Households,Entitlements to non-pension benefits,2015K1,85273
Households,Entitlements to non-pension benefits,2015K2,84877
Households,Entitlements to non-pension benefits,2015K3,83631
Households,Entitlements to non-pension benefits,2015K4,82882
Households,Entitlements to non-pension benefits,2016K1,81065
Households,Entitlements to non-pension benefits,2016K2,79874
Households,Entitlements to non-pension benefits,2016K3,77598
Households,Entitlements to non-pension benefits,2016K4,75997
Households,Entitlements to non-pension benefits,2017K1,76455
Households,Entitlements to non-pension benefits,2017K2,76955
Households,Entitlements to non-pension benefits,2017K3,77487
Households,Entitlements to non-pension benefits,2017K4,78091
Households,Entitlements to non-pension benefits,2018K1,78631
Households,Entitlements to non-pension benefits,2018K2,79023
Households,Entitlements to non-pension benefits,2018K3,79522
Households,Entitlements to non-pension benefits,2018K4,79892
Households,Entitlements to non-pension benefits,2019K1,80035
Households,Entitlements to non-pension benefits,2019K2,79951
Households,Entitlements to non-pension benefits,2019K3,79742
Households,Entitlements to non-pension benefits,2019K4,79864
Households,Entitlements to non-pension benefits,2020K1,79755
Households,Entitlements to non-pension benefits,2020K2,79708
Households,Entitlements to non-pension benefits,2020K3,79612
Households,Entitlements to non-pension benefits,2020K4,79633
Households,Entitlements to non-pension benefits,2021K1,79955
Households,Entitlements to non-pension benefits,2021K2,80221
Households,Entitlements to non-pension benefits,2021K3,80542
Households,Entitlements to non-pension benefits,2021K4,80731
Households,Entitlements to non-pension benefits,2022K1,81709
Households,Entitlements to non-pension benefits,2022K2,83121
Households,Entitlements to non-pension benefits,2022K3,84990
Households,Entitlements to non-pension benefits,2022K4,87071
Households,Entitlements to non-pension benefits,2023K1,89029
Households,Entitlements to non-pension benefits,2023K2,91319
Households,Entitlements to non-pension benefits,2023K3,94015
Households,Entitlements to non-pension benefits,2023K4,95942
Households,Entitlements to non-pension benefits,2024K1,98173
Households,Entitlements to non-pension benefits,2024K2,100335
Households,Entitlements to non-pension benefits,2024K3,102274
Households,Entitlements to non-pension benefits,2024K4,104665
Households,Entitlements to non-pension benefits,2025K1,107445
Households,Entitlements to non-pension benefits,2025K2,109851
Households,Entitlements to non-pension benefits,2025K3,112740
Households,Entitlements to non-pension benefits,2025K4,115869
Households,Entitlements to non-pension benefits,2026K1,119128
Households,Provision for calls under standardised guarantees,1996K1,0
Households,Provision for calls under standardised guarantees,1996K2,0
Households,Provision for calls under standardised guarantees,1996K3,0
Households,Provision for calls under standardised guarantees,1996K4,0
Households,Provision for calls under standardised guarantees,1997K1,0
Households,Provision for calls under standardised guarantees,1997K2,0
Households,Provision for calls under standardised guarantees,1997K3,0
Households,Provision for calls under standardised guarantees,1997K4,0
Households,Provision for calls under standardised guarantees,1998K1,0
Households,Provision for calls under standardised guarantees,1998K2,0
Households,Provision for calls under standardised guarantees,1998K3,0
Households,Provision for calls under standardised guarantees,1998K4,0
Households,Provision for calls under standardised guarantees,1999K1,0
Households,Provision for calls under standardised guarantees,1999K2,0
Households,Provision for calls under standardised guarantees,1999K3,0
Households,Provision for calls under standardised guarantees,1999K4,0
Households,Provision for calls under standardised guarantees,2000K1,0
Households,Provision for calls under standardised guarantees,2000K2,0
Households,Provision for calls under standardised guarantees,2000K3,0
Households,Provision for calls under standardised guarantees,2000K4,0
Households,Provision for calls under standardised guarantees,2001K1,0
Households,Provision for calls under standardised guarantees,2001K2,0
Households,Provision for calls under standardised guarantees,2001K3,0
Households,Provision for calls under standardised guarantees,2001K4,0
Households,Provision for calls under standardised guarantees,2002K1,0
Households,Provision for calls under standardised guarantees,2002K2,0
Households,Provision for calls under standardised guarantees,2002K3,0
Households,Provision for calls under standardised guarantees,2002K4,0
Households,Provision for calls under standardised guarantees,2003K1,0
Households,Provision for calls under standardised guarantees,2003K2,0
Households,Provision for calls under standardised guarantees,2003K3,0
Households,Provision for calls under standardised guarantees,2003K4,0
Households,Provision for calls under standardised guarantees,2004K1,0
Households,Provision for calls under standardised guarantees,2004K2,0
Households,Provision for calls under standardised guarantees,2004K3,0
Households,Provision for calls under standardised guarantees,2004K4,0
Households,Provision for calls under standardised guarantees,2005K1,0
Households,Provision for calls under standardised guarantees,2005K2,0
Households,Provision for calls under standardised guarantees,2005K3,0
Households,Provision for calls under standardised guarantees,2005K4,0
Households,Provision for calls under standardised guarantees,2006K1,0
Households,Provision for calls under standardised guarantees,2006K2,0
Households,Provision for calls under standardised guarantees,2006K3,0
Households,Provision for calls under standardised guarantees,2006K4,0
Households,Provision for calls under standardised guarantees,2007K1,0
Households,Provision for calls under standardised guarantees,2007K2,0
Households,Provision for calls under standardised guarantees,2007K3,0
Households,Provision for calls under standardised guarantees,2007K4,0
Households,Provision for calls under standardised guarantees,2008K1,0
Households,Provision for calls under standardised guarantees,2008K2,0
Households,Provision for calls under standardised guarantees,2008K3,0
Households,Provision for calls under standardised guarantees,2008K4,0
Households,Provision for calls under standardised guarantees,2009K1,0
Households,Provision for calls under standardised guarantees,2009K2,0
Households,Provision for calls under standardised guarantees,2009K3,0
Households,Provision for calls under standardised guarantees,2009K4,0
Households,Provision for calls under standardised guarantees,2010K1,0
Households,Provision for calls under standardised guarantees,2010K2,0
Households,Provision for calls under standardised guarantees,2010K3,0
Households,Provision for calls under standardised guarantees,2010K4,0
Households,Provision for calls under standardised guarantees,2011K1,0
Households,Provision for calls under standardised guarantees,2011K2,0
Households,Provision for calls under standardised guarantees,2011K3,0
Households,Provision for calls under standardised guarantees,2011K4,0
Households,Provision for calls under standardised guarantees,2012K1,0
Households,Provision for calls under standardised guarantees,2012K2,0
Households,Provision for calls under standardised guarantees,2012K3,0
Households,Provision for calls under standardised guarantees,2012K4,0
Households,Provision for calls under standardised guarantees,2013K1,0
Households,Provision for calls under standardised guarantees,2013K2,0
Households,Provision for calls under standardised guarantees,2013K3,0
Households,Provision for calls under standardised guarantees,2013K4,0
Households,Provision for calls under standardised guarantees,2014K1,0
Households,Provision for calls under standardised guarantees,2014K2,0
Households,Provision for calls under standardised guarantees,2014K3,0
Households,Provision for calls under standardised guarantees,2014K4,0
Households,Provision for calls under standardised guarantees,2015K1,0
Households,Provision for calls under standardised guarantees,2015K2,0
Households,Provision for calls under standardised guarantees,2015K3,0
Households,Provision for calls under standardised guarantees,2015K4,0
Households,Provision for calls under standardised guarantees,2016K1,0
Households,Provision for calls under standardised guarantees,2016K2,0
Households,Provision for calls under standardised guarantees,2016K3,0
Households,Provision for calls under standardised guarantees,2016K4,0
Households,Provision for calls under standardised guarantees,2017K1,0
Households,Provision for calls under standardised guarantees,2017K2,0
Households,Provision for calls under standardised guarantees,2017K3,0
Households,Provision for calls under standardised guarantees,2017K4,0
Households,Provision for calls under standardised guarantees,2018K1,0
Households,Provision for calls under standardised guarantees,2018K2,0
Households,Provision for calls under standardised guarantees,2018K3,0
Households,Provision for calls under standardised guarantees,2018K4,0
Households,Provision for calls under standardised guarantees,2019K1,0
Households,Provision for calls under standardised guarantees,2019K2,0
Households,Provision for calls under standardised guarantees,2019K3,0
Households,Provision for calls under standardised guarantees,2019K4,0
Households,Provision for calls under standardised guarantees,2020K1,0
Households,Provision for calls under standardised guarantees,2020K2,0
Households,Provision for calls under standardised guarantees,2020K3,0
Households,Provision for calls under standardised guarantees,2020K4,0
Households,Provision for calls under standardised guarantees,2021K1,0
Households,Provision for calls under standardised guarantees,2021K2,0
Households,Provision for calls under standardised guarantees,2021K3,0
Households,Provision for calls under standardised guarantees,2021K4,0
Households,Provision for calls under standardised guarantees,2022K1,0
Households,Provision for calls under standardised guarantees,2022K2,0
Households,Provision for calls under standardised guarantees,2022K3,0
Households,Provision for calls under standardised guarantees,2022K4,0
Households,Provision for calls under standardised guarantees,2023K1,0
Households,Provision for calls under standardised guarantees,2023K2,0
Households,Provision for calls under standardised guarantees,2023K3,0
Households,Provision for calls under standardised guarantees,2023K4,0
Households,Provision for calls under standardised guarantees,2024K1,0
Households,Provision for calls under standardised guarantees,2024K2,0
Households,Provision for calls under standardised guarantees,2024K3,0
Households,Provision for calls under standardised guarantees,2024K4,0
Households,Provision for calls under standardised guarantees,2025K1,0
Households,Provision for calls under standardised guarantees,2025K2,0
Households,Provision for calls under standardised guarantees,2025K3,0
Households,Provision for calls under standardised guarantees,2025K4,0
Households,Provision for calls under standardised guarantees,2026K1,0
Households,Financial derivatives and employee stock options,1996K1,0
Households,Financial derivatives and employee stock options,1996K2,0
Households,Financial derivatives and employee stock options,1996K3,0
Households,Financial derivatives and employee stock options,1996K4,0
Households,Financial derivatives and employee stock options,1997K1,0
Households,Financial derivatives and employee stock options,1997K2,0
Households,Financial derivatives and employee stock options,1997K3,0
Households,Financial derivatives and employee stock options,1997K4,0
Households,Financial derivatives and employee stock options,1998K1,0
Households,Financial derivatives and employee stock options,1998K2,0
Households,Financial derivatives and employee stock options,1998K3,0
Households,Financial derivatives and employee stock options,1998K4,0
Households,Financial derivatives and employee stock options,1999K1,0
Households,Financial derivatives and employee stock options,1999K2,0
Households,Financial derivatives and employee stock options,1999K3,0
Households,Financial derivatives and employee stock options,1999K4,0
Households,Financial derivatives and employee stock options,2000K1,0
Households,Financial derivatives and employee stock options,2000K2,0
Households,Financial derivatives and employee stock options,2000K3,0
Households,Financial derivatives and employee stock options,2000K4,0
Households,Financial derivatives and employee stock options,2001K1,0
Households,Financial derivatives and employee stock options,2001K2,0
Households,Financial derivatives and employee stock options,2001K3,0
Households,Financial derivatives and employee stock options,2001K4,0
Households,Financial derivatives and employee stock options,2002K1,0
Households,Financial derivatives and employee stock options,2002K2,0
Households,Financial derivatives and employee stock options,2002K3,0
Households,Financial derivatives and employee stock options,2002K4,0
Households,Financial derivatives and employee stock options,2003K1,0
Households,Financial derivatives and employee stock options,2003K2,0
Households,Financial derivatives and employee stock options,2003K3,0
Households,Financial derivatives and employee stock options,2003K4,0
Households,Financial derivatives and employee stock options,2004K1,0
Households,Financial derivatives and employee stock options,2004K2,0
Households,Financial derivatives and employee stock options,2004K3,0
Households,Financial derivatives and employee stock options,2004K4,0
Households,Financial derivatives and employee stock options,2005K1,0
Households,Financial derivatives and employee stock options,2005K2,0
Households,Financial derivatives and employee stock options,2005K3,0
Households,Financial derivatives and employee stock options,2005K4,0
Households,Financial derivatives and employee stock options,2006K1,15755
Households,Financial derivatives and employee stock options,2006K2,12733
Households,Financial derivatives and employee stock options,2006K3,10851
Households,Financial derivatives and employee stock options,2006K4,19465
Households,Financial derivatives and employee stock options,2007K1,15743
Households,Financial derivatives and employee stock options,2007K2,18719
Households,Financial derivatives and employee stock options,2007K3,21267
Households,Financial derivatives and employee stock options,2007K4,17365
Households,Financial derivatives and employee stock options,2008K1,11850
Households,Financial derivatives and employee stock options,2008K2,10068
Households,Financial derivatives and employee stock options,2008K3,5803
Households,Financial derivatives and employee stock options,2008K4,901
Households,Financial derivatives and employee stock options,2009K1,1625
Households,Financial derivatives and employee stock options,2009K2,2512
Households,Financial derivatives and employee stock options,2009K3,3183
Households,Financial derivatives and employee stock options,2009K4,4663
Households,Financial derivatives and employee stock options,2010K1,5744
Households,Financial derivatives and employee stock options,2010K2,5187
Households,Financial derivatives and employee stock options,2010K3,6031
Households,Financial derivatives and employee stock options,2010K4,6191
Households,Financial derivatives and employee stock options,2011K1,4823
Households,Financial derivatives and employee stock options,2011K2,4556
Households,Financial derivatives and employee stock options,2011K3,3165
Households,Financial derivatives and employee stock options,2011K4,2937
Households,Financial derivatives and employee stock options,2012K1,3244
Households,Financial derivatives and employee stock options,2012K2,2596
Households,Financial derivatives and employee stock options,2012K3,2844
Households,Financial derivatives and employee stock options,2012K4,2795
Households,Financial derivatives and employee stock options,2013K1,3698
Households,Financial derivatives and employee stock options,2013K2,2828
Households,Financial derivatives and employee stock options,2013K3,2907
Households,Financial derivatives and employee stock options,2013K4,2866
Households,Financial derivatives and employee stock options,2014K1,2098
Households,Financial derivatives and employee stock options,2014K2,2227
Households,Financial derivatives and employee stock options,2014K3,2111
Households,Financial derivatives and employee stock options,2014K4,1955
Households,Financial derivatives and employee stock options,2015K1,2685
Households,Financial derivatives and employee stock options,2015K2,2172
Households,Financial derivatives and employee stock options,2015K3,1579
Households,Financial derivatives and employee stock options,2015K4,1821
Households,Financial derivatives and employee stock options,2016K1,1423
Households,Financial derivatives and employee stock options,2016K2,1318
Households,Financial derivatives and employee stock options,2016K3,1400
Households,Financial derivatives and employee stock options,2016K4,1317
Households,Financial derivatives and employee stock options,2017K1,1564
Households,Financial derivatives and employee stock options,2017K2,1610
Households,Financial derivatives and employee stock options,2017K3,1671
Households,Financial derivatives and employee stock options,2017K4,1473
Households,Financial derivatives and employee stock options,2018K1,1127
Households,Financial derivatives and employee stock options,2018K2,869
Households,Financial derivatives and employee stock options,2018K3,892
Households,Financial derivatives and employee stock options,2018K4,433
Households,Financial derivatives and employee stock options,2019K1,551
Households,Financial derivatives and employee stock options,2019K2,441
Households,Financial derivatives and employee stock options,2019K3,421
Households,Financial derivatives and employee stock options,2019K4,318
Households,Financial derivatives and employee stock options,2020K1,263
Households,Financial derivatives and employee stock options,2020K2,217
Households,Financial derivatives and employee stock options,2020K3,212
Households,Financial derivatives and employee stock options,2020K4,211
Households,Financial derivatives and employee stock options,2021K1,348
Households,Financial derivatives and employee stock options,2021K2,254
Households,Financial derivatives and employee stock options,2021K3,201
Households,Financial derivatives and employee stock options,2021K4,171
Households,Financial derivatives and employee stock options,2022K1,201
Households,Financial derivatives and employee stock options,2022K2,326
Households,Financial derivatives and employee stock options,2022K3,435
Households,Financial derivatives and employee stock options,2022K4,141
Households,Financial derivatives and employee stock options,2023K1,197
Households,Financial derivatives and employee stock options,2023K2,181
Households,Financial derivatives and employee stock options,2023K3,227
Households,Financial derivatives and employee stock options,2023K4,228
Households,Financial derivatives and employee stock options,2024K1,206
Households,Financial derivatives and employee stock options,2024K2,135
Households,Financial derivatives and employee stock options,2024K3,145
Households,Financial derivatives and employee stock options,2024K4,14155
Households,Financial derivatives and employee stock options,2025K1,748
Households,Financial derivatives and employee stock options,2025K2,591
Households,Financial derivatives and employee stock options,2025K3,637
Households,Financial derivatives and employee stock options,2025K4,700
Households,Financial derivatives and employee stock options,2026K1,512
Households,Trade credits and advances,1996K1,4128
Households,Trade credits and advances,1996K2,4191
Households,Trade credits and advances,1996K3,4254
Households,Trade credits and advances,1996K4,4318
Households,Trade credits and advances,1997K1,4888
Households,Trade credits and advances,1997K2,5133
Households,Trade credits and advances,1997K3,5378
Households,Trade credits and advances,1997K4,5623
Households,Trade credits and advances,1998K1,5768
Households,Trade credits and advances,1998K2,5913
Households,Trade credits and advances,1998K3,6058
Households,Trade credits and advances,1998K4,6204
Households,Trade credits and advances,1999K1,6419
Households,Trade credits and advances,1999K2,6634
Households,Trade credits and advances,1999K3,6849
Households,Trade credits and advances,1999K4,7064
Households,Trade credits and advances,2000K1,7488
Households,Trade credits and advances,2000K2,7912
Households,Trade credits and advances,2000K3,8336
Households,Trade credits and advances,2000K4,8759
Households,Trade credits and advances,2001K1,8640
Households,Trade credits and advances,2001K2,8521
Households,Trade credits and advances,2001K3,8402
Households,Trade credits and advances,2001K4,8284
Households,Trade credits and advances,2002K1,13796
Households,Trade credits and advances,2002K2,13442
Households,Trade credits and advances,2002K3,13088
Households,Trade credits and advances,2002K4,12734
Households,Trade credits and advances,2003K1,11352
Households,Trade credits and advances,2003K2,9969
Households,Trade credits and advances,2003K3,8587
Households,Trade credits and advances,2003K4,7205
Households,Trade credits and advances,2004K1,7330
Households,Trade credits and advances,2004K2,7455
Households,Trade credits and advances,2004K3,7581
Households,Trade credits and advances,2004K4,7706
Households,Trade credits and advances,2005K1,8157
Households,Trade credits and advances,2005K2,8607
Households,Trade credits and advances,2005K3,9057
Households,Trade credits and advances,2005K4,9507
Households,Trade credits and advances,2006K1,9505
Households,Trade credits and advances,2006K2,9502
Households,Trade credits and advances,2006K3,9500
Households,Trade credits and advances,2006K4,9497
Households,Trade credits and advances,2007K1,9479
Households,Trade credits and advances,2007K2,9461
Households,Trade credits and advances,2007K3,9443
Households,Trade credits and advances,2007K4,9425
Households,Trade credits and advances,2008K1,9314
Households,Trade credits and advances,2008K2,9203
Households,Trade credits and advances,2008K3,9091
Households,Trade credits and advances,2008K4,8980
Households,Trade credits and advances,2009K1,8760
Households,Trade credits and advances,2009K2,8539
Households,Trade credits and advances,2009K3,8319
Households,Trade credits and advances,2009K4,8098
Households,Trade credits and advances,2010K1,8386
Households,Trade credits and advances,2010K2,8674
Households,Trade credits and advances,2010K3,8963
Households,Trade credits and advances,2010K4,9251
Households,Trade credits and advances,2011K1,9384
Households,Trade credits and advances,2011K2,9518
Households,Trade credits and advances,2011K3,9651
Households,Trade credits and advances,2011K4,9785
Households,Trade credits and advances,2012K1,9774
Households,Trade credits and advances,2012K2,9764
Households,Trade credits and advances,2012K3,9754
Households,Trade credits and advances,2012K4,9744
Households,Trade credits and advances,2013K1,9694
Households,Trade credits and advances,2013K2,9644
Households,Trade credits and advances,2013K3,9595
Households,Trade credits and advances,2013K4,9545
Households,Trade credits and advances,2014K1,9598
Households,Trade credits and advances,2014K2,9650
Households,Trade credits and advances,2014K3,9703
Households,Trade credits and advances,2014K4,9755
Households,Trade credits and advances,2015K1,9879
Households,Trade credits and advances,2015K2,10003
Households,Trade credits and advances,2015K3,10128
Households,Trade credits and advances,2015K4,10252
Households,Trade credits and advances,2016K1,10487
Households,Trade credits and advances,2016K2,10723
Households,Trade credits and advances,2016K3,10959
Households,Trade credits and advances,2016K4,11195
Households,Trade credits and advances,2017K1,11512
Households,Trade credits and advances,2017K2,11830
Households,Trade credits and advances,2017K3,12147
Households,Trade credits and advances,2017K4,12465
Households,Trade credits and advances,2018K1,12733
Households,Trade credits and advances,2018K2,13001
Households,Trade credits and advances,2018K3,13269
Households,Trade credits and advances,2018K4,13537
Households,Trade credits and advances,2019K1,13488
Households,Trade credits and advances,2019K2,13438
Households,Trade credits and advances,2019K3,13389
Households,Trade credits and advances,2019K4,13340
Households,Trade credits and advances,2020K1,13215
Households,Trade credits and advances,2020K2,13090
Households,Trade credits and advances,2020K3,12965
Households,Trade credits and advances,2020K4,12840
Households,Trade credits and advances,2021K1,13513
Households,Trade credits and advances,2021K2,14185
Households,Trade credits and advances,2021K3,14858
Households,Trade credits and advances,2021K4,15531
Households,Trade credits and advances,2022K1,16207
Households,Trade credits and advances,2022K2,16883
Households,Trade credits and advances,2022K3,17559
Households,Trade credits and advances,2022K4,18235
Households,Trade credits and advances,2023K1,18157
Households,Trade credits and advances,2023K2,18080
Households,Trade credits and advances,2023K3,18003
Households,Trade credits and advances,2023K4,17925
Households,Trade credits and advances,2024K1,17993
Households,Trade credits and advances,2024K2,18061
Households,Trade credits and advances,2024K3,18129
Households,Trade credits and advances,2024K4,18197
Households,Trade credits and advances,2025K1,18197
Households,Trade credits and advances,2025K2,18197
Households,Trade credits and advances,2025K3,18197
Households,Trade credits and advances,2025K4,18197
Households,Trade credits and advances,2026K1,18197
Households,Other accounts receivable/payable excluding trade credits and advances,1996K1,0
Households,Other accounts receivable/payable excluding trade credits and advances,1996K2,0
Households,Other accounts receivable/payable excluding trade credits and advances,1996K3,0
Households,Other accounts receivable/payable excluding trade credits and advances,1996K4,0
Households,Other accounts receivable/payable excluding trade credits and advances,1997K1,0
Households,Other accounts receivable/payable excluding trade credits and advances,1997K2,0
Households,Other accounts receivable/payable excluding trade credits and advances,1997K3,0
Households,Other accounts receivable/payable excluding trade credits and advances,1997K4,0
Households,Other accounts receivable/payable excluding trade credits and advances,1998K1,0
Households,Other accounts receivable/payable excluding trade credits and advances,1998K2,0
Households,Other accounts receivable/payable excluding trade credits and advances,1998K3,0
Households,Other accounts receivable/payable excluding trade credits and advances,1998K4,0
Households,Other accounts receivable/payable excluding trade credits and advances,1999K1,0
Households,Other accounts receivable/payable excluding trade credits and advances,1999K2,0
Households,Other accounts receivable/payable excluding trade credits and advances,1999K3,0
Households,Other accounts receivable/payable excluding trade credits and advances,1999K4,0
Households,Other accounts receivable/payable excluding trade credits and advances,2000K1,0
Households,Other accounts receivable/payable excluding trade credits and advances,2000K2,0
Households,Other accounts receivable/payable excluding trade credits and advances,2000K3,0
Households,Other accounts receivable/payable excluding trade credits and advances,2000K4,0
Households,Other accounts receivable/payable excluding trade credits and advances,2001K1,65627
Households,Other accounts receivable/payable excluding trade credits and advances,2001K2,71808
Households,Other accounts receivable/payable excluding trade credits and advances,2001K3,66683
Households,Other accounts receivable/payable excluding trade credits and advances,2001K4,81325
Households,Other accounts receivable/payable excluding trade credits and advances,2002K1,78467
Households,Other accounts receivable/payable excluding trade credits and advances,2002K2,95519
Households,Other accounts receivable/payable excluding trade credits and advances,2002K3,75479
Households,Other accounts receivable/payable excluding trade credits and advances,2002K4,78699
Households,Other accounts receivable/payable excluding trade credits and advances,2003K1,79115
Households,Other accounts receivable/payable excluding trade credits and advances,2003K2,85463
Households,Other accounts receivable/payable excluding trade credits and advances,2003K3,79528
Households,Other accounts receivable/payable excluding trade credits and advances,2003K4,86388
Households,Other accounts receivable/payable excluding trade credits and advances,2004K1,73423
Households,Other accounts receivable/payable excluding trade credits and advances,2004K2,78419
Households,Other accounts receivable/payable excluding trade credits and advances,2004K3,74321
Households,Other accounts receivable/payable excluding trade credits and advances,2004K4,77940
Households,Other accounts receivable/payable excluding trade credits and advances,2005K1,74737
Households,Other accounts receivable/payable excluding trade credits and advances,2005K2,81922
Households,Other accounts receivable/payable excluding trade credits and advances,2005K3,76641
Households,Other accounts receivable/payable excluding trade credits and advances,2005K4,84654
Households,Other accounts receivable/payable excluding trade credits and advances,2006K1,78333
Households,Other accounts receivable/payable excluding trade credits and advances,2006K2,93739
Households,Other accounts receivable/payable excluding trade credits and advances,2006K3,79073
Households,Other accounts receivable/payable excluding trade credits and advances,2006K4,86207
Households,Other accounts receivable/payable excluding trade credits and advances,2007K1,79063
Households,Other accounts receivable/payable excluding trade credits and advances,2007K2,84271
Households,Other accounts receivable/payable excluding trade credits and advances,2007K3,77721
Households,Other accounts receivable/payable excluding trade credits and advances,2007K4,90083
Households,Other accounts receivable/payable excluding trade credits and advances,2008K1,81533
Households,Other accounts receivable/payable excluding trade credits and advances,2008K2,87672
Households,Other accounts receivable/payable excluding trade credits and advances,2008K3,80563
Households,Other accounts receivable/payable excluding trade credits and advances,2008K4,90746
Households,Other accounts receivable/payable excluding trade credits and advances,2009K1,78157
Households,Other accounts receivable/payable excluding trade credits and advances,2009K2,84227
Households,Other accounts receivable/payable excluding trade credits and advances,2009K3,77878
Households,Other accounts receivable/payable excluding trade credits and advances,2009K4,82807
Households,Other accounts receivable/payable excluding trade credits and advances,2010K1,78176
Households,Other accounts receivable/payable excluding trade credits and advances,2010K2,83904
Households,Other accounts receivable/payable excluding trade credits and advances,2010K3,79573
Households,Other accounts receivable/payable excluding trade credits and advances,2010K4,86809
Households,Other accounts receivable/payable excluding trade credits and advances,2011K1,83590
Households,Other accounts receivable/payable excluding trade credits and advances,2011K2,88089
Households,Other accounts receivable/payable excluding trade credits and advances,2011K3,82522
Households,Other accounts receivable/payable excluding trade credits and advances,2011K4,90560
Households,Other accounts receivable/payable excluding trade credits and advances,2012K1,87491
Households,Other accounts receivable/payable excluding trade credits and advances,2012K2,89749
Households,Other accounts receivable/payable excluding trade credits and advances,2012K3,88326
Households,Other accounts receivable/payable excluding trade credits and advances,2012K4,94042
Households,Other accounts receivable/payable excluding trade credits and advances,2013K1,94713
Households,Other accounts receivable/payable excluding trade credits and advances,2013K2,110981
Households,Other accounts receivable/payable excluding trade credits and advances,2013K3,98731
Households,Other accounts receivable/payable excluding trade credits and advances,2013K4,95357
Households,Other accounts receivable/payable excluding trade credits and advances,2014K1,115333
Households,Other accounts receivable/payable excluding trade credits and advances,2014K2,131350
Households,Other accounts receivable/payable excluding trade credits and advances,2014K3,109629
Households,Other accounts receivable/payable excluding trade credits and advances,2014K4,97100
Households,Other accounts receivable/payable excluding trade credits and advances,2015K1,158979
Households,Other accounts receivable/payable excluding trade credits and advances,2015K2,164500
Households,Other accounts receivable/payable excluding trade credits and advances,2015K3,145773
Households,Other accounts receivable/payable excluding trade credits and advances,2015K4,151968
Households,Other accounts receivable/payable excluding trade credits and advances,2016K1,195961
Households,Other accounts receivable/payable excluding trade credits and advances,2016K2,203210
Households,Other accounts receivable/payable excluding trade credits and advances,2016K3,185835
Households,Other accounts receivable/payable excluding trade credits and advances,2016K4,173689
Households,Other accounts receivable/payable excluding trade credits and advances,2017K1,220194
Households,Other accounts receivable/payable excluding trade credits and advances,2017K2,214473
Households,Other accounts receivable/payable excluding trade credits and advances,2017K3,203677
Households,Other accounts receivable/payable excluding trade credits and advances,2017K4,193410
Households,Other accounts receivable/payable excluding trade credits and advances,2018K1,230599
Households,Other accounts receivable/payable excluding trade credits and advances,2018K2,233010
Households,Other accounts receivable/payable excluding trade credits and advances,2018K3,230215
Households,Other accounts receivable/payable excluding trade credits and advances,2018K4,227948
Households,Other accounts receivable/payable excluding trade credits and advances,2019K1,276107
Households,Other accounts receivable/payable excluding trade credits and advances,2019K2,286812
Households,Other accounts receivable/payable excluding trade credits and advances,2019K3,230554
Households,Other accounts receivable/payable excluding trade credits and advances,2019K4,276175
Households,Other accounts receivable/payable excluding trade credits and advances,2020K1,296004
Households,Other accounts receivable/payable excluding trade credits and advances,2020K2,342527
Households,Other accounts receivable/payable excluding trade credits and advances,2020K3,324540
Households,Other accounts receivable/payable excluding trade credits and advances,2020K4,334253
Households,Other accounts receivable/payable excluding trade credits and advances,2021K1,351544
Households,Other accounts receivable/payable excluding trade credits and advances,2021K2,346399
Households,Other accounts receivable/payable excluding trade credits and advances,2021K3,332930
Households,Other accounts receivable/payable excluding trade credits and advances,2021K4,342734
Households,Other accounts receivable/payable excluding trade credits and advances,2022K1,409085
Households,Other accounts receivable/payable excluding trade credits and advances,2022K2,422750
Households,Other accounts receivable/payable excluding trade credits and advances,2022K3,373466
Households,Other accounts receivable/payable excluding trade credits and advances,2022K4,413817
Households,Other accounts receivable/payable excluding trade credits and advances,2023K1,427238
Households,Other accounts receivable/payable excluding trade credits and advances,2023K2,364018
Households,Other accounts receivable/payable excluding trade credits and advances,2023K3,366396
Households,Other accounts receivable/payable excluding trade credits and advances,2023K4,390106
Households,Other accounts receivable/payable excluding trade credits and advances,2024K1,417428
Households,Other accounts receivable/payable excluding trade credits and advances,2024K2,511121
Households,Other accounts receivable/payable excluding trade credits and advances,2024K3,494806
Households,Other accounts receivable/payable excluding trade credits and advances,2024K4,516381
Households,Other accounts receivable/payable excluding trade credits and advances,2025K1,551822
Households,Other accounts receivable/payable excluding trade credits and advances,2025K2,685956
Households,Other accounts receivable/payable excluding trade credits and advances,2025K3,681373
Households,Other accounts receivable/payable excluding trade credits and advances,2025K4,683929
Households,Other accounts receivable/payable excluding trade credits and advances,2026K1,730595
Households,Liabilities (FL),1996K1,838018
Households,Liabilities (FL),1996K2,843264
Households,Liabilities (FL),1996K3,848526
Households,Liabilities (FL),1996K4,857317
Households,Liabilities (FL),1997K1,867776
Households,Liabilities (FL),1997K2,879711
Households,Liabilities (FL),1997K3,889363
Households,Liabilities (FL),1997K4,906933
Households,Liabilities (FL),1998K1,917913
Households,Liabilities (FL),1998K2,930980
Households,Liabilities (FL),1998K3,948031
Households,Liabilities (FL),1998K4,964309
Households,Liabilities (FL),1999K1,978475
Households,Liabilities (FL),1999K2,1002407
Households,Liabilities (FL),1999K3,1020354
Households,Liabilities (FL),1999K4,1046624
Households,Liabilities (FL),2000K1,1067376
Households,Liabilities (FL),2000K2,1095065
Households,Liabilities (FL),2000K3,1117859
Households,Liabilities (FL),2000K4,1142931
Households,Liabilities (FL),2001K1,1264014
Households,Liabilities (FL),2001K2,1291130
Households,Liabilities (FL),2001K3,1327904
Households,Liabilities (FL),2001K4,1363730
Households,Liabilities (FL),2002K1,1379742
Households,Liabilities (FL),2002K2,1407734
Households,Liabilities (FL),2002K3,1434349
Households,Liabilities (FL),2002K4,1456858
Households,Liabilities (FL),2003K1,1460678
Households,Liabilities (FL),2003K2,1489435
Households,Liabilities (FL),2003K3,1532664
Households,Liabilities (FL),2003K4,1573303
Households,Liabilities (FL),2004K1,1580046
Households,Liabilities (FL),2004K2,1620221
Households,Liabilities (FL),2004K3,1671667
Households,Liabilities (FL),2004K4,1724006
Households,Liabilities (FL),2005K1,1741305
Households,Liabilities (FL),2005K2,1796488
Households,Liabilities (FL),2005K3,1854557
Households,Liabilities (FL),2005K4,1909053
Households,Liabilities (FL),2006K1,1937100
Households,Liabilities (FL),2006K2,2009807
Households,Liabilities (FL),2006K3,2056841
Households,Liabilities (FL),2006K4,2118846
Households,Liabilities (FL),2007K1,2132143
Households,Liabilities (FL),2007K2,2196088
Households,Liabilities (FL),2007K3,2253491
Households,Liabilities (FL),2007K4,2324833
Households,Liabilities (FL),2008K1,2319552
Households,Liabilities (FL),2008K2,2379946
Households,Liabilities (FL),2008K3,2421199
Households,Liabilities (FL),2008K4,2469204
Households,Liabilities (FL),2009K1,2462914
Households,Liabilities (FL),2009K2,2533178
Households,Liabilities (FL),2009K3,2584465
Households,Liabilities (FL),2009K4,2655622
Households,Liabilities (FL),2010K1,2672953
Households,Liabilities (FL),2010K2,2744420
Households,Liabilities (FL),2010K3,2805737
Households,Liabilities (FL),2010K4,2863581
Households,Liabilities (FL),2011K1,2861773
Households,Liabilities (FL),2011K2,2913664
Households,Liabilities (FL),2011K3,2948197
Households,Liabilities (FL),2011K4,2991947
Households,Liabilities (FL),2012K1,2997023
Households,Liabilities (FL),2012K2,3023955
Households,Liabilities (FL),2012K3,3056542
Households,Liabilities (FL),2012K4,3096177
Households,Liabilities (FL),2013K1,3103747
Households,Liabilities (FL),2013K2,3144478
Households,Liabilities (FL),2013K3,3175493
Households,Liabilities (FL),2013K4,3221033
Households,Liabilities (FL),2014K1,3243214
Households,Liabilities (FL),2014K2,3296748
Households,Liabilities (FL),2014K3,3336375
Households,Liabilities (FL),2014K4,3394763
Households,Liabilities (FL),2015K1,3439016
Households,Liabilities (FL),2015K2,3509870
Households,Liabilities (FL),2015K3,3564436
Households,Liabilities (FL),2015K4,3634098
Households,Liabilities (FL),2016K1,3714257
Households,Liabilities (FL),2016K2,3795811
Households,Liabilities (FL),2016K3,3849231
Households,Liabilities (FL),2016K4,3912290
Households,Liabilities (FL),2017K1,3968924
Households,Liabilities (FL),2017K2,4048966
Households,Liabilities (FL),2017K3,4114083
Households,Liabilities (FL),2017K4,4169939
Households,Liabilities (FL),2018K1,4223653
Households,Liabilities (FL),2018K2,4284742
Households,Liabilities (FL),2018K3,4329114
Households,Liabilities (FL),2018K4,4398353
Households,Liabilities (FL),2019K1,4441854
Households,Liabilities (FL),2019K2,4505042
Households,Liabilities (FL),2019K3,4550977
Households,Liabilities (FL),2019K4,4613029
Households,Liabilities (FL),2020K1,4671289
Households,Liabilities (FL),2020K2,4771252
Households,Liabilities (FL),2020K3,4817324
Households,Liabilities (FL),2020K4,4889477
Households,Liabilities (FL),2021K1,4957517
Households,Liabilities (FL),2021K2,5047941
Households,Liabilities (FL),2021K3,5128482
Households,Liabilities (FL),2021K4,5222378
Households,Liabilities (FL),2022K1,5296004
Households,Liabilities (FL),2022K2,5372501
Households,Liabilities (FL),2022K3,5401583
Households,Liabilities (FL),2022K4,5429737
Households,Liabilities (FL),2023K1,5434647
Households,Liabilities (FL),2023K2,5453704
Households,Liabilities (FL),2023K3,5460383
Households,Liabilities (FL),2023K4,5470415
Households,Liabilities (FL),2024K1,5468864
Households,Liabilities (FL),2024K2,5490200
Households,Liabilities (FL),2024K3,5500074
Households,Liabilities (FL),2024K4,5539590
Households,Liabilities (FL),2025K1,5550444
Households,Liabilities (FL),2025K2,5592810
Households,Liabilities (FL),2025K3,5620588
Households,Liabilities (FL),2025K4,5666787
Households,Liabilities (FL),2026K1,5701783
Households,Monetary gold,1996K1,0
Households,Monetary gold,1996K2,0
Households,Monetary gold,1996K3,0
Households,Monetary gold,1996K4,0
Households,Monetary gold,1997K1,0
Households,Monetary gold,1997K2,0
Households,Monetary gold,1997K3,0
Households,Monetary gold,1997K4,0
Households,Monetary gold,1998K1,0
Households,Monetary gold,1998K2,0
Households,Monetary gold,1998K3,0
Households,Monetary gold,1998K4,0
Households,Monetary gold,1999K1,0
Households,Monetary gold,1999K2,0
Households,Monetary gold,1999K3,0
Households,Monetary gold,1999K4,0
Households,Monetary gold,2000K1,0
Households,Monetary gold,2000K2,0
Households,Monetary gold,2000K3,0
Households,Monetary gold,2000K4,0
Households,Monetary gold,2001K1,0
Households,Monetary gold,2001K2,0
Households,Monetary gold,2001K3,0
Households,Monetary gold,2001K4,0
Households,Monetary gold,2002K1,0
Households,Monetary gold,2002K2,0
Households,Monetary gold,2002K3,0
Households,Monetary gold,2002K4,0
Households,Monetary gold,2003K1,0
Households,Monetary gold,2003K2,0
Households,Monetary gold,2003K3,0
Households,Monetary gold,2003K4,0
Households,Monetary gold,2004K1,0
Households,Monetary gold,2004K2,0
Households,Monetary gold,2004K3,0
Households,Monetary gold,2004K4,0
Households,Monetary gold,2005K1,0
Households,Monetary gold,2005K2,0
Households,Monetary gold,2005K3,0
Households,Monetary gold,2005K4,0
Households,Monetary gold,2006K1,0
Households,Monetary gold,2006K2,0
Households,Monetary gold,2006K3,0
Households,Monetary gold,2006K4,0
Households,Monetary gold,2007K1,0
Households,Monetary gold,2007K2,0
Households,Monetary gold,2007K3,0
Households,Monetary gold,2007K4,0
Households,Monetary gold,2008K1,0
Households,Monetary gold,2008K2,0
Households,Monetary gold,2008K3,0
Households,Monetary gold,2008K4,0
Households,Monetary gold,2009K1,0
Households,Monetary gold,2009K2,0
Households,Monetary gold,2009K3,0
Households,Monetary gold,2009K4,0
Households,Monetary gold,2010K1,0
Households,Monetary gold,2010K2,0
Households,Monetary gold,2010K3,0
Households,Monetary gold,2010K4,0
Households,Monetary gold,2011K1,0
Households,Monetary gold,2011K2,0
Households,Monetary gold,2011K3,0
Households,Monetary gold,2011K4,0
Households,Monetary gold,2012K1,0
Households,Monetary gold,2012K2,0
Households,Monetary gold,2012K3,0
Households,Monetary gold,2012K4,0
Households,Monetary gold,2013K1,0
Households,Monetary gold,2013K2,0
Households,Monetary gold,2013K3,0
Households,Monetary gold,2013K4,0
Households,Monetary gold,2014K1,0
Households,Monetary gold,2014K2,0
Households,Monetary gold,2014K3,0
Households,Monetary gold,2014K4,0
Households,Monetary gold,2015K1,0
Households,Monetary gold,2015K2,0
Households,Monetary gold,2015K3,0
Households,Monetary gold,2015K4,0
Households,Monetary gold,2016K1,0
Households,Monetary gold,2016K2,0
Households,Monetary gold,2016K3,0
Households,Monetary gold,2016K4,0
Households,Monetary gold,2017K1,0
Households,Monetary gold,2017K2,0
Households,Monetary gold,2017K3,0
Households,Monetary gold,2017K4,0
Households,Monetary gold,2018K1,0
Households,Monetary gold,2018K2,0
Households,Monetary gold,2018K3,0
Households,Monetary gold,2018K4,0
Households,Monetary gold,2019K1,0
Households,Monetary gold,2019K2,0
Households,Monetary gold,2019K3,0
Households,Monetary gold,2019K4,0
Households,Monetary gold,2020K1,0
Households,Monetary gold,2020K2,0
Households,Monetary gold,2020K3,0
Households,Monetary gold,2020K4,0
Households,Monetary gold,2021K1,0
Households,Monetary gold,2021K2,0
Households,Monetary gold,2021K3,0
Households,Monetary gold,2021K4,0
Households,Monetary gold,2022K1,0
Households,Monetary gold,2022K2,0
Households,Monetary gold,2022K3,0
Households,Monetary gold,2022K4,0
Households,Monetary gold,2023K1,0
Households,Monetary gold,2023K2,0
Households,Monetary gold,2023K3,0
Households,Monetary gold,2023K4,0
Households,Monetary gold,2024K1,0
Households,Monetary gold,2024K2,0
Households,Monetary gold,2024K3,0
Households,Monetary gold,2024K4,0
Households,Monetary gold,2025K1,0
Households,Monetary gold,2025K2,0
Households,Monetary gold,2025K3,0
Households,Monetary gold,2025K4,0
Households,Monetary gold,2026K1,0
Households,Special drawing rights (SDR),1996K1,0
Households,Special drawing rights (SDR),1996K2,0
Households,Special drawing rights (SDR),1996K3,0
Households,Special drawing rights (SDR),1996K4,0
Households,Special drawing rights (SDR),1997K1,0
Households,Special drawing rights (SDR),1997K2,0
Households,Special drawing rights (SDR),1997K3,0
Households,Special drawing rights (SDR),1997K4,0
Households,Special drawing rights (SDR),1998K1,0
Households,Special drawing rights (SDR),1998K2,0
Households,Special drawing rights (SDR),1998K3,0
Households,Special drawing rights (SDR),1998K4,0
Households,Special drawing rights (SDR),1999K1,0
Households,Special drawing rights (SDR),1999K2,0
Households,Special drawing rights (SDR),1999K3,0
Households,Special drawing rights (SDR),1999K4,0
Households,Special drawing rights (SDR),2000K1,0
Households,Special drawing rights (SDR),2000K2,0
Households,Special drawing rights (SDR),2000K3,0
Households,Special drawing rights (SDR),2000K4,0
Households,Special drawing rights (SDR),2001K1,0
Households,Special drawing rights (SDR),2001K2,0
Households,Special drawing rights (SDR),2001K3,0
Households,Special drawing rights (SDR),2001K4,0
Households,Special drawing rights (SDR),2002K1,0
Households,Special drawing rights (SDR),2002K2,0
Households,Special drawing rights (SDR),2002K3,0
Households,Special drawing rights (SDR),2002K4,0
Households,Special drawing rights (SDR),2003K1,0
Households,Special drawing rights (SDR),2003K2,0
Households,Special drawing rights (SDR),2003K3,0
Households,Special drawing rights (SDR),2003K4,0
Households,Special drawing rights (SDR),2004K1,0
Households,Special drawing rights (SDR),2004K2,0
Households,Special drawing rights (SDR),2004K3,0
Households,Special drawing rights (SDR),2004K4,0
Households,Special drawing rights (SDR),2005K1,0
Households,Special drawing rights (SDR),2005K2,0
Households,Special drawing rights (SDR),2005K3,0
Households,Special drawing rights (SDR),2005K4,0
Households,Special drawing rights (SDR),2006K1,0
Households,Special drawing rights (SDR),2006K2,0
Households,Special drawing rights (SDR),2006K3,0
Households,Special drawing rights (SDR),2006K4,0
Households,Special drawing rights (SDR),2007K1,0
Households,Special drawing rights (SDR),2007K2,0
Households,Special drawing rights (SDR),2007K3,0
Households,Special drawing rights (SDR),2007K4,0
Households,Special drawing rights (SDR),2008K1,0
Households,Special drawing rights (SDR),2008K2,0
Households,Special drawing rights (SDR),2008K3,0
Households,Special drawing rights (SDR),2008K4,0
Households,Special drawing rights (SDR),2009K1,0
Households,Special drawing rights (SDR),2009K2,0
Households,Special drawing rights (SDR),2009K3,0
Households,Special drawing rights (SDR),2009K4,0
Households,Special drawing rights (SDR),2010K1,0
Households,Special drawing rights (SDR),2010K2,0
Households,Special drawing rights (SDR),2010K3,0
Households,Special drawing rights (SDR),2010K4,0
Households,Special drawing rights (SDR),2011K1,0
Households,Special drawing rights (SDR),2011K2,0
Households,Special drawing rights (SDR),2011K3,0
Households,Special drawing rights (SDR),2011K4,0
Households,Special drawing rights (SDR),2012K1,0
Households,Special drawing rights (SDR),2012K2,0
Households,Special drawing rights (SDR),2012K3,0
Households,Special drawing rights (SDR),2012K4,0
Households,Special drawing rights (SDR),2013K1,0
Households,Special drawing rights (SDR),2013K2,0
Households,Special drawing rights (SDR),2013K3,0
Households,Special drawing rights (SDR),2013K4,0
Households,Special drawing rights (SDR),2014K1,0
Households,Special drawing rights (SDR),2014K2,0
Households,Special drawing rights (SDR),2014K3,0
Households,Special drawing rights (SDR),2014K4,0
Households,Special drawing rights (SDR),2015K1,0
Households,Special drawing rights (SDR),2015K2,0
Households,Special drawing rights (SDR),2015K3,0
Households,Special drawing rights (SDR),2015K4,0
Households,Special drawing rights (SDR),2016K1,0
Households,Special drawing rights (SDR),2016K2,0
Households,Special drawing rights (SDR),2016K3,0
Households,Special drawing rights (SDR),2016K4,0
Households,Special drawing rights (SDR),2017K1,0
Households,Special drawing rights (SDR),2017K2,0
Households,Special drawing rights (SDR),2017K3,0
Households,Special drawing rights (SDR),2017K4,0
Households,Special drawing rights (SDR),2018K1,0
Households,Special drawing rights (SDR),2018K2,0
Households,Special drawing rights (SDR),2018K3,0
Households,Special drawing rights (SDR),2018K4,0
Households,Special drawing rights (SDR),2019K1,0
Households,Special drawing rights (SDR),2019K2,0
Households,Special drawing rights (SDR),2019K3,0
Households,Special drawing rights (SDR),2019K4,0
Households,Special drawing rights (SDR),2020K1,0
Households,Special drawing rights (SDR),2020K2,0
Households,Special drawing rights (SDR),2020K3,0
Households,Special drawing rights (SDR),2020K4,0
Households,Special drawing rights (SDR),2021K1,0
Households,Special drawing rights (SDR),2021K2,0
Households,Special drawing rights (SDR),2021K3,0
Households,Special drawing rights (SDR),2021K4,0
Households,Special drawing rights (SDR),2022K1,0
Households,Special drawing rights (SDR),2022K2,0
Households,Special drawing rights (SDR),2022K3,0
Households,Special drawing rights (SDR),2022K4,0
Households,Special drawing rights (SDR),2023K1,0
Households,Special drawing rights (SDR),2023K2,0
Households,Special drawing rights (SDR),2023K3,0
Households,Special drawing rights (SDR),2023K4,0
Households,Special drawing rights (SDR),2024K1,0
Households,Special drawing rights (SDR),2024K2,0
Households,Special drawing rights (SDR),2024K3,0
Households,Special drawing rights (SDR),2024K4,0
Households,Special drawing rights (SDR),2025K1,0
Households,Special drawing rights (SDR),2025K2,0
Households,Special drawing rights (SDR),2025K3,0
Households,Special drawing rights (SDR),2025K4,0
Households,Special drawing rights (SDR),2026K1,0
Households,Currency,1996K1,0
Households,Currency,1996K2,0
Households,Currency,1996K3,0
Households,Currency,1996K4,0
Households,Currency,1997K1,0
Households,Currency,1997K2,0
Households,Currency,1997K3,0
Households,Currency,1997K4,0
Households,Currency,1998K1,0
Households,Currency,1998K2,0
Households,Currency,1998K3,0
Households,Currency,1998K4,0
Households,Currency,1999K1,0
Households,Currency,1999K2,0
Households,Currency,1999K3,0
Households,Currency,1999K4,0
Households,Currency,2000K1,0
Households,Currency,2000K2,0
Households,Currency,2000K3,0
Households,Currency,2000K4,0
Households,Currency,2001K1,0
Households,Currency,2001K2,0
Households,Currency,2001K3,0
Households,Currency,2001K4,0
Households,Currency,2002K1,0
Households,Currency,2002K2,0
Households,Currency,2002K3,0
Households,Currency,2002K4,0
Households,Currency,2003K1,0
Households,Currency,2003K2,0
Households,Currency,2003K3,0
Households,Currency,2003K4,0
Households,Currency,2004K1,0
Households,Currency,2004K2,0
Households,Currency,2004K3,0
Households,Currency,2004K4,0
Households,Currency,2005K1,0
Households,Currency,2005K2,0
Households,Currency,2005K3,0
Households,Currency,2005K4,0
Households,Currency,2006K1,0
Households,Currency,2006K2,0
Households,Currency,2006K3,0
Households,Currency,2006K4,0
Households,Currency,2007K1,0
Households,Currency,2007K2,0
Households,Currency,2007K3,0
Households,Currency,2007K4,0
Households,Currency,2008K1,0
Households,Currency,2008K2,0
Households,Currency,2008K3,0
Households,Currency,2008K4,0
Households,Currency,2009K1,0
Households,Currency,2009K2,0
Households,Currency,2009K3,0
Households,Currency,2009K4,0
Households,Currency,2010K1,0
Households,Currency,2010K2,0
Households,Currency,2010K3,0
Households,Currency,2010K4,0
Households,Currency,2011K1,0
Households,Currency,2011K2,0
Households,Currency,2011K3,0
Households,Currency,2011K4,0
Households,Currency,2012K1,0
Households,Currency,2012K2,0
Households,Currency,2012K3,0
Households,Currency,2012K4,0
Households,Currency,2013K1,0
Households,Currency,2013K2,0
Households,Currency,2013K3,0
Households,Currency,2013K4,0
Households,Currency,2014K1,0
Households,Currency,2014K2,0
Households,Currency,2014K3,0
Households,Currency,2014K4,0
Households,Currency,2015K1,0
Households,Currency,2015K2,0
Households,Currency,2015K3,0
Households,Currency,2015K4,0
Households,Currency,2016K1,0
Households,Currency,2016K2,0
Households,Currency,2016K3,0
Households,Currency,2016K4,0
Households,Currency,2017K1,0
Households,Currency,2017K2,0
Households,Currency,2017K3,0
Households,Currency,2017K4,0
Households,Currency,2018K1,0
Households,Currency,2018K2,0
Households,Currency,2018K3,0
Households,Currency,2018K4,0
Households,Currency,2019K1,0
Households,Currency,2019K2,0
Households,Currency,2019K3,0
Households,Currency,2019K4,0
Households,Currency,2020K1,0
Households,Currency,2020K2,0
Households,Currency,2020K3,0
Households,Currency,2020K4,0
Households,Currency,2021K1,0
Households,Currency,2021K2,0
Households,Currency,2021K3,0
Households,Currency,2021K4,0
Households,Currency,2022K1,0
Households,Currency,2022K2,0
Households,Currency,2022K3,0
Households,Currency,2022K4,0
Households,Currency,2023K1,0
Households,Currency,2023K2,0
Households,Currency,2023K3,0
Households,Currency,2023K4,0
Households,Currency,2024K1,0
Households,Currency,2024K2,0
Households,Currency,2024K3,0
Households,Currency,2024K4,0
Households,Currency,2025K1,0
Households,Currency,2025K2,0
Households,Currency,2025K3,0
Households,Currency,2025K4,0
Households,Currency,2026K1,0
Households,Transferable deposits,1996K1,0
Households,Transferable deposits,1996K2,0
Households,Transferable deposits,1996K3,0
Households,Transferable deposits,1996K4,0
Households,Transferable deposits,1997K1,0
Households,Transferable deposits,1997K2,0
Households,Transferable deposits,1997K3,0
Households,Transferable deposits,1997K4,0
Households,Transferable deposits,1998K1,0
Households,Transferable deposits,1998K2,0
Households,Transferable deposits,1998K3,0
Households,Transferable deposits,1998K4,0
Households,Transferable deposits,1999K1,0
Households,Transferable deposits,1999K2,0
Households,Transferable deposits,1999K3,0
Households,Transferable deposits,1999K4,0
Households,Transferable deposits,2000K1,0
Households,Transferable deposits,2000K2,0
Households,Transferable deposits,2000K3,0
Households,Transferable deposits,2000K4,0
Households,Transferable deposits,2001K1,0
Households,Transferable deposits,2001K2,0
Households,Transferable deposits,2001K3,0
Households,Transferable deposits,2001K4,0
Households,Transferable deposits,2002K1,0
Households,Transferable deposits,2002K2,0
Households,Transferable deposits,2002K3,0
Households,Transferable deposits,2002K4,0
Households,Transferable deposits,2003K1,0
Households,Transferable deposits,2003K2,0
Households,Transferable deposits,2003K3,0
Households,Transferable deposits,2003K4,0
Households,Transferable deposits,2004K1,0
Households,Transferable deposits,2004K2,0
Households,Transferable deposits,2004K3,0
Households,Transferable deposits,2004K4,0
Households,Transferable deposits,2005K1,0
Households,Transferable deposits,2005K2,0
Households,Transferable deposits,2005K3,0
Households,Transferable deposits,2005K4,0
Households,Transferable deposits,2006K1,0
Households,Transferable deposits,2006K2,0
Households,Transferable deposits,2006K3,0
Households,Transferable deposits,2006K4,0
Households,Transferable deposits,2007K1,0
Households,Transferable deposits,2007K2,0
Households,Transferable deposits,2007K3,0
Households,Transferable deposits,2007K4,0
Households,Transferable deposits,2008K1,0
Households,Transferable deposits,2008K2,0
Households,Transferable deposits,2008K3,0
Households,Transferable deposits,2008K4,0
Households,Transferable deposits,2009K1,0
Households,Transferable deposits,2009K2,0
Households,Transferable deposits,2009K3,0
Households,Transferable deposits,2009K4,0
Households,Transferable deposits,2010K1,0
Households,Transferable deposits,2010K2,0
Households,Transferable deposits,2010K3,0
Households,Transferable deposits,2010K4,0
Households,Transferable deposits,2011K1,0
Households,Transferable deposits,2011K2,0
Households,Transferable deposits,2011K3,0
Households,Transferable deposits,2011K4,0
Households,Transferable deposits,2012K1,0
Households,Transferable deposits,2012K2,0
Households,Transferable deposits,2012K3,0
Households,Transferable deposits,2012K4,0
Households,Transferable deposits,2013K1,0
Households,Transferable deposits,2013K2,0
Households,Transferable deposits,2013K3,0
Households,Transferable deposits,2013K4,0
Households,Transferable deposits,2014K1,0
Households,Transferable deposits,2014K2,0
Households,Transferable deposits,2014K3,0
Households,Transferable deposits,2014K4,0
Households,Transferable deposits,2015K1,0
Households,Transferable deposits,2015K2,0
Households,Transferable deposits,2015K3,0
Households,Transferable deposits,2015K4,0
Households,Transferable deposits,2016K1,0
Households,Transferable deposits,2016K2,0
Households,Transferable deposits,2016K3,0
Households,Transferable deposits,2016K4,0
Households,Transferable deposits,2017K1,0
Households,Transferable deposits,2017K2,0
Households,Transferable deposits,2017K3,0
Households,Transferable deposits,2017K4,0
Households,Transferable deposits,2018K1,0
Households,Transferable deposits,2018K2,0
Households,Transferable deposits,2018K3,0
Households,Transferable deposits,2018K4,0
Households,Transferable deposits,2019K1,0
Households,Transferable deposits,2019K2,0
Households,Transferable deposits,2019K3,0
Households,Transferable deposits,2019K4,0
Households,Transferable deposits,2020K1,0
Households,Transferable deposits,2020K2,0
Households,Transferable deposits,2020K3,0
Households,Transferable deposits,2020K4,0
Households,Transferable deposits,2021K1,0
Households,Transferable deposits,2021K2,0
Households,Transferable deposits,2021K3,0
Households,Transferable deposits,2021K4,0
Households,Transferable deposits,2022K1,0
Households,Transferable deposits,2022K2,0
Households,Transferable deposits,2022K3,0
Households,Transferable deposits,2022K4,0
Households,Transferable deposits,2023K1,0
Households,Transferable deposits,2023K2,0
Households,Transferable deposits,2023K3,0
Households,Transferable deposits,2023K4,0
Households,Transferable deposits,2024K1,0
Households,Transferable deposits,2024K2,0
Households,Transferable deposits,2024K3,0
Households,Transferable deposits,2024K4,0
Households,Transferable deposits,2025K1,0
Households,Transferable deposits,2025K2,0
Households,Transferable deposits,2025K3,0
Households,Transferable deposits,2025K4,0
Households,Transferable deposits,2026K1,0
Households,Other deposits,1996K1,0
Households,Other deposits,1996K2,0
Households,Other deposits,1996K3,0
Households,Other deposits,1996K4,0
Households,Other deposits,1997K1,0
Households,Other deposits,1997K2,0
Households,Other deposits,1997K3,0
Households,Other deposits,1997K4,0
Households,Other deposits,1998K1,0
Households,Other deposits,1998K2,0
Households,Other deposits,1998K3,0
Households,Other deposits,1998K4,0
Households,Other deposits,1999K1,0
Households,Other deposits,1999K2,0
Households,Other deposits,1999K3,0
Households,Other deposits,1999K4,0
Households,Other deposits,2000K1,0
Households,Other deposits,2000K2,0
Households,Other deposits,2000K3,0
Households,Other deposits,2000K4,0
Households,Other deposits,2001K1,0
Households,Other deposits,2001K2,0
Households,Other deposits,2001K3,0
Households,Other deposits,2001K4,0
Households,Other deposits,2002K1,0
Households,Other deposits,2002K2,0
Households,Other deposits,2002K3,0
Households,Other deposits,2002K4,0
Households,Other deposits,2003K1,0
Households,Other deposits,2003K2,0
Households,Other deposits,2003K3,0
Households,Other deposits,2003K4,0
Households,Other deposits,2004K1,0
Households,Other deposits,2004K2,0
Households,Other deposits,2004K3,0
Households,Other deposits,2004K4,0
Households,Other deposits,2005K1,0
Households,Other deposits,2005K2,0
Households,Other deposits,2005K3,0
Households,Other deposits,2005K4,0
Households,Other deposits,2006K1,0
Households,Other deposits,2006K2,0
Households,Other deposits,2006K3,0
Households,Other deposits,2006K4,0
Households,Other deposits,2007K1,0
Households,Other deposits,2007K2,0
Households,Other deposits,2007K3,0
Households,Other deposits,2007K4,0
Households,Other deposits,2008K1,0
Households,Other deposits,2008K2,0
Households,Other deposits,2008K3,0
Households,Other deposits,2008K4,0
Households,Other deposits,2009K1,0
Households,Other deposits,2009K2,0
Households,Other deposits,2009K3,0
Households,Other deposits,2009K4,0
Households,Other deposits,2010K1,0
Households,Other deposits,2010K2,0
Households,Other deposits,2010K3,0
Households,Other deposits,2010K4,0
Households,Other deposits,2011K1,0
Households,Other deposits,2011K2,0
Households,Other deposits,2011K3,0
Households,Other deposits,2011K4,0
Households,Other deposits,2012K1,0
Households,Other deposits,2012K2,0
Households,Other deposits,2012K3,0
Households,Other deposits,2012K4,0
Households,Other deposits,2013K1,0
Households,Other deposits,2013K2,0
Households,Other deposits,2013K3,0
Households,Other deposits,2013K4,0
Households,Other deposits,2014K1,0
Households,Other deposits,2014K2,0
Households,Other deposits,2014K3,0
Households,Other deposits,2014K4,0
Households,Other deposits,2015K1,0
Households,Other deposits,2015K2,0
Households,Other deposits,2015K3,0
Households,Other deposits,2015K4,0
Households,Other deposits,2016K1,0
Households,Other deposits,2016K2,0
Households,Other deposits,2016K3,0
Households,Other deposits,2016K4,0
Households,Other deposits,2017K1,0
Households,Other deposits,2017K2,0
Households,Other deposits,2017K3,0
Households,Other deposits,2017K4,0
Households,Other deposits,2018K1,0
Households,Other deposits,2018K2,0
Households,Other deposits,2018K3,0
Households,Other deposits,2018K4,0
Households,Other deposits,2019K1,0
Households,Other deposits,2019K2,0
Households,Other deposits,2019K3,0
Households,Other deposits,2019K4,0
Households,Other deposits,2020K1,0
Households,Other deposits,2020K2,0
Households,Other deposits,2020K3,0
Households,Other deposits,2020K4,0
Households,Other deposits,2021K1,0
Households,Other deposits,2021K2,0
Households,Other deposits,2021K3,0
Households,Other deposits,2021K4,0
Households,Other deposits,2022K1,0
Households,Other deposits,2022K2,0
Households,Other deposits,2022K3,0
Households,Other deposits,2022K4,0
Households,Other deposits,2023K1,0
Households,Other deposits,2023K2,0
Households,Other deposits,2023K3,0
Households,Other deposits,2023K4,0
Households,Other deposits,2024K1,0
Households,Other deposits,2024K2,0
Households,Other deposits,2024K3,0
Households,Other deposits,2024K4,0
Households,Other deposits,2025K1,0
Households,Other deposits,2025K2,0
Households,Other deposits,2025K3,0
Households,Other deposits,2025K4,0
Households,Other deposits,2026K1,0
Households,Debt securities,1996K1,0
Households,Debt securities,1996K2,0
Households,Debt securities,1996K3,0
Households,Debt securities,1996K4,0
Households,Debt securities,1997K1,0
Households,Debt securities,1997K2,0
Households,Debt securities,1997K3,0
Households,Debt securities,1997K4,0
Households,Debt securities,1998K1,0
Households,Debt securities,1998K2,0
Households,Debt securities,1998K3,0
Households,Debt securities,1998K4,0
Households,Debt securities,1999K1,0
Households,Debt securities,1999K2,0
Households,Debt securities,1999K3,0
Households,Debt securities,1999K4,0
Households,Debt securities,2000K1,0
Households,Debt securities,2000K2,0
Households,Debt securities,2000K3,0
Households,Debt securities,2000K4,0
Households,Debt securities,2001K1,0
Households,Debt securities,2001K2,0
Households,Debt securities,2001K3,0
Households,Debt securities,2001K4,0
Households,Debt securities,2002K1,0
Households,Debt securities,2002K2,0
Households,Debt securities,2002K3,0
Households,Debt securities,2002K4,0
Households,Debt securities,2003K1,0
Households,Debt securities,2003K2,0
Households,Debt securities,2003K3,0
Households,Debt securities,2003K4,0
Households,Debt securities,2004K1,0
Households,Debt securities,2004K2,0
Households,Debt securities,2004K3,0
Households,Debt securities,2004K4,0
Households,Debt securities,2005K1,0
Households,Debt securities,2005K2,0
Households,Debt securities,2005K3,0
Households,Debt securities,2005K4,0
Households,Debt securities,2006K1,0
Households,Debt securities,2006K2,0
Households,Debt securities,2006K3,0
Households,Debt securities,2006K4,0
Households,Debt securities,2007K1,0
Households,Debt securities,2007K2,0
Households,Debt securities,2007K3,0
Households,Debt securities,2007K4,0
Households,Debt securities,2008K1,0
Households,Debt securities,2008K2,0
Households,Debt securities,2008K3,0
Households,Debt securities,2008K4,0
Households,Debt securities,2009K1,0
Households,Debt securities,2009K2,0
Households,Debt securities,2009K3,0
Households,Debt securities,2009K4,0
Households,Debt securities,2010K1,0
Households,Debt securities,2010K2,0
Households,Debt securities,2010K3,0
Households,Debt securities,2010K4,0
Households,Debt securities,2011K1,0
Households,Debt securities,2011K2,0
Households,Debt securities,2011K3,0
Households,Debt securities,2011K4,0
Households,Debt securities,2012K1,0
Households,Debt securities,2012K2,0
Households,Debt securities,2012K3,0
Households,Debt securities,2012K4,0
Households,Debt securities,2013K1,0
Households,Debt securities,2013K2,0
Households,Debt securities,2013K3,0
Households,Debt securities,2013K4,0
Households,Debt securities,2014K1,0
Households,Debt securities,2014K2,0
Households,Debt securities,2014K3,0
Households,Debt securities,2014K4,0
Households,Debt securities,2015K1,0
Households,Debt securities,2015K2,0
Households,Debt securities,2015K3,0
Households,Debt securities,2015K4,0
Households,Debt securities,2016K1,0
Households,Debt securities,2016K2,0
Households,Debt securities,2016K3,0
Households,Debt securities,2016K4,0
Households,Debt securities,2017K1,0
Households,Debt securities,2017K2,0
Households,Debt securities,2017K3,0
Households,Debt securities,2017K4,0
Households,Debt securities,2018K1,0
Households,Debt securities,2018K2,0
Households,Debt securities,2018K3,0
Households,Debt securities,2018K4,0
Households,Debt securities,2019K1,0
Households,Debt securities,2019K2,0
Households,Debt securities,2019K3,0
Households,Debt securities,2019K4,0
Households,Debt securities,2020K1,0
Households,Debt securities,2020K2,0
Households,Debt securities,2020K3,0
Households,Debt securities,2020K4,0
Households,Debt securities,2021K1,0
Households,Debt securities,2021K2,0
Households,Debt securities,2021K3,0
Households,Debt securities,2021K4,0
Households,Debt securities,2022K1,0
Households,Debt securities,2022K2,0
Households,Debt securities,2022K3,0
Households,Debt securities,2022K4,0
Households,Debt securities,2023K1,0
Households,Debt securities,2023K2,0
Households,Debt securities,2023K3,0
Households,Debt securities,2023K4,0
Households,Debt securities,2024K1,0
Households,Debt securities,2024K2,0
Households,Debt securities,2024K3,0
Households,Debt securities,2024K4,0
Households,Debt securities,2025K1,0
Households,Debt securities,2025K2,0
Households,Debt securities,2025K3,0
Households,Debt securities,2025K4,0
Households,Debt securities,2026K1,0
Households,Short-term debt securities,1996K1,0
Households,Short-term debt securities,1996K2,0
Households,Short-term debt securities,1996K3,0
Households,Short-term debt securities,1996K4,0
Households,Short-term debt securities,1997K1,0
Households,Short-term debt securities,1997K2,0
Households,Short-term debt securities,1997K3,0
Households,Short-term debt securities,1997K4,0
Households,Short-term debt securities,1998K1,0
Households,Short-term debt securities,1998K2,0
Households,Short-term debt securities,1998K3,0
Households,Short-term debt securities,1998K4,0
Households,Short-term debt securities,1999K1,0
Households,Short-term debt securities,1999K2,0
Households,Short-term debt securities,1999K3,0
Households,Short-term debt securities,1999K4,0
Households,Short-term debt securities,2000K1,0
Households,Short-term debt securities,2000K2,0
Households,Short-term debt securities,2000K3,0
Households,Short-term debt securities,2000K4,0
Households,Short-term debt securities,2001K1,0
Households,Short-term debt securities,2001K2,0
Households,Short-term debt securities,2001K3,0
Households,Short-term debt securities,2001K4,0
Households,Short-term debt securities,2002K1,0
Households,Short-term debt securities,2002K2,0
Households,Short-term debt securities,2002K3,0
Households,Short-term debt securities,2002K4,0
Households,Short-term debt securities,2003K1,0
Households,Short-term debt securities,2003K2,0
Households,Short-term debt securities,2003K3,0
Households,Short-term debt securities,2003K4,0
Households,Short-term debt securities,2004K1,0
Households,Short-term debt securities,2004K2,0
Households,Short-term debt securities,2004K3,0
Households,Short-term debt securities,2004K4,0
Households,Short-term debt securities,2005K1,0
Households,Short-term debt securities,2005K2,0
Households,Short-term debt securities,2005K3,0
Households,Short-term debt securities,2005K4,0
Households,Short-term debt securities,2006K1,0
Households,Short-term debt securities,2006K2,0
Households,Short-term debt securities,2006K3,0
Households,Short-term debt securities,2006K4,0
Households,Short-term debt securities,2007K1,0
Households,Short-term debt securities,2007K2,0
Households,Short-term debt securities,2007K3,0
Households,Short-term debt securities,2007K4,0
Households,Short-term debt securities,2008K1,0
Households,Short-term debt securities,2008K2,0
Households,Short-term debt securities,2008K3,0
Households,Short-term debt securities,2008K4,0
Households,Short-term debt securities,2009K1,0
Households,Short-term debt securities,2009K2,0
Households,Short-term debt securities,2009K3,0
Households,Short-term debt securities,2009K4,0
Households,Short-term debt securities,2010K1,0
Households,Short-term debt securities,2010K2,0
Households,Short-term debt securities,2010K3,0
Households,Short-term debt securities,2010K4,0
Households,Short-term debt securities,2011K1,0
Households,Short-term debt securities,2011K2,0
Households,Short-term debt securities,2011K3,0
Households,Short-term debt securities,2011K4,0
Households,Short-term debt securities,2012K1,0
Households,Short-term debt securities,2012K2,0
Households,Short-term debt securities,2012K3,0
Households,Short-term debt securities,2012K4,0
Households,Short-term debt securities,2013K1,0
Households,Short-term debt securities,2013K2,0
Households,Short-term debt securities,2013K3,0
Households,Short-term debt securities,2013K4,0
Households,Short-term debt securities,2014K1,0
Households,Short-term debt securities,2014K2,0
Households,Short-term debt securities,2014K3,0
Households,Short-term debt securities,2014K4,0
Households,Short-term debt securities,2015K1,0
Households,Short-term debt securities,2015K2,0
Households,Short-term debt securities,2015K3,0
Households,Short-term debt securities,2015K4,0
Households,Short-term debt securities,2016K1,0
Households,Short-term debt securities,2016K2,0
Households,Short-term debt securities,2016K3,0
Households,Short-term debt securities,2016K4,0
Households,Short-term debt securities,2017K1,0
Households,Short-term debt securities,2017K2,0
Households,Short-term debt securities,2017K3,0
Households,Short-term debt securities,2017K4,0
Households,Short-term debt securities,2018K1,0
Households,Short-term debt securities,2018K2,0
Households,Short-term debt securities,2018K3,0
Households,Short-term debt securities,2018K4,0
Households,Short-term debt securities,2019K1,0
Households,Short-term debt securities,2019K2,0
Households,Short-term debt securities,2019K3,0
Households,Short-term debt securities,2019K4,0
Households,Short-term debt securities,2020K1,0
Households,Short-term debt securities,2020K2,0
Households,Short-term debt securities,2020K3,0
Households,Short-term debt securities,2020K4,0
Households,Short-term debt securities,2021K1,0
Households,Short-term debt securities,2021K2,0
Households,Short-term debt securities,2021K3,0
Households,Short-term debt securities,2021K4,0
Households,Short-term debt securities,2022K1,0
Households,Short-term debt securities,2022K2,0
Households,Short-term debt securities,2022K3,0
Households,Short-term debt securities,2022K4,0
Households,Short-term debt securities,2023K1,0
Households,Short-term debt securities,2023K2,0
Households,Short-term debt securities,2023K3,0
Households,Short-term debt securities,2023K4,0
Households,Short-term debt securities,2024K1,0
Households,Short-term debt securities,2024K2,0
Households,Short-term debt securities,2024K3,0
Households,Short-term debt securities,2024K4,0
Households,Short-term debt securities,2025K1,0
Households,Short-term debt securities,2025K2,0
Households,Short-term debt securities,2025K3,0
Households,Short-term debt securities,2025K4,0
Households,Short-term debt securities,2026K1,0
Households,Long-term debt securities,1996K1,0
Households,Long-term debt securities,1996K2,0
Households,Long-term debt securities,1996K3,0
Households,Long-term debt securities,1996K4,0
Households,Long-term debt securities,1997K1,0
Households,Long-term debt securities,1997K2,0
Households,Long-term debt securities,1997K3,0
Households,Long-term debt securities,1997K4,0
Households,Long-term debt securities,1998K1,0
Households,Long-term debt securities,1998K2,0
Households,Long-term debt securities,1998K3,0
Households,Long-term debt securities,1998K4,0
Households,Long-term debt securities,1999K1,0
Households,Long-term debt securities,1999K2,0
Households,Long-term debt securities,1999K3,0
Households,Long-term debt securities,1999K4,0
Households,Long-term debt securities,2000K1,0
Households,Long-term debt securities,2000K2,0
Households,Long-term debt securities,2000K3,0
Households,Long-term debt securities,2000K4,0
Households,Long-term debt securities,2001K1,0
Households,Long-term debt securities,2001K2,0
Households,Long-term debt securities,2001K3,0
Households,Long-term debt securities,2001K4,0
Households,Long-term debt securities,2002K1,0
Households,Long-term debt securities,2002K2,0
Households,Long-term debt securities,2002K3,0
Households,Long-term debt securities,2002K4,0
Households,Long-term debt securities,2003K1,0
Households,Long-term debt securities,2003K2,0
Households,Long-term debt securities,2003K3,0
Households,Long-term debt securities,2003K4,0
Households,Long-term debt securities,2004K1,0
Households,Long-term debt securities,2004K2,0
Households,Long-term debt securities,2004K3,0
Households,Long-term debt securities,2004K4,0
Households,Long-term debt securities,2005K1,0
Households,Long-term debt securities,2005K2,0
Households,Long-term debt securities,2005K3,0
Households,Long-term debt securities,2005K4,0
Households,Long-term debt securities,2006K1,0
Households,Long-term debt securities,2006K2,0
Households,Long-term debt securities,2006K3,0
Households,Long-term debt securities,2006K4,0
Households,Long-term debt securities,2007K1,0
Households,Long-term debt securities,2007K2,0
Households,Long-term debt securities,2007K3,0
Households,Long-term debt securities,2007K4,0
Households,Long-term debt securities,2008K1,0
Households,Long-term debt securities,2008K2,0
Households,Long-term debt securities,2008K3,0
Households,Long-term debt securities,2008K4,0
Households,Long-term debt securities,2009K1,0
Households,Long-term debt securities,2009K2,0
Households,Long-term debt securities,2009K3,0
Households,Long-term debt securities,2009K4,0
Households,Long-term debt securities,2010K1,0
Households,Long-term debt securities,2010K2,0
Households,Long-term debt securities,2010K3,0
Households,Long-term debt securities,2010K4,0
Households,Long-term debt securities,2011K1,0
Households,Long-term debt securities,2011K2,0
Households,Long-term debt securities,2011K3,0
Households,Long-term debt securities,2011K4,0
Households,Long-term debt securities,2012K1,0
Households,Long-term debt securities,2012K2,0
Households,Long-term debt securities,2012K3,0
Households,Long-term debt securities,2012K4,0
Households,Long-term debt securities,2013K1,0
Households,Long-term debt securities,2013K2,0
Households,Long-term debt securities,2013K3,0
Households,Long-term debt securities,2013K4,0
Households,Long-term debt securities,2014K1,0
Households,Long-term debt securities,2014K2,0
Households,Long-term debt securities,2014K3,0
Households,Long-term debt securities,2014K4,0
Households,Long-term debt securities,2015K1,0
Households,Long-term debt securities,2015K2,0
Households,Long-term debt securities,2015K3,0
Households,Long-term debt securities,2015K4,0
Households,Long-term debt securities,2016K1,0
Households,Long-term debt securities,2016K2,0
Households,Long-term debt securities,2016K3,0
Households,Long-term debt securities,2016K4,0
Households,Long-term debt securities,2017K1,0
Households,Long-term debt securities,2017K2,0
Households,Long-term debt securities,2017K3,0
Households,Long-term debt securities,2017K4,0
Households,Long-term debt securities,2018K1,0
Households,Long-term debt securities,2018K2,0
Households,Long-term debt securities,2018K3,0
Households,Long-term debt securities,2018K4,0
Households,Long-term debt securities,2019K1,0
Households,Long-term debt securities,2019K2,0
Households,Long-term debt securities,2019K3,0
Households,Long-term debt securities,2019K4,0
Households,Long-term debt securities,2020K1,0
Households,Long-term debt securities,2020K2,0
Households,Long-term debt securities,2020K3,0
Households,Long-term debt securities,2020K4,0
Households,Long-term debt securities,2021K1,0
Households,Long-term debt securities,2021K2,0
Households,Long-term debt securities,2021K3,0
Households,Long-term debt securities,2021K4,0
Households,Long-term debt securities,2022K1,0
Households,Long-term debt securities,2022K2,0
Households,Long-term debt securities,2022K3,0
Households,Long-term debt securities,2022K4,0
Households,Long-term debt securities,2023K1,0
Households,Long-term debt securities,2023K2,0
Households,Long-term debt securities,2023K3,0
Households,Long-term debt securities,2023K4,0
Households,Long-term debt securities,2024K1,0
Households,Long-term debt securities,2024K2,0
Households,Long-term debt securities,2024K3,0
Households,Long-term debt securities,2024K4,0
Households,Long-term debt securities,2025K1,0
Households,Long-term debt securities,2025K2,0
Households,Long-term debt securities,2025K3,0
Households,Long-term debt securities,2025K4,0
Households,Long-term debt securities,2026K1,0
Households,"Loans, total",1996K1,829054
Households,"Loans, total",1996K2,834174
Households,"Loans, total",1996K3,839310
Households,"Loans, total",1996K4,847976
Households,"Loans, total",1997K1,858307
Households,"Loans, total",1997K2,869944
Households,"Loans, total",1997K3,879298
Households,"Loans, total",1997K4,896571
Households,"Loans, total",1998K1,907066
Households,"Loans, total",1998K2,919648
Households,"Loans, total",1998K3,936214
Households,"Loans, total",1998K4,952007
Households,"Loans, total",1999K1,965914
Households,"Loans, total",1999K2,989587
Households,"Loans, total",1999K3,1007275
Households,"Loans, total",1999K4,1033288
Households,"Loans, total",2000K1,1053073
Households,"Loans, total",2000K2,1079795
Households,"Loans, total",2000K3,1101622
Households,"Loans, total",2000K4,1125728
Households,"Loans, total",2001K1,1143342
Households,"Loans, total",2001K2,1173110
Households,"Loans, total",2001K3,1196127
Households,"Loans, total",2001K4,1223387
Households,"Loans, total",2002K1,1241480
Households,"Loans, total",2002K2,1266961
Households,"Loans, total",2002K3,1290131
Households,"Loans, total",2002K4,1319791
Households,"Loans, total",2003K1,1344556
Households,"Loans, total",2003K2,1374967
Households,"Loans, total",2003K3,1402912
Households,"Loans, total",2003K4,1438785
Households,"Loans, total",2004K1,1468448
Households,"Loans, total",2004K2,1512131
Households,"Loans, total",2004K3,1543994
Households,"Loans, total",2004K4,1591021
Households,"Loans, total",2005K1,1619529
Households,"Loans, total",2005K2,1668842
Households,"Loans, total",2005K3,1714175
Households,"Loans, total",2005K4,1763962
Households,"Loans, total",2006K1,1800139
Households,"Loans, total",2006K2,1853911
Households,"Loans, total",2006K3,1898959
Households,"Loans, total",2006K4,1952046
Households,"Loans, total",2007K1,1986963
Households,"Loans, total",2007K2,2039258
Households,"Loans, total",2007K3,2086061
Households,"Loans, total",2007K4,2139160
Households,"Loans, total",2008K1,2183267
Households,"Loans, total",2008K2,2245412
Households,"Loans, total",2008K3,2281893
Households,"Loans, total",2008K4,2315162
Households,"Loans, total",2009K1,2348281
Households,"Loans, total",2009K2,2405434
Households,"Loans, total",2009K3,2452065
Households,"Loans, total",2009K4,2511517
Households,"Loans, total",2010K1,2550890
Households,"Loans, total",2010K2,2604545
Households,"Loans, total",2010K3,2657568
Households,"Loans, total",2010K4,2699622
Households,"Loans, total",2011K1,2730640
Households,"Loans, total",2011K2,2772758
Households,"Loans, total",2011K3,2805353
Households,"Loans, total",2011K4,2837814
Households,"Loans, total",2012K1,2863741
Households,"Loans, total",2012K2,2898933
Households,"Loans, total",2012K3,2927997
Households,"Loans, total",2012K4,2954166
Households,"Loans, total",2013K1,2983903
Households,"Loans, total",2013K2,3022111
Households,"Loans, total",2013K3,3055096
Households,"Loans, total",2013K4,3089271
Households,"Loans, total",2014K1,3120833
Households,"Loans, total",2014K2,3170827
Households,"Loans, total",2014K3,3212697
Households,"Loans, total",2014K4,3265230
Households,"Loans, total",2015K1,3309801
Households,"Loans, total",2015K2,3376255
Households,"Loans, total",2015K3,3433229
Households,"Loans, total",2015K4,3497358
Households,"Loans, total",2016K1,3576712
Households,"Loans, total",2016K2,3654556
Households,"Loans, total",2016K3,3709750
Households,"Loans, total",2016K4,3766863
Households,"Loans, total",2017K1,3822669
Households,"Loans, total",2017K2,3899362
Households,"Loans, total",2017K3,3963419
Households,"Loans, total",2017K4,4017245
Households,"Loans, total",2018K1,4066399
Households,"Loans, total",2018K2,4125451
Households,"Loans, total",2018K3,4173593
Households,"Loans, total",2018K4,4236752
Households,"Loans, total",2019K1,4281501
Households,"Loans, total",2019K2,4342244
Households,"Loans, total",2019K3,4393454
Households,"Loans, total",2019K4,4452690
Households,"Loans, total",2020K1,4504463
Households,"Loans, total",2020K2,4569795
Households,"Loans, total",2020K3,4628731
Households,"Loans, total",2020K4,4700535
Households,"Loans, total",2021K1,4763752
Households,"Loans, total",2021K2,4855727
Households,"Loans, total",2021K3,4934686
Households,"Loans, total",2021K4,5021668
Households,"Loans, total",2022K1,5088379
Households,"Loans, total",2022K2,5160788
Households,"Loans, total",2022K3,5192867
Households,"Loans, total",2022K4,5208229
Households,"Loans, total",2023K1,5211076
Households,"Loans, total",2023K2,5224363
Households,"Loans, total",2023K3,5232858
Households,"Loans, total",2023K4,5230041
Households,"Loans, total",2024K1,5240529
Households,"Loans, total",2024K2,5262676
Households,"Loans, total",2024K3,5283068
Households,"Loans, total",2024K4,5309225
Households,"Loans, total",2025K1,5337053
Households,"Loans, total",2025K2,5379227
Households,"Loans, total",2025K3,5414674
Households,"Loans, total",2025K4,5454604
Households,"Loans, total",2026K1,5493501
Households,Short-term loans,1996K1,151768
Households,Short-term loans,1996K2,151841
Households,Short-term loans,1996K3,153082
Households,Short-term loans,1996K4,155143
Households,Short-term loans,1997K1,156469
Households,Short-term loans,1997K2,159835
Households,Short-term loans,1997K3,162317
Households,Short-term loans,1997K4,165453
Households,Short-term loans,1998K1,168768
Households,Short-term loans,1998K2,173397
Households,Short-term loans,1998K3,176964
Households,Short-term loans,1998K4,180576
Households,Short-term loans,1999K1,183333
Households,Short-term loans,1999K2,188896
Households,Short-term loans,1999K3,193025
Households,Short-term loans,1999K4,199648
Households,Short-term loans,2000K1,201510
Households,Short-term loans,2000K2,207990
Households,Short-term loans,2000K3,213988
Households,Short-term loans,2000K4,220460
Households,Short-term loans,2001K1,222728
Households,Short-term loans,2001K2,228750
Households,Short-term loans,2001K3,235450
Households,Short-term loans,2001K4,235852
Households,Short-term loans,2002K1,235863
Households,Short-term loans,2002K2,240627
Households,Short-term loans,2002K3,244482
Households,Short-term loans,2002K4,249229
Households,Short-term loans,2003K1,253731
Households,Short-term loans,2003K2,258253
Households,Short-term loans,2003K3,262197
Households,Short-term loans,2003K4,264088
Households,Short-term loans,2004K1,266705
Households,Short-term loans,2004K2,272964
Households,Short-term loans,2004K3,277859
Households,Short-term loans,2004K4,288499
Households,Short-term loans,2005K1,294977
Households,Short-term loans,2005K2,303723
Households,Short-term loans,2005K3,308951
Households,Short-term loans,2005K4,313974
Households,Short-term loans,2006K1,314718
Households,Short-term loans,2006K2,324982
Households,Short-term loans,2006K3,333769
Households,Short-term loans,2006K4,343742
Households,Short-term loans,2007K1,346622
Households,Short-term loans,2007K2,357440
Households,Short-term loans,2007K3,363948
Households,Short-term loans,2007K4,430684
Households,Short-term loans,2008K1,441639
Households,Short-term loans,2008K2,457343
Households,Short-term loans,2008K3,458489
Households,Short-term loans,2008K4,430713
Households,Short-term loans,2009K1,433720
Households,Short-term loans,2009K2,443295
Households,Short-term loans,2009K3,450551
Households,Short-term loans,2009K4,461991
Households,Short-term loans,2010K1,466977
Households,Short-term loans,2010K2,478820
Households,Short-term loans,2010K3,486946
Households,Short-term loans,2010K4,488635
Households,Short-term loans,2011K1,494082
Households,Short-term loans,2011K2,503994
Households,Short-term loans,2011K3,507860
Households,Short-term loans,2011K4,510697
Households,Short-term loans,2012K1,515740
Households,Short-term loans,2012K2,524860
Households,Short-term loans,2012K3,529612
Households,Short-term loans,2012K4,526968
Households,Short-term loans,2013K1,531294
Households,Short-term loans,2013K2,538364
Households,Short-term loans,2013K3,542735
Households,Short-term loans,2013K4,542901
Households,Short-term loans,2014K1,546372
Households,Short-term loans,2014K2,556082
Households,Short-term loans,2014K3,560676
Households,Short-term loans,2014K4,567244
Households,Short-term loans,2015K1,573264
Households,Short-term loans,2015K2,582424
Households,Short-term loans,2015K3,585412
Households,Short-term loans,2015K4,587092
Households,Short-term loans,2016K1,616052
Households,Short-term loans,2016K2,626694
Households,Short-term loans,2016K3,635366
Households,Short-term loans,2016K4,640292
Households,Short-term loans,2017K1,648584
Households,Short-term loans,2017K2,665997
Households,Short-term loans,2017K3,678013
Households,Short-term loans,2017K4,681702
Households,Short-term loans,2018K1,684248
Households,Short-term loans,2018K2,698782
Households,Short-term loans,2018K3,708076
Households,Short-term loans,2018K4,712636
Households,Short-term loans,2019K1,720536
Households,Short-term loans,2019K2,735432
Households,Short-term loans,2019K3,744736
Households,Short-term loans,2019K4,753132
Households,Short-term loans,2020K1,758907
Households,Short-term loans,2020K2,768657
Households,Short-term loans,2020K3,778140
Households,Short-term loans,2020K4,784672
Households,Short-term loans,2021K1,791042
Households,Short-term loans,2021K2,810698
Households,Short-term loans,2021K3,820255
Households,Short-term loans,2021K4,829959
Households,Short-term loans,2022K1,837373
Households,Short-term loans,2022K2,848243
Households,Short-term loans,2022K3,844792
Households,Short-term loans,2022K4,836499
Households,Short-term loans,2023K1,829220
Households,Short-term loans,2023K2,833544
Households,Short-term loans,2023K3,833895
Households,Short-term loans,2023K4,826277
Households,Short-term loans,2024K1,827198
Households,Short-term loans,2024K2,833932
Households,Short-term loans,2024K3,835792
Households,Short-term loans,2024K4,834251
Households,Short-term loans,2025K1,837144
Households,Short-term loans,2025K2,846633
Households,Short-term loans,2025K3,848947
Households,Short-term loans,2025K4,849423
Households,Short-term loans,2026K1,854112
Households,Long-term loans,1996K1,677286
Households,Long-term loans,1996K2,682333
Households,Long-term loans,1996K3,686228
Households,Long-term loans,1996K4,692833
Households,Long-term loans,1997K1,701838
Households,Long-term loans,1997K2,710109
Households,Long-term loans,1997K3,716981
Households,Long-term loans,1997K4,731118
Households,Long-term loans,1998K1,738298
Households,Long-term loans,1998K2,746251
Households,Long-term loans,1998K3,759250
Households,Long-term loans,1998K4,771431
Households,Long-term loans,1999K1,782581
Households,Long-term loans,1999K2,800691
Households,Long-term loans,1999K3,814250
Households,Long-term loans,1999K4,833640
Households,Long-term loans,2000K1,851563
Households,Long-term loans,2000K2,871805
Households,Long-term loans,2000K3,887634
Households,Long-term loans,2000K4,905268
Households,Long-term loans,2001K1,920614
Households,Long-term loans,2001K2,944360
Households,Long-term loans,2001K3,960677
Households,Long-term loans,2001K4,987535
Households,Long-term loans,2002K1,1005617
Households,Long-term loans,2002K2,1026334
Households,Long-term loans,2002K3,1045649
Households,Long-term loans,2002K4,1070562
Households,Long-term loans,2003K1,1090825
Households,Long-term loans,2003K2,1116714
Households,Long-term loans,2003K3,1140715
Households,Long-term loans,2003K4,1174697
Households,Long-term loans,2004K1,1201743
Households,Long-term loans,2004K2,1239167
Households,Long-term loans,2004K3,1266135
Households,Long-term loans,2004K4,1302522
Households,Long-term loans,2005K1,1324552
Households,Long-term loans,2005K2,1365119
Households,Long-term loans,2005K3,1405224
Households,Long-term loans,2005K4,1449988
Households,Long-term loans,2006K1,1485421
Households,Long-term loans,2006K2,1528929
Households,Long-term loans,2006K3,1565190
Households,Long-term loans,2006K4,1608304
Households,Long-term loans,2007K1,1640341
Households,Long-term loans,2007K2,1681818
Households,Long-term loans,2007K3,1722113
Households,Long-term loans,2007K4,1708476
Households,Long-term loans,2008K1,1741628
Households,Long-term loans,2008K2,1788069
Households,Long-term loans,2008K3,1823404
Households,Long-term loans,2008K4,1884449
Households,Long-term loans,2009K1,1914561
Households,Long-term loans,2009K2,1962139
Households,Long-term loans,2009K3,2001514
Households,Long-term loans,2009K4,2049526
Households,Long-term loans,2010K1,2083913
Households,Long-term loans,2010K2,2125725
Households,Long-term loans,2010K3,2170622
Households,Long-term loans,2010K4,2210987
Households,Long-term loans,2011K1,2236558
Households,Long-term loans,2011K2,2268764
Households,Long-term loans,2011K3,2297493
Households,Long-term loans,2011K4,2327117
Households,Long-term loans,2012K1,2348001
Households,Long-term loans,2012K2,2374073
Households,Long-term loans,2012K3,2398385
Households,Long-term loans,2012K4,2427198
Households,Long-term loans,2013K1,2452609
Households,Long-term loans,2013K2,2483747
Households,Long-term loans,2013K3,2512361
Households,Long-term loans,2013K4,2546370
Households,Long-term loans,2014K1,2574461
Households,Long-term loans,2014K2,2614745
Households,Long-term loans,2014K3,2652021
Households,Long-term loans,2014K4,2697986
Households,Long-term loans,2015K1,2736537
Households,Long-term loans,2015K2,2793831
Households,Long-term loans,2015K3,2847817
Households,Long-term loans,2015K4,2910266
Households,Long-term loans,2016K1,2960660
Households,Long-term loans,2016K2,3027862
Households,Long-term loans,2016K3,3074384
Households,Long-term loans,2016K4,3126571
Households,Long-term loans,2017K1,3174085
Households,Long-term loans,2017K2,3233365
Households,Long-term loans,2017K3,3285406
Households,Long-term loans,2017K4,3335543
Households,Long-term loans,2018K1,3382151
Households,Long-term loans,2018K2,3426669
Households,Long-term loans,2018K3,3465517
Households,Long-term loans,2018K4,3524116
Households,Long-term loans,2019K1,3560965
Households,Long-term loans,2019K2,3606812
Households,Long-term loans,2019K3,3648718
Households,Long-term loans,2019K4,3699558
Households,Long-term loans,2020K1,3745556
Households,Long-term loans,2020K2,3801138
Households,Long-term loans,2020K3,3850591
Households,Long-term loans,2020K4,3915863
Households,Long-term loans,2021K1,3972710
Households,Long-term loans,2021K2,4045029
Households,Long-term loans,2021K3,4114431
Households,Long-term loans,2021K4,4191709
Households,Long-term loans,2022K1,4251006
Households,Long-term loans,2022K2,4312545
Households,Long-term loans,2022K3,4348075
Households,Long-term loans,2022K4,4371730
Households,Long-term loans,2023K1,4381856
Households,Long-term loans,2023K2,4390819
Households,Long-term loans,2023K3,4398963
Households,Long-term loans,2023K4,4403764
Households,Long-term loans,2024K1,4413331
Households,Long-term loans,2024K2,4428744
Households,Long-term loans,2024K3,4447276
Households,Long-term loans,2024K4,4474974
Households,Long-term loans,2025K1,4499909
Households,Long-term loans,2025K2,4532594
Households,Long-term loans,2025K3,4565727
Households,Long-term loans,2025K4,4605181
Households,Long-term loans,2026K1,4639389
Households,Inter-company loans,1996K1,0
Households,Inter-company loans,1996K2,0
Households,Inter-company loans,1996K3,0
Households,Inter-company loans,1996K4,0
Households,Inter-company loans,1997K1,0
Households,Inter-company loans,1997K2,0
Households,Inter-company loans,1997K3,0
Households,Inter-company loans,1997K4,0
Households,Inter-company loans,1998K1,0
Households,Inter-company loans,1998K2,0
Households,Inter-company loans,1998K3,0
Households,Inter-company loans,1998K4,0
Households,Inter-company loans,1999K1,0
Households,Inter-company loans,1999K2,0
Households,Inter-company loans,1999K3,0
Households,Inter-company loans,1999K4,0
Households,Inter-company loans,2000K1,0
Households,Inter-company loans,2000K2,0
Households,Inter-company loans,2000K3,0
Households,Inter-company loans,2000K4,0
Households,Inter-company loans,2001K1,0
Households,Inter-company loans,2001K2,0
Households,Inter-company loans,2001K3,0
Households,Inter-company loans,2001K4,0
Households,Inter-company loans,2002K1,0
Households,Inter-company loans,2002K2,0
Households,Inter-company loans,2002K3,0
Households,Inter-company loans,2002K4,0
Households,Inter-company loans,2003K1,0
Households,Inter-company loans,2003K2,0
Households,Inter-company loans,2003K3,0
Households,Inter-company loans,2003K4,0
Households,Inter-company loans,2004K1,0
Households,Inter-company loans,2004K2,0
Households,Inter-company loans,2004K3,0
Households,Inter-company loans,2004K4,0
Households,Inter-company loans,2005K1,0
Households,Inter-company loans,2005K2,0
Households,Inter-company loans,2005K3,0
Households,Inter-company loans,2005K4,0
Households,Inter-company loans,2006K1,0
Households,Inter-company loans,2006K2,0
Households,Inter-company loans,2006K3,0
Households,Inter-company loans,2006K4,0
Households,Inter-company loans,2007K1,0
Households,Inter-company loans,2007K2,0
Households,Inter-company loans,2007K3,0
Households,Inter-company loans,2007K4,0
Households,Inter-company loans,2008K1,0
Households,Inter-company loans,2008K2,0
Households,Inter-company loans,2008K3,0
Households,Inter-company loans,2008K4,0
Households,Inter-company loans,2009K1,0
Households,Inter-company loans,2009K2,0
Households,Inter-company loans,2009K3,0
Households,Inter-company loans,2009K4,0
Households,Inter-company loans,2010K1,0
Households,Inter-company loans,2010K2,0
Households,Inter-company loans,2010K3,0
Households,Inter-company loans,2010K4,0
Households,Inter-company loans,2011K1,0
Households,Inter-company loans,2011K2,0
Households,Inter-company loans,2011K3,0
Households,Inter-company loans,2011K4,0
Households,Inter-company loans,2012K1,0
Households,Inter-company loans,2012K2,0
Households,Inter-company loans,2012K3,0
Households,Inter-company loans,2012K4,0
Households,Inter-company loans,2013K1,0
Households,Inter-company loans,2013K2,0
Households,Inter-company loans,2013K3,0
Households,Inter-company loans,2013K4,0
Households,Inter-company loans,2014K1,0
Households,Inter-company loans,2014K2,0
Households,Inter-company loans,2014K3,0
Households,Inter-company loans,2014K4,0
Households,Inter-company loans,2015K1,0
Households,Inter-company loans,2015K2,0
Households,Inter-company loans,2015K3,0
Households,Inter-company loans,2015K4,0
Households,Inter-company loans,2016K1,0
Households,Inter-company loans,2016K2,0
Households,Inter-company loans,2016K3,0
Households,Inter-company loans,2016K4,0
Households,Inter-company loans,2017K1,0
Households,Inter-company loans,2017K2,0
Households,Inter-company loans,2017K3,0
Households,Inter-company loans,2017K4,0
Households,Inter-company loans,2018K1,0
Households,Inter-company loans,2018K2,0
Households,Inter-company loans,2018K3,0
Households,Inter-company loans,2018K4,0
Households,Inter-company loans,2019K1,0
Households,Inter-company loans,2019K2,0
Households,Inter-company loans,2019K3,0
Households,Inter-company loans,2019K4,0
Households,Inter-company loans,2020K1,0
Households,Inter-company loans,2020K2,0
Households,Inter-company loans,2020K3,0
Households,Inter-company loans,2020K4,0
Households,Inter-company loans,2021K1,0
Households,Inter-company loans,2021K2,0
Households,Inter-company loans,2021K3,0
Households,Inter-company loans,2021K4,0
Households,Inter-company loans,2022K1,0
Households,Inter-company loans,2022K2,0
Households,Inter-company loans,2022K3,0
Households,Inter-company loans,2022K4,0
Households,Inter-company loans,2023K1,0
Households,Inter-company loans,2023K2,0
Households,Inter-company loans,2023K3,0
Households,Inter-company loans,2023K4,0
Households,Inter-company loans,2024K1,0
Households,Inter-company loans,2024K2,0
Households,Inter-company loans,2024K3,0
Households,Inter-company loans,2024K4,0
Households,Inter-company loans,2025K1,0
Households,Inter-company loans,2025K2,0
Households,Inter-company loans,2025K3,0
Households,Inter-company loans,2025K4,0
Households,Inter-company loans,2026K1,0
Households,Equity,1996K1,0
Households,Equity,1996K2,0
Households,Equity,1996K3,0
Households,Equity,1996K4,0
Households,Equity,1997K1,0
Households,Equity,1997K2,0
Households,Equity,1997K3,0
Households,Equity,1997K4,0
Households,Equity,1998K1,0
Households,Equity,1998K2,0
Households,Equity,1998K3,0
Households,Equity,1998K4,0
Households,Equity,1999K1,0
Households,Equity,1999K2,0
Households,Equity,1999K3,0
Households,Equity,1999K4,0
Households,Equity,2000K1,0
Households,Equity,2000K2,0
Households,Equity,2000K3,0
Households,Equity,2000K4,0
Households,Equity,2001K1,0
Households,Equity,2001K2,0
Households,Equity,2001K3,0
Households,Equity,2001K4,0
Households,Equity,2002K1,0
Households,Equity,2002K2,0
Households,Equity,2002K3,0
Households,Equity,2002K4,0
Households,Equity,2003K1,0
Households,Equity,2003K2,0
Households,Equity,2003K3,0
Households,Equity,2003K4,0
Households,Equity,2004K1,0
Households,Equity,2004K2,0
Households,Equity,2004K3,0
Households,Equity,2004K4,0
Households,Equity,2005K1,0
Households,Equity,2005K2,0
Households,Equity,2005K3,0
Households,Equity,2005K4,0
Households,Equity,2006K1,0
Households,Equity,2006K2,0
Households,Equity,2006K3,0
Households,Equity,2006K4,0
Households,Equity,2007K1,0
Households,Equity,2007K2,0
Households,Equity,2007K3,0
Households,Equity,2007K4,0
Households,Equity,2008K1,0
Households,Equity,2008K2,0
Households,Equity,2008K3,0
Households,Equity,2008K4,0
Households,Equity,2009K1,0
Households,Equity,2009K2,0
Households,Equity,2009K3,0
Households,Equity,2009K4,0
Households,Equity,2010K1,0
Households,Equity,2010K2,0
Households,Equity,2010K3,0
Households,Equity,2010K4,0
Households,Equity,2011K1,0
Households,Equity,2011K2,0
Households,Equity,2011K3,0
Households,Equity,2011K4,0
Households,Equity,2012K1,0
Households,Equity,2012K2,0
Households,Equity,2012K3,0
Households,Equity,2012K4,0
Households,Equity,2013K1,0
Households,Equity,2013K2,0
Households,Equity,2013K3,0
Households,Equity,2013K4,0
Households,Equity,2014K1,0
Households,Equity,2014K2,0
Households,Equity,2014K3,0
Households,Equity,2014K4,0
Households,Equity,2015K1,0
Households,Equity,2015K2,0
Households,Equity,2015K3,0
Households,Equity,2015K4,0
Households,Equity,2016K1,0
Households,Equity,2016K2,0
Households,Equity,2016K3,0
Households,Equity,2016K4,0
Households,Equity,2017K1,0
Households,Equity,2017K2,0
Households,Equity,2017K3,0
Households,Equity,2017K4,0
Households,Equity,2018K1,0
Households,Equity,2018K2,0
Households,Equity,2018K3,0
Households,Equity,2018K4,0
Households,Equity,2019K1,0
Households,Equity,2019K2,0
Households,Equity,2019K3,0
Households,Equity,2019K4,0
Households,Equity,2020K1,0
Households,Equity,2020K2,0
Households,Equity,2020K3,0
Households,Equity,2020K4,0
Households,Equity,2021K1,0
Households,Equity,2021K2,0
Households,Equity,2021K3,0
Households,Equity,2021K4,0
Households,Equity,2022K1,0
Households,Equity,2022K2,0
Households,Equity,2022K3,0
Households,Equity,2022K4,0
Households,Equity,2023K1,0
Households,Equity,2023K2,0
Households,Equity,2023K3,0
Households,Equity,2023K4,0
Households,Equity,2024K1,0
Households,Equity,2024K2,0
Households,Equity,2024K3,0
Households,Equity,2024K4,0
Households,Equity,2025K1,0
Households,Equity,2025K2,0
Households,Equity,2025K3,0
Households,Equity,2025K4,0
Households,Equity,2026K1,0
Households,Listed shares,1996K1,0
Households,Listed shares,1996K2,0
Households,Listed shares,1996K3,0
Households,Listed shares,1996K4,0
Households,Listed shares,1997K1,0
Households,Listed shares,1997K2,0
Households,Listed shares,1997K3,0
Households,Listed shares,1997K4,0
Households,Listed shares,1998K1,0
Households,Listed shares,1998K2,0
Households,Listed shares,1998K3,0
Households,Listed shares,1998K4,0
Households,Listed shares,1999K1,0
Households,Listed shares,1999K2,0
Households,Listed shares,1999K3,0
Households,Listed shares,1999K4,0
Households,Listed shares,2000K1,0
Households,Listed shares,2000K2,0
Households,Listed shares,2000K3,0
Households,Listed shares,2000K4,0
Households,Listed shares,2001K1,0
Households,Listed shares,2001K2,0
Households,Listed shares,2001K3,0
Households,Listed shares,2001K4,0
Households,Listed shares,2002K1,0
Households,Listed shares,2002K2,0
Households,Listed shares,2002K3,0
Households,Listed shares,2002K4,0
Households,Listed shares,2003K1,0
Households,Listed shares,2003K2,0
Households,Listed shares,2003K3,0
Households,Listed shares,2003K4,0
Households,Listed shares,2004K1,0
Households,Listed shares,2004K2,0
Households,Listed shares,2004K3,0
Households,Listed shares,2004K4,0
Households,Listed shares,2005K1,0
Households,Listed shares,2005K2,0
Households,Listed shares,2005K3,0
Households,Listed shares,2005K4,0
Households,Listed shares,2006K1,0
Households,Listed shares,2006K2,0
Households,Listed shares,2006K3,0
Households,Listed shares,2006K4,0
Households,Listed shares,2007K1,0
Households,Listed shares,2007K2,0
Households,Listed shares,2007K3,0
Households,Listed shares,2007K4,0
Households,Listed shares,2008K1,0
Households,Listed shares,2008K2,0
Households,Listed shares,2008K3,0
Households,Listed shares,2008K4,0
Households,Listed shares,2009K1,0
Households,Listed shares,2009K2,0
Households,Listed shares,2009K3,0
Households,Listed shares,2009K4,0
Households,Listed shares,2010K1,0
Households,Listed shares,2010K2,0
Households,Listed shares,2010K3,0
Households,Listed shares,2010K4,0
Households,Listed shares,2011K1,0
Households,Listed shares,2011K2,0
Households,Listed shares,2011K3,0
Households,Listed shares,2011K4,0
Households,Listed shares,2012K1,0
Households,Listed shares,2012K2,0
Households,Listed shares,2012K3,0
Households,Listed shares,2012K4,0
Households,Listed shares,2013K1,0
Households,Listed shares,2013K2,0
Households,Listed shares,2013K3,0
Households,Listed shares,2013K4,0
Households,Listed shares,2014K1,0
Households,Listed shares,2014K2,0
Households,Listed shares,2014K3,0
Households,Listed shares,2014K4,0
Households,Listed shares,2015K1,0
Households,Listed shares,2015K2,0
Households,Listed shares,2015K3,0
Households,Listed shares,2015K4,0
Households,Listed shares,2016K1,0
Households,Listed shares,2016K2,0
Households,Listed shares,2016K3,0
Households,Listed shares,2016K4,0
Households,Listed shares,2017K1,0
Households,Listed shares,2017K2,0
Households,Listed shares,2017K3,0
Households,Listed shares,2017K4,0
Households,Listed shares,2018K1,0
Households,Listed shares,2018K2,0
Households,Listed shares,2018K3,0
Households,Listed shares,2018K4,0
Households,Listed shares,2019K1,0
Households,Listed shares,2019K2,0
Households,Listed shares,2019K3,0
Households,Listed shares,2019K4,0
Households,Listed shares,2020K1,0
Households,Listed shares,2020K2,0
Households,Listed shares,2020K3,0
Households,Listed shares,2020K4,0
Households,Listed shares,2021K1,0
Households,Listed shares,2021K2,0
Households,Listed shares,2021K3,0
Households,Listed shares,2021K4,0
Households,Listed shares,2022K1,0
Households,Listed shares,2022K2,0
Households,Listed shares,2022K3,0
Households,Listed shares,2022K4,0
Households,Listed shares,2023K1,0
Households,Listed shares,2023K2,0
Households,Listed shares,2023K3,0
Households,Listed shares,2023K4,0
Households,Listed shares,2024K1,0
Households,Listed shares,2024K2,0
Households,Listed shares,2024K3,0
Households,Listed shares,2024K4,0
Households,Listed shares,2025K1,0
Households,Listed shares,2025K2,0
Households,Listed shares,2025K3,0
Households,Listed shares,2025K4,0
Households,Listed shares,2026K1,0
Households,Unlisted shares,1996K1,0
Households,Unlisted shares,1996K2,0
Households,Unlisted shares,1996K3,0
Households,Unlisted shares,1996K4,0
Households,Unlisted shares,1997K1,0
Households,Unlisted shares,1997K2,0
Households,Unlisted shares,1997K3,0
Households,Unlisted shares,1997K4,0
Households,Unlisted shares,1998K1,0
Households,Unlisted shares,1998K2,0
Households,Unlisted shares,1998K3,0
Households,Unlisted shares,1998K4,0
Households,Unlisted shares,1999K1,0
Households,Unlisted shares,1999K2,0
Households,Unlisted shares,1999K3,0
Households,Unlisted shares,1999K4,0
Households,Unlisted shares,2000K1,0
Households,Unlisted shares,2000K2,0
Households,Unlisted shares,2000K3,0
Households,Unlisted shares,2000K4,0
Households,Unlisted shares,2001K1,0
Households,Unlisted shares,2001K2,0
Households,Unlisted shares,2001K3,0
Households,Unlisted shares,2001K4,0
Households,Unlisted shares,2002K1,0
Households,Unlisted shares,2002K2,0
Households,Unlisted shares,2002K3,0
Households,Unlisted shares,2002K4,0
Households,Unlisted shares,2003K1,0
Households,Unlisted shares,2003K2,0
Households,Unlisted shares,2003K3,0
Households,Unlisted shares,2003K4,0
Households,Unlisted shares,2004K1,0
Households,Unlisted shares,2004K2,0
Households,Unlisted shares,2004K3,0
Households,Unlisted shares,2004K4,0
Households,Unlisted shares,2005K1,0
Households,Unlisted shares,2005K2,0
Households,Unlisted shares,2005K3,0
Households,Unlisted shares,2005K4,0
Households,Unlisted shares,2006K1,0
Households,Unlisted shares,2006K2,0
Households,Unlisted shares,2006K3,0
Households,Unlisted shares,2006K4,0
Households,Unlisted shares,2007K1,0
Households,Unlisted shares,2007K2,0
Households,Unlisted shares,2007K3,0
Households,Unlisted shares,2007K4,0
Households,Unlisted shares,2008K1,0
Households,Unlisted shares,2008K2,0
Households,Unlisted shares,2008K3,0
Households,Unlisted shares,2008K4,0
Households,Unlisted shares,2009K1,0
Households,Unlisted shares,2009K2,0
Households,Unlisted shares,2009K3,0
Households,Unlisted shares,2009K4,0
Households,Unlisted shares,2010K1,0
Households,Unlisted shares,2010K2,0
Households,Unlisted shares,2010K3,0
Households,Unlisted shares,2010K4,0
Households,Unlisted shares,2011K1,0
Households,Unlisted shares,2011K2,0
Households,Unlisted shares,2011K3,0
Households,Unlisted shares,2011K4,0
Households,Unlisted shares,2012K1,0
Households,Unlisted shares,2012K2,0
Households,Unlisted shares,2012K3,0
Households,Unlisted shares,2012K4,0
Households,Unlisted shares,2013K1,0
Households,Unlisted shares,2013K2,0
Households,Unlisted shares,2013K3,0
Households,Unlisted shares,2013K4,0
Households,Unlisted shares,2014K1,0
Households,Unlisted shares,2014K2,0
Households,Unlisted shares,2014K3,0
Households,Unlisted shares,2014K4,0
Households,Unlisted shares,2015K1,0
Households,Unlisted shares,2015K2,0
Households,Unlisted shares,2015K3,0
Households,Unlisted shares,2015K4,0
Households,Unlisted shares,2016K1,0
Households,Unlisted shares,2016K2,0
Households,Unlisted shares,2016K3,0
Households,Unlisted shares,2016K4,0
Households,Unlisted shares,2017K1,0
Households,Unlisted shares,2017K2,0
Households,Unlisted shares,2017K3,0
Households,Unlisted shares,2017K4,0
Households,Unlisted shares,2018K1,0
Households,Unlisted shares,2018K2,0
Households,Unlisted shares,2018K3,0
Households,Unlisted shares,2018K4,0
Households,Unlisted shares,2019K1,0
Households,Unlisted shares,2019K2,0
Households,Unlisted shares,2019K3,0
Households,Unlisted shares,2019K4,0
Households,Unlisted shares,2020K1,0
Households,Unlisted shares,2020K2,0
Households,Unlisted shares,2020K3,0
Households,Unlisted shares,2020K4,0
Households,Unlisted shares,2021K1,0
Households,Unlisted shares,2021K2,0
Households,Unlisted shares,2021K3,0
Households,Unlisted shares,2021K4,0
Households,Unlisted shares,2022K1,0
Households,Unlisted shares,2022K2,0
Households,Unlisted shares,2022K3,0
Households,Unlisted shares,2022K4,0
Households,Unlisted shares,2023K1,0
Households,Unlisted shares,2023K2,0
Households,Unlisted shares,2023K3,0
Households,Unlisted shares,2023K4,0
Households,Unlisted shares,2024K1,0
Households,Unlisted shares,2024K2,0
Households,Unlisted shares,2024K3,0
Households,Unlisted shares,2024K4,0
Households,Unlisted shares,2025K1,0
Households,Unlisted shares,2025K2,0
Households,Unlisted shares,2025K3,0
Households,Unlisted shares,2025K4,0
Households,Unlisted shares,2026K1,0
Households,Other equity,1996K1,0
Households,Other equity,1996K2,0
Households,Other equity,1996K3,0
Households,Other equity,1996K4,0
Households,Other equity,1997K1,0
Households,Other equity,1997K2,0
Households,Other equity,1997K3,0
Households,Other equity,1997K4,0
Households,Other equity,1998K1,0
Households,Other equity,1998K2,0
Households,Other equity,1998K3,0
Households,Other equity,1998K4,0
Households,Other equity,1999K1,0
Households,Other equity,1999K2,0
Households,Other equity,1999K3,0
Households,Other equity,1999K4,0
Households,Other equity,2000K1,0
Households,Other equity,2000K2,0
Households,Other equity,2000K3,0
Households,Other equity,2000K4,0
Households,Other equity,2001K1,0
Households,Other equity,2001K2,0
Households,Other equity,2001K3,0
Households,Other equity,2001K4,0
Households,Other equity,2002K1,0
Households,Other equity,2002K2,0
Households,Other equity,2002K3,0
Households,Other equity,2002K4,0
Households,Other equity,2003K1,0
Households,Other equity,2003K2,0
Households,Other equity,2003K3,0
Households,Other equity,2003K4,0
Households,Other equity,2004K1,0
Households,Other equity,2004K2,0
Households,Other equity,2004K3,0
Households,Other equity,2004K4,0
Households,Other equity,2005K1,0
Households,Other equity,2005K2,0
Households,Other equity,2005K3,0
Households,Other equity,2005K4,0
Households,Other equity,2006K1,0
Households,Other equity,2006K2,0
Households,Other equity,2006K3,0
Households,Other equity,2006K4,0
Households,Other equity,2007K1,0
Households,Other equity,2007K2,0
Households,Other equity,2007K3,0
Households,Other equity,2007K4,0
Households,Other equity,2008K1,0
Households,Other equity,2008K2,0
Households,Other equity,2008K3,0
Households,Other equity,2008K4,0
Households,Other equity,2009K1,0
Households,Other equity,2009K2,0
Households,Other equity,2009K3,0
Households,Other equity,2009K4,0
Households,Other equity,2010K1,0
Households,Other equity,2010K2,0
Households,Other equity,2010K3,0
Households,Other equity,2010K4,0
Households,Other equity,2011K1,0
Households,Other equity,2011K2,0
Households,Other equity,2011K3,0
Households,Other equity,2011K4,0
Households,Other equity,2012K1,0
Households,Other equity,2012K2,0
Households,Other equity,2012K3,0
Households,Other equity,2012K4,0
Households,Other equity,2013K1,0
Households,Other equity,2013K2,0
Households,Other equity,2013K3,0
Households,Other equity,2013K4,0
Households,Other equity,2014K1,0
Households,Other equity,2014K2,0
Households,Other equity,2014K3,0
Households,Other equity,2014K4,0
Households,Other equity,2015K1,0
Households,Other equity,2015K2,0
Households,Other equity,2015K3,0
Households,Other equity,2015K4,0
Households,Other equity,2016K1,0
Households,Other equity,2016K2,0
Households,Other equity,2016K3,0
Households,Other equity,2016K4,0
Households,Other equity,2017K1,0
Households,Other equity,2017K2,0
Households,Other equity,2017K3,0
Households,Other equity,2017K4,0
Households,Other equity,2018K1,0
Households,Other equity,2018K2,0
Households,Other equity,2018K3,0
Households,Other equity,2018K4,0
Households,Other equity,2019K1,0
Households,Other equity,2019K2,0
Households,Other equity,2019K3,0
Households,Other equity,2019K4,0
Households,Other equity,2020K1,0
Households,Other equity,2020K2,0
Households,Other equity,2020K3,0
Households,Other equity,2020K4,0
Households,Other equity,2021K1,0
Households,Other equity,2021K2,0
Households,Other equity,2021K3,0
Households,Other equity,2021K4,0
Households,Other equity,2022K1,0
Households,Other equity,2022K2,0
Households,Other equity,2022K3,0
Households,Other equity,2022K4,0
Households,Other equity,2023K1,0
Households,Other equity,2023K2,0
Households,Other equity,2023K3,0
Households,Other equity,2023K4,0
Households,Other equity,2024K1,0
Households,Other equity,2024K2,0
Households,Other equity,2024K3,0
Households,Other equity,2024K4,0
Households,Other equity,2025K1,0
Households,Other equity,2025K2,0
Households,Other equity,2025K3,0
Households,Other equity,2025K4,0
Households,Other equity,2026K1,0
Households,Investment fund shares or units,1996K1,0
Households,Investment fund shares or units,1996K2,0
Households,Investment fund shares or units,1996K3,0
Households,Investment fund shares or units,1996K4,0
Households,Investment fund shares or units,1997K1,0
Households,Investment fund shares or units,1997K2,0
Households,Investment fund shares or units,1997K3,0
Households,Investment fund shares or units,1997K4,0
Households,Investment fund shares or units,1998K1,0
Households,Investment fund shares or units,1998K2,0
Households,Investment fund shares or units,1998K3,0
Households,Investment fund shares or units,1998K4,0
Households,Investment fund shares or units,1999K1,0
Households,Investment fund shares or units,1999K2,0
Households,Investment fund shares or units,1999K3,0
Households,Investment fund shares or units,1999K4,0
Households,Investment fund shares or units,2000K1,0
Households,Investment fund shares or units,2000K2,0
Households,Investment fund shares or units,2000K3,0
Households,Investment fund shares or units,2000K4,0
Households,Investment fund shares or units,2001K1,0
Households,Investment fund shares or units,2001K2,0
Households,Investment fund shares or units,2001K3,0
Households,Investment fund shares or units,2001K4,0
Households,Investment fund shares or units,2002K1,0
Households,Investment fund shares or units,2002K2,0
Households,Investment fund shares or units,2002K3,0
Households,Investment fund shares or units,2002K4,0
Households,Investment fund shares or units,2003K1,0
Households,Investment fund shares or units,2003K2,0
Households,Investment fund shares or units,2003K3,0
Households,Investment fund shares or units,2003K4,0
Households,Investment fund shares or units,2004K1,0
Households,Investment fund shares or units,2004K2,0
Households,Investment fund shares or units,2004K3,0
Households,Investment fund shares or units,2004K4,0
Households,Investment fund shares or units,2005K1,0
Households,Investment fund shares or units,2005K2,0
Households,Investment fund shares or units,2005K3,0
Households,Investment fund shares or units,2005K4,0
Households,Investment fund shares or units,2006K1,0
Households,Investment fund shares or units,2006K2,0
Households,Investment fund shares or units,2006K3,0
Households,Investment fund shares or units,2006K4,0
Households,Investment fund shares or units,2007K1,0
Households,Investment fund shares or units,2007K2,0
Households,Investment fund shares or units,2007K3,0
Households,Investment fund shares or units,2007K4,0
Households,Investment fund shares or units,2008K1,0
Households,Investment fund shares or units,2008K2,0
Households,Investment fund shares or units,2008K3,0
Households,Investment fund shares or units,2008K4,0
Households,Investment fund shares or units,2009K1,0
Households,Investment fund shares or units,2009K2,0
Households,Investment fund shares or units,2009K3,0
Households,Investment fund shares or units,2009K4,0
Households,Investment fund shares or units,2010K1,0
Households,Investment fund shares or units,2010K2,0
Households,Investment fund shares or units,2010K3,0
Households,Investment fund shares or units,2010K4,0
Households,Investment fund shares or units,2011K1,0
Households,Investment fund shares or units,2011K2,0
Households,Investment fund shares or units,2011K3,0
Households,Investment fund shares or units,2011K4,0
Households,Investment fund shares or units,2012K1,0
Households,Investment fund shares or units,2012K2,0
Households,Investment fund shares or units,2012K3,0
Households,Investment fund shares or units,2012K4,0
Households,Investment fund shares or units,2013K1,0
Households,Investment fund shares or units,2013K2,0
Households,Investment fund shares or units,2013K3,0
Households,Investment fund shares or units,2013K4,0
Households,Investment fund shares or units,2014K1,0
Households,Investment fund shares or units,2014K2,0
Households,Investment fund shares or units,2014K3,0
Households,Investment fund shares or units,2014K4,0
Households,Investment fund shares or units,2015K1,0
Households,Investment fund shares or units,2015K2,0
Households,Investment fund shares or units,2015K3,0
Households,Investment fund shares or units,2015K4,0
Households,Investment fund shares or units,2016K1,0
Households,Investment fund shares or units,2016K2,0
Households,Investment fund shares or units,2016K3,0
Households,Investment fund shares or units,2016K4,0
Households,Investment fund shares or units,2017K1,0
Households,Investment fund shares or units,2017K2,0
Households,Investment fund shares or units,2017K3,0
Households,Investment fund shares or units,2017K4,0
Households,Investment fund shares or units,2018K1,0
Households,Investment fund shares or units,2018K2,0
Households,Investment fund shares or units,2018K3,0
Households,Investment fund shares or units,2018K4,0
Households,Investment fund shares or units,2019K1,0
Households,Investment fund shares or units,2019K2,0
Households,Investment fund shares or units,2019K3,0
Households,Investment fund shares or units,2019K4,0
Households,Investment fund shares or units,2020K1,0
Households,Investment fund shares or units,2020K2,0
Households,Investment fund shares or units,2020K3,0
Households,Investment fund shares or units,2020K4,0
Households,Investment fund shares or units,2021K1,0
Households,Investment fund shares or units,2021K2,0
Households,Investment fund shares or units,2021K3,0
Households,Investment fund shares or units,2021K4,0
Households,Investment fund shares or units,2022K1,0
Households,Investment fund shares or units,2022K2,0
Households,Investment fund shares or units,2022K3,0
Households,Investment fund shares or units,2022K4,0
Households,Investment fund shares or units,2023K1,0
Households,Investment fund shares or units,2023K2,0
Households,Investment fund shares or units,2023K3,0
Households,Investment fund shares or units,2023K4,0
Households,Investment fund shares or units,2024K1,0
Households,Investment fund shares or units,2024K2,0
Households,Investment fund shares or units,2024K3,0
Households,Investment fund shares or units,2024K4,0
Households,Investment fund shares or units,2025K1,0
Households,Investment fund shares or units,2025K2,0
Households,Investment fund shares or units,2025K3,0
Households,Investment fund shares or units,2025K4,0
Households,Investment fund shares or units,2026K1,0
Households,Money market funds,1996K1,0
Households,Money market funds,1996K2,0
Households,Money market funds,1996K3,0
Households,Money market funds,1996K4,0
Households,Money market funds,1997K1,0
Households,Money market funds,1997K2,0
Households,Money market funds,1997K3,0
Households,Money market funds,1997K4,0
Households,Money market funds,1998K1,0
Households,Money market funds,1998K2,0
Households,Money market funds,1998K3,0
Households,Money market funds,1998K4,0
Households,Money market funds,1999K1,0
Households,Money market funds,1999K2,0
Households,Money market funds,1999K3,0
Households,Money market funds,1999K4,0
Households,Money market funds,2000K1,0
Households,Money market funds,2000K2,0
Households,Money market funds,2000K3,0
Households,Money market funds,2000K4,0
Households,Money market funds,2001K1,0
Households,Money market funds,2001K2,0
Households,Money market funds,2001K3,0
Households,Money market funds,2001K4,0
Households,Money market funds,2002K1,0
Households,Money market funds,2002K2,0
Households,Money market funds,2002K3,0
Households,Money market funds,2002K4,0
Households,Money market funds,2003K1,0
Households,Money market funds,2003K2,0
Households,Money market funds,2003K3,0
Households,Money market funds,2003K4,0
Households,Money market funds,2004K1,0
Households,Money market funds,2004K2,0
Households,Money market funds,2004K3,0
Households,Money market funds,2004K4,0
Households,Money market funds,2005K1,0
Households,Money market funds,2005K2,0
Households,Money market funds,2005K3,0
Households,Money market funds,2005K4,0
Households,Money market funds,2006K1,0
Households,Money market funds,2006K2,0
Households,Money market funds,2006K3,0
Households,Money market funds,2006K4,0
Households,Money market funds,2007K1,0
Households,Money market funds,2007K2,0
Households,Money market funds,2007K3,0
Households,Money market funds,2007K4,0
Households,Money market funds,2008K1,0
Households,Money market funds,2008K2,0
Households,Money market funds,2008K3,0
Households,Money market funds,2008K4,0
Households,Money market funds,2009K1,0
Households,Money market funds,2009K2,0
Households,Money market funds,2009K3,0
Households,Money market funds,2009K4,0
Households,Money market funds,2010K1,0
Households,Money market funds,2010K2,0
Households,Money market funds,2010K3,0
Households,Money market funds,2010K4,0
Households,Money market funds,2011K1,0
Households,Money market funds,2011K2,0
Households,Money market funds,2011K3,0
Households,Money market funds,2011K4,0
Households,Money market funds,2012K1,0
Households,Money market funds,2012K2,0
Households,Money market funds,2012K3,0
Households,Money market funds,2012K4,0
Households,Money market funds,2013K1,0
Households,Money market funds,2013K2,0
Households,Money market funds,2013K3,0
Households,Money market funds,2013K4,0
Households,Money market funds,2014K1,0
Households,Money market funds,2014K2,0
Households,Money market funds,2014K3,0
Households,Money market funds,2014K4,0
Households,Money market funds,2015K1,0
Households,Money market funds,2015K2,0
Households,Money market funds,2015K3,0
Households,Money market funds,2015K4,0
Households,Money market funds,2016K1,0
Households,Money market funds,2016K2,0
Households,Money market funds,2016K3,0
Households,Money market funds,2016K4,0
Households,Money market funds,2017K1,0
Households,Money market funds,2017K2,0
Households,Money market funds,2017K3,0
Households,Money market funds,2017K4,0
Households,Money market funds,2018K1,0
Households,Money market funds,2018K2,0
Households,Money market funds,2018K3,0
Households,Money market funds,2018K4,0
Households,Money market funds,2019K1,0
Households,Money market funds,2019K2,0
Households,Money market funds,2019K3,0
Households,Money market funds,2019K4,0
Households,Money market funds,2020K1,0
Households,Money market funds,2020K2,0
Households,Money market funds,2020K3,0
Households,Money market funds,2020K4,0
Households,Money market funds,2021K1,0
Households,Money market funds,2021K2,0
Households,Money market funds,2021K3,0
Households,Money market funds,2021K4,0
Households,Money market funds,2022K1,0
Households,Money market funds,2022K2,0
Households,Money market funds,2022K3,0
Households,Money market funds,2022K4,0
Households,Money market funds,2023K1,0
Households,Money market funds,2023K2,0
Households,Money market funds,2023K3,0
Households,Money market funds,2023K4,0
Households,Money market funds,2024K1,0
Households,Money market funds,2024K2,0
Households,Money market funds,2024K3,0
Households,Money market funds,2024K4,0
Households,Money market funds,2025K1,0
Households,Money market funds,2025K2,0
Households,Money market funds,2025K3,0
Households,Money market funds,2025K4,0
Households,Money market funds,2026K1,0
Households,Bond market funds,1996K1,0
Households,Bond market funds,1996K2,0
Households,Bond market funds,1996K3,0
Households,Bond market funds,1996K4,0
Households,Bond market funds,1997K1,0
Households,Bond market funds,1997K2,0
Households,Bond market funds,1997K3,0
Households,Bond market funds,1997K4,0
Households,Bond market funds,1998K1,0
Households,Bond market funds,1998K2,0
Households,Bond market funds,1998K3,0
Households,Bond market funds,1998K4,0
Households,Bond market funds,1999K1,0
Households,Bond market funds,1999K2,0
Households,Bond market funds,1999K3,0
Households,Bond market funds,1999K4,0
Households,Bond market funds,2000K1,0
Households,Bond market funds,2000K2,0
Households,Bond market funds,2000K3,0
Households,Bond market funds,2000K4,0
Households,Bond market funds,2001K1,0
Households,Bond market funds,2001K2,0
Households,Bond market funds,2001K3,0
Households,Bond market funds,2001K4,0
Households,Bond market funds,2002K1,0
Households,Bond market funds,2002K2,0
Households,Bond market funds,2002K3,0
Households,Bond market funds,2002K4,0
Households,Bond market funds,2003K1,0
Households,Bond market funds,2003K2,0
Households,Bond market funds,2003K3,0
Households,Bond market funds,2003K4,0
Households,Bond market funds,2004K1,0
Households,Bond market funds,2004K2,0
Households,Bond market funds,2004K3,0
Households,Bond market funds,2004K4,0
Households,Bond market funds,2005K1,0
Households,Bond market funds,2005K2,0
Households,Bond market funds,2005K3,0
Households,Bond market funds,2005K4,0
Households,Bond market funds,2006K1,0
Households,Bond market funds,2006K2,0
Households,Bond market funds,2006K3,0
Households,Bond market funds,2006K4,0
Households,Bond market funds,2007K1,0
Households,Bond market funds,2007K2,0
Households,Bond market funds,2007K3,0
Households,Bond market funds,2007K4,0
Households,Bond market funds,2008K1,0
Households,Bond market funds,2008K2,0
Households,Bond market funds,2008K3,0
Households,Bond market funds,2008K4,0
Households,Bond market funds,2009K1,0
Households,Bond market funds,2009K2,0
Households,Bond market funds,2009K3,0
Households,Bond market funds,2009K4,0
Households,Bond market funds,2010K1,0
Households,Bond market funds,2010K2,0
Households,Bond market funds,2010K3,0
Households,Bond market funds,2010K4,0
Households,Bond market funds,2011K1,0
Households,Bond market funds,2011K2,0
Households,Bond market funds,2011K3,0
Households,Bond market funds,2011K4,0
Households,Bond market funds,2012K1,0
Households,Bond market funds,2012K2,0
Households,Bond market funds,2012K3,0
Households,Bond market funds,2012K4,0
Households,Bond market funds,2013K1,0
Households,Bond market funds,2013K2,0
Households,Bond market funds,2013K3,0
Households,Bond market funds,2013K4,0
Households,Bond market funds,2014K1,0
Households,Bond market funds,2014K2,0
Households,Bond market funds,2014K3,0
Households,Bond market funds,2014K4,0
Households,Bond market funds,2015K1,0
Households,Bond market funds,2015K2,0
Households,Bond market funds,2015K3,0
Households,Bond market funds,2015K4,0
Households,Bond market funds,2016K1,0
Households,Bond market funds,2016K2,0
Households,Bond market funds,2016K3,0
Households,Bond market funds,2016K4,0
Households,Bond market funds,2017K1,0
Households,Bond market funds,2017K2,0
Households,Bond market funds,2017K3,0
Households,Bond market funds,2017K4,0
Households,Bond market funds,2018K1,0
Households,Bond market funds,2018K2,0
Households,Bond market funds,2018K3,0
Households,Bond market funds,2018K4,0
Households,Bond market funds,2019K1,0
Households,Bond market funds,2019K2,0
Households,Bond market funds,2019K3,0
Households,Bond market funds,2019K4,0
Households,Bond market funds,2020K1,0
Households,Bond market funds,2020K2,0
Households,Bond market funds,2020K3,0
Households,Bond market funds,2020K4,0
Households,Bond market funds,2021K1,0
Households,Bond market funds,2021K2,0
Households,Bond market funds,2021K3,0
Households,Bond market funds,2021K4,0
Households,Bond market funds,2022K1,0
Households,Bond market funds,2022K2,0
Households,Bond market funds,2022K3,0
Households,Bond market funds,2022K4,0
Households,Bond market funds,2023K1,0
Households,Bond market funds,2023K2,0
Households,Bond market funds,2023K3,0
Households,Bond market funds,2023K4,0
Households,Bond market funds,2024K1,0
Households,Bond market funds,2024K2,0
Households,Bond market funds,2024K3,0
Households,Bond market funds,2024K4,0
Households,Bond market funds,2025K1,0
Households,Bond market funds,2025K2,0
Households,Bond market funds,2025K3,0
Households,Bond market funds,2025K4,0
Households,Bond market funds,2026K1,0
Households,Equity funds,1996K1,0
Households,Equity funds,1996K2,0
Households,Equity funds,1996K3,0
Households,Equity funds,1996K4,0
Households,Equity funds,1997K1,0
Households,Equity funds,1997K2,0
Households,Equity funds,1997K3,0
Households,Equity funds,1997K4,0
Households,Equity funds,1998K1,0
Households,Equity funds,1998K2,0
Households,Equity funds,1998K3,0
Households,Equity funds,1998K4,0
Households,Equity funds,1999K1,0
Households,Equity funds,1999K2,0
Households,Equity funds,1999K3,0
Households,Equity funds,1999K4,0
Households,Equity funds,2000K1,0
Households,Equity funds,2000K2,0
Households,Equity funds,2000K3,0
Households,Equity funds,2000K4,0
Households,Equity funds,2001K1,0
Households,Equity funds,2001K2,0
Households,Equity funds,2001K3,0
Households,Equity funds,2001K4,0
Households,Equity funds,2002K1,0
Households,Equity funds,2002K2,0
Households,Equity funds,2002K3,0
Households,Equity funds,2002K4,0
Households,Equity funds,2003K1,0
Households,Equity funds,2003K2,0
Households,Equity funds,2003K3,0
Households,Equity funds,2003K4,0
Households,Equity funds,2004K1,0
Households,Equity funds,2004K2,0
Households,Equity funds,2004K3,0
Households,Equity funds,2004K4,0
Households,Equity funds,2005K1,0
Households,Equity funds,2005K2,0
Households,Equity funds,2005K3,0
Households,Equity funds,2005K4,0
Households,Equity funds,2006K1,0
Households,Equity funds,2006K2,0
Households,Equity funds,2006K3,0
Households,Equity funds,2006K4,0
Households,Equity funds,2007K1,0
Households,Equity funds,2007K2,0
Households,Equity funds,2007K3,0
Households,Equity funds,2007K4,0
Households,Equity funds,2008K1,0
Households,Equity funds,2008K2,0
Households,Equity funds,2008K3,0
Households,Equity funds,2008K4,0
Households,Equity funds,2009K1,0
Households,Equity funds,2009K2,0
Households,Equity funds,2009K3,0
Households,Equity funds,2009K4,0
Households,Equity funds,2010K1,0
Households,Equity funds,2010K2,0
Households,Equity funds,2010K3,0
Households,Equity funds,2010K4,0
Households,Equity funds,2011K1,0
Households,Equity funds,2011K2,0
Households,Equity funds,2011K3,0
Households,Equity funds,2011K4,0
Households,Equity funds,2012K1,0
Households,Equity funds,2012K2,0
Households,Equity funds,2012K3,0
Households,Equity funds,2012K4,0
Households,Equity funds,2013K1,0
Households,Equity funds,2013K2,0
Households,Equity funds,2013K3,0
Households,Equity funds,2013K4,0
Households,Equity funds,2014K1,0
Households,Equity funds,2014K2,0
Households,Equity funds,2014K3,0
Households,Equity funds,2014K4,0
Households,Equity funds,2015K1,0
Households,Equity funds,2015K2,0
Households,Equity funds,2015K3,0
Households,Equity funds,2015K4,0
Households,Equity funds,2016K1,0
Households,Equity funds,2016K2,0
Households,Equity funds,2016K3,0
Households,Equity funds,2016K4,0
Households,Equity funds,2017K1,0
Households,Equity funds,2017K2,0
Households,Equity funds,2017K3,0
Households,Equity funds,2017K4,0
Households,Equity funds,2018K1,0
Households,Equity funds,2018K2,0
Households,Equity funds,2018K3,0
Households,Equity funds,2018K4,0
Households,Equity funds,2019K1,0
Households,Equity funds,2019K2,0
Households,Equity funds,2019K3,0
Households,Equity funds,2019K4,0
Households,Equity funds,2020K1,0
Households,Equity funds,2020K2,0
Households,Equity funds,2020K3,0
Households,Equity funds,2020K4,0
Households,Equity funds,2021K1,0
Households,Equity funds,2021K2,0
Households,Equity funds,2021K3,0
Households,Equity funds,2021K4,0
Households,Equity funds,2022K1,0
Households,Equity funds,2022K2,0
Households,Equity funds,2022K3,0
Households,Equity funds,2022K4,0
Households,Equity funds,2023K1,0
Households,Equity funds,2023K2,0
Households,Equity funds,2023K3,0
Households,Equity funds,2023K4,0
Households,Equity funds,2024K1,0
Households,Equity funds,2024K2,0
Households,Equity funds,2024K3,0
Households,Equity funds,2024K4,0
Households,Equity funds,2025K1,0
Households,Equity funds,2025K2,0
Households,Equity funds,2025K3,0
Households,Equity funds,2025K4,0
Households,Equity funds,2026K1,0
Households,Other funds,1996K1,0
Households,Other funds,1996K2,0
Households,Other funds,1996K3,0
Households,Other funds,1996K4,0
Households,Other funds,1997K1,0
Households,Other funds,1997K2,0
Households,Other funds,1997K3,0
Households,Other funds,1997K4,0
Households,Other funds,1998K1,0
Households,Other funds,1998K2,0
Households,Other funds,1998K3,0
Households,Other funds,1998K4,0
Households,Other funds,1999K1,0
Households,Other funds,1999K2,0
Households,Other funds,1999K3,0
Households,Other funds,1999K4,0
Households,Other funds,2000K1,0
Households,Other funds,2000K2,0
Households,Other funds,2000K3,0
Households,Other funds,2000K4,0
Households,Other funds,2001K1,0
Households,Other funds,2001K2,0
Households,Other funds,2001K3,0
Households,Other funds,2001K4,0
Households,Other funds,2002K1,0
Households,Other funds,2002K2,0
Households,Other funds,2002K3,0
Households,Other funds,2002K4,0
Households,Other funds,2003K1,0
Households,Other funds,2003K2,0
Households,Other funds,2003K3,0
Households,Other funds,2003K4,0
Households,Other funds,2004K1,0
Households,Other funds,2004K2,0
Households,Other funds,2004K3,0
Households,Other funds,2004K4,0
Households,Other funds,2005K1,0
Households,Other funds,2005K2,0
Households,Other funds,2005K3,0
Households,Other funds,2005K4,0
Households,Other funds,2006K1,0
Households,Other funds,2006K2,0
Households,Other funds,2006K3,0
Households,Other funds,2006K4,0
Households,Other funds,2007K1,0
Households,Other funds,2007K2,0
Households,Other funds,2007K3,0
Households,Other funds,2007K4,0
Households,Other funds,2008K1,0
Households,Other funds,2008K2,0
Households,Other funds,2008K3,0
Households,Other funds,2008K4,0
Households,Other funds,2009K1,0
Households,Other funds,2009K2,0
Households,Other funds,2009K3,0
Households,Other funds,2009K4,0
Households,Other funds,2010K1,0
Households,Other funds,2010K2,0
Households,Other funds,2010K3,0
Households,Other funds,2010K4,0
Households,Other funds,2011K1,0
Households,Other funds,2011K2,0
Households,Other funds,2011K3,0
Households,Other funds,2011K4,0
Households,Other funds,2012K1,0
Households,Other funds,2012K2,0
Households,Other funds,2012K3,0
Households,Other funds,2012K4,0
Households,Other funds,2013K1,0
Households,Other funds,2013K2,0
Households,Other funds,2013K3,0
Households,Other funds,2013K4,0
Households,Other funds,2014K1,0
Households,Other funds,2014K2,0
Households,Other funds,2014K3,0
Households,Other funds,2014K4,0
Households,Other funds,2015K1,0
Households,Other funds,2015K2,0
Households,Other funds,2015K3,0
Households,Other funds,2015K4,0
Households,Other funds,2016K1,0
Households,Other funds,2016K2,0
Households,Other funds,2016K3,0
Households,Other funds,2016K4,0
Households,Other funds,2017K1,0
Households,Other funds,2017K2,0
Households,Other funds,2017K3,0
Households,Other funds,2017K4,0
Households,Other funds,2018K1,0
Households,Other funds,2018K2,0
Households,Other funds,2018K3,0
Households,Other funds,2018K4,0
Households,Other funds,2019K1,0
Households,Other funds,2019K2,0
Households,Other funds,2019K3,0
Households,Other funds,2019K4,0
Households,Other funds,2020K1,0
Households,Other funds,2020K2,0
Households,Other funds,2020K3,0
Households,Other funds,2020K4,0
Households,Other funds,2021K1,0
Households,Other funds,2021K2,0
Households,Other funds,2021K3,0
Households,Other funds,2021K4,0
Households,Other funds,2022K1,0
Households,Other funds,2022K2,0
Households,Other funds,2022K3,0
Households,Other funds,2022K4,0
Households,Other funds,2023K1,0
Households,Other funds,2023K2,0
Households,Other funds,2023K3,0
Households,Other funds,2023K4,0
Households,Other funds,2024K1,0
Households,Other funds,2024K2,0
Households,Other funds,2024K3,0
Households,Other funds,2024K4,0
Households,Other funds,2025K1,0
Households,Other funds,2025K2,0
Households,Other funds,2025K3,0
Households,Other funds,2025K4,0
Households,Other funds,2026K1,0
Households,Undistributed funds,1996K1,0
Households,Undistributed funds,1996K2,0
Households,Undistributed funds,1996K3,0
Households,Undistributed funds,1996K4,0
Households,Undistributed funds,1997K1,0
Households,Undistributed funds,1997K2,0
Households,Undistributed funds,1997K3,0
Households,Undistributed funds,1997K4,0
Households,Undistributed funds,1998K1,0
Households,Undistributed funds,1998K2,0
Households,Undistributed funds,1998K3,0
Households,Undistributed funds,1998K4,0
Households,Undistributed funds,1999K1,0
Households,Undistributed funds,1999K2,0
Households,Undistributed funds,1999K3,0
Households,Undistributed funds,1999K4,0
Households,Undistributed funds,2000K1,0
Households,Undistributed funds,2000K2,0
Households,Undistributed funds,2000K3,0
Households,Undistributed funds,2000K4,0
Households,Undistributed funds,2001K1,0
Households,Undistributed funds,2001K2,0
Households,Undistributed funds,2001K3,0
Households,Undistributed funds,2001K4,0
Households,Undistributed funds,2002K1,0
Households,Undistributed funds,2002K2,0
Households,Undistributed funds,2002K3,0
Households,Undistributed funds,2002K4,0
Households,Undistributed funds,2003K1,0
Households,Undistributed funds,2003K2,0
Households,Undistributed funds,2003K3,0
Households,Undistributed funds,2003K4,0
Households,Undistributed funds,2004K1,0
Households,Undistributed funds,2004K2,0
Households,Undistributed funds,2004K3,0
Households,Undistributed funds,2004K4,0
Households,Undistributed funds,2005K1,0
Households,Undistributed funds,2005K2,0
Households,Undistributed funds,2005K3,0
Households,Undistributed funds,2005K4,0
Households,Undistributed funds,2006K1,0
Households,Undistributed funds,2006K2,0
Households,Undistributed funds,2006K3,0
Households,Undistributed funds,2006K4,0
Households,Undistributed funds,2007K1,0
Households,Undistributed funds,2007K2,0
Households,Undistributed funds,2007K3,0
Households,Undistributed funds,2007K4,0
Households,Undistributed funds,2008K1,0
Households,Undistributed funds,2008K2,0
Households,Undistributed funds,2008K3,0
Households,Undistributed funds,2008K4,0
Households,Undistributed funds,2009K1,0
Households,Undistributed funds,2009K2,0
Households,Undistributed funds,2009K3,0
Households,Undistributed funds,2009K4,0
Households,Undistributed funds,2010K1,0
Households,Undistributed funds,2010K2,0
Households,Undistributed funds,2010K3,0
Households,Undistributed funds,2010K4,0
Households,Undistributed funds,2011K1,0
Households,Undistributed funds,2011K2,0
Households,Undistributed funds,2011K3,0
Households,Undistributed funds,2011K4,0
Households,Undistributed funds,2012K1,0
Households,Undistributed funds,2012K2,0
Households,Undistributed funds,2012K3,0
Households,Undistributed funds,2012K4,0
Households,Undistributed funds,2013K1,0
Households,Undistributed funds,2013K2,0
Households,Undistributed funds,2013K3,0
Households,Undistributed funds,2013K4,0
Households,Undistributed funds,2014K1,0
Households,Undistributed funds,2014K2,0
Households,Undistributed funds,2014K3,0
Households,Undistributed funds,2014K4,0
Households,Undistributed funds,2015K1,0
Households,Undistributed funds,2015K2,0
Households,Undistributed funds,2015K3,0
Households,Undistributed funds,2015K4,0
Households,Undistributed funds,2016K1,0
Households,Undistributed funds,2016K2,0
Households,Undistributed funds,2016K3,0
Households,Undistributed funds,2016K4,0
Households,Undistributed funds,2017K1,0
Households,Undistributed funds,2017K2,0
Households,Undistributed funds,2017K3,0
Households,Undistributed funds,2017K4,0
Households,Undistributed funds,2018K1,0
Households,Undistributed funds,2018K2,0
Households,Undistributed funds,2018K3,0
Households,Undistributed funds,2018K4,0
Households,Undistributed funds,2019K1,0
Households,Undistributed funds,2019K2,0
Households,Undistributed funds,2019K3,0
Households,Undistributed funds,2019K4,0
Households,Undistributed funds,2020K1,0
Households,Undistributed funds,2020K2,0
Households,Undistributed funds,2020K3,0
Households,Undistributed funds,2020K4,0
Households,Undistributed funds,2021K1,0
Households,Undistributed funds,2021K2,0
Households,Undistributed funds,2021K3,0
Households,Undistributed funds,2021K4,0
Households,Undistributed funds,2022K1,0
Households,Undistributed funds,2022K2,0
Households,Undistributed funds,2022K3,0
Households,Undistributed funds,2022K4,0
Households,Undistributed funds,2023K1,0
Households,Undistributed funds,2023K2,0
Households,Undistributed funds,2023K3,0
Households,Undistributed funds,2023K4,0
Households,Undistributed funds,2024K1,0
Households,Undistributed funds,2024K2,0
Households,Undistributed funds,2024K3,0
Households,Undistributed funds,2024K4,0
Households,Undistributed funds,2025K1,0
Households,Undistributed funds,2025K2,0
Households,Undistributed funds,2025K3,0
Households,Undistributed funds,2025K4,0
Households,Undistributed funds,2026K1,0
Households,Other insurance technical reserves,1996K1,0
Households,Other insurance technical reserves,1996K2,0
Households,Other insurance technical reserves,1996K3,0
Households,Other insurance technical reserves,1996K4,0
Households,Other insurance technical reserves,1997K1,0
Households,Other insurance technical reserves,1997K2,0
Households,Other insurance technical reserves,1997K3,0
Households,Other insurance technical reserves,1997K4,0
Households,Other insurance technical reserves,1998K1,0
Households,Other insurance technical reserves,1998K2,0
Households,Other insurance technical reserves,1998K3,0
Households,Other insurance technical reserves,1998K4,0
Households,Other insurance technical reserves,1999K1,0
Households,Other insurance technical reserves,1999K2,0
Households,Other insurance technical reserves,1999K3,0
Households,Other insurance technical reserves,1999K4,0
Households,Other insurance technical reserves,2000K1,0
Households,Other insurance technical reserves,2000K2,0
Households,Other insurance technical reserves,2000K3,0
Households,Other insurance technical reserves,2000K4,0
Households,Other insurance technical reserves,2001K1,0
Households,Other insurance technical reserves,2001K2,0
Households,Other insurance technical reserves,2001K3,0
Households,Other insurance technical reserves,2001K4,0
Households,Other insurance technical reserves,2002K1,0
Households,Other insurance technical reserves,2002K2,0
Households,Other insurance technical reserves,2002K3,0
Households,Other insurance technical reserves,2002K4,0
Households,Other insurance technical reserves,2003K1,0
Households,Other insurance technical reserves,2003K2,0
Households,Other insurance technical reserves,2003K3,0
Households,Other insurance technical reserves,2003K4,0
Households,Other insurance technical reserves,2004K1,0
Households,Other insurance technical reserves,2004K2,0
Households,Other insurance technical reserves,2004K3,0
Households,Other insurance technical reserves,2004K4,0
Households,Other insurance technical reserves,2005K1,0
Households,Other insurance technical reserves,2005K2,0
Households,Other insurance technical reserves,2005K3,0
Households,Other insurance technical reserves,2005K4,0
Households,Other insurance technical reserves,2006K1,0
Households,Other insurance technical reserves,2006K2,0
Households,Other insurance technical reserves,2006K3,0
Households,Other insurance technical reserves,2006K4,0
Households,Other insurance technical reserves,2007K1,0
Households,Other insurance technical reserves,2007K2,0
Households,Other insurance technical reserves,2007K3,0
Households,Other insurance technical reserves,2007K4,0
Households,Other insurance technical reserves,2008K1,0
Households,Other insurance technical reserves,2008K2,0
Households,Other insurance technical reserves,2008K3,0
Households,Other insurance technical reserves,2008K4,0
Households,Other insurance technical reserves,2009K1,0
Households,Other insurance technical reserves,2009K2,0
Households,Other insurance technical reserves,2009K3,0
Households,Other insurance technical reserves,2009K4,0
Households,Other insurance technical reserves,2010K1,0
Households,Other insurance technical reserves,2010K2,0
Households,Other insurance technical reserves,2010K3,0
Households,Other insurance technical reserves,2010K4,0
Households,Other insurance technical reserves,2011K1,0
Households,Other insurance technical reserves,2011K2,0
Households,Other insurance technical reserves,2011K3,0
Households,Other insurance technical reserves,2011K4,0
Households,Other insurance technical reserves,2012K1,0
Households,Other insurance technical reserves,2012K2,0
Households,Other insurance technical reserves,2012K3,0
Households,Other insurance technical reserves,2012K4,0
Households,Other insurance technical reserves,2013K1,0
Households,Other insurance technical reserves,2013K2,0
Households,Other insurance technical reserves,2013K3,0
Households,Other insurance technical reserves,2013K4,0
Households,Other insurance technical reserves,2014K1,0
Households,Other insurance technical reserves,2014K2,0
Households,Other insurance technical reserves,2014K3,0
Households,Other insurance technical reserves,2014K4,0
Households,Other insurance technical reserves,2015K1,0
Households,Other insurance technical reserves,2015K2,0
Households,Other insurance technical reserves,2015K3,0
Households,Other insurance technical reserves,2015K4,0
Households,Other insurance technical reserves,2016K1,0
Households,Other insurance technical reserves,2016K2,0
Households,Other insurance technical reserves,2016K3,0
Households,Other insurance technical reserves,2016K4,0
Households,Other insurance technical reserves,2017K1,0
Households,Other insurance technical reserves,2017K2,0
Households,Other insurance technical reserves,2017K3,0
Households,Other insurance technical reserves,2017K4,0
Households,Other insurance technical reserves,2018K1,0
Households,Other insurance technical reserves,2018K2,0
Households,Other insurance technical reserves,2018K3,0
Households,Other insurance technical reserves,2018K4,0
Households,Other insurance technical reserves,2019K1,0
Households,Other insurance technical reserves,2019K2,0
Households,Other insurance technical reserves,2019K3,0
Households,Other insurance technical reserves,2019K4,0
Households,Other insurance technical reserves,2020K1,0
Households,Other insurance technical reserves,2020K2,0
Households,Other insurance technical reserves,2020K3,0
Households,Other insurance technical reserves,2020K4,0
Households,Other insurance technical reserves,2021K1,0
Households,Other insurance technical reserves,2021K2,0
Households,Other insurance technical reserves,2021K3,0
Households,Other insurance technical reserves,2021K4,0
Households,Other insurance technical reserves,2022K1,0
Households,Other insurance technical reserves,2022K2,0
Households,Other insurance technical reserves,2022K3,0
Households,Other insurance technical reserves,2022K4,0
Households,Other insurance technical reserves,2023K1,0
Households,Other insurance technical reserves,2023K2,0
Households,Other insurance technical reserves,2023K3,0
Households,Other insurance technical reserves,2023K4,0
Households,Other insurance technical reserves,2024K1,0
Households,Other insurance technical reserves,2024K2,0
Households,Other insurance technical reserves,2024K3,0
Households,Other insurance technical reserves,2024K4,0
Households,Other insurance technical reserves,2025K1,0
Households,Other insurance technical reserves,2025K2,0
Households,Other insurance technical reserves,2025K3,0
Households,Other insurance technical reserves,2025K4,0
Households,Other insurance technical reserves,2026K1,0
Households,Life insurance and annuity entitlements,1996K1,0
Households,Life insurance and annuity entitlements,1996K2,0
Households,Life insurance and annuity entitlements,1996K3,0
Households,Life insurance and annuity entitlements,1996K4,0
Households,Life insurance and annuity entitlements,1997K1,0
Households,Life insurance and annuity entitlements,1997K2,0
Households,Life insurance and annuity entitlements,1997K3,0
Households,Life insurance and annuity entitlements,1997K4,0
Households,Life insurance and annuity entitlements,1998K1,0
Households,Life insurance and annuity entitlements,1998K2,0
Households,Life insurance and annuity entitlements,1998K3,0
Households,Life insurance and annuity entitlements,1998K4,0
Households,Life insurance and annuity entitlements,1999K1,0
Households,Life insurance and annuity entitlements,1999K2,0
Households,Life insurance and annuity entitlements,1999K3,0
Households,Life insurance and annuity entitlements,1999K4,0
Households,Life insurance and annuity entitlements,2000K1,0
Households,Life insurance and annuity entitlements,2000K2,0
Households,Life insurance and annuity entitlements,2000K3,0
Households,Life insurance and annuity entitlements,2000K4,0
Households,Life insurance and annuity entitlements,2001K1,0
Households,Life insurance and annuity entitlements,2001K2,0
Households,Life insurance and annuity entitlements,2001K3,0
Households,Life insurance and annuity entitlements,2001K4,0
Households,Life insurance and annuity entitlements,2002K1,0
Households,Life insurance and annuity entitlements,2002K2,0
Households,Life insurance and annuity entitlements,2002K3,0
Households,Life insurance and annuity entitlements,2002K4,0
Households,Life insurance and annuity entitlements,2003K1,0
Households,Life insurance and annuity entitlements,2003K2,0
Households,Life insurance and annuity entitlements,2003K3,0
Households,Life insurance and annuity entitlements,2003K4,0
Households,Life insurance and annuity entitlements,2004K1,0
Households,Life insurance and annuity entitlements,2004K2,0
Households,Life insurance and annuity entitlements,2004K3,0
Households,Life insurance and annuity entitlements,2004K4,0
Households,Life insurance and annuity entitlements,2005K1,0
Households,Life insurance and annuity entitlements,2005K2,0
Households,Life insurance and annuity entitlements,2005K3,0
Households,Life insurance and annuity entitlements,2005K4,0
Households,Life insurance and annuity entitlements,2006K1,0
Households,Life insurance and annuity entitlements,2006K2,0
Households,Life insurance and annuity entitlements,2006K3,0
Households,Life insurance and annuity entitlements,2006K4,0
Households,Life insurance and annuity entitlements,2007K1,0
Households,Life insurance and annuity entitlements,2007K2,0
Households,Life insurance and annuity entitlements,2007K3,0
Households,Life insurance and annuity entitlements,2007K4,0
Households,Life insurance and annuity entitlements,2008K1,0
Households,Life insurance and annuity entitlements,2008K2,0
Households,Life insurance and annuity entitlements,2008K3,0
Households,Life insurance and annuity entitlements,2008K4,0
Households,Life insurance and annuity entitlements,2009K1,0
Households,Life insurance and annuity entitlements,2009K2,0
Households,Life insurance and annuity entitlements,2009K3,0
Households,Life insurance and annuity entitlements,2009K4,0
Households,Life insurance and annuity entitlements,2010K1,0
Households,Life insurance and annuity entitlements,2010K2,0
Households,Life insurance and annuity entitlements,2010K3,0
Households,Life insurance and annuity entitlements,2010K4,0
Households,Life insurance and annuity entitlements,2011K1,0
Households,Life insurance and annuity entitlements,2011K2,0
Households,Life insurance and annuity entitlements,2011K3,0
Households,Life insurance and annuity entitlements,2011K4,0
Households,Life insurance and annuity entitlements,2012K1,0
Households,Life insurance and annuity entitlements,2012K2,0
Households,Life insurance and annuity entitlements,2012K3,0
Households,Life insurance and annuity entitlements,2012K4,0
Households,Life insurance and annuity entitlements,2013K1,0
Households,Life insurance and annuity entitlements,2013K2,0
Households,Life insurance and annuity entitlements,2013K3,0
Households,Life insurance and annuity entitlements,2013K4,0
Households,Life insurance and annuity entitlements,2014K1,0
Households,Life insurance and annuity entitlements,2014K2,0
Households,Life insurance and annuity entitlements,2014K3,0
Households,Life insurance and annuity entitlements,2014K4,0
Households,Life insurance and annuity entitlements,2015K1,0
Households,Life insurance and annuity entitlements,2015K2,0
Households,Life insurance and annuity entitlements,2015K3,0
Households,Life insurance and annuity entitlements,2015K4,0
Households,Life insurance and annuity entitlements,2016K1,0
Households,Life insurance and annuity entitlements,2016K2,0
Households,Life insurance and annuity entitlements,2016K3,0
Households,Life insurance and annuity entitlements,2016K4,0
Households,Life insurance and annuity entitlements,2017K1,0
Households,Life insurance and annuity entitlements,2017K2,0
Households,Life insurance and annuity entitlements,2017K3,0
Households,Life insurance and annuity entitlements,2017K4,0
Households,Life insurance and annuity entitlements,2018K1,0
Households,Life insurance and annuity entitlements,2018K2,0
Households,Life insurance and annuity entitlements,2018K3,0
Households,Life insurance and annuity entitlements,2018K4,0
Households,Life insurance and annuity entitlements,2019K1,0
Households,Life insurance and annuity entitlements,2019K2,0
Households,Life insurance and annuity entitlements,2019K3,0
Households,Life insurance and annuity entitlements,2019K4,0
Households,Life insurance and annuity entitlements,2020K1,0
Households,Life insurance and annuity entitlements,2020K2,0
Households,Life insurance and annuity entitlements,2020K3,0
Households,Life insurance and annuity entitlements,2020K4,0
Households,Life insurance and annuity entitlements,2021K1,0
Households,Life insurance and annuity entitlements,2021K2,0
Households,Life insurance and annuity entitlements,2021K3,0
Households,Life insurance and annuity entitlements,2021K4,0
Households,Life insurance and annuity entitlements,2022K1,0
Households,Life insurance and annuity entitlements,2022K2,0
Households,Life insurance and annuity entitlements,2022K3,0
Households,Life insurance and annuity entitlements,2022K4,0
Households,Life insurance and annuity entitlements,2023K1,0
Households,Life insurance and annuity entitlements,2023K2,0
Households,Life insurance and annuity entitlements,2023K3,0
Households,Life insurance and annuity entitlements,2023K4,0
Households,Life insurance and annuity entitlements,2024K1,0
Households,Life insurance and annuity entitlements,2024K2,0
Households,Life insurance and annuity entitlements,2024K3,0
Households,Life insurance and annuity entitlements,2024K4,0
Households,Life insurance and annuity entitlements,2025K1,0
Households,Life insurance and annuity entitlements,2025K2,0
Households,Life insurance and annuity entitlements,2025K3,0
Households,Life insurance and annuity entitlements,2025K4,0
Households,Life insurance and annuity entitlements,2026K1,0
Households,"Life insurance and annuity entitlements, non unit-linked",1996K1,0
Households,"Life insurance and annuity entitlements, non unit-linked",1996K2,0
Households,"Life insurance and annuity entitlements, non unit-linked",1996K3,0
Households,"Life insurance and annuity entitlements, non unit-linked",1996K4,0
Households,"Life insurance and annuity entitlements, non unit-linked",1997K1,0
Households,"Life insurance and annuity entitlements, non unit-linked",1997K2,0
Households,"Life insurance and annuity entitlements, non unit-linked",1997K3,0
Households,"Life insurance and annuity entitlements, non unit-linked",1997K4,0
Households,"Life insurance and annuity entitlements, non unit-linked",1998K1,0
Households,"Life insurance and annuity entitlements, non unit-linked",1998K2,0
Households,"Life insurance and annuity entitlements, non unit-linked",1998K3,0
Households,"Life insurance and annuity entitlements, non unit-linked",1998K4,0
Households,"Life insurance and annuity entitlements, non unit-linked",1999K1,0
Households,"Life insurance and annuity entitlements, non unit-linked",1999K2,0
Households,"Life insurance and annuity entitlements, non unit-linked",1999K3,0
Households,"Life insurance and annuity entitlements, non unit-linked",1999K4,0
Households,"Life insurance and annuity entitlements, non unit-linked",2000K1,0
Households,"Life insurance and annuity entitlements, non unit-linked",2000K2,0
Households,"Life insurance and annuity entitlements, non unit-linked",2000K3,0
Households,"Life insurance and annuity entitlements, non unit-linked",2000K4,0
Households,"Life insurance and annuity entitlements, non unit-linked",2001K1,0
Households,"Life insurance and annuity entitlements, non unit-linked",2001K2,0
Households,"Life insurance and annuity entitlements, non unit-linked",2001K3,0
Households,"Life insurance and annuity entitlements, non unit-linked",2001K4,0
Households,"Life insurance and annuity entitlements, non unit-linked",2002K1,0
Households,"Life insurance and annuity entitlements, non unit-linked",2002K2,0
Households,"Life insurance and annuity entitlements, non unit-linked",2002K3,0
Households,"Life insurance and annuity entitlements, non unit-linked",2002K4,0
Households,"Life insurance and annuity entitlements, non unit-linked",2003K1,0
Households,"Life insurance and annuity entitlements, non unit-linked",2003K2,0
Households,"Life insurance and annuity entitlements, non unit-linked",2003K3,0
Households,"Life insurance and annuity entitlements, non unit-linked",2003K4,0
Households,"Life insurance and annuity entitlements, non unit-linked",2004K1,0
Households,"Life insurance and annuity entitlements, non unit-linked",2004K2,0
Households,"Life insurance and annuity entitlements, non unit-linked",2004K3,0
Households,"Life insurance and annuity entitlements, non unit-linked",2004K4,0
Households,"Life insurance and annuity entitlements, non unit-linked",2005K1,0
Households,"Life insurance and annuity entitlements, non unit-linked",2005K2,0
Households,"Life insurance and annuity entitlements, non unit-linked",2005K3,0
Households,"Life insurance and annuity entitlements, non unit-linked",2005K4,0
Households,"Life insurance and annuity entitlements, non unit-linked",2006K1,0
Households,"Life insurance and annuity entitlements, non unit-linked",2006K2,0
Households,"Life insurance and annuity entitlements, non unit-linked",2006K3,0
Households,"Life insurance and annuity entitlements, non unit-linked",2006K4,0
Households,"Life insurance and annuity entitlements, non unit-linked",2007K1,0
Households,"Life insurance and annuity entitlements, non unit-linked",2007K2,0
Households,"Life insurance and annuity entitlements, non unit-linked",2007K3,0
Households,"Life insurance and annuity entitlements, non unit-linked",2007K4,0
Households,"Life insurance and annuity entitlements, non unit-linked",2008K1,0
Households,"Life insurance and annuity entitlements, non unit-linked",2008K2,0
Households,"Life insurance and annuity entitlements, non unit-linked",2008K3,0
Households,"Life insurance and annuity entitlements, non unit-linked",2008K4,0
Households,"Life insurance and annuity entitlements, non unit-linked",2009K1,0
Households,"Life insurance and annuity entitlements, non unit-linked",2009K2,0
Households,"Life insurance and annuity entitlements, non unit-linked",2009K3,0
Households,"Life insurance and annuity entitlements, non unit-linked",2009K4,0
Households,"Life insurance and annuity entitlements, non unit-linked",2010K1,0
Households,"Life insurance and annuity entitlements, non unit-linked",2010K2,0
Households,"Life insurance and annuity entitlements, non unit-linked",2010K3,0
Households,"Life insurance and annuity entitlements, non unit-linked",2010K4,0
Households,"Life insurance and annuity entitlements, non unit-linked",2011K1,0
Households,"Life insurance and annuity entitlements, non unit-linked",2011K2,0
Households,"Life insurance and annuity entitlements, non unit-linked",2011K3,0
Households,"Life insurance and annuity entitlements, non unit-linked",2011K4,0
Households,"Life insurance and annuity entitlements, non unit-linked",2012K1,0
Households,"Life insurance and annuity entitlements, non unit-linked",2012K2,0
Households,"Life insurance and annuity entitlements, non unit-linked",2012K3,0
Households,"Life insurance and annuity entitlements, non unit-linked",2012K4,0
Households,"Life insurance and annuity entitlements, non unit-linked",2013K1,0
Households,"Life insurance and annuity entitlements, non unit-linked",2013K2,0
Households,"Life insurance and annuity entitlements, non unit-linked",2013K3,0
Households,"Life insurance and annuity entitlements, non unit-linked",2013K4,0
Households,"Life insurance and annuity entitlements, non unit-linked",2014K1,0
Households,"Life insurance and annuity entitlements, non unit-linked",2014K2,0
Households,"Life insurance and annuity entitlements, non unit-linked",2014K3,0
Households,"Life insurance and annuity entitlements, non unit-linked",2014K4,0
Households,"Life insurance and annuity entitlements, non unit-linked",2015K1,0
Households,"Life insurance and annuity entitlements, non unit-linked",2015K2,0
Households,"Life insurance and annuity entitlements, non unit-linked",2015K3,0
Households,"Life insurance and annuity entitlements, non unit-linked",2015K4,0
Households,"Life insurance and annuity entitlements, non unit-linked",2016K1,0
Households,"Life insurance and annuity entitlements, non unit-linked",2016K2,0
Households,"Life insurance and annuity entitlements, non unit-linked",2016K3,0
Households,"Life insurance and annuity entitlements, non unit-linked",2016K4,0
Households,"Life insurance and annuity entitlements, non unit-linked",2017K1,0
Households,"Life insurance and annuity entitlements, non unit-linked",2017K2,0
Households,"Life insurance and annuity entitlements, non unit-linked",2017K3,0
Households,"Life insurance and annuity entitlements, non unit-linked",2017K4,0
Households,"Life insurance and annuity entitlements, non unit-linked",2018K1,0
Households,"Life insurance and annuity entitlements, non unit-linked",2018K2,0
Households,"Life insurance and annuity entitlements, non unit-linked",2018K3,0
Households,"Life insurance and annuity entitlements, non unit-linked",2018K4,0
Households,"Life insurance and annuity entitlements, non unit-linked",2019K1,0
Households,"Life insurance and annuity entitlements, non unit-linked",2019K2,0
Households,"Life insurance and annuity entitlements, non unit-linked",2019K3,0
Households,"Life insurance and annuity entitlements, non unit-linked",2019K4,0
Households,"Life insurance and annuity entitlements, non unit-linked",2020K1,0
Households,"Life insurance and annuity entitlements, non unit-linked",2020K2,0
Households,"Life insurance and annuity entitlements, non unit-linked",2020K3,0
Households,"Life insurance and annuity entitlements, non unit-linked",2020K4,0
Households,"Life insurance and annuity entitlements, non unit-linked",2021K1,0
Households,"Life insurance and annuity entitlements, non unit-linked",2021K2,0
Households,"Life insurance and annuity entitlements, non unit-linked",2021K3,0
Households,"Life insurance and annuity entitlements, non unit-linked",2021K4,0
Households,"Life insurance and annuity entitlements, non unit-linked",2022K1,0
Households,"Life insurance and annuity entitlements, non unit-linked",2022K2,0
Households,"Life insurance and annuity entitlements, non unit-linked",2022K3,0
Households,"Life insurance and annuity entitlements, non unit-linked",2022K4,0
Households,"Life insurance and annuity entitlements, non unit-linked",2023K1,0
Households,"Life insurance and annuity entitlements, non unit-linked",2023K2,0
Households,"Life insurance and annuity entitlements, non unit-linked",2023K3,0
Households,"Life insurance and annuity entitlements, non unit-linked",2023K4,0
Households,"Life insurance and annuity entitlements, non unit-linked",2024K1,0
Households,"Life insurance and annuity entitlements, non unit-linked",2024K2,0
Households,"Life insurance and annuity entitlements, non unit-linked",2024K3,0
Households,"Life insurance and annuity entitlements, non unit-linked",2024K4,0
Households,"Life insurance and annuity entitlements, non unit-linked",2025K1,0
Households,"Life insurance and annuity entitlements, non unit-linked",2025K2,0
Households,"Life insurance and annuity entitlements, non unit-linked",2025K3,0
Households,"Life insurance and annuity entitlements, non unit-linked",2025K4,0
Households,"Life insurance and annuity entitlements, non unit-linked",2026K1,0
Households,"Life insurance and annuity entitlements, unit-linked",1996K1,0
Households,"Life insurance and annuity entitlements, unit-linked",1996K2,0
Households,"Life insurance and annuity entitlements, unit-linked",1996K3,0
Households,"Life insurance and annuity entitlements, unit-linked",1996K4,0
Households,"Life insurance and annuity entitlements, unit-linked",1997K1,0
Households,"Life insurance and annuity entitlements, unit-linked",1997K2,0
Households,"Life insurance and annuity entitlements, unit-linked",1997K3,0
Households,"Life insurance and annuity entitlements, unit-linked",1997K4,0
Households,"Life insurance and annuity entitlements, unit-linked",1998K1,0
Households,"Life insurance and annuity entitlements, unit-linked",1998K2,0
Households,"Life insurance and annuity entitlements, unit-linked",1998K3,0
Households,"Life insurance and annuity entitlements, unit-linked",1998K4,0
Households,"Life insurance and annuity entitlements, unit-linked",1999K1,0
Households,"Life insurance and annuity entitlements, unit-linked",1999K2,0
Households,"Life insurance and annuity entitlements, unit-linked",1999K3,0
Households,"Life insurance and annuity entitlements, unit-linked",1999K4,0
Households,"Life insurance and annuity entitlements, unit-linked",2000K1,0
Households,"Life insurance and annuity entitlements, unit-linked",2000K2,0
Households,"Life insurance and annuity entitlements, unit-linked",2000K3,0
Households,"Life insurance and annuity entitlements, unit-linked",2000K4,0
Households,"Life insurance and annuity entitlements, unit-linked",2001K1,0
Households,"Life insurance and annuity entitlements, unit-linked",2001K2,0
Households,"Life insurance and annuity entitlements, unit-linked",2001K3,0
Households,"Life insurance and annuity entitlements, unit-linked",2001K4,0
Households,"Life insurance and annuity entitlements, unit-linked",2002K1,0
Households,"Life insurance and annuity entitlements, unit-linked",2002K2,0
Households,"Life insurance and annuity entitlements, unit-linked",2002K3,0
Households,"Life insurance and annuity entitlements, unit-linked",2002K4,0
Households,"Life insurance and annuity entitlements, unit-linked",2003K1,0
Households,"Life insurance and annuity entitlements, unit-linked",2003K2,0
Households,"Life insurance and annuity entitlements, unit-linked",2003K3,0
Households,"Life insurance and annuity entitlements, unit-linked",2003K4,0
Households,"Life insurance and annuity entitlements, unit-linked",2004K1,0
Households,"Life insurance and annuity entitlements, unit-linked",2004K2,0
Households,"Life insurance and annuity entitlements, unit-linked",2004K3,0
Households,"Life insurance and annuity entitlements, unit-linked",2004K4,0
Households,"Life insurance and annuity entitlements, unit-linked",2005K1,0
Households,"Life insurance and annuity entitlements, unit-linked",2005K2,0
Households,"Life insurance and annuity entitlements, unit-linked",2005K3,0
Households,"Life insurance and annuity entitlements, unit-linked",2005K4,0
Households,"Life insurance and annuity entitlements, unit-linked",2006K1,0
Households,"Life insurance and annuity entitlements, unit-linked",2006K2,0
Households,"Life insurance and annuity entitlements, unit-linked",2006K3,0
Households,"Life insurance and annuity entitlements, unit-linked",2006K4,0
Households,"Life insurance and annuity entitlements, unit-linked",2007K1,0
Households,"Life insurance and annuity entitlements, unit-linked",2007K2,0
Households,"Life insurance and annuity entitlements, unit-linked",2007K3,0
Households,"Life insurance and annuity entitlements, unit-linked",2007K4,0
Households,"Life insurance and annuity entitlements, unit-linked",2008K1,0
Households,"Life insurance and annuity entitlements, unit-linked",2008K2,0
Households,"Life insurance and annuity entitlements, unit-linked",2008K3,0
Households,"Life insurance and annuity entitlements, unit-linked",2008K4,0
Households,"Life insurance and annuity entitlements, unit-linked",2009K1,0
Households,"Life insurance and annuity entitlements, unit-linked",2009K2,0
Households,"Life insurance and annuity entitlements, unit-linked",2009K3,0
Households,"Life insurance and annuity entitlements, unit-linked",2009K4,0
Households,"Life insurance and annuity entitlements, unit-linked",2010K1,0
Households,"Life insurance and annuity entitlements, unit-linked",2010K2,0
Households,"Life insurance and annuity entitlements, unit-linked",2010K3,0
Households,"Life insurance and annuity entitlements, unit-linked",2010K4,0
Households,"Life insurance and annuity entitlements, unit-linked",2011K1,0
Households,"Life insurance and annuity entitlements, unit-linked",2011K2,0
Households,"Life insurance and annuity entitlements, unit-linked",2011K3,0
Households,"Life insurance and annuity entitlements, unit-linked",2011K4,0
Households,"Life insurance and annuity entitlements, unit-linked",2012K1,0
Households,"Life insurance and annuity entitlements, unit-linked",2012K2,0
Households,"Life insurance and annuity entitlements, unit-linked",2012K3,0
Households,"Life insurance and annuity entitlements, unit-linked",2012K4,0
Households,"Life insurance and annuity entitlements, unit-linked",2013K1,0
Households,"Life insurance and annuity entitlements, unit-linked",2013K2,0
Households,"Life insurance and annuity entitlements, unit-linked",2013K3,0
Households,"Life insurance and annuity entitlements, unit-linked",2013K4,0
Households,"Life insurance and annuity entitlements, unit-linked",2014K1,0
Households,"Life insurance and annuity entitlements, unit-linked",2014K2,0
Households,"Life insurance and annuity entitlements, unit-linked",2014K3,0
Households,"Life insurance and annuity entitlements, unit-linked",2014K4,0
Households,"Life insurance and annuity entitlements, unit-linked",2015K1,0
Households,"Life insurance and annuity entitlements, unit-linked",2015K2,0
Households,"Life insurance and annuity entitlements, unit-linked",2015K3,0
Households,"Life insurance and annuity entitlements, unit-linked",2015K4,0
Households,"Life insurance and annuity entitlements, unit-linked",2016K1,0
Households,"Life insurance and annuity entitlements, unit-linked",2016K2,0
Households,"Life insurance and annuity entitlements, unit-linked",2016K3,0
Households,"Life insurance and annuity entitlements, unit-linked",2016K4,0
Households,"Life insurance and annuity entitlements, unit-linked",2017K1,0
Households,"Life insurance and annuity entitlements, unit-linked",2017K2,0
Households,"Life insurance and annuity entitlements, unit-linked",2017K3,0
Households,"Life insurance and annuity entitlements, unit-linked",2017K4,0
Households,"Life insurance and annuity entitlements, unit-linked",2018K1,0
Households,"Life insurance and annuity entitlements, unit-linked",2018K2,0
Households,"Life insurance and annuity entitlements, unit-linked",2018K3,0
Households,"Life insurance and annuity entitlements, unit-linked",2018K4,0
Households,"Life insurance and annuity entitlements, unit-linked",2019K1,0
Households,"Life insurance and annuity entitlements, unit-linked",2019K2,0
Households,"Life insurance and annuity entitlements, unit-linked",2019K3,0
Households,"Life insurance and annuity entitlements, unit-linked",2019K4,0
Households,"Life insurance and annuity entitlements, unit-linked",2020K1,0
Households,"Life insurance and annuity entitlements, unit-linked",2020K2,0
Households,"Life insurance and annuity entitlements, unit-linked",2020K3,0
Households,"Life insurance and annuity entitlements, unit-linked",2020K4,0
Households,"Life insurance and annuity entitlements, unit-linked",2021K1,0
Households,"Life insurance and annuity entitlements, unit-linked",2021K2,0
Households,"Life insurance and annuity entitlements, unit-linked",2021K3,0
Households,"Life insurance and annuity entitlements, unit-linked",2021K4,0
Households,"Life insurance and annuity entitlements, unit-linked",2022K1,0
Households,"Life insurance and annuity entitlements, unit-linked",2022K2,0
Households,"Life insurance and annuity entitlements, unit-linked",2022K3,0
Households,"Life insurance and annuity entitlements, unit-linked",2022K4,0
Households,"Life insurance and annuity entitlements, unit-linked",2023K1,0
Households,"Life insurance and annuity entitlements, unit-linked",2023K2,0
Households,"Life insurance and annuity entitlements, unit-linked",2023K3,0
Households,"Life insurance and annuity entitlements, unit-linked",2023K4,0
Households,"Life insurance and annuity entitlements, unit-linked",2024K1,0
Households,"Life insurance and annuity entitlements, unit-linked",2024K2,0
Households,"Life insurance and annuity entitlements, unit-linked",2024K3,0
Households,"Life insurance and annuity entitlements, unit-linked",2024K4,0
Households,"Life insurance and annuity entitlements, unit-linked",2025K1,0
Households,"Life insurance and annuity entitlements, unit-linked",2025K2,0
Households,"Life insurance and annuity entitlements, unit-linked",2025K3,0
Households,"Life insurance and annuity entitlements, unit-linked",2025K4,0
Households,"Life insurance and annuity entitlements, unit-linked",2026K1,0
Households,"Pension funds reserves, total",1996K1,0
Households,"Pension funds reserves, total",1996K2,0
Households,"Pension funds reserves, total",1996K3,0
Households,"Pension funds reserves, total",1996K4,0
Households,"Pension funds reserves, total",1997K1,0
Households,"Pension funds reserves, total",1997K2,0
Households,"Pension funds reserves, total",1997K3,0
Households,"Pension funds reserves, total",1997K4,0
Households,"Pension funds reserves, total",1998K1,0
Households,"Pension funds reserves, total",1998K2,0
Households,"Pension funds reserves, total",1998K3,0
Households,"Pension funds reserves, total",1998K4,0
Households,"Pension funds reserves, total",1999K1,0
Households,"Pension funds reserves, total",1999K2,0
Households,"Pension funds reserves, total",1999K3,0
Households,"Pension funds reserves, total",1999K4,0
Households,"Pension funds reserves, total",2000K1,0
Households,"Pension funds reserves, total",2000K2,0
Households,"Pension funds reserves, total",2000K3,0
Households,"Pension funds reserves, total",2000K4,0
Households,"Pension funds reserves, total",2001K1,0
Households,"Pension funds reserves, total",2001K2,0
Households,"Pension funds reserves, total",2001K3,0
Households,"Pension funds reserves, total",2001K4,0
Households,"Pension funds reserves, total",2002K1,0
Households,"Pension funds reserves, total",2002K2,0
Households,"Pension funds reserves, total",2002K3,0
Households,"Pension funds reserves, total",2002K4,0
Households,"Pension funds reserves, total",2003K1,0
Households,"Pension funds reserves, total",2003K2,0
Households,"Pension funds reserves, total",2003K3,0
Households,"Pension funds reserves, total",2003K4,0
Households,"Pension funds reserves, total",2004K1,0
Households,"Pension funds reserves, total",2004K2,0
Households,"Pension funds reserves, total",2004K3,0
Households,"Pension funds reserves, total",2004K4,0
Households,"Pension funds reserves, total",2005K1,0
Households,"Pension funds reserves, total",2005K2,0
Households,"Pension funds reserves, total",2005K3,0
Households,"Pension funds reserves, total",2005K4,0
Households,"Pension funds reserves, total",2006K1,0
Households,"Pension funds reserves, total",2006K2,0
Households,"Pension funds reserves, total",2006K3,0
Households,"Pension funds reserves, total",2006K4,0
Households,"Pension funds reserves, total",2007K1,0
Households,"Pension funds reserves, total",2007K2,0
Households,"Pension funds reserves, total",2007K3,0
Households,"Pension funds reserves, total",2007K4,0
Households,"Pension funds reserves, total",2008K1,0
Households,"Pension funds reserves, total",2008K2,0
Households,"Pension funds reserves, total",2008K3,0
Households,"Pension funds reserves, total",2008K4,0
Households,"Pension funds reserves, total",2009K1,0
Households,"Pension funds reserves, total",2009K2,0
Households,"Pension funds reserves, total",2009K3,0
Households,"Pension funds reserves, total",2009K4,0
Households,"Pension funds reserves, total",2010K1,0
Households,"Pension funds reserves, total",2010K2,0
Households,"Pension funds reserves, total",2010K3,0
Households,"Pension funds reserves, total",2010K4,0
Households,"Pension funds reserves, total",2011K1,0
Households,"Pension funds reserves, total",2011K2,0
Households,"Pension funds reserves, total",2011K3,0
Households,"Pension funds reserves, total",2011K4,0
Households,"Pension funds reserves, total",2012K1,0
Households,"Pension funds reserves, total",2012K2,0
Households,"Pension funds reserves, total",2012K3,0
Households,"Pension funds reserves, total",2012K4,0
Households,"Pension funds reserves, total",2013K1,0
Households,"Pension funds reserves, total",2013K2,0
Households,"Pension funds reserves, total",2013K3,0
Households,"Pension funds reserves, total",2013K4,0
Households,"Pension funds reserves, total",2014K1,0
Households,"Pension funds reserves, total",2014K2,0
Households,"Pension funds reserves, total",2014K3,0
Households,"Pension funds reserves, total",2014K4,0
Households,"Pension funds reserves, total",2015K1,0
Households,"Pension funds reserves, total",2015K2,0
Households,"Pension funds reserves, total",2015K3,0
Households,"Pension funds reserves, total",2015K4,0
Households,"Pension funds reserves, total",2016K1,0
Households,"Pension funds reserves, total",2016K2,0
Households,"Pension funds reserves, total",2016K3,0
Households,"Pension funds reserves, total",2016K4,0
Households,"Pension funds reserves, total",2017K1,0
Households,"Pension funds reserves, total",2017K2,0
Households,"Pension funds reserves, total",2017K3,0
Households,"Pension funds reserves, total",2017K4,0
Households,"Pension funds reserves, total",2018K1,0
Households,"Pension funds reserves, total",2018K2,0
Households,"Pension funds reserves, total",2018K3,0
Households,"Pension funds reserves, total",2018K4,0
Households,"Pension funds reserves, total",2019K1,0
Households,"Pension funds reserves, total",2019K2,0
Households,"Pension funds reserves, total",2019K3,0
Households,"Pension funds reserves, total",2019K4,0
Households,"Pension funds reserves, total",2020K1,0
Households,"Pension funds reserves, total",2020K2,0
Households,"Pension funds reserves, total",2020K3,0
Households,"Pension funds reserves, total",2020K4,0
Households,"Pension funds reserves, total",2021K1,0
Households,"Pension funds reserves, total",2021K2,0
Households,"Pension funds reserves, total",2021K3,0
Households,"Pension funds reserves, total",2021K4,0
Households,"Pension funds reserves, total",2022K1,0
Households,"Pension funds reserves, total",2022K2,0
Households,"Pension funds reserves, total",2022K3,0
Households,"Pension funds reserves, total",2022K4,0
Households,"Pension funds reserves, total",2023K1,0
Households,"Pension funds reserves, total",2023K2,0
Households,"Pension funds reserves, total",2023K3,0
Households,"Pension funds reserves, total",2023K4,0
Households,"Pension funds reserves, total",2024K1,0
Households,"Pension funds reserves, total",2024K2,0
Households,"Pension funds reserves, total",2024K3,0
Households,"Pension funds reserves, total",2024K4,0
Households,"Pension funds reserves, total",2025K1,0
Households,"Pension funds reserves, total",2025K2,0
Households,"Pension funds reserves, total",2025K3,0
Households,"Pension funds reserves, total",2025K4,0
Households,"Pension funds reserves, total",2026K1,0
Households,"Pension funds reserves, non unit-linked",1996K1,0
Households,"Pension funds reserves, non unit-linked",1996K2,0
Households,"Pension funds reserves, non unit-linked",1996K3,0
Households,"Pension funds reserves, non unit-linked",1996K4,0
Households,"Pension funds reserves, non unit-linked",1997K1,0
Households,"Pension funds reserves, non unit-linked",1997K2,0
Households,"Pension funds reserves, non unit-linked",1997K3,0
Households,"Pension funds reserves, non unit-linked",1997K4,0
Households,"Pension funds reserves, non unit-linked",1998K1,0
Households,"Pension funds reserves, non unit-linked",1998K2,0
Households,"Pension funds reserves, non unit-linked",1998K3,0
Households,"Pension funds reserves, non unit-linked",1998K4,0
Households,"Pension funds reserves, non unit-linked",1999K1,0
Households,"Pension funds reserves, non unit-linked",1999K2,0
Households,"Pension funds reserves, non unit-linked",1999K3,0
Households,"Pension funds reserves, non unit-linked",1999K4,0
Households,"Pension funds reserves, non unit-linked",2000K1,0
Households,"Pension funds reserves, non unit-linked",2000K2,0
Households,"Pension funds reserves, non unit-linked",2000K3,0
Households,"Pension funds reserves, non unit-linked",2000K4,0
Households,"Pension funds reserves, non unit-linked",2001K1,0
Households,"Pension funds reserves, non unit-linked",2001K2,0
Households,"Pension funds reserves, non unit-linked",2001K3,0
Households,"Pension funds reserves, non unit-linked",2001K4,0
Households,"Pension funds reserves, non unit-linked",2002K1,0
Households,"Pension funds reserves, non unit-linked",2002K2,0
Households,"Pension funds reserves, non unit-linked",2002K3,0
Households,"Pension funds reserves, non unit-linked",2002K4,0
Households,"Pension funds reserves, non unit-linked",2003K1,0
Households,"Pension funds reserves, non unit-linked",2003K2,0
Households,"Pension funds reserves, non unit-linked",2003K3,0
Households,"Pension funds reserves, non unit-linked",2003K4,0
Households,"Pension funds reserves, non unit-linked",2004K1,0
Households,"Pension funds reserves, non unit-linked",2004K2,0
Households,"Pension funds reserves, non unit-linked",2004K3,0
Households,"Pension funds reserves, non unit-linked",2004K4,0
Households,"Pension funds reserves, non unit-linked",2005K1,0
Households,"Pension funds reserves, non unit-linked",2005K2,0
Households,"Pension funds reserves, non unit-linked",2005K3,0
Households,"Pension funds reserves, non unit-linked",2005K4,0
Households,"Pension funds reserves, non unit-linked",2006K1,0
Households,"Pension funds reserves, non unit-linked",2006K2,0
Households,"Pension funds reserves, non unit-linked",2006K3,0
Households,"Pension funds reserves, non unit-linked",2006K4,0
Households,"Pension funds reserves, non unit-linked",2007K1,0
Households,"Pension funds reserves, non unit-linked",2007K2,0
Households,"Pension funds reserves, non unit-linked",2007K3,0
Households,"Pension funds reserves, non unit-linked",2007K4,0
Households,"Pension funds reserves, non unit-linked",2008K1,0
Households,"Pension funds reserves, non unit-linked",2008K2,0
Households,"Pension funds reserves, non unit-linked",2008K3,0
Households,"Pension funds reserves, non unit-linked",2008K4,0
Households,"Pension funds reserves, non unit-linked",2009K1,0
Households,"Pension funds reserves, non unit-linked",2009K2,0
Households,"Pension funds reserves, non unit-linked",2009K3,0
Households,"Pension funds reserves, non unit-linked",2009K4,0
Households,"Pension funds reserves, non unit-linked",2010K1,0
Households,"Pension funds reserves, non unit-linked",2010K2,0
Households,"Pension funds reserves, non unit-linked",2010K3,0
Households,"Pension funds reserves, non unit-linked",2010K4,0
Households,"Pension funds reserves, non unit-linked",2011K1,0
Households,"Pension funds reserves, non unit-linked",2011K2,0
Households,"Pension funds reserves, non unit-linked",2011K3,0
Households,"Pension funds reserves, non unit-linked",2011K4,0
Households,"Pension funds reserves, non unit-linked",2012K1,0
Households,"Pension funds reserves, non unit-linked",2012K2,0
Households,"Pension funds reserves, non unit-linked",2012K3,0
Households,"Pension funds reserves, non unit-linked",2012K4,0
Households,"Pension funds reserves, non unit-linked",2013K1,0
Households,"Pension funds reserves, non unit-linked",2013K2,0
Households,"Pension funds reserves, non unit-linked",2013K3,0
Households,"Pension funds reserves, non unit-linked",2013K4,0
Households,"Pension funds reserves, non unit-linked",2014K1,0
Households,"Pension funds reserves, non unit-linked",2014K2,0
Households,"Pension funds reserves, non unit-linked",2014K3,0
Households,"Pension funds reserves, non unit-linked",2014K4,0
Households,"Pension funds reserves, non unit-linked",2015K1,0
Households,"Pension funds reserves, non unit-linked",2015K2,0
Households,"Pension funds reserves, non unit-linked",2015K3,0
Households,"Pension funds reserves, non unit-linked",2015K4,0
Households,"Pension funds reserves, non unit-linked",2016K1,0
Households,"Pension funds reserves, non unit-linked",2016K2,0
Households,"Pension funds reserves, non unit-linked",2016K3,0
Households,"Pension funds reserves, non unit-linked",2016K4,0
Households,"Pension funds reserves, non unit-linked",2017K1,0
Households,"Pension funds reserves, non unit-linked",2017K2,0
Households,"Pension funds reserves, non unit-linked",2017K3,0
Households,"Pension funds reserves, non unit-linked",2017K4,0
Households,"Pension funds reserves, non unit-linked",2018K1,0
Households,"Pension funds reserves, non unit-linked",2018K2,0
Households,"Pension funds reserves, non unit-linked",2018K3,0
Households,"Pension funds reserves, non unit-linked",2018K4,0
Households,"Pension funds reserves, non unit-linked",2019K1,0
Households,"Pension funds reserves, non unit-linked",2019K2,0
Households,"Pension funds reserves, non unit-linked",2019K3,0
Households,"Pension funds reserves, non unit-linked",2019K4,0
Households,"Pension funds reserves, non unit-linked",2020K1,0
Households,"Pension funds reserves, non unit-linked",2020K2,0
Households,"Pension funds reserves, non unit-linked",2020K3,0
Households,"Pension funds reserves, non unit-linked",2020K4,0
Households,"Pension funds reserves, non unit-linked",2021K1,0
Households,"Pension funds reserves, non unit-linked",2021K2,0
Households,"Pension funds reserves, non unit-linked",2021K3,0
Households,"Pension funds reserves, non unit-linked",2021K4,0
Households,"Pension funds reserves, non unit-linked",2022K1,0
Households,"Pension funds reserves, non unit-linked",2022K2,0
Households,"Pension funds reserves, non unit-linked",2022K3,0
Households,"Pension funds reserves, non unit-linked",2022K4,0
Households,"Pension funds reserves, non unit-linked",2023K1,0
Households,"Pension funds reserves, non unit-linked",2023K2,0
Households,"Pension funds reserves, non unit-linked",2023K3,0
Households,"Pension funds reserves, non unit-linked",2023K4,0
Households,"Pension funds reserves, non unit-linked",2024K1,0
Households,"Pension funds reserves, non unit-linked",2024K2,0
Households,"Pension funds reserves, non unit-linked",2024K3,0
Households,"Pension funds reserves, non unit-linked",2024K4,0
Households,"Pension funds reserves, non unit-linked",2025K1,0
Households,"Pension funds reserves, non unit-linked",2025K2,0
Households,"Pension funds reserves, non unit-linked",2025K3,0
Households,"Pension funds reserves, non unit-linked",2025K4,0
Households,"Pension funds reserves, non unit-linked",2026K1,0
Households,"Pension funds reserves, unit-linked",1996K1,0
Households,"Pension funds reserves, unit-linked",1996K2,0
Households,"Pension funds reserves, unit-linked",1996K3,0
Households,"Pension funds reserves, unit-linked",1996K4,0
Households,"Pension funds reserves, unit-linked",1997K1,0
Households,"Pension funds reserves, unit-linked",1997K2,0
Households,"Pension funds reserves, unit-linked",1997K3,0
Households,"Pension funds reserves, unit-linked",1997K4,0
Households,"Pension funds reserves, unit-linked",1998K1,0
Households,"Pension funds reserves, unit-linked",1998K2,0
Households,"Pension funds reserves, unit-linked",1998K3,0
Households,"Pension funds reserves, unit-linked",1998K4,0
Households,"Pension funds reserves, unit-linked",1999K1,0
Households,"Pension funds reserves, unit-linked",1999K2,0
Households,"Pension funds reserves, unit-linked",1999K3,0
Households,"Pension funds reserves, unit-linked",1999K4,0
Households,"Pension funds reserves, unit-linked",2000K1,0
Households,"Pension funds reserves, unit-linked",2000K2,0
Households,"Pension funds reserves, unit-linked",2000K3,0
Households,"Pension funds reserves, unit-linked",2000K4,0
Households,"Pension funds reserves, unit-linked",2001K1,0
Households,"Pension funds reserves, unit-linked",2001K2,0
Households,"Pension funds reserves, unit-linked",2001K3,0
Households,"Pension funds reserves, unit-linked",2001K4,0
Households,"Pension funds reserves, unit-linked",2002K1,0
Households,"Pension funds reserves, unit-linked",2002K2,0
Households,"Pension funds reserves, unit-linked",2002K3,0
Households,"Pension funds reserves, unit-linked",2002K4,0
Households,"Pension funds reserves, unit-linked",2003K1,0
Households,"Pension funds reserves, unit-linked",2003K2,0
Households,"Pension funds reserves, unit-linked",2003K3,0
Households,"Pension funds reserves, unit-linked",2003K4,0
Households,"Pension funds reserves, unit-linked",2004K1,0
Households,"Pension funds reserves, unit-linked",2004K2,0
Households,"Pension funds reserves, unit-linked",2004K3,0
Households,"Pension funds reserves, unit-linked",2004K4,0
Households,"Pension funds reserves, unit-linked",2005K1,0
Households,"Pension funds reserves, unit-linked",2005K2,0
Households,"Pension funds reserves, unit-linked",2005K3,0
Households,"Pension funds reserves, unit-linked",2005K4,0
Households,"Pension funds reserves, unit-linked",2006K1,0
Households,"Pension funds reserves, unit-linked",2006K2,0
Households,"Pension funds reserves, unit-linked",2006K3,0
Households,"Pension funds reserves, unit-linked",2006K4,0
Households,"Pension funds reserves, unit-linked",2007K1,0
Households,"Pension funds reserves, unit-linked",2007K2,0
Households,"Pension funds reserves, unit-linked",2007K3,0
Households,"Pension funds reserves, unit-linked",2007K4,0
Households,"Pension funds reserves, unit-linked",2008K1,0
Households,"Pension funds reserves, unit-linked",2008K2,0
Households,"Pension funds reserves, unit-linked",2008K3,0
Households,"Pension funds reserves, unit-linked",2008K4,0
Households,"Pension funds reserves, unit-linked",2009K1,0
Households,"Pension funds reserves, unit-linked",2009K2,0
Households,"Pension funds reserves, unit-linked",2009K3,0
Households,"Pension funds reserves, unit-linked",2009K4,0
Households,"Pension funds reserves, unit-linked",2010K1,0
Households,"Pension funds reserves, unit-linked",2010K2,0
Households,"Pension funds reserves, unit-linked",2010K3,0
Households,"Pension funds reserves, unit-linked",2010K4,0
Households,"Pension funds reserves, unit-linked",2011K1,0
Households,"Pension funds reserves, unit-linked",2011K2,0
Households,"Pension funds reserves, unit-linked",2011K3,0
Households,"Pension funds reserves, unit-linked",2011K4,0
Households,"Pension funds reserves, unit-linked",2012K1,0
Households,"Pension funds reserves, unit-linked",2012K2,0
Households,"Pension funds reserves, unit-linked",2012K3,0
Households,"Pension funds reserves, unit-linked",2012K4,0
Households,"Pension funds reserves, unit-linked",2013K1,0
Households,"Pension funds reserves, unit-linked",2013K2,0
Households,"Pension funds reserves, unit-linked",2013K3,0
Households,"Pension funds reserves, unit-linked",2013K4,0
Households,"Pension funds reserves, unit-linked",2014K1,0
Households,"Pension funds reserves, unit-linked",2014K2,0
Households,"Pension funds reserves, unit-linked",2014K3,0
Households,"Pension funds reserves, unit-linked",2014K4,0
Households,"Pension funds reserves, unit-linked",2015K1,0
Households,"Pension funds reserves, unit-linked",2015K2,0
Households,"Pension funds reserves, unit-linked",2015K3,0
Households,"Pension funds reserves, unit-linked",2015K4,0
Households,"Pension funds reserves, unit-linked",2016K1,0
Households,"Pension funds reserves, unit-linked",2016K2,0
Households,"Pension funds reserves, unit-linked",2016K3,0
Households,"Pension funds reserves, unit-linked",2016K4,0
Households,"Pension funds reserves, unit-linked",2017K1,0
Households,"Pension funds reserves, unit-linked",2017K2,0
Households,"Pension funds reserves, unit-linked",2017K3,0
Households,"Pension funds reserves, unit-linked",2017K4,0
Households,"Pension funds reserves, unit-linked",2018K1,0
Households,"Pension funds reserves, unit-linked",2018K2,0
Households,"Pension funds reserves, unit-linked",2018K3,0
Households,"Pension funds reserves, unit-linked",2018K4,0
Households,"Pension funds reserves, unit-linked",2019K1,0
Households,"Pension funds reserves, unit-linked",2019K2,0
Households,"Pension funds reserves, unit-linked",2019K3,0
Households,"Pension funds reserves, unit-linked",2019K4,0
Households,"Pension funds reserves, unit-linked",2020K1,0
Households,"Pension funds reserves, unit-linked",2020K2,0
Households,"Pension funds reserves, unit-linked",2020K3,0
Households,"Pension funds reserves, unit-linked",2020K4,0
Households,"Pension funds reserves, unit-linked",2021K1,0
Households,"Pension funds reserves, unit-linked",2021K2,0
Households,"Pension funds reserves, unit-linked",2021K3,0
Households,"Pension funds reserves, unit-linked",2021K4,0
Households,"Pension funds reserves, unit-linked",2022K1,0
Households,"Pension funds reserves, unit-linked",2022K2,0
Households,"Pension funds reserves, unit-linked",2022K3,0
Households,"Pension funds reserves, unit-linked",2022K4,0
Households,"Pension funds reserves, unit-linked",2023K1,0
Households,"Pension funds reserves, unit-linked",2023K2,0
Households,"Pension funds reserves, unit-linked",2023K3,0
Households,"Pension funds reserves, unit-linked",2023K4,0
Households,"Pension funds reserves, unit-linked",2024K1,0
Households,"Pension funds reserves, unit-linked",2024K2,0
Households,"Pension funds reserves, unit-linked",2024K3,0
Households,"Pension funds reserves, unit-linked",2024K4,0
Households,"Pension funds reserves, unit-linked",2025K1,0
Households,"Pension funds reserves, unit-linked",2025K2,0
Households,"Pension funds reserves, unit-linked",2025K3,0
Households,"Pension funds reserves, unit-linked",2025K4,0
Households,"Pension funds reserves, unit-linked",2026K1,0
Households,"Pension funds reserves, unit-linked, Premium Pension",1996K1,0
Households,"Pension funds reserves, unit-linked, Premium Pension",1996K2,0
Households,"Pension funds reserves, unit-linked, Premium Pension",1996K3,0
Households,"Pension funds reserves, unit-linked, Premium Pension",1996K4,0
Households,"Pension funds reserves, unit-linked, Premium Pension",1997K1,0
Households,"Pension funds reserves, unit-linked, Premium Pension",1997K2,0
Households,"Pension funds reserves, unit-linked, Premium Pension",1997K3,0
Households,"Pension funds reserves, unit-linked, Premium Pension",1997K4,0
Households,"Pension funds reserves, unit-linked, Premium Pension",1998K1,0
Households,"Pension funds reserves, unit-linked, Premium Pension",1998K2,0
Households,"Pension funds reserves, unit-linked, Premium Pension",1998K3,0
Households,"Pension funds reserves, unit-linked, Premium Pension",1998K4,0
Households,"Pension funds reserves, unit-linked, Premium Pension",1999K1,0
Households,"Pension funds reserves, unit-linked, Premium Pension",1999K2,0
Households,"Pension funds reserves, unit-linked, Premium Pension",1999K3,0
Households,"Pension funds reserves, unit-linked, Premium Pension",1999K4,0
Households,"Pension funds reserves, unit-linked, Premium Pension",2000K1,0
Households,"Pension funds reserves, unit-linked, Premium Pension",2000K2,0
Households,"Pension funds reserves, unit-linked, Premium Pension",2000K3,0
Households,"Pension funds reserves, unit-linked, Premium Pension",2000K4,0
Households,"Pension funds reserves, unit-linked, Premium Pension",2001K1,0
Households,"Pension funds reserves, unit-linked, Premium Pension",2001K2,0
Households,"Pension funds reserves, unit-linked, Premium Pension",2001K3,0
Households,"Pension funds reserves, unit-linked, Premium Pension",2001K4,0
Households,"Pension funds reserves, unit-linked, Premium Pension",2002K1,0
Households,"Pension funds reserves, unit-linked, Premium Pension",2002K2,0
Households,"Pension funds reserves, unit-linked, Premium Pension",2002K3,0
Households,"Pension funds reserves, unit-linked, Premium Pension",2002K4,0
Households,"Pension funds reserves, unit-linked, Premium Pension",2003K1,0
Households,"Pension funds reserves, unit-linked, Premium Pension",2003K2,0
Households,"Pension funds reserves, unit-linked, Premium Pension",2003K3,0
Households,"Pension funds reserves, unit-linked, Premium Pension",2003K4,0
Households,"Pension funds reserves, unit-linked, Premium Pension",2004K1,0
Households,"Pension funds reserves, unit-linked, Premium Pension",2004K2,0
Households,"Pension funds reserves, unit-linked, Premium Pension",2004K3,0
Households,"Pension funds reserves, unit-linked, Premium Pension",2004K4,0
Households,"Pension funds reserves, unit-linked, Premium Pension",2005K1,0
Households,"Pension funds reserves, unit-linked, Premium Pension",2005K2,0
Households,"Pension funds reserves, unit-linked, Premium Pension",2005K3,0
Households,"Pension funds reserves, unit-linked, Premium Pension",2005K4,0
Households,"Pension funds reserves, unit-linked, Premium Pension",2006K1,0
Households,"Pension funds reserves, unit-linked, Premium Pension",2006K2,0
Households,"Pension funds reserves, unit-linked, Premium Pension",2006K3,0
Households,"Pension funds reserves, unit-linked, Premium Pension",2006K4,0
Households,"Pension funds reserves, unit-linked, Premium Pension",2007K1,0
Households,"Pension funds reserves, unit-linked, Premium Pension",2007K2,0
Households,"Pension funds reserves, unit-linked, Premium Pension",2007K3,0
Households,"Pension funds reserves, unit-linked, Premium Pension",2007K4,0
Households,"Pension funds reserves, unit-linked, Premium Pension",2008K1,0
Households,"Pension funds reserves, unit-linked, Premium Pension",2008K2,0
Households,"Pension funds reserves, unit-linked, Premium Pension",2008K3,0
Households,"Pension funds reserves, unit-linked, Premium Pension",2008K4,0
Households,"Pension funds reserves, unit-linked, Premium Pension",2009K1,0
Households,"Pension funds reserves, unit-linked, Premium Pension",2009K2,0
Households,"Pension funds reserves, unit-linked, Premium Pension",2009K3,0
Households,"Pension funds reserves, unit-linked, Premium Pension",2009K4,0
Households,"Pension funds reserves, unit-linked, Premium Pension",2010K1,0
Households,"Pension funds reserves, unit-linked, Premium Pension",2010K2,0
Households,"Pension funds reserves, unit-linked, Premium Pension",2010K3,0
Households,"Pension funds reserves, unit-linked, Premium Pension",2010K4,0
Households,"Pension funds reserves, unit-linked, Premium Pension",2011K1,0
Households,"Pension funds reserves, unit-linked, Premium Pension",2011K2,0
Households,"Pension funds reserves, unit-linked, Premium Pension",2011K3,0
Households,"Pension funds reserves, unit-linked, Premium Pension",2011K4,0
Households,"Pension funds reserves, unit-linked, Premium Pension",2012K1,0
Households,"Pension funds reserves, unit-linked, Premium Pension",2012K2,0
Households,"Pension funds reserves, unit-linked, Premium Pension",2012K3,0
Households,"Pension funds reserves, unit-linked, Premium Pension",2012K4,0
Households,"Pension funds reserves, unit-linked, Premium Pension",2013K1,0
Households,"Pension funds reserves, unit-linked, Premium Pension",2013K2,0
Households,"Pension funds reserves, unit-linked, Premium Pension",2013K3,0
Households,"Pension funds reserves, unit-linked, Premium Pension",2013K4,0
Households,"Pension funds reserves, unit-linked, Premium Pension",2014K1,0
Households,"Pension funds reserves, unit-linked, Premium Pension",2014K2,0
Households,"Pension funds reserves, unit-linked, Premium Pension",2014K3,0
Households,"Pension funds reserves, unit-linked, Premium Pension",2014K4,0
Households,"Pension funds reserves, unit-linked, Premium Pension",2015K1,0
Households,"Pension funds reserves, unit-linked, Premium Pension",2015K2,0
Households,"Pension funds reserves, unit-linked, Premium Pension",2015K3,0
Households,"Pension funds reserves, unit-linked, Premium Pension",2015K4,0
Households,"Pension funds reserves, unit-linked, Premium Pension",2016K1,0
Households,"Pension funds reserves, unit-linked, Premium Pension",2016K2,0
Households,"Pension funds reserves, unit-linked, Premium Pension",2016K3,0
Households,"Pension funds reserves, unit-linked, Premium Pension",2016K4,0
Households,"Pension funds reserves, unit-linked, Premium Pension",2017K1,0
Households,"Pension funds reserves, unit-linked, Premium Pension",2017K2,0
Households,"Pension funds reserves, unit-linked, Premium Pension",2017K3,0
Households,"Pension funds reserves, unit-linked, Premium Pension",2017K4,0
Households,"Pension funds reserves, unit-linked, Premium Pension",2018K1,0
Households,"Pension funds reserves, unit-linked, Premium Pension",2018K2,0
Households,"Pension funds reserves, unit-linked, Premium Pension",2018K3,0
Households,"Pension funds reserves, unit-linked, Premium Pension",2018K4,0
Households,"Pension funds reserves, unit-linked, Premium Pension",2019K1,0
Households,"Pension funds reserves, unit-linked, Premium Pension",2019K2,0
Households,"Pension funds reserves, unit-linked, Premium Pension",2019K3,0
Households,"Pension funds reserves, unit-linked, Premium Pension",2019K4,0
Households,"Pension funds reserves, unit-linked, Premium Pension",2020K1,0
Households,"Pension funds reserves, unit-linked, Premium Pension",2020K2,0
Households,"Pension funds reserves, unit-linked, Premium Pension",2020K3,0
Households,"Pension funds reserves, unit-linked, Premium Pension",2020K4,0
Households,"Pension funds reserves, unit-linked, Premium Pension",2021K1,0
Households,"Pension funds reserves, unit-linked, Premium Pension",2021K2,0
Households,"Pension funds reserves, unit-linked, Premium Pension",2021K3,0
Households,"Pension funds reserves, unit-linked, Premium Pension",2021K4,0
Households,"Pension funds reserves, unit-linked, Premium Pension",2022K1,0
Households,"Pension funds reserves, unit-linked, Premium Pension",2022K2,0
Households,"Pension funds reserves, unit-linked, Premium Pension",2022K3,0
Households,"Pension funds reserves, unit-linked, Premium Pension",2022K4,0
Households,"Pension funds reserves, unit-linked, Premium Pension",2023K1,0
Households,"Pension funds reserves, unit-linked, Premium Pension",2023K2,0
Households,"Pension funds reserves, unit-linked, Premium Pension",2023K3,0
Households,"Pension funds reserves, unit-linked, Premium Pension",2023K4,0
Households,"Pension funds reserves, unit-linked, Premium Pension",2024K1,0
Households,"Pension funds reserves, unit-linked, Premium Pension",2024K2,0
Households,"Pension funds reserves, unit-linked, Premium Pension",2024K3,0
Households,"Pension funds reserves, unit-linked, Premium Pension",2024K4,0
Households,"Pension funds reserves, unit-linked, Premium Pension",2025K1,0
Households,"Pension funds reserves, unit-linked, Premium Pension",2025K2,0
Households,"Pension funds reserves, unit-linked, Premium Pension",2025K3,0
Households,"Pension funds reserves, unit-linked, Premium Pension",2025K4,0
Households,"Pension funds reserves, unit-linked, Premium Pension",2026K1,0
Households,Claims of pension funds on pension managers,1996K1,0
Households,Claims of pension funds on pension managers,1996K2,0
Households,Claims of pension funds on pension managers,1996K3,0
Households,Claims of pension funds on pension managers,1996K4,0
Households,Claims of pension funds on pension managers,1997K1,0
Households,Claims of pension funds on pension managers,1997K2,0
Households,Claims of pension funds on pension managers,1997K3,0
Households,Claims of pension funds on pension managers,1997K4,0
Households,Claims of pension funds on pension managers,1998K1,0
Households,Claims of pension funds on pension managers,1998K2,0
Households,Claims of pension funds on pension managers,1998K3,0
Households,Claims of pension funds on pension managers,1998K4,0
Households,Claims of pension funds on pension managers,1999K1,0
Households,Claims of pension funds on pension managers,1999K2,0
Households,Claims of pension funds on pension managers,1999K3,0
Households,Claims of pension funds on pension managers,1999K4,0
Households,Claims of pension funds on pension managers,2000K1,0
Households,Claims of pension funds on pension managers,2000K2,0
Households,Claims of pension funds on pension managers,2000K3,0
Households,Claims of pension funds on pension managers,2000K4,0
Households,Claims of pension funds on pension managers,2001K1,0
Households,Claims of pension funds on pension managers,2001K2,0
Households,Claims of pension funds on pension managers,2001K3,0
Households,Claims of pension funds on pension managers,2001K4,0
Households,Claims of pension funds on pension managers,2002K1,0
Households,Claims of pension funds on pension managers,2002K2,0
Households,Claims of pension funds on pension managers,2002K3,0
Households,Claims of pension funds on pension managers,2002K4,0
Households,Claims of pension funds on pension managers,2003K1,0
Households,Claims of pension funds on pension managers,2003K2,0
Households,Claims of pension funds on pension managers,2003K3,0
Households,Claims of pension funds on pension managers,2003K4,0
Households,Claims of pension funds on pension managers,2004K1,0
Households,Claims of pension funds on pension managers,2004K2,0
Households,Claims of pension funds on pension managers,2004K3,0
Households,Claims of pension funds on pension managers,2004K4,0
Households,Claims of pension funds on pension managers,2005K1,0
Households,Claims of pension funds on pension managers,2005K2,0
Households,Claims of pension funds on pension managers,2005K3,0
Households,Claims of pension funds on pension managers,2005K4,0
Households,Claims of pension funds on pension managers,2006K1,0
Households,Claims of pension funds on pension managers,2006K2,0
Households,Claims of pension funds on pension managers,2006K3,0
Households,Claims of pension funds on pension managers,2006K4,0
Households,Claims of pension funds on pension managers,2007K1,0
Households,Claims of pension funds on pension managers,2007K2,0
Households,Claims of pension funds on pension managers,2007K3,0
Households,Claims of pension funds on pension managers,2007K4,0
Households,Claims of pension funds on pension managers,2008K1,0
Households,Claims of pension funds on pension managers,2008K2,0
Households,Claims of pension funds on pension managers,2008K3,0
Households,Claims of pension funds on pension managers,2008K4,0
Households,Claims of pension funds on pension managers,2009K1,0
Households,Claims of pension funds on pension managers,2009K2,0
Households,Claims of pension funds on pension managers,2009K3,0
Households,Claims of pension funds on pension managers,2009K4,0
Households,Claims of pension funds on pension managers,2010K1,0
Households,Claims of pension funds on pension managers,2010K2,0
Households,Claims of pension funds on pension managers,2010K3,0
Households,Claims of pension funds on pension managers,2010K4,0
Households,Claims of pension funds on pension managers,2011K1,0
Households,Claims of pension funds on pension managers,2011K2,0
Households,Claims of pension funds on pension managers,2011K3,0
Households,Claims of pension funds on pension managers,2011K4,0
Households,Claims of pension funds on pension managers,2012K1,0
Households,Claims of pension funds on pension managers,2012K2,0
Households,Claims of pension funds on pension managers,2012K3,0
Households,Claims of pension funds on pension managers,2012K4,0
Households,Claims of pension funds on pension managers,2013K1,0
Households,Claims of pension funds on pension managers,2013K2,0
Households,Claims of pension funds on pension managers,2013K3,0
Households,Claims of pension funds on pension managers,2013K4,0
Households,Claims of pension funds on pension managers,2014K1,0
Households,Claims of pension funds on pension managers,2014K2,0
Households,Claims of pension funds on pension managers,2014K3,0
Households,Claims of pension funds on pension managers,2014K4,0
Households,Claims of pension funds on pension managers,2015K1,0
Households,Claims of pension funds on pension managers,2015K2,0
Households,Claims of pension funds on pension managers,2015K3,0
Households,Claims of pension funds on pension managers,2015K4,0
Households,Claims of pension funds on pension managers,2016K1,0
Households,Claims of pension funds on pension managers,2016K2,0
Households,Claims of pension funds on pension managers,2016K3,0
Households,Claims of pension funds on pension managers,2016K4,0
Households,Claims of pension funds on pension managers,2017K1,0
Households,Claims of pension funds on pension managers,2017K2,0
Households,Claims of pension funds on pension managers,2017K3,0
Households,Claims of pension funds on pension managers,2017K4,0
Households,Claims of pension funds on pension managers,2018K1,0
Households,Claims of pension funds on pension managers,2018K2,0
Households,Claims of pension funds on pension managers,2018K3,0
Households,Claims of pension funds on pension managers,2018K4,0
Households,Claims of pension funds on pension managers,2019K1,0
Households,Claims of pension funds on pension managers,2019K2,0
Households,Claims of pension funds on pension managers,2019K3,0
Households,Claims of pension funds on pension managers,2019K4,0
Households,Claims of pension funds on pension managers,2020K1,0
Households,Claims of pension funds on pension managers,2020K2,0
Households,Claims of pension funds on pension managers,2020K3,0
Households,Claims of pension funds on pension managers,2020K4,0
Households,Claims of pension funds on pension managers,2021K1,0
Households,Claims of pension funds on pension managers,2021K2,0
Households,Claims of pension funds on pension managers,2021K3,0
Households,Claims of pension funds on pension managers,2021K4,0
Households,Claims of pension funds on pension managers,2022K1,0
Households,Claims of pension funds on pension managers,2022K2,0
Households,Claims of pension funds on pension managers,2022K3,0
Households,Claims of pension funds on pension managers,2022K4,0
Households,Claims of pension funds on pension managers,2023K1,0
Households,Claims of pension funds on pension managers,2023K2,0
Households,Claims of pension funds on pension managers,2023K3,0
Households,Claims of pension funds on pension managers,2023K4,0
Households,Claims of pension funds on pension managers,2024K1,0
Households,Claims of pension funds on pension managers,2024K2,0
Households,Claims of pension funds on pension managers,2024K3,0
Households,Claims of pension funds on pension managers,2024K4,0
Households,Claims of pension funds on pension managers,2025K1,0
Households,Claims of pension funds on pension managers,2025K2,0
Households,Claims of pension funds on pension managers,2025K3,0
Households,Claims of pension funds on pension managers,2025K4,0
Households,Claims of pension funds on pension managers,2026K1,0
Households,Entitlements to non-pension benefits,1996K1,0
Households,Entitlements to non-pension benefits,1996K2,0
Households,Entitlements to non-pension benefits,1996K3,0
Households,Entitlements to non-pension benefits,1996K4,0
Households,Entitlements to non-pension benefits,1997K1,0
Households,Entitlements to non-pension benefits,1997K2,0
Households,Entitlements to non-pension benefits,1997K3,0
Households,Entitlements to non-pension benefits,1997K4,0
Households,Entitlements to non-pension benefits,1998K1,0
Households,Entitlements to non-pension benefits,1998K2,0
Households,Entitlements to non-pension benefits,1998K3,0
Households,Entitlements to non-pension benefits,1998K4,0
Households,Entitlements to non-pension benefits,1999K1,0
Households,Entitlements to non-pension benefits,1999K2,0
Households,Entitlements to non-pension benefits,1999K3,0
Households,Entitlements to non-pension benefits,1999K4,0
Households,Entitlements to non-pension benefits,2000K1,0
Households,Entitlements to non-pension benefits,2000K2,0
Households,Entitlements to non-pension benefits,2000K3,0
Households,Entitlements to non-pension benefits,2000K4,0
Households,Entitlements to non-pension benefits,2001K1,0
Households,Entitlements to non-pension benefits,2001K2,0
Households,Entitlements to non-pension benefits,2001K3,0
Households,Entitlements to non-pension benefits,2001K4,0
Households,Entitlements to non-pension benefits,2002K1,0
Households,Entitlements to non-pension benefits,2002K2,0
Households,Entitlements to non-pension benefits,2002K3,0
Households,Entitlements to non-pension benefits,2002K4,0
Households,Entitlements to non-pension benefits,2003K1,0
Households,Entitlements to non-pension benefits,2003K2,0
Households,Entitlements to non-pension benefits,2003K3,0
Households,Entitlements to non-pension benefits,2003K4,0
Households,Entitlements to non-pension benefits,2004K1,0
Households,Entitlements to non-pension benefits,2004K2,0
Households,Entitlements to non-pension benefits,2004K3,0
Households,Entitlements to non-pension benefits,2004K4,0
Households,Entitlements to non-pension benefits,2005K1,0
Households,Entitlements to non-pension benefits,2005K2,0
Households,Entitlements to non-pension benefits,2005K3,0
Households,Entitlements to non-pension benefits,2005K4,0
Households,Entitlements to non-pension benefits,2006K1,0
Households,Entitlements to non-pension benefits,2006K2,0
Households,Entitlements to non-pension benefits,2006K3,0
Households,Entitlements to non-pension benefits,2006K4,0
Households,Entitlements to non-pension benefits,2007K1,0
Households,Entitlements to non-pension benefits,2007K2,0
Households,Entitlements to non-pension benefits,2007K3,0
Households,Entitlements to non-pension benefits,2007K4,0
Households,Entitlements to non-pension benefits,2008K1,0
Households,Entitlements to non-pension benefits,2008K2,0
Households,Entitlements to non-pension benefits,2008K3,0
Households,Entitlements to non-pension benefits,2008K4,0
Households,Entitlements to non-pension benefits,2009K1,0
Households,Entitlements to non-pension benefits,2009K2,0
Households,Entitlements to non-pension benefits,2009K3,0
Households,Entitlements to non-pension benefits,2009K4,0
Households,Entitlements to non-pension benefits,2010K1,0
Households,Entitlements to non-pension benefits,2010K2,0
Households,Entitlements to non-pension benefits,2010K3,0
Households,Entitlements to non-pension benefits,2010K4,0
Households,Entitlements to non-pension benefits,2011K1,0
Households,Entitlements to non-pension benefits,2011K2,0
Households,Entitlements to non-pension benefits,2011K3,0
Households,Entitlements to non-pension benefits,2011K4,0
Households,Entitlements to non-pension benefits,2012K1,0
Households,Entitlements to non-pension benefits,2012K2,0
Households,Entitlements to non-pension benefits,2012K3,0
Households,Entitlements to non-pension benefits,2012K4,0
Households,Entitlements to non-pension benefits,2013K1,0
Households,Entitlements to non-pension benefits,2013K2,0
Households,Entitlements to non-pension benefits,2013K3,0
Households,Entitlements to non-pension benefits,2013K4,0
Households,Entitlements to non-pension benefits,2014K1,0
Households,Entitlements to non-pension benefits,2014K2,0
Households,Entitlements to non-pension benefits,2014K3,0
Households,Entitlements to non-pension benefits,2014K4,0
Households,Entitlements to non-pension benefits,2015K1,0
Households,Entitlements to non-pension benefits,2015K2,0
Households,Entitlements to non-pension benefits,2015K3,0
Households,Entitlements to non-pension benefits,2015K4,0
Households,Entitlements to non-pension benefits,2016K1,0
Households,Entitlements to non-pension benefits,2016K2,0
Households,Entitlements to non-pension benefits,2016K3,0
Households,Entitlements to non-pension benefits,2016K4,0
Households,Entitlements to non-pension benefits,2017K1,0
Households,Entitlements to non-pension benefits,2017K2,0
Households,Entitlements to non-pension benefits,2017K3,0
Households,Entitlements to non-pension benefits,2017K4,0
Households,Entitlements to non-pension benefits,2018K1,0
Households,Entitlements to non-pension benefits,2018K2,0
Households,Entitlements to non-pension benefits,2018K3,0
Households,Entitlements to non-pension benefits,2018K4,0
Households,Entitlements to non-pension benefits,2019K1,0
Households,Entitlements to non-pension benefits,2019K2,0
Households,Entitlements to non-pension benefits,2019K3,0
Households,Entitlements to non-pension benefits,2019K4,0
Households,Entitlements to non-pension benefits,2020K1,0
Households,Entitlements to non-pension benefits,2020K2,0
Households,Entitlements to non-pension benefits,2020K3,0
Households,Entitlements to non-pension benefits,2020K4,0
Households,Entitlements to non-pension benefits,2021K1,0
Households,Entitlements to non-pension benefits,2021K2,0
Households,Entitlements to non-pension benefits,2021K3,0
Households,Entitlements to non-pension benefits,2021K4,0
Households,Entitlements to non-pension benefits,2022K1,0
Households,Entitlements to non-pension benefits,2022K2,0
Households,Entitlements to non-pension benefits,2022K3,0
Households,Entitlements to non-pension benefits,2022K4,0
Households,Entitlements to non-pension benefits,2023K1,0
Households,Entitlements to non-pension benefits,2023K2,0
Households,Entitlements to non-pension benefits,2023K3,0
Households,Entitlements to non-pension benefits,2023K4,0
Households,Entitlements to non-pension benefits,2024K1,0
Households,Entitlements to non-pension benefits,2024K2,0
Households,Entitlements to non-pension benefits,2024K3,0
Households,Entitlements to non-pension benefits,2024K4,0
Households,Entitlements to non-pension benefits,2025K1,0
Households,Entitlements to non-pension benefits,2025K2,0
Households,Entitlements to non-pension benefits,2025K3,0
Households,Entitlements to non-pension benefits,2025K4,0
Households,Entitlements to non-pension benefits,2026K1,0
Households,Provision for calls under standardised guarantees,1996K1,0
Households,Provision for calls under standardised guarantees,1996K2,0
Households,Provision for calls under standardised guarantees,1996K3,0
Households,Provision for calls under standardised guarantees,1996K4,0
Households,Provision for calls under standardised guarantees,1997K1,0
Households,Provision for calls under standardised guarantees,1997K2,0
Households,Provision for calls under standardised guarantees,1997K3,0
Households,Provision for calls under standardised guarantees,1997K4,0
Households,Provision for calls under standardised guarantees,1998K1,0
Households,Provision for calls under standardised guarantees,1998K2,0
Households,Provision for calls under standardised guarantees,1998K3,0
Households,Provision for calls under standardised guarantees,1998K4,0
Households,Provision for calls under standardised guarantees,1999K1,0
Households,Provision for calls under standardised guarantees,1999K2,0
Households,Provision for calls under standardised guarantees,1999K3,0
Households,Provision for calls under standardised guarantees,1999K4,0
Households,Provision for calls under standardised guarantees,2000K1,0
Households,Provision for calls under standardised guarantees,2000K2,0
Households,Provision for calls under standardised guarantees,2000K3,0
Households,Provision for calls under standardised guarantees,2000K4,0
Households,Provision for calls under standardised guarantees,2001K1,0
Households,Provision for calls under standardised guarantees,2001K2,0
Households,Provision for calls under standardised guarantees,2001K3,0
Households,Provision for calls under standardised guarantees,2001K4,0
Households,Provision for calls under standardised guarantees,2002K1,0
Households,Provision for calls under standardised guarantees,2002K2,0
Households,Provision for calls under standardised guarantees,2002K3,0
Households,Provision for calls under standardised guarantees,2002K4,0
Households,Provision for calls under standardised guarantees,2003K1,0
Households,Provision for calls under standardised guarantees,2003K2,0
Households,Provision for calls under standardised guarantees,2003K3,0
Households,Provision for calls under standardised guarantees,2003K4,0
Households,Provision for calls under standardised guarantees,2004K1,0
Households,Provision for calls under standardised guarantees,2004K2,0
Households,Provision for calls under standardised guarantees,2004K3,0
Households,Provision for calls under standardised guarantees,2004K4,0
Households,Provision for calls under standardised guarantees,2005K1,0
Households,Provision for calls under standardised guarantees,2005K2,0
Households,Provision for calls under standardised guarantees,2005K3,0
Households,Provision for calls under standardised guarantees,2005K4,0
Households,Provision for calls under standardised guarantees,2006K1,0
Households,Provision for calls under standardised guarantees,2006K2,0
Households,Provision for calls under standardised guarantees,2006K3,0
Households,Provision for calls under standardised guarantees,2006K4,0
Households,Provision for calls under standardised guarantees,2007K1,0
Households,Provision for calls under standardised guarantees,2007K2,0
Households,Provision for calls under standardised guarantees,2007K3,0
Households,Provision for calls under standardised guarantees,2007K4,0
Households,Provision for calls under standardised guarantees,2008K1,0
Households,Provision for calls under standardised guarantees,2008K2,0
Households,Provision for calls under standardised guarantees,2008K3,0
Households,Provision for calls under standardised guarantees,2008K4,0
Households,Provision for calls under standardised guarantees,2009K1,0
Households,Provision for calls under standardised guarantees,2009K2,0
Households,Provision for calls under standardised guarantees,2009K3,0
Households,Provision for calls under standardised guarantees,2009K4,0
Households,Provision for calls under standardised guarantees,2010K1,0
Households,Provision for calls under standardised guarantees,2010K2,0
Households,Provision for calls under standardised guarantees,2010K3,0
Households,Provision for calls under standardised guarantees,2010K4,0
Households,Provision for calls under standardised guarantees,2011K1,0
Households,Provision for calls under standardised guarantees,2011K2,0
Households,Provision for calls under standardised guarantees,2011K3,0
Households,Provision for calls under standardised guarantees,2011K4,0
Households,Provision for calls under standardised guarantees,2012K1,0
Households,Provision for calls under standardised guarantees,2012K2,0
Households,Provision for calls under standardised guarantees,2012K3,0
Households,Provision for calls under standardised guarantees,2012K4,0
Households,Provision for calls under standardised guarantees,2013K1,0
Households,Provision for calls under standardised guarantees,2013K2,0
Households,Provision for calls under standardised guarantees,2013K3,0
Households,Provision for calls under standardised guarantees,2013K4,0
Households,Provision for calls under standardised guarantees,2014K1,0
Households,Provision for calls under standardised guarantees,2014K2,0
Households,Provision for calls under standardised guarantees,2014K3,0
Households,Provision for calls under standardised guarantees,2014K4,0
Households,Provision for calls under standardised guarantees,2015K1,0
Households,Provision for calls under standardised guarantees,2015K2,0
Households,Provision for calls under standardised guarantees,2015K3,0
Households,Provision for calls under standardised guarantees,2015K4,0
Households,Provision for calls under standardised guarantees,2016K1,0
Households,Provision for calls under standardised guarantees,2016K2,0
Households,Provision for calls under standardised guarantees,2016K3,0
Households,Provision for calls under standardised guarantees,2016K4,0
Households,Provision for calls under standardised guarantees,2017K1,0
Households,Provision for calls under standardised guarantees,2017K2,0
Households,Provision for calls under standardised guarantees,2017K3,0
Households,Provision for calls under standardised guarantees,2017K4,0
Households,Provision for calls under standardised guarantees,2018K1,0
Households,Provision for calls under standardised guarantees,2018K2,0
Households,Provision for calls under standardised guarantees,2018K3,0
Households,Provision for calls under standardised guarantees,2018K4,0
Households,Provision for calls under standardised guarantees,2019K1,0
Households,Provision for calls under standardised guarantees,2019K2,0
Households,Provision for calls under standardised guarantees,2019K3,0
Households,Provision for calls under standardised guarantees,2019K4,0
Households,Provision for calls under standardised guarantees,2020K1,0
Households,Provision for calls under standardised guarantees,2020K2,0
Households,Provision for calls under standardised guarantees,2020K3,0
Households,Provision for calls under standardised guarantees,2020K4,0
Households,Provision for calls under standardised guarantees,2021K1,0
Households,Provision for calls under standardised guarantees,2021K2,0
Households,Provision for calls under standardised guarantees,2021K3,0
Households,Provision for calls under standardised guarantees,2021K4,0
Households,Provision for calls under standardised guarantees,2022K1,0
Households,Provision for calls under standardised guarantees,2022K2,0
Households,Provision for calls under standardised guarantees,2022K3,0
Households,Provision for calls under standardised guarantees,2022K4,0
Households,Provision for calls under standardised guarantees,2023K1,0
Households,Provision for calls under standardised guarantees,2023K2,0
Households,Provision for calls under standardised guarantees,2023K3,0
Households,Provision for calls under standardised guarantees,2023K4,0
Households,Provision for calls under standardised guarantees,2024K1,0
Households,Provision for calls under standardised guarantees,2024K2,0
Households,Provision for calls under standardised guarantees,2024K3,0
Households,Provision for calls under standardised guarantees,2024K4,0
Households,Provision for calls under standardised guarantees,2025K1,0
Households,Provision for calls under standardised guarantees,2025K2,0
Households,Provision for calls under standardised guarantees,2025K3,0
Households,Provision for calls under standardised guarantees,2025K4,0
Households,Provision for calls under standardised guarantees,2026K1,0
Households,Financial derivatives and employee stock options,1996K1,0
Households,Financial derivatives and employee stock options,1996K2,0
Households,Financial derivatives and employee stock options,1996K3,0
Households,Financial derivatives and employee stock options,1996K4,0
Households,Financial derivatives and employee stock options,1997K1,0
Households,Financial derivatives and employee stock options,1997K2,0
Households,Financial derivatives and employee stock options,1997K3,0
Households,Financial derivatives and employee stock options,1997K4,0
Households,Financial derivatives and employee stock options,1998K1,0
Households,Financial derivatives and employee stock options,1998K2,0
Households,Financial derivatives and employee stock options,1998K3,0
Households,Financial derivatives and employee stock options,1998K4,0
Households,Financial derivatives and employee stock options,1999K1,0
Households,Financial derivatives and employee stock options,1999K2,0
Households,Financial derivatives and employee stock options,1999K3,0
Households,Financial derivatives and employee stock options,1999K4,0
Households,Financial derivatives and employee stock options,2000K1,0
Households,Financial derivatives and employee stock options,2000K2,0
Households,Financial derivatives and employee stock options,2000K3,0
Households,Financial derivatives and employee stock options,2000K4,0
Households,Financial derivatives and employee stock options,2001K1,0
Households,Financial derivatives and employee stock options,2001K2,0
Households,Financial derivatives and employee stock options,2001K3,0
Households,Financial derivatives and employee stock options,2001K4,0
Households,Financial derivatives and employee stock options,2002K1,0
Households,Financial derivatives and employee stock options,2002K2,0
Households,Financial derivatives and employee stock options,2002K3,0
Households,Financial derivatives and employee stock options,2002K4,0
Households,Financial derivatives and employee stock options,2003K1,0
Households,Financial derivatives and employee stock options,2003K2,0
Households,Financial derivatives and employee stock options,2003K3,0
Households,Financial derivatives and employee stock options,2003K4,0
Households,Financial derivatives and employee stock options,2004K1,0
Households,Financial derivatives and employee stock options,2004K2,0
Households,Financial derivatives and employee stock options,2004K3,0
Households,Financial derivatives and employee stock options,2004K4,0
Households,Financial derivatives and employee stock options,2005K1,0
Households,Financial derivatives and employee stock options,2005K2,0
Households,Financial derivatives and employee stock options,2005K3,0
Households,Financial derivatives and employee stock options,2005K4,0
Households,Financial derivatives and employee stock options,2006K1,6441
Households,Financial derivatives and employee stock options,2006K2,6452
Households,Financial derivatives and employee stock options,2006K3,6841
Households,Financial derivatives and employee stock options,2006K4,10518
Households,Financial derivatives and employee stock options,2007K1,10301
Households,Financial derivatives and employee stock options,2007K2,14048
Households,Financial derivatives and employee stock options,2007K3,11871
Households,Financial derivatives and employee stock options,2007K4,10663
Households,Financial derivatives and employee stock options,2008K1,7229
Households,Financial derivatives and employee stock options,2008K2,1383
Households,Financial derivatives and employee stock options,2008K3,1359
Households,Financial derivatives and employee stock options,2008K4,2401
Households,Financial derivatives and employee stock options,2009K1,1401
Households,Financial derivatives and employee stock options,2009K2,971
Households,Financial derivatives and employee stock options,2009K3,894
Households,Financial derivatives and employee stock options,2009K4,753
Households,Financial derivatives and employee stock options,2010K1,764
Households,Financial derivatives and employee stock options,2010K2,542
Households,Financial derivatives and employee stock options,2010K3,558
Households,Financial derivatives and employee stock options,2010K4,653
Households,Financial derivatives and employee stock options,2011K1,428
Households,Financial derivatives and employee stock options,2011K2,445
Households,Financial derivatives and employee stock options,2011K3,588
Households,Financial derivatives and employee stock options,2011K4,373
Households,Financial derivatives and employee stock options,2012K1,382
Households,Financial derivatives and employee stock options,2012K2,344
Households,Financial derivatives and employee stock options,2012K3,314
Households,Financial derivatives and employee stock options,2012K4,296
Households,Financial derivatives and employee stock options,2013K1,383
Households,Financial derivatives and employee stock options,2013K2,318
Households,Financial derivatives and employee stock options,2013K3,296
Households,Financial derivatives and employee stock options,2013K4,322
Households,Financial derivatives and employee stock options,2014K1,235
Households,Financial derivatives and employee stock options,2014K2,335
Households,Financial derivatives and employee stock options,2014K3,356
Households,Financial derivatives and employee stock options,2014K4,381
Households,Financial derivatives and employee stock options,2015K1,427
Households,Financial derivatives and employee stock options,2015K2,322
Households,Financial derivatives and employee stock options,2015K3,333
Households,Financial derivatives and employee stock options,2015K4,376
Households,Financial derivatives and employee stock options,2016K1,310
Households,Financial derivatives and employee stock options,2016K2,373
Households,Financial derivatives and employee stock options,2016K3,355
Households,Financial derivatives and employee stock options,2016K4,312
Households,Financial derivatives and employee stock options,2017K1,407
Households,Financial derivatives and employee stock options,2017K2,363
Households,Financial derivatives and employee stock options,2017K3,343
Households,Financial derivatives and employee stock options,2017K4,509
Households,Financial derivatives and employee stock options,2018K1,475
Households,Financial derivatives and employee stock options,2018K2,419
Households,Financial derivatives and employee stock options,2018K3,347
Households,Financial derivatives and employee stock options,2018K4,196
Households,Financial derivatives and employee stock options,2019K1,217
Households,Financial derivatives and employee stock options,2019K2,231
Households,Financial derivatives and employee stock options,2019K3,191
Households,Financial derivatives and employee stock options,2019K4,126
Households,Financial derivatives and employee stock options,2020K1,582
Households,Financial derivatives and employee stock options,2020K2,505
Households,Financial derivatives and employee stock options,2020K3,491
Households,Financial derivatives and employee stock options,2020K4,450
Households,Financial derivatives and employee stock options,2021K1,397
Households,Financial derivatives and employee stock options,2021K2,397
Households,Financial derivatives and employee stock options,2021K3,398
Households,Financial derivatives and employee stock options,2021K4,358
Households,Financial derivatives and employee stock options,2022K1,278
Households,Financial derivatives and employee stock options,2022K2,250
Households,Financial derivatives and employee stock options,2022K3,257
Households,Financial derivatives and employee stock options,2022K4,174
Households,Financial derivatives and employee stock options,2023K1,188
Households,Financial derivatives and employee stock options,2023K2,180
Households,Financial derivatives and employee stock options,2023K3,140
Households,Financial derivatives and employee stock options,2023K4,192
Households,Financial derivatives and employee stock options,2024K1,167
Households,Financial derivatives and employee stock options,2024K2,164
Households,Financial derivatives and employee stock options,2024K3,200
Households,Financial derivatives and employee stock options,2024K4,141
Households,Financial derivatives and employee stock options,2025K1,134
Households,Financial derivatives and employee stock options,2025K2,164
Households,Financial derivatives and employee stock options,2025K3,145
Households,Financial derivatives and employee stock options,2025K4,124
Households,Financial derivatives and employee stock options,2026K1,113
Households,Trade credits and advances,1996K1,8964
Households,Trade credits and advances,1996K2,9090
Households,Trade credits and advances,1996K3,9216
Households,Trade credits and advances,1996K4,9341
Households,Trade credits and advances,1997K1,9469
Households,Trade credits and advances,1997K2,9767
Households,Trade credits and advances,1997K3,10065
Households,Trade credits and advances,1997K4,10362
Households,Trade credits and advances,1998K1,10847
Households,Trade credits and advances,1998K2,11332
Households,Trade credits and advances,1998K3,11817
Households,Trade credits and advances,1998K4,12302
Households,Trade credits and advances,1999K1,12561
Households,Trade credits and advances,1999K2,12820
Households,Trade credits and advances,1999K3,13079
Households,Trade credits and advances,1999K4,13336
Households,Trade credits and advances,2000K1,14303
Households,Trade credits and advances,2000K2,15270
Households,Trade credits and advances,2000K3,16237
Households,Trade credits and advances,2000K4,17203
Households,Trade credits and advances,2001K1,17521
Households,Trade credits and advances,2001K2,17839
Households,Trade credits and advances,2001K3,18157
Households,Trade credits and advances,2001K4,18475
Households,Trade credits and advances,2002K1,34889
Households,Trade credits and advances,2002K2,33582
Households,Trade credits and advances,2002K3,32275
Households,Trade credits and advances,2002K4,30968
Households,Trade credits and advances,2003K1,27883
Households,Trade credits and advances,2003K2,24798
Households,Trade credits and advances,2003K3,21712
Households,Trade credits and advances,2003K4,18627
Households,Trade credits and advances,2004K1,18969
Households,Trade credits and advances,2004K2,19310
Households,Trade credits and advances,2004K3,19652
Households,Trade credits and advances,2004K4,19994
Households,Trade credits and advances,2005K1,20722
Households,Trade credits and advances,2005K2,21451
Households,Trade credits and advances,2005K3,22180
Households,Trade credits and advances,2005K4,22909
Households,Trade credits and advances,2006K1,23576
Households,Trade credits and advances,2006K2,24243
Households,Trade credits and advances,2006K3,24910
Households,Trade credits and advances,2006K4,25578
Households,Trade credits and advances,2007K1,25395
Households,Trade credits and advances,2007K2,25212
Households,Trade credits and advances,2007K3,25029
Households,Trade credits and advances,2007K4,24846
Households,Trade credits and advances,2008K1,24553
Households,Trade credits and advances,2008K2,24260
Households,Trade credits and advances,2008K3,23966
Households,Trade credits and advances,2008K4,23673
Households,Trade credits and advances,2009K1,23049
Households,Trade credits and advances,2009K2,22426
Households,Trade credits and advances,2009K3,21802
Households,Trade credits and advances,2009K4,21179
Households,Trade credits and advances,2010K1,21758
Households,Trade credits and advances,2010K2,22337
Households,Trade credits and advances,2010K3,22916
Households,Trade credits and advances,2010K4,23495
Households,Trade credits and advances,2011K1,23716
Households,Trade credits and advances,2011K2,23936
Households,Trade credits and advances,2011K3,24156
Households,Trade credits and advances,2011K4,24377
Households,Trade credits and advances,2012K1,24393
Households,Trade credits and advances,2012K2,24409
Households,Trade credits and advances,2012K3,24425
Households,Trade credits and advances,2012K4,24442
Households,Trade credits and advances,2013K1,24345
Households,Trade credits and advances,2013K2,24147
Households,Trade credits and advances,2013K3,24150
Households,Trade credits and advances,2013K4,24053
Households,Trade credits and advances,2014K1,24268
Households,Trade credits and advances,2014K2,24493
Households,Trade credits and advances,2014K3,24698
Households,Trade credits and advances,2014K4,24913
Households,Trade credits and advances,2015K1,25230
Households,Trade credits and advances,2015K2,25546
Households,Trade credits and advances,2015K3,25863
Households,Trade credits and advances,2015K4,26180
Households,Trade credits and advances,2016K1,26560
Households,Trade credits and advances,2016K2,26941
Households,Trade credits and advances,2016K3,27322
Households,Trade credits and advances,2016K4,27702
Households,Trade credits and advances,2017K1,28175
Households,Trade credits and advances,2017K2,28647
Households,Trade credits and advances,2017K3,29120
Households,Trade credits and advances,2017K4,29593
Households,Trade credits and advances,2018K1,30122
Households,Trade credits and advances,2018K2,30652
Households,Trade credits and advances,2018K3,31181
Households,Trade credits and advances,2018K4,31711
Households,Trade credits and advances,2019K1,31515
Households,Trade credits and advances,2019K2,31319
Households,Trade credits and advances,2019K3,31122
Households,Trade credits and advances,2019K4,30926
Households,Trade credits and advances,2020K1,30477
Households,Trade credits and advances,2020K2,30028
Households,Trade credits and advances,2020K3,29579
Households,Trade credits and advances,2020K4,29130
Households,Trade credits and advances,2021K1,30346
Households,Trade credits and advances,2021K2,31561
Households,Trade credits and advances,2021K3,32776
Households,Trade credits and advances,2021K4,33991
Households,Trade credits and advances,2022K1,35389
Households,Trade credits and advances,2022K2,36788
Households,Trade credits and advances,2022K3,38186
Households,Trade credits and advances,2022K4,39584
Households,Trade credits and advances,2023K1,39387
Households,Trade credits and advances,2023K2,39191
Households,Trade credits and advances,2023K3,38995
Households,Trade credits and advances,2023K4,38799
Households,Trade credits and advances,2024K1,38862
Households,Trade credits and advances,2024K2,38926
Households,Trade credits and advances,2024K3,38990
Households,Trade credits and advances,2024K4,39053
Households,Trade credits and advances,2025K1,39053
Households,Trade credits and advances,2025K2,39053
Households,Trade credits and advances,2025K3,39053
Households,Trade credits and advances,2025K4,39053
Households,Trade credits and advances,2026K1,39053
Households,Other accounts receivable/payable excluding trade credits and advances,1996K1,0
Households,Other accounts receivable/payable excluding trade credits and advances,1996K2,0
Households,Other accounts receivable/payable excluding trade credits and advances,1996K3,0
Households,Other accounts receivable/payable excluding trade credits and advances,1996K4,0
Households,Other accounts receivable/payable excluding trade credits and advances,1997K1,0
Households,Other accounts receivable/payable excluding trade credits and advances,1997K2,0
Households,Other accounts receivable/payable excluding trade credits and advances,1997K3,0
Households,Other accounts receivable/payable excluding trade credits and advances,1997K4,0
Households,Other accounts receivable/payable excluding trade credits and advances,1998K1,0
Households,Other accounts receivable/payable excluding trade credits and advances,1998K2,0
Households,Other accounts receivable/payable excluding trade credits and advances,1998K3,0
Households,Other accounts receivable/payable excluding trade credits and advances,1998K4,0
Households,Other accounts receivable/payable excluding trade credits and advances,1999K1,0
Households,Other accounts receivable/payable excluding trade credits and advances,1999K2,0
Households,Other accounts receivable/payable excluding trade credits and advances,1999K3,0
Households,Other accounts receivable/payable excluding trade credits and advances,1999K4,0
Households,Other accounts receivable/payable excluding trade credits and advances,2000K1,0
Households,Other accounts receivable/payable excluding trade credits and advances,2000K2,0
Households,Other accounts receivable/payable excluding trade credits and advances,2000K3,0
Households,Other accounts receivable/payable excluding trade credits and advances,2000K4,0
Households,Other accounts receivable/payable excluding trade credits and advances,2001K1,103151
Households,Other accounts receivable/payable excluding trade credits and advances,2001K2,100181
Households,Other accounts receivable/payable excluding trade credits and advances,2001K3,113620
Households,Other accounts receivable/payable excluding trade credits and advances,2001K4,121868
Households,Other accounts receivable/payable excluding trade credits and advances,2002K1,103373
Households,Other accounts receivable/payable excluding trade credits and advances,2002K2,107191
Households,Other accounts receivable/payable excluding trade credits and advances,2002K3,111943
Households,Other accounts receivable/payable excluding trade credits and advances,2002K4,106099
Households,Other accounts receivable/payable excluding trade credits and advances,2003K1,88239
Households,Other accounts receivable/payable excluding trade credits and advances,2003K2,89670
Households,Other accounts receivable/payable excluding trade credits and advances,2003K3,108040
Households,Other accounts receivable/payable excluding trade credits and advances,2003K4,115891
Households,Other accounts receivable/payable excluding trade credits and advances,2004K1,92629
Households,Other accounts receivable/payable excluding trade credits and advances,2004K2,88780
Households,Other accounts receivable/payable excluding trade credits and advances,2004K3,108021
Households,Other accounts receivable/payable excluding trade credits and advances,2004K4,112991
Households,Other accounts receivable/payable excluding trade credits and advances,2005K1,101054
Households,Other accounts receivable/payable excluding trade credits and advances,2005K2,106195
Households,Other accounts receivable/payable excluding trade credits and advances,2005K3,118202
Households,Other accounts receivable/payable excluding trade credits and advances,2005K4,122182
Households,Other accounts receivable/payable excluding trade credits and advances,2006K1,106944
Households,Other accounts receivable/payable excluding trade credits and advances,2006K2,125201
Households,Other accounts receivable/payable excluding trade credits and advances,2006K3,126131
Households,Other accounts receivable/payable excluding trade credits and advances,2006K4,130704
Households,Other accounts receivable/payable excluding trade credits and advances,2007K1,109484
Households,Other accounts receivable/payable excluding trade credits and advances,2007K2,117570
Households,Other accounts receivable/payable excluding trade credits and advances,2007K3,130530
Households,Other accounts receivable/payable excluding trade credits and advances,2007K4,150164
Households,Other accounts receivable/payable excluding trade credits and advances,2008K1,104503
Households,Other accounts receivable/payable excluding trade credits and advances,2008K2,108891
Households,Other accounts receivable/payable excluding trade credits and advances,2008K3,113981
Households,Other accounts receivable/payable excluding trade credits and advances,2008K4,127968
Households,Other accounts receivable/payable excluding trade credits and advances,2009K1,90183
Households,Other accounts receivable/payable excluding trade credits and advances,2009K2,104347
Households,Other accounts receivable/payable excluding trade credits and advances,2009K3,109704
Households,Other accounts receivable/payable excluding trade credits and advances,2009K4,122173
Households,Other accounts receivable/payable excluding trade credits and advances,2010K1,99541
Households,Other accounts receivable/payable excluding trade credits and advances,2010K2,116996
Households,Other accounts receivable/payable excluding trade credits and advances,2010K3,124695
Households,Other accounts receivable/payable excluding trade credits and advances,2010K4,139811
Households,Other accounts receivable/payable excluding trade credits and advances,2011K1,106989
Households,Other accounts receivable/payable excluding trade credits and advances,2011K2,116525
Households,Other accounts receivable/payable excluding trade credits and advances,2011K3,118100
Households,Other accounts receivable/payable excluding trade credits and advances,2011K4,129383
Households,Other accounts receivable/payable excluding trade credits and advances,2012K1,108507
Households,Other accounts receivable/payable excluding trade credits and advances,2012K2,100269
Households,Other accounts receivable/payable excluding trade credits and advances,2012K3,103806
Households,Other accounts receivable/payable excluding trade credits and advances,2012K4,117273
Households,Other accounts receivable/payable excluding trade credits and advances,2013K1,95116
Households,Other accounts receivable/payable excluding trade credits and advances,2013K2,97902
Households,Other accounts receivable/payable excluding trade credits and advances,2013K3,95951
Households,Other accounts receivable/payable excluding trade credits and advances,2013K4,107387
Households,Other accounts receivable/payable excluding trade credits and advances,2014K1,97878
Households,Other accounts receivable/payable excluding trade credits and advances,2014K2,101093
Households,Other accounts receivable/payable excluding trade credits and advances,2014K3,98624
Households,Other accounts receivable/payable excluding trade credits and advances,2014K4,104239
Households,Other accounts receivable/payable excluding trade credits and advances,2015K1,103558
Households,Other accounts receivable/payable excluding trade credits and advances,2015K2,107747
Households,Other accounts receivable/payable excluding trade credits and advances,2015K3,105011
Households,Other accounts receivable/payable excluding trade credits and advances,2015K4,110184
Households,Other accounts receivable/payable excluding trade credits and advances,2016K1,110675
Households,Other accounts receivable/payable excluding trade credits and advances,2016K2,113941
Households,Other accounts receivable/payable excluding trade credits and advances,2016K3,111804
Households,Other accounts receivable/payable excluding trade credits and advances,2016K4,117413
Households,Other accounts receivable/payable excluding trade credits and advances,2017K1,117673
Households,Other accounts receivable/payable excluding trade credits and advances,2017K2,120594
Households,Other accounts receivable/payable excluding trade credits and advances,2017K3,121201
Households,Other accounts receivable/payable excluding trade credits and advances,2017K4,122592
Households,Other accounts receivable/payable excluding trade credits and advances,2018K1,126657
Households,Other accounts receivable/payable excluding trade credits and advances,2018K2,128220
Households,Other accounts receivable/payable excluding trade credits and advances,2018K3,123993
Households,Other accounts receivable/payable excluding trade credits and advances,2018K4,129694
Households,Other accounts receivable/payable excluding trade credits and advances,2019K1,128621
Households,Other accounts receivable/payable excluding trade credits and advances,2019K2,131248
Households,Other accounts receivable/payable excluding trade credits and advances,2019K3,126210
Households,Other accounts receivable/payable excluding trade credits and advances,2019K4,129287
Households,Other accounts receivable/payable excluding trade credits and advances,2020K1,135767
Households,Other accounts receivable/payable excluding trade credits and advances,2020K2,170924
Households,Other accounts receivable/payable excluding trade credits and advances,2020K3,158523
Households,Other accounts receivable/payable excluding trade credits and advances,2020K4,159362
Households,Other accounts receivable/payable excluding trade credits and advances,2021K1,163022
Households,Other accounts receivable/payable excluding trade credits and advances,2021K2,160256
Households,Other accounts receivable/payable excluding trade credits and advances,2021K3,160622
Households,Other accounts receivable/payable excluding trade credits and advances,2021K4,166361
Households,Other accounts receivable/payable excluding trade credits and advances,2022K1,171958
Households,Other accounts receivable/payable excluding trade credits and advances,2022K2,174675
Households,Other accounts receivable/payable excluding trade credits and advances,2022K3,170273
Households,Other accounts receivable/payable excluding trade credits and advances,2022K4,181750
Households,Other accounts receivable/payable excluding trade credits and advances,2023K1,183996
Households,Other accounts receivable/payable excluding trade credits and advances,2023K2,189970
Households,Other accounts receivable/payable excluding trade credits and advances,2023K3,188390
Households,Other accounts receivable/payable excluding trade credits and advances,2023K4,201383
Households,Other accounts receivable/payable excluding trade credits and advances,2024K1,189306
Households,Other accounts receivable/payable excluding trade credits and advances,2024K2,188434
Households,Other accounts receivable/payable excluding trade credits and advances,2024K3,177816
Households,Other accounts receivable/payable excluding trade credits and advances,2024K4,191171
Households,Other accounts receivable/payable excluding trade credits and advances,2025K1,174204
Households,Other accounts receivable/payable excluding trade credits and advances,2025K2,174366
Households,Other accounts receivable/payable excluding trade credits and advances,2025K3,166716
Households,Other accounts receivable/payable excluding trade credits and advances,2025K4,173006
Households,Other accounts receivable/payable excluding trade credits and advances,2026K1,169116
