date,value
1995-01-02,119.0586
1995-01-03,118.97216
1995-01-04,118.50262
1995-01-05,118.70269
1995-01-09,119.58636
1995-01-10,119.70981
1995-01-11,120.66753
1995-01-12,119.94844
1995-01-13,120.52817
1995-01-16,119.83088
1995-01-17,120.14551
1995-01-18,119.76126
1995-01-19,120.20111
1995-01-20,120.34199
1995-01-23,120.24858
1995-01-24,120.83529
1995-01-25,120.83068
1995-01-26,121.10549
1995-01-27,121.02492
1995-01-30,120.33194
1995-01-31,120.59003
1995-02-01,120.58064
1995-02-02,120.3559
1995-02-03,120.25902
1995-02-06,120.15884
1995-02-07,119.516
1995-02-08,119.7877
1995-02-09,120.10585
1995-02-10,119.54238
1995-02-13,119.64927
1995-02-14,119.52472
1995-02-15,119.21296
1995-02-16,119.52691
1995-02-17,119.95004
1995-02-20,119.97487
1995-02-21,119.832
1995-02-22,120.56289
1995-02-23,119.8563
1995-02-24,119.6235
1995-02-27,119.94258
1995-02-28,121.05515
1995-03-01,121.37436
1995-03-02,120.2629
1995-03-03,120.96168
1995-03-06,121.78688
1995-03-07,121.95985
1995-03-08,122.57737
1995-03-09,120.64716
1995-03-10,120.59152
1995-03-13,121.46473
1995-03-14,122.07242
1995-03-15,121.32492
1995-03-16,122.1451
1995-03-17,121.7785
1995-03-20,122.5037
1995-03-21,121.97099
1995-03-22,121.62482
1995-03-23,123.0694
1995-03-24,122.78356
1995-03-27,122.96029
1995-03-28,122.77867
1995-03-29,125.17059
1995-03-30,125.66979
1995-03-31,126.2916
1995-04-03,126.70783
1995-04-04,126.58148
1995-04-05,126.20218
1995-04-06,127.51537
1995-04-07,126.70078
1995-04-10,125.79593
1995-04-11,123.99425
1995-04-12,124.48612
1995-04-13,124.69976
1995-04-18,125.90326
1995-04-19,126.59308
1995-04-20,126.48941
1995-04-21,126.94509
1995-04-24,127.89529
1995-04-25,127.33078
1995-04-26,126.5295
1995-04-27,125.07036
1995-04-28,124.29187
1995-05-02,124.84304
1995-05-03,125.8198
1995-05-04,124.60257
1995-05-05,124.67089
1995-05-08,124.50739
1995-05-09,123.88684
1995-05-10,122.80849
1995-05-11,123.03264
1995-05-12,122.93629
1995-05-15,122.94736
1995-05-16,122.88558
1995-05-17,122.76327
1995-05-18,123.05648
1995-05-19,123.15975
1995-05-22,123.39373
1995-05-23,122.98282
1995-05-24,123.46471
1995-05-26,123.59873
1995-05-29,124.79384
1995-05-30,124.93213
1995-05-31,124.23674
1995-06-01,124.20491
1995-06-02,123.75353
1995-06-06,122.3831
1995-06-07,122.6749
1995-06-08,122.24509
1995-06-09,122.92927
1995-06-12,123.73069
1995-06-13,123.78589
1995-06-14,123.19534
1995-06-15,123.6447
1995-06-16,123.87037
1995-06-19,124.047
1995-06-20,124.04381
1995-06-21,124.99505
1995-06-22,124.45983
1995-06-26,124.20895
1995-06-27,124.49067
1995-06-28,124.4855
1995-06-29,124.34286
1995-06-30,124.60117
1995-07-03,124.93633
1995-07-04,124.35594
1995-07-05,124.27965
1995-07-06,124.45628
1995-07-07,124.24306
1995-07-10,123.93243
1995-07-11,123.91407
1995-07-12,123.58345
1995-07-13,122.53857000000001
1995-07-14,122.86271
1995-07-17,122.77616
1995-07-18,123.04739
1995-07-19,123.08832
1995-07-20,123.23072
1995-07-21,122.96926
1995-07-24,123.01145
1995-07-25,122.44582
1995-07-26,122.17081
1995-07-27,122.19993
1995-07-28,121.14837
1995-07-31,121.65533
1995-08-01,122.12029
1995-08-02,121.85471
1995-08-03,121.34204
1995-08-04,121.56587
1995-08-07,121.10952
1995-08-08,121.57958000000001
1995-08-09,122.04766
1995-08-10,121.46433
1995-08-11,120.33523
1995-08-14,120.50247
1995-08-15,120.63173
1995-08-16,120.41179
1995-08-17,120.06547
1995-08-18,120.30266
1995-08-21,121.52191
1995-08-22,120.84078
1995-08-23,120.24003
1995-08-24,119.79473
1995-08-25,120.08566
1995-08-28,120.64865
1995-08-29,120.66313
1995-08-30,120.31289
1995-08-31,120.44798
1995-09-01,120.42177
1995-09-04,120.99493
1995-09-05,120.38109
1995-09-06,120.05268
1995-09-07,119.44722
1995-09-08,118.59401
1995-09-11,117.58087
1995-09-12,116.75287
1995-09-13,116.4261
1995-09-14,116.63234
1995-09-15,117.1964
1995-09-18,117.07229
1995-09-19,117.32766
1995-09-20,116.11795
1995-09-21,117.35023
1995-09-22,118.33453
1995-09-25,117.95339
1995-09-26,116.72548
1995-09-27,117.22915
1995-09-28,117.98855
1995-09-29,117.11568
1995-10-02,116.45372
1995-10-03,116.95084
1995-10-04,116.31035
1995-10-05,116.50046
1995-10-06,116.96876
1995-10-09,117.51759
1995-10-10,116.89394
1995-10-11,116.59877
1995-10-12,116.5363
1995-10-13,117.05069
1995-10-16,116.83425
1995-10-17,116.2973
1995-10-18,115.84564
1995-10-19,114.2053
1995-10-20,114.01285
1995-10-23,113.74546
1995-10-24,113.00325
1995-10-25,112.2232
1995-10-26,112.37742
1995-10-27,111.6716
1995-10-30,111.78262
1995-10-31,112.01455
1995-11-01,111.72314
1995-11-02,111.22131
1995-11-03,111.39712
1995-11-06,112.02492
1995-11-07,112.56684
1995-11-08,112.43864
1995-11-09,111.8429
1995-11-10,112.22055
1995-11-13,112.29618
1995-11-14,111.91759
1995-11-15,112.06244
1995-11-16,111.54981
1995-11-17,110.91611
1995-11-20,109.9895
1995-11-21,110.54048
1995-11-22,109.89602
1995-11-23,109.62981
1995-11-24,109.81586
1995-11-27,108.51472
1995-11-28,109.04425
1995-11-29,108.54541
1995-11-30,108.51477
1995-12-01,108.31631
1995-12-04,108.31142
1995-12-05,108.33954
1995-12-06,108.92669
1995-12-07,109.06876
1995-12-08,110.09129
1995-12-11,110.88157
1995-12-12,111.31798
1995-12-13,111.06082
1995-12-14,110.43727
1995-12-15,109.9176
1995-12-18,109.31089
1995-12-19,110.13159
1995-12-20,109.91142
1995-12-21,110.37604
1995-12-22,110.21911
1995-12-27,110.34046
1995-12-28,110.95125
1995-12-29,110.88805
1996-01-02,110.22821
1996-01-03,109.77377
1996-01-04,109.6179
1996-01-05,109.65744
1996-01-08,109.82162
1996-01-09,109.46728
1996-01-10,109.23097
1996-01-11,109.47185
1996-01-12,109.28107
1996-01-15,108.93049
1996-01-16,108.88844
1996-01-17,109.20075
1996-01-18,109.31752
1996-01-19,109.62651
1996-01-22,110.09422000000001
1996-01-23,111.75022
1996-01-24,111.13348
1996-01-25,111.45357
1996-01-26,112.45861
1996-01-29,112.92954
1996-01-30,112.88378
1996-01-31,112.18751
1996-02-01,112.35464
1996-02-02,112.92997
1996-02-05,113.87107
1996-02-06,113.63375
1996-02-07,114.22723
1996-02-08,113.91616
1996-02-09,113.7663
1996-02-12,113.53139
1996-02-13,113.02094
1996-02-14,113.68764
1996-02-15,113.65977
1996-02-16,113.1132
1996-02-19,113.44103
1996-02-20,113.28425
1996-02-21,112.19893
1996-02-22,110.84218
1996-02-23,110.8625
1996-02-26,111.10331
1996-02-27,110.96113
1996-02-28,109.6947
1996-02-29,110.16808
1996-03-01,110.02281
1996-03-04,110.36503
1996-03-05,111.37159
1996-03-06,111.36772
1996-03-07,110.78315
1996-03-08,110.67307
1996-03-11,111.50961
1996-03-12,110.88216
1996-03-13,110.97361
1996-03-14,110.64202
1996-03-15,110.59968
1996-03-18,109.91578
1996-03-19,109.29194
1996-03-20,108.2498
1996-03-21,108.31441
1996-03-22,107.99858
1996-03-25,107.91078
1996-03-26,107.80011
1996-03-27,107.9342
1996-03-28,107.93608
1996-03-29,108.83613
1996-04-01,108.06784
1996-04-02,108.46992
1996-04-03,108.0551
1996-04-04,108.16305
1996-04-09,108.68386
1996-04-10,108.75302
1996-04-11,108.39277
1996-04-12,107.80851
1996-04-15,107.99864
1996-04-16,108.58294
1996-04-17,108.46384
1996-04-18,108.59564
1996-04-19,107.97895
1996-04-22,107.84876
1996-04-23,107.67123
1996-04-24,107.97947
1996-04-25,107.83876
1996-04-26,108.86624
1996-04-29,108.20703
1996-04-30,108.61292
1996-05-02,108.69496
1996-05-03,109.49069
1996-05-06,109.34844
1996-05-07,109.34078
1996-05-08,109.16136
1996-05-09,109.49066
1996-05-10,108.57877
1996-05-13,108.46473
1996-05-14,107.84597
1996-05-15,107.71242
1996-05-17,107.7834
1996-05-20,107.45918
1996-05-21,107.85906
1996-05-22,108.07058
1996-05-23,108.614
1996-05-24,108.71147
1996-05-28,108.0834
1996-05-29,108.00452
1996-05-30,108.14532
1996-05-31,107.75388
1996-06-03,107.82458
1996-06-04,107.13671
1996-06-05,106.98337
1996-06-06,107.76872
1996-06-07,107.42073
1996-06-10,107.51648
1996-06-11,107.73255
1996-06-12,106.79626
1996-06-13,107.02615
1996-06-14,107.07566
1996-06-17,107.01288
1996-06-18,107.0186
1996-06-19,106.08977
1996-06-20,106.3195
1996-06-24,106.16961
1996-06-25,105.95049
1996-06-26,105.63795
1996-06-27,105.79919
1996-06-28,106.27352
1996-07-01,106.40031
1996-07-02,106.53952
1996-07-03,107.33044
1996-07-04,106.31598
1996-07-05,106.55232
1996-07-08,106.82876
1996-07-09,107.13263
1996-07-10,106.8935
1996-07-11,106.65757
1996-07-12,107.40928
1996-07-15,107.6554
1996-07-16,108.08094
1996-07-17,108.08783
1996-07-18,107.74582
1996-07-19,107.42864
1996-07-22,107.42957
1996-07-23,107.342
1996-07-24,106.41699
1996-07-25,106.58614
1996-07-26,107.07631
1996-07-29,106.92731
1996-07-30,107.43518
1996-07-31,107.88562
1996-08-01,107.7908
1996-08-02,107.17699
1996-08-05,107.75358
1996-08-06,107.17166
1996-08-07,107.62395
1996-08-08,107.78603
1996-08-09,108.13388
1996-08-12,108.46308
1996-08-13,108.32489
1996-08-14,107.98389
1996-08-15,107.87888
1996-08-16,107.70388
1996-08-19,107.50331
1996-08-20,107.28989
1996-08-21,107.25436
1996-08-22,107.50726
1996-08-23,107.269
1996-08-26,107.3767
1996-08-27,107.4895
1996-08-28,107.63696
1996-08-29,108.09617
1996-08-30,107.66415
1996-09-02,107.79267
1996-09-03,107.81977
1996-09-04,107.98966
1996-09-05,108.17135
1996-09-06,107.92219
1996-09-09,107.87482
1996-09-10,107.96795
1996-09-11,108.29648
1996-09-12,107.52683
1996-09-13,107.23244
1996-09-16,106.86798
1996-09-17,106.73628
1996-09-18,106.64165
1996-09-19,106.6294
1996-09-20,106.26263
1996-09-23,106.1801
1996-09-24,106.17065
1996-09-25,105.72415
1996-09-26,106.40784
1996-09-27,106.41404
1996-09-30,106.0057
1996-10-01,106.17476
1996-10-02,105.72017
1996-10-03,105.76698
1996-10-04,105.66653
1996-10-07,105.60258
1996-10-08,105.76875
1996-10-09,105.05072
1996-10-10,105.34605
1996-10-11,105.48488
1996-10-14,105.29522
1996-10-15,105.40862
1996-10-16,105.43557
1996-10-17,105.7183
1996-10-18,105.68385
1996-10-21,105.63918
1996-10-22,105.53656
1996-10-23,105.46844
1996-10-24,105.4793
1996-10-25,105.67145
1996-10-28,105.73497
1996-10-29,105.7485
1996-10-30,105.71901
1996-10-31,105.85726
1996-11-01,106.11268
1996-11-04,106.25632
1996-11-05,106.77727
1996-11-06,106.57689
1996-11-07,106.70329
1996-11-08,107.0212
1996-11-11,106.95691
1996-11-12,107.29518
1996-11-13,107.44338
1996-11-14,107.29555
1996-11-15,107.26789
1996-11-18,107.32577
1996-11-19,107.27335
1996-11-20,107.66527
1996-11-21,107.61759
1996-11-22,107.95522
1996-11-25,107.47297
1996-11-26,107.27278
1996-11-27,107.28519
1996-11-28,107.3097
1996-11-29,107.51804
1996-12-02,107.63033
1996-12-03,107.70023
1996-12-04,107.566
1996-12-05,107.93485
1996-12-06,108.31566
1996-12-09,108.34778
1996-12-10,108.90191
1996-12-11,108.32683
1996-12-12,108.63377
1996-12-13,108.62357
1996-12-16,108.32284
1996-12-17,108.53905
1996-12-18,108.64095
1996-12-19,108.92495
1996-12-20,108.87331
1996-12-23,108.65055
1996-12-27,108.92165
1996-12-30,109.24045
1997-01-02,109.44945
1997-01-03,110.01347
1997-01-07,110.31964
1997-01-08,110.38446
1997-01-09,109.68491
1997-01-10,108.84863
1997-01-13,108.33894
1997-01-14,108.88466
1997-01-15,109.12646
1997-01-16,109.0805
1997-01-17,109.08068
1997-01-20,109.46518
1997-01-21,109.77653
1997-01-22,109.53818
1997-01-23,110.31493
1997-01-24,110.92209
1997-01-27,111.06691
1997-01-28,111.28939
1997-01-29,111.21985
1997-01-30,110.9339
1997-01-31,110.50648
1997-02-03,110.94439
1997-02-04,111.50861
1997-02-05,112.081
1997-02-06,112.52608
1997-02-07,112.32349
1997-02-10,111.59549
1997-02-11,111.71995
1997-02-12,111.83954
1997-02-13,111.38058
1997-02-14,110.95463
1997-02-17,110.47517
1997-02-18,110.90292
1997-02-19,111.10917
1997-02-20,111.08934000000001
1997-02-21,111.03525
1997-02-24,111.17578
1997-02-25,111.47239
1997-02-26,111.86746
1997-02-27,111.98654
1997-02-28,112.20155
1997-03-03,112.73114
1997-03-04,113.03073
1997-03-05,113.0855
1997-03-06,113.29562
1997-03-07,113.29425
1997-03-10,113.44948
1997-03-11,112.8594
1997-03-12,113.89285
1997-03-13,113.87571
1997-03-14,114.70132
1997-03-17,115.33262
1997-03-18,115.00025
1997-03-19,114.71185
1997-03-20,114.92321
1997-03-21,113.92548
1997-03-24,113.77452
1997-03-25,114.2597
1997-03-26,114.87624
1997-03-27,113.7746
1997-04-01,113.78578
1997-04-02,114.45541
1997-04-03,115.15978
1997-04-04,114.28216
1997-04-07,114.1024
1997-04-08,113.50717
1997-04-09,113.35137
1997-04-10,113.5566
1997-04-11,113.72104
1997-04-14,112.58453
1997-04-15,112.91421
1997-04-16,113.29565
1997-04-17,113.4248
1997-04-18,113.64842
1997-04-21,113.11956
1997-04-22,113.05537
1997-04-23,113.17372
1997-04-24,112.92166
1997-04-25,113.46489
1997-04-28,114.31635
1997-04-29,114.71679
1997-04-30,114.76022
1997-05-02,114.62845
1997-05-05,115.7311
1997-05-06,115.59109
1997-05-07,114.34873
1997-05-09,113.84204
1997-05-12,113.95375
1997-05-13,114.25859
1997-05-14,114.34658
1997-05-15,113.34751
1997-05-16,113.21427
1997-05-20,113.4991
1997-05-21,112.51229
1997-05-22,113.15434
1997-05-23,113.38443
1997-05-26,113.8643
1997-05-27,113.96031
1997-05-28,114.04933
1997-05-29,114.41726
1997-05-30,114.91878
1997-06-02,114.60215
1997-06-03,114.92106
1997-06-04,114.39175
1997-06-05,114.30382
1997-06-06,114.40164
1997-06-09,115.00569
1997-06-10,115.41768
1997-06-11,115.22818
1997-06-12,114.83866
1997-06-13,114.77756
1997-06-16,114.25466
1997-06-17,114.59224
1997-06-18,113.63599
1997-06-19,114.11028
1997-06-23,113.66855
1997-06-24,113.98274
1997-06-25,114.16384
1997-06-26,113.65185
1997-06-27,113.6773
1997-06-30,113.57289
1997-07-01,113.59523
1997-07-02,113.75001
1997-07-03,113.87135
1997-07-04,113.40875
1997-07-07,113.44154
1997-07-08,113.90165
1997-07-09,113.56841
1997-07-10,113.16798
1997-07-11,113.11084
1997-07-14,112.87489
1997-07-15,112.99988
1997-07-16,113.18087
1997-07-17,112.66403
1997-07-18,112.43078
1997-07-21,112.28826
1997-07-22,112.09454
1997-07-23,112.05585
1997-07-24,111.85334
1997-07-25,112.35001
1997-07-28,112.01369
1997-07-29,112.3927
1997-07-30,112.60483
1997-07-31,112.74693
1997-08-01,112.85016
1997-08-04,112.50416
1997-08-05,112.81939
1997-08-06,112.3584
1997-08-07,112.42535
1997-08-08,112.20001
1997-08-11,111.59953
1997-08-12,112.20221
1997-08-13,112.26575
1997-08-14,112.86845
1997-08-15,112.99359
1997-08-18,113.12923
1997-08-19,113.84643
1997-08-20,113.46378
1997-08-21,113.02366
1997-08-22,112.77409
1997-08-25,113.05294
1997-08-26,112.99674
1997-08-27,112.49021
1997-08-28,112.53409
1997-08-29,112.01008
1997-09-01,112.22322
1997-09-02,111.84901
1997-09-03,111.68514
1997-09-04,111.68778
1997-09-05,111.28335
1997-09-08,110.76813
1997-09-09,110.55757
1997-09-10,110.88382
1997-09-11,111.43067
1997-09-12,111.50677
1997-09-15,110.40151
1997-09-16,110.43735
1997-09-17,109.94266
1997-09-18,109.49764
1997-09-19,109.47174
1997-09-22,109.75218
1997-09-23,109.75919
1997-09-24,109.06498
1997-09-25,108.80507
1997-09-26,109.09927
1997-09-29,110.23918
1997-09-30,109.74515
1997-10-01,109.66952
1997-10-02,109.56052
1997-10-03,110.00783
1997-10-06,109.15866
1997-10-07,109.22908
1997-10-08,109.73172
1997-10-09,110.00128
1997-10-10,110.35939
1997-10-13,110.24288
1997-10-14,109.81501
1997-10-15,110.24085
1997-10-16,110.51523
1997-10-17,110.35075
1997-10-20,110.19281
1997-10-21,110.46765
1997-10-22,110.67424
1997-10-23,110.30845
1997-10-24,109.72176
1997-10-27,109.85981
1997-10-28,110.05845
1997-10-29,110.19405
1997-10-30,110.43995
1997-10-31,110.57684
1997-11-03,110.57055
1997-11-04,110.71067
1997-11-05,110.77099
1997-11-06,110.65383
1997-11-07,110.19893
1997-11-10,110.48878
1997-11-11,110.53865
1997-11-12,110.64104
1997-11-13,110.57599
1997-11-14,110.42484
1997-11-17,110.44632
1997-11-18,110.6294
1997-11-19,111.21444
1997-11-20,110.47297
1997-11-21,110.67033
1997-11-24,110.26888
1997-11-25,110.57092
1997-11-26,111.14517
1997-11-27,111.42698
1997-11-28,111.73939
1997-12-01,111.93491
1997-12-02,111.73269
1997-12-03,111.36451
1997-12-04,111.77273
1997-12-05,111.54052
1997-12-08,111.44312
1997-12-09,110.90346
1997-12-10,110.83115
1997-12-11,110.95825
1997-12-12,110.84374
1997-12-15,110.81023
1997-12-16,110.4305
1997-12-17,110.55953
1997-12-18,110.63438
1997-12-19,110.76397
1997-12-22,110.67135
1997-12-23,110.52026
1997-12-29,111.09506
1997-12-30,111.49951
1998-01-02,111.842
1998-01-05,111.79384
1998-01-07,112.31097
1998-01-08,112.01833
1998-01-09,111.62373
1998-01-12,111.74022
1998-01-13,111.90916
1998-01-14,111.86088
1998-01-15,111.8873
1998-01-16,111.70734
1998-01-19,111.81001
1998-01-20,112.0789
1998-01-21,112.20282
1998-01-22,111.898
1998-01-23,112.03467
1998-01-26,112.08276
1998-01-27,112.14908
1998-01-28,112.57256
1998-01-29,112.86347
1998-01-30,113.16043
1998-02-02,113.14535
1998-02-03,112.99844
1998-02-04,113.18615
1998-02-05,113.51588
1998-02-06,113.43601
1998-02-09,113.77215
1998-02-10,114.17165
1998-02-11,113.73275
1998-02-12,113.69344
1998-02-13,113.36622
1998-02-16,113.32714
1998-02-17,113.54847
1998-02-18,113.20308
1998-02-19,113.1263
1998-02-20,112.6675
1998-02-23,112.78819
1998-02-24,112.96247
1998-02-25,112.59231
1998-02-26,112.60237
1998-02-27,112.38663
1998-03-02,112.26926
1998-03-03,112.05489
1998-03-04,112.03592
1998-03-05,111.71245
1998-03-06,112.26079
1998-03-09,111.72335
1998-03-10,111.48851
1998-03-11,111.45327
1998-03-12,111.51415
1998-03-13,111.45762
1998-03-16,110.93527
1998-03-17,111.2402
1998-03-18,111.28128
1998-03-19,110.90101
1998-03-20,111.1591
1998-03-23,111.04525
1998-03-24,110.82608
1998-03-25,110.89654
1998-03-26,110.96022
1998-03-27,110.45799
1998-03-30,109.99042
1998-03-31,110.40941
1998-04-01,110.80632
1998-04-02,110.95545
1998-04-03,110.6545
1998-04-06,110.53385
1998-04-07,111.00164
1998-04-08,110.71669
1998-04-09,110.43475
1998-04-14,109.84276
1998-04-15,109.52863
1998-04-16,109.28786
1998-04-17,108.91981
1998-04-20,109.01284
1998-04-21,108.27251
1998-04-22,108.4249
1998-04-23,108.32823
1998-04-24,108.81134
1998-04-27,109.00821
1998-04-28,109.23053
1998-04-29,107.83425
1998-04-30,109.31878
1998-05-04,109.26587
1998-05-05,108.57896
1998-05-06,108.19155
1998-05-07,107.86048
1998-05-08,108.40579
1998-05-11,107.94612
1998-05-12,107.83575
1998-05-13,107.99929
1998-05-14,108.70976
1998-05-15,108.78169
1998-05-18,109.23474
1998-05-19,109.25642
1998-05-20,109.0644
1998-05-22,108.88116
1998-05-25,109.17556
1998-05-26,109.07905
1998-05-27,109.31975
1998-05-28,109.87545
1998-05-29,109.96518
1998-06-02,109.939
1998-06-03,109.67629
1998-06-04,109.48665
1998-06-05,109.79393
1998-06-08,110.47239
1998-06-09,110.16078
1998-06-10,111.28063
1998-06-11,111.14036
1998-06-12,111.12238
1998-06-15,111.51842
1998-06-16,111.89069
1998-06-17,112.01377
1998-06-18,111.19629
1998-06-22,111.45977
1998-06-23,111.02078
1998-06-24,110.6897
1998-06-25,110.44874
1998-06-26,110.37375
1998-06-29,111.15374
1998-06-30,110.96173
1998-07-01,111.3527
1998-07-02,112.05027
1998-07-03,112.03251
1998-07-06,112.07662
1998-07-07,112.26541
1998-07-08,111.91593
1998-07-09,111.83141
1998-07-10,111.93472
1998-07-13,111.9872
1998-07-14,112.21491
1998-07-15,112.06586
1998-07-16,111.70641
1998-07-17,111.43851
1998-07-20,111.21788
1998-07-21,111.48925
1998-07-22,111.53079
1998-07-23,111.46414
1998-07-24,111.56086
1998-07-27,110.83684
1998-07-28,110.92643
1998-07-29,111.18934
1998-07-30,111.57468
1998-07-31,111.76371
1998-08-03,111.82201
1998-08-04,112.04692
1998-08-05,112.01229
1998-08-06,111.86782
1998-08-07,112.30242
1998-08-10,112.70249
1998-08-11,113.54102
1998-08-12,113.577
1998-08-13,113.61468
1998-08-14,113.30247
1998-08-17,113.70428
1998-08-18,113.46159
1998-08-19,113.3456
1998-08-20,113.10783
1998-08-21,113.48259
1998-08-24,113.34061
1998-08-25,114.34986
1998-08-26,114.93497
1998-08-27,114.57855
1998-08-28,114.62876
1998-08-31,112.67807
1998-09-01,113.75631
1998-09-02,111.54765
1998-09-03,111.84622
1998-09-04,111.58611
1998-09-07,112.16284
1998-09-08,112.6298
1998-09-09,112.21927
1998-09-10,113.5684
1998-09-11,114.92841
1998-09-14,113.78949
1998-09-15,113.17462
1998-09-16,112.22056
1998-09-17,112.53848
1998-09-18,112.17067
1998-09-21,113.33892
1998-09-22,114.51805
1998-09-23,114.01362
1998-09-24,114.04189
1998-09-25,113.99606
1998-09-28,114.4711
1998-09-29,113.60132
1998-09-30,113.77347
1998-10-01,114.26273
1998-10-02,114.79765
1998-10-05,118.46433
1998-10-06,117.42244
1998-10-07,116.6952
1998-10-08,116.06773
1998-10-09,117.75646
1998-10-12,116.99165
1998-10-13,115.98451
1998-10-14,117.36664
1998-10-15,117.87747
1998-10-16,117.22338
1998-10-19,115.73746
1998-10-20,115.80272
1998-10-21,115.06114
1998-10-22,114.55618
1998-10-23,114.68153
1998-10-26,113.68231
1998-10-27,113.15380999999999
1998-10-28,115.09949
1998-10-29,114.83272
1998-10-30,115.07977
1998-11-02,114.14799
1998-11-03,114.82832
1998-11-04,114.42403
1998-11-05,114.25644
1998-11-06,113.8311
1998-11-09,114.2128
1998-11-10,115.11061
1998-11-11,115.4543
1998-11-12,116.272
1998-11-13,116.98294
1998-11-16,117.29935
1998-11-17,116.97456
1998-11-18,116.66056
1998-11-19,117.1451
1998-11-20,116.90125
1998-11-23,116.4678
1998-11-24,116.13606
1998-11-25,116.55516
1998-11-26,117.86342
1998-11-27,117.11616
1998-11-30,116.80409
1998-12-01,117.39726
1998-12-02,117.30909
1998-12-03,117.54412
1998-12-04,116.60628
1998-12-07,117.77238
1998-12-08,118.13453
1998-12-09,117.30908
1998-12-10,117.15713
1998-12-11,118.3388
1998-12-14,117.3563
1998-12-15,117.39079
1998-12-16,116.95546
1998-12-17,116.82742
1998-12-18,117.63368
1998-12-21,116.70796
1998-12-22,116.41689
1998-12-23,116.40718
1998-12-28,116.78032
1998-12-29,117.53422
1998-12-30,117.5037
1999-01-04,118.15207
1999-01-05,117.54799
1999-01-07,115.43642
1999-01-08,114.12479
1999-01-11,114.52123
1999-01-12,113.44771
1999-01-13,112.96656
1999-01-14,113.12277
1999-01-15,114.0232
1999-01-18,113.11207
1999-01-19,113.11648
1999-01-20,111.76685
1999-01-21,111.44599
1999-01-22,112.13202
1999-01-25,111.21855
1999-01-26,111.16773
1999-01-27,110.85928
1999-01-28,110.34265
1999-01-29,110.67084
1999-02-01,111.00173
1999-02-02,111.38676
1999-02-03,111.70973
1999-02-04,111.57993
1999-02-05,111.43817
1999-02-08,111.13642
1999-02-09,111.28541
1999-02-10,111.50848
1999-02-11,111.54907
1999-02-12,112.00068
1999-02-15,111.42979
1999-02-16,111.27098
1999-02-17,111.44281
1999-02-18,111.76859
1999-02-19,111.7438
1999-02-22,111.75056
1999-02-23,112.12328
1999-02-24,111.98471
1999-02-25,112.47744
1999-02-26,113.00512
1999-03-01,112.94229
1999-03-02,113.52484
1999-03-03,113.38311
1999-03-04,113.10207
1999-03-05,112.90374
1999-03-08,112.73553
1999-03-09,112.77943
1999-03-10,112.48434
1999-03-11,111.98255
1999-03-12,111.90664
1999-03-15,112.25648
1999-03-16,113.06266
1999-03-17,113.30238
1999-03-18,113.08745
1999-03-19,112.49609
1999-03-22,113.22951
1999-03-23,112.74915
1999-03-24,113.40881
1999-03-25,113.92939
1999-03-26,113.52749
1999-03-29,113.35128
1999-03-30,113.43155
1999-03-31,113.1069
1999-04-01,113.12467
1999-04-06,112.70321
1999-04-07,112.98527
1999-04-08,113.17147
1999-04-09,113.24733
1999-04-12,113.56544
1999-04-13,113.60517
1999-04-14,113.30263
1999-04-15,113.34172
1999-04-16,113.14813
1999-04-19,113.41394
1999-04-20,113.69976
1999-04-21,113.61445
1999-04-22,113.63861
1999-04-23,113.61578
1999-04-26,113.71539
1999-04-27,113.70645
1999-04-28,113.53511
1999-04-29,113.89557
1999-04-30,113.84343
1999-05-03,114.13284
1999-05-04,114.59921
1999-05-05,114.85336
1999-05-06,114.67453
1999-05-07,114.19535
1999-05-10,114.20524
1999-05-11,113.76323
1999-05-12,114.41384
1999-05-14,114.20187
1999-05-17,114.55425
1999-05-18,114.96584
1999-05-19,115.17905
1999-05-20,114.68149
1999-05-21,114.54648
1999-05-25,114.39628
1999-05-26,114.84434
1999-05-27,115.01658
1999-05-28,115.3244
1999-05-31,115.05252
1999-06-01,115.27734
1999-06-02,115.37586
1999-06-03,115.11915
1999-06-04,115.04157
1999-06-07,114.88801
1999-06-08,114.66132
1999-06-09,114.67513
1999-06-10,114.59053
1999-06-11,114.26527
1999-06-14,113.83074
1999-06-15,113.80918
1999-06-16,113.71387
1999-06-17,113.36716
1999-06-18,112.81598
1999-06-21,112.44369
1999-06-22,111.64279
1999-06-23,112.1498
1999-06-24,112.14097
1999-06-28,112.24001
1999-06-29,112.49764
1999-06-30,112.53538
1999-07-01,112.51878
1999-07-02,112.38726
1999-07-05,112.57649
1999-07-06,112.56126
1999-07-07,112.43644
1999-07-08,112.32267
1999-07-09,112.47765
1999-07-12,112.78397
1999-07-13,112.82027
1999-07-14,112.9814
1999-07-15,113.30965
1999-07-16,113.08563
1999-07-19,112.91862
1999-07-20,112.20246
1999-07-21,112.43879
1999-07-22,112.29052
1999-07-23,112.62151
1999-07-26,112.18146
1999-07-27,112.32551
1999-07-28,112.35284
1999-07-29,112.252
1999-07-30,111.94448
1999-08-02,112.01213
1999-08-03,111.74958
1999-08-04,111.32858
1999-08-05,111.61001
1999-08-06,111.67114
1999-08-09,111.83696
1999-08-10,112.24931
1999-08-11,112.14314
1999-08-12,112.11554
1999-08-13,112.19435
1999-08-16,112.16778
1999-08-17,111.93074
1999-08-18,112.09202
1999-08-19,112.37653
1999-08-20,112.09624
1999-08-23,112.27
1999-08-24,112.13189
1999-08-25,111.67798
1999-08-26,112.10168
1999-08-27,111.84891
1999-08-30,111.86945
1999-08-31,111.85484
1999-09-01,111.33161
1999-09-02,111.10703
1999-09-03,111.37883
1999-09-06,110.92818
1999-09-07,110.47148
1999-09-08,110.23082
1999-09-09,110.73106
1999-09-10,110.71775
1999-09-13,110.98347
1999-09-14,110.80329
1999-09-15,111.31917
1999-09-16,111.35441
1999-09-17,111.54963
1999-09-20,111.11087
1999-09-21,110.73033
1999-09-22,111.13198
1999-09-23,111.31741
1999-09-24,111.24245
1999-09-27,111.44955
1999-09-28,111.34926
1999-09-29,111.33142
1999-09-30,111.76087
1999-10-01,111.73645
1999-10-04,112.12309
1999-10-05,111.52475
1999-10-06,111.35139
1999-10-07,111.59308
1999-10-08,111.46517
1999-10-11,111.50677
1999-10-12,111.20417
1999-10-13,111.3819
1999-10-14,111.55068
1999-10-15,111.74973
1999-10-18,112.504
1999-10-19,112.7579
1999-10-20,112.32362
1999-10-21,112.45133
1999-10-22,112.08163
1999-10-25,111.43866
1999-10-26,111.31738
1999-10-27,111.12539
1999-10-28,110.99993
1999-10-29,111.5256
1999-11-01,111.21105
1999-11-02,111.68642
1999-11-03,111.72818
1999-11-04,111.7235
1999-11-05,112.20112
1999-11-08,111.6019
1999-11-09,111.83159
1999-11-10,111.56154
1999-11-11,111.56561
1999-11-12,111.47696
1999-11-15,111.49293
1999-11-16,111.84597
1999-11-17,111.8522
1999-11-18,111.50041
1999-11-19,111.30328
1999-11-22,111.29206
1999-11-23,111.45429
1999-11-24,111.71995
1999-11-25,111.77754
1999-11-26,111.40849
1999-11-29,111.85459
1999-11-30,112.06523
1999-12-01,111.96873
1999-12-02,112.62586
1999-12-03,112.83492
1999-12-06,112.21061
1999-12-07,112.19007
1999-12-08,111.86575
1999-12-09,111.44623
1999-12-10,111.65291
1999-12-13,112.09697
1999-12-14,112.07224
1999-12-15,112.472
1999-12-16,112.27632
1999-12-17,112.17813
1999-12-20,112.18542
1999-12-21,112.37733
1999-12-22,112.26143
1999-12-23,112.10427
1999-12-27,111.7736
1999-12-28,112.09927
1999-12-29,112.05465
1999-12-30,112.22319
2000-01-03,112.03843
2000-01-04,111.77705
2000-01-05,112.0439
2000-01-07,111.97696
2000-01-10,112.41008
2000-01-11,112.32006
2000-01-12,112.28377
2000-01-13,112.27577
2000-01-14,112.31626
2000-01-17,112.07307
2000-01-18,111.9154
2000-01-19,112.06393
2000-01-20,112.41879
2000-01-21,112.21289
2000-01-24,112.43289
2000-01-25,111.65531
2000-01-26,111.83302
2000-01-27,111.98249
2000-01-28,112.26327
2000-01-31,113.16941
2000-02-01,113.47324
2000-02-02,112.75998
2000-02-03,112.0045
2000-02-04,111.23162
2000-02-07,111.45138
2000-02-08,111.48601
2000-02-09,111.41775
2000-02-10,111.18079
2000-02-11,111.11103
2000-02-14,111.27567
2000-02-15,111.23615
2000-02-16,112.0528
2000-02-17,111.83715
2000-02-18,111.84899
2000-02-21,112.13489
2000-02-22,112.09832
2000-02-23,111.7764
2000-02-24,111.63161
2000-02-25,111.65526
2000-02-28,111.713
2000-02-29,111.17487
2000-03-01,111.26363
2000-03-02,111.25194
2000-03-03,111.96781
2000-03-06,111.78683
2000-03-07,111.69741
2000-03-08,111.5932
2000-03-09,111.90601
2000-03-10,111.52887
2000-03-13,111.29953
2000-03-14,111.20879
2000-03-15,111.15983
2000-03-16,111.38227
2000-03-17,110.96498
2000-03-20,110.77782
2000-03-21,110.80946
2000-03-22,110.81009
2000-03-23,110.61215
2000-03-24,110.76182
2000-03-27,109.90162
2000-03-28,110.33753
2000-03-29,109.32801
2000-03-30,109.99936
2000-03-31,110.21826
2000-04-03,110.03117
2000-04-04,110.401
2000-04-05,110.01955
2000-04-06,110.09102
2000-04-07,109.88406
2000-04-10,109.82808
2000-04-11,109.58437
2000-04-12,109.71036
2000-04-13,110.252
2000-04-14,110.22827
2000-04-17,110.299
2000-04-18,110.34267
2000-04-19,110.01926
2000-04-20,109.8884
2000-04-25,110.2607
2000-04-26,109.97232
2000-04-27,110.16665
2000-04-28,109.62376
2000-05-02,109.56442
2000-05-03,109.42765
2000-05-04,109.71441
2000-05-05,109.882
2000-05-08,110.02814
2000-05-09,109.72266
2000-05-10,109.96691
2000-05-11,110.49863
2000-05-12,110.76615
2000-05-15,110.47407
2000-05-16,110.11856
2000-05-17,110.13975
2000-05-18,110.14929
2000-05-19,109.84079
2000-05-22,110.58794
2000-05-23,111.70318
2000-05-24,111.35029
2000-05-25,111.13619
2000-05-26,111.1554
2000-05-29,111.80182
2000-05-30,111.62181
2000-05-31,110.93359
2000-06-02,110.29563
2000-06-05,109.97485
2000-06-06,110.16493
2000-06-07,109.77628
2000-06-08,109.57187
2000-06-09,109.82256
2000-06-13,109.0631
2000-06-14,108.45666
2000-06-15,107.84874
2000-06-16,108.75793
2000-06-19,109.22272
2000-06-20,108.92213
2000-06-21,108.81062
2000-06-22,109.22929
2000-06-26,110.08027
2000-06-27,110.55493
2000-06-28,111.03072
2000-06-29,110.95994
2000-06-30,110.94194
2000-07-03,110.73271
2000-07-04,110.71722
2000-07-05,110.92914
2000-07-06,111.12874
2000-07-07,111.36123
2000-07-10,111.54658
2000-07-11,111.23602
2000-07-12,110.9763
2000-07-13,110.56103
2000-07-14,110.63802
2000-07-17,110.70454
2000-07-18,111.05344
2000-07-19,112.00017
2000-07-20,111.87343
2000-07-21,111.5588
2000-07-24,111.96266
2000-07-25,111.23129
2000-07-26,111.1832
2000-07-27,111.50151
2000-07-28,112.81358
2000-07-31,112.97
2000-08-01,112.94041
2000-08-02,113.15922
2000-08-03,113.16985
2000-08-04,112.77208
2000-08-07,112.67845
2000-08-08,112.26275
2000-08-09,112.04598
2000-08-10,111.91039
2000-08-11,112.0218
2000-08-14,112.12701
2000-08-15,111.71026
2000-08-16,112.0945
2000-08-17,112.63728
2000-08-18,112.55758
2000-08-21,112.83568
2000-08-22,112.89376
2000-08-23,112.74623
2000-08-24,112.47524
2000-08-25,112.44691
2000-08-28,113.00709
2000-08-29,113.37532
2000-08-30,113.34222
2000-08-31,113.47994
2000-09-01,112.82903
2000-09-04,112.66746
2000-09-05,112.69245
2000-09-06,113.50973
2000-09-07,113.53343
2000-09-08,113.21628
2000-09-11,113.56445
2000-09-12,113.935
2000-09-13,114.10851
2000-09-14,114.05279
2000-09-15,114.01005
2000-09-18,114.13705
2000-09-19,114.25219
2000-09-20,114.36106
2000-09-21,114.24106
2000-09-22,114.62747
2000-09-25,114.45485
2000-09-26,114.49728
2000-09-27,114.64568
2000-09-28,115.11282
2000-09-29,115.15825
2000-10-02,115.0224
2000-10-03,115.3469
2000-10-04,116.12396
2000-10-05,115.74539
2000-10-06,115.51953
2000-10-09,115.91634
2000-10-10,116.30233
2000-10-11,116.69907
2000-10-12,116.46772
2000-10-13,116.27266
2000-10-16,116.02722
2000-10-17,116.19721
2000-10-18,116.12627
2000-10-19,116.37666
2000-10-20,116.3084
2000-10-23,116.54767
2000-10-24,116.3308
2000-10-25,116.40022
2000-10-26,117.10771
2000-10-27,116.95161
2000-10-30,116.3861
2000-10-31,116.23159
2000-11-01,115.56015
2000-11-02,115.82555
2000-11-03,115.77413
2000-11-06,116.16804
2000-11-07,116.6164
2000-11-08,116.56621
2000-11-09,116.60513
2000-11-10,116.4772
2000-11-13,116.81963
2000-11-14,117.40154
2000-11-15,117.12178
2000-11-16,117.33529
2000-11-17,117.64112
2000-11-20,117.8251
2000-11-21,117.89385
2000-11-22,118.71494
2000-11-23,117.96685
2000-11-24,118.28757
2000-11-27,118.31365
2000-11-28,117.99573
2000-11-29,117.94595
2000-11-30,117.57604
2000-12-01,117.50101
2000-12-04,116.39614
2000-12-05,115.53479
2000-12-06,114.93687
2000-12-07,114.87301
2000-12-08,115.6423
2000-12-11,115.2076
2000-12-12,114.49053
2000-12-13,115.00497
2000-12-14,115.16423
2000-12-15,115.01987
2000-12-18,115.4303
2000-12-19,116.18731
2000-12-20,116.1189
2000-12-21,115.88391
2000-12-22,115.87057
2000-12-27,116.7825
2000-12-28,117.063
2000-12-29,116.8468
2001-01-02,116.71326
2001-01-03,117.13216
2001-01-04,117.17132
2001-01-05,116.65322
2001-01-08,116.75797
2001-01-09,116.8243
2001-01-10,117.17414
2001-01-11,116.32454
2001-01-12,115.54403
2001-01-15,115.68855
2001-01-16,116.546
2001-01-17,116.95944
2001-01-18,116.50634
2001-01-19,116.31018
2001-01-22,116.53446
2001-01-23,117.56415
2001-01-24,117.13927
2001-01-25,117.2976
2001-01-26,117.39945
2001-01-29,116.88363
2001-01-30,116.7782
2001-01-31,116.36264
2001-02-01,116.49848
2001-02-02,116.87592
2001-02-05,117.25591
2001-02-06,117.21054
2001-02-07,117.15166
2001-02-08,116.83308
2001-02-09,117.45577
2001-02-12,117.5488
2001-02-13,118.09719
2001-02-14,119.05048
2001-02-15,119.19722
2001-02-16,118.91319
2001-02-19,118.57854
2001-02-20,118.94242
2001-02-21,118.93335
2001-02-22,119.07547
2001-02-23,119.83181
2001-02-26,119.37197
2001-02-27,118.62521
2001-02-28,119.15096
2001-03-01,118.76346
2001-03-02,118.32146
2001-03-05,118.61657
2001-03-06,118.52468
2001-03-07,118.35992
2001-03-08,118.54349
2001-03-09,118.77067
2001-03-12,119.20614
2001-03-13,120.41321
2001-03-14,120.23248
2001-03-15,120.40261
2001-03-16,120.52839
2001-03-19,120.63689
2001-03-20,120.55966
2001-03-21,120.67384
2001-03-22,121.91931
2001-03-23,121.8949
2001-03-26,120.86428
2001-03-27,120.86572
2001-03-28,120.59456
2001-03-29,122.32737
2001-03-30,121.45137
2001-04-02,120.99989
2001-04-03,121.30574
2001-04-04,121.37885
2001-04-05,120.81196
2001-04-06,120.17106
2001-04-09,119.70322
2001-04-10,120.43301
2001-04-11,119.25248
2001-04-12,119.55256
2001-04-17,119.96243
2001-04-18,119.66271
2001-04-19,119.23975
2001-04-20,119.38923
2001-04-23,119.78862
2001-04-24,120.62375
2001-04-25,121.16936
2001-04-26,120.56013
2001-04-27,120.31108
2001-04-30,120.15441
2001-05-02,120.49159
2001-05-03,120.6495
2001-05-04,120.86238
2001-05-07,120.54136
2001-05-08,120.86072
2001-05-09,120.93985
2001-05-10,120.06501
2001-05-11,119.63692
2001-05-14,119.32519
2001-05-15,119.7478
2001-05-16,119.83026
2001-05-17,120.19745
2001-05-18,119.80299
2001-05-21,119.63249
2001-05-22,119.59043
2001-05-23,120.44455
2001-05-25,120.95812
2001-05-28,121.48889
2001-05-29,121.74646
2001-05-30,121.61483
2001-05-31,122.90815
2001-06-01,123.27773
2001-06-05,124.32159
2001-06-06,123.88418
2001-06-07,124.93357
2001-06-08,125.14414
2001-06-11,124.82721
2001-06-12,124.3424
2001-06-13,124.18094
2001-06-14,123.54108
2001-06-15,123.15731
2001-06-18,121.925
2001-06-19,120.97591
2001-06-20,121.83077
2001-06-21,122.30897
2001-06-25,122.57616
2001-06-26,122.4304
2001-06-27,123.47853
2001-06-28,123.43992
2001-06-29,123.46755
2001-07-02,124.11545
2001-07-03,124.42789
2001-07-04,123.65982
2001-07-05,123.87077
2001-07-06,123.99847
2001-07-09,124.42641
2001-07-10,123.95279
2001-07-11,124.38814
2001-07-12,124.07999
2001-07-13,123.54154
2001-07-16,122.65184000000001
2001-07-17,123.03479
2001-07-18,123.04473
2001-07-19,122.59133
2001-07-20,123.08062
2001-07-23,123.76037
2001-07-24,123.85887
2001-07-25,123.8651
2001-07-26,123.20834
2001-07-27,123.23533
2001-07-30,123.06758
2001-07-31,122.62895
2001-08-01,123.00388
2001-08-02,122.57945
2001-08-03,121.55352
2001-08-06,121.54662
2001-08-07,121.6728
2001-08-08,121.46986
2001-08-09,121.44117
2001-08-10,120.97033
2001-08-13,121.12539
2001-08-14,120.92902
2001-08-15,121.08179
2001-08-16,120.95966
2001-08-17,121.46115
2001-08-20,123.11595
2001-08-21,123.31541
2001-08-22,123.98188
2001-08-23,123.46523
2001-08-24,123.3749
2001-08-27,122.62943
2001-08-28,122.7506
2001-08-29,123.50966
2001-08-30,124.30836
2001-08-31,124.78914
2001-09-03,124.76373
2001-09-04,125.13042
2001-09-05,125.87064
2001-09-06,125.21504
2001-09-07,125.4623
2001-09-10,125.11522
2001-09-11,125.49345
2001-09-12,126.01565
2001-09-13,126.0761
2001-09-14,125.78761
2001-09-17,126.00052
2001-09-18,126.82626
2001-09-19,126.92245
2001-09-20,126.9654
2001-09-21,129.13167
2001-09-24,129.94697
2001-09-25,128.76626
2001-09-26,129.41042
2001-09-27,129.85341
2001-09-28,127.53121
2001-10-01,127.09535
2001-10-02,127.59379
2001-10-03,127.41673
2001-10-04,126.69941
2001-10-05,127.69274
2001-10-08,127.20978
2001-10-09,126.88928
2001-10-10,126.17218
2001-10-11,125.66462
2001-10-12,124.97564
2001-10-15,124.74242
2001-10-16,124.30637
2001-10-17,124.06612
2001-10-18,124.9054
2001-10-19,123.92929
2001-10-22,124.74149
2001-10-23,125.12299
2001-10-24,125.24733
2001-10-25,124.40654
2001-10-26,123.90261
2001-10-29,124.74036
2001-10-30,125.71281
2001-10-31,125.85353
2001-11-01,125.82379
2001-11-02,125.29003
2001-11-05,125.32249
2001-11-06,124.72278
2001-11-07,124.95416
2001-11-08,124.17693
2001-11-09,124.66178
2001-11-12,124.12943
2001-11-13,124.26986
2001-11-14,123.87146
2001-11-15,123.34881
2001-11-16,123.85713
2001-11-19,124.15264
2001-11-20,123.90578
2001-11-21,124.68946
2001-11-22,124.3835
2001-11-23,123.96451
2001-11-26,123.66017
2001-11-27,123.57881
2001-11-28,124.14367
2001-11-29,125.18057
2001-11-30,124.96503
2001-12-03,126.4799
2001-12-04,125.55587
2001-12-05,124.57558
2001-12-06,123.64113
2001-12-07,123.34956
2001-12-10,123.47244
2001-12-11,123.48289
2001-12-12,123.77277
2001-12-13,123.67607
2001-12-14,123.90418
2001-12-17,124.92685
2001-12-18,124.1517
2001-12-19,124.73165
2001-12-20,124.64274
2001-12-21,125.97212
2001-12-27,125.20914
2001-12-28,124.64408
2002-01-02,121.41228
2002-01-03,121.54089
2002-01-04,121.58373
2002-01-07,120.91098
2002-01-08,121.7901
2002-01-09,122.11495
2002-01-10,121.80066
2002-01-11,120.6559
2002-01-14,121.30292
2002-01-15,122.17503
2002-01-16,121.65941
2002-01-17,122.16823
2002-01-18,122.58724
2002-01-21,121.73734
2002-01-22,122.13778
2002-01-23,122.49031
2002-01-24,122.24339
2002-01-25,122.25766
2002-01-28,122.74284
2002-01-29,123.15635
2002-01-30,123.10737
2002-01-31,122.19868
2002-02-01,122.145
2002-02-04,122.76831
2002-02-05,122.97761
2002-02-06,122.5574
2002-02-07,122.36949
2002-02-08,122.30074
2002-02-11,122.42149
2002-02-12,122.5181
2002-02-13,122.71311
2002-02-14,122.41923
2002-02-15,122.24716
2002-02-18,121.96658
2002-02-19,122.3998
2002-02-20,122.1946
2002-02-21,121.45627
2002-02-22,121.61736
2002-02-25,121.19824
2002-02-26,120.53846
2002-02-27,120.8557
2002-02-28,120.91233
2002-03-01,120.72339
2002-03-04,120.81325
2002-03-05,120.32758
2002-03-06,120.12212
2002-03-07,120.33277
2002-03-08,120.35392
2002-03-11,120.41409
2002-03-12,120.5858
2002-03-13,121.18635
2002-03-14,121.14885
2002-03-15,120.91256
2002-03-18,120.69832
2002-03-19,120.00059
2002-03-20,119.74693
2002-03-21,119.38268
2002-03-22,119.30382
2002-03-25,119.83794
2002-03-26,119.7671
2002-03-27,119.77376
2002-03-28,120.04604
2002-04-02,119.81523
2002-04-03,120.32775
2002-04-04,120.43714
2002-04-05,119.90647
2002-04-08,120.16676
2002-04-09,120.72214
2002-04-10,121.13617
2002-04-11,120.83429
2002-04-12,120.96366
2002-04-15,120.59884
2002-04-16,121.37983
2002-04-17,121.58341
2002-04-18,121.13191
2002-04-19,121.82385
2002-04-22,122.12827
2002-04-23,121.95476
2002-04-24,121.60261
2002-04-25,121.87234
2002-04-26,121.86859
2002-04-29,122.20913
2002-04-30,121.86002
2002-05-02,122.39493
2002-05-03,122.038
2002-05-06,122.17339
2002-05-07,122.78112
2002-05-08,123.14184
2002-05-10,122.71341
2002-05-13,122.57138
2002-05-14,122.55728
2002-05-15,121.37128
2002-05-16,121.56997
2002-05-17,120.99301
2002-05-21,120.71689
2002-05-22,120.47614
2002-05-23,119.89169
2002-05-24,119.72022
2002-05-27,120.08174
2002-05-28,119.91859
2002-05-29,119.87318
2002-05-30,119.21233
2002-05-31,119.09907
2002-06-03,118.7957
2002-06-04,119.06889
2002-06-05,119.13871
2002-06-06,119.13407
2002-06-07,119.70397
2002-06-10,119.79917
2002-06-11,119.4102
2002-06-12,119.21636
2002-06-13,118.9343
2002-06-14,119.10446
2002-06-17,118.46537
2002-06-18,117.99472
2002-06-19,117.92237
2002-06-20,117.66987
2002-06-24,117.20432
2002-06-25,116.81428
2002-06-26,116.89619
2002-06-27,117.12118
2002-06-28,116.75918
2002-07-01,116.62839
2002-07-02,117.04632
2002-07-03,116.93941
2002-07-04,117.74019
2002-07-05,117.9913
2002-07-08,117.91611
2002-07-09,118.22724
2002-07-10,119.22155
2002-07-11,120.30683
2002-07-12,119.31021
2002-07-15,118.56451
2002-07-16,118.83338
2002-07-17,119.88742
2002-07-18,118.83836
2002-07-19,119.50728
2002-07-22,120.99085
2002-07-23,121.99169
2002-07-24,122.37247
2002-07-25,121.35155
2002-07-26,120.44179
2002-07-29,119.48886
2002-07-30,118.92216
2002-07-31,119.21317
2002-08-01,120.17083
2002-08-02,121.86934
2002-08-05,121.71321
2002-08-06,122.295
2002-08-07,120.1813
2002-08-08,120.14747
2002-08-09,119.95798
2002-08-12,119.69985
2002-08-13,118.96803
2002-08-14,119.1968
2002-08-15,119.02383
2002-08-16,119.18109
2002-08-19,118.66133
2002-08-20,118.51386
2002-08-21,118.26577
2002-08-22,117.92775
2002-08-23,118.95691
2002-08-26,118.22323
2002-08-27,117.77898
2002-08-28,117.75809
2002-08-29,117.86887
2002-08-30,118.089
2002-09-02,119.16566
2002-09-03,119.54497
2002-09-04,120.05764
2002-09-05,119.24542
2002-09-06,119.08745
2002-09-09,118.69151
2002-09-10,118.79853
2002-09-11,118.50534
2002-09-12,118.44225
2002-09-13,119.20656
2002-09-16,118.12934
2002-09-17,117.401
2002-09-18,117.82577
2002-09-19,117.09248
2002-09-20,116.79197
2002-09-23,115.87235
2002-09-24,116.83575
2002-09-25,117.46836
2002-09-26,117.44473
2002-09-27,117.92797
2002-09-30,117.26347
2002-10-01,117.32252
2002-10-02,116.375
2002-10-03,116.81789
2002-10-04,116.5332
2002-10-07,117.03733
2002-10-08,116.86793
2002-10-09,117.32004
2002-10-10,117.6895
2002-10-11,117.15502
2002-10-14,116.83897
2002-10-15,116.49063
2002-10-16,116.40548
2002-10-17,116.708
2002-10-18,117.27969
2002-10-21,116.52626
2002-10-22,116.99233
2002-10-23,117.56658
2002-10-24,117.403
2002-10-25,117.53188
2002-10-28,117.09845
2002-10-29,116.84045
2002-10-30,116.74618
2002-10-31,116.52543
2002-11-01,116.33921
2002-11-04,116.59303
2002-11-05,116.58668
2002-11-06,116.75871
2002-11-07,116.7963
2002-11-08,116.85884
2002-11-11,116.26943
2002-11-12,116.13492
2002-11-13,115.97482
2002-11-14,116.11056
2002-11-15,116.30297
2002-11-18,115.86365
2002-11-19,115.89052
2002-11-20,116.17104
2002-11-21,116.05875
2002-11-22,114.96546
2002-11-25,115.54895
2002-11-26,115.99162
2002-11-27,116.30311
2002-11-28,116.62224
2002-11-29,116.25845
2002-12-02,115.57451
2002-12-03,115.48526
2002-12-04,115.91978
2002-12-05,116.0889
2002-12-06,115.80519
2002-12-09,115.87869
2002-12-10,116.04926
2002-12-11,115.93982
2002-12-12,115.86176
2002-12-13,115.94403
2002-12-16,116.28167
2002-12-17,115.5012
2002-12-18,115.76018
2002-12-19,115.79484
2002-12-20,115.99172
2002-12-23,115.91692
2002-12-27,115.92985
2002-12-30,116.40518
2003-01-02,115.5489
2003-01-03,115.54531
2003-01-07,115.01582
2003-01-08,114.95805
2003-01-09,115.01457
2003-01-10,115.51552
2003-01-13,115.72798
2003-01-14,115.68402
2003-01-15,115.93909
2003-01-16,115.83882
2003-01-17,115.6098
2003-01-20,115.73037
2003-01-21,115.47384
2003-01-22,115.89852
2003-01-23,115.67497
2003-01-24,115.70173
2003-01-27,115.456
2003-01-28,115.31403
2003-01-29,115.38319
2003-01-30,115.05647
2003-01-31,115.13037
2003-02-03,115.94171
2003-02-04,115.54795
2003-02-05,115.23468
2003-02-06,115.07973
2003-02-07,114.5417
2003-02-10,114.26194
2003-02-11,114.66424
2003-02-12,114.44735
2003-02-13,113.94159
2003-02-14,113.66181
2003-02-17,113.99008
2003-02-18,113.98416
2003-02-19,114.10751
2003-02-20,113.73184
2003-02-21,113.68067
2003-02-24,114.01961
2003-02-25,113.77584
2003-02-26,113.61974
2003-02-27,113.41557
2003-02-28,113.73544
2003-03-03,114.06892
2003-03-04,114.28826
2003-03-05,113.97073
2003-03-06,114.00851
2003-03-07,114.19688
2003-03-10,114.1516
2003-03-11,114.3006
2003-03-12,114.92626
2003-03-13,115.13439
2003-03-14,114.92718
2003-03-17,114.63221
2003-03-18,115.07734
2003-03-19,115.14259
2003-03-20,114.68293
2003-03-21,114.50413
2003-03-24,114.59384
2003-03-25,114.91675
2003-03-26,115.29792
2003-03-27,115.09998
2003-03-28,114.91707
2003-03-31,114.47209
2003-04-01,114.35937
2003-04-02,114.6283
2003-04-03,114.97028
2003-04-04,114.59292
2003-04-07,114.75785
2003-04-08,114.45346
2003-04-09,113.86314
2003-04-10,113.90488
2003-04-11,113.60328
2003-04-14,113.75205
2003-04-15,113.55774
2003-04-16,113.86593
2003-04-17,113.7683
2003-04-22,113.56027
2003-04-23,113.04587
2003-04-24,112.73281
2003-04-25,112.73591
2003-04-28,113.01317
2003-04-29,113.55681
2003-04-30,112.57857
2003-05-02,112.34909
2003-05-05,111.98816
2003-05-06,111.68272
2003-05-07,111.4743
2003-05-08,111.99892
2003-05-09,111.9556
2003-05-12,112.16222
2003-05-13,112.31962
2003-05-14,112.54832
2003-05-15,112.56347
2003-05-16,112.36761
2003-05-19,111.9564
2003-05-20,111.84913
2003-05-21,112.04085
2003-05-22,111.86889
2003-05-23,111.6246
2003-05-26,111.7174
2003-05-27,111.41793
2003-05-28,111.30464
2003-05-30,110.83947
2003-06-02,110.95449
2003-06-03,110.75333
2003-06-04,110.81137
2003-06-05,110.94065
2003-06-06,110.62302
2003-06-10,110.88397
2003-06-11,110.89178
2003-06-12,110.37918
2003-06-13,110.22646
2003-06-16,110.25221
2003-06-17,110.28997
2003-06-18,110.10782
2003-06-19,110.80538
2003-06-23,110.90449
2003-06-24,111.71153
2003-06-25,112.31841
2003-06-26,112.31985
2003-06-27,112.48474
2003-06-30,112.26607
2003-07-01,112.7236
2003-07-02,112.85675
2003-07-03,112.2555
2003-07-04,112.59499
2003-07-07,113.54801
2003-07-08,112.82615
2003-07-09,112.21878
2003-07-10,112.26017
2003-07-11,112.12548
2003-07-14,112.74606
2003-07-15,112.28545
2003-07-16,112.5726
2003-07-17,113.06793
2003-07-18,113.51093
2003-07-21,113.99417
2003-07-22,113.80716
2003-07-23,113.18722
2003-07-24,112.32335
2003-07-25,112.43671
2003-07-28,112.11893
2003-07-29,111.93074
2003-07-30,112.37647
2003-07-31,112.63597
2003-08-01,113.57404
2003-08-04,113.62833
2003-08-05,112.95282
2003-08-06,112.62149
2003-08-07,112.78543
2003-08-08,112.90971
2003-08-11,113.09061
2003-08-12,113.37745
2003-08-13,113.25565
2003-08-14,113.247
2003-08-15,113.08906
2003-08-18,113.54023
2003-08-19,114.2411
2003-08-20,114.51735
2003-08-21,114.24333
2003-08-22,114.11367
2003-08-25,114.74252
2003-08-26,115.26246
2003-08-27,115.11774
2003-08-28,114.81618
2003-08-29,114.32759
2003-09-01,113.74836
2003-09-02,114.14908
2003-09-03,114.14923
2003-09-04,113.61903
2003-09-05,113.25298
2003-09-08,112.62452
2003-09-09,112.65544
2003-09-10,113.05385
2003-09-11,112.15847
2003-09-12,111.85353
2003-09-15,112.69969
2003-09-16,112.68587
2003-09-17,111.92752
2003-09-18,110.92123
2003-09-19,110.98799
2003-09-22,111.30519
2003-09-23,110.866
2003-09-24,109.90668
2003-09-25,109.46767
2003-09-26,109.76833
2003-09-29,110.05449
2003-09-30,109.16071
2003-10-01,110.63109
2003-10-02,110.08004
2003-10-03,109.94856
2003-10-06,110.00345
2003-10-07,109.03781
2003-10-08,109.52266
2003-10-09,109.38852
2003-10-10,109.66791
2003-10-13,110.04465
2003-10-14,109.84852
2003-10-15,109.51008
2003-10-16,109.36416
2003-10-17,109.93484
2003-10-20,110.40915
2003-10-21,110.78481
2003-10-22,110.30393
2003-10-23,109.95846
2003-10-24,110.35386
2003-10-27,110.82656
2003-10-28,110.72716
2003-10-29,110.93874
2003-10-30,110.35118
2003-10-31,110.88975
2003-11-03,111.39219
2003-11-04,111.23049
2003-11-05,111.19794
2003-11-06,110.98761
2003-11-07,110.67297
2003-11-10,110.42417
2003-11-11,110.55899
2003-11-12,110.34782
2003-11-13,109.66144
2003-11-14,109.41403
2003-11-17,109.20571
2003-11-18,109.47787
2003-11-19,109.39222
2003-11-20,109.14464
2003-11-21,109.29725
2003-11-24,108.94321
2003-11-25,109.29936
2003-11-26,109.45033
2003-11-27,109.77038
2003-11-28,109.56142
2003-12-01,109.64955
2003-12-02,109.51823
2003-12-03,109.24749
2003-12-04,108.81755
2003-12-05,108.69401
2003-12-08,108.44503
2003-12-09,107.89908
2003-12-10,108.11036
2003-12-11,108.58279
2003-12-12,108.46462
2003-12-15,108.52568
2003-12-16,108.7832
2003-12-17,108.64124
2003-12-18,108.85816
2003-12-19,108.94689
2003-12-22,109.11421
2003-12-23,109.51022
2003-12-29,109.26616
2003-12-30,109.08903
2004-01-02,108.52197
2004-01-05,108.47645
2004-01-07,108.87512
2004-01-08,108.97391
2004-01-09,108.85033
2004-01-12,108.69744
2004-01-13,109.23616
2004-01-14,109.91964
2004-01-15,110.03912
2004-01-16,110.50668
2004-01-19,110.61685
2004-01-20,110.13543
2004-01-21,109.9271
2004-01-22,109.25434
2004-01-23,109.1517
2004-01-26,110.01118
2004-01-27,110.44784
2004-01-28,109.45881
2004-01-29,109.661
2004-01-30,110.529
2004-02-02,111.10593
2004-02-03,110.36975
2004-02-04,110.55733
2004-02-05,110.2283
2004-02-06,110.38784
2004-02-09,108.9502
2004-02-10,109.08447
2004-02-11,109.03521
2004-02-12,109.14705
2004-02-13,109.16278
2004-02-16,109.51272
2004-02-17,109.85194
2004-02-18,109.67436
2004-02-19,109.87902
2004-02-20,109.99696
2004-02-23,110.21705
2004-02-24,110.362
2004-02-25,110.41687
2004-02-26,110.89759
2004-02-27,110.95163
2004-03-01,111.01981
2004-03-02,111.34957
2004-03-03,111.78818
2004-03-04,111.68063
2004-03-05,111.26685
2004-03-08,110.55881
2004-03-09,110.22772
2004-03-10,110.67411
2004-03-11,111.00284
2004-03-12,111.15075
2004-03-15,111.78814
2004-03-16,111.55411
2004-03-17,111.9948
2004-03-18,111.86368
2004-03-19,111.80084
2004-03-22,111.6693
2004-03-23,111.59582
2004-03-24,111.97677
2004-03-25,112.81933
2004-03-26,112.82183
2004-03-29,112.82842
2004-03-30,112.65403
2004-03-31,112.61551
2004-04-01,112.51228
2004-04-02,112.01856
2004-04-05,112.30099
2004-04-06,112.35665
2004-04-07,112.25992
2004-04-08,111.69265
2004-04-13,112.13801
2004-04-14,112.27338
2004-04-15,112.20831
2004-04-16,112.16111
2004-04-19,112.06039
2004-04-20,112.37713
2004-04-21,112.05563
2004-04-22,111.91585
2004-04-23,111.5225
2004-04-26,111.86662
2004-04-27,111.41752
2004-04-28,111.35278
2004-04-29,111.30083
2004-04-30,111.30529
2004-05-03,111.25942
2004-05-04,111.23319
2004-05-05,111.08414
2004-05-06,110.30313
2004-05-07,110.50626
2004-05-10,110.96111
2004-05-11,111.6483
2004-05-12,111.58128
2004-05-13,111.30714
2004-05-14,111.46002
2004-05-17,111.23039
2004-05-18,111.10607
2004-05-19,110.76534
2004-05-21,110.50739
2004-05-24,110.53139
2004-05-25,110.67894
2004-05-26,110.57598
2004-05-27,110.13261
2004-05-28,110.07102
2004-06-01,110.14616
2004-06-02,110.37302
2004-06-03,110.58975
2004-06-04,110.94703
2004-06-07,110.41652
2004-06-08,110.21343
2004-06-09,110.21136
2004-06-10,111.21293
2004-06-11,111.68423
2004-06-14,111.74264
2004-06-15,111.50481
2004-06-16,111.05419
2004-06-17,111.41591
2004-06-18,111.50529
2004-06-21,111.12085
2004-06-22,111.44179
2004-06-23,111.20034
2004-06-24,111.53692
2004-06-28,111.26804
2004-06-29,110.78728
2004-06-30,110.87947
2004-07-01,111.27189
2004-07-02,111.13574
2004-07-05,110.99824
2004-07-06,111.12009
2004-07-07,111.01975
2004-07-08,110.98118
2004-07-09,110.91371
2004-07-12,111.12504
2004-07-13,111.31047
2004-07-14,111.25139
2004-07-15,111.1136
2004-07-16,111.04241
2004-07-19,111.17042
2004-07-20,111.12378
2004-07-21,111.18999
2004-07-22,111.23755
2004-07-23,111.42562
2004-07-26,111.69797
2004-07-27,111.84475
2004-07-28,111.94375
2004-07-29,112.18674
2004-07-30,112.23082
2004-08-02,112.2677
2004-08-03,112.13379
2004-08-04,111.9585
2004-08-05,111.86262
2004-08-06,111.85033
2004-08-09,111.3835
2004-08-10,111.20719
2004-08-11,111.4095
2004-08-12,111.52394
2004-08-13,111.6037
2004-08-16,111.59076
2004-08-17,111.67197
2004-08-18,111.50506
2004-08-19,111.49066
2004-08-20,111.40069
2004-08-23,111.28906
2004-08-24,111.40293
2004-08-25,111.43357
2004-08-26,111.29001
2004-08-27,111.05711
2004-08-30,111.04659
2004-08-31,110.93214
2004-09-01,110.75382
2004-09-02,110.52345
2004-09-03,110.71616
2004-09-06,110.90028
2004-09-07,110.98299
2004-09-08,110.52298
2004-09-09,110.55439
2004-09-10,110.38753
2004-09-13,110.05628
2004-09-14,110.03321
2004-09-15,110.27674
2004-09-16,110.70522
2004-09-17,110.5258
2004-09-20,110.20224
2004-09-21,109.86611
2004-09-22,109.49938
2004-09-23,109.65449
2004-09-24,109.50433
2004-09-27,109.52185
2004-09-28,109.71045
2004-09-29,109.66027
2004-09-30,109.5057
2004-10-01,109.0487
2004-10-04,108.82407
2004-10-05,109.5815
2004-10-06,109.29606
2004-10-07,109.36815
2004-10-08,109.33216
2004-10-11,109.50691
2004-10-12,109.53534
2004-10-13,109.81487
2004-10-14,109.71224
2004-10-15,109.99989
2004-10-18,109.87621
2004-10-19,109.55505
2004-10-20,109.44312
2004-10-21,109.13578
2004-10-22,109.49904
2004-10-25,109.21286
2004-10-26,108.64016
2004-10-27,108.26221
2004-10-28,108.4898
2004-10-29,108.88161
2004-11-01,108.87517
2004-11-02,108.89292
2004-11-03,109.09829
2004-11-04,108.9589
2004-11-05,109.07862
2004-11-08,108.87574
2004-11-09,109.23481
2004-11-10,109.25775
2004-11-11,108.41178
2004-11-12,107.75499
2004-11-15,107.33847
2004-11-16,107.39832
2004-11-17,107.35952
2004-11-18,107.57026
2004-11-19,107.67883
2004-11-22,107.45769
2004-11-23,107.57135
2004-11-24,107.10645
2004-11-25,106.89394
2004-11-26,106.81119
2004-11-29,106.49913
2004-11-30,106.62277
2004-12-01,106.83131
2004-12-02,107.36848
2004-12-03,107.32595
2004-12-06,106.0771
2004-12-07,106.24493
2004-12-08,107.08242
2004-12-09,107.0847
2004-12-10,107.79819
2004-12-13,106.99639
2004-12-14,106.36579
2004-12-15,106.92365
2004-12-16,106.92712
2004-12-17,107.46396
2004-12-20,106.95669
2004-12-21,106.88569
2004-12-22,107.33421
2004-12-23,107.17245
2004-12-27,107.10367
2004-12-28,106.94603
2004-12-29,106.33563
2004-12-30,106.69625
2005-01-03,106.9863
2005-01-04,107.48294
2005-01-05,107.87719
2005-01-07,108.1007
2005-01-10,108.34973
2005-01-11,108.18513
2005-01-12,108.29893
2005-01-13,108.19352
2005-01-14,108.37676
2005-01-17,108.6156
2005-01-18,108.67004
2005-01-19,108.22979
2005-01-20,108.49619
2005-01-21,108.68745
2005-01-24,108.72153
2005-01-25,108.86702
2005-01-26,109.08389
2005-01-27,108.74167
2005-01-28,109.218
2005-01-31,109.38477
2005-02-01,109.23476
2005-02-02,109.00924
2005-02-03,108.94807
2005-02-04,109.29946
2005-02-07,109.41194
2005-02-08,109.64659
2005-02-09,109.32495
2005-02-10,109.37853
2005-02-11,109.36718
2005-02-14,109.47715
2005-02-15,109.11121
2005-02-16,108.9407
2005-02-17,109.06282
2005-02-18,109.18921
2005-02-21,109.46038
2005-02-22,109.04157
2005-02-23,109.04537
2005-02-24,108.60601
2005-02-25,108.83158
2005-02-28,108.4164
2005-03-01,108.68297
2005-03-02,108.81099
2005-03-03,108.8185
2005-03-04,108.54571
2005-03-07,108.4151
2005-03-08,108.26333
2005-03-09,108.05572
2005-03-10,108.19466
2005-03-11,108.33063
2005-03-14,108.19906
2005-03-15,108.6567
2005-03-16,108.55829
2005-03-17,108.61142
2005-03-18,108.74594
2005-03-21,109.26721
2005-03-22,109.30107
2005-03-23,109.30009
2005-03-24,109.30866
2005-03-29,109.59227
2005-03-30,109.78173
2005-03-31,109.87924
2005-04-01,110.13709
2005-04-04,110.32101
2005-04-05,110.53448
2005-04-06,110.45101
2005-04-07,110.06691
2005-04-08,110.40624
2005-04-11,110.3254
2005-04-12,109.98387
2005-04-13,110.14418
2005-04-14,110.44546
2005-04-15,110.74162
2005-04-18,110.21763
2005-04-19,110.40257
2005-04-20,110.32238
2005-04-21,110.21233
2005-04-22,110.0195
2005-04-25,110.23349
2005-04-26,109.92818
2005-04-27,110.13957
2005-04-28,110.19524
2005-04-29,110.36716
2005-05-02,110.90386
2005-05-03,111.24594
2005-05-04,110.75735
2005-05-06,110.54662
2005-05-09,110.94713
2005-05-10,111.04794
2005-05-11,111.0702
2005-05-12,111.59846
2005-05-13,111.42455
2005-05-16,111.51269
2005-05-17,111.66599
2005-05-18,111.39643
2005-05-19,111.12012
2005-05-20,111.25654
2005-05-23,111.19051
2005-05-24,111.18158
2005-05-25,111.13647
2005-05-26,111.45053
2005-05-27,111.54281
2005-05-30,111.59097
2005-05-31,111.60877
2005-06-01,111.62183
2005-06-02,111.99055
2005-06-03,111.69945
2005-06-07,112.01697
2005-06-08,111.99133
2005-06-09,112.74061
2005-06-10,112.74494
2005-06-13,113.58958
2005-06-14,114.10801
2005-06-15,114.05803
2005-06-16,114.06421
2005-06-17,113.95665
2005-06-20,113.13643
2005-06-21,113.98173
2005-06-22,113.81539
2005-06-23,115.08867
2005-06-27,115.3044
2005-06-28,115.46352
2005-06-29,115.97785
2005-06-30,116.05549
2005-07-01,116.23084
2005-07-04,116.70337
2005-07-05,116.47286
2005-07-06,115.82421
2005-07-07,115.44919
2005-07-08,115.72649
2005-07-11,116.1369
2005-07-12,115.7215
2005-07-13,114.82395
2005-07-14,114.83152
2005-07-15,115.08697
2005-07-18,114.98106
2005-07-19,115.74606
2005-07-20,115.277
2005-07-21,115.51891
2005-07-22,115.51724
2005-07-25,115.53631
2005-07-26,115.42893
2005-07-27,116.15725
2005-07-28,115.76909
2005-07-29,114.97215
2005-08-01,115
2005-08-02,115.02206
2005-08-03,114.71948
2005-08-04,114.43299
2005-08-05,113.8291
2005-08-08,113.73855
2005-08-09,113.89477
2005-08-10,114.09456
2005-08-11,113.8706
2005-08-12,113.35044
2005-08-15,113.60354
2005-08-16,113.63799
2005-08-17,114.31991
2005-08-18,114.32116
2005-08-19,114.58918
2005-08-22,114.78421
2005-08-23,114.66928
2005-08-24,114.38785
2005-08-25,114.0768
2005-08-26,114.09902
2005-08-29,113.97276
2005-08-30,114.17024
2005-08-31,114.50034
2005-09-01,114.05177
2005-09-02,113.47513
2005-09-05,113.32776
2005-09-06,113.88851
2005-09-07,113.62768
2005-09-08,114.05122
2005-09-09,114.30635
2005-09-12,114.10533
2005-09-13,114.09912
2005-09-14,114.56639
2005-09-15,114.86599
2005-09-16,114.65031
2005-09-19,114.87459
2005-09-20,114.95402
2005-09-21,114.7943
2005-09-22,114.74623
2005-09-23,115.23264
2005-09-26,115.49824
2005-09-27,115.66728
2005-09-28,115.62283
2005-09-29,115.42936
2005-09-30,115.001
2005-10-03,114.59603
2005-10-04,114.94699
2005-10-05,114.7375
2005-10-06,114.29796
2005-10-07,114.40785
2005-10-10,114.51767
2005-10-11,114.80986
2005-10-12,114.90452
2005-10-13,115.39377
2005-10-14,115.6452
2005-10-17,116.16512
2005-10-18,116.3217
2005-10-19,116.55932
2005-10-20,116.83101
2005-10-21,116.66936
2005-10-24,117.58794
2005-10-25,117.56679
2005-10-26,116.66169
2005-10-27,116.9671
2005-10-28,116.6047
2005-10-31,117.26985
2005-11-01,117.47542
2005-11-02,117.82953
2005-11-03,118.58558
2005-11-04,118.06477
2005-11-07,118.59408
2005-11-08,118.34866
2005-11-09,118.12066
2005-11-10,118.8106
2005-11-11,119.35892
2005-11-14,118.17704
2005-11-15,118.55057
2005-11-16,118.95799
2005-11-17,119.21033
2005-11-18,118.73865
2005-11-21,118.09316
2005-11-22,117.96835
2005-11-23,117.22139
2005-11-24,117.23119
2005-11-25,117.18403
2005-11-28,117.21157
2005-11-29,116.82572
2005-11-30,117.51309
2005-12-01,117.40159
2005-12-02,117.30143
2005-12-05,116.35424
2005-12-06,116.35942
2005-12-07,116.39856
2005-12-08,116.06529
2005-12-09,116.38115
2005-12-12,116.25897
2005-12-13,116.13567
2005-12-14,116.04496
2005-12-15,116.05466
2005-12-16,116.60035
2005-12-19,116.12253
2005-12-20,115.54091
2005-12-21,116.33581
2005-12-22,116.38788
2005-12-23,116.27029
2005-12-27,116.92258
2005-12-28,116.01799
2005-12-29,115.77903
2005-12-30,116.13705
2006-01-02,115.88137
2006-01-03,115.86791
2006-01-04,114.78406
2006-01-05,114.77351
2006-01-09,114.67439
2006-01-10,114.90062
2006-01-11,115.14898
2006-01-12,114.87537
2006-01-13,114.43302
2006-01-16,114.60543
2006-01-17,114.66359
2006-01-18,114.29963
2006-01-19,114.41671
2006-01-20,114.618
2006-01-23,113.73022
2006-01-24,113.19771
2006-01-25,113.43931
2006-01-26,113.53168
2006-01-27,113.29934
2006-01-30,113.38483
2006-01-31,113.39667
2006-02-01,113.44359
2006-02-02,113.75116
2006-02-03,114.28411
2006-02-06,114.26395
2006-02-07,114.58389
2006-02-08,114.41497
2006-02-09,114.15942
2006-02-10,114.21403
2006-02-13,114.98847
2006-02-14,115.14225
2006-02-15,114.87601
2006-02-16,115.37332
2006-02-17,116.1061
2006-02-20,115.48989
2006-02-21,115.7073
2006-02-22,115.8112
2006-02-23,116.02239
2006-02-24,116.09719
2006-02-27,116.65285
2006-02-28,117.00453
2006-03-01,116.50102
2006-03-02,116.81319
2006-03-03,116.33159
2006-03-06,116.08388
2006-03-07,116.47544
2006-03-08,116.69044
2006-03-09,116.18398
2006-03-10,115.77408
2006-03-13,115.39284
2006-03-14,115.29752
2006-03-15,115.10619
2006-03-16,114.91045
2006-03-17,114.52052
2006-03-20,114.29423
2006-03-21,114.85866
2006-03-22,115.07097
2006-03-23,114.72093
2006-03-24,114.86776
2006-03-27,114.9019
2006-03-28,114.89499
2006-03-29,115.44528
2006-03-30,115.495
2006-03-31,114.93302
2006-04-03,115.58751
2006-04-04,114.82551
2006-04-05,114.33338
2006-04-06,113.88122
2006-04-07,114.1191
2006-04-10,114.65121
2006-04-11,114.48542
2006-04-12,113.98235
2006-04-13,114.43259
2006-04-18,113.82257
2006-04-19,113.56007
2006-04-20,113.43208
2006-04-21,113.76066
2006-04-24,113.77524
2006-04-25,113.9956
2006-04-26,113.76583
2006-04-27,113.73699
2006-04-28,113.25651
2006-05-02,113.39054
2006-05-03,113.70004
2006-05-04,113.70215
2006-05-05,113.68652
2006-05-08,113.40353
2006-05-09,113.6062
2006-05-10,113.4106
2006-05-11,113.6808
2006-05-12,113.64025
2006-05-15,113.83118
2006-05-16,114.20897
2006-05-17,113.89157
2006-05-18,114.10456
2006-05-19,113.51771
2006-05-22,113.53803
2006-05-23,112.87691
2006-05-24,112.89946
2006-05-26,112.92682
2006-05-29,112.90404
2006-05-30,112.40553
2006-05-31,112.05453
2006-06-01,112.19318
2006-06-02,111.93389
2006-06-05,110.92228
2006-06-07,111.38548
2006-06-08,111.50815
2006-06-09,112.1203
2006-06-12,111.84081
2006-06-13,112.14733
2006-06-14,112.45704
2006-06-15,112.51144
2006-06-16,112.31334
2006-06-19,112.59773
2006-06-20,112.35532
2006-06-21,111.52215
2006-06-22,111.47147
2006-06-26,111.46262
2006-06-27,111.624
2006-06-28,111.9515
2006-06-29,111.58345
2006-06-30,111.46934
2006-07-03,111.02468
2006-07-04,111.01445
2006-07-05,110.87311
2006-07-06,110.7428
2006-07-07,110.60077
2006-07-10,110.4259
2006-07-11,110.93177
2006-07-12,110.72596
2006-07-13,110.78913
2006-07-14,111.37805
2006-07-17,111.67727
2006-07-18,112.19859
2006-07-19,112.55329
2006-07-20,112.08448
2006-07-21,111.77149
2006-07-24,112.22167
2006-07-25,112.31564
2006-07-26,112.11838
2006-07-27,111.92286
2006-07-28,111.86281
2006-07-31,111.83079
2006-08-01,111.58809
2006-08-02,111.22786
2006-08-03,111.26742
2006-08-04,111.63324
2006-08-07,111.13671
2006-08-08,111.2091
2006-08-09,111.07106
2006-08-10,111.14517
2006-08-11,111.45807
2006-08-14,111.58007
2006-08-15,111.57893
2006-08-16,111.45456
2006-08-17,111.14627
2006-08-18,111.03531
2006-08-21,111.10547
2006-08-22,111.13344
2006-08-23,111.23379
2006-08-24,111.15418
2006-08-25,111.40793
2006-08-28,111.92382
2006-08-29,111.9003
2006-08-30,111.60974
2006-08-31,111.71428
2006-09-01,112.62143
2006-09-04,112.76742
2006-09-05,112.6777
2006-09-06,112.3732
2006-09-07,112.45907
2006-09-08,113.10791
2006-09-11,112.43436
2006-09-12,112.08091
2006-09-13,111.65055
2006-09-14,111.90292
2006-09-15,111.71138
2006-09-18,111.17126
2006-09-19,111.03738
2006-09-20,111.4886
2006-09-21,111.57032
2006-09-22,111.68191
2006-09-25,111.9946
2006-09-26,112.4733
2006-09-27,112.68677
2006-09-28,112.3324
2006-09-29,112.1309
2006-10-02,112.21628
2006-10-03,112.61875
2006-10-04,112.84017
2006-10-05,112.50113
2006-10-06,111.99834
2006-10-09,112.19543
2006-10-10,112.65899
2006-10-11,112.3252
2006-10-12,112.16849
2006-10-13,112.39576
2006-10-16,112.4068
2006-10-17,112.25343
2006-10-18,112.31336
2006-10-19,112.21698
2006-10-20,111.93499
2006-10-23,111.74777
2006-10-24,111.71514
2006-10-25,111.95761
2006-10-26,111.99452
2006-10-27,111.8276
2006-10-30,111.72891
2006-10-31,111.89649
2006-11-01,111.69696
2006-11-02,111.37419
2006-11-03,111.33151
2006-11-06,111.17024
2006-11-07,110.95872
2006-11-08,110.77667
2006-11-09,110.68519
2006-11-10,109.89571
2006-11-13,110.17735
2006-11-14,110.07734
2006-11-15,109.81466
2006-11-16,109.49965
2006-11-17,109.63493
2006-11-20,109.78315
2006-11-21,109.98698
2006-11-22,110.0848
2006-11-23,109.34814
2006-11-24,109.17843
2006-11-27,108.91421
2006-11-28,108.82421
2006-11-29,109.3306
2006-11-30,109.16904
2006-12-01,108.6602
2006-12-04,108.40991
2006-12-05,108.68428
2006-12-06,108.80207
2006-12-07,108.91271
2006-12-08,108.60996
2006-12-11,109.00589
2006-12-12,109.05735
2006-12-13,108.5052
2006-12-14,108.73995
2006-12-15,109.11497
2006-12-18,109.13173
2006-12-19,109.22238
2006-12-20,108.34487
2006-12-21,108.27457
2006-12-22,107.92007
2006-12-27,108.46795
2006-12-28,108.6745
2006-12-29,108.86287
2007-01-02,108.28644
2007-01-03,108.23918
2007-01-04,108.74205
2007-01-05,109.36486
2007-01-08,109.26184
2007-01-09,109.72768
2007-01-10,109.79594
2007-01-11,110.23904
2007-01-12,110.30968
2007-01-15,109.59237
2007-01-16,109.61238
2007-01-17,109.35942
2007-01-18,109.82
2007-01-19,110.17631
2007-01-22,110.03743
2007-01-23,109.89217
2007-01-24,109.59802
2007-01-25,109.61341
2007-01-26,109.95646
2007-01-29,109.55966
2007-01-30,108.99093
2007-01-31,109.2352
2007-02-01,109.09374
2007-02-02,109.39412
2007-02-05,109.38252
2007-02-06,110.64917
2007-02-07,110.3407
2007-02-08,110.11482
2007-02-09,109.68291
2007-02-12,109.89995
2007-02-13,110.40412
2007-02-14,110.36882
2007-02-15,110.54448
2007-02-16,111.31912
2007-02-19,111.52435
2007-02-20,111.21004
2007-02-21,111.65089
2007-02-22,111.96389
2007-02-23,111.98123
2007-02-26,111.86647
2007-02-27,111.39413
2007-02-28,111.32926
2007-03-01,111.25317
2007-03-02,111.90505
2007-03-05,112.2478
2007-03-06,111.6099
2007-03-07,111.3666
2007-03-08,111.57936
2007-03-09,111.92713
2007-03-12,111.93677
2007-03-13,111.83166
2007-03-14,111.64898
2007-03-15,111.37877
2007-03-16,110.9561
2007-03-19,111.30259
2007-03-20,111.72335
2007-03-21,111.60587
2007-03-22,111.62399
2007-03-23,111.76613
2007-03-26,111.94083
2007-03-27,111.81235
2007-03-28,111.74856
2007-03-29,112.22806
2007-03-30,111.99865
2007-04-02,112.24723
2007-04-03,112.54845
2007-04-04,112.18004
2007-04-05,111.47577
2007-04-10,111.14503
2007-04-11,111.14514
2007-04-12,111.18643
2007-04-13,110.96287
2007-04-16,110.81853
2007-04-17,110.42159
2007-04-18,110.3612
2007-04-19,110.45301
2007-04-20,109.94734
2007-04-23,110.20589
2007-04-24,110.21435
2007-04-25,109.98098
2007-04-26,109.65098
2007-04-27,109.3258
2007-04-30,109.53996
2007-05-02,109.42106
2007-05-03,109.34691
2007-05-04,109.60258
2007-05-07,109.81663
2007-05-08,109.89991
2007-05-09,110.26242
2007-05-10,110.27221
2007-05-11,110.63108
2007-05-14,110.52449
2007-05-15,110.26145
2007-05-16,109.92377
2007-05-18,110.42454
2007-05-21,110.57664
2007-05-22,110.63003
2007-05-23,110.30811
2007-05-24,110.49524
2007-05-25,110.48065
2007-05-28,110.53537
2007-05-29,110.92486
2007-05-30,111.47413
2007-05-31,111.69083
2007-06-01,111.72122
2007-06-04,112.22913
2007-06-05,111.95255
2007-06-07,111.9827
2007-06-08,112.25533
2007-06-11,112.53467
2007-06-12,112.81537
2007-06-13,113.56007
2007-06-14,113.2268
2007-06-15,113.67273
2007-06-18,113.51652
2007-06-19,113.27065
2007-06-20,112.95066
2007-06-21,111.41752
2007-06-25,111.25314
2007-06-26,111.47911
2007-06-27,111.88019
2007-06-28,111.34762
2007-06-29,111.36425
2007-07-02,111.32377
2007-07-03,110.97323
2007-07-04,110.72359
2007-07-05,109.95095
2007-07-06,109.96346
2007-07-09,110.14477
2007-07-10,110.19033
2007-07-11,109.97114
2007-07-12,109.71965
2007-07-13,109.80989
2007-07-16,109.97688
2007-07-17,109.92655
2007-07-18,109.9729
2007-07-19,110.1184
2007-07-20,109.99761
2007-07-23,110.18712
2007-07-24,110.12139
2007-07-25,110.72807
2007-07-26,110.71004
2007-07-27,110.91469
2007-07-30,110.58169
2007-07-31,110.28718
2007-08-01,110.96117
2007-08-02,110.88593
2007-08-03,110.60918
2007-08-06,110.84985
2007-08-07,110.37549
2007-08-08,110.74186
2007-08-09,110.95796
2007-08-10,111.3964
2007-08-13,111.56911
2007-08-14,112.27406
2007-08-15,112.33313
2007-08-16,113.03716
2007-08-17,113.09837
2007-08-20,112.27834
2007-08-21,112.7747
2007-08-22,112.63067
2007-08-23,112.48916
2007-08-24,112.88829
2007-08-27,112.10574
2007-08-28,112.52369
2007-08-29,112.69297
2007-08-30,112.66771
2007-08-31,112.33721
2007-09-03,112.92759
2007-09-04,112.88045
2007-09-05,113.03413
2007-09-06,112.7159
2007-09-07,111.98497
2007-09-10,112.44497
2007-09-11,112.30696
2007-09-12,111.62167
2007-09-13,111.2608
2007-09-14,110.96703
2007-09-17,111.06657
2007-09-18,111.31957
2007-09-19,110.77911
2007-09-20,109.98726
2007-09-21,110.04559
2007-09-24,109.68956
2007-09-25,109.7578
2007-09-26,109.89738
2007-09-27,110.32182
2007-09-28,109.88894
2007-10-01,109.59683
2007-10-02,109.8411
2007-10-03,110.03452
2007-10-04,109.9634
2007-10-05,109.9767
2007-10-08,109.62611
2007-10-09,109.76889
2007-10-10,109.57028
2007-10-11,109.19315
2007-10-12,108.88808
2007-10-15,108.71354
2007-10-16,109.4894
2007-10-17,109.33459
2007-10-18,109.24741
2007-10-19,109.53258
2007-10-22,109.57839
2007-10-23,110.03813
2007-10-24,110.0263
2007-10-25,110.10364
2007-10-26,109.80656
2007-10-29,109.46697
2007-10-30,109.66692
2007-10-31,109.59045
2007-11-01,109.79984
2007-11-02,110.34957
2007-11-05,110.36864
2007-11-06,110.42937
2007-11-07,109.83938
2007-11-08,110.18967
2007-11-09,110.03296
2007-11-12,110.08609
2007-11-13,110.10497
2007-11-14,109.69851
2007-11-15,109.07361
2007-11-16,110.05019
2007-11-19,109.81039
2007-11-20,109.58326
2007-11-21,110.10947
2007-11-22,110.06119
2007-11-23,109.94636
2007-11-26,109.39298
2007-11-27,109.63588
2007-11-28,110.37502
2007-11-29,110.73779
2007-11-30,110.9077
2007-12-03,110.63892
2007-12-04,111.51735
2007-12-05,110.88385
2007-12-06,111.17328
2007-12-07,111.05914
2007-12-10,111.64889
2007-12-11,111.01901
2007-12-12,111.64835
2007-12-13,111.52344
2007-12-14,111.59571
2007-12-17,111.77571
2007-12-18,112.28523
2007-12-19,112.15657
2007-12-20,112.33702
2007-12-21,111.99188
2007-12-27,111.89594
2007-12-28,111.9265
2008-01-02,111.29626
2008-01-03,111.15853
2008-01-04,110.60772
2008-01-07,110.80639
2008-01-08,110.63179
2008-01-09,111.1365
2008-01-10,111.24197
2008-01-11,110.57282
2008-01-14,110.79152
2008-01-15,110.49858
2008-01-16,111.25365
2008-01-17,111.49196
2008-01-18,111.44379
2008-01-21,111.97023
2008-01-22,112.81609
2008-01-23,112.11088
2008-01-24,112.13587
2008-01-25,111.46061
2008-01-28,112.12128
2008-01-29,111.60399
2008-01-30,111.52974
2008-01-31,111.15258
2008-02-01,111.48604
2008-02-04,110.78871
2008-02-05,110.70379
2008-02-06,111.98174
2008-02-07,111.31403
2008-02-08,111.90163
2008-02-11,111.51041
2008-02-12,111.63965
2008-02-13,111.10513
2008-02-14,110.5172
2008-02-15,110.33891
2008-02-18,109.97203
2008-02-19,110.22079
2008-02-20,110.19329
2008-02-21,109.8181
2008-02-22,109.83036
2008-02-25,109.88373
2008-02-26,109.8483
2008-02-27,109.54979
2008-02-28,110.246
2008-02-29,110.14608
2008-03-03,109.9423
2008-03-04,109.87525
2008-03-05,109.9425
2008-03-06,109.5024
2008-03-07,109.84443
2008-03-10,109.91972
2008-03-11,109.94126
2008-03-12,109.85612
2008-03-13,110.16247
2008-03-14,110.07704
2008-03-17,109.88355
2008-03-18,109.6238
2008-03-19,109.4912
2008-03-20,109.3032
2008-03-25,109.52025
2008-03-26,109.09024
2008-03-27,109.11789
2008-03-28,108.50044
2008-03-31,108.63406
2008-04-01,108.6709
2008-04-02,108.84042
2008-04-03,108.52712
2008-04-04,108.5636
2008-04-07,108.80126
2008-04-08,108.50463
2008-04-09,108.40257
2008-04-10,108.71055
2008-04-11,108.5631
2008-04-14,108.8919
2008-04-15,108.92706
2008-04-16,108.76204
2008-04-17,108.37262
2008-04-18,108.85424
2008-04-21,108.94361
2008-04-22,108.17257
2008-04-23,107.68427
2008-04-24,107.78834
2008-04-25,108.24565
2008-04-28,108.64162
2008-04-29,108.71065
2008-04-30,108.71367
2008-05-02,108.74669
2008-05-05,108.88728
2008-05-06,109.04316
2008-05-07,108.52826
2008-05-08,108.73264
2008-05-09,108.23238
2008-05-12,108.18442
2008-05-13,107.92063
2008-05-14,108.3183
2008-05-15,108.30432
2008-05-16,108.77978
2008-05-19,108.3956
2008-05-20,107.79283
2008-05-21,108.01753
2008-05-22,108.08901
2008-05-23,108.03192
2008-05-26,107.87794
2008-05-27,108.11636
2008-05-28,108.10381
2008-05-29,108.62307
2008-05-30,108.94292
2008-06-02,108.84865
2008-06-03,108.93156
2008-06-04,108.89333
2008-06-05,108.67713
2008-06-09,108.02011
2008-06-10,108.34005
2008-06-11,108.91825
2008-06-12,109.11456
2008-06-13,109.19971
2008-06-16,109.08111
2008-06-17,108.73367
2008-06-18,109.06045
2008-06-19,109.31643
2008-06-23,109.33633
2008-06-24,109.37595
2008-06-25,109.66771
2008-06-26,109.32874
2008-06-27,109.26075
2008-06-30,109.65359
2008-07-01,110.0024
2008-07-02,109.67818
2008-07-03,109.46518
2008-07-04,109.2389
2008-07-07,109.20344
2008-07-08,109.49776
2008-07-09,109.58333
2008-07-10,109.67891
2008-07-11,109.8364
2008-07-14,109.73005
2008-07-15,110.11069
2008-07-16,110.45368
2008-07-17,110.3378
2008-07-18,110.11344
2008-07-21,109.57712
2008-07-22,109.8275
2008-07-23,109.91258
2008-07-24,110.1824
2008-07-25,110.15608
2008-07-28,110.11761
2008-07-29,109.91345
2008-07-30,110.2499
2008-07-31,110.21442
2008-08-01,109.91042
2008-08-04,110.51592
2008-08-05,110.29727
2008-08-06,110.08174
2008-08-07,109.7428
2008-08-08,109.93091
2008-08-11,110.4067
2008-08-12,110.49338
2008-08-13,110.30356
2008-08-14,109.90713
2008-08-15,110.06349
2008-08-18,110.17631
2008-08-19,110.44584
2008-08-20,110.65765
2008-08-21,110.4967
2008-08-22,110.02254
2008-08-25,110.13141
2008-08-26,110.3303
2008-08-27,110.49758
2008-08-28,110.81519
2008-08-29,110.94047
2008-09-01,111.33849
2008-09-02,111.37949
2008-09-03,111.54431
2008-09-04,111.54329
2008-09-05,112.01039
2008-09-08,111.62279
2008-09-09,112.11994
2008-09-10,112.66843
2008-09-11,112.93191
2008-09-12,112.85431
2008-09-15,113.09145
2008-09-16,113.73048
2008-09-17,113.30483
2008-09-18,113.35685
2008-09-19,112.91066
2008-09-22,112.7226
2008-09-23,112.46888
2008-09-24,112.99942
2008-09-25,113.1092
2008-09-26,113.50232
2008-09-29,114.41394
2008-09-30,114.72704
2008-10-01,114.88671
2008-10-02,115.85034
2008-10-03,115.22783
2008-10-06,116.36642
2008-10-07,114.93192
2008-10-08,114.95537
2008-10-09,114.21667
2008-10-10,114.8133
2008-10-13,113.80756
2008-10-14,114.86389
2008-10-15,115.80363
2008-10-16,118.9563
2008-10-17,117.87626
2008-10-20,116.9006
2008-10-21,118.27487
2008-10-22,120.44915
2008-10-23,119.41086
2008-10-24,119.51936
2008-10-27,120.2307
2008-10-28,119.9076
2008-10-29,118.64097
2008-10-30,116.74993
2008-10-31,118.85655
2008-11-03,118.3301
2008-11-04,118.71132
2008-11-05,118.95175
2008-11-06,120.20455
2008-11-07,119.52799
2008-11-10,119.67957
2008-11-11,119.42245
2008-11-12,120.68622
2008-11-13,121.39113
2008-11-14,119.0093
2008-11-17,119.24946
2008-11-18,120.66308
2008-11-19,120.375
2008-11-20,122.25678
2008-11-21,122.5828
2008-11-24,124.01104
2008-11-25,121.34017
2008-11-26,121.59259
2008-11-27,122.17418
2008-11-28,121.97103
2008-12-01,122.36088
2008-12-02,125.2239
2008-12-03,123.63968
2008-12-04,124.09492
2008-12-05,124.99781
2008-12-08,123.48393
2008-12-09,123.61036
2008-12-10,123.96193
2008-12-11,123.86095
2008-12-12,124.30491
2008-12-15,124.43637
2008-12-16,126.38268
2008-12-17,127.41185
2008-12-18,125.52974
2008-12-19,124.39499
2008-12-22,124.61456
2008-12-23,125.22666
2008-12-29,125.71666
2008-12-30,124.28412
2009-01-02,123.92565
2009-01-05,123.43096
2009-01-07,123.63656
2009-01-08,124.51023
2009-01-09,124.02527
2009-01-12,124.79101
2009-01-13,126.51923
2009-01-14,126.38714
2009-01-15,129.30383
2009-01-16,125.92722
2009-01-19,124.18922
2009-01-20,126.72763
2009-01-21,126.34475
2009-01-22,123.32699
2009-01-23,125.3066
2009-01-26,123.33362
2009-01-27,121.04701
2009-01-28,122.41167
2009-01-29,122.90887
2009-01-30,123.82824
2009-02-02,124.99195
2009-02-03,124.64905
2009-02-04,124.4478
2009-02-05,124.11662
2009-02-06,123.23487
2009-02-09,122.95969
2009-02-10,122.9216
2009-02-11,125.05457
2009-02-12,125.986
2009-02-13,125.62838
2009-02-16,126.49341
2009-02-17,128.3125
2009-02-18,129.34651
2009-02-19,127.91774
2009-02-20,129.1978
2009-02-23,130.14719
2009-02-24,131.20463
2009-02-25,130.82305
2009-02-26,131.48059
2009-02-27,133.46419
2009-03-02,134.31318
2009-03-03,133.51447
2009-03-04,134.44954
2009-03-05,133.15346
2009-03-06,135.21456
2009-03-09,134.59461
2009-03-10,133.73291
2009-03-11,130.30191
2009-03-12,130.89913
2009-03-13,128.04094
2009-03-16,127.43975
2009-03-17,127.65234
2009-03-18,126.51879
2009-03-19,124.84016
2009-03-20,125.41194
2009-03-23,126.19839
2009-03-24,124.62498
2009-03-25,126.55914
2009-03-26,125.41116
2009-03-27,123.7936
2009-03-30,126.49981
2009-03-31,126.27137
2009-04-01,126.08554
2009-04-02,125.21027
2009-04-03,124.56815
2009-04-06,123.15448
2009-04-07,125.2878
2009-04-08,126.90007
2009-04-09,126.94653
2009-04-14,126.48817
2009-04-15,126.29603
2009-04-16,126.91879
2009-04-17,128.03281
2009-04-20,129.28993
2009-04-21,130.71386999999999
2009-04-22,129.21006
2009-04-23,128.03977
2009-04-24,126.33316
2009-04-27,125.38749
2009-04-28,124.9858
2009-04-29,124.83768
2009-04-30,123.8629
2009-05-04,124.19368
2009-05-05,123.28061
2009-05-06,123.96954
2009-05-07,122.28451
2009-05-08,122.30161
2009-05-11,121.30293
2009-05-12,122.99114
2009-05-13,122.49673
2009-05-14,124.61334
2009-05-15,124.18046
2009-05-18,123.73999
2009-05-19,121.00099
2009-05-20,121.62228
2009-05-22,121.01064
2009-05-25,120.78748
2009-05-26,121.60481
2009-05-27,122.06015
2009-05-28,124.55052
2009-05-29,123.84795
2009-06-01,122.80589
2009-06-02,122.5387
2009-06-03,123.12807
2009-06-04,125.2114
2009-06-05,125.3571
2009-06-08,126.18849
2009-06-09,125.19535
2009-06-10,124.28759
2009-06-11,124.60927
2009-06-12,124.15824
2009-06-15,125.84415
2009-06-16,126.22104
2009-06-17,125.64271
2009-06-18,127.02509
2009-06-22,127.89564
2009-06-23,128.60986
2009-06-24,127.83942
2009-06-25,127.10115
2009-06-26,127.21113
2009-06-29,126.51544
2009-06-30,125.2636
2009-07-01,124.00323
2009-07-02,124.25849
2009-07-03,126.3965
2009-07-06,126.1418
2009-07-07,126.52686
2009-07-08,128.04566
2009-07-09,127.65077
2009-07-10,127.1258
2009-07-13,127.87027
2009-07-14,127.05028
2009-07-15,126.91703
2009-07-16,127.13316
2009-07-17,127.77083
2009-07-20,126.98639
2009-07-21,126.49317
2009-07-22,124.86933
2009-07-23,124.26751
2009-07-24,122.76269
2009-07-27,122.35059
2009-07-28,121.55844
2009-07-29,123.10714
2009-07-30,121.77136
2009-07-31,120.77834
2009-08-03,118.60503
2009-08-04,119.11897
2009-08-05,119.03471
2009-08-06,119.1011
2009-08-07,118.78689
2009-08-10,118.46954
2009-08-11,118.70643
2009-08-12,119.71456
2009-08-13,118.04404
2009-08-14,118.03974
2009-08-17,119.11763
2009-08-18,118.78126
2009-08-19,119.22782
2009-08-20,118.20253
2009-08-21,118.07555
2009-08-24,116.43735
2009-08-25,117.17696
2009-08-26,116.46739
2009-08-27,117.37014
2009-08-28,117.5049
2009-08-31,117.71086
2009-09-01,117.26633
2009-09-02,119.36759
2009-09-03,119.03166
2009-09-04,119.05083
2009-09-07,118.46788
2009-09-08,117.99591
2009-09-09,117.83775
2009-09-10,117.56375
2009-09-11,117.15815
2009-09-14,118.0348
2009-09-15,117.53725
2009-09-16,116.93736
2009-09-17,116.19771
2009-09-18,116.56897
2009-09-21,116.32065
2009-09-22,115.95564
2009-09-23,115.57416
2009-09-24,116.09428
2009-09-25,116.45303
2009-09-28,117.61349
2009-09-29,117.58724
2009-09-30,117.80431
2009-10-01,116.99572
2009-10-02,118.06824
2009-10-05,118.43159
2009-10-06,118.06708
2009-10-07,117.90882
2009-10-08,118.25951
2009-10-09,118.61249
2009-10-12,118.84477
2009-10-13,118.40688
2009-10-14,118.41403
2009-10-15,118.24807
2009-10-16,119.55675
2009-10-19,118.94081
2009-10-20,118.96487
2009-10-21,118.94396
2009-10-22,118.22524
2009-10-23,117.6537
2009-10-26,116.48765
2009-10-27,117.34558
2009-10-28,118.72712
2009-10-29,119.21888
2009-10-30,119.44938
2009-11-02,119.79305
2009-11-03,120.09132
2009-11-04,120.02376
2009-11-05,120.50087
2009-11-06,119.27549
2009-11-09,118.48439
2009-11-10,118.05979
2009-11-11,117.43622
2009-11-12,117.28146
2009-11-13,117.72024
2009-11-16,117.37187
2009-11-17,117.68324
2009-11-18,117.73879
2009-11-19,118.2815
2009-11-20,118.36558
2009-11-23,118.20362
2009-11-24,118.99661
2009-11-25,118.54708
2009-11-26,119.88667
2009-11-27,120.24796
2009-11-30,119.89759
2009-12-01,119.74523
2009-12-02,119.3061
2009-12-03,118.25538
2009-12-04,118.95236
2009-12-07,119.87814
2009-12-08,120.45045
2009-12-09,120.7284
2009-12-10,120.52645
2009-12-11,120.17803
2009-12-14,120.39605
2009-12-15,120.64038
2009-12-16,120.59239
2009-12-17,120.82965
2009-12-18,120.8853
2009-12-21,120.92507
2009-12-22,120.85901
2009-12-23,121.51128
2009-12-28,120.94499
2009-12-29,120.14039
2009-12-30,120.02017
2010-01-04,118.88462
2010-01-05,118.27679
2010-01-07,118.80691
2010-01-08,118.70696
2010-01-11,118.51951
2010-01-12,118.52115
2010-01-13,118.782
2010-01-14,118.46027
2010-01-15,118.50794
2010-01-18,118.08398
2010-01-19,118.14132
2010-01-20,118.37918
2010-01-21,118.9163
2010-01-22,119.06915
2010-01-25,119.59699
2010-01-26,120.15864
2010-01-27,119.95438
2010-01-28,119.66827
2010-01-29,120.05851
2010-02-01,119.64888
2010-02-02,119.03224
2010-02-03,118.40228
2010-02-04,118.83776
2010-02-05,120.34083
2010-02-08,119.29008
2010-02-09,119.23023
2010-02-10,118.71801
2010-02-11,117.69917
2010-02-12,116.65985
2010-02-15,116.75776
2010-02-16,116.56399
2010-02-17,116.28018
2010-02-18,116.34741
2010-02-19,116.54402
2010-02-22,116.15171
2010-02-23,115.31059
2010-02-24,115.93301
2010-02-25,115.56273
2010-02-26,115.02825
2010-03-01,115.07656
2010-03-02,115.37231
2010-03-03,115.9041
2010-03-04,115.28655
2010-03-05,114.86208
2010-03-08,114.57562
2010-03-09,114.97533
2010-03-10,114.89176
2010-03-11,115.14078
2010-03-12,114.71434000000001
2010-03-15,114.80619
2010-03-16,114.93569
2010-03-17,115.17414
2010-03-18,115.2113
2010-03-19,114.78494
2010-03-22,115.4117
2010-03-23,115.79023
2010-03-24,115.21443
2010-03-25,115.01808
2010-03-26,115.01207
2010-03-29,115.75691
2010-03-30,115.75334
2010-03-31,115.79164
2010-04-01,115.7439
2010-04-06,115.07353
2010-04-07,115.15369
2010-04-08,115.92481
2010-04-09,115.38785
2010-04-12,115.87013
2010-04-13,116.05265
2010-04-14,115.7727
2010-04-15,115.4392
2010-04-16,115.41332
2010-04-19,115.86963
2010-04-20,115.15625
2010-04-21,114.93547
2010-04-22,115.05012
2010-04-23,115.18607
2010-04-26,114.60152
2010-04-27,114.59295
2010-04-28,115.59309
2010-04-29,115.43999
2010-04-30,115.08333
2010-05-03,115.46237
2010-05-04,114.99627
2010-05-05,115.81833
2010-05-06,117.39317
2010-05-07,118.51858
2010-05-10,116.19099
2010-05-11,116.2306
2010-05-12,116.42517
2010-05-14,116.08219
2010-05-17,116.82675
2010-05-18,116.31852
2010-05-19,116.9664
2010-05-20,117.13601
2010-05-21,118.66519
2010-05-24,117.84626
2010-05-25,118.91228
2010-05-26,118.44638
2010-05-27,117.37574
2010-05-28,117.48768
2010-05-31,117.06316
2010-06-01,117.31469
2010-06-02,116.32522
2010-06-03,115.91893
2010-06-04,116.03814
2010-06-07,117.74773
2010-06-08,117.91004
2010-06-09,117.71008
2010-06-10,117.42514
2010-06-11,116.81908
2010-06-14,116.67533
2010-06-15,117.61819
2010-06-16,116.71927
2010-06-17,117.18442
2010-06-18,116.33878
2010-06-21,115.69705
2010-06-22,116.23248
2010-06-23,116.27711
2010-06-24,116.20714
2010-06-28,116.3209
2010-06-29,116.47243
2010-06-30,116.03469
2010-07-01,116.64081
2010-07-02,116.3856
2010-07-05,116.09886
2010-07-06,116.61367
2010-07-07,116.46168
2010-07-08,115.60675
2010-07-09,115.21176
2010-07-12,114.65359
2010-07-13,114.25161
2010-07-14,113.90712
2010-07-15,113.87974
2010-07-16,113.82294
2010-07-19,114.40265
2010-07-20,114.03196
2010-07-21,113.99013
2010-07-22,114.01712
2010-07-23,113.4983
2010-07-26,114.07876
2010-07-27,113.80493
2010-07-28,114.23908
2010-07-29,114.09284
2010-07-30,113.74684
2010-08-02,113.1071
2010-08-03,112.68671
2010-08-04,112.9122
2010-08-05,113.30133
2010-08-06,112.93103
2010-08-09,112.93518
2010-08-10,113.1527
2010-08-11,114.12801
2010-08-12,114.54808
2010-08-13,114.64166
2010-08-16,115.17861
2010-08-17,114.17524
2010-08-18,114.28509
2010-08-19,114.5157
2010-08-20,114.71898
2010-08-23,114.37928
2010-08-24,114.2797
2010-08-25,114.8902
2010-08-26,114.14634
2010-08-27,114.04193
2010-08-30,114.02928
2010-08-31,114.09854
2010-09-01,113.44764
2010-09-02,113.14526
2010-09-03,112.74452
2010-09-06,112.54729
2010-09-07,112.89298
2010-09-08,112.93329
2010-09-09,112.64132
2010-09-10,112.18819
2010-09-13,111.49695
2010-09-14,111.67702
2010-09-15,111.24771
2010-09-16,111.29132
2010-09-17,110.95363
2010-09-20,111.09145
2010-09-21,110.11709
2010-09-22,109.51925
2010-09-23,110.21636
2010-09-24,110.39542
2010-09-27,109.75517
2010-09-28,110.98742
2010-09-29,109.15068
2010-09-30,109.39267
2010-10-01,109.09824
2010-10-04,110.10074
2010-10-05,110.22109
2010-10-06,109.66095
2010-10-07,110.72803
2010-10-08,110.16321
2010-10-11,109.9346
2010-10-12,110.07851
2010-10-13,109.72964
2010-10-14,109.19458
2010-10-15,109.35866
2010-10-18,110.25748
2010-10-19,110.3607
2010-10-20,110.84883
2010-10-21,109.926
2010-10-22,109.92526
2010-10-25,108.85661
2010-10-26,109.3551
2010-10-27,110.95508
2010-10-28,110.55674
2010-10-29,111.47554
2010-11-01,110.06048
2010-11-02,110.06023
2010-11-03,110.50795
2010-11-04,109.6551
2010-11-05,109.68273
2010-11-08,110.14242
2010-11-09,111.29248
2010-11-10,111.0028
2010-11-11,110.99035
2010-11-12,112.07355
2010-11-15,112.34857
2010-11-16,111.71727
2010-11-17,112.47554
2010-11-18,111.85666
2010-11-19,111.88888
2010-11-22,111.65887
2010-11-23,112.02683
2010-11-24,111.91709
2010-11-25,111.35638
2010-11-26,111.30241
2010-11-29,110.77944
2010-11-30,110.55382
2010-12-01,110.20482
2010-12-02,110.41956
2010-12-03,109.9155
2010-12-06,109.66031
2010-12-07,109.53364
2010-12-08,110.12416
2010-12-09,109.62991
2010-12-10,109.83785
2010-12-13,109.96946
2010-12-14,109.73909
2010-12-15,109.31379
2010-12-16,109.15719
2010-12-17,108.37613
2010-12-20,108.67446
2010-12-21,108.45098
2010-12-22,108.20503
2010-12-23,108.59334
2010-12-27,108.43666
2010-12-28,108.19336
2010-12-29,108.64433
2010-12-30,108.67061
2011-01-03,108.01433
2011-01-04,107.93094
2011-01-05,107.9159
2011-01-07,108.39873
2011-01-10,108.81084
2011-01-11,108.21636
2011-01-12,107.95355
2011-01-13,107.60101
2011-01-14,108.03138
2011-01-17,107.66621
2011-01-18,107.55471
2011-01-19,107.62462
2011-01-20,107.482
2011-01-21,107.85403
2011-01-24,107.5751
2011-01-25,107.05772
2011-01-26,106.63694
2011-01-27,105.77502
2011-01-28,105.83205
2011-01-31,106.47364
2011-02-01,105.30923
2011-02-02,105.41509
2011-02-03,106.15288
2011-02-04,105.71133
2011-02-07,105.74713
2011-02-08,105.38791
2011-02-09,105.35036
2011-02-10,105.66466
2011-02-11,105.89437
2011-02-14,105.68104
2011-02-15,105.26055
2011-02-16,105.16607
2011-02-17,104.96738
2011-02-18,104.84576
2011-02-21,105.07338
2011-02-22,106.13112
2011-02-23,105.31061
2011-02-24,105.58359
2011-02-25,105.34194
2011-02-28,105.52945
2011-03-01,104.29455
2011-03-02,104.54573
2011-03-03,104.68173
2011-03-04,105.14221
2011-03-07,106.05807
2011-03-08,105.87268
2011-03-09,105.56013
2011-03-10,105.44307
2011-03-11,105.42157
2011-03-14,105.50271
2011-03-15,106.17691
2011-03-16,106.57875
2011-03-17,107.15365
2011-03-18,106.49537
2011-03-21,105.22965
2011-03-22,105.54648
2011-03-23,106.01748
2011-03-24,106.16052
2011-03-25,106.56139
2011-03-28,107.12139
2011-03-29,106.57742
2011-03-30,106.09978
2011-03-31,106.00076
2011-04-01,106.24992
2011-04-04,106.43698
2011-04-05,106.871
2011-04-06,106.71984
2011-04-07,107.46228
2011-04-08,106.74466
2011-04-11,106.13427
2011-04-12,107.24085
2011-04-13,106.96128
2011-04-14,106.61473
2011-04-15,105.98241
2011-04-18,105.988
2011-04-19,106.20306
2011-04-20,105.74277
2011-04-21,105.09565
2011-04-26,105.25986
2011-04-27,105.29309
2011-04-28,105.57402
2011-04-29,104.89902
2011-05-02,105.21464
2011-05-03,104.99776
2011-05-04,105.43393
2011-05-05,105.95025
2011-05-06,106.59027
2011-05-09,106.57948
2011-05-10,106.62246
2011-05-11,106.40241
2011-05-12,106.82991
2011-05-13,106.6635
2011-05-16,107.27148
2011-05-17,107.03868
2011-05-18,106.71906
2011-05-19,106.70835
2011-05-20,106.15701
2011-05-23,106.53057
2011-05-24,106.33347
2011-05-25,106.52094
2011-05-26,105.93002
2011-05-27,105.76567
2011-05-30,105.84528
2011-05-31,105.39627
2011-06-01,105.33537
2011-06-03,106.47774
2011-06-07,106.26507
2011-06-08,106.2663
2011-06-09,106.50471
2011-06-10,107.53697
2011-06-13,108.04203
2011-06-14,107.92288
2011-06-15,108.41099
2011-06-16,109.53106
2011-06-17,109.41837
2011-06-20,109.02691
2011-06-21,108.75441
2011-06-22,108.39043
2011-06-23,108.75917
2011-06-27,109.62144
2011-06-28,109.50862
2011-06-29,109.3033
2011-06-30,108.18582
2011-07-01,108.16861
2011-07-04,107.46373
2011-07-05,107.40801
2011-07-06,107.426
2011-07-07,108.03499
2011-07-08,107.82463
2011-07-11,108.72011
2011-07-12,110.87441
2011-07-13,109.79931
2011-07-14,109.61844
2011-07-15,109.97457
2011-07-18,110.55904
2011-07-19,109.8715
2011-07-20,109.69817
2011-07-21,108.80978
2011-07-22,107.56108
2011-07-25,108.43176
2011-07-26,107.94347
2011-07-27,107.74448
2011-07-28,108.27646
2011-07-29,108.48811
2011-08-01,107.67889
2011-08-02,107.73869
2011-08-03,108.6072
2011-08-04,108.47587
2011-08-05,110.10022
2011-08-08,109.82841
2011-08-09,109.42653
2011-08-10,109.72811
2011-08-11,110.22389
2011-08-12,110.14632
2011-08-15,109.71582
2011-08-16,109.81355
2011-08-17,109.07884
2011-08-18,108.39753
2011-08-19,109.61135
2011-08-22,108.79625
2011-08-23,107.96179
2011-08-24,108.17332
2011-08-25,107.73738
2011-08-26,107.64667
2011-08-29,107.58137
2011-08-30,108.20635
2011-08-31,108.50979
2011-09-01,108.32397
2011-09-02,108.79329
2011-09-05,108.37075
2011-09-06,108.42892
2011-09-07,107.22119000000001
2011-09-08,106.66781
2011-09-09,106.52809
2011-09-12,107.54439
2011-09-13,109.38133
2011-09-14,109.67996
2011-09-15,110.06762
2011-09-16,108.97128
2011-09-19,109.43671
2011-09-20,109.01508
2011-09-21,108.22332
2011-09-22,109.70749
2011-09-23,109.89919
2011-09-26,110.74907
2011-09-27,109.69248
2011-09-28,109.09875
2011-09-29,109.65525
2011-09-30,110.16043
2011-10-03,109.85419
2011-10-04,109.26768
2011-10-05,108.9363
2011-10-06,109.19642
2011-10-07,108.96135
2011-10-10,108.75955
2011-10-11,108.14155
2011-10-12,108.48491
2011-10-13,108.012
2011-10-14,108.87398
2011-10-17,108.27847
2011-10-18,109.06965
2011-10-19,108.26296
2011-10-20,108.26152
2011-10-21,108.08138
2011-10-24,107.88357
2011-10-25,108.15522
2011-10-26,108.12096
2011-10-27,107.41627
2011-10-28,106.67597
2011-10-31,107.0274
2011-11-01,107.7399
2011-11-02,107.8998
2011-11-03,108.31604
2011-11-04,108.11794
2011-11-07,108.21734
2011-11-08,107.73153
2011-11-09,107.52471
2011-11-10,108.37686
2011-11-11,108.23374
2011-11-14,108.15033
2011-11-15,108.83656
2011-11-16,108.99186
2011-11-17,109.26217
2011-11-18,109.25446
2011-11-21,109.21327
2011-11-22,109.35993
2011-11-23,109.84337
2011-11-24,109.95503
2011-11-25,110.43098
2011-11-28,110.45456
2011-11-29,110.40675
2011-11-30,109.86658
2011-12-01,108.99613
2011-12-02,108.6759
2011-12-05,108.1234
2011-12-06,108.36507
2011-12-07,107.91647
2011-12-08,107.86678
2011-12-09,108.2956
2011-12-12,108.18043
2011-12-13,108.52453
2011-12-14,109.22057
2011-12-15,109.17264
2011-12-16,108.9852
2011-12-19,108.31824
2011-12-20,108.24041
2011-12-21,107.74222
2011-12-22,108.0528
2011-12-23,107.8902
2011-12-27,107.7044
2011-12-28,107.60548
2011-12-29,107.9147
2011-12-30,107.89982
2012-01-02,107.50047000000001
2012-01-03,107.61635
2012-01-04,107.2746
2012-01-05,106.95744
2012-01-09,107.11128
2012-01-10,107.01945
2012-01-11,107.02357
2012-01-12,107.26965
2012-01-13,107.77856
2012-01-16,107.96232
2012-01-17,107.55624
2012-01-18,107.29087
2012-01-19,106.82748
2012-01-20,106.36407
2012-01-23,106.47203
2012-01-24,106.44969
2012-01-25,106.81599
2012-01-26,107.22661
2012-01-27,107.72083
2012-01-30,107.8794
2012-01-31,107.72932
2012-02-01,107.77493
2012-02-02,107.40009
2012-02-03,107.43418
2012-02-06,106.95679
2012-02-07,107.21495
2012-02-08,107.10178
2012-02-09,106.83941
2012-02-10,106.66143
2012-02-13,106.57485
2012-02-14,106.63034
2012-02-15,106.61298
2012-02-16,106.88495
2012-02-17,107.16179
2012-02-20,107.24732
2012-02-21,106.79113
2012-02-22,106.52718
2012-02-23,106.81361
2012-02-24,106.80603
2012-02-27,106.44589
2012-02-28,106.48577
2012-02-29,106.54633
2012-03-01,106.67262
2012-03-02,107.00882
2012-03-05,107.08978
2012-03-06,107.43755
2012-03-07,108.18468
2012-03-08,108.20115
2012-03-09,107.83064
2012-03-12,108.30773
2012-03-13,108.18782
2012-03-14,107.82654
2012-03-15,108.35257
2012-03-16,107.67258
2012-03-19,107.83736
2012-03-20,107.67711
2012-03-21,107.70358
2012-03-22,107.69919
2012-03-23,107.89561
2012-03-26,107.90832
2012-03-27,107.48325
2012-03-28,107.0621
2012-03-29,106.63361
2012-03-30,106.58293
2012-04-02,106.3238
2012-04-03,106.14014
2012-04-04,106.41709
2012-04-05,106.65792
2012-04-10,107.4675
2012-04-11,107.86108
2012-04-12,107.86876
2012-04-13,107.79078
2012-04-16,107.87818
2012-04-17,107.74727
2012-04-18,107.42428
2012-04-19,107.09164
2012-04-20,107.09979
2012-04-23,107.10609
2012-04-24,107.49098
2012-04-25,107.54377
2012-04-26,107.42919
2012-04-27,107.60247
2012-04-30,107.767
2012-05-02,107.66794
2012-05-03,107.58727
2012-05-04,107.83031
2012-05-07,108.41615
2012-05-08,108.25193
2012-05-09,108.2168
2012-05-10,108.44686
2012-05-11,109.50645
2012-05-14,109.57025
2012-05-15,109.8774
2012-05-16,111.4505
2012-05-18,111.28849
2012-05-21,110.67495
2012-05-22,110.51928
2012-05-23,110.38398
2012-05-24,109.77055
2012-05-25,109.7606
2012-05-28,109.78838
2012-05-29,109.62636
2012-05-30,109.99439
2012-05-31,109.68307
2012-06-01,109.9013
2012-06-04,109.76219
2012-06-05,109.38003
2012-06-07,109.80829
2012-06-08,109.50229
2012-06-11,108.54731
2012-06-12,108.02231
2012-06-13,107.90698
2012-06-14,107.72656
2012-06-15,107.67216
2012-06-18,107.68255
2012-06-19,107.75939
2012-06-20,107.82706
2012-06-21,107.61239
2012-06-25,107.64218
2012-06-26,107.86523
2012-06-27,108.05402
2012-06-28,107.57492
2012-06-29,106.94513
2012-07-02,106.89798
2012-07-03,106.69821
2012-07-04,106.89913
2012-07-05,106.04482
2012-07-06,105.98607
2012-07-09,106.22088
2012-07-10,105.95385
2012-07-11,105.40514
2012-07-12,105.83902
2012-07-13,105.788
2012-07-16,106.37816
2012-07-17,106.48685
2012-07-18,105.56729
2012-07-19,105.19697
2012-07-20,105.14983
2012-07-23,104.64549
2012-07-24,104.2075
2012-07-25,104.4101
2012-07-26,104.41208
2012-07-27,104.13594
2012-07-30,104.27873
2012-07-31,103.23737
2012-08-01,102.76499
2012-08-02,102.50351
2012-08-03,102.57679
2012-08-06,103.0537
2012-08-07,102.60041
2012-08-08,102.86987
2012-08-09,102.35018
2012-08-10,102.16261
2012-08-13,101.67286
2012-08-14,101.8255
2012-08-15,102.2136
2012-08-16,101.87898
2012-08-17,102.59052
2012-08-20,101.91104
2012-08-21,101.79097
2012-08-22,102.38395
2012-08-23,102.56862
2012-08-24,101.86567
2012-08-27,101.80329
2012-08-28,101.20125
2012-08-29,102.49647
2012-08-30,102.75841
2012-08-31,102.65352
2012-09-03,103.02783
2012-09-04,103.27954
2012-09-05,103.72383
2012-09-06,104.4223
2012-09-07,104.5906
2012-09-10,103.5791
2012-09-11,103.83254
2012-09-12,103.76542
2012-09-13,103.74102
2012-09-14,104.18045
2012-09-17,104.90242
2012-09-18,104.74271
2012-09-19,104.06021
2012-09-20,103.53695
2012-09-21,103.45342
2012-09-24,103.76924
2012-09-25,103.82009
2012-09-26,103.65214
2012-09-27,103.69926
2012-09-28,103.10543
2012-10-01,103.42618
2012-10-02,103.87591
2012-10-03,104.75448
2012-10-04,105.165
2012-10-05,104.81088
2012-10-08,104.89142
2012-10-09,104.95321
2012-10-10,105.27328
2012-10-11,105.61314
2012-10-12,105.71279
2012-10-15,105.8079
2012-10-16,105.21493
2012-10-17,105.04906
2012-10-18,104.46354
2012-10-19,104.12416
2012-10-22,104.38115
2012-10-23,104.68167
2012-10-24,105.37211
2012-10-25,105.46931
2012-10-26,105.8947
2012-10-29,105.57939
2012-10-30,105.06842
2012-10-31,104.90337
2012-11-01,105.12403
2012-11-02,105.16144
2012-11-05,104.94495
2012-11-06,104.70499
2012-11-07,104.94779
2012-11-08,104.69626
2012-11-09,104.575
2012-11-12,105.22153
2012-11-13,105.2914
2012-11-14,105.63749
2012-11-15,105.61159
2012-11-16,105.57722
2012-11-19,105.80047
2012-11-20,105.42166
2012-11-21,105.957
2012-11-22,105.34718
2012-11-23,104.84334
2012-11-26,104.71129
2012-11-27,104.67869
2012-11-28,105.40198
2012-11-29,104.83375
2012-11-30,105.29067
2012-12-03,105.40681
2012-12-04,105.02007
2012-12-05,104.94413
2012-12-06,104.8573
2012-12-07,104.99137
2012-12-10,105.35724
2012-12-11,105.58466
2012-12-12,104.96049
2012-12-13,105.94539
2012-12-14,106.12811
2012-12-17,106.28599
2012-12-18,105.88623
2012-12-19,105.538
2012-12-20,104.91542
2012-12-21,104.34806
2012-12-27,104.13138
2012-12-28,104.18951
2013-01-02,103.62932
2013-01-03,103.84557
2013-01-04,103.58466
2013-01-07,103.77852
2013-01-08,103.53893
2013-01-09,104.13737
2013-01-10,104.1719
2013-01-11,104.0488
2013-01-14,103.86076
2013-01-15,103.85591
2013-01-16,104.59284
2013-01-17,104.33338
2013-01-18,104.43623
2013-01-21,104.33275
2013-01-22,104.42503
2013-01-23,104.47413
2013-01-24,104.44394
2013-01-25,104.31591
2013-01-28,104.03329
2013-01-29,103.39996
2013-01-30,102.75958
2013-01-31,102.96676
2013-02-01,102.67118
2013-02-04,102.40725
2013-02-05,102.1896
2013-02-06,102.5449
2013-02-07,102.57657
2013-02-08,103.02418
2013-02-11,103.20526
2013-02-12,102.68849
2013-02-13,102.20949
2013-02-14,101.33471
2013-02-15,101.38174
2013-02-18,101.39305
2013-02-19,101.31895
2013-02-20,101.04184
2013-02-21,101.15088
2013-02-22,101.55007
2013-02-25,101.46504
2013-02-26,102.04262
2013-02-27,101.59633
2013-02-28,101.74193
2013-03-01,101.316
2013-03-04,100.98894
2013-03-05,100.60711
2013-03-06,100.32811
2013-03-07,100.28884
2013-03-08,99.81779
2013-03-11,100.43824
2013-03-12,100.39854
2013-03-13,99.80746
2013-03-14,100.60556
2013-03-15,100.7049
2013-03-18,100.80492
2013-03-19,100.77706
2013-03-20,100.65409
2013-03-21,100.93181
2013-03-22,101.2892
2013-03-25,101.64544
2013-03-26,101.45779
2013-03-27,100.94615
2013-03-28,101.16345
2013-04-02,101.00569
2013-04-03,100.99585
2013-04-04,101.60465
2013-04-05,101.64406
2013-04-08,101.03066
2013-04-09,100.68691
2013-04-10,100.74471
2013-04-11,100.54964
2013-04-12,100.20568
2013-04-15,100.60792
2013-04-16,100.76835
2013-04-17,101.32016
2013-04-18,102.1591
2013-04-19,102.46588
2013-04-22,102.45584
2013-04-23,102.86506
2013-04-24,103.70458000000001
2013-04-25,103.4442
2013-04-26,103.29737
2013-04-29,103.20569
2013-04-30,103.30587
2013-05-02,102.86711
2013-05-03,102.85068
2013-05-06,102.79378
2013-05-07,103.04297
2013-05-08,102.88145
2013-05-10,103.24847
2013-05-13,103.45305
2013-05-14,103.80757
2013-05-15,104.15774
2013-05-16,103.80856
2013-05-17,103.68205
2013-05-20,103.83362
2013-05-21,103.34578
2013-05-22,103.01997
2013-05-23,103.20952
2013-05-24,103.75098
2013-05-27,103.49246
2013-05-28,103.50239
2013-05-29,103.54548
2013-05-30,103.30154
2013-05-31,102.72221
2013-06-03,102.91948
2013-06-04,102.45789
2013-06-05,103.06347
2013-06-07,103.30696
2013-06-10,103.60416
2013-06-11,103.60474
2013-06-12,103.70527
2013-06-13,103.45064
2013-06-14,103.18677
2013-06-17,102.51031
2013-06-18,102.84902
2013-06-19,102.1499
2013-06-20,101.85006
2013-06-24,104.3486
2013-06-25,104.99384
2013-06-26,104.26586
2013-06-27,104.54174
2013-06-28,104.30949
2013-07-01,103.49405
2013-07-02,103.55638
2013-07-03,104.03258
2013-07-04,103.61709
2013-07-05,103.05716
2013-07-08,104.62167
2013-07-09,104.22471
2013-07-10,104.27311
2013-07-11,103.40799
2013-07-12,103.46046
2013-07-15,103.63125
2013-07-16,103.84401
2013-07-17,103.12189
2013-07-18,102.80824
2013-07-19,102.37194
2013-07-22,102.10886
2013-07-23,101.40178
2013-07-24,101.48478
2013-07-25,101.97849
2013-07-26,101.92542
2013-07-29,101.90901
2013-07-30,102.128
2013-07-31,103.13023
2013-08-01,102.77557
2013-08-02,103.35345
2013-08-05,103.58194
2013-08-06,103.37055
2013-08-07,103.43526
2013-08-08,102.80651
2013-08-09,102.75182
2013-08-12,102.94796
2013-08-13,102.79363
2013-08-14,102.68732
2013-08-15,102.26794
2013-08-16,102.7062
2013-08-19,102.82298
2013-08-20,102.73136
2013-08-21,102.9359
2013-08-22,103.17821000000001
2013-08-23,102.65344
2013-08-26,102.45035
2013-08-27,102.55769
2013-08-28,101.87729
2013-08-29,102.57435
2013-08-30,103.05469
2013-09-02,103.37678
2013-09-03,103.10722
2013-09-04,103.23083
2013-09-05,103.24248
2013-09-06,103.65426
2013-09-09,103.61805
2013-09-10,102.96351
2013-09-11,102.8768
2013-09-12,102.81575
2013-09-13,102.83269
2013-09-16,103.12215
2013-09-17,102.66797
2013-09-18,102.38247
2013-09-19,101.75657
2013-09-20,101.31582
2013-09-23,101.48353
2013-09-24,101.73534
2013-09-25,102.05243
2013-09-26,102.37396
2013-09-27,102.36709
2013-09-30,102.3554
2013-10-01,101.68768
2013-10-02,101.83418
2013-10-03,101.95577
2013-10-04,101.90609
2013-10-07,102.9637
2013-10-08,102.53391
2013-10-09,102.91886
2013-10-10,103.22573
2013-10-11,103.67986
2013-10-14,103.55153
2013-10-15,103.25646
2013-10-16,103.92689
2013-10-17,103.50409
2013-10-18,103.26886
2013-10-21,103.46912
2013-10-22,103.1627
2013-10-23,103.21117
2013-10-24,103.22878
2013-10-25,102.66931
2013-10-28,102.36758
2013-10-29,102.9008
2013-10-30,103.04127
2013-10-31,103.44916
2013-11-01,103.98538
2013-11-04,103.92207
2013-11-05,104.00064
2013-11-06,103.66598
2013-11-07,103.58908
2013-11-08,103.73158
2013-11-11,104.10334
2013-11-12,104.34063
2013-11-13,105.25464
2013-11-14,105.46296
2013-11-15,105.47696
2013-11-18,105.47502
2013-11-19,105.20586
2013-11-20,105.47055
2013-11-21,105.3601
2013-11-22,104.78128
2013-11-25,104.80151
2013-11-26,104.25977
2013-11-27,104.66963
2013-11-28,104.79511
2013-11-29,104.77142
2013-12-02,103.99105
2013-12-03,104.0421
2013-12-04,103.62209
2013-12-05,103.68168
2013-12-06,103.81593
2013-12-09,104.3034
2013-12-10,105.13914
2013-12-11,105.13263
2013-12-12,105.42063
2013-12-13,106.01556
2013-12-16,105.29347
2013-12-17,105.41761
2013-12-18,104.9042
2013-12-19,104.51449
2013-12-20,104.98174
2013-12-23,105.02397
2013-12-27,104.71896
2013-12-30,104.30728
2014-01-02,103.74612
2014-01-03,103.89087
2014-01-07,103.66695
2014-01-08,103.97827
2014-01-09,104.50078
2014-01-10,104.10663
2014-01-13,103.68249
2014-01-14,103.53845
2014-01-15,102.89284
2014-01-16,102.85964
2014-01-17,102.95313
2014-01-20,102.73113
2014-01-21,102.95066
2014-01-22,102.95369
2014-01-23,102.40338
2014-01-24,102.65851
2014-01-27,102.5062
2014-01-28,102.26475
2014-01-29,102.29707
2014-01-30,102.77853
2014-01-31,103.16345
2014-02-03,102.93745
2014-02-04,103.14661
2014-02-05,103.2097
2014-02-06,103.319
2014-02-07,103.08802
2014-02-10,103.08334
2014-02-11,102.82413
2014-02-12,102.47937
2014-02-13,102.4601
2014-02-14,103.03536
2014-02-17,103.00955
2014-02-18,103.34431
2014-02-19,103.89011
2014-02-20,104.16839
2014-02-21,104.74851
2014-02-24,104.25576
2014-02-25,103.97874
2014-02-26,103.99462
2014-02-27,103.79285
2014-02-28,103.6211
2014-03-03,102.8791
2014-03-04,103.14074
2014-03-05,103.16008
2014-03-06,102.78894
2014-03-07,102.85305
2014-03-10,102.66106
2014-03-11,102.51191
2014-03-12,102.44592
2014-03-13,102.24663
2014-03-14,102.47501
2014-03-17,102.80645
2014-03-18,102.45017
2014-03-19,102.0755
2014-03-20,102.43426
2014-03-21,102.42693
2014-03-24,102.70186
2014-03-25,102.64556
2014-03-26,103.02508
2014-03-27,103.61701
2014-03-28,103.67953
2014-03-31,104.15684
2014-04-01,103.52339
2014-04-02,103.58003
2014-04-03,104.02562
2014-04-04,104.45158
2014-04-07,104.69967
2014-04-08,104.55351
2014-04-09,104.39211
2014-04-10,105.20344
2014-04-11,105.45916
2014-04-14,105.4802
2014-04-15,105.61012
2014-04-16,105.51734
2014-04-17,105.86172
2014-04-22,106.07396
2014-04-23,105.78282
2014-04-24,105.37119
2014-04-25,105.73405
2014-04-28,105.60135
2014-04-29,105.24621
2014-04-30,105.47515
2014-05-02,105.14659
2014-05-05,105.23691
2014-05-06,105.37541
2014-05-07,105.26323
2014-05-08,105.12902
2014-05-09,105.15711
2014-05-12,105.44631
2014-05-13,105.39626
2014-05-14,105.19266
2014-05-15,105.26917
2014-05-16,105.45845
2014-05-19,105.49107
2014-05-20,105.98526
2014-05-21,105.75423
2014-05-22,105.3567
2014-05-23,106.12065
2014-05-26,106.13884
2014-05-27,106.06596
2014-05-28,105.9622
2014-05-30,106.34096
2014-06-02,106.76578
2014-06-03,106.66717
2014-06-04,106.37158
2014-06-05,106.04969
2014-06-09,106.36184
2014-06-10,106.65805
2014-06-11,106.62935
2014-06-12,106.60339
2014-06-13,106.42278
2014-06-16,106.11156
2014-06-17,105.82581
2014-06-18,105.71308
2014-06-19,106.00744
2014-06-23,107.24812
2014-06-24,107.08655
2014-06-25,107.52197
2014-06-26,107.68243
2014-06-27,107.93901
2014-06-30,107.92752
2014-07-01,107.21108
2014-07-02,107.38172
2014-07-03,108.15298
2014-07-04,109.32223
2014-07-07,109.42563
2014-07-08,109.17297
2014-07-09,109.11125
2014-07-10,108.4982
2014-07-11,108.47319
2014-07-14,108.56872
2014-07-15,108.57662
2014-07-16,108.79793
2014-07-17,108.55591
2014-07-18,108.5764
2014-07-21,108.77367
2014-07-22,108.93142
2014-07-23,108.69934
2014-07-24,108.65652
2014-07-25,108.2409
2014-07-28,107.90177
2014-07-29,108.2348
2014-07-30,108.61238
2014-07-31,108.678
2014-08-01,108.42986
2014-08-04,108.3831
2014-08-05,108.41296
2014-08-06,108.51334
2014-08-07,108.60829
2014-08-08,108.74636
2014-08-11,108.60446
2014-08-12,108.27255
2014-08-13,108.29155
2014-08-14,108.23523
2014-08-15,107.99428
2014-08-18,107.96466
2014-08-19,107.96211
2014-08-20,108.11175
2014-08-21,108.14512
2014-08-22,108.08258
2014-08-25,108.23346
2014-08-26,108.24863
2014-08-27,108.38911
2014-08-28,108.55005
2014-08-29,108.70623
2014-09-01,109.07751
2014-09-02,108.88458
2014-09-03,108.93226
2014-09-04,109.06671
2014-09-05,108.99341
2014-09-08,109.22758
2014-09-09,109.04136
2014-09-10,109.20558
2014-09-11,109.05064
2014-09-12,109.45045
2014-09-15,109.62696
2014-09-16,109.21855
2014-09-17,109.24223
2014-09-18,109.19347
2014-09-19,108.9014
2014-09-22,108.93816
2014-09-23,109.02236
2014-09-24,109.07651
2014-09-25,109.32308
2014-09-26,109.34592
2014-09-29,109.49173
2014-09-30,109.24531
2014-10-01,108.33117
2014-10-02,108.52274
2014-10-03,108.38813
2014-10-06,108.34002
2014-10-07,108.07228
2014-10-08,108.54732
2014-10-09,108.40866
2014-10-10,108.86287
2014-10-13,108.6413
2014-10-14,108.12068
2014-10-15,109.15299
2014-10-16,108.67694
2014-10-17,108.40747
2014-10-20,108.80064
2014-10-21,108.77951
2014-10-22,109.2265
2014-10-23,109.19008
2014-10-24,109.07905
2014-10-27,109.05981
2014-10-28,109.88375
2014-10-29,110.6912
2014-10-30,110.32013
2014-10-31,109.78323
2014-11-03,109.73967
2014-11-04,110.03648
2014-11-05,109.77433
2014-11-06,109.18881
2014-11-07,108.99213
2014-11-10,109.22614
2014-11-11,109.21615
2014-11-12,109.16814
2014-11-13,109.31744
2014-11-14,109.34643
2014-11-17,109.349
2014-11-18,109.29751
2014-11-19,109.20925
2014-11-20,109.35418
2014-11-21,109.48798
2014-11-24,109.85357
2014-11-25,109.77205
2014-11-26,109.56511
2014-11-27,109.28828
2014-11-28,109.28101
2014-12-01,109.01428
2014-12-02,109.08419
2014-12-03,109.1746
2014-12-04,109.26872
2014-12-05,109.30387
2014-12-08,109.45277
2014-12-09,109.19669
2014-12-10,109.45968
2014-12-11,109.60451
2014-12-12,109.51967
2014-12-15,109.64363
2014-12-16,110.23309
2014-12-17,110.28039
2014-12-18,110.14407
2014-12-19,110.82704
2014-12-22,111.13246
2014-12-23,111.67048
2014-12-29,111.515
2014-12-30,111.67337
2015-01-02,110.85535
2015-01-05,111.76061
2015-01-07,110.83127
2015-01-08,111.09807
2015-01-09,112.29954
2015-01-12,112.73356
2015-01-13,112.17855
2015-01-14,112.56065
2015-01-15,112.59901
2015-01-16,112.47088
2015-01-19,112.23116
2015-01-20,112.3568
2015-01-21,112.7605
2015-01-22,112.8258
2015-01-23,112.97127
2015-01-26,112.57111
2015-01-27,112.4257
2015-01-28,111.67255
2015-01-29,112.14748
2015-01-30,112.31336
2015-02-02,111.91383
2015-02-03,112.65716
2015-02-04,113.08675
2015-02-05,112.61936
2015-02-06,113.27628
2015-02-09,114.12961
2015-02-10,113.80795
2015-02-11,113.34443
2015-02-12,114.22264
2015-02-13,115.29574
2015-02-16,115.12658
2015-02-17,114.73965
2015-02-18,114.15906
2015-02-19,114.51499
2015-02-20,114.97338
2015-02-23,114.58718
2015-02-24,114.49941
2015-02-25,114.69803
2015-02-26,113.49269
2015-02-27,113.46124
2015-03-02,112.84656
2015-03-03,112.48147
2015-03-04,111.65289
2015-03-05,111.97205
2015-03-06,111.80085
2015-03-09,112.20031
2015-03-10,112.13123
2015-03-11,111.92304
2015-03-12,111.46633
2015-03-13,112.16209
2015-03-16,112.54734
2015-03-17,112.29791
2015-03-18,112.59366
2015-03-19,113.76992
2015-03-20,113.42721
2015-03-23,113.84345
2015-03-24,113.47224
2015-03-25,113.42209
2015-03-26,113.41363
2015-03-27,114.108
2015-03-30,114.07882
2015-03-31,113.65549
2015-04-01,113.63748
2015-04-02,114.21666
2015-04-07,114.24342
2015-04-08,115.00873
2015-04-09,115.07157
2015-04-10,115.28042
2015-04-13,115.79363
2015-04-14,115.66376
2015-04-15,115.73943
2015-04-16,115.05288
2015-04-17,114.32893
2015-04-20,115.00291
2015-04-21,114.97959
2015-04-22,114.6431
2015-04-23,115.63458
2015-04-24,115.29726
2015-04-27,115.39354
2015-04-28,115.53331
2015-04-29,114.82309
2015-04-30,113.2931
2015-05-04,113.98102
2015-05-05,113.59687
2015-05-06,113.68828
2015-05-07,112.95709
2015-05-08,112.99828
2015-05-11,112.68341
2015-05-12,112.90788
2015-05-13,113.62051
2015-05-15,113.96228
2015-05-18,113.84769
2015-05-19,113.56885
2015-05-20,113.8069
2015-05-21,113.47258
2015-05-22,112.90227
2015-05-25,113.26361
2015-05-26,113.39722
2015-05-27,113.25976
2015-05-28,113.5828
2015-05-29,113.3874
2015-06-01,114.45648
2015-06-02,114.40049
2015-06-03,113.68242
2015-06-04,112.95694
2015-06-05,112.29775
2015-06-08,112.7744
2015-06-09,112.61702
2015-06-10,112.44213
2015-06-11,112.24797
2015-06-12,111.70854
2015-06-15,111.42915
2015-06-16,111.16293
2015-06-17,111.27727
2015-06-18,110.80784
2015-06-22,111.18161
2015-06-23,111.3625
2015-06-24,111.9614
2015-06-25,111.6789
2015-06-26,111.9147
2015-06-29,112.29137
2015-06-30,111.45096
2015-07-01,111.89011
2015-07-02,112.83978
2015-07-03,113.44219
2015-07-06,113.52253
2015-07-07,113.39958
2015-07-08,113.42085
2015-07-09,113.3101
2015-07-10,113.50468
2015-07-13,113.28687
2015-07-14,113.4713
2015-07-15,113.91662
2015-07-16,113.34208
2015-07-17,113.44771
2015-07-20,114.35877
2015-07-21,113.98087
2015-07-22,113.71972
2015-07-23,114.05938
2015-07-24,113.93206
2015-07-27,113.83851
2015-07-28,113.68181
2015-07-29,114.46121
2015-07-30,114.6496
2015-07-31,114.10383
2015-08-03,114.1531
2015-08-04,114.45515
2015-08-05,114.65633
2015-08-06,114.67179
2015-08-07,115.19945
2015-08-10,115.70801
2015-08-11,115.24607
2015-08-12,114.13847
2015-08-13,113.93157
2015-08-14,112.56731
2015-08-17,112.8586
2015-08-18,112.85628
2015-08-19,112.71482
2015-08-20,112.86118
2015-08-21,113.05008
2015-08-24,111.7548
2015-08-25,111.90491
2015-08-26,112.87401
2015-08-27,112.85565
2015-08-28,112.58938
2015-08-31,112.44416
2015-09-01,112.63848
2015-09-02,112.5216
2015-09-03,111.68243
2015-09-04,111.33209
2015-09-07,111.59774
2015-09-08,111.66654
2015-09-09,111.47797
2015-09-10,111.20883
2015-09-11,110.81793
2015-09-14,110.02466
2015-09-15,110.03218
2015-09-16,110.43281
2015-09-17,110.49074
2015-09-18,110.10077
2015-09-21,110.27335
2015-09-22,110.68621
2015-09-23,110.93103
2015-09-24,111.13767
2015-09-25,111.08213
2015-09-28,111.4913
2015-09-29,111.7182
2015-09-30,111.03909
2015-10-01,110.70907
2015-10-02,110.87911
2015-10-05,110.57737
2015-10-06,110.35886
2015-10-07,110.07602
2015-10-08,109.96957
2015-10-09,110.32577
2015-10-12,110.28338
2015-10-13,109.58107
2015-10-14,109.31768
2015-10-15,109.81469
2015-10-16,111.04043
2015-10-19,110.94918
2015-10-20,111.28657
2015-10-21,111.52825
2015-10-22,111.54727
2015-10-23,112.34773
2015-10-26,112.01887
2015-10-27,112.227
2015-10-28,111.94929
2015-10-29,111.60676
2015-10-30,111.88991
2015-11-02,112.20489
2015-11-03,112.25525
2015-11-04,112.34935
2015-11-05,112.52734
2015-11-06,112.76312
2015-11-09,112.58762
2015-11-10,112.3264
2015-11-11,112.12294
2015-11-12,112.21630999999999
2015-11-13,112.02231
2015-11-16,112.18488
2015-11-17,112.22195
2015-11-18,112.37315
2015-11-19,112.17131
2015-11-20,112.28304
2015-11-23,112.04189
2015-11-24,112.17361
2015-11-25,112.15822
2015-11-26,112.09593
2015-11-27,111.95178
2015-11-30,111.65384
2015-12-01,111.27899
2015-12-02,111.48354
2015-12-03,111.21288
2015-12-04,110.75699
2015-12-07,110.2925
2015-12-08,110.34326
2015-12-09,110.02088
2015-12-10,109.8862
2015-12-11,110.57772
2015-12-14,110.64988
2015-12-15,110.07971
2015-12-16,110.13242
2015-12-17,110.1607
2015-12-18,110.14161
2015-12-21,110.50196
2015-12-22,109.97954
2015-12-23,109.44765
2015-12-28,109.11863
2015-12-29,108.49486
2015-12-30,108.21915
2016-01-04,108.69571
2016-01-05,109.13139
2016-01-07,109.49073
2016-01-08,109.06373
2016-01-11,109.21298
2016-01-12,109.16871
2016-01-13,109.15221
2016-01-14,109.12875
2016-01-15,109.39961
2016-01-18,109.85516
2016-01-19,109.39241
2016-01-20,109.35525
2016-01-21,109.28557
2016-01-22,109.25495
2016-01-25,109.24754
2016-01-26,109.14917
2016-01-27,109.04219
2016-01-28,109.04117
2016-01-29,109.26552
2016-02-01,109.52219
2016-02-02,109.43676
2016-02-03,109.81784
2016-02-04,109.83379
2016-02-05,109.72998
2016-02-08,110.18576
2016-02-09,110.44074
2016-02-10,110.3798
2016-02-11,110.50766
2016-02-12,109.97247
2016-02-15,110.32111
2016-02-16,110.58133
2016-02-17,110.31219
2016-02-18,110.58364
2016-02-19,110.38351
2016-02-22,109.97801
2016-02-23,109.94841
2016-02-24,109.82939
2016-02-25,109.70955
2016-02-26,110.05732
2016-02-29,109.80563
2016-03-01,110.35372
2016-03-02,110.65375
2016-03-03,110.77136
2016-03-04,110.48317
2016-03-07,110.4031
2016-03-08,110.34618
2016-03-09,110.04162
2016-03-10,110.00246
2016-03-11,109.83227
2016-03-14,109.7632
2016-03-15,109.332
2016-03-16,108.88527
2016-03-17,108.37724
2016-03-18,109.12848
2016-03-21,109.17058
2016-03-22,109.31144
2016-03-23,109.0071
2016-03-24,108.9595
2016-03-29,109.30482
2016-03-30,108.85713
2016-03-31,108.65526
2016-04-01,108.74609
2016-04-04,108.57457
2016-04-05,108.59943
2016-04-06,108.53754
2016-04-07,108.88615
2016-04-08,108.82249
2016-04-11,108.94197
2016-04-12,108.60163
2016-04-13,108.27363
2016-04-14,108.55905
2016-04-15,108.41899
2016-04-18,108.18641
2016-04-19,108.33832
2016-04-20,108.30471
2016-04-21,108.32088
2016-04-22,108.52891
2016-04-25,108.18089
2016-04-26,108.30985
2016-04-27,108.38462
2016-04-28,107.97789
2016-04-29,108.16204
2016-05-02,108.25533
2016-05-03,107.68415
2016-05-04,108.44692
2016-05-06,108.58561
2016-05-09,108.94393
2016-05-10,108.85949
2016-05-11,108.84971
2016-05-12,109.16194
2016-05-13,109.62982
2016-05-16,109.63844
2016-05-17,109.93463
2016-05-18,109.99138
2016-05-19,110.37153
2016-05-20,110.14739
2016-05-23,109.92057
2016-05-24,110.14854
2016-05-25,109.54332
2016-05-26,109.60961
2016-05-27,109.44424
2016-05-30,109.64612
2016-05-31,109.58317
2016-06-01,109.52756
2016-06-02,109.42406
2016-06-03,109.4855
2016-06-07,108.5577
2016-06-08,108.67483
2016-06-09,108.91547
2016-06-10,109.38175
2016-06-13,110.07703
2016-06-14,109.80279
2016-06-15,109.8031
2016-06-16,110.41885
2016-06-17,110.39848
2016-06-20,110.12033
2016-06-21,110.11717
2016-06-22,110.22528
2016-06-23,110.02402
2016-06-27,111.00185
2016-06-28,111.12995
2016-06-29,111.29589
2016-06-30,111.25066
2016-07-01,111.11267
2016-07-04,111.00679
2016-07-05,110.82006
2016-07-06,111.35361
2016-07-07,111.77054
2016-07-08,111.9035
2016-07-11,111.94427
2016-07-12,111.69256
2016-07-13,111.90111
2016-07-14,111.27104
2016-07-15,111.68271
2016-07-18,111.78883
2016-07-19,111.9515
2016-07-20,112.26634
2016-07-21,111.98063
2016-07-22,112.18434
2016-07-25,112.44943
2016-07-26,112.30516
2016-07-27,112.50034
2016-07-28,112.37305
2016-07-29,112.6305
2016-08-01,112.57237
2016-08-02,112.75662
2016-08-03,112.3464
2016-08-04,112.41504
2016-08-05,112.04924
2016-08-08,112.37156
2016-08-09,112.36365
2016-08-10,112.10689
2016-08-11,111.44373
2016-08-12,111.45829
2016-08-15,111.73454
2016-08-16,111.74349
2016-08-17,111.68027
2016-08-18,111.60794
2016-08-19,111.47163
2016-08-22,111.63912
2016-08-23,111.28795
2016-08-24,111.28465
2016-08-25,111.50355
2016-08-26,111.55704
2016-08-29,111.79098
2016-08-30,111.80039
2016-08-31,112.13616
2016-09-01,112.78158
2016-09-02,112.77554
2016-09-05,112.79882
2016-09-06,112.60713
2016-09-07,112.33588
2016-09-08,111.93929
2016-09-09,112.04796
2016-09-12,112.33123
2016-09-13,112.32276
2016-09-14,112.30381
2016-09-15,112.41576
2016-09-16,112.14605
2016-09-19,112.66813
2016-09-20,112.61885
2016-09-21,113.03726
2016-09-22,112.81298
2016-09-23,112.89184
2016-09-26,112.99455
2016-09-27,112.94889
2016-09-28,113.44435
2016-09-29,113.42652
2016-09-30,113.64252
2016-10-03,113.39476
2016-10-04,113.32491
2016-10-05,113.18441
2016-10-06,113.42407
2016-10-07,113.55326
2016-10-10,113.92051
2016-10-11,114.08777
2016-10-12,115.00669
2016-10-13,115.09765
2016-10-14,114.6188
2016-10-17,114.55837
2016-10-18,114.54193
2016-10-19,114.73878
2016-10-20,114.77027
2016-10-21,115.0489
2016-10-24,115.03131
2016-10-25,115.13193
2016-10-26,115.33973
2016-10-27,114.91219
2016-10-28,116.71563
2016-10-31,116.45536
2016-11-01,116.63762
2016-11-02,116.56755
2016-11-03,116.29702
2016-11-04,116.97499
2016-11-07,117.30621
2016-11-08,117.37002
2016-11-09,117.26661
2016-11-10,116.84091
2016-11-11,116.6713
2016-11-14,116.28371
2016-11-15,116.08046
2016-11-16,116.51671
2016-11-17,116.52799
2016-11-18,116.51852
2016-11-21,116.3121
2016-11-22,116.29448
2016-11-23,116.24132
2016-11-24,116.17795
2016-11-25,116.0228
2016-11-28,115.99997
2016-11-29,115.85962
2016-11-30,115.5337
2016-12-01,116.36959
2016-12-02,116.42689
2016-12-05,116.11892
2016-12-06,116.09736
2016-12-07,115.68884
2016-12-08,115.57148
2016-12-09,115.41197
2016-12-12,115.73184
2016-12-13,115.80638
2016-12-14,115.9553
2016-12-15,116.12066
2016-12-16,116.91959
2016-12-19,116.52603
2016-12-20,116.34058
2016-12-21,115.90449
2016-12-22,114.77115
2016-12-23,114.85513
2016-12-27,114.80496
2016-12-28,114.81085
2016-12-29,114.13845
2016-12-30,113.79318
2017-01-02,113.7441
2017-01-03,113.75659
2017-01-04,113.9087
2017-01-05,113.76434
2017-01-09,113.74503
2017-01-10,113.48175
2017-01-11,113.70712
2017-01-12,113.15293
2017-01-13,112.7301
2017-01-16,112.67302
2017-01-17,112.66215
2017-01-18,112.99759
2017-01-19,113.03614
2017-01-20,113.11015
2017-01-23,112.59607
2017-01-24,112.62106
2017-01-25,112.61435
2017-01-26,112.44953
2017-01-27,112.26818
2017-01-30,112.32786
2017-01-31,112.24462
2017-02-01,111.72041
2017-02-02,111.83162
2017-02-03,111.99461
2017-02-06,112.3826
2017-02-07,112.84339
2017-02-08,112.88511
2017-02-09,112.74767
2017-02-10,113.17871
2017-02-13,113.21405
2017-02-14,113.19623
2017-02-15,113.23057
2017-02-16,113.21783
2017-02-17,113.02841
2017-02-20,113.08883
2017-02-21,113.62825
2017-02-22,113.59984
2017-02-23,113.65879
2017-02-24,113.97794
2017-02-27,114.35216
2017-02-28,114.60057
2017-03-01,114.3538
2017-03-02,114.03203
2017-03-03,114.13255
2017-03-06,113.81056
2017-03-07,113.77402
2017-03-08,113.74995
2017-03-09,113.85645
2017-03-10,113.87507
2017-03-13,113.77117
2017-03-14,113.08448
2017-03-15,113.40065
2017-03-16,113.06896
2017-03-17,112.64374
2017-03-20,112.87799
2017-03-21,112.71855
2017-03-22,113.08417
2017-03-23,112.85225
2017-03-24,113.15962
2017-03-27,113.10474
2017-03-28,113.19846
2017-03-29,113.56466
2017-03-30,113.7861
2017-03-31,113.98776
2017-04-03,113.72756
2017-04-04,114.18278
2017-04-05,114.47964
2017-04-06,114.39729
2017-04-07,114.56153
2017-04-10,114.87838
2017-04-11,115.15183
2017-04-12,114.70798
2017-04-13,114.46718
2017-04-18,114.5904
2017-04-19,114.74687
2017-04-20,114.58479
2017-04-21,114.91588
2017-04-24,114.2242
2017-04-25,114.10878
2017-04-26,113.29005
2017-04-27,113.33406
2017-04-28,114.06544
2017-05-02,114.27562
2017-05-03,113.97299
2017-05-04,113.99114
2017-05-05,114.31915
2017-05-08,114.0427
2017-05-09,114.07033
2017-05-10,114.37064
2017-05-11,114.29494
2017-05-12,114.49751
2017-05-15,114.29514
2017-05-16,114.53205
2017-05-17,114.75282
2017-05-18,114.57232
2017-05-19,114.75255
2017-05-22,114.62988
2017-05-23,114.516
2017-05-24,114.32635
2017-05-26,114.22427
2017-05-29,114.19047
2017-05-30,114.62477
2017-05-31,114.62201
2017-06-01,114.59391
2017-06-02,114.39433
2017-06-05,114.21207
2017-06-07,114.77485
2017-06-08,114.78391
2017-06-09,114.82454
2017-06-12,114.70561
2017-06-13,114.8037
2017-06-14,114.44093
2017-06-15,114.70346
2017-06-16,114.71818
2017-06-19,114.46821
2017-06-20,114.53562
2017-06-21,114.62898
2017-06-22,114.50379
2017-06-26,114.43364
2017-06-27,114.51359
2017-06-28,114.09489
2017-06-29,113.40979
2017-06-30,112.7616
2017-07-03,112.29617
2017-07-04,112.81584
2017-07-05,112.81137
2017-07-06,112.35358
2017-07-07,112.18959
2017-07-10,112.00133
2017-07-11,111.94035
2017-07-12,111.93593
2017-07-13,111.78992
2017-07-14,111.39515
2017-07-17,111.45319
2017-07-18,111.09009
2017-07-19,111.6036
2017-07-20,111.66097
2017-07-21,111.44642
2017-07-24,111.61563
2017-07-25,111.10621
2017-07-26,111.11955
2017-07-27,111.22558
2017-07-28,111.02607
2017-07-31,110.6576
2017-08-01,110.50297
2017-08-02,110.82998
2017-08-03,110.8521
2017-08-04,110.90575
2017-08-07,110.94432
2017-08-08,111.07237
2017-08-09,111.28088
2017-08-10,111.10314
2017-08-11,110.84606
2017-08-14,110.88099
2017-08-15,110.11327
2017-08-16,109.65187
2017-08-17,110.02468
2017-08-18,110.34698
2017-08-21,110.42521
2017-08-22,110.2698
2017-08-23,110.40261
2017-08-24,110.06259
2017-08-25,110.27907
2017-08-28,109.71192
2017-08-29,109.894
2017-08-30,109.58792
2017-08-31,109.53951
2017-09-01,109.64847
2017-09-04,109.88012
2017-09-05,109.57197
2017-09-06,109.86147
2017-09-07,110.09866
2017-09-08,110.37081
2017-09-11,110.32008
2017-09-12,110.62327
2017-09-13,110.40955
2017-09-14,110.48663
2017-09-15,110.32786
2017-09-18,110.16346
2017-09-19,110.0803
2017-09-20,110.1593
2017-09-21,110.17819
2017-09-22,110.09164
2017-09-25,110.35723
2017-09-26,110.7048
2017-09-27,111.02484
2017-09-28,110.95768
2017-09-29,110.74445
2017-10-02,111.30343
2017-10-03,111.01724
2017-10-04,110.54341
2017-10-05,110.35019
2017-10-06,110.54302
2017-10-09,110.33969
2017-10-10,110.36487
2017-10-11,110.18733
2017-10-12,110.744
2017-10-13,111.12883
2017-10-16,111.22438
2017-10-17,111.00553
2017-10-18,111.24726
2017-10-19,111.29948
2017-10-20,111.32458
2017-10-23,111.40242
2017-10-24,111.58155
2017-10-25,112.1554
2017-10-26,111.88116
2017-10-27,112.51141
2017-10-30,112.51101
2017-10-31,112.84409
2017-11-01,113.11875
2017-11-02,113.45388
2017-11-03,113.3971
2017-11-06,113.54667
2017-11-07,113.31687
2017-11-08,112.92355
2017-11-09,112.86823
2017-11-10,113.01996
2017-11-13,113.03274
2017-11-14,113.55711
2017-11-15,114.10055
2017-11-16,114.28566
2017-11-17,114.34214
2017-11-20,114.59039
2017-11-21,115.50045
2017-11-22,114.63118
2017-11-23,113.89299
2017-11-24,113.58807
2017-11-27,113.87044
2017-11-28,114.01128
2017-11-29,114.20322
2017-11-30,114.20711
2017-12-01,114.73931
2017-12-04,114.60324
2017-12-05,115.16809
2017-12-06,114.59121
2017-12-07,114.7906
2017-12-08,115.36009
2017-12-11,115.16855
2017-12-12,114.89826
2017-12-13,114.44346
2017-12-14,114.54119
2017-12-15,114.7434
2017-12-18,115.20015
2017-12-19,114.66307
2017-12-20,114.39371
2017-12-21,114.6791
2017-12-22,114.52645
2017-12-27,114.13818
2017-12-28,113.32689
2017-12-29,113.46484
2018-01-02,112.8735
2018-01-03,113.30258
2018-01-04,113.04286
2018-01-05,113.0847
2018-01-08,113.18827
2018-01-09,113.30801
2018-01-10,113.20338
2018-01-11,112.9956
2018-01-12,112.75796
2018-01-15,113.05826
2018-01-16,112.75669
2018-01-17,112.98406
2018-01-18,112.79628
2018-01-19,112.92255
2018-01-22,113.02514
2018-01-23,113.0343
2018-01-24,113.06564
2018-01-25,112.77049
2018-01-26,112.58952
2018-01-29,112.28691
2018-01-30,112.25722
2018-01-31,112.01966
2018-02-01,112.45733
2018-02-02,112.60079
2018-02-05,112.66074
2018-02-06,112.91123
2018-02-07,113.06393
2018-02-08,113.71551
2018-02-09,114.27638
2018-02-12,113.78926
2018-02-13,113.74754
2018-02-14,113.32144
2018-02-15,113.17071
2018-02-16,113.29802
2018-02-19,113.40051
2018-02-20,113.99015
2018-02-21,114.47487
2018-02-22,114.69088
2018-02-23,114.9
2018-02-26,115.27394
2018-02-27,115.59969
2018-02-28,115.95622
2018-03-01,116.07973
2018-03-02,116.28684
2018-03-05,116.63936
2018-03-06,116.86668
2018-03-07,116.79374
2018-03-08,116.95682
2018-03-09,116.50004
2018-03-12,116.58147
2018-03-13,116.55845
2018-03-14,116.45379
2018-03-15,115.87962
2018-03-16,115.74423
2018-03-19,115.8337
2018-03-20,115.51422
2018-03-21,115.71091
2018-03-22,115.93718
2018-03-23,116.94354
2018-03-26,116.56637
2018-03-27,116.60876
2018-03-28,117.25098
2018-03-29,117.97324
2018-04-03,118.67234
2018-04-04,118.22477
2018-04-05,118.35005
2018-04-06,118.6835
2018-04-09,118.08891
2018-04-10,117.89408
2018-04-11,117.43815
2018-04-12,118.17576
2018-04-13,119.05031
2018-04-16,119.38335
2018-04-17,119.42411
2018-04-18,119.05039
2018-04-19,118.99532
2018-04-20,118.83989
2018-04-23,118.96703
2018-04-24,118.9978
2018-04-25,119.29352
2018-04-26,119.16101
2018-04-27,120.45839
2018-04-30,120.59901
2018-05-02,121.80387
2018-05-03,122.43354
2018-05-04,121.34076
2018-05-07,121.27781
2018-05-08,120.97105
2018-05-09,120.09738
2018-05-11,118.48472
2018-05-14,118.14204
2018-05-15,118.37606
2018-05-16,118.53973
2018-05-17,118.46749
2018-05-18,118.79707
2018-05-21,118.62034
2018-05-22,118.0105
2018-05-23,118.43918
2018-05-24,118.56905
2018-05-25,118.19835
2018-05-28,118.07186
2018-05-29,118.92092
2018-05-30,119.57786
2018-05-31,118.83072
2018-06-01,118.93092
2018-06-04,118.6658
2018-06-05,118.23512
2018-06-07,118.10852
2018-06-08,118.49299
2018-06-11,118.2759
2018-06-12,117.409
2018-06-13,116.89704
2018-06-14,116.84808
2018-06-15,117.21965
2018-06-18,118.2725
2018-06-19,119.28231
2018-06-20,119.01893
2018-06-21,118.52764
2018-06-25,119.35418
2018-06-26,118.81162
2018-06-27,119.18324
2018-06-28,119.65019
2018-06-29,119.85104
2018-07-02,120.09442
2018-07-03,119.1941
2018-07-04,117.86064
2018-07-05,117.35615
2018-07-06,117.71716
2018-07-09,117.41136
2018-07-10,117.72129
2018-07-11,118.15466
2018-07-12,118.0433
2018-07-13,118.94696
2018-07-16,118.83034
2018-07-17,118.36472
2018-07-18,118.37807
2018-07-19,118.52064
2018-07-20,118.8155
2018-07-23,118.63917
2018-07-24,118.53223
2018-07-25,118.02904
2018-07-26,117.60376
2018-07-27,117.78046
2018-07-30,117.59176
2018-07-31,117.52453
2018-08-01,117.83849
2018-08-02,117.89268
2018-08-03,118.4802
2018-08-06,118.38207
2018-08-07,118.65482
2018-08-08,118.666
2018-08-09,119.2259
2018-08-10,119.07118
2018-08-13,119.6144
2018-08-14,119.18484
2018-08-15,119.43349
2018-08-16,119.91073
2018-08-17,120.02123
2018-08-20,120.02672
2018-08-21,120.34157
2018-08-22,120.30482
2018-08-23,119.82265
2018-08-24,120.53244
2018-08-27,120.97362
2018-08-28,121.18537
2018-08-29,121.62951
2018-08-30,121.35225
2018-08-31,120.8689
2018-09-03,120.78201
2018-09-04,120.15753
2018-09-05,119.96766
2018-09-06,120.02854
2018-09-07,120.20031
2018-09-10,118.99946
2018-09-11,119.31349
2018-09-12,119.48206
2018-09-13,118.95166
2018-09-14,119.5143
2018-09-17,119.70508
2018-09-18,118.29708
2018-09-19,118.12138
2018-09-20,117.98318
2018-09-21,117.39518
2018-09-24,117.43213
2018-09-25,117.20886
2018-09-26,117.59238
2018-09-27,117.77601
2018-09-28,117.49614
2018-10-01,117.94734
2018-10-02,118.64999
2018-10-03,118.79183
2018-10-04,118.87459
2018-10-05,119.3391
2018-10-08,119.37709
2018-10-09,119.65659
2018-10-10,119.65241
2018-10-11,119.28703
2018-10-12,118.57377
2018-10-15,118.78279
2018-10-16,118.34327
2018-10-17,117.95291
2018-10-18,118.29412
2018-10-19,118.49603
2018-10-22,118.29443
2018-10-23,118.44794
2018-10-24,118.6927
2018-10-25,119.39562
2018-10-26,119.09811
2018-10-29,119.53121
2018-10-30,119.22054
2018-10-31,119.3547
2018-11-01,118.35652
2018-11-02,118.24868
2018-11-05,118.57717
2018-11-06,118.74293
2018-11-07,118.52851
2018-11-08,117.93686
2018-11-09,118.15852
2018-11-12,118.38762
2018-11-13,118.09762
2018-11-14,118.15493
2018-11-15,117.96341
2018-11-16,117.99365
2018-11-19,117.88948
2018-11-20,118.07201
2018-11-21,118.49289
2018-11-22,118.25557
2018-11-23,118.22414
2018-11-26,118.02193
2018-11-27,118.32355
2018-11-28,118.18402
2018-11-29,118.00806
2018-11-30,118.68249
2018-12-03,118.13833
2018-12-04,117.55079
2018-12-05,117.6428
2018-12-06,117.1476
2018-12-07,117.40588
2018-12-10,118.20886
2018-12-11,118.15037
2018-12-12,118.38869
2018-12-13,118.25603
2018-12-14,118.08644
2018-12-17,117.83077
2018-12-18,118.03912
2018-12-19,118.05939
2018-12-20,117.79622
2018-12-21,117.44631
2018-12-27,118.25473
2018-12-28,117.41326
2019-01-02,116.84525
2019-01-03,117.40186
2019-01-04,117.55469
2019-01-07,117.30986
2019-01-08,116.83849
2019-01-09,117.06609
2019-01-10,117.46061
2019-01-11,117.19367
2019-01-14,117.62306
2019-01-15,117.80094
2019-01-16,117.67902
2019-01-17,118.42588
2019-01-18,118.14311
2019-01-21,117.94003
2019-01-22,118.02428
2019-01-23,118.07463
2019-01-24,118.32554
2019-01-25,118.84376
2019-01-28,119.16673
2019-01-29,119.11973
2019-01-30,119.54481
2019-01-31,119.38058
2019-02-01,119.3631
2019-02-04,119.4583
2019-02-05,120.10111
2019-02-06,120.15107
2019-02-07,120.83754
2019-02-08,121.09853
2019-02-11,121.00023
2019-02-12,120.95682
2019-02-13,120.8696
2019-02-14,120.46648
2019-02-15,121.26456
2019-02-18,120.84448
2019-02-19,121.38214
2019-02-20,121.87574
2019-02-21,122.04393
2019-02-22,122.2225
2019-02-25,122.04122
2019-02-26,122.10378
2019-02-27,121.78007
2019-02-28,121.43062
2019-03-01,121.27481
2019-03-04,121.52486
2019-03-05,122.16503
2019-03-06,121.65647
2019-03-07,121.44541
2019-03-08,122.77186
2019-03-11,122.39362
2019-03-12,122.07927
2019-03-13,122.04878
2019-03-14,121.4482
2019-03-15,121.21157
2019-03-18,120.93733
2019-03-19,120.96171
2019-03-20,120.70436
2019-03-21,120.38151
2019-03-22,120.84903
2019-03-25,120.8949
2019-03-26,120.91332
2019-03-27,120.80099
2019-03-28,121.11039
2019-03-29,120.57148
2019-04-01,120.24854
2019-04-02,120.78393
2019-04-03,120.77227
2019-04-04,120.68033
2019-04-05,120.54791
2019-04-08,120.74042
2019-04-09,120.57211
2019-04-10,120.53356
2019-04-11,120.65249
2019-04-12,121.03309
2019-04-15,120.99772
2019-04-16,121.01745
2019-04-17,120.63605
2019-04-18,120.87274
2019-04-23,121.37791
2019-04-24,121.5074
2019-04-25,122.44329
2019-04-26,122.7462
2019-04-29,122.7421
2019-04-30,122.96541
2019-05-02,123.55236
2019-05-03,123.68151
2019-05-06,123.81784
2019-05-07,123.73752
2019-05-08,123.80763
2019-05-09,124.34252
2019-05-10,124.7209
2019-05-13,124.88106
2019-05-14,124.19502
2019-05-15,124.15073
2019-05-16,124.04705
2019-05-17,124.10592
2019-05-20,123.91577
2019-05-21,124.40057
2019-05-22,124.04872
2019-05-23,123.74229
2019-05-24,123.66237
2019-05-27,123.14647
2019-05-28,123.01207
2019-05-29,123.3133
2019-05-31,122.62414
2019-06-03,122.31066
2019-06-04,122.1314
2019-06-05,122.17322
2019-06-07,122.33228
2019-06-10,122.39428
2019-06-11,122.45855
2019-06-12,123.00173
2019-06-13,123.04417
2019-06-14,122.88484
2019-06-17,122.62647
2019-06-18,122.32642
2019-06-19,123.18482
2019-06-20,122.52521
2019-06-24,122.15933
2019-06-25,121.43195
2019-06-26,121.19049
2019-06-27,121.2716
2019-06-28,121.42106
2019-07-01,121.45083
2019-07-02,121.65326
2019-07-03,121.37827
2019-07-04,121.34687
2019-07-05,121.63268
2019-07-08,122.19674
2019-07-09,122.429
2019-07-10,122.45702
2019-07-11,122.16888
2019-07-12,121.75446
2019-07-15,121.74455
2019-07-16,121.565
2019-07-17,121.59798
2019-07-18,121.39276
2019-07-19,121.26849
2019-07-22,121.68668
2019-07-23,122.02698
2019-07-24,122.18875
2019-07-25,121.73604
2019-07-26,121.96785
2019-07-29,122.28539
2019-07-30,122.77548
2019-07-31,123.12967
2019-08-01,123.55881
2019-08-02,123.67108
2019-08-05,123.41327
2019-08-06,123.36018
2019-08-07,123.21071
2019-08-08,123.67442
2019-08-09,122.96915
2019-08-12,122.91255
2019-08-13,122.94513
2019-08-14,122.44225
2019-08-15,122.98058
2019-08-16,123.38882
2019-08-19,123.34891
2019-08-20,123.28325
2019-08-21,123.41789
2019-08-22,122.61103
2019-08-23,123.19321
2019-08-26,123.01525
2019-08-27,123.03699
2019-08-28,123.07996
2019-08-29,123.58679
2019-08-30,124.08644
2019-09-02,124.08957
2019-09-03,124.36438
2019-09-04,123.69743
2019-09-05,123.3317
2019-09-06,123.07103
2019-09-09,122.49424
2019-09-10,123.46513
2019-09-11,123.13801
2019-09-12,122.74121
2019-09-13,122.77732
2019-09-16,122.63435
2019-09-17,122.96021
2019-09-18,123.61845
2019-09-19,123.90427
2019-09-20,123.28039
2019-09-23,123.47515
2019-09-24,123.27777
2019-09-25,122.9862
2019-09-26,123.33507
2019-09-27,123.28325
2019-09-30,123.85984
2019-10-01,124.45013
2019-10-02,124.60746
2019-10-03,124.97644
2019-10-04,124.80954
2019-10-07,124.80023
2019-10-08,125.2929
2019-10-09,125.65608
2019-10-10,125.52753
2019-10-11,124.73784
2019-10-14,125.21389
2019-10-15,124.86479
2019-10-16,124.65907
2019-10-17,125.16634
2019-10-18,124.09553
2019-10-21,124.01343
2019-10-22,123.63323
2019-10-23,123.71039
2019-10-24,122.98751
2019-10-25,123.80018
2019-10-28,123.79095
2019-10-29,124.40942
2019-10-30,124.57172
2019-10-31,123.85908
2019-11-01,123.73491
2019-11-04,123.0521
2019-11-05,123.24073
2019-11-06,123.43332
2019-11-07,123.08275
2019-11-08,123.25677
2019-11-11,123.91156
2019-11-12,123.71851
2019-11-13,123.91404
2019-11-14,123.83684
2019-11-15,123.32528
2019-11-18,123.06176
2019-11-19,123.03493
2019-11-20,123.80714
2019-11-21,123.17237
2019-11-22,122.64991
2019-11-25,122.30352
2019-11-26,122.43647
2019-11-27,121.98559
2019-11-28,121.98467
2019-11-29,121.48743
2019-12-02,121.75693
2019-12-03,121.51722
2019-12-04,121.95384
2019-12-05,121.57066
2019-12-06,121.57497
2019-12-09,121.54719
2019-12-10,121.95491
2019-12-11,121.30703
2019-12-12,120.59768
2019-12-13,120.64224
2019-12-16,120.67888
2019-12-17,120.87636
2019-12-18,120.91134
2019-12-19,120.90946
2019-12-20,120.87807
2019-12-23,120.90487
2019-12-27,120.79664
2019-12-30,120.50504
2020-01-02,120.92682
2020-01-03,121.43918
2020-01-07,121.73888
2020-01-08,121.71853
2020-01-09,121.78267
2020-01-10,122.24076
2020-01-13,122.54252
2020-01-14,122.16666
2020-01-15,122.13257
2020-01-16,122.16001
2020-01-17,122.44746
2020-01-20,122.44683
2020-01-21,122.47722
2020-01-22,122.36254
2020-01-23,122.11425
2020-01-24,122.24974
2020-01-27,122.49633
2020-01-28,123.00028
2020-01-29,122.71407
2020-01-30,123.04518
2020-01-31,123.31904
2020-02-03,123.12192
2020-02-04,122.98479
2020-02-05,122.19058
2020-02-06,122.15257
2020-02-07,122.49824
2020-02-10,122.42332
2020-02-11,122.35897
2020-02-12,122.02061
2020-02-13,121.97587
2020-02-14,122.25343
2020-02-17,122.67075
2020-02-18,122.7814
2020-02-19,123.27515
2020-02-20,123.19324
2020-02-21,123.14109
2020-02-24,122.79446
2020-02-25,122.44535
2020-02-26,122.45753
2020-02-27,122.21831
2020-02-28,122.62081
2020-03-02,121.30613
2020-03-03,121.29507
2020-03-04,121.04608
2020-03-05,121.24058
2020-03-06,121.21628
2020-03-09,121.53158
2020-03-10,121.95359
2020-03-11,122.00021
2020-03-12,122.09605
2020-03-13,123.63827
2020-03-16,121.85891
2020-03-17,123.07009
2020-03-18,123.32507
2020-03-19,125.62794
2020-03-20,125.01546
2020-03-23,125.79342
2020-03-24,124.24121
2020-03-25,122.79133
2020-03-26,123.994
2020-03-27,123.67807
2020-03-30,123.84114
2020-03-31,124.85393
2020-04-01,123.2979
2020-04-02,123.64205
2020-04-03,124.29779
2020-04-06,124.05331
2020-04-07,123.47936
2020-04-08,124.27071
2020-04-09,123.89612
2020-04-14,123.57133
2020-04-15,124.01626
2020-04-16,123.88513
2020-04-17,123.42586
2020-04-20,123.42361
2020-04-21,123.48519
2020-04-22,123.97549
2020-04-23,123.9021
2020-04-24,123.23467
2020-04-27,122.97229
2020-04-28,122.74705
2020-04-29,121.50399
2020-04-30,121.72398
2020-05-04,122.49097
2020-05-05,121.5335
2020-05-06,120.83796
2020-05-07,120.60597
2020-05-08,120.52601
2020-05-11,120.46681
2020-05-12,121.01708000000001
2020-05-13,120.40957
2020-05-14,120.76403
2020-05-15,120.47323
2020-05-18,120.57188
2020-05-19,119.8113
2020-05-20,119.8849
2020-05-22,119.80136
2020-05-25,119.74011
2020-05-26,119.74382
2020-05-27,119.90073
2020-05-28,119.91251
2020-05-29,119.00324
2020-06-01,118.3418
2020-06-02,118.29373
2020-06-03,117.84907
2020-06-04,118.39535
2020-06-05,117.34493
2020-06-08,117.56779
2020-06-09,118.09948
2020-06-10,117.9102
2020-06-11,118.23534
2020-06-12,118.60928
2020-06-15,119.11223
2020-06-16,118.57469
2020-06-17,118.95867
2020-06-18,118.68683
2020-06-22,119.35647
2020-06-23,118.86705
2020-06-24,118.58237
2020-06-25,118.67181
2020-06-26,118.1645
2020-06-29,118.09308
2020-06-30,118.20958
2020-07-01,118.11243
2020-07-02,118.00731
2020-07-03,118.3431
2020-07-06,119.53321
2020-07-07,118.33632
2020-07-08,117.64222
2020-07-09,117.44017
2020-07-10,117.6619
2020-07-13,117.37797
2020-07-14,117.31333
2020-07-15,116.62396
2020-07-16,116.70022
2020-07-17,116.40383
2020-07-20,116.12449
2020-07-21,115.51607
2020-07-22,115.16987
2020-07-23,115.17921
2020-07-24,115.3726
2020-07-27,115.1745
2020-07-28,114.9922
2020-07-29,114.84877
2020-07-30,115.18766
2020-07-31,114.65259
2020-08-03,115.34895
2020-08-04,114.77185
2020-08-05,114.85017
2020-08-06,114.85372
2020-08-07,114.87586
2020-08-10,114.93713
2020-08-11,114.83236
2020-08-12,114.87825
2020-08-13,114.48028
2020-08-14,114.74202
2020-08-17,114.78811
2020-08-18,114.88188
2020-08-19,114.94317
2020-08-20,115.08904
2020-08-21,115.41043
2020-08-24,115.61804
2020-08-25,115.61903
2020-08-26,115.67799
2020-08-27,115.18484
2020-08-28,114.8766
2020-08-31,114.84641
2020-09-01,115.08732
2020-09-02,115.56214
2020-09-03,115.42063
2020-09-04,115.69861
2020-09-07,115.62973
2020-09-08,115.73849
2020-09-09,115.92711
2020-09-10,115.4621
2020-09-11,115.59201
2020-09-14,115.76152
2020-09-15,116.01888
2020-09-16,116.15132
2020-09-17,116.35949
2020-09-18,116.22833
2020-09-21,115.86386
2020-09-22,116.23733
2020-09-23,116.58807
2020-09-24,117.45659
2020-09-25,118.45161
2020-09-28,118.20145
2020-09-29,117.48818
2020-09-30,117.2589
2020-10-01,117.02244
2020-10-02,116.75558
2020-10-05,116.59755
2020-10-06,116.81546
2020-10-07,117.16072
2020-10-08,116.35137
2020-10-09,116.30446
2020-10-12,115.95945
2020-10-13,115.99064
2020-10-14,115.70215
2020-10-15,116.0247
2020-10-16,115.83414
2020-10-19,115.59264
2020-10-20,115.9081
2020-10-21,115.21312
2020-10-22,115.45738
2020-10-23,115.50923
2020-10-26,115.57637
2020-10-27,115.14344
2020-10-28,114.97003
2020-10-29,115.78024
2020-10-30,115.98637
2020-11-02,115.8377
2020-11-03,115.76513
2020-11-04,115.54436
2020-11-05,115.02019
2020-11-06,115.11573
2020-11-09,114.58088
2020-11-10,114.23459
2020-11-11,114.17916
2020-11-12,114.08906
2020-11-13,114.34882
2020-11-16,114.85764
2020-11-17,114.4793
2020-11-18,114.39784
2020-11-19,114.60004
2020-11-20,114.49458
2020-11-23,114.48944
2020-11-24,114.36741
2020-11-25,113.82584
2020-11-26,113.77858
2020-11-27,113.84089
2020-11-30,113.59556
2020-12-01,114.183
2020-12-02,114.63033
2020-12-03,114.49158
2020-12-04,114.49282
2020-12-07,114.7121
2020-12-08,113.84232
2020-12-09,114.49232
2020-12-10,114.48382
2020-12-11,114.46343
2020-12-14,114.17474
2020-12-15,114.01222
2020-12-16,113.5428
2020-12-17,113.40135
2020-12-18,112.87971
2020-12-21,113.19479
2020-12-22,112.45166
2020-12-23,112.68622
2020-12-28,112.11483
2020-12-29,112.49951
2020-12-30,111.8144
2021-01-04,112.19646
2021-01-05,112.33087
2021-01-07,112.34505
2021-01-08,112.23294
2021-01-11,112.48162
2021-01-12,112.6033
2021-01-13,112.67287
2021-01-14,113.3431
2021-01-15,113.32805
2021-01-18,113.68025
2021-01-19,113.42322
2021-01-20,113.54459
2021-01-21,113.33349
2021-01-22,112.83661
2021-01-25,112.55967
2021-01-26,112.63952
2021-01-27,112.97475
2021-01-28,113.2793
2021-01-29,113.2742
2021-02-01,113.54636
2021-02-02,113.78986
2021-02-03,113.58369
2021-02-04,113.63996
2021-02-05,113.80711
2021-02-08,113.54669
2021-02-09,113.69023
2021-02-10,112.93595
2021-02-11,113.27437
2021-02-12,113.32622
2021-02-15,112.80777
2021-02-16,112.82946
2021-02-17,112.87979
2021-02-18,112.76389
2021-02-19,112.95465
2021-02-22,112.77745
2021-02-23,113.0375
2021-02-24,112.99151
2021-02-25,112.81525
2021-02-26,113.01191
2021-03-01,114.0096
2021-03-02,114.04133
2021-03-03,113.6691
2021-03-04,113.94013
2021-03-05,114.35927
2021-03-08,114.29678
2021-03-09,114.18977
2021-03-10,113.95658
2021-03-11,113.59836
2021-03-12,114.0331
2021-03-15,114.33997
2021-03-16,114.20252
2021-03-17,114.10159
2021-03-18,113.98408
2021-03-19,114.13236
2021-03-22,114.53868
2021-03-23,114.3907
2021-03-24,114.58618
2021-03-25,114.48107
2021-03-26,114.7353
2021-03-29,114.84489
2021-03-30,115.23224
2021-03-31,115.31404
2021-04-01,115.64049
2021-04-06,115.75976
2021-04-07,114.98856
2021-04-08,114.85397
2021-04-09,114.23301
2021-04-12,114.2717
2021-04-13,114.49903
2021-04-14,113.90989
2021-04-15,113.52738
2021-04-16,113.43431
2021-04-19,113.42392
2021-04-20,113.27719
2021-04-21,113.79487
2021-04-22,113.4011
2021-04-23,113.53099
2021-04-26,113.40898
2021-04-27,113.48002
2021-04-28,113.46343
2021-04-29,113.36801
2021-04-30,113.78607
2021-05-03,114.04531
2021-05-04,114.09162
2021-05-05,114.48456
2021-05-06,114.36051
2021-05-07,113.92784
2021-05-10,113.48976
2021-05-11,113.70954
2021-05-12,113.3547
2021-05-14,113.843
2021-05-17,113.69757
2021-05-18,113.51834
2021-05-19,113.46521
2021-05-20,113.77733
2021-05-21,113.61478
2021-05-24,113.58932
2021-05-25,113.44387
2021-05-26,113.49658
2021-05-27,113.62577
2021-05-28,113.37017
2021-05-31,113.62159
2021-06-01,113.52689
2021-06-02,113.2113
2021-06-03,113.37773
2021-06-04,113.50374
2021-06-07,113.16669
2021-06-08,113.0521
2021-06-09,113.23959
2021-06-10,113.08362
2021-06-11,112.91888
2021-06-14,113.31394
2021-06-15,113.30411
2021-06-16,113.56643
2021-06-17,114.48807
2021-06-18,114.81587
2021-06-21,115.22593
2021-06-22,114.55362
2021-06-23,113.96104
2021-06-24,113.91636
2021-06-28,114.01438
2021-06-29,114.52963
2021-06-30,114.14669
2021-07-01,114.47053
2021-07-02,114.64982
2021-07-05,114.46812
2021-07-06,114.30027
2021-07-07,114.4082
2021-07-08,114.76695
2021-07-09,114.51844
2021-07-12,114.66942
2021-07-13,114.55963
2021-07-14,115.01511
2021-07-15,115.1548
2021-07-16,115.43655
2021-07-19,115.6039
2021-07-20,115.25765
2021-07-21,115.44263
2021-07-22,115.32747
2021-07-23,115.3282
2021-07-26,115.04993
2021-07-27,114.79181
2021-07-28,114.75616
2021-07-29,114.71769
2021-07-30,114.55793
2021-08-02,114.8411
2021-08-03,114.86856
2021-08-04,114.87673
2021-08-05,114.81757
2021-08-06,114.93998
2021-08-09,114.98522
2021-08-10,115.36878
2021-08-11,115.40069
2021-08-12,115.09424
2021-08-13,115.11446
2021-08-16,115.05309
2021-08-17,114.96191
2021-08-18,115.55548
2021-08-19,115.55841
2021-08-20,116.10096
2021-08-23,115.9647
2021-08-24,115.26787
2021-08-25,115.14766
2021-08-26,115.35826
2021-08-27,115.41914
2021-08-30,115.02647
2021-08-31,114.61971
2021-09-01,115.0972
2021-09-02,114.89524
2021-09-03,114.64503
2021-09-06,114.67353
2021-09-07,114.47153
2021-09-08,114.73514
2021-09-09,114.91981
2021-09-10,114.84194
2021-09-13,115.09484
2021-09-14,114.58076
2021-09-15,114.6137
2021-09-16,114.61239
2021-09-17,114.5337
2021-09-20,115.20089
2021-09-21,114.82968
2021-09-22,114.7926
2021-09-23,114.67959
2021-09-24,114.39851
2021-09-27,114.71283
2021-09-28,115.15213
2021-09-29,115.05613
2021-09-30,115.28333
2021-10-01,115.12595
2021-10-04,115.09821
2021-10-05,115.00225
2021-10-06,115.14806
2021-10-07,115.29642
2021-10-08,115.24225
2021-10-11,114.66015
2021-10-12,114.89857
2021-10-13,114.97655
2021-10-14,114.01209
2021-10-15,113.67021
2021-10-18,113.71299
2021-10-19,113.75061
2021-10-20,113.73711
2021-10-21,113.52114
2021-10-22,113.26599
2021-10-25,113.33174
2021-10-26,113.56657
2021-10-27,113.43722
2021-10-28,113.10533
2021-10-29,112.6929
2021-11-01,112.81943
2021-11-02,112.16279
2021-11-03,112.46132
2021-11-04,112.48741
2021-11-05,112.58365
2021-11-08,112.63942
2021-11-09,112.53491
2021-11-10,112.95393
2021-11-11,113.66061
2021-11-12,113.65649
2021-11-15,113.80711
2021-11-16,113.89974
2021-11-17,114.69535
2021-11-18,114.43149
2021-11-19,114.8807
2021-11-22,114.99319
2021-11-23,115.13593
2021-11-24,115.75258
2021-11-25,116.17627
2021-11-26,117.10548
2021-11-29,117.0118
2021-11-30,115.95731
2021-12-01,115.86168
2021-12-02,116.52088
2021-12-03,116.6307
2021-12-06,116.96859
2021-12-07,116.1672
2021-12-08,116.38934
2021-12-09,116.44251
2021-12-10,116.22795
2021-12-13,116.41232
2021-12-14,116.40654
2021-12-15,116.70178
2021-12-16,116.18292
2021-12-17,115.90608
2021-12-20,116.49642
2021-12-21,116.98032
2021-12-22,117.26631
2021-12-23,117.42172
2021-12-27,117.71332
2021-12-28,116.84195
2021-12-29,116.73689
2021-12-30,116.31627
2022-01-03,116.63274
2022-01-04,116.83721
2022-01-05,116.6059
2022-01-07,117.22236
2022-01-10,117.11998
2022-01-11,117.03461
2022-01-12,116.78142
2022-01-13,116.07019
2022-01-14,116.15469
2022-01-17,116.91282
2022-01-18,117.07332
2022-01-19,117.82211
2022-01-20,117.75798
2022-01-21,118.50733
2022-01-24,118.60071
2022-01-25,119.139
2022-01-26,118.98813
2022-01-27,119.44409
2022-01-28,119.94273
2022-01-31,119.67587
2022-02-01,119.1469
2022-02-03,118.49317
2022-02-04,118.08321
2022-02-07,118.57865
2022-02-08,118.22886
2022-02-09,118.34098
2022-02-10,118.3902
2022-02-11,120.1577
2022-02-14,120.73784
2022-02-15,120.08577
2022-02-16,119.79627
2022-02-17,120.28106
2022-02-18,120.28161
2022-02-21,120.69326
2022-02-22,120.86078
2022-02-23,120.14576
2022-02-24,121.52057
2022-02-25,121.30219
2022-02-28,120.53018
2022-03-01,120.61976
2022-03-02,121.99432
2022-03-03,122.11888
2022-03-04,122.53031
2022-03-07,123.11757
2022-03-08,122.54236
2022-03-09,122.24598
2022-03-10,121.59438
2022-03-11,120.95629
2022-03-14,119.51708000000001
2022-03-15,119.5191
2022-03-16,119.15625
2022-03-17,118.24689
2022-03-18,118.53572
2022-03-21,118.44136
2022-03-22,118.66722
2022-03-23,118.42903
2022-03-24,118.12669
2022-03-25,118.11983
2022-03-28,118.40262
2022-03-29,118.34371
2022-03-30,117.77649
2022-03-31,117.527
2022-04-01,118.3112
2022-04-04,118.07651
2022-04-05,118.13843
2022-04-06,117.74017
2022-04-07,118.13984
2022-04-08,117.86444
2022-04-11,117.77459
2022-04-12,118.42391
2022-04-13,118.38487
2022-04-14,117.93565
2022-04-19,118.60707
2022-04-20,117.65554
2022-04-21,117.05549
2022-04-22,117.91429
2022-04-25,117.95459
2022-04-26,119.18101
2022-04-27,119.69832
2022-04-28,118.31666
2022-04-29,118.1379
2022-05-02,118.81381
2022-05-03,118.9208
2022-05-04,119.18606
2022-05-05,118.37735
2022-05-06,120.05583
2022-05-09,119.91601
2022-05-10,120.83621
2022-05-11,120.29742
2022-05-12,120.70173
2022-05-13,120.07351
2022-05-16,119.64703
2022-05-17,119.34435
2022-05-18,119.32071
2022-05-19,119.8941
2022-05-20,119.65362
2022-05-23,119.51065
2022-05-24,119.05215
2022-05-25,119.5289
2022-05-27,119.76627
2022-05-30,119.55133
2022-05-31,119.68774
2022-06-01,119.28278
2022-06-02,119.17188
2022-06-03,118.44326
2022-06-07,119.33129
2022-06-08,119.09604
2022-06-09,119.44092
2022-06-10,119.64362
2022-06-13,120.10456
2022-06-14,120.60213
2022-06-15,120.59597
2022-06-16,121.60269
2022-06-17,121.47187
2022-06-20,121.34247
2022-06-21,120.67488
2022-06-22,121.07894
2022-06-23,121.23808
2022-06-27,120.87281
2022-06-28,120.67037
2022-06-29,121.32334
2022-06-30,121.52519
2022-07-01,122.23669
2022-07-04,122.44945
2022-07-05,122.81592
2022-07-06,122.95254
2022-07-07,122.81776
2022-07-08,122.90156
2022-07-11,123.04055
2022-07-12,122.61889
2022-07-13,122.19554
2022-07-14,121.99972
2022-07-15,121.65042
2022-07-18,120.9282
2022-07-19,120.33994
2022-07-20,119.57823
2022-07-21,119.29828
2022-07-22,119.30091
2022-07-25,119.26695
2022-07-26,119.48118
2022-07-27,119.86018
2022-07-28,119.59509
2022-07-29,119.14109
2022-08-01,119.40587
2022-08-02,119.50892
2022-08-03,119.59465
2022-08-04,119.35944
2022-08-05,118.9478
2022-08-08,119.0453
2022-08-09,118.94944
2022-08-10,119.24378
2022-08-11,118.79903
2022-08-12,119.36071
2022-08-15,120.53293
2022-08-16,121.22718
2022-08-17,121.17962
2022-08-18,121.69806
2022-08-19,122.05687
2022-08-22,122.54856
2022-08-23,122.81216
2022-08-24,122.47232
2022-08-25,121.98453
2022-08-26,121.98757
2022-08-29,122.52667
2022-08-30,122.763
2022-08-31,122.84565
2022-09-01,122.99296
2022-09-02,123.24266
2022-09-05,123.66388
2022-09-06,122.97975
2022-09-07,122.91159
2022-09-08,122.64666
2022-09-09,122.19896
2022-09-12,121.73989
2022-09-13,121.34249
2022-09-14,122.05025
2022-09-15,122.50973
2022-09-16,122.72292
2022-09-19,123.37476
2022-09-20,123.10115
2022-09-21,124.51431
2022-09-22,124.78981
2022-09-23,125.11508
2022-09-26,125.5021
2022-09-27,124.64259
2022-09-28,125.47684
2022-09-29,125.45164
2022-09-30,124.68478
2022-10-03,124.10901
2022-10-04,123.04171
2022-10-05,123.36615
2022-10-06,123.69265
2022-10-07,124.74475
2022-10-10,125.53904
2022-10-11,125.48516
2022-10-12,125.93065
2022-10-13,125.9713
2022-10-14,125.73903
2022-10-17,125.77694
2022-10-18,124.67459
2022-10-19,124.60095
2022-10-20,124.98888
2022-10-21,125.76489
2022-10-24,125.98646
2022-10-25,125.04178
2022-10-26,124.05462
2022-10-27,123.97063
2022-10-28,124.55397
2022-10-31,124.03644
2022-11-01,123.63502
2022-11-02,124.04787
2022-11-03,124.74554
2022-11-04,124.55737
2022-11-07,123.51845
2022-11-08,123.47104
2022-11-09,122.87712
2022-11-10,123.76086
2022-11-11,122.43146
2022-11-14,121.59407
2022-11-15,121.85589
2022-11-16,122.53063
2022-11-17,122.97347
2022-11-18,123.97695
2022-11-21,124.0759
2022-11-22,124.04024
2022-11-23,123.85105
2022-11-24,122.52034
2022-11-25,122.26887
2022-11-28,122.32562
2022-11-29,123.04439
2022-11-30,123.53414
2022-12-01,123.63521
2022-12-02,122.61082
2022-12-05,122.79198
2022-12-06,122.95153
2022-12-07,122.98864
2022-12-08,122.82933
2022-12-09,122.68407
2022-12-12,122.72736
2022-12-13,122.27225
2022-12-14,122.1614
2022-12-15,122.46769
2022-12-16,123.4554
2022-12-19,123.6989
2022-12-20,124.18132
2022-12-21,124.52251
2022-12-22,123.86442
2022-12-23,124.97998
2022-12-27,125.13704
2022-12-28,124.94455
2022-12-29,125.16038
2022-12-30,125.02922
2023-01-02,125.5415
2023-01-03,125.53304
2023-01-04,125.49493
2023-01-05,125.57675
2023-01-09,126.1959
2023-01-10,125.33088
2023-01-11,126.18773
2023-01-12,126.86647
2023-01-13,126.62372
2023-01-16,126.65427
2023-01-17,126.75555
2023-01-18,125.76958
2023-01-19,125.23675
2023-01-20,125.36948
2023-01-23,124.9431
2023-01-24,124.45576
2023-01-25,124.64075
2023-01-26,124.74809
2023-01-27,125.62737
2023-01-30,125.91188
2023-01-31,126.5391
2023-02-01,127.29467
2023-02-02,126.8773
2023-02-03,126.90479
2023-02-06,128.01667
2023-02-07,127.72306
2023-02-08,127.07428
2023-02-09,126.83152
2023-02-10,124.60771
2023-02-13,125.54854
2023-02-14,124.68318
2023-02-15,125.085
2023-02-16,124.84137
2023-02-17,125.5851
2023-02-20,125.01588
2023-02-21,123.92915
2023-02-22,123.65731
2023-02-23,124.09899
2023-02-24,123.86059
2023-02-27,124.48681
2023-02-28,123.69631
2023-03-01,124.36823
2023-03-02,125.27323
2023-03-03,125.07096
2023-03-06,125.26962
2023-03-07,125.07658
2023-03-08,127.04932
2023-03-09,126.70319
2023-03-10,127.69184
2023-03-13,127.47621
2023-03-14,127.08364
2023-03-15,124.87356
2023-03-16,125.63955
2023-03-17,124.87867
2023-03-20,125.44068
2023-03-21,124.21974
2023-03-22,124.55567
2023-03-23,124.61426
2023-03-24,125.03855
2023-03-27,125.14179
2023-03-28,124.77946
2023-03-29,125.51569
2023-03-30,126.25712
2023-03-31,125.73486
2023-04-03,125.69966
2023-04-04,126.21558
2023-04-05,125.59414
2023-04-06,126.68779
2023-04-11,127.15126
2023-04-12,126.43009
2023-04-13,126.53079
2023-04-14,126.10278
2023-04-17,126.18597
2023-04-18,125.73332
2023-04-19,125.95638
2023-04-20,126.07148
2023-04-21,125.93623
2023-04-24,125.82305
2023-04-25,125.36635
2023-04-26,125.70725
2023-04-27,126.24286
2023-04-28,125.55495
2023-05-02,125.45509
2023-05-03,125.62565
2023-05-04,125.85772
2023-05-05,124.93218
2023-05-08,124.50133
2023-05-09,124.2336
2023-05-10,124.46537
2023-05-11,125.0948
2023-05-12,125.40729
2023-05-15,125.96915
2023-05-16,125.61876
2023-05-17,126.08162
2023-05-19,126.85171
2023-05-22,126.77693
2023-05-23,127.30586
2023-05-24,127.82213
2023-05-25,128.57953
2023-05-26,128.99761
2023-05-29,129.24272
2023-05-30,129.28126
2023-05-31,129.98542
2023-06-01,129.5073
2023-06-02,129.41808
2023-06-05,129.62859
2023-06-07,129.96104
2023-06-08,129.84111
2023-06-09,129.8127
2023-06-12,129.7701
2023-06-13,129.25767
2023-06-14,128.4449
2023-06-15,129.3176
2023-06-16,128.85703
2023-06-19,129.52972
2023-06-20,130.074
2023-06-21,130.73617
2023-06-22,129.97718
2023-06-26,129.37684
2023-06-27,129.24385
2023-06-28,129.62149
2023-06-29,129.70107
2023-06-30,130.47854
2023-07-03,130.37425
2023-07-04,130.75805
2023-07-05,130.78549
2023-07-06,131.61168
2023-07-07,131.62874
2023-07-10,131.10995
2023-07-11,130.38529
2023-07-12,129.86889
2023-07-13,127.60834
2023-07-14,126.48867
2023-07-17,126.43284
2023-07-18,126.1952
2023-07-19,126.36352
2023-07-20,126.71816
2023-07-21,127.15657
2023-07-24,127.52858
2023-07-25,126.83838
2023-07-26,126.73434
2023-07-27,127.01052
2023-07-28,128.50271
2023-07-31,128.4205
2023-08-01,128.60486
2023-08-02,128.99961
2023-08-03,129.70019
2023-08-04,129.53573
2023-08-07,128.72705
2023-08-08,128.99777
2023-08-09,129.40223
2023-08-10,129.25331
2023-08-11,129.62162
2023-08-14,130.99596
2023-08-15,130.4381
2023-08-16,130.55023
2023-08-17,131.13118
2023-08-18,131.42145
2023-08-21,131.67736
2023-08-22,131.32124
2023-08-23,131.25259
2023-08-24,131.14191
2023-08-25,131.65141
2023-08-28,131.88839
2023-08-29,131.30176
2023-08-30,130.78961
2023-08-31,130.73158
2023-09-01,131.31715
2023-09-04,131.56269
2023-09-05,132.07172
2023-09-06,131.81452
2023-09-07,131.72692
2023-09-08,131.58339
2023-09-11,131.4045
2023-09-12,131.6137
2023-09-13,131.69152
2023-09-14,132.07409
2023-09-15,131.92965
2023-09-18,132.24113
2023-09-19,131.69879
2023-09-20,131.95848
2023-09-21,131.70193
2023-09-22,131.82772
2023-09-25,130.97097
2023-09-26,130.11869
2023-09-27,129.12554
2023-09-28,128.8093
2023-09-29,127.51675
2023-10-02,128.16581
2023-10-03,128.79103
2023-10-04,128.8398
2023-10-05,128.98768
2023-10-06,128.82928
2023-10-09,128.93441
2023-10-10,128.59431
2023-10-11,128.01892
2023-10-12,128.31768
2023-10-13,128.12388
2023-10-16,128.39347
2023-10-17,127.98068
2023-10-18,128.22469
2023-10-19,129.11471
2023-10-20,128.91767
2023-10-23,129.0585
2023-10-24,129.10108
2023-10-25,130.72545
2023-10-26,130.78566
2023-10-27,130.60523
2023-10-30,130.63486
2023-10-31,130.68816
2023-11-01,130.71184
2023-11-02,130.6985
2023-11-03,130.62211
2023-11-06,129.02504
2023-11-07,129.22993
2023-11-08,129.26228
2023-11-09,128.69084
2023-11-10,128.73452
2023-11-13,128.65322
2023-11-14,128.29883
2023-11-15,126.72609
2023-11-16,126.07256
2023-11-17,126.5038
2023-11-20,126.22239
2023-11-21,125.53519
2023-11-22,126.10436
2023-11-23,125.75785
2023-11-24,126.05425
2023-11-27,125.94682
2023-11-28,126.0704
2023-11-29,125.35143
2023-11-30,126.1869
2023-12-01,125.75124
2023-12-04,125.31441
2023-12-05,125.24827
2023-12-06,125.3406
2023-12-07,124.86251
2023-12-08,124.6681
2023-12-11,125.25111
2023-12-12,124.96447
2023-12-13,124.89325
2023-12-14,123.82243
2023-12-15,124.14515
2023-12-18,123.4021
2023-12-19,123.58935
2023-12-20,123.16978
2023-12-21,122.70087
2023-12-22,122.17397
2023-12-27,122.14465
2023-12-28,121.78383
2023-12-29,122.60287
2024-01-02,123.37406
2024-01-03,123.8458
2024-01-04,123.77561
2024-01-05,124.29705
2024-01-08,123.93827
2024-01-09,124.0278
2024-01-10,123.81253
2024-01-11,123.65506
2024-01-12,124.4978
2024-01-15,124.60633
2024-01-16,125.16188
2024-01-17,125.79673
2024-01-18,125.50317
2024-01-19,125.72283
2024-01-22,125.41087
2024-01-23,125.38005
2024-01-24,125.5073
2024-01-25,125.39305
2024-01-26,125.19746
2024-01-29,125.7861
2024-01-30,125.01392
2024-01-31,124.76444
2024-02-01,125.57467
2024-02-02,124.69526
2024-02-05,126.06561
2024-02-06,126.21414
2024-02-07,124.93046
2024-02-08,124.91148
2024-02-09,124.98705
2024-02-12,124.50646
2024-02-13,124.64901
2024-02-14,125.48943
2024-02-15,124.74083
2024-02-16,124.74807
2024-02-19,124.46268
2024-02-20,124.1555
2024-02-21,124.02508
2024-02-22,123.53949
2024-02-23,123.33039
2024-02-26,123.35164
2024-02-27,123.4767
2024-02-28,123.72482
2024-02-29,123.86051
2024-03-01,123.71186
2024-03-04,124.11354
2024-03-05,124.48401
2024-03-06,124.19257
2024-03-07,123.5638
2024-03-08,123.18745
2024-03-11,123.43939
2024-03-12,123.27167
2024-03-13,123.37922
2024-03-14,123.79119
2024-03-15,124.28384
2024-03-18,124.75541
2024-03-19,125.08225
2024-03-20,125.2451
2024-03-21,125.19669
2024-03-22,125.70943
2024-03-25,126.34037
2024-03-26,126.18559
2024-03-27,126.82791
2024-03-28,127.07754
2024-04-02,127.64148
2024-04-03,127.7319
2024-04-04,126.84128
2024-04-05,127.07849
2024-04-08,126.46714
2024-04-09,126.25875
2024-04-10,126.08227
2024-04-11,127.45238
2024-04-12,128.13757
2024-04-15,127.88867
2024-04-16,128.61115
2024-04-17,129.07414
2024-04-18,128.49892
2024-04-19,128.79649
2024-04-22,128.22669
2024-04-23,128.11466
2024-04-24,128.33177
2024-04-25,128.41255
2024-04-26,129.07986
2024-04-29,128.90493
2024-04-30,129.6263
2024-05-02,128.94223
2024-05-03,128.47326
2024-05-06,128.31122
2024-05-07,128.89793
2024-05-08,129.43152
2024-05-10,128.88661
2024-05-13,128.99184
2024-05-14,129.30883
2024-05-15,128.67305
2024-05-16,127.98885
2024-05-17,128.43595
2024-05-20,127.9448
2024-05-21,127.60076
2024-05-22,128.21576
2024-05-23,127.75251
2024-05-24,127.84825
2024-05-27,127.26472
2024-05-28,126.36522
2024-05-29,126.94216
2024-05-30,126.819
2024-05-31,125.84874
2024-06-03,125.63471
2024-06-04,125.16164
2024-06-05,124.62665
2024-06-07,124.36951
2024-06-10,124.97616
2024-06-11,124.09318
2024-06-12,123.80484
2024-06-13,123.60199
2024-06-14,124.51312
2024-06-17,124.56807
2024-06-18,124.1799
2024-06-19,123.69866
2024-06-20,123.63205
2024-06-24,124.20987
2024-06-25,123.96531
2024-06-26,124.81182
2024-06-27,125.11438
2024-06-28,125.35479
2024-07-01,125.22927
2024-07-02,125.7164
2024-07-03,125.1507
2024-07-04,124.79768
2024-07-05,124.96295
2024-07-08,125.14706
2024-07-09,125.64747
2024-07-10,125.40932
2024-07-11,125.41889
2024-07-12,126.24097
2024-07-15,126.57353
2024-07-16,126.71147
2024-07-17,126.14774
2024-07-18,126.42686
2024-07-19,127.26993
2024-07-22,127.43418
2024-07-23,128.0004
2024-07-24,128.20339
2024-07-25,129.11215
2024-07-26,128.6594
2024-07-29,128.71942
2024-07-30,128.24979
2024-07-31,127.59204
2024-08-01,126.76089
2024-08-02,127.20556
2024-08-05,126.22266
2024-08-06,126.65732
2024-08-07,125.21959
2024-08-08,125.94804
2024-08-09,126.09362
2024-08-12,126.08953
2024-08-13,126.24308
2024-08-14,125.77414
2024-08-15,126.10882
2024-08-16,126.47959
2024-08-19,125.88682
2024-08-20,124.63702
2024-08-21,124.45237
2024-08-22,124.4621
2024-08-23,124.99377
2024-08-26,124.63624
2024-08-27,124.37355
2024-08-28,124.04099
2024-08-29,124.38304
2024-08-30,124.26371
2024-09-02,124.38287
2024-09-03,124.64336
2024-09-04,125.00216
2024-09-05,124.82333
2024-09-06,124.51929
2024-09-09,125.44504
2024-09-10,125.31198
2024-09-11,125.26182
2024-09-12,125.07691
2024-09-13,124.48069
2024-09-16,123.99992
2024-09-17,124.00382
2024-09-18,124.07602
2024-09-19,124.00327
2024-09-20,124.57515
2024-09-23,124.55665
2024-09-24,123.89065
2024-09-25,123.83642999999999
2024-09-26,123.84617
2024-09-27,123.6019
2024-09-30,123.74293
2024-10-01,124.24286
2024-10-02,124.67858
2024-10-03,124.72073
2024-10-04,124.52861
2024-10-07,124.96371
2024-10-08,124.68671
2024-10-09,124.8199
2024-10-10,124.87161
2024-10-11,124.79959
2024-10-14,125.01507
2024-10-15,124.21279
2024-10-16,124.65918
2024-10-17,125.46601
2024-10-18,125.65123
2024-10-21,125.60583
2024-10-22,125.41783
2024-10-23,125.60187
2024-10-24,125.65645
2024-10-25,125.80873
2024-10-28,126.00388
2024-10-29,126.64865
2024-10-30,126.99413
2024-10-31,127.4578
2024-11-01,127.23422
2024-11-04,127.57642
2024-11-05,127.79246
2024-11-06,128.1747
2024-11-07,127.60891
2024-11-08,127.48272
2024-11-11,127.7671
2024-11-12,127.28526
2024-11-13,127.7583
2024-11-14,128.16936
2024-11-15,127.93919
2024-11-18,128.08723
2024-11-19,127.91585
2024-11-20,128.196
2024-11-21,128.36732
2024-11-22,128.19937
2024-11-25,127.37214
2024-11-26,127.42668
2024-11-27,127.4644
2024-11-28,127.54063
2024-11-29,127.26237
2024-12-02,127.51999
2024-12-03,128.02352
2024-12-04,127.79081
2024-12-05,127.24588
2024-12-06,127.19376
2024-12-09,127.37127
2024-12-10,127.4892
2024-12-11,127.35272
2024-12-12,127.2901
2024-12-13,127.22937
2024-12-16,126.57081
2024-12-17,126.72007
2024-12-18,126.91099
2024-12-19,126.80546
2024-12-20,126.95617
2024-12-23,126.9907
2024-12-27,126.69209
2024-12-30,126.7342
2025-01-02,126.53568
2025-01-03,126.81486
2025-01-07,126.91757
2025-01-08,127.60828
2025-01-09,127.32567
2025-01-10,127.36093
2025-01-13,127.82314
2025-01-14,127.71378
2025-01-15,127.45511
2025-01-16,127.37972
2025-01-17,127.44541
2025-01-20,127.2548
2025-01-21,126.95853
2025-01-22,126.71347
2025-01-23,126.87477
2025-01-24,126.61444
2025-01-27,126.80279
2025-01-28,126.99183
2025-01-29,126.84981
2025-01-30,127.01779
2025-01-31,127.07294
2025-02-03,127.53827
2025-02-04,126.71242
2025-02-05,125.83832
2025-02-06,125.56832
2025-02-07,125.20348
2025-02-10,125.34269
2025-02-11,125.03978
2025-02-12,125.22762
2025-02-13,125.05028
2025-02-14,124.50166
2025-02-17,124.25253
2025-02-18,124.25504
2025-02-19,124.3311
2025-02-20,123.89786
2025-02-21,123.53233
2025-02-24,123.6891
2025-02-25,123.41758
2025-02-26,123.4076
2025-02-27,123.59974
2025-02-28,124.01863
2025-03-03,123.3276
2025-03-04,122.48532
2025-03-05,120.96332
2025-03-06,120.16341
2025-03-07,120.03096
2025-03-10,120.04472
2025-03-11,119.89369
2025-03-12,119.94367
2025-03-13,121.19589
2025-03-14,120.85225
2025-03-17,120.56229
2025-03-18,120.2421
2025-03-19,120.31009
2025-03-20,120.7865
2025-03-21,119.79406
2025-03-24,120.09752
2025-03-25,118.43815
2025-03-26,118.95974
2025-03-27,118.74694
2025-03-28,118.70244
2025-03-31,118.88083
2025-04-01,118.63631
2025-04-02,118.12796
2025-04-03,116.61519
2025-04-04,119.14317
2025-04-07,120.18963
2025-04-08,119.15446
2025-04-09,119.602
2025-04-10,119.29809
2025-04-11,119.49385
2025-04-14,118.24256
2025-04-15,119.12281
2025-04-16,119.99428
2025-04-17,118.69696
2025-04-22,117.16991
2025-04-23,117.67039
2025-04-24,117.51998
2025-04-25,118.5433
2025-04-28,118.47738
2025-04-29,118.17449
2025-04-30,118.30992
2025-05-02,118.06238
2025-05-05,118.11801
2025-05-06,117.69922
2025-05-07,117.7831
2025-05-08,117.90632
2025-05-09,118.28267
2025-05-12,118.42183
2025-05-13,117.76337
2025-05-14,117.85396
2025-05-15,118.24066
2025-05-16,118.67218
2025-05-19,118.15407
2025-05-20,118.04945
2025-05-21,117.50002
2025-05-22,117.53641
2025-05-23,117.48679
2025-05-26,117.31858
2025-05-27,117.78191
2025-05-28,117.85772
2025-05-30,117.73049
2025-06-02,117.29221
2025-06-03,118.12762
2025-06-04,118.4249
2025-06-05,118.29127
2025-06-09,118.6671
2025-06-10,118.32542
2025-06-11,118.6439
2025-06-12,117.63669
2025-06-13,118.20194
2025-06-16,118.03351
2025-06-17,117.89583
2025-06-18,118.85981
2025-06-19,119.29071
2025-06-23,120.14915
2025-06-24,118.86306
2025-06-25,118.79524
2025-06-26,118.85682
2025-06-27,119.17251
2025-06-30,119.39833
2025-07-01,119.31282
2025-07-02,119.83048
2025-07-03,120.31082
2025-07-04,120.36895
2025-07-07,119.46376
2025-07-08,119.55878
2025-07-09,119.55509
2025-07-10,119.37359
2025-07-11,119.36739
2025-07-14,119.95076
2025-07-15,120.65903
2025-07-16,121.30627
2025-07-17,121.26444
2025-07-18,120.4995
2025-07-21,120.04316
2025-07-22,119.89657
2025-07-23,119.43149
2025-07-24,119.56788
2025-07-25,119.36145
2025-07-28,119.42361
2025-07-29,119.78451
2025-07-30,119.72853
2025-07-31,120.0413
2025-08-01,120.47801
2025-08-04,119.93847
2025-08-05,119.86598
2025-08-06,119.94524
2025-08-07,119.88672
2025-08-08,119.66589
2025-08-11,119.79091
2025-08-12,119.95018
2025-08-13,119.31645
2025-08-14,119.64873
2025-08-15,119.57596
2025-08-18,119.40916
2025-08-19,119.35666
2025-08-20,119.5983
2025-08-21,119.51095
2025-08-22,119.7492
2025-08-25,119.11202
2025-08-26,119.46824
2025-08-27,119.221
2025-08-28,118.65297
2025-08-29,118.45422
2025-09-01,117.84673
2025-09-02,117.87892
2025-09-03,117.8836
2025-09-04,118.06303
2025-09-05,117.74722
2025-09-08,117.71746
2025-09-09,117.71403
2025-09-10,117.29581
2025-09-11,117.3515
2025-09-12,117.27834
2025-09-15,116.81354
2025-09-16,116.9178
2025-09-17,117.19488
2025-09-18,117.59764
2025-09-19,118.46981
2025-09-22,118.10112
2025-09-23,117.42323
2025-09-24,117.96559
2025-09-25,118.12712
2025-09-26,118.11716
2025-09-29,117.98474
2025-09-30,118.20742
2025-10-01,118.13013
2025-10-02,117.67061
2025-10-03,117.7008
2025-10-06,117.7118
2025-10-07,117.32472
2025-10-08,117.55385
2025-10-09,117.86671
2025-10-10,118.15273
2025-10-13,118.13843
2025-10-14,118.33331
2025-10-15,118.05354
2025-10-16,117.9302
2025-10-17,118.03263
2025-10-20,117.68257
2025-10-21,117.27387
2025-10-22,117.1407
2025-10-23,117.0433
2025-10-24,116.89746
2025-10-27,116.95482
2025-10-28,117.05898
2025-10-29,116.79618
2025-10-30,117.38445
2025-10-31,117.21608
2025-11-03,117.47791
2025-11-04,118.00084
2025-11-05,118.28119
2025-11-06,117.92216
2025-11-07,118.37401
2025-11-10,117.84374
2025-11-11,117.67889
2025-11-12,117.33566
2025-11-13,117.24068
2025-11-14,117.57289
2025-11-17,117.53521
2025-11-18,117.81251
2025-11-19,117.77953
2025-11-20,118.03719
2025-11-21,118.22255
2025-11-24,117.99452
2025-11-25,118.44302
2025-11-26,118.21683
2025-11-27,117.82114
2025-11-28,117.64455
2025-12-01,117.36593
2025-12-02,117.64361
2025-12-03,117.23227
2025-12-04,117.35587
2025-12-05,117.35768
2025-12-08,117.18775
2025-12-09,116.70097
2025-12-10,116.24652
2025-12-11,115.87049
2025-12-12,116.2602
2025-12-15,116.49779
2025-12-16,116.66646
2025-12-17,116.72235
2025-12-18,116.38984
2025-12-19,116.43832
2025-12-22,115.85596
2025-12-23,115.3904
2025-12-29,115.52676
2025-12-30,115.62434
2026-01-02,115.66383
2026-01-05,115.61384
2026-01-07,115.04924
2026-01-08,115.36686
2026-01-09,115.22173
2026-01-12,114.61402
2026-01-13,114.83421
2026-01-14,114.94577
2026-01-15,114.80167
2026-01-16,115.02744
2026-01-19,115.11802
2026-01-20,114.57133
2026-01-21,114.09142
2026-01-22,113.52894
2026-01-23,113.26361
2026-01-26,113.68288
2026-01-27,113.0087
2026-01-28,113.05781
2026-01-29,112.88111
2026-01-30,112.50138
2026-02-02,113.40125
2026-02-03,113.13328
2026-02-04,113.36884
2026-02-05,114.01228
2026-02-06,114.39065
2026-02-09,113.98269
2026-02-10,113.64149
2026-02-11,113.16503
2026-02-12,113.3092
2026-02-13,113.88228
2026-02-16,113.91825
2026-02-17,114.24648
2026-02-18,113.8756
2026-02-19,114.8742
2026-02-20,114.66097
2026-02-23,114.86698
2026-02-24,114.82394
2026-02-25,114.74009
2026-02-26,114.67263
2026-02-27,114.5538
2026-03-02,115.19355
2026-03-03,115.47914
2026-03-04,114.95003
2026-03-05,115.11125
2026-03-06,115.27395
2026-03-09,115.32357
2026-03-10,114.32462
2026-03-11,115.01371
2026-03-12,115.70795
2026-03-13,116.22444
2026-03-16,116.39411
2026-03-17,115.63997
2026-03-18,116.44617
2026-03-19,116.70345
2026-03-20,116.27928
2026-03-23,116.62895
2026-03-24,116.53217
2026-03-25,115.89246
2026-03-26,116.80904
2026-03-27,117.14232
2026-03-30,117.52984
2026-03-31,117.9276
2026-04-01,117.14821
2026-04-02,117.9118
2026-04-07,118.4176
2026-04-08,116.03054
2026-04-09,117.03671
2026-04-10,116.56489
2026-04-13,117.23957
2026-04-14,116.05907
2026-04-15,116.60426
2026-04-16,116.15849
2026-04-17,116.14163
2026-04-20,115.91963
2026-04-21,115.71685
2026-04-22,116.05916
2026-04-23,116.21302
2026-04-24,116.53397
2026-04-27,116.19534
2026-04-28,116.94596
2026-04-29,116.80133
2026-04-30,116.99142
2026-05-04,116.85567
2026-05-05,116.96382
2026-05-06,116.79848
2026-05-07,116.73358
2026-05-08,116.9107
2026-05-11,117.23472
2026-05-12,117.45565
2026-05-13,117.7805
2026-05-15,118.56494000000001
2026-05-18,118.15713
2026-05-19,117.83593
2026-05-20,117.54841
2026-05-21,117.44065
2026-05-22,117.54489
2026-05-25,116.67312
2026-05-26,116.97571
2026-05-27,116.54221
2026-05-28,116.9303
2026-05-29,116.40617
2026-06-01,116.57297
2026-06-02,116.94072
2026-06-03,117.63847
2026-06-04,117.45102
2026-06-05,117.34109
2026-06-08,117.61213
2026-06-09,117.62563
2026-06-10,118.5271
2026-06-11,118.81003
2026-06-12,118.09004
2026-06-15,117.67505
2026-06-16,117.71962
2026-06-17,117.66511
2026-06-18,118.88037
2026-06-22,119.02264
2026-06-23,119.7915
2026-06-24,120.13983
2026-06-25,119.95496
2026-06-26,119.84681
2026-06-29,119.91175
2026-06-30,120.00235
2026-07-01,120.0257
2026-07-02,119.84771
2026-07-03,119.28211
2026-07-06,119.18696
2026-07-07,119.50529
2026-07-08,119.68833
2026-07-09,119.67663
2026-07-10,119.2003
2026-07-13,119.3702
2026-07-14,119.52106
2026-07-15,119.70874
2026-07-16,119.37255999999999
2026-07-17,119.52834
2026-07-20,119.67115
2026-07-21,119.7628
2026-07-22,120.07165
2026-07-23,120.32039
2026-07-24,119.98181
2026-07-27,119.79111
2026-07-28,120.01163
2026-07-29,119.87547000000001
2026-07-30,119.21184
2026-07-31,118.98674
2026-08-03,118.86935
2026-08-04,119.01083
2026-08-05,118.57988
2026-08-06,118.18368
2026-08-07,118.45438
2026-08-10,118.63609
2026-08-11,118.66456
2026-08-12,119.00672
2026-08-13,119.33577
2026-08-14,118.98036
2026-08-17,118.91857
2026-08-18,119.20393
2026-08-19,119.27287
2026-08-20,119.62769
2026-08-21,119.39412
2026-08-24,119.68184
2026-08-25,119.53509
2026-08-26,119.6667
2026-08-27,119.73827
2026-08-28,119.79517
