"Variable","Shock","Horizon","Mean","Median","Lower_90","Lower_68","Upper_68","Upper_90"
"gdp_growth","gdp_growth",1,0.113654581050046,0.0599787437605556,0.000417257425501946,0.00551443610420771,0.233028175439313,0.400806871294374
"gdp_growth","gdp_growth",2,0.113080080819961,0.0733842984711194,0.00502069912347973,0.0199875845032699,0.216317007584942,0.361318527324183
"gdp_growth","gdp_growth",3,0.112804616816115,0.0751429085336003,0.0103147064182755,0.0242102541869998,0.211653311148818,0.346237206300267
"gdp_growth","gdp_growth",4,0.112389876060308,0.0761043847411782,0.012445703781383,0.0270047088869087,0.205579112434682,0.339622158469633
"gdp_growth","gdp_growth",5,0.112790269968224,0.0774422834777119,0.0155212582390632,0.0290692597787954,0.204490954008445,0.328518196115698
"gdp_growth","gdp_growth",6,0.112840967460508,0.0780696310480015,0.0163600621643586,0.0302117191213695,0.202458259144689,0.325441798041799
"gdp_growth","gdp_growth",7,0.112942792876722,0.0792650748231838,0.0185377283982005,0.0312708324681053,0.199777947630892,0.320343792237329
"gdp_growth","gdp_growth",8,0.112970591632302,0.0798975359667479,0.018751029886127,0.0318147098093403,0.200201181819981,0.31874380473337
"gdp_growth","gdp_growth",9,0.113095549991524,0.0807367085955928,0.019386997509865,0.0328031206157943,0.203878706978765,0.317860314003018
"gdp_growth","gdp_growth",10,0.113095375381505,0.0811299800423733,0.0197223725794268,0.033614413592884,0.202026902204895,0.316746260934838
"gdp_growth","gdp_growth",11,0.113119694960003,0.0812280765405654,0.0198642712376262,0.0341550110293074,0.200500799875462,0.314893741698998
"gdp_growth","gdp_growth",12,0.113156596659548,0.0818575305601767,0.020343858524145,0.0348240464812182,0.199947500888355,0.314688385957661
"gdp_growth","gdp_growth",13,0.113152830259012,0.0816352476215102,0.0212686697781822,0.0352067350758207,0.200407184719799,0.314247473358441
"gdp_growth","gdp_growth",14,0.11315823230292,0.0817037279353664,0.0215046814685482,0.0353098944765706,0.201621182417308,0.313976690875514
"gdp_growth","gdp_growth",15,0.113158214470676,0.0817988372129863,0.0217447407281184,0.0354879099037149,0.201117199353685,0.313535774093454
"gdp_growth","gdp_growth",16,0.113186528340739,0.0817435818522713,0.0217900585244757,0.0356065471930653,0.200962780408299,0.313227493169797
"gdp_growth","gdp_growth",17,0.11319374891001,0.0816785027519455,0.0218577241392005,0.0356703387058452,0.200668437860347,0.312992280154334
"gdp_growth","gdp_growth",18,0.113210240512314,0.0817606572956365,0.0218469560194499,0.0356882743099426,0.200414219208945,0.312766702914781
"gdp_growth","gdp_growth",19,0.113211991949518,0.0818003124510042,0.0219046863931261,0.0360443514242768,0.200153383118752,0.312293037929368
"gdp_growth","gdp_growth",20,0.113229700003747,0.0818599154844433,0.0218938055470333,0.0360803455317455,0.200026494135587,0.312139823173625
"gdp_growth","gdp_growth",21,0.113229269835538,0.0822068791367148,0.0219321144476875,0.0360730772808458,0.199874930017928,0.31194855776935
"gdp_growth","consumption_growth",1,0.117219993913834,0.0615977081428636,0.000529822512023605,0.00696596136178664,0.245867348146525,0.424389006011745
"gdp_growth","consumption_growth",2,0.114853289829891,0.0761968238255964,0.00595548991410362,0.0169844407178116,0.220251274350926,0.36378679378221
"gdp_growth","consumption_growth",3,0.115116424501931,0.0809810096548906,0.0107112692978778,0.0208413828795087,0.217031410941283,0.356271141991324
"gdp_growth","consumption_growth",4,0.114865516086174,0.0821741860851893,0.0129998459081169,0.0253317747042462,0.212366897627678,0.348037822732477
"gdp_growth","consumption_growth",5,0.114722029435736,0.0842319817507448,0.0152250300852506,0.0283571333962322,0.206313556824865,0.342491374154716
"gdp_growth","consumption_growth",6,0.11459662072468,0.084497294738343,0.0161040100975421,0.0287986221522662,0.206604816449476,0.338264577727848
"gdp_growth","consumption_growth",7,0.114505763212354,0.0848579456221581,0.0177367797070092,0.0298189885777741,0.204513971941705,0.335826307007274
"gdp_growth","consumption_growth",8,0.114453467419207,0.0852080836900495,0.0186603129014251,0.0301999455050026,0.203053922627564,0.336049427304425
"gdp_growth","consumption_growth",9,0.114449334128557,0.0852816057418618,0.0186825546343229,0.0313260364012673,0.203646287664672,0.336305599221946
"gdp_growth","consumption_growth",10,0.114457180143814,0.0852282901646788,0.0189002578082734,0.0322606048960999,0.20258206136283,0.335062554884894
"gdp_growth","consumption_growth",11,0.114443908283436,0.0853254909457693,0.0193260811958483,0.0327444053763546,0.201978682584167,0.334323776714846
"gdp_growth","consumption_growth",12,0.114473595794846,0.0859103880947464,0.0192857750256181,0.0332673003080837,0.201646969962985,0.333623523652231
"gdp_growth","consumption_growth",13,0.114490890364961,0.0858190575838439,0.0193091210146788,0.0335613011203129,0.200465543147027,0.333163814888431
"gdp_growth","consumption_growth",14,0.114514554279568,0.0858810749878188,0.019946701530918,0.0335574203269468,0.199677476082978,0.332721910060285
"gdp_growth","consumption_growth",15,0.114528613857838,0.0862832358967988,0.0201192377313824,0.0335521091948326,0.19908643899085,0.331690964335808
"gdp_growth","consumption_growth",16,0.114564438363213,0.0864648840587489,0.0202561856735678,0.0338602883655674,0.199206112231358,0.329850655392896
"gdp_growth","consumption_growth",17,0.114588981317728,0.086245118095713,0.0204793986544969,0.034206444003321,0.199060018332489,0.328167601545568
"gdp_growth","consumption_growth",18,0.114604120343669,0.086614555301265,0.0204872796060571,0.0343204161226146,0.198744691722553,0.327651789533544
"gdp_growth","consumption_growth",19,0.114621872909319,0.0869928552566049,0.0206473457832425,0.0344114195145546,0.19806581023235,0.327111022571238
"gdp_growth","consumption_growth",20,0.114638404647914,0.0872243926480086,0.0209970661224967,0.0344156872831788,0.19805464250269,0.326843850868976
"gdp_growth","consumption_growth",21,0.11465246238524,0.0881851444546478,0.0209304656692956,0.0347609849284942,0.197824672120175,0.32553386009474
"gdp_growth","cpi_growth",1,0.111312863435178,0.0622128294813904,0.000540005826456431,0.00672909294546739,0.231449958769321,0.384492762766934
"gdp_growth","cpi_growth",2,0.110697025092966,0.071572845895052,0.00526887693012159,0.0185429370121537,0.207382112373067,0.33750609127618
"gdp_growth","cpi_growth",3,0.11076728171772,0.074182505586484,0.00943954139118522,0.0246598723923552,0.199826173531089,0.325211601977244
"gdp_growth","cpi_growth",4,0.110685847559066,0.0762033652632579,0.0111900522690834,0.027157628456052,0.196008355526392,0.319469683979955
"gdp_growth","cpi_growth",5,0.110685117499425,0.0775837176804272,0.0127359782679546,0.0302509696169583,0.193392611423563,0.315706486911844
"gdp_growth","cpi_growth",6,0.110698506697433,0.0780226141149663,0.0141115806710286,0.0312788467931054,0.192404688203426,0.317439295977461
"gdp_growth","cpi_growth",7,0.110835683235353,0.0783149424661581,0.0158845650778329,0.0326040783097406,0.191775042713678,0.31251835196094
"gdp_growth","cpi_growth",8,0.11082489213783,0.0786816950056342,0.0167786945344182,0.0330773626546299,0.192095007368246,0.308500692544893
"gdp_growth","cpi_growth",9,0.110851845430679,0.0791326387329111,0.0170903477200096,0.0333888244474023,0.191813176659425,0.306394651740128
"gdp_growth","cpi_growth",10,0.110905305584595,0.0795481979545345,0.0175973186254879,0.0335415102321972,0.191575411247692,0.307760969518106
"gdp_growth","cpi_growth",11,0.110964025423365,0.0795721028602618,0.0184958713847328,0.0337081571275377,0.19231350626274,0.306525807769247
"gdp_growth","cpi_growth",12,0.110997234897343,0.0796184105749204,0.0189457754682348,0.0342565062365565,0.192337234137448,0.304099620020104
"gdp_growth","cpi_growth",13,0.1110307608278,0.0799109952979268,0.0189487611904614,0.0345738093985298,0.19201399406857,0.303101612505807
"gdp_growth","cpi_growth",14,0.111072814372596,0.079874188294789,0.0189228543561492,0.0349823661847386,0.192043882528465,0.302881602415112
"gdp_growth","cpi_growth",15,0.111095304485961,0.080374036399035,0.0192256470886649,0.035111251502535,0.191785034273198,0.301909343020315
"gdp_growth","cpi_growth",16,0.111113699082423,0.0804078134857164,0.0195701769579336,0.0353593656329527,0.191454964671902,0.301504813970533
"gdp_growth","cpi_growth",17,0.111119363367775,0.0804327692764548,0.0196841324733493,0.0354954446298111,0.191094888981153,0.301319518098065
"gdp_growth","cpi_growth",18,0.111139875952077,0.0804071465401252,0.0199551657079673,0.0355325238304915,0.190875651533156,0.301114538018002
"gdp_growth","cpi_growth",19,0.111156876141873,0.0804812827122984,0.0201579507686386,0.0355599285354001,0.19076479561764,0.300560181222974
"gdp_growth","cpi_growth",20,0.111178764589038,0.080629966064161,0.0201827677431058,0.035547076279245,0.190578112616332,0.300385613589903
"gdp_growth","cpi_growth",21,0.11119291021341,0.0808130117169783,0.0203035477914997,0.0355874754416262,0.190491644953556,0.300198951498773
"gdp_growth","saving_rate",1,0.115928311506705,0.0661149082422495,0.000448851546216349,0.00554064764772085,0.237898432226951,0.411729548912485
"gdp_growth","saving_rate",2,0.115130068381908,0.0789822462526188,0.00583670904214871,0.0192053078532138,0.219244206050554,0.346856403380106
"gdp_growth","saving_rate",3,0.114962627006107,0.0822497761568713,0.0101395802449126,0.0251926126101113,0.212573121319768,0.334991864865411
"gdp_growth","saving_rate",4,0.11518072801075,0.0837220704630061,0.0144423530262921,0.0281094553196886,0.209092110389235,0.331437236246011
"gdp_growth","saving_rate",5,0.1151869177497,0.0872809522593338,0.0158907980118375,0.030972274886877,0.204690961136406,0.320521560597629
"gdp_growth","saving_rate",6,0.115124947205584,0.0868618453864946,0.0169471502819142,0.0315668491262756,0.205261361900987,0.3152856014094
"gdp_growth","saving_rate",7,0.115051634522202,0.0873139098138992,0.0180628754615151,0.0319518425875831,0.204795345785044,0.315397959696249
"gdp_growth","saving_rate",8,0.115111384295098,0.0874471135256878,0.0190123530119813,0.032676842046025,0.203405108448679,0.314415280446636
"gdp_growth","saving_rate",9,0.115097120840552,0.088312438578977,0.0195821481428751,0.0334799904583466,0.201972074490057,0.309697577763255
"gdp_growth","saving_rate",10,0.115127613725052,0.0884727694548277,0.0207382411652843,0.0333549610521149,0.200673866025612,0.306701837395959
"gdp_growth","saving_rate",11,0.115110888775229,0.0885977895228397,0.0209734378558943,0.0338135122824426,0.200087677364656,0.304071273364654
"gdp_growth","saving_rate",12,0.115096297059425,0.0888879676299825,0.021649181541979,0.0341758389210262,0.199108091567782,0.303754172820992
"gdp_growth","saving_rate",13,0.115082638197366,0.0886837501641022,0.0216297579004224,0.0343116656933048,0.198659677743996,0.302676529970474
"gdp_growth","saving_rate",14,0.115067193085734,0.0888262479836861,0.0218556194399503,0.0344076142100454,0.198514670106714,0.301940104208608
"gdp_growth","saving_rate",15,0.115032123322932,0.0886532984987137,0.0218868276352023,0.0346947581996782,0.198572350701892,0.300570862350696
"gdp_growth","saving_rate",16,0.115006463187513,0.0886284053494582,0.0220847560100982,0.0349124428458815,0.198727864939712,0.299827525850578
"gdp_growth","saving_rate",17,0.114986104887007,0.089193323558257,0.0221290105368868,0.0350151841052939,0.198613375277371,0.299092168201439
"gdp_growth","saving_rate",18,0.114985678767795,0.0893767947162864,0.0221787664776682,0.0349959853343096,0.198477479567028,0.298330477076751
"gdp_growth","saving_rate",19,0.114968090037061,0.0894251857987642,0.0222406494285589,0.0349616128495226,0.198145133479244,0.297927029078646
"gdp_growth","saving_rate",20,0.114961392008312,0.0896666701838477,0.022310168441871,0.0349841841459136,0.197898420763797,0.297520784964533
"gdp_growth","saving_rate",21,0.114955324880859,0.0897303308872456,0.0223905349060117,0.0352297605886216,0.197830033775941,0.297126323252165
"gdp_growth","policy_rate",1,0.0983583324816183,0.0502028341573217,0.000382452308414226,0.00481596733767045,0.21017536135582,0.343020790078597
"gdp_growth","policy_rate",2,0.103076432382319,0.068668131801511,0.00498893250601614,0.0171226468338316,0.201145372277568,0.315510621653406
"gdp_growth","policy_rate",3,0.103134652672198,0.0708611364558108,0.00998228933887437,0.0227986454005577,0.19472863017283,0.303151125380687
"gdp_growth","policy_rate",4,0.103090932969062,0.0708988394725529,0.0109957141373684,0.0247979470944786,0.193234022868883,0.29739649348953
"gdp_growth","policy_rate",5,0.102388317163192,0.0725422923213409,0.0129072231372044,0.0259963399260148,0.191396567305641,0.284286028335313
"gdp_growth","policy_rate",6,0.102289700578918,0.0736322611839576,0.0139531769295648,0.0273801627448032,0.188992339371021,0.282660593301245
"gdp_growth","policy_rate",7,0.102287415644977,0.0743374419395411,0.0147019551563411,0.027803352887333,0.187035180896584,0.278419956740824
"gdp_growth","policy_rate",8,0.102230949395881,0.0742852246243138,0.0158662507387184,0.0288277173883507,0.186604775651914,0.277047978991234
"gdp_growth","policy_rate",9,0.102145719495514,0.0742349322656096,0.016509458480313,0.0292573292296631,0.185482024530924,0.2755855616655
"gdp_growth","policy_rate",10,0.102072706531736,0.0747501029602243,0.0166667952259079,0.0300686666328484,0.184315277875309,0.274893012375496
"gdp_growth","policy_rate",11,0.102050719189443,0.0749230286211867,0.016869587529527,0.030193911610712,0.183411364574037,0.273889599509118
"gdp_growth","policy_rate",12,0.102000699624194,0.0750915050052496,0.0172520781416769,0.0305453418596265,0.182583333515155,0.273474243365122
"gdp_growth","policy_rate",13,0.101953617917845,0.0750885532971251,0.0173061486278864,0.0307482283508927,0.181985409864855,0.273265057317675
"gdp_growth","policy_rate",14,0.101895711584849,0.0751992029914228,0.0174162991526709,0.0308505568089468,0.181610532022047,0.273044769723042
"gdp_growth","policy_rate",15,0.101881138608894,0.0754499883027204,0.0175126897774591,0.0312073192599552,0.180797173351587,0.272456860551921
"gdp_growth","policy_rate",16,0.101839092141031,0.0753881529356918,0.0176978312928114,0.0312611155573615,0.18043877213905,0.271959050598998
"gdp_growth","policy_rate",17,0.101798409355559,0.0755069586102939,0.0179044673336335,0.0316594168771383,0.179981865550211,0.271007792135222
"gdp_growth","policy_rate",18,0.101743458913195,0.0754693274783065,0.0179438463358134,0.0318064466317331,0.179693866778668,0.270071459018184
"gdp_growth","policy_rate",19,0.101702027709335,0.075475046876287,0.0180029665677976,0.031824670900825,0.179339484154045,0.269744227967224
"gdp_growth","policy_rate",20,0.101654383400231,0.0754525290592441,0.0181482525229526,0.0318292398880972,0.179025109699242,0.269458125228337
"gdp_growth","policy_rate",21,0.101610374353114,0.0754373822892944,0.0182705092156573,0.0318144258041073,0.178932125729311,0.269056732361983
"gdp_growth","interest_burden",1,0.113114141743644,0.0601185062438337,0.000628351913825315,0.00641173454145321,0.236687871991268,0.394047187242056
"gdp_growth","interest_burden",2,0.112565001736644,0.0734175518063251,0.00495873301124942,0.0185064557572968,0.21720881250537,0.339660296410994
"gdp_growth","interest_burden",3,0.112444620463357,0.0766541887087102,0.0094123653059873,0.0246098746217724,0.210107732459783,0.321580394169392
"gdp_growth","interest_burden",4,0.112527865046135,0.0772566290335143,0.0124675751018459,0.0280459789843285,0.206662477547804,0.316802221589596
"gdp_growth","interest_burden",5,0.112703866997689,0.0776658395695176,0.0144163230203469,0.0302046183291817,0.205710963455292,0.314195204383542
"gdp_growth","interest_burden",6,0.112742287285232,0.0788286891507598,0.0164021841958338,0.031478026964309,0.202327649267113,0.312208084683554
"gdp_growth","interest_burden",7,0.11275086746373,0.0790618039808899,0.018034781258682,0.0322087747611012,0.201170571719974,0.308800188518576
"gdp_growth","interest_burden",8,0.112696132106145,0.0796949025724374,0.0188449479868332,0.0323617339316998,0.200171490478032,0.30703981354704
"gdp_growth","interest_burden",9,0.112672735949663,0.079093390857982,0.0190924318647124,0.0334362860628152,0.199928748477276,0.304831934105605
"gdp_growth","interest_burden",10,0.112682896957694,0.0799943211500573,0.0204782292471956,0.0338008512537914,0.199327621743425,0.302316422910059
"gdp_growth","interest_burden",11,0.1126975730487,0.0798501822431913,0.0213054026632456,0.0342619414379098,0.198850999216576,0.30007076912813
"gdp_growth","interest_burden",12,0.112686077839889,0.0798878488919931,0.0212984029657419,0.0344933767669297,0.198502317216528,0.29761016926521
"gdp_growth","interest_burden",13,0.112687660413251,0.0801110754227708,0.0213105110123147,0.0349560159122004,0.198356603433411,0.297003498439812
"gdp_growth","interest_burden",14,0.112714555271558,0.0802258113873204,0.0214561346406916,0.0351107186736869,0.198226539628281,0.296273051499627
"gdp_growth","interest_burden",15,0.112735804473867,0.0803644612947212,0.0220393080951651,0.0353031652356843,0.197925451014731,0.295492146900245
"gdp_growth","interest_burden",16,0.112738901297679,0.0808803242435392,0.0219939135475613,0.0356314693917653,0.198036476723652,0.295106257915804
"gdp_growth","interest_burden",17,0.112745471928781,0.081105167558028,0.0219772199157446,0.0357257285423457,0.198014516318832,0.294966588644578
"gdp_growth","interest_burden",18,0.112763412070153,0.0810256747206179,0.0219515147453704,0.0358203569557869,0.197983097344777,0.294581132334863
"gdp_growth","interest_burden",19,0.112770486733548,0.0810095152366643,0.021976806888558,0.0359494582880851,0.197648100468014,0.294591980762463
"gdp_growth","interest_burden",20,0.11277066334161,0.0811652208565768,0.0220811247422248,0.0360380582263744,0.197481978867816,0.294548790353109
"gdp_growth","interest_burden",21,0.112773523367433,0.0812770112857616,0.0221472852517786,0.0360114054011115,0.197422824548169,0.294501415454205
"gdp_growth","debt_growth",1,0.109752162916426,0.0577689431923105,0.000499696435629608,0.0046981423081435,0.233815509410904,0.398196411956122
"gdp_growth","debt_growth",2,0.10995988548485,0.0704077054642159,0.00520522064564703,0.0171839199169819,0.212770829251933,0.344265126033723
"gdp_growth","debt_growth",3,0.110170825533785,0.0725068454252719,0.00938013485743282,0.0223857776401893,0.20551544613757,0.334998777761685
"gdp_growth","debt_growth",4,0.110336921055736,0.0750123772657948,0.0120018219219419,0.0255853052823644,0.201905695679148,0.327981311487877
"gdp_growth","debt_growth",5,0.110200050608739,0.0779006899736231,0.0149129151176567,0.0293218050276582,0.198752267004721,0.318267455954317
"gdp_growth","debt_growth",6,0.110330538357741,0.0784134625549373,0.0157788854673018,0.0302759426108131,0.198564885187281,0.316558761218605
"gdp_growth","debt_growth",7,0.110304208231675,0.0784524838794032,0.0166999867308529,0.0314620372944703,0.197548765012854,0.314440582354947
"gdp_growth","debt_growth",8,0.110364655204272,0.0787927751042806,0.0171198522135969,0.0320273235593704,0.19678580389549,0.310886810322248
"gdp_growth","debt_growth",9,0.110350920190793,0.0791669756740451,0.0178390278241235,0.0320301582090954,0.195603916274657,0.310119348692903
"gdp_growth","debt_growth",10,0.110311889582607,0.0791710948537287,0.0181829548897251,0.032398439943396,0.194781515978225,0.309234042748817
"gdp_growth","debt_growth",11,0.110277654296526,0.0794962461532283,0.0187629311178002,0.0328029690222566,0.194060591106972,0.307106633218591
"gdp_growth","debt_growth",12,0.110251949733396,0.0801095026288678,0.0188305009079116,0.0326370885452281,0.193316831368648,0.306346796522819
"gdp_growth","debt_growth",13,0.110234356733616,0.0802306321624139,0.0191471892249284,0.0326930382758573,0.192741068169032,0.304878203578421
"gdp_growth","debt_growth",14,0.110211529957969,0.0801404259201192,0.0191823017648705,0.03289293935887,0.192398373573829,0.304140540345883
"gdp_growth","debt_growth",15,0.110207119649749,0.0800948585310293,0.0193420984073791,0.0334390923114874,0.192143236290822,0.302389168314979
"gdp_growth","debt_growth",16,0.110199324129364,0.08006948095004,0.0194641747132724,0.033577920255766,0.191860525849166,0.30078140738487
"gdp_growth","debt_growth",17,0.110211149146886,0.079943082745531,0.0197430133576742,0.0340394205778058,0.191389816206609,0.299626720191357
"gdp_growth","debt_growth",18,0.110212063423969,0.0801715954854921,0.0197672868265538,0.0341755487378184,0.191051013052828,0.299116305273608
"gdp_growth","debt_growth",19,0.110227080600445,0.080242607369517,0.0197831962495623,0.0342704805314783,0.191518993015931,0.298983883752313
"gdp_growth","debt_growth",20,0.110233967607317,0.0803309247091754,0.0198199400529138,0.0342010357110022,0.190827270558166,0.298428580109519
"gdp_growth","debt_growth",21,0.110244327711662,0.0804939312889711,0.0208516613544485,0.0344484789087481,0.190472975926678,0.298328227519816
"gdp_growth","real_house_price_growth",1,0.111214765748836,0.058035278827698,0.000611676096411586,0.00653288562387516,0.241945789018873,0.374283282043246
"gdp_growth","real_house_price_growth",2,0.110938336889588,0.0701103285897271,0.00548152389078034,0.0181703109842349,0.219343835656644,0.344961609891729
"gdp_growth","real_house_price_growth",3,0.111184919939211,0.0749785301750034,0.0105262668204934,0.0238083093471627,0.213287737123505,0.32580912434822
"gdp_growth","real_house_price_growth",4,0.111341798316655,0.0761448423474522,0.0124651488024147,0.0276508386108607,0.210848198222782,0.324563595198182
"gdp_growth","real_house_price_growth",5,0.111501089315478,0.0767232630166941,0.0156532510590455,0.0297544899110955,0.206647034218221,0.314343434119445
"gdp_growth","real_house_price_growth",6,0.111484412272205,0.0771729697492459,0.0169570568315095,0.0308656276483572,0.204280477620568,0.311491805290409
"gdp_growth","real_house_price_growth",7,0.111393384956084,0.0775801771740826,0.0179679064684615,0.0314190308687225,0.203127021113319,0.30648801050006
"gdp_growth","real_house_price_growth",8,0.111443523829196,0.0788832042344422,0.0186125830909212,0.0322446726291482,0.203644285713593,0.305146337479935
"gdp_growth","real_house_price_growth",9,0.111439637578024,0.0792485303578736,0.0186336469115276,0.0326600779080613,0.20253646758851,0.30233039634738
"gdp_growth","real_house_price_growth",10,0.111439367525174,0.079158426066472,0.0188088650591031,0.0329735534045449,0.201125550636171,0.300860290295185
"gdp_growth","real_house_price_growth",11,0.111441192762682,0.0800838436238111,0.0188593629984762,0.0333269661160043,0.201179249773786,0.300022874548482
"gdp_growth","real_house_price_growth",12,0.111431066048049,0.0801090771900605,0.0192685373723351,0.0337321656552908,0.201009858370638,0.299342215665589
"gdp_growth","real_house_price_growth",13,0.111444213957679,0.0798184909538587,0.019422229984942,0.0339486021815948,0.20059695120539,0.298540893560961
"gdp_growth","real_house_price_growth",14,0.111430443125447,0.0805933975603158,0.0194511739682281,0.0343242800280448,0.200032315562794,0.297228856662158
"gdp_growth","real_house_price_growth",15,0.111421226509499,0.0809462281395615,0.0197917086176176,0.0344617278228464,0.19897196402997,0.296796781717158
"gdp_growth","real_house_price_growth",16,0.111405312715969,0.0806654102361146,0.019772286189158,0.0347608236490813,0.198798730832469,0.296329312281459
"gdp_growth","real_house_price_growth",17,0.11140172957268,0.0808821729744355,0.0199535397294109,0.0348964253024406,0.198271150114803,0.295749925179522
"gdp_growth","real_house_price_growth",18,0.111382079573063,0.0811407709657055,0.0204749319168221,0.035073356841712,0.198325411809142,0.295421585923938
"gdp_growth","real_house_price_growth",19,0.111379001775204,0.0811300564601372,0.0210335522624935,0.0353040389782137,0.198473269442127,0.295012739548242
"gdp_growth","real_house_price_growth",20,0.111368502291543,0.0811996651600082,0.0210308620683858,0.0353450179625962,0.198765313927216,0.294626037755057
"gdp_growth","real_house_price_growth",21,0.111375797858392,0.0812274955833884,0.0214200485911023,0.0353334033884088,0.198484684422969,0.29433145596785
"gdp_growth","asset_liability_ratio",1,0.109444847203714,0.0596712677005707,0.000509436502503707,0.00430450948991585,0.227358309514545,0.373345677989517
"gdp_growth","asset_liability_ratio",2,0.109699879381872,0.0706049850808306,0.00498391665743429,0.0141635645062435,0.211059489146555,0.328276491293049
"gdp_growth","asset_liability_ratio",3,0.109414031349575,0.0729818298438822,0.00777890905541911,0.0193868735769942,0.206599766160419,0.314566357358836
"gdp_growth","asset_liability_ratio",4,0.109580514896113,0.0758333839375588,0.010666854949262,0.0229994501886136,0.202164608251956,0.308826696952835
"gdp_growth","asset_liability_ratio",5,0.109822341261817,0.0784052712679684,0.0127964918621568,0.0257095222630756,0.197654576507294,0.299103473795452
"gdp_growth","asset_liability_ratio",6,0.109892019417699,0.0794641579942474,0.0139681584456273,0.0270301580876043,0.197688252441714,0.295693110289314
"gdp_growth","asset_liability_ratio",7,0.109928249856904,0.0796130772254256,0.0149383730943127,0.0283491917842619,0.195654355274095,0.2923722427361
"gdp_growth","asset_liability_ratio",8,0.109904403980069,0.0796860337336021,0.0151330676550509,0.0294100682151511,0.195041760684729,0.290152194067585
"gdp_growth","asset_liability_ratio",9,0.109897136394694,0.0798774679951341,0.0159997578259722,0.029608009592061,0.193829498770604,0.288475806720594
"gdp_growth","asset_liability_ratio",10,0.109907664567822,0.0809446235201167,0.0160965171179856,0.0303108116421681,0.193031649588426,0.287952562279631
"gdp_growth","asset_liability_ratio",11,0.109894343260615,0.0814233810876948,0.0166637459213746,0.0304887460609933,0.192050731846959,0.287493394234393
"gdp_growth","asset_liability_ratio",12,0.10990648234331,0.0817400354749963,0.0167372050647141,0.0307316426414193,0.191714925694124,0.286813661247469
"gdp_growth","asset_liability_ratio",13,0.10992303132847,0.0821278215684444,0.0171145712353288,0.0308840579508662,0.191696809015832,0.286603527039595
"gdp_growth","asset_liability_ratio",14,0.109934966019359,0.0819925927893877,0.0171971097280453,0.0310329644698292,0.191382934520158,0.285812455610659
"gdp_growth","asset_liability_ratio",15,0.109940454620585,0.0818548815034272,0.0177706316452012,0.0310136157194244,0.190844031151212,0.284698481650213
"gdp_growth","asset_liability_ratio",16,0.109946240742069,0.0819796495050189,0.0180381576985357,0.0316473477040813,0.190306047292103,0.284489609707181
"gdp_growth","asset_liability_ratio",17,0.109955041513574,0.081988781222775,0.0185862833051929,0.0317063199539743,0.189852281664654,0.284139134998055
"gdp_growth","asset_liability_ratio",18,0.109959070443766,0.082089262910889,0.0186443071693365,0.0318453016260466,0.189766332673438,0.283564515845468
"gdp_growth","asset_liability_ratio",19,0.109962572143697,0.0820810865831068,0.0187905345906775,0.0318727063906529,0.189634266657984,0.283821377512524
"gdp_growth","asset_liability_ratio",20,0.109964222110288,0.0820963728412024,0.0188038971160093,0.0319418685358268,0.189525543290382,0.283464153377585
"gdp_growth","asset_liability_ratio",21,0.109966009394353,0.0822334977392724,0.0189806599659374,0.0319716390159183,0.189426538871951,0.283417473647692
"consumption_growth","gdp_growth",1,0.110122008252972,0.0621218585599834,0.000967481661531154,0.00637912479543502,0.225487651832893,0.382034469933583
"consumption_growth","gdp_growth",2,0.109821508082414,0.0774516585917839,0.00638484803060732,0.0207197402883732,0.209965027276916,0.333531438811056
"consumption_growth","gdp_growth",3,0.109988818783178,0.0787945936221868,0.00993465673656536,0.026205219207557,0.202499727526047,0.324922929299616
"consumption_growth","gdp_growth",4,0.109572698765302,0.0800053848743068,0.0130995369601755,0.0291137688754007,0.195729873109344,0.32018016530499
"consumption_growth","gdp_growth",5,0.109848631557034,0.0808240462961589,0.0154579685411455,0.032038727644646,0.192698597897288,0.307129416245939
"consumption_growth","gdp_growth",6,0.109983313073109,0.0808868095157503,0.0168530309556279,0.0322385829039601,0.191695357841877,0.308711874481992
"consumption_growth","gdp_growth",7,0.110052244430349,0.0815724169250743,0.0175553222093449,0.0331259148649806,0.190142795494165,0.304655571528063
"consumption_growth","gdp_growth",8,0.110063534353313,0.0827545387629503,0.0181523245769392,0.0336872483683877,0.189402815356113,0.304026505675367
"consumption_growth","gdp_growth",9,0.110090423338274,0.0833682292212179,0.0187118609855123,0.0340160740458654,0.189242438918646,0.303135243002298
"consumption_growth","gdp_growth",10,0.110070163295654,0.0831850545862628,0.0186835516343045,0.0343563221651352,0.188916985784123,0.302495982152229
"consumption_growth","gdp_growth",11,0.110074680700279,0.083248639098222,0.018915539365315,0.0343824559572886,0.188500089192994,0.302123357500223
"consumption_growth","gdp_growth",12,0.11008602236225,0.0837143799910774,0.0192627879142572,0.0350171242267022,0.188820655274189,0.300724503444844
"consumption_growth","gdp_growth",13,0.110100772931089,0.0837440800542984,0.0194658679684068,0.0352145053053276,0.188273061096875,0.299875103698277
"consumption_growth","gdp_growth",14,0.110105827108433,0.0839302888272396,0.0195258535018291,0.0353233149867338,0.188736688999195,0.298942025536326
"consumption_growth","gdp_growth",15,0.110125097216685,0.0840034539955529,0.0195815956506878,0.035395711208951,0.188532356816998,0.298535218103561
"consumption_growth","gdp_growth",16,0.11013610076979,0.0840755053838,0.019656997668567,0.0355268727921664,0.188953076543214,0.29730614955099
"consumption_growth","gdp_growth",17,0.110144519315937,0.0841163750158762,0.0199761337110307,0.03571203952425,0.188819850549421,0.296797623138177
"consumption_growth","gdp_growth",18,0.110139688937796,0.083959921307839,0.0200051856221645,0.0357813718367291,0.188958125362443,0.296435832459316
"consumption_growth","gdp_growth",19,0.110141584238832,0.0839506898640988,0.0200805657263457,0.0358565927627443,0.188858323295618,0.296514933552222
"consumption_growth","gdp_growth",20,0.110134645385929,0.0839087553063284,0.0201415346801986,0.0360310038078609,0.188866201525577,0.296432442493381
"consumption_growth","gdp_growth",21,0.110131394272573,0.0838651590205455,0.0203422454183676,0.0361053796046258,0.188758362146171,0.296362095806533
"consumption_growth","consumption_growth",1,0.116120479758926,0.0617003996598603,0.00056950197597077,0.0069144213651186,0.242049415593269,0.385004302874547
"consumption_growth","consumption_growth",2,0.112278417841035,0.0729875887917915,0.00557325070531749,0.0190099840645075,0.215316693652005,0.343004385714125
"consumption_growth","consumption_growth",3,0.112401959982327,0.0778487490618593,0.0104610318521094,0.0230091760789117,0.210153245116928,0.328204137725532
"consumption_growth","consumption_growth",4,0.112328144847107,0.079366023715329,0.0133715791968281,0.0273415548770426,0.205309721189445,0.319840098036179
"consumption_growth","consumption_growth",5,0.112184466826378,0.0803974963917297,0.0145528270214572,0.0296428161828872,0.202211184574341,0.306859431477655
"consumption_growth","consumption_growth",6,0.112146815595819,0.0811295290372561,0.0151141068658391,0.0300960679451457,0.201269633632318,0.308959816166943
"consumption_growth","consumption_growth",7,0.112177341469873,0.0811499247944837,0.0153385225158677,0.0307326301831665,0.200334856560941,0.308106987867464
"consumption_growth","consumption_growth",8,0.112169762738967,0.0813195077652616,0.0160994718583222,0.0319969141731666,0.199771073845053,0.308187477070697
"consumption_growth","consumption_growth",9,0.11213680102765,0.0817856314244388,0.0163525555605837,0.0321802847502851,0.198968248654205,0.307607280609128
"consumption_growth","consumption_growth",10,0.112149269462336,0.0823356598221067,0.016273905726021,0.0323299267006974,0.198173335615534,0.306143808289449
"consumption_growth","consumption_growth",11,0.112142718839238,0.0822988319326493,0.0166159300396853,0.0327705929833322,0.197633895403609,0.305245328583277
"consumption_growth","consumption_growth",12,0.112143071397113,0.0826254032202082,0.0166048232040343,0.0335304051055549,0.196880383362307,0.304534653584573
"consumption_growth","consumption_growth",13,0.112137856161336,0.0823325975851166,0.0173736663348266,0.0334855011417138,0.196612323772218,0.303655461659455
"consumption_growth","consumption_growth",14,0.112125030786933,0.0824416434151555,0.0174280749268381,0.0336040680730509,0.196735469020716,0.302008894835919
"consumption_growth","consumption_growth",15,0.112127330929466,0.0826163654633339,0.0175165504684154,0.033567959796316,0.197019311099692,0.301174423198533
"consumption_growth","consumption_growth",16,0.112125344471823,0.0826377033897893,0.0175629257531398,0.0339183640308454,0.197048682170287,0.300996104328319
"consumption_growth","consumption_growth",17,0.112144277020605,0.0826943350089785,0.0175957623813507,0.0339141423392434,0.197325469942442,0.300747999833404
"consumption_growth","consumption_growth",18,0.112135030588996,0.0828850568076635,0.017599202522812,0.0341733226854359,0.197466195420381,0.301283456127651
"consumption_growth","consumption_growth",19,0.112142792858287,0.082884019874566,0.017625668933841,0.0343134965399995,0.19759289131216,0.300820119038453
"consumption_growth","consumption_growth",20,0.112139728048614,0.0830055453499407,0.0178040338972372,0.0346331042784075,0.197567377568986,0.300692103202151
"consumption_growth","consumption_growth",21,0.112150430611145,0.0830610487330285,0.0179774783035426,0.0346920960140373,0.197633888844902,0.300498581308799
"consumption_growth","cpi_growth",1,0.111836791936207,0.0592667021898734,0.00042861979710122,0.00532435445066187,0.221989182600397,0.417353009023133
"consumption_growth","cpi_growth",2,0.11124129380243,0.0723528507517283,0.00595420587751089,0.0193849087700636,0.201620253602589,0.363754825623778
"consumption_growth","cpi_growth",3,0.111168865681849,0.0755226922508561,0.00945403256238075,0.0253260470946123,0.195861692957872,0.360137504746998
"consumption_growth","cpi_growth",4,0.110931229321843,0.0760080916410759,0.0123830103511385,0.0292720476179326,0.19413926233438,0.358000368096688
"consumption_growth","cpi_growth",5,0.111195212575466,0.0794863681229897,0.0153078107322905,0.0312615096404004,0.192050973702905,0.34663496646076
"consumption_growth","cpi_growth",6,0.111128770001635,0.0797239747205227,0.0161555428820899,0.0325568051180627,0.188715707745847,0.342729136562573
"consumption_growth","cpi_growth",7,0.111181394045006,0.0798135773030324,0.0171107863104051,0.0328279519964312,0.18822214937673,0.340526018655556
"consumption_growth","cpi_growth",8,0.111234017161097,0.0801793844414071,0.0174158115455122,0.0333919820298672,0.186974555245776,0.336853942910349
"consumption_growth","cpi_growth",9,0.111263040155371,0.0802968041803499,0.0178385500694059,0.0338295692125863,0.18653710278071,0.336237415897457
"consumption_growth","cpi_growth",10,0.111277136667062,0.0805755091269496,0.0180436721877319,0.0342140724466823,0.185847537438629,0.334128984773321
"consumption_growth","cpi_growth",11,0.111323989786288,0.080618687318316,0.0182933867696099,0.0342938674885996,0.185867419196644,0.333188046431045
"consumption_growth","cpi_growth",12,0.111367772607129,0.0810292132800993,0.0188620794303277,0.0347192431564824,0.185467665876588,0.332677158915053
"consumption_growth","cpi_growth",13,0.111389273223895,0.081280779162452,0.0191039679990759,0.034786838038478,0.185083619813385,0.331818714713973
"consumption_growth","cpi_growth",14,0.111426307666653,0.0813111444808797,0.0194055413763901,0.0351257105476772,0.184417230955197,0.331453379933193
"consumption_growth","cpi_growth",15,0.111449991916274,0.0814538818073747,0.0195612838917765,0.0352142463439378,0.184180983833919,0.33082108706515
"consumption_growth","cpi_growth",16,0.111479423366582,0.0813686572433843,0.0201346253352744,0.0354134765012344,0.184346630689397,0.330540812894899
"consumption_growth","cpi_growth",17,0.111476609607935,0.082071893740389,0.0201483834719974,0.0354031555581717,0.184168843520191,0.330543947565469
"consumption_growth","cpi_growth",18,0.111484946105141,0.0820834472697164,0.0201612225462947,0.0354305881356081,0.184101848469589,0.329969627661533
"consumption_growth","cpi_growth",19,0.111491540541819,0.0822933854782043,0.0201903673859184,0.0354318214682514,0.18397715286919,0.329343378473617
"consumption_growth","cpi_growth",20,0.11150307696609,0.0824511264307081,0.0202730343355343,0.0354312247286932,0.183896383042171,0.328829737594625
"consumption_growth","cpi_growth",21,0.111508381512033,0.0824317774629494,0.0203526311664719,0.0355357038255655,0.183860906308473,0.328726667737406
"consumption_growth","saving_rate",1,0.112380900180535,0.0585448969664141,0.000699156357554433,0.00583228541057718,0.244303204704083,0.403785684693967
"consumption_growth","saving_rate",2,0.111409227444075,0.0734197493552882,0.00623416680686681,0.0183945853839021,0.216050403045502,0.34228987001491
"consumption_growth","saving_rate",3,0.111936927941357,0.0765216051523144,0.0105340408046632,0.0247740167160772,0.21047023526791,0.331685673012609
"consumption_growth","saving_rate",4,0.112402692085788,0.0795386844028727,0.0144757973007509,0.0286441226543288,0.206652777880849,0.324909998041646
"consumption_growth","saving_rate",5,0.112230411211411,0.0807498716985704,0.016182080414513,0.0310563055845532,0.205308350918266,0.32002515332396
"consumption_growth","saving_rate",6,0.112271583656546,0.0807725371182766,0.0168598693682911,0.0315719822617845,0.206461577645905,0.316768315650092
"consumption_growth","saving_rate",7,0.11213319376919,0.0811132507352096,0.017582390315207,0.0318241967375293,0.204371786864989,0.313676597864793
"consumption_growth","saving_rate",8,0.112145583200681,0.081778135104132,0.0184828748553172,0.032614160275849,0.203101342377515,0.312990835145256
"consumption_growth","saving_rate",9,0.112042349593461,0.0822321677729521,0.018380992873938,0.0332688661006885,0.202417529958864,0.311546505045642
"consumption_growth","saving_rate",10,0.112028407415482,0.082202432883819,0.018418394083321,0.0331552433865795,0.201619806074354,0.310604255899549
"consumption_growth","saving_rate",11,0.111981409635813,0.0822370682279692,0.0184537037227382,0.0333735471874795,0.200946964195281,0.309805010159785
"consumption_growth","saving_rate",12,0.111975869268378,0.0819834550468964,0.018783994160709,0.0334851163229622,0.20072395338716,0.309596708617206
"consumption_growth","saving_rate",13,0.111941840203858,0.0817689025007926,0.0191228252040178,0.0342114543820833,0.200869024636043,0.308629158329451
"consumption_growth","saving_rate",14,0.111929821698454,0.0822008050570353,0.0195951328791526,0.0343818854098961,0.200909621595157,0.308674333458187
"consumption_growth","saving_rate",15,0.111914534708041,0.0823595777379233,0.0202322287278796,0.0346926527989666,0.200951130618286,0.307448425798061
"consumption_growth","saving_rate",16,0.111910095164325,0.0823729154018185,0.0202861096173882,0.0347638025925287,0.201059984456747,0.307110321534794
"consumption_growth","saving_rate",17,0.111902429082731,0.0823422117854354,0.0204306923390264,0.0349362525289218,0.201050033157512,0.306261555656796
"consumption_growth","saving_rate",18,0.111911854111004,0.0825703286173634,0.0205745203639541,0.0349882070329612,0.201173186083119,0.30610915728897
"consumption_growth","saving_rate",19,0.111909722738091,0.0825180047107886,0.0207199215699465,0.035066630611473,0.201144422919326,0.305173984074225
"consumption_growth","saving_rate",20,0.111906185804493,0.0826285513546015,0.0207740444194017,0.0350734159195792,0.201066728884397,0.304791357337739
"consumption_growth","saving_rate",21,0.111900518491601,0.0828405394733023,0.0210149081545487,0.0350706169292146,0.20095864817248,0.304005011002957
"consumption_growth","policy_rate",1,0.101470004761406,0.0508572052108489,0.000654965800720606,0.00470817644277867,0.206618039484152,0.376102681253518
"consumption_growth","policy_rate",2,0.109989525653675,0.0743240297298367,0.0053495654192283,0.0217635484242179,0.202910164692226,0.342028987167237
"consumption_growth","policy_rate",3,0.109213452319605,0.0735673766913127,0.00876389598121793,0.0257815988358405,0.194100811979907,0.326423377409886
"consumption_growth","policy_rate",4,0.108429551771712,0.0752712250819854,0.0110421022035221,0.0286528865384946,0.190504904248631,0.315344076099729
"consumption_growth","policy_rate",5,0.108070689748769,0.0758915696382899,0.0132669815976777,0.0303914629789334,0.187000218178939,0.308847552990785
"consumption_growth","policy_rate",6,0.107901374662766,0.0762229972249812,0.0139527626538115,0.0305859299928277,0.185896504069391,0.306820959578037
"consumption_growth","policy_rate",7,0.108097860957511,0.0774174646484725,0.0146049596383627,0.0314265564412182,0.184436630829156,0.309030896212711
"consumption_growth","policy_rate",8,0.108037249431013,0.0772470567570775,0.0154904608527144,0.031534962380467,0.1858387661579,0.309349692365925
"consumption_growth","policy_rate",9,0.108220920594252,0.0780846917009838,0.0157036250018776,0.0317620152259425,0.184770764191974,0.307014465550231
"consumption_growth","policy_rate",10,0.108142311885412,0.0784858024222048,0.0158565649094903,0.0318842863517138,0.183419147280416,0.307058140165273
"consumption_growth","policy_rate",11,0.108141962491968,0.0782936568269064,0.016041047379084,0.0318704023407807,0.182425323820899,0.306328916437385
"consumption_growth","policy_rate",12,0.108042473592885,0.0781435866962688,0.016181744291111,0.0321188356362374,0.181968461700535,0.306203853309372
"consumption_growth","policy_rate",13,0.108003135877654,0.0781686475611541,0.0165239482189689,0.032677097064036,0.181590283494087,0.305701530031183
"consumption_growth","policy_rate",14,0.10791179122032,0.0783306477338221,0.01659444739694,0.0328954533622102,0.181316769203137,0.305428467645726
"consumption_growth","policy_rate",15,0.107868228648116,0.0783782362323768,0.0166635690988095,0.0330456116293061,0.181050697502288,0.304250425458596
"consumption_growth","policy_rate",16,0.107813846103956,0.0784208086154453,0.0166438879986216,0.033017628253945,0.180524115016936,0.302667945603409
"consumption_growth","policy_rate",17,0.107774191156705,0.0783811100071685,0.0168973911772394,0.0331048361309193,0.180385899393376,0.302331137664083
"consumption_growth","policy_rate",18,0.107733766272798,0.0782715592355657,0.017096918148565,0.0331595007398656,0.18024175167548,0.302292742996674
"consumption_growth","policy_rate",19,0.107699338964788,0.0781924767150322,0.0173238135175766,0.033260947009833,0.18033985971485,0.302212387952194
"consumption_growth","policy_rate",20,0.10768055898666,0.0782296875089109,0.0173837757904312,0.0332961461750112,0.180298343693162,0.302130143176693
"consumption_growth","policy_rate",21,0.107660639959567,0.0782752931684309,0.0173777109904944,0.0332751416765102,0.180555830624421,0.302019226757898
"consumption_growth","interest_burden",1,0.112096068672375,0.0640531580866126,0.000613294770216716,0.0056657631351569,0.227641396206963,0.39535076291684
"consumption_growth","interest_burden",2,0.112001868765848,0.077505141572481,0.00459715864788357,0.0186133293279697,0.215170555124163,0.34802732041565
"consumption_growth","interest_burden",3,0.111912845726469,0.0782876328380066,0.0100365637556928,0.0240480914543669,0.206084198518714,0.323962805780818
"consumption_growth","interest_burden",4,0.112118625132668,0.077926655580407,0.0126520077353263,0.0274458183819042,0.202351267426001,0.314427464522781
"consumption_growth","interest_burden",5,0.112155467867279,0.0808690714624759,0.0150477139594773,0.030453702536021,0.199903604174242,0.308849502729772
"consumption_growth","interest_burden",6,0.1121626085267,0.081170591436339,0.0164389288704434,0.0309823795327988,0.199775841280617,0.306816617537175
"consumption_growth","interest_burden",7,0.112145931896006,0.0816142952518058,0.0169716967206636,0.0313728548914253,0.197850167166558,0.304228831603294
"consumption_growth","interest_burden",8,0.112057311380177,0.0819900205778559,0.0171247653660048,0.0316627318493365,0.197304268725031,0.302419796791708
"consumption_growth","interest_burden",9,0.111999756389857,0.0821913957669309,0.0173667661220912,0.0323969842972373,0.196413042338643,0.301056242657053
"consumption_growth","interest_burden",10,0.111986983087038,0.0822464667063202,0.0176194032816982,0.0325859709338563,0.196050080198453,0.299185407458502
"consumption_growth","interest_burden",11,0.111974853889779,0.0820561217471888,0.0176114484344499,0.0327763651575396,0.195539398629886,0.29864883769328
"consumption_growth","interest_burden",12,0.111971161701182,0.0820865624136864,0.0179608266817847,0.0330926878041466,0.19517092445742,0.299122938676857
"consumption_growth","interest_burden",13,0.111979294734692,0.0820956736269312,0.017943591624799,0.0330819051733134,0.194510272560925,0.300413460710779
"consumption_growth","interest_burden",14,0.112011101190074,0.0822101296720702,0.0181945232310147,0.0332632841329144,0.193739812921601,0.300058004716298
"consumption_growth","interest_burden",15,0.11201584439942,0.0823919612916266,0.0183200297370232,0.0333400635754726,0.192994365404426,0.299724804803672
"consumption_growth","interest_burden",16,0.112038233694908,0.0822793196138204,0.0184876432260352,0.0336576578399572,0.192659198735215,0.2994351642693
"consumption_growth","interest_burden",17,0.112048620442511,0.0824411318446492,0.0184777515914247,0.0338753224476922,0.192471137767613,0.299102873843807
"consumption_growth","interest_burden",18,0.112074552513556,0.0825101385995894,0.0185156435457958,0.0341820281855865,0.192372186018848,0.298849836997576
"consumption_growth","interest_burden",19,0.112076007880083,0.0826041184593073,0.0185338920784468,0.0343877898270647,0.192331232252326,0.298657398524917
"consumption_growth","interest_burden",20,0.112085599535761,0.0828964951597427,0.0186699441013616,0.034551882559279,0.192247843482485,0.298559754219514
"consumption_growth","interest_burden",21,0.112076245164439,0.083143905197958,0.0186482322699468,0.0345396646081181,0.192211853494138,0.298531008501476
"consumption_growth","debt_growth",1,0.112171191124903,0.0605801052584289,0.000743695105259845,0.00585616642050556,0.24093558796224,0.398977037407558
"consumption_growth","debt_growth",2,0.110747582581734,0.0737331882724203,0.00483175055884656,0.0168433443878206,0.213546099976068,0.338712661854127
"consumption_growth","debt_growth",3,0.111227756706676,0.0774625954852111,0.00879109251550053,0.0242073562785064,0.20796489582394,0.327822124283054
"consumption_growth","debt_growth",4,0.111623428261405,0.0794329004237902,0.0118343467655949,0.0276663444973982,0.204718015561294,0.321919344893027
"consumption_growth","debt_growth",5,0.111874916072035,0.0801367676349624,0.0138602895907752,0.0303743138899075,0.202291231974741,0.31605251305928
"consumption_growth","debt_growth",6,0.111809277792428,0.080346097303122,0.0154113987597983,0.0308582643661948,0.202241510339988,0.313459664330994
"consumption_growth","debt_growth",7,0.111729482255454,0.0804953105350947,0.0158145012821028,0.0317541299164048,0.200900199740092,0.310605727205128
"consumption_growth","debt_growth",8,0.111723380447853,0.0813903478909953,0.0166881724653884,0.0325192177126104,0.200075319810746,0.308739324483799
"consumption_growth","debt_growth",9,0.111724273040464,0.0817034559421471,0.0169863315450743,0.0329904682152936,0.19997357457725,0.306549925609321
"consumption_growth","debt_growth",10,0.111748285573606,0.0814288263496512,0.0172002172185114,0.0333074158499488,0.199420721794711,0.305391247226074
"consumption_growth","debt_growth",11,0.11174816011881,0.0813291147350093,0.0178854898559935,0.0335384096092889,0.199247380337999,0.304004785555846
"consumption_growth","debt_growth",12,0.111729533688603,0.0812184297591266,0.0181946546578135,0.0337774612188845,0.198099498962175,0.303158599246138
"consumption_growth","debt_growth",13,0.111714426894747,0.0812002887796272,0.0182641798051303,0.0339163629945606,0.199164411435693,0.302707717407015
"consumption_growth","debt_growth",14,0.111698168343069,0.0812373515071329,0.0183433104775093,0.0340432629164324,0.198661676222982,0.301777945772965
"consumption_growth","debt_growth",15,0.111688683422183,0.0811717901910973,0.0185299363818956,0.0343503209896338,0.198873863298065,0.301522110051638
"consumption_growth","debt_growth",16,0.11165855770401,0.0811784238164052,0.0187149241491184,0.0344950009491811,0.198656259670132,0.300998751069042
"consumption_growth","debt_growth",17,0.111649371161111,0.0812096397441427,0.018743015013013,0.0344726387858475,0.198482959669008,0.301055117331841
"consumption_growth","debt_growth",18,0.111637174958331,0.0814400549434919,0.0187430158105547,0.0345462808272167,0.19830870504352,0.301076971608646
"consumption_growth","debt_growth",19,0.111643102313209,0.0813426736304524,0.0187500796149356,0.034573958947837,0.197804162729568,0.300868670757292
"consumption_growth","debt_growth",20,0.111635979858586,0.0815898680448263,0.0189830258137475,0.0348543670081454,0.197445478115938,0.300555168413898
"consumption_growth","debt_growth",21,0.111636492321162,0.0815567056008811,0.0191326516652127,0.0349213352446933,0.197080258579191,0.300383896461556
"consumption_growth","real_house_price_growth",1,0.114667647191472,0.0575240263584857,0.00063247538215789,0.00591916796337454,0.245165254837039,0.417417137701672
"consumption_growth","real_house_price_growth",2,0.114488927056194,0.0749138494602431,0.00494284939944411,0.019987359377561,0.217591158957374,0.358914058949437
"consumption_growth","real_house_price_growth",3,0.114335423322009,0.0768556649303942,0.00985670416137316,0.0257620068830597,0.209990942250261,0.344133942232105
"consumption_growth","real_house_price_growth",4,0.114362961487924,0.0791864811111673,0.0119698149852688,0.0296329828209238,0.206697022886469,0.336765782824866
"consumption_growth","real_house_price_growth",5,0.114005304228415,0.080983646466498,0.0140618460561426,0.030833767823953,0.202056910414053,0.327015939979168
"consumption_growth","real_house_price_growth",6,0.113982725918451,0.0813920023751693,0.0144879493247212,0.0321741857150801,0.201212508110571,0.3230609920499
"consumption_growth","real_house_price_growth",7,0.11384312603626,0.0816573342158282,0.0154407529793851,0.0325963549216031,0.199761451546571,0.322321056146167
"consumption_growth","real_house_price_growth",8,0.11380768984982,0.0816215376508085,0.0160062100900566,0.0328439725282049,0.199095894271386,0.318998645202931
"consumption_growth","real_house_price_growth",9,0.11374056353267,0.0816719185604764,0.0164498249016557,0.0334987510928219,0.198877316564266,0.318083146363182
"consumption_growth","real_house_price_growth",10,0.113742234254118,0.0817080072406635,0.0170574686427515,0.0339929004710894,0.199357482014623,0.318001087936202
"consumption_growth","real_house_price_growth",11,0.113758259963623,0.0820308481595666,0.0170317618895936,0.0341448387781709,0.200539767095157,0.31747038817668
"consumption_growth","real_house_price_growth",12,0.113789097321233,0.0822924305060698,0.0174055889282822,0.0344844114751743,0.198316645531828,0.317224287560667
"consumption_growth","real_house_price_growth",13,0.113819663083118,0.0824767554028579,0.0176861493785989,0.0348571653377256,0.198188761085057,0.316648405644393
"consumption_growth","real_house_price_growth",14,0.113840176195653,0.0827115396714733,0.0179204624655031,0.0354776702392698,0.198011945363207,0.316198301015896
"consumption_growth","real_house_price_growth",15,0.113852640559856,0.0827477426444636,0.0183533329760075,0.035521383201839,0.197897406508797,0.315549286015111
"consumption_growth","real_house_price_growth",16,0.113861962153965,0.0829543523776822,0.0183633445218231,0.035685429173693,0.1973634798246,0.314764520244185
"consumption_growth","real_house_price_growth",17,0.113862795667842,0.0830505379806921,0.0185462255405161,0.0360015160317537,0.197040121300218,0.314036889072188
"consumption_growth","real_house_price_growth",18,0.113863432843902,0.0831484620676694,0.0186213762329793,0.0361627144829873,0.19695472918424,0.313562571405455
"consumption_growth","real_house_price_growth",19,0.113859060718562,0.0831754403719652,0.0187801533897373,0.0363318416339035,0.196775563351574,0.313190143746311
"consumption_growth","real_house_price_growth",20,0.113860211379462,0.0832602301333671,0.0187827735102659,0.0363981434812437,0.196552530400683,0.312898329856336
"consumption_growth","real_house_price_growth",21,0.113860419183908,0.0832164843078741,0.0188740398021487,0.0365014450755191,0.196495303666854,0.312680494605102
"consumption_growth","asset_liability_ratio",1,0.109134908121205,0.0549830927287858,0.000847206148404416,0.0061749104385307,0.233103084154737,0.405324736992686
"consumption_growth","asset_liability_ratio",2,0.108021648772596,0.069594956526406,0.0041704618057025,0.0159562894455583,0.20961286751554,0.334541445561048
"consumption_growth","asset_liability_ratio",3,0.107813949536531,0.0719226577095658,0.00831810751022457,0.0203650521530872,0.201376628773205,0.32249752082642
"consumption_growth","asset_liability_ratio",4,0.108230668326252,0.0734079260509315,0.0114920369538277,0.0257113418270142,0.199167092583714,0.318246463120884
"consumption_growth","asset_liability_ratio",5,0.108434899913214,0.0748876450127423,0.0132480657352328,0.0271195907876482,0.195253550106934,0.313258219674297
"consumption_growth","asset_liability_ratio",6,0.108613530772546,0.0756077291098075,0.0137100243891477,0.028202643918129,0.193705474757083,0.306603274486972
"consumption_growth","asset_liability_ratio",7,0.108639425140351,0.0756757698206425,0.014567416085687,0.0287169333182099,0.193417134623562,0.30455182912157
"consumption_growth","asset_liability_ratio",8,0.108761471437079,0.0758862630235075,0.01526044514022,0.0299165149291601,0.192872227653813,0.303774462035991
"consumption_growth","asset_liability_ratio",9,0.108781872328002,0.0768475127833235,0.0158172320293941,0.030193690032566,0.192518598780244,0.302456360062071
"consumption_growth","asset_liability_ratio",10,0.108855208359293,0.0769792006782129,0.0162076474085376,0.0300601302141506,0.193773900209632,0.302265021868723
"consumption_growth","asset_liability_ratio",11,0.108853964574202,0.0768696475100725,0.0166575856327193,0.0303129924487885,0.193865015615146,0.301577486160384
"consumption_growth","asset_liability_ratio",12,0.108894998061226,0.0771932779320531,0.0167672430431231,0.03074518242827,0.193662223468707,0.301389071293359
"consumption_growth","asset_liability_ratio",13,0.108913736889611,0.0772611260689973,0.016917722482279,0.0309830247032756,0.193032431617884,0.300637051288068
"consumption_growth","asset_liability_ratio",14,0.108951775790408,0.0775016848852987,0.0172510503461866,0.0310426731800573,0.192729677215793,0.300862110705714
"consumption_growth","asset_liability_ratio",15,0.108957648199959,0.0780416656775746,0.0175093673592751,0.0311263860172282,0.192724834677079,0.300191360591298
"consumption_growth","asset_liability_ratio",16,0.108976436570642,0.0784400443432264,0.0176062663364223,0.0316942545488023,0.192524545553475,0.300060528852279
"consumption_growth","asset_liability_ratio",17,0.108997186544622,0.0787396399474943,0.0177781598062461,0.0316833033326284,0.192319285904563,0.299757375551502
"consumption_growth","asset_liability_ratio",18,0.109019553668478,0.0790678227615853,0.0180169173081153,0.0317762101999644,0.192206967200751,0.299663169758821
"consumption_growth","asset_liability_ratio",19,0.109036849746329,0.0791475426008819,0.0183671934429285,0.0318644851287512,0.192195528386294,0.299353405038954
"consumption_growth","asset_liability_ratio",20,0.109054014034405,0.0793771510584028,0.0185008369201513,0.0319091337944081,0.192109680005094,0.29867461474126
"consumption_growth","asset_liability_ratio",21,0.109075478483573,0.0794192735686767,0.0185068902958471,0.0319231328841198,0.191840551349545,0.298564914670506
"cpi_growth","gdp_growth",1,0.117161445415688,0.0724058226196622,0.000879567561296525,0.0063323700204909,0.237849618018797,0.400457151361797
"cpi_growth","gdp_growth",2,0.117781968021832,0.0750189441243274,0.00340444682007646,0.0156865064817631,0.228181064287229,0.372368139261165
"cpi_growth","gdp_growth",3,0.116442933866997,0.0725813514556945,0.00799363616373974,0.0201398977363587,0.220173504267348,0.369328317659528
"cpi_growth","gdp_growth",4,0.116962950694427,0.0797548957422361,0.0117590541328958,0.024569913320803,0.212505396120627,0.351520257096234
"cpi_growth","gdp_growth",5,0.115828427323679,0.0762888280632088,0.0135374622713074,0.0278211973875402,0.210152932974738,0.335789860181067
"cpi_growth","gdp_growth",6,0.115273717230482,0.0794643540507331,0.0151807413137233,0.0305622281875538,0.204681222927295,0.317963690032561
"cpi_growth","gdp_growth",7,0.11499338168838,0.0810170915885478,0.0162545611294375,0.0326625324868023,0.203882814916542,0.312168951558095
"cpi_growth","gdp_growth",8,0.114910869723363,0.0828583713133265,0.0174259421966691,0.0341977479506723,0.200450774610833,0.302164015828337
"cpi_growth","gdp_growth",9,0.114770548157257,0.083344940418369,0.0183479104375716,0.0354567084529905,0.201156744752768,0.302311661474978
"cpi_growth","gdp_growth",10,0.114720214547741,0.0840535261090555,0.0187995086602393,0.0364913589751644,0.198095607957792,0.298580986805607
"cpi_growth","gdp_growth",11,0.114695221405358,0.0850320027547772,0.0191549205342301,0.0364553224851361,0.196031688874287,0.299644383498763
"cpi_growth","gdp_growth",12,0.114806834446057,0.0865254448545882,0.0200836449230526,0.0370434299565757,0.196207125236202,0.304953891449617
"cpi_growth","gdp_growth",13,0.114854293338727,0.0865791034473333,0.0203709739713682,0.0381570637225217,0.195265325787403,0.301819818274919
"cpi_growth","gdp_growth",14,0.114915168473358,0.0869418150750523,0.0203527909092813,0.0380446531828295,0.195131740425335,0.299313522566566
"cpi_growth","gdp_growth",15,0.114900626227103,0.087032597366805,0.0206987534306308,0.0382118546498014,0.194012360890742,0.297842772202453
"cpi_growth","gdp_growth",16,0.114925333120917,0.086682221330721,0.021145913861471,0.0381230762170524,0.193723509637771,0.295234339152589
"cpi_growth","gdp_growth",17,0.114934695495124,0.0863373071691213,0.0216185632780764,0.038731279830383,0.192300362251921,0.295156937399613
"cpi_growth","gdp_growth",18,0.114940897922545,0.0864217144232821,0.0221185339644831,0.0388280568154388,0.192546920336348,0.29678843790165
"cpi_growth","gdp_growth",19,0.114899106260712,0.0860309101454001,0.022113732905911,0.0392342535928814,0.191337657056055,0.294856741982192
"cpi_growth","gdp_growth",20,0.114860202123188,0.0862915989159874,0.0221853953445413,0.0391399763212798,0.190959637236879,0.29364820505384
"cpi_growth","gdp_growth",21,0.114854153937963,0.0863710429447194,0.0232274074152475,0.0395941963579938,0.190878831009465,0.293068483100044
"cpi_growth","consumption_growth",1,0.112930064643425,0.0643064459723413,0.000487901447674494,0.0058196970707262,0.224974868756562,0.399937653070391
"cpi_growth","consumption_growth",2,0.113338695170529,0.0713577321479884,0.00357977360214646,0.0141613416018109,0.220984594479162,0.378149006426454
"cpi_growth","consumption_growth",3,0.112689875491106,0.0698079157484922,0.00673496730765741,0.0191731776906607,0.208724520668453,0.377033575912339
"cpi_growth","consumption_growth",4,0.113642818295357,0.0752270260765987,0.0106650853330604,0.0245218171046443,0.202208491573039,0.360417092940525
"cpi_growth","consumption_growth",5,0.113484661310445,0.0763212690421959,0.0124861462514898,0.0279134674455853,0.207669768018496,0.350594105650179
"cpi_growth","consumption_growth",6,0.113402621074488,0.0778849680805695,0.0146982135813462,0.0309683671161893,0.201338671972521,0.331123466708454
"cpi_growth","consumption_growth",7,0.113260860646917,0.079715038249879,0.0162901240908422,0.0320546592317808,0.199861350986923,0.322213420597795
"cpi_growth","consumption_growth",8,0.113390644557556,0.0823675100992388,0.0173405318092323,0.0331474831565639,0.197077590866254,0.319143599893998
"cpi_growth","consumption_growth",9,0.113286411887184,0.0838971308943074,0.0184473808264414,0.0344239761853703,0.195150558996602,0.313103575940658
"cpi_growth","consumption_growth",10,0.113461521831554,0.084839945214798,0.0193838068417388,0.0350707240499977,0.19540055314737,0.311214786115497
"cpi_growth","consumption_growth",11,0.113456430366266,0.0851928084227173,0.019725945640655,0.0354129144772395,0.194069754260392,0.308791483476569
"cpi_growth","consumption_growth",12,0.113371419260783,0.0851762297858573,0.0202619165743877,0.0355557477944459,0.193913622385364,0.306527726550251
"cpi_growth","consumption_growth",13,0.11329780224955,0.0854386022753301,0.0203144430002734,0.0355452544467817,0.193425966862505,0.302451812169507
"cpi_growth","consumption_growth",14,0.113339294071297,0.0854744397406083,0.020345978847276,0.0356893447895199,0.192628281955561,0.304286475202572
"cpi_growth","consumption_growth",15,0.113349440965456,0.0857563186318617,0.0207218836385467,0.0359578041662279,0.192727725633117,0.304200302707355
"cpi_growth","consumption_growth",16,0.113325103431673,0.0850524393296396,0.021182739286589,0.0362237643796001,0.192845652227572,0.304526298100062
"cpi_growth","consumption_growth",17,0.113355725290796,0.0850927880760436,0.0214587241187241,0.0365798803944884,0.193458013457877,0.303122502760947
"cpi_growth","consumption_growth",18,0.113412942582305,0.0847698858857688,0.0218357691635981,0.0366540932413707,0.1931011966915,0.302225655937951
"cpi_growth","consumption_growth",19,0.113486886089935,0.085160350765246,0.0216988470833421,0.0366624555434102,0.192842566753585,0.302000405162901
"cpi_growth","consumption_growth",20,0.113533643259543,0.0853181839228583,0.0214359888135614,0.0366975271504632,0.193585236740646,0.301059049265681
"cpi_growth","consumption_growth",21,0.113609260207245,0.0854775630368536,0.0214453010511749,0.0366878734518817,0.192265903335654,0.301028359848015
"cpi_growth","cpi_growth",1,0.124527206262494,0.0716512308546017,0.000562036104415823,0.00633885913501084,0.25865479538216,0.415542084426476
"cpi_growth","cpi_growth",2,0.123982962274923,0.0757778390444558,0.0041943350828805,0.0144668554153864,0.251626943641985,0.406301735348762
"cpi_growth","cpi_growth",3,0.121869220989991,0.078848848622542,0.00681217028974066,0.0190892958940672,0.236689294919384,0.376254163040529
"cpi_growth","cpi_growth",4,0.121186642420483,0.079632101449832,0.0107698930559033,0.0241436494872514,0.223926195120491,0.360619859773351
"cpi_growth","cpi_growth",5,0.119322754378648,0.0787221614987827,0.012904562425586,0.0266728015903179,0.217309070326258,0.35382250114572
"cpi_growth","cpi_growth",6,0.118647554634995,0.0813416484204774,0.0155149019215251,0.0306660958752901,0.213144206616378,0.343119903954086
"cpi_growth","cpi_growth",7,0.117921955938875,0.0829462999353983,0.0161790177918729,0.0317824161602901,0.209601666251445,0.336047500831047
"cpi_growth","cpi_growth",8,0.117912293807205,0.086488001473893,0.0169858389128973,0.0330020336915601,0.210506204827821,0.323426863586034
"cpi_growth","cpi_growth",9,0.117509627941841,0.0876966259380725,0.0183626651989951,0.0348806212037471,0.206625574648458,0.317607255709688
"cpi_growth","cpi_growth",10,0.117622775737704,0.088352900955321,0.0184455955570243,0.0355914383243262,0.206033130637061,0.317316345892518
"cpi_growth","cpi_growth",11,0.117576643437863,0.0889685653130177,0.0198511843603531,0.0359950837850695,0.203768640374037,0.31312219589273
"cpi_growth","cpi_growth",12,0.117774782614309,0.0889955205769711,0.0198675352399449,0.0360764106379711,0.203369729248743,0.308600113425473
"cpi_growth","cpi_growth",13,0.117732224527103,0.0890253860921501,0.0206177250284281,0.036610924486369,0.202423432306901,0.310558621539816
"cpi_growth","cpi_growth",14,0.117853989344974,0.089912347371782,0.0210056839498746,0.0369552173472129,0.204002400174956,0.309794564231971
"cpi_growth","cpi_growth",15,0.117808607797962,0.090770957391781,0.0216414250191168,0.0372610623111193,0.202462367658795,0.309155356574522
"cpi_growth","cpi_growth",16,0.117868916355737,0.0911536810476222,0.0219727187152542,0.0374523757841722,0.203253311920008,0.308708738486189
"cpi_growth","cpi_growth",17,0.117825396501391,0.0910690282927066,0.0223604173052474,0.037628549915828,0.20326112086741,0.307178133058807
"cpi_growth","cpi_growth",18,0.117847127549438,0.0909719924822167,0.0221229404232889,0.0376475037035532,0.202999971719582,0.3078423125821
"cpi_growth","cpi_growth",19,0.117816835029886,0.0908519700833032,0.0221666962235609,0.0378222752098288,0.203449961524039,0.307160035342764
"cpi_growth","cpi_growth",20,0.117837003982506,0.0907527824736908,0.0220405379930221,0.0383694902387243,0.203350996435316,0.306309036721247
"cpi_growth","cpi_growth",21,0.117839329276597,0.090902225975375,0.0220502519841626,0.0383485873836216,0.202923111166455,0.305517272301993
"cpi_growth","saving_rate",1,0.119273141324884,0.0656960112004953,0.000685232331906207,0.00582255072152025,0.246569384976624,0.432940038238275
"cpi_growth","saving_rate",2,0.11984035276234,0.0736967385131122,0.00385039215799738,0.0140704688428948,0.2345978108601,0.398165054072743
"cpi_growth","saving_rate",3,0.118540582542951,0.0757605948977208,0.00784645381614055,0.0173036754798793,0.228204756064847,0.391394066650893
"cpi_growth","saving_rate",4,0.118260187619245,0.0798319436795676,0.010854592377421,0.0226988285856328,0.220725965904362,0.365858237820914
"cpi_growth","saving_rate",5,0.116777475118316,0.078577450897018,0.0136676154665692,0.0273257542801228,0.218474037281625,0.356756783870089
"cpi_growth","saving_rate",6,0.116366420344849,0.0805876518744714,0.0151319504324048,0.0307969202959465,0.2125257534101,0.335241523809165
"cpi_growth","saving_rate",7,0.115694883260959,0.0832804025013848,0.0162646969687317,0.0324704922195989,0.207898338262782,0.328977053151685
"cpi_growth","saving_rate",8,0.115687525539551,0.0834186965805681,0.0172781177772906,0.0334148907474914,0.203603410021943,0.325069612690702
"cpi_growth","saving_rate",9,0.115225565747406,0.0850112625704639,0.0180445480676415,0.0334684240528948,0.201713400757515,0.323050061336208
"cpi_growth","saving_rate",10,0.115110840360699,0.0850301050140715,0.0190125190067529,0.0351163913919361,0.198793621365565,0.316450561715444
"cpi_growth","saving_rate",11,0.114959779722873,0.0862370516542974,0.0197303912007658,0.0353473942733891,0.196827656026352,0.3088199773207
"cpi_growth","saving_rate",12,0.114843338678646,0.0874541960177493,0.019754647422286,0.0349579123381014,0.197828272065009,0.308658176945569
"cpi_growth","saving_rate",13,0.114818952811635,0.0874682476386646,0.0203646864877861,0.0364269834227669,0.196292658286858,0.310453043507127
"cpi_growth","saving_rate",14,0.114833033286863,0.0870948590675271,0.0200406436209251,0.0367291778788632,0.197249325122943,0.311805361198714
"cpi_growth","saving_rate",15,0.114862137395039,0.0879097580745503,0.0203663462095407,0.0366079723249294,0.19679688752887,0.309639566108852
"cpi_growth","saving_rate",16,0.114871550110315,0.0881085766812263,0.0204040209598006,0.0370343254598832,0.198295608526688,0.307053907722092
"cpi_growth","saving_rate",17,0.114862337155582,0.0886761096406574,0.020631124542097,0.0375082870315766,0.198269569594506,0.305518416094031
"cpi_growth","saving_rate",18,0.114906763776663,0.0893295631249364,0.0205201709376409,0.0374436983759575,0.197452265188051,0.306035147090022
"cpi_growth","saving_rate",19,0.114889589648241,0.089985179696997,0.0207084931599916,0.0378265128646157,0.197346611787641,0.30407437602465
"cpi_growth","saving_rate",20,0.114917990389569,0.089875666589019,0.0207693007468607,0.0375741151150334,0.197328388974579,0.304613304252329
"cpi_growth","saving_rate",21,0.114882930276034,0.0900206779121693,0.0208411110596303,0.0380474059708342,0.196778995787232,0.30295743214449
"cpi_growth","policy_rate",1,0.0719554498164591,0.0424966711111136,0.000630207357226633,0.00581028906277352,0.142184423630136,0.240580431793567
"cpi_growth","policy_rate",2,0.0686760640162144,0.0428369807867177,0.00260315307914983,0.0104918563825741,0.131804335935512,0.214004310871664
"cpi_growth","policy_rate",3,0.0776590731992997,0.0559473644238768,0.00751363739130936,0.0174032194700505,0.139047044517236,0.21230227357086
"cpi_growth","policy_rate",4,0.0773811234085175,0.0562350211108109,0.0111853291197441,0.0203111111990019,0.134553723585771,0.20507681050707
"cpi_growth","policy_rate",5,0.0873607646460661,0.0675362717171937,0.0143128519290988,0.0281103934030431,0.147492474174329,0.222061471024726
"cpi_growth","policy_rate",6,0.0901577541952564,0.0716647007556715,0.0166612180510229,0.0312450369029027,0.150413515507126,0.219461108548178
"cpi_growth","policy_rate",7,0.0936899203016083,0.0740988759562211,0.0174211595877732,0.0326888130575111,0.156003904310946,0.221999309407077
"cpi_growth","policy_rate",8,0.0934438020746119,0.0766042398093912,0.0181502943974655,0.0339867843811576,0.156842777807044,0.215365949059778
"cpi_growth","policy_rate",9,0.0949935501607274,0.0767770779779765,0.0203780228191348,0.0363029494743825,0.159549603491635,0.218140113450415
"cpi_growth","policy_rate",10,0.0943917131904189,0.0770418093460728,0.0201409566840493,0.036434187109413,0.157316720610518,0.213387834001213
"cpi_growth","policy_rate",11,0.0943872708271916,0.077413843170048,0.0205132676676072,0.0371894090966882,0.158003545898436,0.213805408728029
"cpi_growth","policy_rate",12,0.0940681326478002,0.0764725076327415,0.020895357283973,0.036906932160946,0.157197618244656,0.211228040529649
"cpi_growth","policy_rate",13,0.0939148699306515,0.0770407368041744,0.0213362398644583,0.0375006207458446,0.155972613594768,0.210534917862033
"cpi_growth","policy_rate",14,0.0934923440235587,0.0764106364294038,0.0216078090372276,0.0372935891041091,0.154684279571217,0.20927643676256
"cpi_growth","policy_rate",15,0.0932559434663511,0.0769649130871178,0.0221687301935126,0.0376269971286563,0.153455368041202,0.208017681188875
"cpi_growth","policy_rate",16,0.0931636924699818,0.0764984907546311,0.0226774599158076,0.0371422357198884,0.152671831167172,0.207268291279932
"cpi_growth","policy_rate",17,0.0930181158419485,0.0765569024441684,0.0223141956596519,0.0380710242015479,0.151505109584287,0.207578100555086
"cpi_growth","policy_rate",18,0.092859305826403,0.0767956188639355,0.022164931222595,0.0378063013332275,0.151124432727449,0.207551413127524
"cpi_growth","policy_rate",19,0.092735284184625,0.0773927182726676,0.0221658831910136,0.0378987417840728,0.150423753397205,0.207228718595197
"cpi_growth","policy_rate",20,0.0927189582555577,0.0775136338889294,0.0223740837497499,0.0376896815280348,0.15080418685187,0.206812364193987
"cpi_growth","policy_rate",21,0.0926293546482451,0.0776373700405838,0.0227914947879684,0.0377673417286572,0.150599935664202,0.206146752993561
"cpi_growth","interest_burden",1,0.119706168035589,0.0608007282233522,0.000788244714232061,0.00616442961667365,0.244863930124675,0.430982710245079
"cpi_growth","interest_burden",2,0.119983699654322,0.0673671187770023,0.00420705532444165,0.0138696196653875,0.237731182569493,0.402112952077112
"cpi_growth","interest_burden",3,0.120118957630668,0.073612471854024,0.00735663938451277,0.0176970776674387,0.227822565677949,0.390311092695718
"cpi_growth","interest_burden",4,0.119163757979759,0.0779396457456983,0.00995116636831655,0.0230458886340134,0.21914842957941,0.375969753025313
"cpi_growth","interest_burden",5,0.118070961122794,0.0772896103036645,0.0119793615201128,0.0261024527625703,0.214697450210641,0.372025220473934
"cpi_growth","interest_burden",6,0.117011223626647,0.0817044810724779,0.0142574563776956,0.028461260571095,0.213850811149906,0.358713952343594
"cpi_growth","interest_burden",7,0.116271187516237,0.0839296120747996,0.0156465586493205,0.0296966966263909,0.207103930057012,0.35388256624229
"cpi_growth","interest_burden",8,0.115932974051657,0.0858991768525214,0.0167747451033598,0.0313657167996952,0.204833004154763,0.345260467641422
"cpi_growth","interest_burden",9,0.115621791141047,0.0872547499481225,0.0179845735393465,0.0324258904636428,0.200716078637718,0.339708437218085
"cpi_growth","interest_burden",10,0.115602605067655,0.0876318436181988,0.0184204502561816,0.0331148059536322,0.200890812255287,0.333596807456872
"cpi_growth","interest_burden",11,0.115518553934417,0.0878336050433852,0.0187973079198026,0.0341045883700019,0.200642180294851,0.329298661181582
"cpi_growth","interest_burden",12,0.115581067493422,0.0871286369217971,0.0189219662039397,0.0340303564257868,0.202098802089627,0.325499496937789
"cpi_growth","interest_burden",13,0.115554019529619,0.0873240988157906,0.0191332317632977,0.0351243298412382,0.200512743410797,0.322871336769551
"cpi_growth","interest_burden",14,0.11562200041477,0.0872011659060291,0.0197149408634667,0.0347963913885417,0.200976696806956,0.321809462339483
"cpi_growth","interest_burden",15,0.115643304202546,0.0879826475968438,0.0197924562566929,0.0352293257150394,0.198878881763136,0.320118341300348
"cpi_growth","interest_burden",16,0.115678876984378,0.0875845608345053,0.0198312790761616,0.0351077093165826,0.200708028971484,0.322734225887737
"cpi_growth","interest_burden",17,0.115655502648596,0.0877084373224641,0.0199505975905015,0.0354426253870658,0.200321483077066,0.320729502531479
"cpi_growth","interest_burden",18,0.11565968688379,0.0876331135861584,0.0199713044843864,0.0355445190568692,0.199720477018176,0.321300275098111
"cpi_growth","interest_burden",19,0.115659213044003,0.0884562349024694,0.0202467024163305,0.0357689548058149,0.199078190109861,0.322745651967367
"cpi_growth","interest_burden",20,0.115659771902488,0.0882448383946028,0.019991614163557,0.0359662873717757,0.200064393201381,0.322924994599403
"cpi_growth","interest_burden",21,0.11564121564368,0.0879650260174245,0.0202837598616736,0.0361338653825293,0.200407938883006,0.320591838182502
"cpi_growth","debt_growth",1,0.112136753437316,0.0597216896723033,0.0009538718601667,0.00633275126260105,0.225948475112538,0.395536281195223
"cpi_growth","debt_growth",2,0.112716601235186,0.0660395365279709,0.00466097646674501,0.0140311857378989,0.22289586317095,0.378449056040657
"cpi_growth","debt_growth",3,0.111565285387163,0.0685029196765904,0.00714957286433792,0.0174300397676627,0.217375315327672,0.371320764495403
"cpi_growth","debt_growth",4,0.112223072103302,0.0745300963529339,0.00997075586804518,0.0233437209412196,0.210417063517374,0.34975672572623
"cpi_growth","debt_growth",5,0.110897873331383,0.0732137508367592,0.0132582397432091,0.0268457153805178,0.207911176768219,0.337003537229016
"cpi_growth","debt_growth",6,0.110624462888569,0.0757810477505218,0.0162036247108309,0.031237085035439,0.199975564700678,0.322171644709867
"cpi_growth","debt_growth",7,0.110230783800448,0.0771098548889,0.0179213628327938,0.0317802594450261,0.196777139885503,0.318476046454489
"cpi_growth","debt_growth",8,0.110290420028793,0.0791934376595406,0.0184082120364021,0.0333679789202655,0.193748924656435,0.309697264067994
"cpi_growth","debt_growth",9,0.110293335664533,0.0806245192028076,0.0199302179148941,0.0344780968861626,0.187878027007863,0.301758021751182
"cpi_growth","debt_growth",10,0.110366557533791,0.0815174887511908,0.0203053803213683,0.0351991369106562,0.187778364150557,0.303559950890536
"cpi_growth","debt_growth",11,0.110486118801448,0.0841917377962371,0.0208790054504278,0.0359461745901499,0.186351991085279,0.297655701326798
"cpi_growth","debt_growth",12,0.11048443853565,0.0829881504393001,0.0211990486781285,0.035692453562197,0.187895986685581,0.294806970091669
"cpi_growth","debt_growth",13,0.110643428176597,0.0842521632917867,0.0217080982015787,0.0361988354057878,0.18715000748619,0.290973655536526
"cpi_growth","debt_growth",14,0.110717785184238,0.0844865488111886,0.0219255176270685,0.0361081069427373,0.188362354036839,0.291385882632483
"cpi_growth","debt_growth",15,0.110910996876829,0.0846727169563579,0.0222004574094948,0.0368092259963178,0.187470751236378,0.292956838552033
"cpi_growth","debt_growth",16,0.11097896336595,0.0849881601234821,0.0224798408182559,0.0369528058798172,0.188669409907261,0.2918470060238
"cpi_growth","debt_growth",17,0.111128561619979,0.0857251720165302,0.0224675884247595,0.0371016080192646,0.188205208797817,0.293184988247259
"cpi_growth","debt_growth",18,0.111202157263243,0.086092713325712,0.0223851887578354,0.0375839491627362,0.188698070285221,0.290178855037242
"cpi_growth","debt_growth",19,0.111317074542471,0.0864279525034896,0.0222609648202537,0.0378869026883294,0.188378090437612,0.287387294929901
"cpi_growth","debt_growth",20,0.111336448422433,0.0874706760470854,0.0221935590891293,0.0379257911430793,0.188273691606873,0.287135641067484
"cpi_growth","debt_growth",21,0.111383151140716,0.0883090701053083,0.0221519344371639,0.03794416591139,0.188435277337763,0.286495787146305
"cpi_growth","real_house_price_growth",1,0.110376943092069,0.0604372541522867,0.000690199720070795,0.00566638997036983,0.221546348341611,0.388706592150071
"cpi_growth","real_house_price_growth",2,0.11095241231514,0.0669690395360007,0.00414070602659806,0.0142190854195788,0.21804149358587,0.362177393650316
"cpi_growth","real_house_price_growth",3,0.10908004894465,0.0664849978066669,0.00839036015920083,0.0173606376007541,0.208777033176702,0.340872225831504
"cpi_growth","real_house_price_growth",4,0.109413264157466,0.0736453047400931,0.0112486292621026,0.0237406578216542,0.203064497470761,0.324092065407477
"cpi_growth","real_house_price_growth",5,0.10773576003723,0.0750062770207149,0.0137606267059215,0.026999099475551,0.197431298680716,0.312031351343647
"cpi_growth","real_house_price_growth",6,0.10818842992457,0.0787558875783837,0.0157375069696012,0.0298902328798301,0.193196239129247,0.296161593829182
"cpi_growth","real_house_price_growth",7,0.108113177941113,0.0795960753389483,0.0172664634651735,0.0317880613665073,0.189035930059611,0.285472249294542
"cpi_growth","real_house_price_growth",8,0.108404250104533,0.0804733613588533,0.0181351159225709,0.0329609012697696,0.188665611026106,0.288876982272793
"cpi_growth","real_house_price_growth",9,0.108541050739143,0.0826886349123756,0.0185680759839683,0.0342500823800547,0.187215450147974,0.277012836270214
"cpi_growth","real_house_price_growth",10,0.108773371172823,0.0827399560141894,0.0190509096589193,0.034421273943661,0.187906939316754,0.282247266467774
"cpi_growth","real_house_price_growth",11,0.108957300204038,0.083154240420279,0.0194123275254325,0.0350076683063881,0.186590239724736,0.280621625530036
"cpi_growth","real_house_price_growth",12,0.108900561072334,0.0830392673227826,0.0194775182689708,0.0352967421247904,0.185208099897531,0.283443508433397
"cpi_growth","real_house_price_growth",13,0.108993892811212,0.0841016273446489,0.0201115407567538,0.0358668958977739,0.186299740820664,0.278884529000351
"cpi_growth","real_house_price_growth",14,0.108943618560962,0.0837261265276535,0.0200629147603962,0.0361090759930085,0.186044787487736,0.272897033251664
"cpi_growth","real_house_price_growth",15,0.108983130681397,0.0841814214999316,0.0207401964893181,0.0365804519338433,0.185560500945141,0.272474804149272
"cpi_growth","real_house_price_growth",16,0.108883570563696,0.0836637821687613,0.0206940834017801,0.0366933304606685,0.185703547995765,0.274250874353603
"cpi_growth","real_house_price_growth",17,0.10890597939783,0.084672836326492,0.0210112074941285,0.0369898591269988,0.185544530678992,0.274298941696496
"cpi_growth","real_house_price_growth",18,0.10884608284455,0.0848886809258032,0.0210626051660363,0.0371466577710915,0.186083220279276,0.275286274088632
"cpi_growth","real_house_price_growth",19,0.108860728657544,0.0849297017991258,0.0213607484756061,0.0372313486347847,0.185866116398726,0.276058865618761
"cpi_growth","real_house_price_growth",20,0.108811668779106,0.0850532500019554,0.0217125224536437,0.0375314759052374,0.185162862607034,0.276711663394286
"cpi_growth","real_house_price_growth",21,0.108822086040427,0.0854266197930149,0.0218015183175272,0.0376822058319272,0.185076954634547,0.276393858401797
"cpi_growth","asset_liability_ratio",1,0.111932827972076,0.0532601839763588,0.000446764108328301,0.00572858982650406,0.248659634149683,0.382393422201438
"cpi_growth","asset_liability_ratio",2,0.112727244549513,0.0656397472063428,0.0034422737534146,0.0124965169234861,0.2368150143042,0.354567941422011
"cpi_growth","asset_liability_ratio",3,0.112034021947174,0.0661444494520896,0.00616417091333274,0.0187577040324084,0.226469546917567,0.350435234033552
"cpi_growth","asset_liability_ratio",4,0.111766183321444,0.0748253430517439,0.00958191019543212,0.0229502498938781,0.221054018910158,0.326628271239312
"cpi_growth","asset_liability_ratio",5,0.11052132273144,0.0750014946928172,0.0125127195080226,0.0251800619732572,0.217051147626083,0.319043546626003
"cpi_growth","asset_liability_ratio",6,0.110327816080143,0.0781465413545658,0.0137931624090042,0.0266462532518953,0.209259766875212,0.309364304682799
"cpi_growth","asset_liability_ratio",7,0.109823848905462,0.0791656241286547,0.0152154462950229,0.0290900992742536,0.208351806965657,0.306574173177286
"cpi_growth","asset_liability_ratio",8,0.110027220112729,0.0795064412444639,0.015619299685315,0.0305362772867795,0.203366097626714,0.302989150819789
"cpi_growth","asset_liability_ratio",9,0.109758118560861,0.0822793774967631,0.016867704650025,0.0322027993277936,0.199878713322466,0.298941546010678
"cpi_growth","asset_liability_ratio",10,0.109950400557614,0.0823984884841971,0.0175060485076795,0.0328994932380175,0.19774039448461,0.296377317627618
"cpi_growth","asset_liability_ratio",11,0.109962681300545,0.0827504879819042,0.0180842697505102,0.0332327558549615,0.197144918379095,0.292235540392664
"cpi_growth","asset_liability_ratio",12,0.110169425250999,0.0821840624312336,0.0179453242130225,0.0334781576336453,0.196766951443958,0.29101160846995
"cpi_growth","asset_liability_ratio",13,0.110190516624905,0.0828195757962758,0.0185865475466629,0.0339650673245168,0.196576799156366,0.289523885467089
"cpi_growth","asset_liability_ratio",14,0.110282766639978,0.0827350961875334,0.0182551369664043,0.0341848858268212,0.195111487189509,0.289743995863036
"cpi_growth","asset_liability_ratio",15,0.110285812387317,0.0828295237537091,0.0188165068280127,0.0344827878042179,0.194748110009325,0.287842573294376
"cpi_growth","asset_liability_ratio",16,0.110303993597353,0.0826337335970666,0.019051443742828,0.0342248206150967,0.194181811003995,0.287992007566169
"cpi_growth","asset_liability_ratio",17,0.110313686048753,0.08286330994762,0.0193048397777108,0.0348932502710017,0.19299535387991,0.285810692488998
"cpi_growth","asset_liability_ratio",18,0.110325035351063,0.0828001273993385,0.019524576684594,0.0346270689854826,0.193361738028631,0.286340982455368
"cpi_growth","asset_liability_ratio",19,0.110335282542583,0.0834623313999538,0.0196486071275328,0.0349207319255558,0.193137895504709,0.284692079122284
"cpi_growth","asset_liability_ratio",20,0.110324312885609,0.0836741888099281,0.0196710361625521,0.0350395264009779,0.193405683356014,0.284814687336944
"cpi_growth","asset_liability_ratio",21,0.110338518829095,0.083807957533581,0.01959521409658,0.0352515629925992,0.192518076240488,0.283843797820439
"saving_rate","gdp_growth",1,0.1136027248367,0.0586798827025218,0.00049071621097788,0.00509931935833925,0.246627528631998,0.389345755984188
"saving_rate","gdp_growth",2,0.114369067022074,0.0658376148673281,0.00350203168909978,0.0121776321585552,0.237721321183763,0.379212601171785
"saving_rate","gdp_growth",3,0.113834558926951,0.0661874651390423,0.00527444502712289,0.0155182784610383,0.231505786338458,0.364420971236729
"saving_rate","gdp_growth",4,0.113303521339209,0.071685192632492,0.00637150721045123,0.0159701709659701,0.22370975370185,0.352252201081766
"saving_rate","gdp_growth",5,0.112544849034359,0.0728713250129033,0.00780208198931182,0.017519224173766,0.22192071601986,0.340272419304824
"saving_rate","gdp_growth",6,0.112221295463813,0.0714723930807185,0.00818249190292868,0.0181663212838822,0.218710379080319,0.340292238952476
"saving_rate","gdp_growth",7,0.111981271885099,0.0726357621970049,0.00860637497029477,0.0183533892148069,0.214822902054263,0.337803733002728
"saving_rate","gdp_growth",8,0.111989029575251,0.0731237603419902,0.00914312651311286,0.0186879632852482,0.216599462704805,0.340293190642635
"saving_rate","gdp_growth",9,0.112055130893706,0.0725792425729114,0.00952699809003625,0.0188454005274422,0.211162202556972,0.342693944096533
"saving_rate","gdp_growth",10,0.112124931420681,0.0724974131817172,0.00969243481724714,0.0193730650216,0.208160375783044,0.341718374406778
"saving_rate","gdp_growth",11,0.11219738448868,0.0722179086464072,0.0102055781887356,0.0199045509893569,0.210205093657114,0.342978216125047
"saving_rate","gdp_growth",12,0.112223955190453,0.0728204174159768,0.010363243062247,0.0200511760465256,0.212961210692061,0.339368109264426
"saving_rate","gdp_growth",13,0.112257151491529,0.0721649994215765,0.0103790199228629,0.020341849522142,0.212304074053239,0.340405108276762
"saving_rate","gdp_growth",14,0.112290157778371,0.0728462498961513,0.0105193935280695,0.0212475137901564,0.213150378331732,0.342941814595804
"saving_rate","gdp_growth",15,0.112308058040104,0.0731803444105231,0.0104888193107515,0.0213220189292505,0.214566067969117,0.338741318253037
"saving_rate","gdp_growth",16,0.112318444227185,0.0724747135093932,0.0102477841369819,0.0220711606717815,0.215787086577531,0.33816592238476
"saving_rate","gdp_growth",17,0.112345099495567,0.0715955307119729,0.0102133201943364,0.0225567603692493,0.21444051637678,0.33737195745354
"saving_rate","gdp_growth",18,0.11238761328579,0.0714146518829679,0.0106259934716458,0.0225599359156493,0.212489394706191,0.339215663337599
"saving_rate","gdp_growth",19,0.112431003008012,0.071715460771447,0.0111188247827506,0.0223770898521351,0.214104037315122,0.340542879648731
"saving_rate","gdp_growth",20,0.112474705034025,0.0729170292458406,0.010972310711001,0.022147377242691,0.214260208671451,0.341864431144093
"saving_rate","gdp_growth",21,0.11252738203261,0.0732807613162769,0.0115119173160716,0.0223399801676022,0.213535834982437,0.344472685485508
"saving_rate","consumption_growth",1,0.10624594807113,0.053582583287303,0.000540948241834742,0.00398216772587467,0.217551304667496,0.38454113979522
"saving_rate","consumption_growth",2,0.10844357904589,0.058423963065112,0.00272346516746064,0.0114007653750992,0.213897417736667,0.36589926454417
"saving_rate","consumption_growth",3,0.108979556531148,0.0612091862261968,0.00569577891376305,0.0146752011927384,0.21372420925922,0.360880225714723
"saving_rate","consumption_growth",4,0.108726293628456,0.0644486863458213,0.00653540768172318,0.0163714409413898,0.208414294761458,0.358726430345092
"saving_rate","consumption_growth",5,0.108813639691481,0.0670283965683796,0.00750091676134404,0.016879326322515,0.20687117458731,0.354807318568036
"saving_rate","consumption_growth",6,0.109172823370841,0.0679992262887107,0.0079006201839134,0.0172822541763269,0.206735966883123,0.355243713730195
"saving_rate","consumption_growth",7,0.109743107376209,0.0686692946005991,0.00827103526698022,0.0178995906411288,0.209781292111115,0.347611485244037
"saving_rate","consumption_growth",8,0.110101530353484,0.0686987696974878,0.0082380571512201,0.0178240450870333,0.216261806157828,0.355198163240004
"saving_rate","consumption_growth",9,0.110371377154949,0.0691308311126343,0.00825994134498846,0.0180656171498453,0.217257711395578,0.350545245637757
"saving_rate","consumption_growth",10,0.110601476797475,0.0692900806918871,0.00876026339846639,0.0180819738476417,0.215342304002635,0.348318587230606
"saving_rate","consumption_growth",11,0.110746414823936,0.06915706428381,0.00884026840984453,0.0179702799357045,0.214201402857318,0.346274395570526
"saving_rate","consumption_growth",12,0.110853147939114,0.0693213109140056,0.00899879607475138,0.0192291271487381,0.21422426966798,0.350191231798102
"saving_rate","consumption_growth",13,0.110975208507859,0.0697529685725986,0.00902409473098896,0.0195742078966512,0.209643764893502,0.353654907864796
"saving_rate","consumption_growth",14,0.11117024134068,0.0698787576038035,0.00952804475205146,0.0195658892377255,0.209488375711964,0.35266186616669
"saving_rate","consumption_growth",15,0.111375138978648,0.0713034312066956,0.00982143406661324,0.02010695345039,0.213054817423369,0.354840914950606
"saving_rate","consumption_growth",16,0.111608187331634,0.0728180210869844,0.00960258191486537,0.020542037295389,0.211944411180549,0.356133289735237
"saving_rate","consumption_growth",17,0.111870777110118,0.0725086891429949,0.00937031763717947,0.0212546271034163,0.213593322801738,0.352087456402951
"saving_rate","consumption_growth",18,0.112158359335496,0.0726645856236662,0.00950532256539213,0.0220545203853386,0.213933775105279,0.347802506280219
"saving_rate","consumption_growth",19,0.112425262858596,0.0748284359733209,0.0095980694837192,0.0223271561840686,0.216397413910677,0.346441603268945
"saving_rate","consumption_growth",20,0.112690953160403,0.0747666843219634,0.0100614414046227,0.0226379177159824,0.219300528558723,0.341445243563562
"saving_rate","consumption_growth",21,0.112938288441183,0.0759027987836242,0.0102770193587632,0.0222710847269838,0.219163113873741,0.339821077067741
"saving_rate","cpi_growth",1,0.109711947255968,0.0562150874385019,0.000490178730063131,0.00517045187064015,0.223342789390514,0.376606134121822
"saving_rate","cpi_growth",2,0.112322755792676,0.0651134418670123,0.00345989995015432,0.0121632523338022,0.226246889681549,0.388548757806338
"saving_rate","cpi_growth",3,0.113354275847713,0.0659808771047591,0.00589062074761211,0.0139200633944347,0.229472656059004,0.378929607541677
"saving_rate","cpi_growth",4,0.114298466784012,0.0662625940745859,0.00783744809625333,0.0166072749879416,0.22832778357106,0.37968549478962
"saving_rate","cpi_growth",5,0.114641029527488,0.0661978553655938,0.00843247625546434,0.0175505676007019,0.22860193501102,0.364469511623779
"saving_rate","cpi_growth",6,0.114903034680302,0.0662141620834414,0.00851255700952856,0.0176614470335994,0.230238476911352,0.359890504034348
"saving_rate","cpi_growth",7,0.115028303151204,0.0660762049719932,0.00876149433453429,0.0182962110254704,0.230974615029709,0.355655537885237
"saving_rate","cpi_growth",8,0.115185744799954,0.0674613579428197,0.00891718787127762,0.0183028825680522,0.230883100568292,0.350466509342069
"saving_rate","cpi_growth",9,0.115339295788715,0.0680334984564069,0.00958580773657651,0.0183996193066784,0.232956976655376,0.356230175560566
"saving_rate","cpi_growth",10,0.115410611630465,0.0679194693112638,0.00958804270633583,0.0189014649070236,0.227429096155307,0.354774356616594
"saving_rate","cpi_growth",11,0.115496205027296,0.0681437206300352,0.00942103283900611,0.0190593245493487,0.22504126225629,0.353652567246416
"saving_rate","cpi_growth",12,0.115586032561829,0.0680171205434862,0.00965026947193166,0.0189684637718159,0.223708608392056,0.359382412534101
"saving_rate","cpi_growth",13,0.115725740232513,0.0701389653987533,0.00938255441744038,0.019534675730725,0.221708261324677,0.366443992534954
"saving_rate","cpi_growth",14,0.115858036418942,0.0719613227785291,0.00971246688273009,0.0206610975075752,0.222684528372127,0.362277069932314
"saving_rate","cpi_growth",15,0.116029908335852,0.0722106329053676,0.0100354817904175,0.0203723246390783,0.222773636975458,0.361176493440755
"saving_rate","cpi_growth",16,0.11621421487356,0.071887119786389,0.00986811479803232,0.0205893438130641,0.219179512990686,0.361677876727991
"saving_rate","cpi_growth",17,0.116425297589415,0.0734083263039108,0.0100478899743878,0.0208583648209594,0.217516796150297,0.362010831877857
"saving_rate","cpi_growth",18,0.116603671246874,0.0748011164726302,0.0104082653897561,0.0206159983431298,0.21569334743181,0.358001481009002
"saving_rate","cpi_growth",19,0.116786895180438,0.0750918511554602,0.0105842203823339,0.020897561769233,0.21366799071487,0.35827605947314
"saving_rate","cpi_growth",20,0.116945072649729,0.0761397002235493,0.0105500701922007,0.0211091886315588,0.212590084425701,0.362045960498774
"saving_rate","cpi_growth",21,0.117110935674504,0.0760949786010436,0.0101300277395036,0.0216730892957811,0.215257511916967,0.362189770794588
"saving_rate","saving_rate",1,0.106329401634049,0.0530750047664006,0.000477615432089076,0.00554409969593931,0.208445323427526,0.408475610793026
"saving_rate","saving_rate",2,0.104825045242933,0.0586139157742358,0.00231702779451855,0.0105245733998179,0.201226794716063,0.399744483930449
"saving_rate","saving_rate",3,0.103645871448711,0.0591606347352412,0.004615537215068,0.0135696690927033,0.191550393762762,0.380348810633254
"saving_rate","saving_rate",4,0.102882761955029,0.0599898993890606,0.00624519167577793,0.0149999022021421,0.188794819482406,0.380124198639099
"saving_rate","saving_rate",5,0.102692530076127,0.060476865318668,0.00740805874952225,0.0164282548204798,0.18901928859314,0.360226470903113
"saving_rate","saving_rate",6,0.102657503663528,0.0600360765421933,0.00756406352039511,0.0172239532586417,0.189922617565638,0.35316822359364
"saving_rate","saving_rate",7,0.102698803745506,0.0614339619273802,0.00802524542011729,0.0172025968035996,0.189374990784484,0.346835763128924
"saving_rate","saving_rate",8,0.102726028639993,0.0614756963021471,0.0080486517002044,0.0173367228050399,0.190851955385912,0.342876975730611
"saving_rate","saving_rate",9,0.102697649851349,0.0629525138879599,0.00821831549192525,0.0182906402077569,0.19100703527888,0.336788125645606
"saving_rate","saving_rate",10,0.102716267272987,0.0631918241994229,0.00862000816972766,0.0178910165370391,0.190681923350236,0.337493150087427
"saving_rate","saving_rate",11,0.102733608439799,0.0631028497811372,0.00893610107278687,0.0177723130903798,0.193179255375918,0.335834927682268
"saving_rate","saving_rate",12,0.1027657024124,0.0627987889654993,0.00923269033412557,0.0186659822300853,0.193199889109607,0.333045954156951
"saving_rate","saving_rate",13,0.102718972743514,0.0632217956133723,0.0095202736031774,0.0190905122171322,0.193765508462805,0.338237173477222
"saving_rate","saving_rate",14,0.102699345947458,0.0622429734809699,0.0094043508385607,0.0195770132389271,0.191192221227905,0.335867358206321
"saving_rate","saving_rate",15,0.102677437665292,0.0618504086948299,0.00957199362080847,0.0195408271937634,0.188570302604705,0.336202552948431
"saving_rate","saving_rate",16,0.102682790184943,0.061914074492957,0.00955507565103516,0.0203573677817957,0.190579377939328,0.337538763532848
"saving_rate","saving_rate",17,0.102650722237311,0.0626439867061439,0.0101466990463497,0.0212409753346568,0.188787640752766,0.339874023585463
"saving_rate","saving_rate",18,0.102651312675405,0.063051098850576,0.0101899189863211,0.021408800288392,0.188289971499027,0.340412658021954
"saving_rate","saving_rate",19,0.102659536354322,0.0641413363594228,0.0102670719986388,0.0217029276098155,0.189553624342466,0.343948654376369
"saving_rate","saving_rate",20,0.102697705687427,0.0651805993542092,0.00992549017054501,0.022153633189836,0.188669550940342,0.340452511380668
"saving_rate","saving_rate",21,0.102714267846116,0.0650427914143093,0.0100103664091739,0.02203941598136,0.188228361017108,0.340467328175132
"saving_rate","policy_rate",1,0.111208827055287,0.0571841715576952,0.000658792344658945,0.00499343716675374,0.228215934355681,0.411120960633902
"saving_rate","policy_rate",2,0.110772697842062,0.0595919829186197,0.00269752620981993,0.0107371750213313,0.220925378018392,0.37712771293819
"saving_rate","policy_rate",3,0.113090493524572,0.0675957929845129,0.00460133943963523,0.0137596132700359,0.224877877951651,0.379899616548384
"saving_rate","policy_rate",4,0.114531798316493,0.0708425137335185,0.00648170428984418,0.0158398361521489,0.228602957072762,0.380819000497635
"saving_rate","policy_rate",5,0.114808641465064,0.071067226146457,0.00762483196522784,0.0170323110008577,0.22371339598688,0.381832420670587
"saving_rate","policy_rate",6,0.114040048134725,0.0684687832561034,0.00766076711015725,0.0173917510099259,0.220809820430722,0.378947062318722
"saving_rate","policy_rate",7,0.112673256368602,0.0681366294272785,0.00810572097434578,0.0169267928739476,0.214390957575354,0.375175770724363
"saving_rate","policy_rate",8,0.111266294497332,0.0680559002190189,0.00812925784072094,0.0174477278050279,0.212065417253908,0.370545225103189
"saving_rate","policy_rate",9,0.110191446290674,0.0686235037599746,0.00846595500548213,0.0183043052379448,0.209020972514842,0.367200133643874
"saving_rate","policy_rate",10,0.10925750090747,0.0700222856938709,0.00833792254626593,0.0187454654445778,0.207300800505073,0.359708974108215
"saving_rate","policy_rate",11,0.108479987992708,0.0705732571198924,0.008390213190171,0.0191406703868311,0.204480444349277,0.354629625099682
"saving_rate","policy_rate",12,0.107774068217859,0.0711366597036989,0.00858842448861522,0.0194096603949744,0.204348566830121,0.34521464823122
"saving_rate","policy_rate",13,0.107034655411447,0.0693250018647891,0.00843245300345516,0.0194126728733481,0.202181089109398,0.341673849247514
"saving_rate","policy_rate",14,0.106208163625245,0.0689525824341877,0.00852375144893128,0.019846190937875,0.200223396323029,0.339888990463529
"saving_rate","policy_rate",15,0.105340958196694,0.0680705895034015,0.008808335481459,0.0194975771385126,0.199284186839627,0.33903202300938
"saving_rate","policy_rate",16,0.104440188240955,0.0678254465406776,0.00873716588538389,0.0192453313880337,0.194842480423035,0.339676812444484
"saving_rate","policy_rate",17,0.103535055142344,0.0670949488617752,0.00848692302803769,0.0190554851175346,0.194133781113404,0.331977378105492
"saving_rate","policy_rate",18,0.102661537831219,0.0661904001937824,0.00860010271699274,0.01905880013029,0.192539295550536,0.327267066170108
"saving_rate","policy_rate",19,0.101845459568989,0.0660453261364112,0.00861917752023149,0.0190017408541091,0.192292151991299,0.323142077676655
"saving_rate","policy_rate",20,0.101087946894506,0.0664884557029366,0.00859927059506496,0.0189702555913323,0.190305047841305,0.322355375982036
"saving_rate","policy_rate",21,0.100399022345192,0.0650837092124053,0.00882972285205995,0.0185703684360031,0.191657048921881,0.321760543940194
"saving_rate","interest_burden",1,0.110194800400907,0.0545225344690429,0.000777347695992166,0.00610849809953849,0.225360338139721,0.398136785420635
"saving_rate","interest_burden",2,0.108702052951743,0.0581567070247402,0.00272757087616811,0.0113858493210313,0.211778928515753,0.385600890391807
"saving_rate","interest_burden",3,0.108027416892916,0.0612487804753309,0.00477401900185222,0.0134127628750686,0.220424986030625,0.381545474963621
"saving_rate","interest_burden",4,0.107803468506899,0.0615159090303846,0.00573317982864018,0.0147062275004598,0.217226672290362,0.358839039133464
"saving_rate","interest_burden",5,0.107661374787998,0.0615247906412762,0.00635213243968609,0.0162376065399562,0.211906807327098,0.351074720645412
"saving_rate","interest_burden",6,0.107533709460033,0.0630888397330941,0.00712540912497801,0.0164697090646116,0.215756305742945,0.34772121743636
"saving_rate","interest_burden",7,0.107575974474242,0.0635334475427099,0.00728747756944381,0.017140276822563,0.217326917327711,0.34720644937898
"saving_rate","interest_burden",8,0.10774078067989,0.0638066868812869,0.0080097329318817,0.0181201686184983,0.217365843039374,0.352182905368264
"saving_rate","interest_burden",9,0.107918354049034,0.0638255476634799,0.00872686465352482,0.0177688840674062,0.221271364028308,0.349698694393257
"saving_rate","interest_burden",10,0.108107115473922,0.0645296320370057,0.00895586483628718,0.0184704144379086,0.217737879429479,0.34023964821983
"saving_rate","interest_burden",11,0.108399178665125,0.0650065361451535,0.00914178393652385,0.0195906046508034,0.218503990348865,0.342414386714224
"saving_rate","interest_burden",12,0.108754894348197,0.0650566213891292,0.00947946658730046,0.019993362114979,0.215003893523265,0.345314123908912
"saving_rate","interest_burden",13,0.109176271597632,0.0655799033200339,0.0099639074868566,0.0204339853502462,0.214872449938394,0.34597884097967
"saving_rate","interest_burden",14,0.109615697387527,0.0658792090267273,0.0102951480897557,0.021136456754126,0.215042265494689,0.342385136642835
"saving_rate","interest_burden",15,0.110059664521734,0.0678049386718962,0.0102256362752643,0.0217145041016518,0.217051308273618,0.348552053084147
"saving_rate","interest_burden",16,0.110483308828252,0.0688011221856503,0.0107983392160267,0.0221107241098749,0.214322712770309,0.342392067900494
"saving_rate","interest_burden",17,0.110872388258428,0.0704253954071261,0.0108656909347157,0.0231692943784433,0.213408333542213,0.338579778548118
"saving_rate","interest_burden",18,0.111206223794848,0.0704770965443864,0.0108846211186889,0.0232289853100764,0.213064608536335,0.333603712410059
"saving_rate","interest_burden",19,0.111489082446735,0.0700652623773031,0.010811605450811,0.0236043495817798,0.216546409963201,0.330120135731373
"saving_rate","interest_burden",20,0.111721180677106,0.0708781878641372,0.0111631417646396,0.0236051205173597,0.219842015981945,0.330859260731708
"saving_rate","interest_burden",21,0.111914896368658,0.0714135572613695,0.0109731521529103,0.0233783234547421,0.219200624060055,0.330535611076718
"saving_rate","debt_growth",1,0.112115242502094,0.0632594651795932,0.00055717845224328,0.00591403134600497,0.238840866172169,0.388927797070336
"saving_rate","debt_growth",2,0.111563011018109,0.065251279893352,0.00282569833250757,0.0109464561338784,0.226593065194097,0.370881058980413
"saving_rate","debt_growth",3,0.110885464464001,0.0656389853180044,0.00499406103917497,0.0148107372974693,0.219420067152007,0.366401121802361
"saving_rate","debt_growth",4,0.11071603914184,0.0658225068410899,0.00656879506453464,0.0162648674027544,0.209306180857808,0.356493143427243
"saving_rate","debt_growth",5,0.110507219758899,0.0664862401242398,0.00713601231955354,0.0176317763840077,0.205421299498062,0.350999916971349
"saving_rate","debt_growth",6,0.110778119826338,0.0666371389468836,0.00762968262802599,0.0176911195787536,0.212001577531197,0.348450589522333
"saving_rate","debt_growth",7,0.11081880860248,0.0674466071764559,0.00870877156803888,0.0180878280053748,0.214791601672301,0.344950830286648
"saving_rate","debt_growth",8,0.11098731763122,0.0691852084821983,0.00872826063196643,0.0182329632819355,0.216932639997403,0.347628070881388
"saving_rate","debt_growth",9,0.11105816371852,0.0687062771668072,0.00852889443770845,0.0186415502856139,0.217734308754195,0.346314620022074
"saving_rate","debt_growth",10,0.111167841134233,0.0681833355880671,0.00870674082343124,0.0188383818958431,0.217396246150032,0.349230978935584
"saving_rate","debt_growth",11,0.111193421325484,0.0686957653472887,0.00876796959636115,0.0192979409321469,0.21643714257654,0.346690822581618
"saving_rate","debt_growth",12,0.111280166097746,0.069251713001858,0.0089516471377627,0.0192539117804128,0.21739816993745,0.347437831576779
"saving_rate","debt_growth",13,0.111406526683975,0.0702402600492346,0.00901265542049848,0.0196045775662601,0.21512676095426,0.342737590355013
"saving_rate","debt_growth",14,0.111567408360096,0.0701358407071944,0.00961371721837743,0.0195977316357158,0.216094195035333,0.33734142540213
"saving_rate","debt_growth",15,0.111735160018871,0.0712739028374689,0.00992009354432164,0.0199284973479247,0.215976137328481,0.338106862560647
"saving_rate","debt_growth",16,0.111928617253504,0.0717298350067355,0.00998592966023351,0.0201793744887515,0.216532114195277,0.341046052912893
"saving_rate","debt_growth",17,0.112134847728311,0.0730940577922198,0.00978110981479157,0.0206970010995161,0.216957599138814,0.344319108303718
"saving_rate","debt_growth",18,0.112339543477431,0.0720619430499329,0.00991426480124601,0.0209994111268543,0.217413867599242,0.342107622862627
"saving_rate","debt_growth",19,0.112527924239392,0.0724608569423738,0.0102179437487929,0.0212145039390424,0.214737804028073,0.339937692530925
"saving_rate","debt_growth",20,0.112712997909605,0.072276518012122,0.0105744804783393,0.0211186693374665,0.215807136473981,0.343640965194121
"saving_rate","debt_growth",21,0.112892949375909,0.0724468057340933,0.0101593266690302,0.0215582453871256,0.216972095408771,0.346109326851072
"saving_rate","real_house_price_growth",1,0.114526991562637,0.0646243228246366,0.000575581937407448,0.00536096221432126,0.235130891186913,0.409032829008721
"saving_rate","real_house_price_growth",2,0.113735649408762,0.0682441846285372,0.00337479500900807,0.0124107488770207,0.229793510804065,0.40230349813454
"saving_rate","real_house_price_growth",3,0.113858411408058,0.0723006781649363,0.00563801505597048,0.0158672397304667,0.223297114905707,0.376788031292245
"saving_rate","real_house_price_growth",4,0.113873879734373,0.0713557020080477,0.0068601141991719,0.0169747942843198,0.215670864127033,0.364478735857816
"saving_rate","real_house_price_growth",5,0.114045351312993,0.0718814825771531,0.00787143215382864,0.0182936620508408,0.217080214116576,0.362145885794378
"saving_rate","real_house_price_growth",6,0.114429268276618,0.0710423909047395,0.00787944361448722,0.0193034950893105,0.216667034732353,0.360855187922979
"saving_rate","real_house_price_growth",7,0.114862727611607,0.072982666754534,0.00832699873638032,0.020301640779021,0.220018265279995,0.355554528539735
"saving_rate","real_house_price_growth",8,0.11527024808665,0.0717011861525548,0.00862805895607386,0.0213300803264691,0.223716834253998,0.353328582039572
"saving_rate","real_house_price_growth",9,0.115424853499257,0.0707659916552693,0.00886397165543599,0.0223138381925092,0.22459879595636,0.355184606502424
"saving_rate","real_house_price_growth",10,0.115620438346066,0.0702656813765984,0.00889207330850123,0.0224627235250698,0.227024998258283,0.353988673268662
"saving_rate","real_house_price_growth",11,0.11569603675464,0.0689662889629036,0.00944404480154932,0.0230404568025893,0.224438573470307,0.357483879501242
"saving_rate","real_house_price_growth",12,0.115735377636543,0.068301309435723,0.00934310673685985,0.0232340756592026,0.226713095305126,0.369811145524349
"saving_rate","real_house_price_growth",13,0.115715200891449,0.0678710611928852,0.00940922338639958,0.0232660462505331,0.223114734423153,0.374030325483015
"saving_rate","real_house_price_growth",14,0.115693492403975,0.0684776953116638,0.00947270574946713,0.0237921577372569,0.221029635644341,0.370721175383223
"saving_rate","real_house_price_growth",15,0.115653524265674,0.068494535174103,0.00935139421040848,0.0243019192901154,0.221280845547978,0.378249807130421
"saving_rate","real_house_price_growth",16,0.115601809871339,0.0691580330748001,0.00956625116865846,0.0246801549739273,0.221242099256136,0.372997508697146
"saving_rate","real_house_price_growth",17,0.11552227486962,0.0692976148490669,0.00979989476150451,0.0248679441997665,0.219763680336538,0.374511838692283
"saving_rate","real_house_price_growth",18,0.115440001328084,0.0707596376207685,0.0101594118768224,0.0249165109484073,0.217524646678031,0.369272602333421
"saving_rate","real_house_price_growth",19,0.115343493825836,0.0708066052461677,0.0101223080977393,0.0252725967870924,0.215541346986514,0.364225978828748
"saving_rate","real_house_price_growth",20,0.1152458172446,0.0709854357105632,0.0102395515927408,0.0253179588771248,0.218263259344927,0.360550891598746
"saving_rate","real_house_price_growth",21,0.115130185550631,0.0727671526000982,0.0101274180932389,0.0250450376833361,0.218235251406538,0.361157720270178
"saving_rate","asset_liability_ratio",1,0.116064116681228,0.0617526665674073,0.000636574596941641,0.00484399711854474,0.236222906371885,0.410633027431765
"saving_rate","asset_liability_ratio",2,0.115266141675751,0.0658204999440904,0.00300230466960336,0.0104351946830811,0.229695754699883,0.403857051583616
"saving_rate","asset_liability_ratio",3,0.11432395095593,0.0654484840247738,0.00604675864389573,0.0138866663094374,0.221915808541391,0.39388732363099
"saving_rate","asset_liability_ratio",4,0.113863770593688,0.0651153539884688,0.00704230699501238,0.0160894866457167,0.222698411688983,0.391671603999872
"saving_rate","asset_liability_ratio",5,0.11428536434559,0.0635753321963808,0.0082953369615736,0.0177033537323853,0.226112723622314,0.388518016909074
"saving_rate","asset_liability_ratio",6,0.114264197123802,0.063012623635597,0.00845469507630462,0.0183597085647726,0.231545719232757,0.382188542251607
"saving_rate","asset_liability_ratio",7,0.11461774678505,0.0637189914265983,0.00911191786049309,0.018761437453708,0.229206620623761,0.376952175711765
"saving_rate","asset_liability_ratio",8,0.114733025736226,0.0643653321258453,0.00921745732014527,0.019408110586269,0.227871725690483,0.367335747202559
"saving_rate","asset_liability_ratio",9,0.114943728753796,0.0655012176556897,0.00980051183053776,0.0191812089346012,0.224747039507656,0.368039388353453
"saving_rate","asset_liability_ratio",10,0.114993817016702,0.064805471583646,0.00948061967013154,0.0191743324290502,0.226651805455201,0.372180428564821
"saving_rate","asset_liability_ratio",11,0.115057762482333,0.0653466660892395,0.00970187428668702,0.0191116066916577,0.226424703497821,0.374220197646042
"saving_rate","asset_liability_ratio",12,0.11502665559586,0.0669701856993265,0.00995823645282314,0.0192082416368855,0.226363835271908,0.37397611228759
"saving_rate","asset_liability_ratio",13,0.114990272440084,0.0677118185609054,0.00992628690881315,0.0193529503875992,0.226537283932617,0.374075312251823
"saving_rate","asset_liability_ratio",14,0.114897456737707,0.0681571708242305,0.00998443403650096,0.0199427815564273,0.223141594466261,0.368680065927195
"saving_rate","asset_liability_ratio",15,0.114820149977132,0.0687698098234699,0.0101360419952297,0.0200386768238779,0.223242619332651,0.369890367469254
"saving_rate","asset_liability_ratio",16,0.114722439188628,0.0690318619760096,0.0101140492908497,0.0204802639834134,0.222151331047251,0.370106027464406
"saving_rate","asset_liability_ratio",17,0.114643537568886,0.0698613749688615,0.0102871909146324,0.0210817831611352,0.220483178386232,0.368668331353433
"saving_rate","asset_liability_ratio",18,0.114551737024854,0.0711302597542705,0.0104381469906376,0.0215580497090622,0.217443798216462,0.367059668431347
"saving_rate","asset_liability_ratio",19,0.114491342517681,0.0715329445630259,0.0106577527653039,0.022320981134423,0.223833790217058,0.362651474976766
"saving_rate","asset_liability_ratio",20,0.114423620742599,0.071930608907103,0.0107864511307981,0.0225662776525098,0.222835405700154,0.359638271879195
"saving_rate","asset_liability_ratio",21,0.114372072365197,0.072469504298491,0.0104717667442972,0.0228794781020643,0.220650808930594,0.355092503979526
"policy_rate","gdp_growth",1,0.108770320899027,0.0585227227231407,0.000488964745563506,0.00657863021315801,0.227841839764411,0.375991145304909
"policy_rate","gdp_growth",2,0.11473554909224,0.0656708780883104,0.00199443416361245,0.00836366796321399,0.240528357531036,0.395742650852523
"policy_rate","gdp_growth",3,0.118438450333019,0.0696438834710889,0.00277235702826394,0.00963008464751916,0.245654500289229,0.402730733048901
"policy_rate","gdp_growth",4,0.11983091594894,0.0700004715599744,0.00316141710830508,0.0102056770272764,0.247490592477867,0.402546119530218
"policy_rate","gdp_growth",5,0.120433670570181,0.0701958091647099,0.00406116924221107,0.0117106262985476,0.244132736280218,0.398478031262601
"policy_rate","gdp_growth",6,0.120860913010487,0.0721276522011492,0.00481663099317572,0.0128620238792186,0.244247133566474,0.412523520056731
"policy_rate","gdp_growth",7,0.120980456909421,0.0719932057774081,0.00553528067050772,0.0139338542666702,0.24450092004599,0.406936259886747
"policy_rate","gdp_growth",8,0.120834793732195,0.0718535797270097,0.00576878833116484,0.0147865083454236,0.247167548551322,0.404072890480707
"policy_rate","gdp_growth",9,0.120548472480491,0.072628478166545,0.0060393700700833,0.016051368865351,0.239532476067211,0.403790814370346
"policy_rate","gdp_growth",10,0.120213601393812,0.0723823461421477,0.00668461290788527,0.0175812850082601,0.237954750866914,0.402538332650145
"policy_rate","gdp_growth",11,0.119863499499496,0.0740454117226244,0.00688494263034771,0.0188982776634004,0.23831078037452,0.385592659787899
"policy_rate","gdp_growth",12,0.119540757667692,0.0743569389062679,0.00722886266970667,0.0198129605719989,0.242032895217875,0.38076088634767
"policy_rate","gdp_growth",13,0.11926299728379,0.0753840591468132,0.00758707898124044,0.0203517160847134,0.241900087427685,0.379732000479351
"policy_rate","gdp_growth",14,0.11904096178201,0.0763505099370825,0.00775881038901731,0.0208884910655658,0.239897132186274,0.375233076929519
"policy_rate","gdp_growth",15,0.118879651634367,0.0775287968407468,0.00785120896525426,0.021913009859499,0.236662448333597,0.375955859276499
"policy_rate","gdp_growth",16,0.118777953615058,0.078819321160963,0.00822860538980283,0.0229271950734174,0.233693782500463,0.373022563346377
"policy_rate","gdp_growth",17,0.118719789626808,0.0808724410118638,0.00868083621311476,0.0233551301895478,0.231347661662936,0.368171536311471
"policy_rate","gdp_growth",18,0.118691597060468,0.0821560622291782,0.00889112815451852,0.0237432552751897,0.231781448844034,0.363450209240305
"policy_rate","gdp_growth",19,0.118684208746184,0.0821053276739716,0.00892153699962968,0.0241205981751184,0.231855061374773,0.361783345722865
"policy_rate","gdp_growth",20,0.118691811618421,0.0827580721190873,0.00899634181523016,0.0244274450932985,0.228685016095627,0.360034864170319
"policy_rate","gdp_growth",21,0.118708945152876,0.0834811611280098,0.00899264102643949,0.0252682928793593,0.226029358799597,0.356753408480464
"policy_rate","consumption_growth",1,0.105048096247719,0.0585300638823635,0.000469292336669316,0.00553729515822857,0.218269748535838,0.369094616889189
"policy_rate","consumption_growth",2,0.109196604502046,0.0589631703284993,0.00213150127231639,0.00711538569193159,0.224138733761754,0.371989069737463
"policy_rate","consumption_growth",3,0.111613100691219,0.0604831487989304,0.00267563756018945,0.00923504370930352,0.229394425097783,0.388411458936364
"policy_rate","consumption_growth",4,0.113274179987583,0.0597060430127335,0.00261785446071075,0.0105714327025596,0.225599679399698,0.388091389223514
"policy_rate","consumption_growth",5,0.114537403367689,0.0623757538896968,0.00314191257447162,0.0122442202886019,0.221861261389431,0.386124931560067
"policy_rate","consumption_growth",6,0.115437325469675,0.0636010870928733,0.0035890621413829,0.0131042105100015,0.225688198732296,0.393782245660943
"policy_rate","consumption_growth",7,0.116009129425159,0.0659465194707729,0.00409839033806241,0.0132580335457713,0.229705152475167,0.387022877158486
"policy_rate","consumption_growth",8,0.116380793645915,0.0656225523978057,0.0042885453239045,0.0133504644061519,0.233625450494121,0.396677057845294
"policy_rate","consumption_growth",9,0.116640861512104,0.0674456112615936,0.00469435535443375,0.0131904528229746,0.231916527005158,0.392403558044412
"policy_rate","consumption_growth",10,0.116835988578556,0.0688152018827716,0.00524847395843973,0.0143448781134349,0.234149349678804,0.385852739270936
"policy_rate","consumption_growth",11,0.116981601888007,0.0703539382871358,0.00581291418907266,0.0158801646966631,0.230801837901895,0.375769204833202
"policy_rate","consumption_growth",12,0.117095559795564,0.0723811775116639,0.00657144753770791,0.0162858389479482,0.22944112492494,0.3752706662689
"policy_rate","consumption_growth",13,0.117199095686257,0.0722024004776226,0.00685508160600435,0.016683457598604,0.227621790696533,0.370618634726384
"policy_rate","consumption_growth",14,0.117286121975991,0.0720988949924722,0.00711382593082767,0.0179234977676056,0.228697547493895,0.37598709181281
"policy_rate","consumption_growth",15,0.117353110800146,0.073331582499371,0.00718218433141355,0.0182957298388342,0.229761101910581,0.371288273228197
"policy_rate","consumption_growth",16,0.117391262347241,0.0734699629305003,0.00703625682412887,0.0192601162171383,0.228021709610303,0.365696169973978
"policy_rate","consumption_growth",17,0.117405248017197,0.0738250109582613,0.00716986641255722,0.0199053408200152,0.226061201503281,0.363054604266382
"policy_rate","consumption_growth",18,0.117399460631115,0.075107452692423,0.00732818920667434,0.0203494053567134,0.224302344348539,0.357277297537289
"policy_rate","consumption_growth",19,0.117382666078444,0.0766690319034135,0.00761133571894886,0.0206160903776953,0.224041336237099,0.354053590707633
"policy_rate","consumption_growth",20,0.11735963631957,0.077386666506523,0.00778438822696549,0.0212765591914245,0.222322619165663,0.351845404806708
"policy_rate","consumption_growth",21,0.117342458129171,0.0776761110248456,0.00802193369196901,0.0220157264278471,0.220659432735571,0.349374496892567
"policy_rate","cpi_growth",1,0.111844889990972,0.0627116015496051,0.000541801843094404,0.00613893936570236,0.233885619717308,0.389311059296094
"policy_rate","cpi_growth",2,0.11709378413621,0.062970054077496,0.00247177646122886,0.00965297340388811,0.243942239728309,0.403067318324722
"policy_rate","cpi_growth",3,0.119309614810559,0.0611327070447512,0.00347088056497572,0.0118854076259901,0.250148760713301,0.403037492110664
"policy_rate","cpi_growth",4,0.120138723839536,0.0654778964373132,0.00467358894273999,0.0124144764379624,0.242299008296121,0.404954335704147
"policy_rate","cpi_growth",5,0.120751935529914,0.0699051482089131,0.00549241435778821,0.0130683064472293,0.245325151773189,0.405265214440401
"policy_rate","cpi_growth",6,0.12109274336807,0.070434244202014,0.00588420101032259,0.0144588732130549,0.242301983288295,0.405859271494639
"policy_rate","cpi_growth",7,0.121196107372702,0.0698945590216003,0.00573559507332006,0.0157237750178474,0.240474113773461,0.407409258950778
"policy_rate","cpi_growth",8,0.121154972339828,0.0724495605709068,0.00610148725210143,0.0165725368162877,0.232222527094176,0.416604036387498
"policy_rate","cpi_growth",9,0.121057129253965,0.0741378262133804,0.00645909676303873,0.0174731788645435,0.233485581648087,0.418414439121237
"policy_rate","cpi_growth",10,0.120878771263642,0.0733762191681668,0.00652923916272127,0.0178553191599255,0.230967675666136,0.413263028564557
"policy_rate","cpi_growth",11,0.12066181160006,0.0749726756825215,0.0068418960570946,0.0188195272341772,0.229350183765705,0.410999369793422
"policy_rate","cpi_growth",12,0.120458459929686,0.0746072790943604,0.0067601342551842,0.0194541026599803,0.228446776191733,0.405179608983104
"policy_rate","cpi_growth",13,0.12029268808394,0.0759233402748052,0.0071641720907992,0.0205075375405557,0.225191906702462,0.397852948279706
"policy_rate","cpi_growth",14,0.120150549923834,0.0776808657514735,0.00746546771269972,0.0217865335621015,0.223475210236847,0.388946631140413
"policy_rate","cpi_growth",15,0.120037863911868,0.0777137113580461,0.00788226463317952,0.02225641563017,0.22066096683592,0.386860474731281
"policy_rate","cpi_growth",16,0.119964105589944,0.0790113759060723,0.00812342335893364,0.0228329288110838,0.219436819493218,0.385218121881222
"policy_rate","cpi_growth",17,0.11992490994533,0.0809047478189212,0.00821395067037525,0.02329777656578,0.216977022107818,0.37770300853542
"policy_rate","cpi_growth",18,0.119898877914307,0.0819470296731796,0.00866214084907083,0.0237133198704101,0.214539342209495,0.370511824815012
"policy_rate","cpi_growth",19,0.119881337935962,0.0820591931251222,0.00918824707614413,0.0238128642054912,0.213367407949789,0.367227431859461
"policy_rate","cpi_growth",20,0.119869386881539,0.0836224429008539,0.00939266513709578,0.0240399535548328,0.213395162143209,0.366606424766707
"policy_rate","cpi_growth",21,0.119864154400128,0.0844255909846918,0.00946695370739941,0.0240020201785024,0.211558698613415,0.364333435476635
"policy_rate","saving_rate",1,0.108337293672238,0.0576601499656133,0.000586991859637544,0.00507478745252839,0.218614342407013,0.4035353447167
"policy_rate","saving_rate",2,0.113518421628492,0.0628264535476041,0.00173148453549307,0.00855196335557866,0.230655048582372,0.419607884291403
"policy_rate","saving_rate",3,0.117625994413292,0.0652652990465446,0.00237008294279384,0.0091700963899864,0.235288712266847,0.420204177211784
"policy_rate","saving_rate",4,0.120238150435286,0.0660052912331326,0.00267659985430392,0.0102741948926414,0.241725882991308,0.41813058711079
"policy_rate","saving_rate",5,0.121723424139672,0.0668168668227647,0.00325576115044613,0.0113785161890599,0.250207161018247,0.417758492218566
"policy_rate","saving_rate",6,0.122466043100081,0.0693479218990955,0.00360442362155827,0.0128203655661274,0.245558930867854,0.419632744032377
"policy_rate","saving_rate",7,0.122641899881291,0.0681350406922091,0.00399054099438835,0.0135033898578188,0.243839024292808,0.420778892370131
"policy_rate","saving_rate",8,0.122477379173826,0.0691725321901566,0.00449955443611332,0.0143329409917831,0.243040084375773,0.414213633975825
"policy_rate","saving_rate",9,0.122050617088829,0.070213732004761,0.0046703234237182,0.0153360025862661,0.237863086838417,0.405289765915969
"policy_rate","saving_rate",10,0.121475807823891,0.0688434489395706,0.00518108986241005,0.0160409394153678,0.239602563676346,0.399656563209174
"policy_rate","saving_rate",11,0.120838435102195,0.0701412793321084,0.00560183077497682,0.0166182605139737,0.237392394039244,0.401006014334324
"policy_rate","saving_rate",12,0.120185520307852,0.0699928994660998,0.00592403307190217,0.017026462176357,0.235194962109402,0.398964289319816
"policy_rate","saving_rate",13,0.119557463128812,0.0719547845064125,0.00640791008156962,0.0174261657170879,0.234105481763221,0.386198864449071
"policy_rate","saving_rate",14,0.118970822591881,0.0736282879824721,0.00666602653846045,0.0177104051066587,0.232823467834669,0.382669248461481
"policy_rate","saving_rate",15,0.118444905497726,0.0748523828263121,0.00730917454223098,0.018820531336937,0.229250731563081,0.378826553028304
"policy_rate","saving_rate",16,0.117985270664565,0.0758670440981781,0.00772381283969396,0.0192787910782507,0.228087048569868,0.371448601716417
"policy_rate","saving_rate",17,0.117602909042208,0.0760566033395517,0.00815368777071673,0.0198309126899558,0.224712596923214,0.366810083164194
"policy_rate","saving_rate",18,0.117291484194693,0.0768356341319453,0.00849383640735425,0.0203841738015097,0.222099414008057,0.365075932683773
"policy_rate","saving_rate",19,0.11704529210521,0.0783101388426506,0.00932501214973814,0.0207921280160409,0.219800639695824,0.358704085232993
"policy_rate","saving_rate",20,0.116848878098808,0.0789047418548302,0.00940151153514818,0.0210363771300603,0.218762771984026,0.354654432954486
"policy_rate","saving_rate",21,0.116694271064325,0.0797564065216453,0.00973911933459553,0.021539497452637,0.216497835388895,0.351550952247859
"policy_rate","policy_rate",1,0.146693941562741,0.10288372123094,0.0067438202072563,0.0279958437583611,0.275096439419138,0.444447994984
"policy_rate","policy_rate",2,0.10888678322371,0.0696951051796493,0.00465314419263041,0.0150206975151854,0.209748584849759,0.356693580676232
"policy_rate","policy_rate",3,0.085510135070925,0.0505874315928267,0.00406616924840694,0.0106945503327523,0.165078938410939,0.291858320470227
"policy_rate","policy_rate",4,0.0719157146658549,0.0394316554782146,0.00449914975064587,0.0104450149767469,0.139008736489408,0.25332308304957
"policy_rate","policy_rate",5,0.0630248174369753,0.0352363055039917,0.00434498887389227,0.0102447634830281,0.122210163577065,0.226254826779956
"policy_rate","policy_rate",6,0.0575641169684635,0.0344445124727209,0.00418205902536729,0.0105500476091982,0.103221884140006,0.199246973593146
"policy_rate","policy_rate",7,0.0550474791450864,0.0354967741093221,0.00509067342449401,0.0114526926298222,0.0952254349595727,0.184410505955042
"policy_rate","policy_rate",8,0.0545320758101268,0.0364975665848861,0.00569536439169043,0.0128313370065528,0.0941920006504105,0.168258939711504
"policy_rate","policy_rate",9,0.0551770088101668,0.0382618211772698,0.00584726361830816,0.0128368594627234,0.0981008138693362,0.160659272202515
"policy_rate","policy_rate",10,0.056538389395551,0.0394227184038671,0.00583213076015321,0.0133591502199051,0.0980868379933948,0.166956644172605
"policy_rate","policy_rate",11,0.0582084826881753,0.0401786480080027,0.0060331211871101,0.0141303037605538,0.101105341288667,0.171052565814411
"policy_rate","policy_rate",12,0.0598271464483766,0.0412066530112038,0.00603729779648667,0.0146674133973655,0.105464568732431,0.173963823282145
"policy_rate","policy_rate",13,0.0612550177293672,0.0432658501133973,0.0062928635714252,0.0153737028651945,0.107292568351919,0.175494015844364
"policy_rate","policy_rate",14,0.0624824030218567,0.0439418656883851,0.00636369263110604,0.0159613694421401,0.109086630873524,0.182009324724436
"policy_rate","policy_rate",15,0.0634873300144512,0.0449918067187696,0.00678972483103026,0.0163159026913702,0.111693674493913,0.183035485177585
"policy_rate","policy_rate",16,0.0642605476283115,0.0460906290271411,0.00668845417234857,0.0166284331775687,0.111884482103594,0.183538143128537
"policy_rate","policy_rate",17,0.0648542228106375,0.0473342673358843,0.00672794187471133,0.0165013416700711,0.113615536537111,0.183469367249403
"policy_rate","policy_rate",18,0.0653290382680407,0.0483897499842949,0.00699760262904633,0.0167565636281263,0.114253594892512,0.183191350531163
"policy_rate","policy_rate",19,0.0657166202742844,0.0485251828376384,0.00723807004421238,0.0175519696261725,0.116503095962914,0.183133305345439
"policy_rate","policy_rate",20,0.0660348501192938,0.0491073072842255,0.00735910502815586,0.0179638447773798,0.116231319021065,0.181846404342409
"policy_rate","policy_rate",21,0.0663023186609461,0.0485520970941021,0.00768828453926889,0.0184993024324618,0.115651384487695,0.182017523810439
"policy_rate","interest_burden",1,0.106096588651896,0.057450586945967,0.000514374176360874,0.00592956413366064,0.224641047928703,0.364414442474661
"policy_rate","interest_burden",2,0.11143379024206,0.0617515660136365,0.0024931929598295,0.00848776301962443,0.235796033819856,0.377525067369809
"policy_rate","interest_burden",3,0.114701547765648,0.061472965467301,0.00295647052230605,0.00961500170365537,0.242732173655928,0.386864043681452
"policy_rate","interest_burden",4,0.116810947129368,0.0636171087887,0.00362322217662548,0.0115293147476164,0.239876624010404,0.394037255740428
"policy_rate","interest_burden",5,0.118263619008951,0.0633686138704646,0.00442096353512056,0.0120176526464719,0.24098948236237,0.407525395622937
"policy_rate","interest_burden",6,0.119246407350782,0.0642018905122243,0.00457860655125411,0.0125014115703858,0.237037460875414,0.417314603064233
"policy_rate","interest_burden",7,0.119806396421029,0.0642043829118143,0.0049413167493423,0.0126950093884787,0.24163972924033,0.418400967315646
"policy_rate","interest_burden",8,0.120078926818404,0.0677369191919457,0.00577647944141119,0.0130222819785968,0.233951162709723,0.417548472587723
"policy_rate","interest_burden",9,0.120165313545341,0.0697257782769653,0.00588355109674246,0.0146091965937624,0.233154640728418,0.421426080124745
"policy_rate","interest_burden",10,0.120080747949696,0.0703295614108621,0.00646370393907832,0.0154651276615967,0.229161213296438,0.421264930456532
"policy_rate","interest_burden",11,0.119881032273518,0.0705936698987709,0.00670401713433609,0.0164778629277395,0.23021232047283,0.412560324330645
"policy_rate","interest_burden",12,0.119618774709126,0.07140519214012,0.00701376595303542,0.0172963398523659,0.227640302584707,0.406946482315598
"policy_rate","interest_burden",13,0.119323486945149,0.0718005257632812,0.00795686032161448,0.0180066771216492,0.224294280391355,0.392497978065262
"policy_rate","interest_burden",14,0.119020696378966,0.0721819445688035,0.00831884910488831,0.0182449078342569,0.221535650985597,0.38210435266311
"policy_rate","interest_burden",15,0.11873254038392,0.0737127756846319,0.00824893515227846,0.018693063408791,0.221240931882016,0.37549075320078
"policy_rate","interest_burden",16,0.118479499288443,0.0738700288839153,0.00829684854065198,0.0190155094464045,0.222169783816914,0.375346951721014
"policy_rate","interest_burden",17,0.118267590856695,0.0750946655014251,0.00837112967626239,0.0202412264279711,0.220588020881205,0.373437587102547
"policy_rate","interest_burden",18,0.118101241129194,0.0764565535784526,0.00858765433040193,0.0209386942508919,0.219144231317226,0.372025695663115
"policy_rate","interest_burden",19,0.117972036663029,0.0765407520752521,0.00883057722595732,0.0216273274993734,0.218868129311484,0.370826398537653
"policy_rate","interest_burden",20,0.117875813040181,0.076569633322862,0.00915989182013147,0.0216388688391002,0.220614984413408,0.368087779333697
"policy_rate","interest_burden",21,0.117800887909579,0.0765858758557465,0.00945352734946874,0.0220504740067414,0.219183236723536,0.362221680241073
"policy_rate","debt_growth",1,0.107855603868851,0.0606704095588391,0.000663210387129462,0.00410728980461831,0.222618463604437,0.384440905082833
"policy_rate","debt_growth",2,0.111200951621267,0.0623484587430242,0.00155740693502057,0.00749567461718651,0.230436436094985,0.379891871287399
"policy_rate","debt_growth",3,0.113527875557296,0.0675111386869148,0.00238155350699989,0.00916246849890895,0.235671669115657,0.382738687773681
"policy_rate","debt_growth",4,0.115273059078972,0.0701363382737589,0.00323846119330577,0.0109683071590666,0.238026321976511,0.377969825026781
"policy_rate","debt_growth",5,0.116382301107388,0.0708918139944378,0.00335666004173583,0.0123612952619576,0.234149136897016,0.367898570573504
"policy_rate","debt_growth",6,0.117105349619697,0.0743411130486864,0.00350469666375358,0.0129812173433934,0.234314171414288,0.364410258020934
"policy_rate","debt_growth",7,0.117383275929467,0.0750404162049502,0.00391837353610599,0.01352379541662,0.237339311552949,0.36488550290048
"policy_rate","debt_growth",8,0.117447817137936,0.0780314155060459,0.00451023434560273,0.0141103219624086,0.236807426857449,0.357063874735846
"policy_rate","debt_growth",9,0.117369121168789,0.0782949807101885,0.00477821027585687,0.0152066428866696,0.230999624132908,0.354564395058938
"policy_rate","debt_growth",10,0.117254434701132,0.0775920755349412,0.00519457344074745,0.0161924713276434,0.230122694436526,0.356788734783453
"policy_rate","debt_growth",11,0.117124486968328,0.0798133703140912,0.00549653078948929,0.0167451750137894,0.229342861551681,0.353695939968395
"policy_rate","debt_growth",12,0.117029224005746,0.0802331033323288,0.00576501679964084,0.0179593343145185,0.226654233222326,0.347181193674131
"policy_rate","debt_growth",13,0.116955480014205,0.0803936410086643,0.00624304496988776,0.0184849345043419,0.226624910381529,0.338877998557397
"policy_rate","debt_growth",14,0.116904985167877,0.0819158442412791,0.00650709329833584,0.0194932267364374,0.22341755135234,0.338326548875474
"policy_rate","debt_growth",15,0.116856928739612,0.0820851422292978,0.00693250988027078,0.0201147536705792,0.218113308445913,0.335483203059238
"policy_rate","debt_growth",16,0.11681511778259,0.0824783573052795,0.00779205948040372,0.0208414541551124,0.217400280318547,0.335102112359552
"policy_rate","debt_growth",17,0.116758165012913,0.0827823249748077,0.0083425958604952,0.0218337615618389,0.216655397096212,0.332190828491603
"policy_rate","debt_growth",18,0.116691262316264,0.084433457477344,0.00856630448682882,0.0224511941849148,0.216551936850175,0.328308404986475
"policy_rate","debt_growth",19,0.116612435740678,0.0859567929914478,0.00896418667249515,0.0231199238890216,0.216251387079897,0.327014719546743
"policy_rate","debt_growth",20,0.116531057004047,0.0862789635268311,0.00930914999719979,0.0236457578979767,0.215522067112698,0.325357687242765
"policy_rate","debt_growth",21,0.116440664107208,0.0863579082637725,0.00957116102214571,0.0240039288054594,0.215384645644085,0.322755300761231
"policy_rate","real_house_price_growth",1,0.106461491744874,0.0576807931672273,0.000470258485693617,0.00573536545720979,0.216640548457366,0.388532945933363
"policy_rate","real_house_price_growth",2,0.111389477513207,0.0632804191768036,0.00164304687568937,0.00698306223333522,0.223909966994582,0.388025982442773
"policy_rate","real_house_price_growth",3,0.113714571473611,0.0611776621388577,0.00213657093748562,0.00962300966499445,0.226362130631028,0.387290649172919
"policy_rate","real_house_price_growth",4,0.114871440593175,0.0649915774036334,0.00278257246227689,0.0105550352176073,0.224726054710463,0.392120811850926
"policy_rate","real_house_price_growth",5,0.11534152827997,0.0648830742415886,0.00368359087472259,0.0109836209631917,0.231140436804574,0.394406558624973
"policy_rate","real_house_price_growth",6,0.115335213847305,0.0654936112875789,0.00470588246400377,0.0131319422761842,0.226362847262678,0.402944445855153
"policy_rate","real_house_price_growth",7,0.115148509922289,0.0672247231321252,0.00518417823500856,0.0143765419197512,0.224078782385677,0.397240035873848
"policy_rate","real_house_price_growth",8,0.114821858480701,0.0679494563357154,0.00538703848563883,0.0151233629702841,0.227753088930801,0.396765722275331
"policy_rate","real_house_price_growth",9,0.114451319070848,0.0695682157693353,0.00537560049702898,0.0155582851563962,0.225438016008119,0.395667074776832
"policy_rate","real_house_price_growth",10,0.114077331212005,0.0689246743168617,0.0055752517596875,0.0160941532275125,0.22298289886605,0.388714502352871
"policy_rate","real_house_price_growth",11,0.113777060739537,0.0695254298964467,0.00621387717779379,0.0164139458070118,0.216880059595134,0.386086585738701
"policy_rate","real_house_price_growth",12,0.11356896336515,0.070823198738034,0.00665013027414649,0.0178081459768268,0.216934031203168,0.379174915669453
"policy_rate","real_house_price_growth",13,0.113445255711535,0.0722496779999091,0.00678542385605704,0.0191031408553896,0.217437031694157,0.372105026981294
"policy_rate","real_house_price_growth",14,0.113385071697547,0.073829787820817,0.00697507511449576,0.0194273932498161,0.215487980993943,0.368233857044341
"policy_rate","real_house_price_growth",15,0.11338602290752,0.0749484224305526,0.00745748752398454,0.020299517440248,0.213800564945502,0.365961427067216
"policy_rate","real_house_price_growth",16,0.113426724868288,0.0758221592530365,0.0078535077312392,0.0203860431445189,0.212842407860708,0.364556291119603
"policy_rate","real_house_price_growth",17,0.113493391565516,0.0763317781947355,0.00815355906646784,0.0205129474010998,0.209497241998874,0.360456520055859
"policy_rate","real_house_price_growth",18,0.113562558373898,0.0776542797466869,0.00870071582449258,0.0207194617783019,0.211596193346006,0.361916197288656
"policy_rate","real_house_price_growth",19,0.113627399373672,0.0784005743086225,0.0087289580416155,0.0214469380876018,0.209748161234644,0.361571155023062
"policy_rate","real_house_price_growth",20,0.113679697525406,0.078445883536816,0.00892249429646468,0.0218164565119635,0.206139621048529,0.360486366620024
"policy_rate","real_house_price_growth",21,0.113722307141419,0.0787568508521677,0.00919298198020964,0.0225998577136709,0.206643896088618,0.360824973552511
"policy_rate","asset_liability_ratio",1,0.0988917733616828,0.0475706939466333,0.000520582559221945,0.004424837439751,0.211551974346867,0.356231685741909
"policy_rate","asset_liability_ratio",2,0.102544638040769,0.0519206205630373,0.00195712841377353,0.00695272972795334,0.220417082337533,0.366883142176331
"policy_rate","asset_liability_ratio",3,0.105558709884431,0.0566959428026799,0.00253346337093119,0.00909267411089699,0.219552922799341,0.378427847283213
"policy_rate","asset_liability_ratio",4,0.107646868321287,0.0589481883967519,0.00295446952492748,0.0104499512090504,0.220920503000277,0.379532124844722
"policy_rate","asset_liability_ratio",5,0.10954130055926,0.0633500854815217,0.00337842140800233,0.0119603725393294,0.221366775584694,0.376129987304871
"policy_rate","asset_liability_ratio",6,0.110891887265439,0.0657099851991098,0.00362988529638996,0.0123410684517648,0.220146358360235,0.378076580906182
"policy_rate","asset_liability_ratio",7,0.111786744993556,0.0659427540904723,0.00373557284804857,0.0131486812472815,0.218639494076534,0.3762974457711
"policy_rate","asset_liability_ratio",8,0.112271382861068,0.0678535197504682,0.00433453755719574,0.0132047997609756,0.21411080697485,0.377088257073811
"policy_rate","asset_liability_ratio",9,0.112540157069465,0.0658871102290171,0.00517105145377435,0.0127839273517161,0.219337397318445,0.368048171176924
"policy_rate","asset_liability_ratio",10,0.112644927681716,0.0681041662897224,0.00521402674458565,0.0134049325460592,0.218955503528199,0.367308202241514
"policy_rate","asset_liability_ratio",11,0.112663589240684,0.0676783560204342,0.00554060400482837,0.0142484159282879,0.220971669853711,0.364961839067889
"policy_rate","asset_liability_ratio",12,0.112675593770808,0.0682337221087542,0.00576794931470039,0.0152983988124746,0.21941500512787,0.364173688347414
"policy_rate","asset_liability_ratio",13,0.112708515416945,0.0685043505622,0.00632722968278472,0.0160083013866171,0.220482147251504,0.36373447361723
"policy_rate","asset_liability_ratio",14,0.112758387460037,0.068544577691467,0.00678659156336514,0.0167262039565196,0.2222923722567,0.361866207949793
"policy_rate","asset_liability_ratio",15,0.11282164611039,0.069813135452656,0.00703928277012897,0.0174096341599817,0.223145109324854,0.358761517043191
"policy_rate","asset_liability_ratio",16,0.112899518215557,0.0714856631044771,0.00701651463384248,0.0182030982591045,0.220341913824618,0.36069040312301
"policy_rate","asset_liability_ratio",17,0.112973773122695,0.0730509704885038,0.00736041306880265,0.0186837462891321,0.219312849590758,0.355312512473707
"policy_rate","asset_liability_ratio",18,0.11303448011202,0.073493833446461,0.00768955933940029,0.0186767196619826,0.218710166105206,0.349154781907016
"policy_rate","asset_liability_ratio",19,0.113078003082536,0.0742141076459506,0.0079112851705758,0.0193855585086009,0.216848600829856,0.347687822990383
"policy_rate","asset_liability_ratio",20,0.113108869392735,0.0752868877064833,0.00809541306374501,0.0200461223008706,0.21526505243797,0.342815805505565
"policy_rate","asset_liability_ratio",21,0.113123993434348,0.076133886843195,0.00824270578366154,0.0208907518213957,0.212861111635891,0.337768958801204
"interest_burden","gdp_growth",1,0.0984467959956279,0.0483154919472313,0.000338129957661389,0.0044359058789046,0.212550205850122,0.356350820224507
"interest_burden","gdp_growth",2,0.106895586669494,0.0812211726721793,0.0056777770488908,0.0183457461107697,0.194485130062468,0.317478827565393
"interest_burden","gdp_growth",3,0.112453504120572,0.0868435500637921,0.0087319040668508,0.0257846595447925,0.203879545064004,0.336826751694788
"interest_burden","gdp_growth",4,0.115546176732219,0.0820187309271797,0.0102413572601312,0.0268741061331897,0.216884406154314,0.341968602575606
"interest_burden","gdp_growth",5,0.114951740927939,0.0772157490951952,0.0109767505570897,0.0249343214026501,0.217728704976009,0.349793385649864
"interest_burden","gdp_growth",6,0.115757779986,0.0779281334841298,0.0111406022227323,0.024679906795293,0.213208303890327,0.36518530622798
"interest_burden","gdp_growth",7,0.116474146834811,0.0749152981046975,0.0119185849360807,0.0242883146510215,0.216737145777588,0.3690052948708
"interest_burden","gdp_growth",8,0.116894472456194,0.0759311470947333,0.0117811356725724,0.0232737524616657,0.226389637078131,0.374085527072821
"interest_burden","gdp_growth",9,0.116817031984146,0.0736805155650356,0.0113636123723092,0.0234001641857563,0.224802509136732,0.377479296407553
"interest_burden","gdp_growth",10,0.11666660087229,0.0740946715298788,0.0113582199084225,0.0228485758355924,0.228439095871547,0.372927522160576
"interest_burden","gdp_growth",11,0.116559573043194,0.0732897800190434,0.0108194653693558,0.0222676458344586,0.229457612745389,0.370015869935604
"interest_burden","gdp_growth",12,0.116465360527821,0.0726632366888444,0.0105790335884596,0.022743024761721,0.228474762767623,0.36770742725428
"interest_burden","gdp_growth",13,0.116380820333279,0.0724244271295391,0.0108295365486329,0.0228618013779733,0.228303259786026,0.365774810482707
"interest_burden","gdp_growth",14,0.116298512451366,0.0736425509556945,0.0112331352741042,0.0236004773152191,0.228788927946574,0.361667869715205
"interest_burden","gdp_growth",15,0.116273706157802,0.0745168235844216,0.0114661803083892,0.0238021947669073,0.229273089355739,0.358359539132669
"interest_burden","gdp_growth",16,0.116286447484198,0.07557150401166,0.0118837076417405,0.0245355064032728,0.228518388747563,0.353882409728301
"interest_burden","gdp_growth",17,0.116371198903928,0.0762846901891767,0.0118729153954423,0.0246133897870265,0.225554560995648,0.352607370699127
"interest_burden","gdp_growth",18,0.116476611294135,0.0770399829519775,0.0120198192794781,0.0250644578788938,0.226137634343357,0.35468558513039
"interest_burden","gdp_growth",19,0.116586644089365,0.0769200064316687,0.0123511959358393,0.0259639941948283,0.22585296963492,0.351682895491464
"interest_burden","gdp_growth",20,0.116686499312754,0.0766341388867821,0.0125459434474853,0.0260557456689461,0.229113797068055,0.352708207916329
"interest_burden","gdp_growth",21,0.116809718580342,0.0778605186054218,0.0127337149927299,0.0262887128937273,0.228028171129152,0.35417938199168
"interest_burden","consumption_growth",1,0.0976580402284522,0.0506227791804936,0.000637225296181626,0.00460451525257293,0.1964140341623,0.349701800678211
"interest_burden","consumption_growth",2,0.107469024943839,0.0777426121461012,0.00812121770134726,0.0199772063069524,0.198159256592965,0.314280260478368
"interest_burden","consumption_growth",3,0.111034215717724,0.0797708270319501,0.010773177317509,0.0246894102011631,0.195030061109262,0.325553668066538
"interest_burden","consumption_growth",4,0.11282073633537,0.0744456017896862,0.0115955626378993,0.0248273362818693,0.207987044606733,0.342232021774153
"interest_burden","consumption_growth",5,0.113455044577054,0.0710495137271455,0.0119561625951586,0.0242254668118593,0.211862796158787,0.350141517239727
"interest_burden","consumption_growth",6,0.115490732408765,0.0711135141681027,0.0119606730256751,0.0223740507246465,0.221647524532608,0.374970300872187
"interest_burden","consumption_growth",7,0.116319464648313,0.0722296099693213,0.0116636676348819,0.0228750430968566,0.223829251485329,0.374746448862161
"interest_burden","consumption_growth",8,0.116802735200135,0.0712227438616437,0.0109319484637943,0.0217493742090087,0.225484283408206,0.381780851094453
"interest_burden","consumption_growth",9,0.117219269446509,0.0718888022334967,0.0107222117533735,0.0217181605816903,0.226611233529547,0.38792247275267
"interest_burden","consumption_growth",10,0.117661851942093,0.0722383346938919,0.0109273221901496,0.0215240728491535,0.224079685307556,0.38533310168996
"interest_burden","consumption_growth",11,0.117836019482124,0.072257171128924,0.0115872238037201,0.0218114806900678,0.219011087942681,0.384838193065725
"interest_burden","consumption_growth",12,0.117954309380464,0.0718829551820308,0.012197566549363,0.0219465515780176,0.219700391399969,0.392541916880865
"interest_burden","consumption_growth",13,0.118098870925241,0.0713811038124612,0.0121101698755583,0.0217838264193088,0.219937635618263,0.384583453566546
"interest_burden","consumption_growth",14,0.118181700209718,0.0730324348678303,0.0123389032659053,0.0218454878013852,0.221208997586312,0.384179996024747
"interest_burden","consumption_growth",15,0.118208533524177,0.0735106348521788,0.0123717084008906,0.0221457905952463,0.220737742215956,0.380780531133111
"interest_burden","consumption_growth",16,0.118197647008323,0.073616250978832,0.012065167847103,0.023007383457013,0.216728322578114,0.380129012391523
"interest_burden","consumption_growth",17,0.118176315108833,0.0736254763693349,0.0119221862817971,0.0232656626172261,0.2151091228488,0.375922601837782
"interest_burden","consumption_growth",18,0.118116546148746,0.074625715173246,0.011692955713088,0.023618262650262,0.214315558849481,0.373808357787697
"interest_burden","consumption_growth",19,0.118055255841597,0.0750783343159388,0.0116782653011589,0.0245092034378124,0.213646148693588,0.371815599473836
"interest_burden","consumption_growth",20,0.117973458145445,0.076122360101068,0.0118723352910278,0.0244909653388657,0.212830255807465,0.370417235967622
"interest_burden","consumption_growth",21,0.117888420558898,0.0766856480548234,0.0114862465208019,0.0245711490090582,0.212715999444735,0.371332142665242
"interest_burden","cpi_growth",1,0.0952414029501511,0.0481848219521562,0.000379144135908846,0.00474146503796345,0.196253451858804,0.339204984607674
"interest_burden","cpi_growth",2,0.107368265312324,0.0809278521794638,0.00726014282140071,0.0215063293155833,0.193649554195175,0.311626215769663
"interest_burden","cpi_growth",3,0.112865586151195,0.0814649356278298,0.0108403535900005,0.0256038309893119,0.210773737251259,0.316653492209544
"interest_burden","cpi_growth",4,0.11561046803489,0.0781594429113881,0.0117808199393346,0.0253932956306828,0.222530268209231,0.341723358711886
"interest_burden","cpi_growth",5,0.114952474065797,0.0745168282277948,0.0114070169868378,0.0254819964721672,0.214536865810913,0.346653069011999
"interest_burden","cpi_growth",6,0.117510898465089,0.072871650073902,0.0109827785722141,0.0249665549865949,0.218681186141631,0.355274602111132
"interest_burden","cpi_growth",7,0.118485532872045,0.0739054261345207,0.0113982650848991,0.0235722609585956,0.225314880436566,0.375787155772108
"interest_burden","cpi_growth",8,0.119226665133633,0.0758473833925701,0.0117160435046753,0.0228932054766427,0.21960531157387,0.370390378039556
"interest_burden","cpi_growth",9,0.119400564957247,0.0761422641459827,0.0125481597874256,0.0229261873712507,0.218301106609023,0.372789970980543
"interest_burden","cpi_growth",10,0.119741228190659,0.0778317887190702,0.0122194923199533,0.0233928661187476,0.218865321985053,0.370357568449495
"interest_burden","cpi_growth",11,0.119704244794167,0.0781418884995728,0.0121279937860764,0.0244951160927874,0.220675066488759,0.370668802053079
"interest_burden","cpi_growth",12,0.119779959890252,0.0785492204770262,0.0124178396639336,0.0243992266176134,0.221790816730326,0.369701837753467
"interest_burden","cpi_growth",13,0.119794405266715,0.0798322329815224,0.0123731563760708,0.0248760086186035,0.22358769378123,0.365281454050382
"interest_burden","cpi_growth",14,0.1198070853819,0.0804545340450335,0.012352177445404,0.024613247269749,0.222054389380409,0.362711078743723
"interest_burden","cpi_growth",15,0.119732232478132,0.0819948102096059,0.012251406639357,0.024762574854358,0.221217406034171,0.359343574869977
"interest_burden","cpi_growth",16,0.119757674678179,0.0834112464463849,0.0122878323563773,0.0245768163113132,0.217973408877805,0.355316224240182
"interest_burden","cpi_growth",17,0.119769054318027,0.0831792392736809,0.012427028881595,0.0249116954695813,0.217708740210958,0.351946117308991
"interest_burden","cpi_growth",18,0.119770138969537,0.08358923253988,0.0123322230928223,0.0246803041520831,0.216769936502094,0.350166267627254
"interest_burden","cpi_growth",19,0.119737740518154,0.0834393389613493,0.0122381045109841,0.0251318841137235,0.216718708078932,0.348761899066534
"interest_burden","cpi_growth",20,0.119763331203143,0.0847066221951734,0.0120115914698603,0.0259153638917804,0.215642534782262,0.349921901676946
"interest_burden","cpi_growth",21,0.119775341125378,0.0853513085349468,0.0122028953556797,0.026010547228669,0.216380076406698,0.347846961162152
"interest_burden","saving_rate",1,0.101224041464829,0.0516817570510638,0.000528838259370887,0.00595465803508897,0.19787113091842,0.370653797850884
"interest_burden","saving_rate",2,0.108916971360434,0.0817893544350421,0.00618538111015048,0.019292024167751,0.200670478689143,0.318563770253498
"interest_burden","saving_rate",3,0.113827036004898,0.087913953071764,0.00897761885270452,0.0234190357291917,0.205300671073038,0.32299658411781
"interest_burden","saving_rate",4,0.118047243283759,0.0848660003956968,0.0096792085546211,0.0223174279252696,0.21743612464622,0.339692399105696
"interest_burden","saving_rate",5,0.119117670559145,0.0813983889416725,0.0100838789524364,0.0232703309358593,0.227809910253264,0.352330812389035
"interest_burden","saving_rate",6,0.120932420245564,0.075432347491233,0.0114223479154006,0.0232628255170189,0.233851991872416,0.376301782091827
"interest_burden","saving_rate",7,0.121618391801437,0.075172432675383,0.0120368692490219,0.0234118959731057,0.232428131154388,0.380945083975592
"interest_burden","saving_rate",8,0.122047374660965,0.0734015090136996,0.010886458322798,0.0239831732622807,0.23312469057139,0.390501748735411
"interest_burden","saving_rate",9,0.1219405705658,0.0751175653871736,0.0110744100813705,0.0240094489843372,0.238004800351361,0.386170870788004
"interest_burden","saving_rate",10,0.121704613917871,0.0746032253368883,0.0112306196806502,0.0236296170267199,0.235757230673024,0.387909176381391
"interest_burden","saving_rate",11,0.121275908871482,0.0749224106701192,0.0111129763525165,0.0236849805323417,0.233787433417409,0.383041190209228
"interest_burden","saving_rate",12,0.120847498445049,0.0746470624595767,0.0113501752120267,0.0246953447348499,0.232241698360815,0.388071291528084
"interest_burden","saving_rate",13,0.120380184432771,0.0756712532564881,0.0115187673765028,0.0244770494133857,0.231125624600199,0.384448736671157
"interest_burden","saving_rate",14,0.119986642727649,0.0758920153759181,0.0118557826654924,0.024566015068394,0.232243333497626,0.3754084230631
"interest_burden","saving_rate",15,0.119584457874788,0.0758722008976454,0.0124890833192582,0.0249853795010736,0.23444074210668,0.369796846755723
"interest_burden","saving_rate",16,0.119238253753058,0.0765024065732657,0.0132610040836843,0.0252815486194694,0.232405506338461,0.36846714271819
"interest_burden","saving_rate",17,0.118873183265996,0.0765413828940412,0.0130856450080259,0.0256086500887984,0.229390328635573,0.366934260134571
"interest_burden","saving_rate",18,0.118604897359511,0.077257140293061,0.0132429759782773,0.0257110664357429,0.227852907728642,0.363133159646753
"interest_burden","saving_rate",19,0.118347747946429,0.0783471118750975,0.0132149335863005,0.0258619716937038,0.224057864018602,0.360859985657035
"interest_burden","saving_rate",20,0.118144815356126,0.0786813073504785,0.0134484027217739,0.0264293716078203,0.224780743754202,0.35996984109375
"interest_burden","saving_rate",21,0.117915871204568,0.0792238084878401,0.0134027912156526,0.0273727039895614,0.223218824617053,0.35923527209597
"interest_burden","policy_rate",1,0.209616387634907,0.162408611907137,0.00609433613395083,0.0305870379859606,0.409106822822152,0.568398896140033
"interest_burden","policy_rate",2,0.144000469035518,0.112480398521072,0.0120148717708185,0.0342507464283916,0.262530538355686,0.37749499225167
"interest_burden","policy_rate",3,0.110790824099398,0.0894350071478305,0.0137656764550473,0.0317925671119825,0.194350033121925,0.285878872537549
"interest_burden","policy_rate",4,0.0880920940249252,0.0706969640754495,0.0124072026644481,0.0269563914543952,0.151958394891269,0.230160087787087
"interest_burden","policy_rate",5,0.0847964096700411,0.0659807170421743,0.0122513466954782,0.0247423213907047,0.146681619380468,0.230206683582912
"interest_burden","policy_rate",6,0.0715120362640178,0.054967734936597,0.0130713278777304,0.0240765660893806,0.11904226937071,0.19128787193301
"interest_burden","policy_rate",7,0.0652344075489482,0.0506903627996399,0.0136720802718339,0.0236865523638296,0.103545198363132,0.168567871352267
"interest_burden","policy_rate",8,0.0616410301973232,0.0489211922099731,0.0138204571060319,0.0236236333285759,0.0971435152707592,0.156505480319193
"interest_burden","policy_rate",9,0.0604478271081788,0.0477683951746053,0.0139269314713875,0.023074946091532,0.0935758815438312,0.161298632344196
"interest_burden","policy_rate",10,0.0600570905116623,0.0474784842419771,0.0143161944046114,0.0228881815859029,0.091544550747354,0.160123466427263
"interest_burden","policy_rate",11,0.060860047577698,0.0483636056184637,0.0147634713951103,0.022659037691064,0.0951024801833117,0.159039904799715
"interest_burden","policy_rate",12,0.0618086808174947,0.0479800841164765,0.0148176384115174,0.0225278961395946,0.0978752767707212,0.15894936476987
"interest_burden","policy_rate",13,0.0625322714655305,0.047915742257627,0.0142452074673862,0.022587698277415,0.101994916176771,0.165477279911679
"interest_burden","policy_rate",14,0.063380173120027,0.0477322149896194,0.0141889569754425,0.0223257125689849,0.102952248563291,0.16468051030118
"interest_burden","policy_rate",15,0.0642488521867293,0.0476554471019762,0.0138819271664588,0.0226311269965766,0.104912634942977,0.1696626497173
"interest_burden","policy_rate",16,0.0649389558456246,0.0481060368179992,0.0138737858521539,0.0229674747878066,0.106812364900978,0.171687923061131
"interest_burden","policy_rate",17,0.0653910151260018,0.0478804894710747,0.0137011378785168,0.0232852414699548,0.10911660929922,0.170000063563534
"interest_burden","policy_rate",18,0.0657634065145552,0.0474058569001442,0.0133937439055446,0.0235496661570872,0.107999596487441,0.17146832601873
"interest_burden","policy_rate",19,0.0661199552454014,0.047408563909641,0.0133687381605138,0.0233856719198838,0.109396299897666,0.172607440706454
"interest_burden","policy_rate",20,0.0663803373122988,0.0479065884555169,0.0132810107708195,0.023557892063526,0.112468364442383,0.173464281177791
"interest_burden","policy_rate",21,0.0665888823999309,0.0481716533563883,0.0131514137602563,0.0236356882373174,0.112208021561489,0.175618221533757
"interest_burden","interest_burden",1,0.102261129041309,0.0570958171913341,0.000723182941244316,0.00589020772571384,0.20310566561659,0.376852600133182
"interest_burden","interest_burden",2,0.107221869374225,0.078679413941779,0.00558315571442718,0.0203850950225665,0.200515571012286,0.299371291862159
"interest_burden","interest_burden",3,0.110631449614407,0.0819246560826364,0.00775597177977587,0.0238559513914106,0.19885017338469,0.315544944784227
"interest_burden","interest_burden",4,0.113706236778327,0.0831570866503031,0.0108452292467164,0.0252886799446266,0.211269862102764,0.335419554484284
"interest_burden","interest_burden",5,0.114820877194334,0.0785807980386789,0.0122791384049227,0.0255168103316651,0.214052784900564,0.336011556495476
"interest_burden","interest_burden",6,0.11716318568422,0.0757505193690905,0.0121205945806135,0.0241290980912636,0.228720569653946,0.363001958707257
"interest_burden","interest_burden",7,0.118276445752696,0.0732256773469129,0.0113700973388377,0.0229254551977159,0.232859155258776,0.376046075195392
"interest_burden","interest_burden",8,0.119015099651147,0.0735739127654712,0.0106212109827226,0.0219612229272491,0.23074708953344,0.373542791815859
"interest_burden","interest_burden",9,0.119432878377161,0.0725955129208193,0.010817255068555,0.0215408477914622,0.231280383309547,0.378607161026464
"interest_burden","interest_burden",10,0.119771042475278,0.0714677160537336,0.010764222685458,0.0219346908338646,0.231227741598768,0.381985028262343
"interest_burden","interest_burden",11,0.119752712381256,0.0736143841410383,0.0112334352657173,0.0221356988073118,0.227491095522333,0.383384308017423
"interest_burden","interest_burden",12,0.119587812370239,0.073633795937782,0.0108973188191129,0.0217228971445076,0.226311839352705,0.389128249523302
"interest_burden","interest_burden",13,0.119388854747264,0.0740781466565607,0.0113618145274715,0.0221155656968543,0.228722232316901,0.387558965671145
"interest_burden","interest_burden",14,0.119183049488933,0.0766380149035379,0.0120085777012014,0.0227489958024962,0.229143394722091,0.380310457023314
"interest_burden","interest_burden",15,0.118939020980754,0.0771976362515281,0.0121080323283815,0.0231689632270666,0.232956644153134,0.374562580134571
"interest_burden","interest_burden",16,0.118671755643607,0.0782506196354449,0.012132106058999,0.0236046113379655,0.231966644421634,0.368803054388771
"interest_burden","interest_burden",17,0.118460720123285,0.0777261362545029,0.0127214760314154,0.0241498175694206,0.230061311429473,0.363795280321953
"interest_burden","interest_burden",18,0.118282098204649,0.0773037050030838,0.0128409962171208,0.0242879692008928,0.226488053673647,0.361144522473197
"interest_burden","interest_burden",19,0.118126131263744,0.0780328978576367,0.0130721972129615,0.0248540627673843,0.224850982992311,0.358781576053146
"interest_burden","interest_burden",20,0.117967657759383,0.0781325512281578,0.0130948057152592,0.0254111181789228,0.226126739433321,0.358855913987412
"interest_burden","interest_burden",21,0.117858792487423,0.0787131779590491,0.0129217321548651,0.0252119654090062,0.225446961573155,0.354950128512533
"interest_burden","debt_growth",1,0.0973642954926842,0.0478658917651791,0.000399344580706748,0.00470588681018654,0.196348230939967,0.36825994069328
"interest_burden","debt_growth",2,0.106106384270042,0.079316714716952,0.00616906095328962,0.020727310909845,0.194521978256282,0.307800494315476
"interest_burden","debt_growth",3,0.110683278020576,0.0810809146454104,0.00969268855609354,0.0237471469810891,0.19561834156067,0.312678160685181
"interest_burden","debt_growth",4,0.113314048554195,0.0828900088067705,0.00985282442945241,0.0250717863012194,0.203221328675645,0.325260863859211
"interest_burden","debt_growth",5,0.113852587447073,0.0810666297722271,0.0115867838135654,0.0239198255542637,0.205730546716792,0.337451628169578
"interest_burden","debt_growth",6,0.115376038310817,0.0811751032356926,0.0105208531226423,0.0235171001858255,0.211111588198427,0.346760003733057
"interest_burden","debt_growth",7,0.116103319306729,0.0770558117784433,0.011168147623186,0.0232169056450032,0.213833731164806,0.350915328287102
"interest_burden","debt_growth",8,0.116337784083806,0.0759497558078873,0.010998339003781,0.0230479756088657,0.213402725816353,0.358254175110815
"interest_burden","debt_growth",9,0.116354273676528,0.0741386770504969,0.0113082439906229,0.0228219086011836,0.216516410496387,0.359476236659023
"interest_burden","debt_growth",10,0.116317270770828,0.0759446140663519,0.0112429178186642,0.0228548374765107,0.21732347189811,0.358424665036687
"interest_burden","debt_growth",11,0.1161877078257,0.0765870269669876,0.0113436180123838,0.0238339663530023,0.215414652458281,0.355624352681932
"interest_burden","debt_growth",12,0.116060511251333,0.0757145425273624,0.0113572160026739,0.0241134577581802,0.217087358650936,0.34554180004544
"interest_burden","debt_growth",13,0.115947987423255,0.075800512221752,0.0113231540181334,0.0245199222121367,0.218129319827536,0.339455548369509
"interest_burden","debt_growth",14,0.115890146714374,0.0773253635244618,0.0107191574023572,0.0252550453625915,0.21502245495044,0.33408772855292
"interest_burden","debt_growth",15,0.115802301844925,0.078399454495487,0.010786309256714,0.0260613258880863,0.212032604554462,0.332125409184248
"interest_burden","debt_growth",16,0.115768309461006,0.0790287303564221,0.0106636875660087,0.0258031651737798,0.2110610228586,0.329150488889883
"interest_burden","debt_growth",17,0.115702184343082,0.0801414348400881,0.0109267555276534,0.0260537843976674,0.209962353428858,0.32517465889089
"interest_burden","debt_growth",18,0.115694340208196,0.0813260074466701,0.0106579448129592,0.0264514844253008,0.208481451735186,0.328968447417491
"interest_burden","debt_growth",19,0.115647851338983,0.083253947817243,0.0105825135762692,0.026809905520047,0.207629318016437,0.329075484761406
"interest_burden","debt_growth",20,0.115657857158991,0.0834275842428275,0.0105484572694804,0.0270226034441445,0.207153425399405,0.32827167732301
"interest_burden","debt_growth",21,0.115626066884543,0.0843353643860141,0.0107516285277517,0.0273383509785264,0.205845327223063,0.328547116862531
"interest_burden","real_house_price_growth",1,0.0982511753187183,0.0527959459265139,0.000526275465258977,0.00415778446085932,0.202669546136926,0.368236206082439
"interest_burden","real_house_price_growth",2,0.107084466608612,0.07735053525696,0.00753148306608152,0.0216259783441952,0.195061907866346,0.314324628508225
"interest_burden","real_house_price_growth",3,0.111494097593902,0.0805119124656025,0.0101398791255161,0.0234369509866974,0.203316613885337,0.324101236926
"interest_burden","real_house_price_growth",4,0.114631735475643,0.0802290993418143,0.011472165575668,0.0229774291605714,0.212112780922552,0.340844270267808
"interest_burden","real_house_price_growth",5,0.115568100437227,0.076269944255798,0.0119037743567832,0.0245789184500353,0.217775193041272,0.339403599932435
"interest_burden","real_house_price_growth",6,0.116159402721873,0.0747439491347771,0.0117220530710962,0.0236667793031151,0.223283184320544,0.35564416668976
"interest_burden","real_house_price_growth",7,0.116568160142071,0.0743342941788815,0.0121369127973062,0.023495695004314,0.226431285974436,0.351803816738784
"interest_burden","real_house_price_growth",8,0.116622479051586,0.0725145498612652,0.0114360726307904,0.022873256901469,0.233436977422704,0.357127038611815
"interest_burden","real_house_price_growth",9,0.116807691592353,0.0727631878666272,0.0112000538469444,0.023113892352562,0.227995437928961,0.352974789504124
"interest_burden","real_house_price_growth",10,0.116479318075252,0.0738825650680095,0.0119619510612052,0.0223866272553309,0.225568683363977,0.356237319812326
"interest_burden","real_house_price_growth",11,0.116288881485656,0.0743334482298266,0.0123535123479212,0.0232972100158585,0.225691082707668,0.349925649088236
"interest_burden","real_house_price_growth",12,0.116116833446452,0.0745697090088961,0.0125280095475016,0.0228541231013522,0.223585455462479,0.351382575944402
"interest_burden","real_house_price_growth",13,0.116130599154268,0.0743852748788726,0.0126644815961474,0.023525117778033,0.221757826450805,0.348388947438133
"interest_burden","real_house_price_growth",14,0.116000231909317,0.0764113032204065,0.0128430369502167,0.0238886911463907,0.222980820034575,0.346771788645362
"interest_burden","real_house_price_growth",15,0.115944835053753,0.0772013448284497,0.0127662192850978,0.0238251713291892,0.224511635318895,0.344617797200421
"interest_burden","real_house_price_growth",16,0.115918121532057,0.077851703394528,0.0129374092911348,0.024289072810712,0.223719328483169,0.339689953800645
"interest_burden","real_house_price_growth",17,0.115961904066383,0.0785967272494197,0.0131079652208193,0.0250297749514619,0.225486648092933,0.339087418297883
"interest_burden","real_house_price_growth",18,0.115948711159868,0.0796835971032885,0.0133705916903835,0.0254895064309401,0.221629029408044,0.339481498687263
"interest_burden","real_house_price_growth",19,0.115939922757176,0.0808815096733549,0.0134530848750815,0.0257798447443974,0.218005656831087,0.337489842665174
"interest_burden","real_house_price_growth",20,0.115937085153272,0.0809747987657948,0.0134681688218246,0.0256938155891062,0.214388349334828,0.337851095238644
"interest_burden","real_house_price_growth",21,0.115939186715547,0.0809753831978053,0.0136697225911172,0.0262174333337154,0.212689710314109,0.336503545772304
"interest_burden","asset_liability_ratio",1,0.0999367318733213,0.0530987385452148,0.000297627752600634,0.00454057489215255,0.190895851278245,0.395125430062524
"interest_burden","asset_liability_ratio",2,0.104936962425513,0.0741077436956865,0.00652973288678382,0.0208158121819382,0.192133039102678,0.30170534870797
"interest_burden","asset_liability_ratio",3,0.106220008677328,0.0745356986872527,0.00946967850337347,0.0242151209863891,0.198182324648297,0.30617919201069
"interest_burden","asset_liability_ratio",4,0.108231260780671,0.0732796754501836,0.011640476075142,0.0247999360520522,0.20014390065895,0.320615165273138
"interest_burden","asset_liability_ratio",5,0.108485095121389,0.0727206211117001,0.0113651948818756,0.0256171610051797,0.200370749562748,0.332772455913983
"interest_burden","asset_liability_ratio",6,0.110097505913654,0.0682800920696369,0.0120844315688994,0.0241127185213456,0.204215439046311,0.331248663646076
"interest_burden","asset_liability_ratio",7,0.11092013109295,0.0683570483894274,0.011585871633048,0.023201725482134,0.210559102877415,0.333872639333511
"interest_burden","asset_liability_ratio",8,0.111412359565211,0.0681803653079041,0.0115004231133832,0.0224954711485964,0.208459402044147,0.353452851376846
"interest_burden","asset_liability_ratio",9,0.111579892292077,0.0696362790339681,0.0117610826532066,0.0217458219105809,0.211947214009672,0.35081285167854
"interest_burden","asset_liability_ratio",10,0.111600983244068,0.0677373577370017,0.0117866366723828,0.0215846861071348,0.212573761804588,0.362113224858705
"interest_burden","asset_liability_ratio",11,0.111534904538723,0.0658437202851753,0.0119175991207599,0.0216876426065575,0.215394980923005,0.357007190075835
"interest_burden","asset_liability_ratio",12,0.111379033870895,0.064068061735523,0.0116875986890181,0.0214342757196255,0.215322337653643,0.353331158883236
"interest_burden","asset_liability_ratio",13,0.111346006251676,0.0649820416943601,0.0119100190805599,0.0218611938912196,0.213453886709251,0.349448788659985
"interest_burden","asset_liability_ratio",14,0.111272457996715,0.0648697155192369,0.0115029479064462,0.0220863582966052,0.214050644346723,0.34315189370086
"interest_burden","asset_liability_ratio",15,0.111266059898939,0.0674412232154494,0.0114198197552149,0.0226536289712997,0.211094990218798,0.343316859105898
"interest_burden","asset_liability_ratio",16,0.111222834593946,0.0679038806747666,0.0113430457799747,0.0229806996708279,0.210925273425289,0.342278294310029
"interest_burden","asset_liability_ratio",17,0.111294424744464,0.0687559529843319,0.0117826510597039,0.0233096972815769,0.209345262523953,0.335703977809537
"interest_burden","asset_liability_ratio",18,0.111343250140803,0.0706743959849179,0.0114471882908407,0.0237176485636153,0.209009422947081,0.328772922646079
"interest_burden","asset_liability_ratio",19,0.111438750999151,0.0711010169238847,0.0114475076124823,0.0237533968468032,0.210094424233382,0.330253301106673
"interest_burden","asset_liability_ratio",20,0.111488958598588,0.0712259477552101,0.011801480938363,0.0239640624247617,0.207473412802156,0.325453711152235
"interest_burden","asset_liability_ratio",21,0.11159772004337,0.0712780988140325,0.0120166907020715,0.0243053613756344,0.205936070742482,0.324294527570178
"debt_growth","gdp_growth",1,0.115476362323872,0.05754295445955,0.00103689283201074,0.00548618760696174,0.252109678558916,0.409158719482108
"debt_growth","gdp_growth",2,0.113968567868565,0.0741494665127289,0.00561738612578151,0.0176982671506597,0.220768419242773,0.361993628305098
"debt_growth","gdp_growth",3,0.115043553443939,0.0798563929100125,0.00876521829978072,0.0227863261965914,0.220457040332419,0.343405067288522
"debt_growth","gdp_growth",4,0.116357930987307,0.0884963448757676,0.0116819591656581,0.0268001764233646,0.208955121939394,0.314541986242082
"debt_growth","gdp_growth",5,0.117415036483097,0.084268914815371,0.0130097719555725,0.0264612166417584,0.211247747173811,0.329933340510254
"debt_growth","gdp_growth",6,0.118029572970996,0.0856945581701518,0.0131365357647961,0.0270885448127303,0.210092950858275,0.317259277444249
"debt_growth","gdp_growth",7,0.118877486170635,0.0847721509214934,0.013644186328173,0.0275126391430846,0.213313203009752,0.325052222153154
"debt_growth","gdp_growth",8,0.119353553897204,0.0890963324635579,0.0142458811505082,0.0285534872953797,0.215873733858642,0.328516829363476
"debt_growth","gdp_growth",9,0.119900988895056,0.0876576388037803,0.0149032756456627,0.0289454611850784,0.21693371074988,0.332983714242102
"debt_growth","gdp_growth",10,0.120162700486272,0.0885426797549538,0.0147040766752311,0.0292265052529854,0.21590048763126,0.337900015600204
"debt_growth","gdp_growth",11,0.120412338909828,0.0883468635043438,0.015213114620781,0.0298508348609159,0.216589808140552,0.338322455188198
"debt_growth","gdp_growth",12,0.120473890093237,0.0883078563782171,0.0162158073040455,0.0293822010410073,0.21948239910442,0.337684510929353
"debt_growth","gdp_growth",13,0.120635814172485,0.0871957999233284,0.0161571679913259,0.0300092995647331,0.220043468945465,0.333894717024296
"debt_growth","gdp_growth",14,0.120669952253216,0.0870228964223698,0.0165875456825728,0.029580097734723,0.221011482810987,0.3326129967297
"debt_growth","gdp_growth",15,0.120729517104326,0.0866991824650212,0.0161937894173472,0.0300082296865348,0.220779463449422,0.331262999835407
"debt_growth","gdp_growth",16,0.120676942510349,0.0874543952143425,0.0166101609774023,0.0303117876288833,0.221655560545866,0.330790475792236
"debt_growth","gdp_growth",17,0.120687222870216,0.0874491910924989,0.0169794973247281,0.0308579935002814,0.22083351639744,0.329870204240376
"debt_growth","gdp_growth",18,0.12064539206717,0.0874273275478937,0.0172014666097622,0.0313918393996645,0.220695741882965,0.325766679982406
"debt_growth","gdp_growth",19,0.120630000530307,0.0874040274371133,0.0174082829933307,0.0322187221288715,0.219758084866261,0.323451620170633
"debt_growth","gdp_growth",20,0.120556847805646,0.087717110470049,0.0177448901613896,0.0327752681434402,0.218171827889148,0.321143349527548
"debt_growth","gdp_growth",21,0.120512817213575,0.0878603555301113,0.0183551537057256,0.0330305669036077,0.217686607278722,0.319293379878081
"debt_growth","consumption_growth",1,0.117638157381776,0.0681848764129781,0.000604225488674497,0.00557952602400746,0.234695739597019,0.404969355363595
"debt_growth","consumption_growth",2,0.115319456612282,0.0778879575853854,0.00630531621383887,0.0187806880889556,0.215047733267304,0.353778055483741
"debt_growth","consumption_growth",3,0.113475048496611,0.0760501020674803,0.00920132945802215,0.0213162124264095,0.214724221374872,0.345361865487467
"debt_growth","consumption_growth",4,0.11375573396125,0.0849215452030809,0.0126503762113065,0.0255548808747419,0.203624496564781,0.311829435603165
"debt_growth","consumption_growth",5,0.113828556203137,0.0811639654595088,0.013460403489339,0.0252163284206628,0.199642836562054,0.323004721477935
"debt_growth","consumption_growth",6,0.114695593223466,0.0839792342580498,0.013489242920343,0.0267497910741008,0.19975955773815,0.320419332345526
"debt_growth","consumption_growth",7,0.115623165050991,0.0828258523381967,0.0140375794632832,0.0282809095507795,0.201688950036544,0.331048624001157
"debt_growth","consumption_growth",8,0.116074437766017,0.082842609091416,0.0141425480940405,0.0284212673516909,0.205409035940395,0.32833968050597
"debt_growth","consumption_growth",9,0.116545386801905,0.0822102421170395,0.0146348610528183,0.0287441588624671,0.208708649368781,0.327788787563048
"debt_growth","consumption_growth",10,0.116909745526947,0.0823593872486589,0.0146472545584809,0.0280920839879885,0.210409788104369,0.328353820750461
"debt_growth","consumption_growth",11,0.117316201433436,0.0804305694567474,0.0147364244975587,0.0295276181920558,0.216380156581236,0.333033324002708
"debt_growth","consumption_growth",12,0.117445012902158,0.0807060976076675,0.0155763062978694,0.0295844969189251,0.21542075031725,0.337698196287201
"debt_growth","consumption_growth",13,0.117665730757638,0.0816733885341009,0.0158404307513544,0.0302366541249245,0.217118353086767,0.341174372080869
"debt_growth","consumption_growth",14,0.117737621210437,0.0814683514149864,0.0157555108131018,0.0299941201169033,0.218084166949885,0.339110929225453
"debt_growth","consumption_growth",15,0.117886888911323,0.0823733666838079,0.0162236719582456,0.0308187251228025,0.217905857979959,0.337649602539788
"debt_growth","consumption_growth",16,0.117893723214719,0.0820937586727155,0.0163030882594759,0.0315056572744799,0.215758200146996,0.34097870549993
"debt_growth","consumption_growth",17,0.117996719088543,0.081765023466885,0.0165267428452662,0.0314719569126422,0.214500098718067,0.341008269759054
"debt_growth","consumption_growth",18,0.117989416115046,0.0820504844012081,0.0172603749316753,0.0322527452850853,0.213409368921565,0.344197230084771
"debt_growth","consumption_growth",19,0.118054695833581,0.081850852721537,0.0178184247353257,0.0329425614776246,0.211898269365505,0.344728788729025
"debt_growth","consumption_growth",20,0.118032788614345,0.0825509601480481,0.0179433215286124,0.0334925027948736,0.211457974045608,0.34211427373395
"debt_growth","consumption_growth",21,0.118064611353935,0.0821698805971708,0.0182942263575494,0.0341104934875954,0.211856460684495,0.338030287103574
"debt_growth","cpi_growth",1,0.113239862420224,0.0547552416785218,0.000300327634065463,0.00515044262465714,0.237498753476302,0.450228754828238
"debt_growth","cpi_growth",2,0.113436632600045,0.0733493178223644,0.00471888652240084,0.0173743290382449,0.210285633787034,0.368719704202805
"debt_growth","cpi_growth",3,0.114747669572883,0.077127057727731,0.00799950592468714,0.019219811943075,0.223153249558418,0.337872489051573
"debt_growth","cpi_growth",4,0.117369150394598,0.0855620030055571,0.0113854623095195,0.02439148544152,0.210038105099711,0.32443009764132
"debt_growth","cpi_growth",5,0.117858854676783,0.0825262363662486,0.0124325978132288,0.025375006490491,0.217312481479611,0.339449793022322
"debt_growth","cpi_growth",6,0.119349298198328,0.0836242331567278,0.0127308465521857,0.0268804597392766,0.222551594493192,0.34894062798496
"debt_growth","cpi_growth",7,0.119999587523976,0.0824072059383324,0.0126137313181535,0.0266220652876091,0.223970024689224,0.354026015556919
"debt_growth","cpi_growth",8,0.120642759152402,0.0837851589274664,0.0118796366948293,0.0275648662427656,0.221483861524892,0.352185544536747
"debt_growth","cpi_growth",9,0.120858358810477,0.083438107263032,0.0129634974477739,0.0281924185223735,0.221545127064396,0.359442228847973
"debt_growth","cpi_growth",10,0.121101676312277,0.0838950057204474,0.0128317640211904,0.0281390985895464,0.220668001737385,0.361613761961643
"debt_growth","cpi_growth",11,0.121052262497507,0.0839057478894029,0.0128542532191262,0.0288278660930239,0.220957321134668,0.364971107596608
"debt_growth","cpi_growth",12,0.121011673799715,0.0833211176140083,0.0128643867798973,0.0293811300329958,0.221537548136207,0.360385444482928
"debt_growth","cpi_growth",13,0.120928436366974,0.0844715919327762,0.0136454275584688,0.0298061855997393,0.219191638715312,0.356912520241972
"debt_growth","cpi_growth",14,0.120889464147754,0.0841230645681336,0.0136525489782133,0.0298018058798378,0.216412431609953,0.361482038768932
"debt_growth","cpi_growth",15,0.120789019264282,0.0848219799214456,0.0138739469620984,0.0298919869006768,0.215927631830981,0.351480071757455
"debt_growth","cpi_growth",16,0.120705187486587,0.0844252749985422,0.0144811498382675,0.0301818641076581,0.216311702634119,0.347757167038523
"debt_growth","cpi_growth",17,0.120631018273819,0.0847535753204103,0.014796518710334,0.0300019870388667,0.213561766525495,0.342737038295414
"debt_growth","cpi_growth",18,0.120556261755533,0.0852547872928781,0.0152843058230957,0.030848867983869,0.213034861528072,0.341019459938411
"debt_growth","cpi_growth",19,0.120473273484268,0.0850081822831728,0.0156129207986853,0.0308048040638282,0.211285156186353,0.337572183964497
"debt_growth","cpi_growth",20,0.120383836456369,0.0848899796413122,0.0159526587613575,0.0307864312262429,0.211307693090891,0.332850716200428
"debt_growth","cpi_growth",21,0.120314867977052,0.0848998907332091,0.0164172358603328,0.0316701669368217,0.211318421372752,0.33013087530655
"debt_growth","saving_rate",1,0.115371190463924,0.0692207156397165,0.000626232285683978,0.00580792147242899,0.239291169189721,0.392153016113792
"debt_growth","saving_rate",2,0.115542458319254,0.0825311798456777,0.00610098290204109,0.0201576873732945,0.211527050834457,0.343816351926784
"debt_growth","saving_rate",3,0.115942085385439,0.0837718321485876,0.0087920177177878,0.0253206045241035,0.217164620658144,0.320114371797332
"debt_growth","saving_rate",4,0.116276374223994,0.0927693403909251,0.0142944758166387,0.0304814824314851,0.204568307950374,0.300800441307258
"debt_growth","saving_rate",5,0.116786610765021,0.0895510331904127,0.0140734843324562,0.0314747798937818,0.20629126150924,0.313274683089336
"debt_growth","saving_rate",6,0.117036705280422,0.0904163610718863,0.014375353110043,0.0324989965496519,0.204109624232554,0.311408774347476
"debt_growth","saving_rate",7,0.116999648711032,0.0868358218438161,0.0147444256218939,0.0325347500111224,0.203329053531254,0.316728313660015
"debt_growth","saving_rate",8,0.116637109236834,0.0876477065802241,0.0158084898684832,0.033319899901113,0.204703287532974,0.310428282893234
"debt_growth","saving_rate",9,0.116881745913033,0.0856509502035554,0.0160379100669872,0.0329083586307463,0.205250281536325,0.316539488654821
"debt_growth","saving_rate",10,0.116809962864488,0.085064334379233,0.0161978549398465,0.0323459087584667,0.207307306392754,0.314178939612587
"debt_growth","saving_rate",11,0.116962586809385,0.0862189309453768,0.0156036464787244,0.0321941328465294,0.208436343742805,0.313280742031694
"debt_growth","saving_rate",12,0.116891446784096,0.0860873229362666,0.0161812631180939,0.0327252201791586,0.206759955051554,0.309686842348171
"debt_growth","saving_rate",13,0.117074797518494,0.0873485775886998,0.016535717091935,0.0333214576804528,0.207753041053979,0.314939748623479
"debt_growth","saving_rate",14,0.117129848306423,0.0879984374049732,0.0172082628106759,0.0333364788839355,0.209797683509199,0.318848919152695
"debt_growth","saving_rate",15,0.117256528197746,0.0892145458481128,0.0168408522224075,0.0337574133871897,0.209190458924992,0.320216426159128
"debt_growth","saving_rate",16,0.117314073110851,0.0896167171177716,0.0170308616083393,0.033993363647669,0.208763165037822,0.314650586811347
"debt_growth","saving_rate",17,0.117431950965081,0.0888348505459974,0.0174865644254124,0.0345940700328044,0.207826540144573,0.313831281398204
"debt_growth","saving_rate",18,0.117476648651717,0.0894641759907875,0.0175602549616343,0.034771898368698,0.205464215768902,0.312092375059654
"debt_growth","saving_rate",19,0.117551953380722,0.0899386710387014,0.017992191792583,0.0355292517083713,0.204376336101356,0.312082763474299
"debt_growth","saving_rate",20,0.117589798320074,0.0906425848750176,0.0183560973566526,0.0364765160899223,0.203609664908607,0.314950744258632
"debt_growth","saving_rate",21,0.117677018092971,0.0904845859319801,0.018529181034881,0.0371342436956899,0.202881369448208,0.313482772465338
"debt_growth","policy_rate",1,0.101799430791414,0.0582095644538152,0.00120605622973112,0.00671696693712281,0.204035370529026,0.349128977335703
"debt_growth","policy_rate",2,0.101429448323706,0.068738512839981,0.00493584849704736,0.0167087153213904,0.189631298676545,0.318403813248495
"debt_growth","policy_rate",3,0.09768074050668,0.0677486244503748,0.00797302390731669,0.0195538514246486,0.179485592880233,0.293059282432392
"debt_growth","policy_rate",4,0.0858451278547635,0.0611557876370636,0.0110507780827932,0.022441136173148,0.152962058210664,0.236913814033728
"debt_growth","policy_rate",5,0.081131028905192,0.0546866717791652,0.011228353106857,0.0216629127362589,0.142352135232269,0.236514551983511
"debt_growth","policy_rate",6,0.0740008626340166,0.0515708808620815,0.0120350827100707,0.0217186107293387,0.125585950961771,0.209267589948214
"debt_growth","policy_rate",7,0.069685782246115,0.0483618574894036,0.0129985962372455,0.0218818773626424,0.115692703012423,0.195197220695826
"debt_growth","policy_rate",8,0.067786923332526,0.0500547913314042,0.013485534533706,0.0230695491805833,0.108104766154439,0.177736939850301
"debt_growth","policy_rate",9,0.065987314013139,0.04926087274357,0.0129914322579882,0.022567038319316,0.105292877651252,0.173928029049866
"debt_growth","policy_rate",10,0.0652192592460197,0.0497676220528941,0.0129305202604634,0.0234772718279876,0.104980977005339,0.165759203643195
"debt_growth","policy_rate",11,0.0645516838472545,0.0490596537505916,0.0126497512428244,0.0227292672471162,0.103898020003247,0.164400348450761
"debt_growth","policy_rate",12,0.0649603890850527,0.050821212860334,0.0124214131668669,0.0235532534906741,0.102855488651593,0.161160828259855
"debt_growth","policy_rate",13,0.0646812542703556,0.050429594157675,0.0121969808762394,0.0232821768210059,0.10389151882417,0.16009785050338
"debt_growth","policy_rate",14,0.0648224312543834,0.0510722559974322,0.0125432248995757,0.0233519543578199,0.103491711883881,0.159310141635875
"debt_growth","policy_rate",15,0.064693393584073,0.0510810732041012,0.0130329016385147,0.0235384333387027,0.102963004735965,0.160117926391365
"debt_growth","policy_rate",16,0.0649424586058174,0.0510975104950531,0.0134532934083714,0.0237327159342919,0.103114811274199,0.159925314020876
"debt_growth","policy_rate",17,0.0648446279019748,0.0510982155133646,0.013440447548179,0.0238754610113318,0.104188344859435,0.158771337500019
"debt_growth","policy_rate",18,0.0649455296942169,0.0511898667444212,0.0134580715911209,0.024260085356824,0.103553049638166,0.160144874945197
"debt_growth","policy_rate",19,0.0649015234370626,0.0515372139637227,0.0135979578965434,0.0246799375416682,0.103121602333818,0.159877054801789
"debt_growth","policy_rate",20,0.0650315138975451,0.052260433092052,0.0135285400444922,0.024802464613312,0.104280591780948,0.159444971259256
"debt_growth","policy_rate",21,0.0650358243135481,0.0522488477843834,0.0133685186813719,0.0248362184687105,0.104804294756127,0.156634122199458
"debt_growth","interest_burden",1,0.103244423100523,0.0505652062801786,0.00051346360204771,0.00451964449362187,0.212447081472644,0.386624466746808
"debt_growth","interest_burden",2,0.10509549330982,0.0660397560777559,0.0050928474859651,0.0171204285971959,0.202751353758742,0.334019279524698
"debt_growth","interest_burden",3,0.106405558643634,0.0705695651998883,0.00774077300357758,0.0193175349513066,0.204474658110076,0.310917579840465
"debt_growth","interest_burden",4,0.109101637345462,0.0810978753138546,0.00992176175001385,0.0248206173635886,0.208076061181425,0.306677124375776
"debt_growth","interest_burden",5,0.109754316262298,0.0777830547092306,0.012408945335921,0.0259223393725204,0.206662729320582,0.32093114055491
"debt_growth","interest_burden",6,0.111427054231309,0.0829234526464896,0.0122004406743899,0.0277224419639469,0.206901476902773,0.307360435904341
"debt_growth","interest_burden",7,0.111842699128176,0.0802995246773415,0.0127357301008365,0.0274160198934259,0.206405016912421,0.311805666530206
"debt_growth","interest_burden",8,0.112320669146609,0.0812070953132364,0.0123743618522643,0.0269036757745763,0.204107716044433,0.311289341986585
"debt_growth","interest_burden",9,0.112263086132299,0.0823136264231248,0.0127816887849709,0.0267573572110698,0.203174690765659,0.313585119661549
"debt_growth","interest_burden",10,0.112545202986323,0.0827737463600933,0.0131477354385767,0.0260666589579432,0.203450953375853,0.313043324921247
"debt_growth","interest_burden",11,0.112419117929385,0.0820379617629419,0.01348971119446,0.026263650414916,0.200750799413487,0.313035499399322
"debt_growth","interest_burden",12,0.112345255159597,0.0827056208443456,0.0135535212064805,0.0261059581410845,0.203182840648619,0.318416322548718
"debt_growth","interest_burden",13,0.112165388309753,0.0829079528218293,0.0139530203941284,0.0262708850716712,0.200779386836551,0.317555771580683
"debt_growth","interest_burden",14,0.112163472751643,0.0826543727008185,0.0140126248919319,0.026711758015938,0.199936799720308,0.318499627093245
"debt_growth","interest_burden",15,0.112069741157934,0.082836938897526,0.0143794931526279,0.0269291017998173,0.19878855527032,0.319059991374051
"debt_growth","interest_burden",16,0.112040523870955,0.0832580682441877,0.0147385136446181,0.0271065923565738,0.201442676425917,0.319110774462934
"debt_growth","interest_burden",17,0.111980980620007,0.0837123852451415,0.0145975360283579,0.0278947077861248,0.199471544546696,0.318285386559662
"debt_growth","interest_burden",18,0.112024740542967,0.0836852143854752,0.0147423787759147,0.0284908311381933,0.198665732142829,0.320460585563217
"debt_growth","interest_burden",19,0.112008046231258,0.083644010766284,0.0151559273936568,0.0289272577371376,0.19925834075989,0.318952952016809
"debt_growth","interest_burden",20,0.112034075928841,0.0836637209406686,0.0152272634849281,0.0288934227934376,0.199229371330372,0.319579656858865
"debt_growth","interest_burden",21,0.112017958057129,0.0833399032407496,0.0153837508957665,0.0292155077519247,0.199903113180218,0.315767246421233
"debt_growth","debt_growth",1,0.116914520230005,0.0619166993021535,0.000669134721155213,0.00682775470792714,0.230486502088299,0.406993188937386
"debt_growth","debt_growth",2,0.116983041226501,0.0780324337991778,0.00620612313586488,0.0194506523401441,0.223528976452798,0.364490058505197
"debt_growth","debt_growth",3,0.115851060271062,0.0809210485159817,0.00817407895753394,0.0238217401994745,0.211772141729091,0.34781705319001
"debt_growth","debt_growth",4,0.116973528984142,0.0878045001050918,0.0125473528982529,0.0265447273645958,0.207358819062317,0.325876694418768
"debt_growth","debt_growth",5,0.117298748974289,0.0845478283290609,0.0150828173946863,0.026485847237388,0.211711899396623,0.335654794710262
"debt_growth","debt_growth",6,0.118000248064039,0.0859073335438514,0.0150755065313278,0.0275771520048318,0.205285551305845,0.327552207498091
"debt_growth","debt_growth",7,0.118432352352784,0.0846748292839208,0.0159426858769141,0.0285213502369925,0.208201735797649,0.32927779964037
"debt_growth","debt_growth",8,0.11844424021191,0.0832708024084336,0.0153042705212966,0.0282246437493217,0.205998839234284,0.327764735466229
"debt_growth","debt_growth",9,0.11863833598274,0.0831000596418834,0.0152766328014619,0.0281235975050088,0.205177689764999,0.339941363293769
"debt_growth","debt_growth",10,0.118757228629065,0.0836725216054718,0.0153696026444965,0.028860543003704,0.209322150254518,0.342071437455761
"debt_growth","debt_growth",11,0.118950728799599,0.0844342682506496,0.0159359270992474,0.0290928952685538,0.212960729768445,0.343510106761333
"debt_growth","debt_growth",12,0.118958644824816,0.0842594061570797,0.0158963608390769,0.029421210338916,0.212127921600304,0.337105925749125
"debt_growth","debt_growth",13,0.119059356634246,0.084056035926474,0.016189164550779,0.0299565563251808,0.211312094860487,0.340471446946532
"debt_growth","debt_growth",14,0.119121266231839,0.0847855946966914,0.0164071184147055,0.0298375686551331,0.211896463730221,0.34118339951812
"debt_growth","debt_growth",15,0.119213751758461,0.0853566561549189,0.0166428643613365,0.030144986180958,0.208352022137143,0.348698014426727
"debt_growth","debt_growth",16,0.119269016437773,0.0856870871240731,0.017206516244152,0.0306695703824904,0.206369129227129,0.345765030049387
"debt_growth","debt_growth",17,0.119332049183828,0.0863883634037532,0.0173397583682725,0.0309367357683265,0.2069068234221,0.343206560253176
"debt_growth","debt_growth",18,0.119395999033236,0.0865637719741124,0.0180860067611766,0.0310790627651455,0.209111093024424,0.340216424094713
"debt_growth","debt_growth",19,0.119459076823185,0.0876122301488527,0.0181791756279779,0.0317545844867077,0.207558636468012,0.337073645913911
"debt_growth","debt_growth",20,0.119532770137919,0.0882210550159425,0.0186611730385323,0.0323370435337366,0.208578848364208,0.335217936446353
"debt_growth","debt_growth",21,0.119590497123074,0.0879767029788457,0.0187716744872864,0.0331218834715711,0.21115568756055,0.33268034830151
"debt_growth","real_house_price_growth",1,0.106232108883702,0.0527736897365169,0.000235295026894423,0.00405810278375459,0.217746357721429,0.396158988973751
"debt_growth","real_house_price_growth",2,0.108308621240466,0.0695729509516837,0.00500006537274171,0.0170966136004957,0.20411493612613,0.34815128602824
"debt_growth","real_house_price_growth",3,0.109827509186371,0.0730109087823657,0.00824458291249861,0.0208182512707488,0.208978737610029,0.335642939427426
"debt_growth","real_house_price_growth",4,0.112250402233465,0.0822085372146198,0.011085904400964,0.0260930269454523,0.202502957783624,0.321520987928083
"debt_growth","real_house_price_growth",5,0.113143916351475,0.0792260557455132,0.0127977652592226,0.0265451708424623,0.209326559182148,0.32769441005198
"debt_growth","real_house_price_growth",6,0.113842538238105,0.0815633260558537,0.0129657716207142,0.026826046929889,0.207734786425367,0.328474566472365
"debt_growth","real_house_price_growth",7,0.113942451324678,0.0788765786855523,0.0139237480084383,0.0271427250465938,0.208760518966714,0.331215776838263
"debt_growth","real_house_price_growth",8,0.11360556971874,0.077457293181784,0.013619045162737,0.0277127650250542,0.208872943012251,0.318999768954009
"debt_growth","real_house_price_growth",9,0.113484549806366,0.0776127010372763,0.0136324721804168,0.0277232006345266,0.207678291857577,0.32062548707149
"debt_growth","real_house_price_growth",10,0.113072643831092,0.0789779721325166,0.0143636488113294,0.027428864555427,0.208465342188868,0.323775740028989
"debt_growth","real_house_price_growth",11,0.112780205268424,0.0798433153596912,0.0143462861514485,0.0270935036117978,0.201497628953655,0.323831964582573
"debt_growth","real_house_price_growth",12,0.112404519064454,0.0791771178793786,0.0144391218326931,0.0277306018033543,0.202442516500523,0.320101193830573
"debt_growth","real_house_price_growth",13,0.11220346944358,0.0790009202927914,0.0147399025871047,0.0281235312269525,0.203304143829734,0.324580984177726
"debt_growth","real_house_price_growth",14,0.112005254056254,0.0797181696307464,0.0152939225285384,0.028247199547425,0.202264294160237,0.322004844516006
"debt_growth","real_house_price_growth",15,0.111890242024677,0.0799081510312914,0.0153572289454507,0.028784660644149,0.201371889130321,0.323574329609428
"debt_growth","real_house_price_growth",16,0.111790407336536,0.0792512040032951,0.0158258047994832,0.0289448361227648,0.2014446764627,0.317832108750419
"debt_growth","real_house_price_growth",17,0.11172431264763,0.0798096633226741,0.0160045472077029,0.0297768281160067,0.200647333064282,0.319544989460376
"debt_growth","real_house_price_growth",18,0.111700929539797,0.0808815998005376,0.0163023738320507,0.0296057523572824,0.199420857306344,0.318144349538352
"debt_growth","real_house_price_growth",19,0.111669150397589,0.0821930051729102,0.0161262164880815,0.0298893498932629,0.19730953010531,0.31577459717508
"debt_growth","real_house_price_growth",20,0.111656880181102,0.0824010953678586,0.0160700225916839,0.0303819078749691,0.197132715130402,0.314851499585905
"debt_growth","real_house_price_growth",21,0.111612637887153,0.0822752206529363,0.0172551505574968,0.0301902617308758,0.197349142870857,0.313751267570892
"debt_growth","asset_liability_ratio",1,0.110083944404561,0.0553740154667695,0.000650761619130937,0.00580170619494528,0.233580503409179,0.404183843788636
"debt_growth","asset_liability_ratio",2,0.109916280499362,0.0698020190984637,0.00560601897459295,0.0181645528263007,0.206214557831695,0.358185068666779
"debt_growth","asset_liability_ratio",3,0.111026774493383,0.0738032160473492,0.00974044446261129,0.022429159438807,0.20598321425658,0.337021541175303
"debt_growth","asset_liability_ratio",4,0.112070114015019,0.0832934705162644,0.0121251854937663,0.0270595344991297,0.206133256686049,0.31996369136441
"debt_growth","asset_liability_ratio",5,0.112782931378707,0.0783674607736188,0.0132393943015922,0.0280040069723594,0.21165798285885,0.333435344293353
"debt_growth","asset_liability_ratio",6,0.113618127159319,0.0791098196384296,0.0142670542275838,0.0272358488342057,0.205732736197041,0.326586970599619
"debt_growth","asset_liability_ratio",7,0.114596827491613,0.0800982451193459,0.0153357494423229,0.0264856149793297,0.210885899005855,0.34049015522153
"debt_growth","asset_liability_ratio",8,0.115134737537758,0.0829433379795916,0.0150627087020077,0.0273486523887777,0.212194364760811,0.331266682470006
"debt_growth","asset_liability_ratio",9,0.115440233644985,0.0828955292415984,0.0152471932481895,0.0279623003204699,0.216058274388602,0.340328199018443
"debt_growth","asset_liability_ratio",10,0.115421580117517,0.0819869705412471,0.0150424383418991,0.0279835116149467,0.213895910215713,0.335958182986005
"debt_growth","asset_liability_ratio",11,0.115554874505182,0.0827133571372706,0.0147079846602973,0.0287948028830274,0.213288808760085,0.335887538330473
"debt_growth","asset_liability_ratio",12,0.115509168286874,0.0825483126204443,0.0151533647875813,0.0290542727299541,0.211171260424537,0.334798503914334
"debt_growth","asset_liability_ratio",13,0.115585752526473,0.0817583337807381,0.0157679117554956,0.0297081066474019,0.210352265319433,0.328163738372099
"debt_growth","asset_liability_ratio",14,0.115460689788051,0.0817941004392195,0.0161038562970931,0.0301716078453814,0.209317209467763,0.328367990387228
"debt_growth","asset_liability_ratio",15,0.115470917997178,0.0828170141776249,0.0162682480324526,0.0301704037547652,0.209987592307802,0.327000513295485
"debt_growth","asset_liability_ratio",16,0.115367667426412,0.0826167952516131,0.0163589345442435,0.0304540040435048,0.207887427244158,0.325461699493645
"debt_growth","asset_liability_ratio",17,0.115371118448901,0.0824702720564419,0.0164741164572774,0.0311244101729565,0.207451457409046,0.322870741597465
"debt_growth","asset_liability_ratio",18,0.115265082600316,0.0826929572394476,0.0166987623794197,0.0314262103977726,0.20897153875484,0.320585714668749
"debt_growth","asset_liability_ratio",19,0.115252279882027,0.083368338291295,0.016597277923519,0.0318190009535456,0.207685090378076,0.31800860338065
"debt_growth","asset_liability_ratio",20,0.115181488658158,0.0838288419473047,0.0166046597219977,0.0321484007702878,0.205705321197647,0.314528954319858
"debt_growth","asset_liability_ratio",21,0.115173767981563,0.0831781165450646,0.0169082727645114,0.0322635660512063,0.205859073864654,0.312905812524148
"real_house_price_growth","gdp_growth",1,0.11027901084772,0.0586193142594929,0.000579495399251272,0.00602201083978658,0.220740867855124,0.399937402921515
"real_house_price_growth","gdp_growth",2,0.109404542021316,0.0667939827829465,0.00327605361014647,0.0151257875096269,0.208218901479191,0.345151469078844
"real_house_price_growth","gdp_growth",3,0.111017498234397,0.0830787992088871,0.0132244738121765,0.0295697548947004,0.198379193459014,0.307050022684016
"real_house_price_growth","gdp_growth",4,0.111935167946919,0.0865785548441725,0.0160252340861918,0.0335438856170157,0.198795093323156,0.286958601451482
"real_house_price_growth","gdp_growth",5,0.112501730783066,0.0885682376196307,0.018610733378736,0.0379496781606849,0.196129594152432,0.278561380168956
"real_house_price_growth","gdp_growth",6,0.112775316983461,0.0910474569331898,0.0218553212972509,0.0405171511126401,0.194600839329247,0.276993735499286
"real_house_price_growth","gdp_growth",7,0.112490783943282,0.0940394495359703,0.0241386848625792,0.0417615309445196,0.185845724397284,0.271097366784697
"real_house_price_growth","gdp_growth",8,0.112334923664078,0.0934804421151804,0.0248574847923895,0.0421131805781903,0.185889602244438,0.264998051687474
"real_house_price_growth","gdp_growth",9,0.112432724141358,0.0939355518839279,0.0256358776503035,0.0427757553556474,0.186062625961188,0.26895896492685
"real_house_price_growth","gdp_growth",10,0.112483711991553,0.0947211975468411,0.0262468268799534,0.0437857019749233,0.186085542866439,0.266533836522588
"real_house_price_growth","gdp_growth",11,0.112361524860197,0.0941793846052657,0.028354873034531,0.0443682503452643,0.183774019763502,0.262779207800758
"real_house_price_growth","gdp_growth",12,0.112336881888565,0.0949007567704431,0.0287766078782694,0.0447781906479391,0.182509782679933,0.26079033047213
"real_house_price_growth","gdp_growth",13,0.11237363750224,0.0965089336261677,0.0287601300632217,0.0451052685587221,0.181497745360694,0.260869410146607
"real_house_price_growth","gdp_growth",14,0.112422834489414,0.0969003687612691,0.028675580700604,0.0451509962411904,0.179851757109243,0.263806984299441
"real_house_price_growth","gdp_growth",15,0.112393685975431,0.0970319301008793,0.0291848677999011,0.0450366528365886,0.179996129346574,0.264388076874901
"real_house_price_growth","gdp_growth",16,0.112393332495392,0.0969552312298172,0.0293016363883723,0.0452066859767408,0.179646129996768,0.263568886060393
"real_house_price_growth","gdp_growth",17,0.112380250285008,0.0968884562114849,0.0293509734180252,0.0456783671153941,0.179685435044295,0.262830907475368
"real_house_price_growth","gdp_growth",18,0.112409335347107,0.0970091397220949,0.0291308056069319,0.0458866031438306,0.17939825694514,0.26168377488928
"real_house_price_growth","gdp_growth",19,0.112423568023637,0.0969224653858865,0.0298423274972359,0.0462028900850455,0.179682452240282,0.261859358737059
"real_house_price_growth","gdp_growth",20,0.112438217843229,0.096754066101597,0.0299726742357957,0.0462977646506492,0.178563002805341,0.260120303166933
"real_house_price_growth","gdp_growth",21,0.112435178514149,0.0973029997615991,0.0301339100196612,0.0469118149882241,0.17892827536736,0.258795697697881
"real_house_price_growth","consumption_growth",1,0.115089663721908,0.0650672526173509,0.000332203181019636,0.00477862377080825,0.238376647254956,0.408377656323754
"real_house_price_growth","consumption_growth",2,0.112182059112259,0.069583181427059,0.00354591445900285,0.0150512462255569,0.215010165023741,0.375944575779669
"real_house_price_growth","consumption_growth",3,0.110990353943243,0.0828961022356363,0.0105232939106319,0.02842539910657,0.203065936362371,0.301471586583648
"real_house_price_growth","consumption_growth",4,0.11116674782524,0.0888832514574314,0.0141291880843806,0.030912490780355,0.195517028381768,0.287363331472584
"real_house_price_growth","consumption_growth",5,0.111245806075808,0.0878391755826623,0.0175962490869372,0.0342012988518675,0.192834612318402,0.28461383382922
"real_house_price_growth","consumption_growth",6,0.111695460847021,0.089434400738412,0.0192456353672116,0.0365986079264101,0.189506076257691,0.276433853291243
"real_house_price_growth","consumption_growth",7,0.111457773363414,0.0903539108398999,0.0200541116031046,0.0380261987529992,0.186155410646376,0.275828521111517
"real_house_price_growth","consumption_growth",8,0.111409999027949,0.0915297971853288,0.0215801499171471,0.0390410697263018,0.183929547914061,0.271536141615736
"real_house_price_growth","consumption_growth",9,0.111617565027206,0.0927271470657,0.0224200827634033,0.0398055026174554,0.184773874238052,0.268468845183034
"real_house_price_growth","consumption_growth",10,0.111721757353039,0.0928592593458694,0.0231408797088241,0.0403407044786675,0.183725240506155,0.265306558790991
"real_house_price_growth","consumption_growth",11,0.111659643828925,0.092323033688096,0.0242750916603764,0.0406846091838454,0.182797263377637,0.261854714867478
"real_house_price_growth","consumption_growth",12,0.11178762688324,0.0930288993382104,0.0246293689113967,0.0413677818437347,0.183158079900097,0.259580004681255
"real_house_price_growth","consumption_growth",13,0.111865120256516,0.093731340095895,0.0251616735472738,0.0419730760193554,0.182568985828049,0.258197884232648
"real_house_price_growth","consumption_growth",14,0.111868628849538,0.0938971368779805,0.0254998220576895,0.0421278510667678,0.182464227104098,0.257925206370835
"real_house_price_growth","consumption_growth",15,0.111855916386517,0.0940923930462843,0.0256655463077571,0.0423442035834279,0.181396419395572,0.255977322746686
"real_house_price_growth","consumption_growth",16,0.111911111322687,0.0938073228375888,0.0262171742757258,0.0430840269976942,0.182042365096043,0.255004783396852
"real_house_price_growth","consumption_growth",17,0.111905375642534,0.0937300585428895,0.0266270979804787,0.0430291658183297,0.181122822215262,0.254548090269335
"real_house_price_growth","consumption_growth",18,0.111891544165189,0.0936759699455973,0.0267735704141561,0.0431966353745097,0.181211634763715,0.25399722109269
"real_house_price_growth","consumption_growth",19,0.111876033169448,0.0946649997249702,0.0269001807895473,0.0434753866989368,0.181185598760258,0.253694974633846
"real_house_price_growth","consumption_growth",20,0.111891147715295,0.0946819988163219,0.0268769168638686,0.0436308093899134,0.180689826687583,0.253361649931277
"real_house_price_growth","consumption_growth",21,0.111901637525489,0.0945811146285243,0.0269819760530526,0.0439119367284627,0.180310373530214,0.25369940858659
"real_house_price_growth","cpi_growth",1,0.105353743026286,0.0494317904949062,0.000594150209444503,0.00484384280555909,0.218380663935882,0.407921877675244
"real_house_price_growth","cpi_growth",2,0.104652160990856,0.0606324882255689,0.00464925842731872,0.0167289842150822,0.202407169841825,0.350595071182733
"real_house_price_growth","cpi_growth",3,0.109480639808192,0.0765401901503536,0.0117267903618964,0.0275543410510938,0.205551432021808,0.301954932768521
"real_house_price_growth","cpi_growth",4,0.110508732271327,0.0816987180075666,0.0156031399399331,0.0309142968252934,0.200198269314392,0.285659859512105
"real_house_price_growth","cpi_growth",5,0.111206215679143,0.0857932509352919,0.0187310234205519,0.0339516009074276,0.195685881003784,0.284835457325879
"real_house_price_growth","cpi_growth",6,0.111650928055302,0.0866209473189654,0.0213437001351809,0.0374857876512299,0.191985931325761,0.273239087023516
"real_house_price_growth","cpi_growth",7,0.111263247795831,0.0873333444925974,0.0234327043881997,0.0380157194751829,0.189872156734123,0.270879185370582
"real_house_price_growth","cpi_growth",8,0.111015653136299,0.0883469162482684,0.0242012636467341,0.0400824300372284,0.187186421932549,0.264536541429048
"real_house_price_growth","cpi_growth",9,0.110950023473557,0.0892129492108601,0.0249820422753033,0.0411276071362232,0.186545790637975,0.260794254862477
"real_house_price_growth","cpi_growth",10,0.110924056391698,0.090601807553538,0.0250951796950932,0.0418848663860267,0.185546031247438,0.258175169503284
"real_house_price_growth","cpi_growth",11,0.110761037134193,0.0907127376862748,0.0251178005177287,0.0425251427625357,0.185423452454901,0.256205538894827
"real_house_price_growth","cpi_growth",12,0.110817158240893,0.0909991851916338,0.0255709943757378,0.0436633649160072,0.185244501537551,0.25302986037207
"real_house_price_growth","cpi_growth",13,0.110895797752548,0.0908645255168158,0.0259170466128794,0.0441662079562047,0.185632862323218,0.251751649169249
"real_house_price_growth","cpi_growth",14,0.110950627044477,0.091128151942661,0.0264960911634796,0.0445884784664213,0.184687610312346,0.250812119514685
"real_house_price_growth","cpi_growth",15,0.110970341662662,0.0910590779379871,0.0269522408269648,0.0449916814588449,0.184018183123296,0.248829577254752
"real_house_price_growth","cpi_growth",16,0.111021740398717,0.0913166264115872,0.027286714429594,0.0453703057582937,0.183394008262629,0.24735493680009
"real_house_price_growth","cpi_growth",17,0.111043239538323,0.0914890393733349,0.0277876543030508,0.0452376418554207,0.183204537296816,0.246837541878986
"real_house_price_growth","cpi_growth",18,0.111071556264151,0.0918624002139831,0.0278216414394852,0.0451473880777814,0.183526682791375,0.246739776520626
"real_house_price_growth","cpi_growth",19,0.11110520932554,0.0920158474465029,0.0278353471332234,0.0453365180500117,0.184213368552188,0.24623662321178
"real_house_price_growth","cpi_growth",20,0.111151034189713,0.0920252309158,0.0278748024501037,0.0456924337148175,0.184092853111994,0.24627046908286
"real_house_price_growth","cpi_growth",21,0.111192059570292,0.0923086443706012,0.0278039616835335,0.0459138438174368,0.184374803754256,0.24631241751151
"real_house_price_growth","saving_rate",1,0.110810653827817,0.05334521999334,0.000458272520705313,0.00462564726209747,0.236195766666732,0.418838024470299
"real_house_price_growth","saving_rate",2,0.111958190996123,0.0682959079161595,0.00439752843303599,0.0149394227128906,0.216492760713048,0.366947546345871
"real_house_price_growth","saving_rate",3,0.113509259703408,0.0900073670832734,0.0112856105108669,0.0289758406193082,0.198353986344111,0.31224278523694
"real_house_price_growth","saving_rate",4,0.112834985506573,0.0898037364613743,0.0136963118989439,0.0319759174487635,0.193683243966748,0.289808789303762
"real_house_price_growth","saving_rate",5,0.11344970802825,0.0905686467523673,0.0202817311407436,0.0344150130964535,0.19301506052812,0.285331987665838
"real_house_price_growth","saving_rate",6,0.113778506672515,0.0930623923093741,0.0224200658451576,0.0368726301079892,0.189861395085691,0.277969449699824
"real_house_price_growth","saving_rate",7,0.113275403054061,0.0912851095490746,0.0227543438667808,0.0390085624233646,0.18906929954267,0.276894228361368
"real_house_price_growth","saving_rate",8,0.113266229192498,0.092737913876013,0.0235740396548973,0.0402282221385222,0.188237017066632,0.27636268663425
"real_house_price_growth","saving_rate",9,0.113349837716141,0.0934165401137455,0.0246580954009511,0.0413154210866138,0.186345902583229,0.27454416225428
"real_house_price_growth","saving_rate",10,0.113410666734228,0.0942244064318237,0.0249689181502411,0.0423698172295318,0.184855093963434,0.271889489330045
"real_house_price_growth","saving_rate",11,0.113352965423795,0.0940362440430549,0.0251929066023835,0.0431496731261026,0.182708779376486,0.26802501910908
"real_house_price_growth","saving_rate",12,0.113311943183705,0.0949105175545135,0.0254576718930426,0.0436666651953552,0.183733512910251,0.266498046476915
"real_house_price_growth","saving_rate",13,0.113236601273026,0.0956385693321046,0.0261469516355946,0.0438329196264051,0.182867432080847,0.266582344807342
"real_house_price_growth","saving_rate",14,0.113114238882433,0.0955940369075409,0.0260283147495756,0.0442999509562172,0.183779153670226,0.265539877470407
"real_house_price_growth","saving_rate",15,0.11308273787928,0.0959355801159241,0.026581750440194,0.0442841509791939,0.184448864973506,0.26476099949468
"real_house_price_growth","saving_rate",16,0.113074862433297,0.0957082963231081,0.0267645992982369,0.0443564904261581,0.185848689780179,0.263561432286995
"real_house_price_growth","saving_rate",17,0.113074329650431,0.0956069374807058,0.0269295072412715,0.0449941298684116,0.184901871198864,0.262696257925787
"real_house_price_growth","saving_rate",18,0.113030849066564,0.0953936717047316,0.0271452217804351,0.0453501741778712,0.184021140305807,0.261924625472353
"real_house_price_growth","saving_rate",19,0.113007585530332,0.0952566251498064,0.0275698610552097,0.0456575477630747,0.184312595010201,0.261295453190666
"real_house_price_growth","saving_rate",20,0.113029898321882,0.0955055489108031,0.0278352898270113,0.0458887316988517,0.184025347416399,0.263153336078443
"real_house_price_growth","saving_rate",21,0.113046322635126,0.0959861856233529,0.0278516311439013,0.0457614100510263,0.183721099163343,0.262724406543934
"real_house_price_growth","policy_rate",1,0.100196742126464,0.0484617814162743,0.000432200903609166,0.00464572975438713,0.208514625797036,0.372703120278672
"real_house_price_growth","policy_rate",2,0.106408948407099,0.064237879819691,0.00429392870888121,0.0136772240716026,0.205633817530615,0.36171803916813
"real_house_price_growth","policy_rate",3,0.0998729662048341,0.0808372484308915,0.0156080800984812,0.031154367889703,0.169906242648971,0.25688787326236
"real_house_price_growth","policy_rate",4,0.0983007227125195,0.0807310675039265,0.0184682415833874,0.0344614334961197,0.160672588064699,0.238065079448332
"real_house_price_growth","policy_rate",5,0.0952748354806508,0.0804230227587339,0.0206401344922282,0.0366457696052346,0.154195541948776,0.222194432580255
"real_house_price_growth","policy_rate",6,0.0938086067179747,0.081087386537611,0.0223510457528047,0.0375791332676173,0.149374503455916,0.209454143696141
"real_house_price_growth","policy_rate",7,0.0985223990861424,0.0871291072930741,0.0247442737798714,0.041974001964797,0.152724169000498,0.217260915299529
"real_house_price_growth","policy_rate",8,0.0999408070478078,0.0882530865355891,0.0251564028513066,0.0430669026723506,0.157262770372687,0.214409437872622
"real_house_price_growth","policy_rate",9,0.100127882736272,0.0895335802418144,0.0254342228566172,0.0430353202168602,0.155971211630406,0.210537614830076
"real_house_price_growth","policy_rate",10,0.0999774083593093,0.089631071695945,0.0258679090190406,0.0445142179435067,0.15517093153889,0.210044276802817
"real_house_price_growth","policy_rate",11,0.100555800294064,0.0898394086049664,0.0265497643915826,0.0449170823368188,0.156293129231381,0.208087020217523
"real_house_price_growth","policy_rate",12,0.100252068038543,0.0898615194770032,0.0271081587674828,0.0448891637246506,0.157640455176518,0.209024822930224
"real_house_price_growth","policy_rate",13,0.100071506980676,0.0894254336499715,0.0277955246457057,0.0450431305372666,0.157093154844852,0.208511923969287
"real_house_price_growth","policy_rate",14,0.0999875339408614,0.0902200808650864,0.02749387861606,0.0448515703272171,0.155678645696047,0.208008358341316
"real_house_price_growth","policy_rate",15,0.0999012247873505,0.0893456931275324,0.0279678517108228,0.0451223753594126,0.154719203180882,0.206048188026004
"real_house_price_growth","policy_rate",16,0.0996551023758671,0.0891816192375634,0.0279023578276997,0.0449231235583621,0.154495658436006,0.204488529448689
"real_house_price_growth","policy_rate",17,0.0994985432756164,0.0892675523466806,0.0279249251086903,0.0452783989175125,0.15428186602437,0.203420696429749
"real_house_price_growth","policy_rate",18,0.0994425011490492,0.0887940806175676,0.0285484316980859,0.0454202778734898,0.154726310893675,0.20359976916927
"real_house_price_growth","policy_rate",19,0.0993699706389187,0.0888131144034151,0.028619500410691,0.0453472175210903,0.153641372671507,0.202324921131856
"real_house_price_growth","policy_rate",20,0.0992328019141917,0.0891451009710659,0.0289035631821356,0.0454221083033276,0.153369606482669,0.202306191855308
"real_house_price_growth","policy_rate",21,0.0991194173351679,0.0892447589213691,0.0290684525599936,0.0455025085549235,0.153491185550484,0.201785533314421
"real_house_price_growth","interest_burden",1,0.111771733657739,0.0595246458383754,0.000623974090465898,0.00661485223344664,0.224482638562373,0.396916526850322
"real_house_price_growth","interest_burden",2,0.11203261242711,0.0688287239111675,0.00550507663466341,0.0191491970329351,0.215973026451012,0.361590916247182
"real_house_price_growth","interest_burden",3,0.114425488593242,0.0889894145520859,0.0119867278621549,0.0297964203534652,0.200494163988146,0.297467931518749
"real_house_price_growth","interest_burden",4,0.113561586977108,0.0918446068498339,0.0158238808152616,0.035008073843875,0.196031895716436,0.288511361004751
"real_house_price_growth","interest_burden",5,0.114335475511181,0.0924390168008186,0.0178849440413568,0.0389543987137377,0.192317669781187,0.287070041124406
"real_house_price_growth","interest_burden",6,0.114577781857495,0.0952763751870116,0.0212168537406199,0.0402325603511485,0.189697321426627,0.276808133073667
"real_house_price_growth","interest_burden",7,0.113972378125907,0.0963446628821705,0.0220334766948952,0.0410041300378797,0.187657903139206,0.268283928049169
"real_house_price_growth","interest_burden",8,0.113456478900623,0.0959219381624311,0.0235706302833623,0.0431693914933239,0.186001790082239,0.262554422497939
"real_house_price_growth","interest_burden",9,0.113254603706804,0.0965150792904365,0.0239004057049635,0.0442391824347361,0.185111636077016,0.260653626933555
"real_house_price_growth","interest_burden",10,0.113218738004047,0.0975217680081581,0.0245887614784486,0.0444851846273886,0.184813497014509,0.259361728264546
"real_house_price_growth","interest_burden",11,0.113133638655397,0.0974580488021956,0.0255718758311123,0.0456822293522984,0.183553178781928,0.256324016836121
"real_house_price_growth","interest_burden",12,0.113122150253839,0.0978958424179107,0.0268366359119076,0.045805422637566,0.184192324771761,0.25581681532885
"real_house_price_growth","interest_burden",13,0.113127200369715,0.0978025326884107,0.0266673811843143,0.0465025000211923,0.184817908774661,0.253789284597325
"real_house_price_growth","interest_burden",14,0.113195766506999,0.0977209498196955,0.0271680625309497,0.0465915748000251,0.184590407496846,0.253452273322154
"real_house_price_growth","interest_burden",15,0.113263831950766,0.0977967445472391,0.0278143672529482,0.0471789400474273,0.185235406368871,0.253628766187732
"real_house_price_growth","interest_burden",16,0.113343117421251,0.0980233348263097,0.0280019497781335,0.0478994076075748,0.183941523641135,0.252019069489677
"real_house_price_growth","interest_burden",17,0.113434266916682,0.0980984224775517,0.0279199605705111,0.0478748916971235,0.184238395907631,0.251172864964327
"real_house_price_growth","interest_burden",18,0.113506202585987,0.0981695052796077,0.0282051112871531,0.0480621823377286,0.184116777486398,0.250446091159668
"real_house_price_growth","interest_burden",19,0.113525657325637,0.0982458111524638,0.0283823904625085,0.0483795346782423,0.184001065319745,0.252326671923876
"real_house_price_growth","interest_burden",20,0.113542580110605,0.0986359568146039,0.0284418742256082,0.0485045909778275,0.184546387532362,0.251625029738361
"real_house_price_growth","interest_burden",21,0.113563991325627,0.098880133788726,0.0285243112319033,0.0485449729028124,0.184605179276997,0.251166497515734
"real_house_price_growth","debt_growth",1,0.116562206461928,0.0651975072385092,0.000621578637619562,0.00571109314298817,0.232330583453181,0.419981046771312
"real_house_price_growth","debt_growth",2,0.114579026977169,0.0714881349783927,0.00505840604455106,0.0183784541148065,0.220216663428673,0.382532018087133
"real_house_price_growth","debt_growth",3,0.112543393733176,0.0863919594839573,0.0119984379464566,0.0284413380361848,0.198431513044766,0.295786418577596
"real_house_price_growth","debt_growth",4,0.112046952421822,0.0891610054499528,0.0160611385962992,0.0325526706542214,0.191969101953891,0.283921244404207
"real_house_price_growth","debt_growth",5,0.111823573925133,0.0910710553222168,0.0190453247613017,0.0361300907359221,0.188672382195732,0.283104349642376
"real_house_price_growth","debt_growth",6,0.112156740067613,0.0925169042308529,0.0231529139744472,0.0404021669838424,0.181352413312913,0.274717008790629
"real_house_price_growth","debt_growth",7,0.111520076382951,0.0931814386824373,0.0251764432241318,0.0417674487813513,0.178428786295695,0.267584600565728
"real_house_price_growth","debt_growth",8,0.111417719140212,0.0931002355154648,0.0263245176457379,0.0436336691247559,0.17779241941836,0.258219487838249
"real_house_price_growth","debt_growth",9,0.111320992916562,0.0937115663762494,0.0266203553126911,0.0443780104584321,0.176060484984548,0.257696189354002
"real_house_price_growth","debt_growth",10,0.111317640928351,0.0934922343634621,0.0270536412736594,0.0448034424492876,0.174790316176489,0.2551245921235
"real_house_price_growth","debt_growth",11,0.111362768047665,0.0949378191339965,0.0276972086660084,0.0456845986383504,0.174361552700448,0.252336894601107
"real_house_price_growth","debt_growth",12,0.111343062588778,0.0944396547633498,0.0280165911013264,0.0456251405668261,0.174867825606147,0.249897996524479
"real_house_price_growth","debt_growth",13,0.111316261057136,0.0944304234641432,0.027888483556809,0.0457043158063672,0.173993927833334,0.249548606288066
"real_house_price_growth","debt_growth",14,0.111274523807699,0.0945708488273359,0.0276625983320934,0.0460369937470012,0.172565289046495,0.248322665379309
"real_house_price_growth","debt_growth",15,0.111326037463828,0.0950820738661172,0.0280599311945562,0.0463918241330553,0.172869992393812,0.247083909676332
"real_house_price_growth","debt_growth",16,0.111343743058921,0.0948308433289338,0.0289166662541232,0.0463416379636415,0.173236074265602,0.247111159456733
"real_house_price_growth","debt_growth",17,0.111426787113674,0.0949654949443285,0.028757698319271,0.0467649075582554,0.172782042372126,0.249435243622764
"real_house_price_growth","debt_growth",18,0.111474274147255,0.0955168890162387,0.0287676398818211,0.0472804128577216,0.17240594012517,0.249115683339077
"real_house_price_growth","debt_growth",19,0.111547345482407,0.0965013555977243,0.0286280510006339,0.0477270800222471,0.171348922541889,0.249006233280427
"real_house_price_growth","debt_growth",20,0.11160370850163,0.0964508889414665,0.0287300547081047,0.0477613032338047,0.170583345386749,0.248725725914173
"real_house_price_growth","debt_growth",21,0.111666517829844,0.0966264560339536,0.0286114262036731,0.0477517481845045,0.170578215320699,0.248478629239472
"real_house_price_growth","real_house_price_growth",1,0.115305378309902,0.0644151896682484,0.000614741676630648,0.00534277026570425,0.246530178807512,0.3828430162998
"real_house_price_growth","real_house_price_growth",2,0.116273223081948,0.0758623019361889,0.00506626398276252,0.0157053386320199,0.218552679675719,0.373574107360777
"real_house_price_growth","real_house_price_growth",3,0.114908193936329,0.088180940953654,0.0124548075048118,0.0281947021546456,0.205979677147581,0.319629880498074
"real_house_price_growth","real_house_price_growth",4,0.115299544001332,0.0930887643274133,0.0162598523445147,0.0327109136273214,0.201068039469004,0.301632140732161
"real_house_price_growth","real_house_price_growth",5,0.11478517667798,0.0917471057917386,0.0183734593270121,0.0349888573481607,0.202433323601177,0.295573078203629
"real_house_price_growth","real_house_price_growth",6,0.114332887071733,0.092301155225058,0.0198171428373078,0.0383580688036013,0.196075570983026,0.285237701380806
"real_house_price_growth","real_house_price_growth",7,0.113120723860835,0.0943490386198482,0.0211701800945152,0.0389622873987319,0.189875843296355,0.278969397357878
"real_house_price_growth","real_house_price_growth",8,0.113074438169156,0.0954472677635206,0.0217568406005545,0.0406591180777273,0.191840267930455,0.275782787591694
"real_house_price_growth","real_house_price_growth",9,0.113057078509057,0.0967136653364221,0.0227218189796766,0.0414143679736536,0.190392772997053,0.272557506255379
"real_house_price_growth","real_house_price_growth",10,0.113070711452172,0.0975998719268569,0.0245563436096244,0.0414533379599282,0.187286763064644,0.270102408233005
"real_house_price_growth","real_house_price_growth",11,0.113089145653726,0.0967343165743705,0.0258421035380542,0.0430281238796265,0.187814689631936,0.266058924151905
"real_house_price_growth","real_house_price_growth",12,0.113219150197803,0.0966183634820708,0.0258592072931139,0.0431794636714677,0.186882457702266,0.265426972711894
"real_house_price_growth","real_house_price_growth",13,0.113251032185678,0.0964274960560536,0.0264354232541005,0.0438094579273396,0.188221615881599,0.26598808741206
"real_house_price_growth","real_house_price_growth",14,0.113241353198918,0.0962524320038439,0.0265700397203671,0.0442365913962273,0.186806406652068,0.265812316149868
"real_house_price_growth","real_house_price_growth",15,0.11326231463719,0.0974267062017611,0.0263703703124396,0.0444746682036643,0.186891974155809,0.263737861304275
"real_house_price_growth","real_house_price_growth",16,0.113264060861,0.0975644210642692,0.0264275410344818,0.0444936096070636,0.18693344795741,0.262779422934453
"real_house_price_growth","real_house_price_growth",17,0.113239495901209,0.0975742528025958,0.0266558313984463,0.0447721092116953,0.186173782061712,0.26080496443378
"real_house_price_growth","real_house_price_growth",18,0.11316309427355,0.0978500776078272,0.0271115602330127,0.0447219065341611,0.185302232709803,0.26111435972199
"real_house_price_growth","real_house_price_growth",19,0.113128797073642,0.0979164427097166,0.0271303666195575,0.0449556828661144,0.184787080415685,0.260881345783707
"real_house_price_growth","real_house_price_growth",20,0.11309644038877,0.0979987631132507,0.0278294423171596,0.0452887528992242,0.184437761550959,0.259952349352593
"real_house_price_growth","real_house_price_growth",21,0.113078888108891,0.0977054651182432,0.027904280708612,0.0455717003619509,0.183966521728687,0.259940644236343
"real_house_price_growth","asset_liability_ratio",1,0.114630868020237,0.058771808934169,0.000448413365535531,0.00451326660760988,0.243426359618392,0.403992771251148
"real_house_price_growth","asset_liability_ratio",2,0.11250923598612,0.0718807564085376,0.00430058336740712,0.0158002464967622,0.224275934050063,0.360277453171171
"real_house_price_growth","asset_liability_ratio",3,0.113252205843179,0.0860866430881272,0.0109126428313144,0.0291642101016054,0.199325534550897,0.307959858534313
"real_house_price_growth","asset_liability_ratio",4,0.114345560337158,0.0907797158042581,0.0135043937119255,0.0344093065597601,0.191596059204328,0.290294912711769
"real_house_price_growth","asset_liability_ratio",5,0.115377477838788,0.0911831766762044,0.0172988754856359,0.037157829363302,0.193511065446417,0.289424026189502
"real_house_price_growth","asset_liability_ratio",6,0.115223771726884,0.0925549717462406,0.0203427337814209,0.0397477663120259,0.190329825086571,0.283715417144062
"real_house_price_growth","asset_liability_ratio",7,0.114377214387577,0.0929494671210405,0.0229934155295061,0.0414099047949953,0.187635939090944,0.275089348154262
"real_house_price_growth","asset_liability_ratio",8,0.114083751721377,0.0930969157494117,0.0238269209660538,0.043191746305361,0.18429524446927,0.271582217611997
"real_house_price_growth","asset_liability_ratio",9,0.113889291773043,0.0944536769575833,0.0250569828009458,0.0442125525000607,0.182055272023006,0.268480453792578
"real_house_price_growth","asset_liability_ratio",10,0.113875308785602,0.0950261458117354,0.0255171108736706,0.0443709187600607,0.182949874678208,0.265905849711569
"real_house_price_growth","asset_liability_ratio",11,0.113723476102037,0.0959184056057175,0.0261418084813336,0.0448460781213319,0.183752835111954,0.266627271629109
"real_house_price_growth","asset_liability_ratio",12,0.113809958724635,0.095541281393252,0.0271380905541438,0.045413319824389,0.18435430228242,0.266671544637679
"real_house_price_growth","asset_liability_ratio",13,0.113862842622466,0.0954857162156771,0.0272336307232971,0.045598125421602,0.184631600506209,0.267397453697617
"real_house_price_growth","asset_liability_ratio",14,0.11394449327966,0.0954686182532439,0.027718673145152,0.0457535059759663,0.184221868248619,0.266310767286345
"real_house_price_growth","asset_liability_ratio",15,0.113943909256975,0.0955507079890374,0.0280065086581722,0.0463545855523983,0.184064780837953,0.265709809701105
"real_house_price_growth","asset_liability_ratio",16,0.113992929632867,0.0959407172716039,0.0281421122358897,0.0472395656311562,0.183434046761819,0.263835583897138
"real_house_price_growth","asset_liability_ratio",17,0.113997711676522,0.0963134647850557,0.0282067876067717,0.0476142747963588,0.183674881144854,0.262686285102946
"real_house_price_growth","asset_liability_ratio",18,0.114010643001149,0.0973225332530301,0.0288025250151002,0.0478511291085873,0.183497445666635,0.262447719952704
"real_house_price_growth","asset_liability_ratio",19,0.114015833430437,0.0967385855491983,0.0291102150946947,0.0479489986389089,0.184176237069365,0.260351029249888
"real_house_price_growth","asset_liability_ratio",20,0.114014171014683,0.0963633395123761,0.0293364855565113,0.0483086018706583,0.183682330088319,0.260901300937231
"real_house_price_growth","asset_liability_ratio",21,0.113995987155413,0.0960705270923403,0.029268963045395,0.0484051860274855,0.183610122100337,0.260342065093311
"asset_liability_ratio","gdp_growth",1,0.105446339213425,0.049999253927217,0.000509363034592305,0.00429040308253871,0.22268987508462,0.407165648917839
"asset_liability_ratio","gdp_growth",2,0.106078194523628,0.0577295080772446,0.00212609111222881,0.00812134991574373,0.221502573076172,0.382015841180958
"asset_liability_ratio","gdp_growth",3,0.105961469364656,0.0596892020558039,0.00325409552425575,0.00982795842271173,0.216007557854297,0.370758646421449
"asset_liability_ratio","gdp_growth",4,0.106537204567836,0.0599637233428718,0.00457199403340057,0.0111287455556672,0.21107753706936,0.370252508900727
"asset_liability_ratio","gdp_growth",5,0.106758119647062,0.0593780117713545,0.00559203251011854,0.0123506918886507,0.214859491286823,0.370465985542143
"asset_liability_ratio","gdp_growth",6,0.106858710410734,0.060141763561219,0.00570775492507914,0.0128886342452447,0.206750978049099,0.368111767577339
"asset_liability_ratio","gdp_growth",7,0.106933701854092,0.0619604463914524,0.00589140439826432,0.0137972952591995,0.208790321518696,0.364068702497119
"asset_liability_ratio","gdp_growth",8,0.106904439159756,0.0621339190048154,0.00638754502913652,0.0141754748889583,0.209235368119,0.363157771268475
"asset_liability_ratio","gdp_growth",9,0.106769065306904,0.0617997953735717,0.0063157472242284,0.0148429837343325,0.206547922592351,0.358883677918138
"asset_liability_ratio","gdp_growth",10,0.106607741514036,0.0623774270403437,0.00644626049391898,0.0157136838228846,0.206728623971945,0.35387229938313
"asset_liability_ratio","gdp_growth",11,0.106506415103009,0.0617062313355248,0.00689878067870711,0.0158814911058291,0.207131145993068,0.354007620880643
"asset_liability_ratio","gdp_growth",12,0.106472495203025,0.0628505398598332,0.00690710813012684,0.017207959556168,0.203975425768543,0.356584086454085
"asset_liability_ratio","gdp_growth",13,0.106450122888446,0.0628214994710641,0.00700226789285052,0.0174498251868196,0.198878300651093,0.35693163846382
"asset_liability_ratio","gdp_growth",14,0.106445452137512,0.0633869589626433,0.00694597329844335,0.017984001847767,0.198245897505077,0.352814446541339
"asset_liability_ratio","gdp_growth",15,0.106468002742671,0.0647826130504153,0.00702350626265139,0.0179771859340814,0.199655071218249,0.346112597430727
"asset_liability_ratio","gdp_growth",16,0.10653479354296,0.0656830677724163,0.00753553523479416,0.0186327959826514,0.200409384806551,0.349353054834265
"asset_liability_ratio","gdp_growth",17,0.106608188420953,0.066652085127556,0.00747030020058241,0.018904626064245,0.202496654335098,0.354511241940187
"asset_liability_ratio","gdp_growth",18,0.106680064067251,0.0669799413595741,0.00760726935135422,0.0189229389966058,0.2034125811541,0.350385698878315
"asset_liability_ratio","gdp_growth",19,0.106750518504609,0.065904514222952,0.00765061453790804,0.018787155100635,0.205497382009362,0.352261884682967
"asset_liability_ratio","gdp_growth",20,0.106831938200944,0.0660787270252414,0.00783501486715285,0.0190677357246971,0.205596465227262,0.351925115413742
"asset_liability_ratio","gdp_growth",21,0.106908207646759,0.066381231222323,0.00779877568369021,0.0188662922978554,0.204111853493002,0.35113096345827
"asset_liability_ratio","consumption_growth",1,0.105295622773856,0.0538057207350683,0.00065889774878732,0.00535876196319476,0.218611222987895,0.374473698497859
"asset_liability_ratio","consumption_growth",2,0.105419057150255,0.059284274747646,0.00221599261311574,0.00806327528995545,0.210859246531623,0.381952027933476
"asset_liability_ratio","consumption_growth",3,0.106228427622708,0.0609427632305857,0.00354207559741136,0.0109047003046016,0.205058001019004,0.387165537588993
"asset_liability_ratio","consumption_growth",4,0.10719994065526,0.0610075454246036,0.00429221675489461,0.0124108723856747,0.202708600791514,0.388496956326064
"asset_liability_ratio","consumption_growth",5,0.108485076828293,0.0649986671879525,0.00491815970385143,0.0125868905133341,0.202141645163069,0.393204588374535
"asset_liability_ratio","consumption_growth",6,0.109544718144328,0.0646305132071067,0.00586646606844265,0.0135828539602265,0.203892288954039,0.379846211888723
"asset_liability_ratio","consumption_growth",7,0.110302145773107,0.0643055171809232,0.00623792892377545,0.0147162108933365,0.210269451792745,0.376537854560785
"asset_liability_ratio","consumption_growth",8,0.110968538271165,0.0645303712258573,0.00648811409662612,0.0153396715523189,0.214079988648424,0.373823467293794
"asset_liability_ratio","consumption_growth",9,0.11162998668004,0.0640362412292857,0.00653997253420706,0.0157245988827113,0.216765650537626,0.374081360575154
"asset_liability_ratio","consumption_growth",10,0.112093346267381,0.0668761727283224,0.0069256257800348,0.0158763461635336,0.213764071480465,0.365810630006293
"asset_liability_ratio","consumption_growth",11,0.112410711199421,0.066645938097629,0.00730985329296483,0.0162605780255283,0.216687846546232,0.355564717647983
"asset_liability_ratio","consumption_growth",12,0.112644854796143,0.0658699796115851,0.00734121063803796,0.0173003424683715,0.21591344350038,0.362420198473976
"asset_liability_ratio","consumption_growth",13,0.112837068001294,0.0671132584978784,0.00751188599497341,0.0182853049162076,0.218249672306623,0.359472476664252
"asset_liability_ratio","consumption_growth",14,0.112972536724551,0.0680079872813307,0.00790463429742526,0.0188049921339832,0.21700696854805,0.3617077442403
"asset_liability_ratio","consumption_growth",15,0.113064832159222,0.0676670257050632,0.00809316564627939,0.0191191655489175,0.217236161360827,0.353165648022476
"asset_liability_ratio","consumption_growth",16,0.113141126070068,0.0689048203397798,0.00818002286508343,0.0189660628870359,0.215128922009492,0.355350380395733
"asset_liability_ratio","consumption_growth",17,0.113213738388082,0.0684641423513377,0.0083123881252165,0.0193520726285909,0.211078909485384,0.362511593971279
"asset_liability_ratio","consumption_growth",18,0.113287741996993,0.0695356091183699,0.00826831658256912,0.0191489929272483,0.210954915130481,0.366951667581989
"asset_liability_ratio","consumption_growth",19,0.113349022378038,0.069159449939411,0.00854105025639017,0.0192895523494094,0.213182487193809,0.368416524789975
"asset_liability_ratio","consumption_growth",20,0.113413032082554,0.071003785932475,0.00859889144867713,0.0190869760534466,0.211385910615309,0.369206214746065
"asset_liability_ratio","consumption_growth",21,0.113478862352374,0.0707507993427742,0.00861420878435117,0.0192598625120693,0.213559631714051,0.365198543561276
"asset_liability_ratio","cpi_growth",1,0.11326388457097,0.0579143056584528,0.000386682859020285,0.00435685536565041,0.235547307674223,0.423979995444426
"asset_liability_ratio","cpi_growth",2,0.114123493156211,0.058959843050877,0.00186660905862466,0.00704433293576621,0.234521946179384,0.403070741161961
"asset_liability_ratio","cpi_growth",3,0.113618160499769,0.0628021561036631,0.00255953328203961,0.00915267960022587,0.230181576944885,0.395588153725786
"asset_liability_ratio","cpi_growth",4,0.113526151680485,0.063990362803253,0.0038761373698855,0.0112907648681229,0.229022918197443,0.397960112581642
"asset_liability_ratio","cpi_growth",5,0.113603464330258,0.0659446766381285,0.00465384593260603,0.0126974997531925,0.227205504915634,0.388329498922021
"asset_liability_ratio","cpi_growth",6,0.113540220069275,0.0649981789825398,0.00493394559042462,0.0131558990556948,0.225976526390647,0.380016061593712
"asset_liability_ratio","cpi_growth",7,0.113266936768583,0.0626999212970804,0.00514064479900049,0.0137719137036697,0.223629500830197,0.371266506107875
"asset_liability_ratio","cpi_growth",8,0.113034611197789,0.0631154221847881,0.00534726100160742,0.014745299128864,0.222954508405387,0.366347617368886
"asset_liability_ratio","cpi_growth",9,0.112806227029426,0.0623223951759406,0.00565939687004392,0.0164075256245699,0.220181787813362,0.36500030354109
"asset_liability_ratio","cpi_growth",10,0.112504501221543,0.0616726820082177,0.00582510288616014,0.0161528600379038,0.223042290797024,0.368674593421456
"asset_liability_ratio","cpi_growth",11,0.112195940838749,0.0611685362033181,0.0060019287859714,0.0162973226516958,0.220461928431478,0.364106044610646
"asset_liability_ratio","cpi_growth",12,0.111968436944898,0.0626688071785573,0.00655198445894675,0.0166343622825936,0.220820886074563,0.35310029509355
"asset_liability_ratio","cpi_growth",13,0.11179993319086,0.0640293962056027,0.00681575468881786,0.016970576955942,0.221378977049514,0.345935816855335
"asset_liability_ratio","cpi_growth",14,0.111650049193009,0.0634598821786932,0.0069455423737306,0.0178364708127207,0.219617510088836,0.3457977904599
"asset_liability_ratio","cpi_growth",15,0.11152008405533,0.0658282159920739,0.00730304100194654,0.0181262825888847,0.219227535566022,0.346898790341586
"asset_liability_ratio","cpi_growth",16,0.111435419172562,0.066332626562717,0.00747855272890461,0.01917804263994,0.219648727861413,0.348779667258772
"asset_liability_ratio","cpi_growth",17,0.111389826839428,0.066420958715056,0.00737400158024638,0.0196448872851118,0.221117281274432,0.347037233852338
"asset_liability_ratio","cpi_growth",18,0.111355599669789,0.0663954117533745,0.00738607023598696,0.0199374231433345,0.218199074815837,0.345125574824331
"asset_liability_ratio","cpi_growth",19,0.111337124822985,0.0669789909650995,0.0076266401231985,0.0200195565584873,0.217500011212791,0.343412639540504
"asset_liability_ratio","cpi_growth",20,0.111342905208109,0.0666310746657429,0.00743278831615754,0.0205517650706641,0.217644838267671,0.34665565797911
"asset_liability_ratio","cpi_growth",21,0.111377208313466,0.0668942880859209,0.0073069389853481,0.0208138405697619,0.213993818424135,0.350347997096306
"asset_liability_ratio","saving_rate",1,0.115612782505567,0.067941644837299,0.00065128870439666,0.00510651926934207,0.244117252750936,0.392150021745075
"asset_liability_ratio","saving_rate",2,0.115303158459709,0.0667055072060242,0.00236886938013625,0.00920309847771221,0.23426893147205,0.390643611916799
"asset_liability_ratio","saving_rate",3,0.115864969226538,0.06680904806301,0.00371404858855801,0.0114058963282053,0.241199212179068,0.391083753416098
"asset_liability_ratio","saving_rate",4,0.115581645364681,0.0645903105185162,0.0047857818581816,0.0133920209967878,0.235927589551292,0.38486995450664
"asset_liability_ratio","saving_rate",5,0.115348097578136,0.066764369692613,0.00524911363790446,0.0154564064482621,0.230402846710612,0.374928323081628
"asset_liability_ratio","saving_rate",6,0.115402355858633,0.0667120067821161,0.00593644014458545,0.0156167192643754,0.230853863653549,0.37403736266069
"asset_liability_ratio","saving_rate",7,0.115632202209662,0.0668639116444178,0.00670077575569901,0.0158848503129443,0.233602472820959,0.363866057242394
"asset_liability_ratio","saving_rate",8,0.115970592955756,0.0703233406404837,0.00679870191374922,0.0164666354898395,0.229472472729027,0.365355779850343
"asset_liability_ratio","saving_rate",9,0.116247580367917,0.0715214133525724,0.00672408049767241,0.0167617822275339,0.227669539918882,0.360553953062737
"asset_liability_ratio","saving_rate",10,0.116533967906029,0.0724750993870564,0.0071328689302006,0.0178343976979763,0.230629535828744,0.355951406524761
"asset_liability_ratio","saving_rate",11,0.116843976070866,0.0741064154061981,0.00733303406734264,0.0181473506661558,0.229370173136502,0.362604240364055
"asset_liability_ratio","saving_rate",12,0.117147929159418,0.0754012345101049,0.00773712541031477,0.0188903631501726,0.228045829820024,0.369166461125408
"asset_liability_ratio","saving_rate",13,0.117368199552707,0.0756299730338279,0.00803761119701128,0.0188924084015262,0.227353875029586,0.371541403391469
"asset_liability_ratio","saving_rate",14,0.117542848788726,0.075834462513228,0.00835024364574164,0.0188874096497368,0.224415521355814,0.368908559256182
"asset_liability_ratio","saving_rate",15,0.117688542901624,0.0764352974461975,0.00801086658469694,0.0191046847416661,0.224180732418483,0.364138184979541
"asset_liability_ratio","saving_rate",16,0.117827411723256,0.0760544921832727,0.00783050539848826,0.0194379686527167,0.222567499912178,0.364839596786868
"asset_liability_ratio","saving_rate",17,0.117931279859559,0.0764733612740476,0.00773846470515491,0.0196896477906138,0.222491625339967,0.364185545924233
"asset_liability_ratio","saving_rate",18,0.118022623921855,0.077824988067717,0.00785257134276197,0.019545220931382,0.223552484585345,0.361174735255766
"asset_liability_ratio","saving_rate",19,0.118111220709726,0.0788252724930086,0.00816813841467758,0.0198926094552537,0.220183977116746,0.356076854540137
"asset_liability_ratio","saving_rate",20,0.118207307889506,0.0791700873823979,0.00810008873848695,0.0198449589792604,0.219174090224726,0.357908984620981
"asset_liability_ratio","saving_rate",21,0.118291533044116,0.0789694509094216,0.0083453249980747,0.0201259897524205,0.218686262763476,0.356678190190356
"asset_liability_ratio","policy_rate",1,0.102885002618275,0.0563963118994585,0.000693325185924325,0.00532337851906851,0.218045851790817,0.348722978192689
"asset_liability_ratio","policy_rate",2,0.099672470348359,0.0533053853545494,0.00255338758893681,0.00874410000909454,0.205824670097914,0.339229025094157
"asset_liability_ratio","policy_rate",3,0.0971409578343158,0.0531929397747188,0.00313387526092124,0.0102171012004645,0.202052495875219,0.330742470820294
"asset_liability_ratio","policy_rate",4,0.095529974113652,0.0543382054036888,0.00453291529886477,0.0112372645729268,0.197965940976234,0.325594231514374
"asset_liability_ratio","policy_rate",5,0.0945117920436302,0.0535752333292945,0.00518714917965492,0.0124945191277026,0.191716541001673,0.321591724391095
"asset_liability_ratio","policy_rate",6,0.0945180939109885,0.0535447593926895,0.00560259933367058,0.0134856575931069,0.187545164938471,0.314661967475167
"asset_liability_ratio","policy_rate",7,0.0949487392472857,0.0533021124631463,0.00640032406973189,0.0142944487460892,0.185868316549882,0.326786017706653
"asset_liability_ratio","policy_rate",8,0.0951889351798301,0.0555748016036642,0.00634482501099314,0.0146987690269577,0.188742494536907,0.320395867496578
"asset_liability_ratio","policy_rate",9,0.0954227323513643,0.0557144423651091,0.00653699098728426,0.0154487360205359,0.190825058409189,0.322123679602917
"asset_liability_ratio","policy_rate",10,0.0957720461248916,0.0552555909450346,0.00680739308425383,0.0153070092865851,0.193007849014383,0.320821534046083
"asset_liability_ratio","policy_rate",11,0.0960313973929141,0.0549094255253874,0.00705527896347806,0.0156462131868364,0.192843627082957,0.315536078047223
"asset_liability_ratio","policy_rate",12,0.0960178802113229,0.0541268340328039,0.0072814365425093,0.0153668836305516,0.191115371656516,0.31954090011541
"asset_liability_ratio","policy_rate",13,0.0958995702286777,0.0540138100496597,0.00709680363499892,0.0151458640950492,0.188903239025206,0.317615066476098
"asset_liability_ratio","policy_rate",14,0.0957865230788259,0.0537517359206555,0.00731537500634366,0.0151699892979843,0.188716682810663,0.316802980003893
"asset_liability_ratio","policy_rate",15,0.0956502963470809,0.0540258723646461,0.00759304491605263,0.0151977511626367,0.191122529724612,0.313880722923583
"asset_liability_ratio","policy_rate",16,0.0954107033744988,0.0542169994146556,0.00761123639851283,0.0152380228664718,0.192188253589999,0.31264419233728
"asset_liability_ratio","policy_rate",17,0.095132466636389,0.0534488536927681,0.00754545444648252,0.0148863021694345,0.194304375501772,0.312072714391978
"asset_liability_ratio","policy_rate",18,0.0948750437144464,0.054081066044528,0.00752222569465327,0.0151797931860838,0.193604312844535,0.312825516429621
"asset_liability_ratio","policy_rate",19,0.0946249962154043,0.0538581483713881,0.00742628787459744,0.015241436617787,0.190647059090231,0.312625362685263
"asset_liability_ratio","policy_rate",20,0.0943419349369694,0.0534999808263617,0.00758808765479224,0.0149782835738093,0.188948267612499,0.310350131037658
"asset_liability_ratio","policy_rate",21,0.094045331964907,0.0536907176901156,0.00757305086989467,0.0152846471070562,0.189243777954386,0.307387080009778
"asset_liability_ratio","interest_burden",1,0.112960588556412,0.0568817103382275,0.000446070801377169,0.00486602596315001,0.233234427109678,0.423164431502762
"asset_liability_ratio","interest_burden",2,0.112922450572379,0.0600323479318424,0.00261718324233333,0.00854471605477977,0.225884031572791,0.400148510622139
"asset_liability_ratio","interest_burden",3,0.112746222191323,0.0605945863672338,0.00315197524321702,0.0103774865889381,0.223030218538841,0.387671272593991
"asset_liability_ratio","interest_burden",4,0.112792485009164,0.0603013418378276,0.00406712263148804,0.0117853377536963,0.226148926987955,0.391310529732123
"asset_liability_ratio","interest_burden",5,0.112670841106737,0.0604255038042301,0.0046773758039222,0.0133381311336989,0.221187191915302,0.38996543838661
"asset_liability_ratio","interest_burden",6,0.112348188410872,0.0599576498744767,0.00476424080519693,0.0137173567817454,0.220038060013751,0.384807738174606
"asset_liability_ratio","interest_burden",7,0.111915089074232,0.0615870949594485,0.00476634635253421,0.0142685862004139,0.219367724028688,0.382966336923204
"asset_liability_ratio","interest_burden",8,0.111572744187788,0.0630302764985458,0.00496541019202765,0.0143495485883407,0.221402913822621,0.387575095209955
"asset_liability_ratio","interest_burden",9,0.111307089385902,0.0641478362075188,0.0052057387735927,0.0142702954928501,0.222519742141365,0.380739122841568
"asset_liability_ratio","interest_burden",10,0.111071651469994,0.0640334175089942,0.00514913771200952,0.0143452304422517,0.219709728146012,0.375185735169389
"asset_liability_ratio","interest_burden",11,0.110902489995034,0.0647171231683746,0.00536448364173721,0.0149744583556981,0.219926214578089,0.371439652241438
"asset_liability_ratio","interest_burden",12,0.110829254453453,0.0642911872457297,0.00565157998105756,0.0154140277193359,0.216655402016856,0.365314567696097
"asset_liability_ratio","interest_burden",13,0.110818287100543,0.0651144057086495,0.00604445840882224,0.0156336379345702,0.210470397982053,0.369995968863882
"asset_liability_ratio","interest_burden",14,0.110827949121609,0.0665379701362969,0.00639405699390304,0.0159098092287356,0.206699843381955,0.37510520926308
"asset_liability_ratio","interest_burden",15,0.110858656271031,0.0670748747814155,0.00669708648380859,0.0166866024015375,0.206765247279056,0.378807323086359
"asset_liability_ratio","interest_burden",16,0.11088725820311,0.0674773373917802,0.00683928779891532,0.0174022139425782,0.211456267566013,0.378222016293067
"asset_liability_ratio","interest_burden",17,0.110907780532913,0.0682977369665123,0.00713085454431936,0.0172541265307884,0.211995769226864,0.381132627471044
"asset_liability_ratio","interest_burden",18,0.110910155331916,0.0681020542975658,0.00721898666728476,0.0172188123911562,0.21039697716759,0.376778240649643
"asset_liability_ratio","interest_burden",19,0.110905282860565,0.0700317078976459,0.00709546060495083,0.0171063241797799,0.209376631748672,0.375670159833386
"asset_liability_ratio","interest_burden",20,0.110878280927457,0.0695650005438901,0.00725554319938611,0.0175468972092656,0.212141116039318,0.369644929346413
"asset_liability_ratio","interest_burden",21,0.110834455582879,0.0696190100476594,0.00731470333568655,0.0175252760323859,0.216184467883863,0.36494666217313
"asset_liability_ratio","debt_growth",1,0.109479796227848,0.0573539035381049,0.000261258953841114,0.0046231893677626,0.224579770291937,0.392040258322363
"asset_liability_ratio","debt_growth",2,0.110140258313667,0.0607279961941437,0.00207116543267796,0.00842808025723382,0.231783474616214,0.377215617881462
"asset_liability_ratio","debt_growth",3,0.110423988658689,0.0631257765367466,0.00306605903134887,0.0096091637221313,0.222683142510341,0.372124043270815
"asset_liability_ratio","debt_growth",4,0.110177212004859,0.0618694917456732,0.00369807830637323,0.0118840636040018,0.218153967910581,0.378919625364735
"asset_liability_ratio","debt_growth",5,0.109671540581167,0.0629207503423389,0.00384405652640063,0.012855070648461,0.214963516494558,0.376627984983748
"asset_liability_ratio","debt_growth",6,0.109369578236162,0.0637523049962799,0.00465296064303216,0.0143360805131518,0.218238450946093,0.373323836503694
"asset_liability_ratio","debt_growth",7,0.109052297493362,0.0642646326822321,0.00561840879716177,0.0158110096242185,0.213933621534326,0.365713870176485
"asset_liability_ratio","debt_growth",8,0.108944826791284,0.0658117045350121,0.00604438757067918,0.0163708333811338,0.210393050802997,0.360183596665578
"asset_liability_ratio","debt_growth",9,0.108912415582156,0.0650852768962458,0.00680886087503761,0.0164806656255619,0.203426765245857,0.352683930415324
"asset_liability_ratio","debt_growth",10,0.109019370520751,0.0666921477629364,0.00726419437029403,0.0171023195161621,0.204016284007269,0.358592558010901
"asset_liability_ratio","debt_growth",11,0.109109227151606,0.0673712077738887,0.00748041725411296,0.0168813446745476,0.201685235219134,0.358312197582335
"asset_liability_ratio","debt_growth",12,0.109260206225145,0.0676956833704385,0.0076093367670835,0.0176271305233371,0.201770019013796,0.360291430308689
"asset_liability_ratio","debt_growth",13,0.109432281403936,0.068089063093656,0.00795209615238139,0.0179845490120636,0.204071717787731,0.361351597082034
"asset_liability_ratio","debt_growth",14,0.109650423254042,0.0693436659223666,0.00784759639210618,0.0184988516291885,0.201993465171253,0.356987840046304
"asset_liability_ratio","debt_growth",15,0.109860001228823,0.0690829591127796,0.00834742169610382,0.0189508073161784,0.203890739374871,0.357268598138558
"asset_liability_ratio","debt_growth",16,0.110099502851616,0.0698303160703854,0.00845614629484284,0.0189223166276405,0.206033321995095,0.355482320977783
"asset_liability_ratio","debt_growth",17,0.110340701344865,0.0697945126348913,0.00851227584595678,0.0191622439503678,0.204192787535145,0.355548227947798
"asset_liability_ratio","debt_growth",18,0.110592427999656,0.0701921145284343,0.00868308075259961,0.0197057647518913,0.205790483378809,0.354272810220326
"asset_liability_ratio","debt_growth",19,0.110827821136607,0.0717321009039628,0.00887908953249306,0.0198611262923663,0.207940926495518,0.35294803974508
"asset_liability_ratio","debt_growth",20,0.111066895437673,0.0729553600318673,0.00893423559162316,0.0201465546037738,0.209143538278023,0.35172687706309
"asset_liability_ratio","debt_growth",21,0.111293034755567,0.0727457977872135,0.00899964601411179,0.0208880735889675,0.209502447198736,0.355587811746979
"asset_liability_ratio","real_house_price_growth",1,0.114999587853607,0.0574130710214835,0.000319074698168902,0.00535315106192762,0.239521487606339,0.406808954492677
"asset_liability_ratio","real_house_price_growth",2,0.115103440812846,0.0620947301659675,0.00203615240392776,0.00805552901377716,0.237979815465644,0.380373627040741
"asset_liability_ratio","real_house_price_growth",3,0.116191502159498,0.0630665967506776,0.00270218646879851,0.00931190478201179,0.237239105206698,0.38616537482145
"asset_liability_ratio","real_house_price_growth",4,0.11687588339118,0.0636845944019241,0.00363217434781764,0.0115328877397212,0.239014035223579,0.388459320029554
"asset_liability_ratio","real_house_price_growth",5,0.11698902635886,0.0624346678403597,0.00439452931031768,0.0120820135000187,0.234759503762327,0.4076372911151
"asset_liability_ratio","real_house_price_growth",6,0.116653346729218,0.0639032025782746,0.00484623767942389,0.0128493712468163,0.233127410382905,0.410122933575161
"asset_liability_ratio","real_house_price_growth",7,0.11649174250229,0.0652092981597964,0.00534119803987889,0.0133916019531719,0.232467135025482,0.402219939349671
"asset_liability_ratio","real_house_price_growth",8,0.116369703203801,0.0648537247631389,0.00550351463576608,0.0134487967145346,0.22806459052045,0.4031200658315
"asset_liability_ratio","real_house_price_growth",9,0.116304903699438,0.0673797889465713,0.00612464962143333,0.0147932783382772,0.22946956056712,0.399542999529968
"asset_liability_ratio","real_house_price_growth",10,0.116322191519786,0.06820408057026,0.00619932660611497,0.0155626399072006,0.231941346538518,0.393704392049912
"asset_liability_ratio","real_house_price_growth",11,0.116456716333994,0.0687788832456454,0.00633818785811456,0.0154025223515951,0.227882885535856,0.390798950656687
"asset_liability_ratio","real_house_price_growth",12,0.116597836839974,0.0689971564345674,0.00658191251394871,0.0160187797211689,0.229294370970962,0.391658127179025
"asset_liability_ratio","real_house_price_growth",13,0.116751535493031,0.0722412535525563,0.00665852139557094,0.0165317681915944,0.231410670714328,0.394829808979425
"asset_liability_ratio","real_house_price_growth",14,0.116885021397507,0.0734876974828828,0.00694376539910849,0.0163799799671793,0.229544226790427,0.392102245173721
"asset_liability_ratio","real_house_price_growth",15,0.117013287397259,0.0729593805393744,0.00705457376877589,0.0168557192752209,0.228949971618566,0.390276410667543
"asset_liability_ratio","real_house_price_growth",16,0.117082268277249,0.0744370016641013,0.00701575098584499,0.017361974335807,0.228870884005855,0.385059850115607
"asset_liability_ratio","real_house_price_growth",17,0.117109932192795,0.0749059406388758,0.00732453366036753,0.0175274184256911,0.231124880783522,0.381260814951828
"asset_liability_ratio","real_house_price_growth",18,0.11709468593276,0.0759562014627912,0.00757066011543924,0.0178475615237527,0.228631739642251,0.377474395135438
"asset_liability_ratio","real_house_price_growth",19,0.117066516865624,0.0765809790989472,0.0080434814235898,0.0184019761543456,0.229125378438817,0.376488085959117
"asset_liability_ratio","real_house_price_growth",20,0.117010595371957,0.076308429969403,0.00798968819196663,0.0183245943739625,0.227004979847298,0.37487728582187
"asset_liability_ratio","real_house_price_growth",21,0.116950719954974,0.0762742389988245,0.00785776175689056,0.0188915031809093,0.226660181848933,0.375042186927785
"asset_liability_ratio","asset_liability_ratio",1,0.12005639568004,0.0629193263007006,0.000825905183054671,0.00737959761049698,0.247404400364108,0.435345495095739
"asset_liability_ratio","asset_liability_ratio",2,0.121237476662945,0.0701447842337609,0.00298264908566868,0.0105865163349154,0.237885012407463,0.417786882106726
"asset_liability_ratio","asset_liability_ratio",3,0.121824302442503,0.0698411790228788,0.00417240256749583,0.0116698394766301,0.249303123671503,0.421320376772208
"asset_liability_ratio","asset_liability_ratio",4,0.121779503212883,0.0698400399009688,0.00523168752907891,0.012872051162619,0.243883501646804,0.410155204467129
"asset_liability_ratio","asset_liability_ratio",5,0.121962041525856,0.0703468533681839,0.0055683626356589,0.0135351315511982,0.248169050238303,0.407914897979925
"asset_liability_ratio","asset_liability_ratio",6,0.121764788229789,0.071398089444445,0.00572582530380214,0.0141096033679357,0.247331460824455,0.401491306277515
"asset_liability_ratio","asset_liability_ratio",7,0.121457145077387,0.0736321616384264,0.00592492532513296,0.0157747426136278,0.244277738076737,0.39040459449654
"asset_liability_ratio","asset_liability_ratio",8,0.12104560905283,0.0727807519893034,0.00596647342674538,0.015857670636375,0.240150787265036,0.387892772351274
"asset_liability_ratio","asset_liability_ratio",9,0.120599999596853,0.0723850056104103,0.00666541313568529,0.0162655681928095,0.239364329988023,0.382902231252212
"asset_liability_ratio","asset_liability_ratio",10,0.120075183455588,0.0732708969368182,0.00706027686219381,0.0167018656026909,0.238042928681226,0.372471892994874
"asset_liability_ratio","asset_liability_ratio",11,0.119543125914406,0.0752133951163077,0.00733721437751481,0.0172557154151552,0.233695227960226,0.365087328104345
"asset_liability_ratio","asset_liability_ratio",12,0.119061106166619,0.0755564521979279,0.0072651773339518,0.0174764887910779,0.233772009036319,0.372638688847834
"asset_liability_ratio","asset_liability_ratio",13,0.118643002140506,0.0751191850022203,0.00740852189974136,0.0172805890431445,0.232500468641927,0.367050232402697
"asset_liability_ratio","asset_liability_ratio",14,0.118239196304218,0.0759723677366193,0.00766370553020756,0.0176495594518542,0.235485449081165,0.367092084104167
"asset_liability_ratio","asset_liability_ratio",15,0.117876296896958,0.07605803164651,0.00759602427645782,0.0179047883203355,0.229630564827759,0.367532098280088
"asset_liability_ratio","asset_liability_ratio",16,0.11758151678468,0.076174794811224,0.00831964931384226,0.0179864139362303,0.228328369562395,0.363456394826844
"asset_liability_ratio","asset_liability_ratio",17,0.117366085785015,0.0767835366902847,0.00858917436723459,0.018701784924776,0.228465785954834,0.365452236330792
"asset_liability_ratio","asset_liability_ratio",18,0.117181657365333,0.0767452844652391,0.00852838708671515,0.0186711689291207,0.224455975632265,0.364380254879848
"asset_liability_ratio","asset_liability_ratio",19,0.117027496506442,0.0772784322379843,0.00832653132881798,0.0185343762736792,0.222403136095038,0.354027790978763
"asset_liability_ratio","asset_liability_ratio",20,0.116907109944831,0.076721117540286,0.00908808495788466,0.0190914830535431,0.222776204267302,0.357189650185238
"asset_liability_ratio","asset_liability_ratio",21,0.116820646384958,0.0771979551918539,0.00905093737594628,0.0195921598169167,0.225061420110122,0.359746360205311
