"Variable","Shock","Horizon","Mean","Median","Lower_90","Lower_68","Upper_68","Upper_90"
"gdp_growth","gdp_growth",1,1,1,1,1,1,1
"gdp_growth","gdp_growth",2,1.9969757448586,-0.172521468094023,-2.76403227275519,-0.961933839600569,0.627737363022335,2.60184917816749
"gdp_growth","gdp_growth",3,3.29220840923755,0.0174875440376443,-1.71569611099598,-0.501409429471985,0.531721345734247,1.79139454556733
"gdp_growth","gdp_growth",4,0.668186046990704,-0.0172000543241761,-1.31924909567116,-0.414545088179868,0.369444498549837,1.27636313532637
"gdp_growth","gdp_growth",5,0.903970826451912,-0.0181825092633699,-1.34654602955273,-0.413795366013989,0.38438700919858,1.35799025117426
"gdp_growth","gdp_growth",6,-0.569204392958027,0.00300671036146094,-0.896005620047952,-0.269355584602392,0.279903939438088,0.939560835004392
"gdp_growth","gdp_growth",7,-0.709514678353749,-0.0396164392242907,-0.926567288223484,-0.300707471624675,0.227818412050349,0.885568685089197
"gdp_growth","gdp_growth",8,-0.115418789483589,-0.010517947037963,-0.671812261900357,-0.216872275115919,0.19155602056753,0.692232004480785
"gdp_growth","gdp_growth",9,-0.793545292017273,-0.0156984473462582,-0.682553641508704,-0.216180413351587,0.180255553870949,0.664254199487213
"gdp_growth","gdp_growth",10,-0.213004995897184,-0.00541476081924173,-0.582051009075596,-0.174764938576488,0.160562383947099,0.57290829641259
"gdp_growth","gdp_growth",11,-0.21574062937604,-0.00302327899537777,-0.604824500945843,-0.174959022322018,0.167576688755511,0.591239420222352
"gdp_growth","gdp_growth",12,0.102164929769221,-0.0042561569114911,-0.484086782516221,-0.142777178670445,0.133089847573822,0.459426599654248
"gdp_growth","gdp_growth",13,0.00404367752677313,0.00125898295922814,-0.467380404328289,-0.133879966487562,0.131276142132161,0.461967878424767
"gdp_growth","gdp_growth",14,0.0759427371840459,0.00417850862084891,-0.419410049838998,-0.116877881467392,0.124070564188943,0.41193368704541
"gdp_growth","gdp_growth",15,0.173318588214932,0.00506373593010035,-0.425649276170614,-0.11702188839034,0.125745928105986,0.428656065931481
"gdp_growth","gdp_growth",16,0.157323486576744,0.00343917168478318,-0.375678272955402,-0.102399406027965,0.109636729309133,0.370047510548662
"gdp_growth","gdp_growth",17,0.0271147475053707,0.00393019466445899,-0.357849501030483,-0.0993374333920314,0.106909384851828,0.356903684954073
"gdp_growth","gdp_growth",18,-0.0154836072924579,0.00611158048476199,-0.336667131770958,-0.0900406530256871,0.104991037431746,0.343941186898109
"gdp_growth","gdp_growth",19,0.000555942372556802,0.00510733549009315,-0.327876817367279,-0.0909794369935688,0.102939185921952,0.351425391967708
"gdp_growth","gdp_growth",20,0.00392832875791561,0.00361958611225208,-0.311337990677192,-0.0834836792261825,0.0953705200263973,0.317680749813311
"gdp_growth","gdp_growth",21,-0.115205683315883,0.00401020177647878,-0.298961873453845,-0.0820981331958727,0.0920581242509278,0.317273407585893
"gdp_growth","consumption_growth",1,40.9452314551192,0.614671815154654,-5.1325956983923,-1.04971170966843,2.27507062249348,6.48962583513627
"gdp_growth","consumption_growth",2,-36.2947181288847,-0.179987316661333,-3.30943536785364,-1.0592760538172,0.698512610328646,2.94328586846834
"gdp_growth","consumption_growth",3,3.35537761301379,-0.00191139940281242,-1.92395948311461,-0.582671554169954,0.568083704530325,1.89226595191029
"gdp_growth","consumption_growth",4,4.23857440161579,-0.077104927716689,-1.43536304936209,-0.492289981484945,0.347780824919941,1.39675952613178
"gdp_growth","consumption_growth",5,10.3386410360804,-0.0379163525997537,-1.53558403419535,-0.474973984734611,0.404515499848897,1.43318456543226
"gdp_growth","consumption_growth",6,13.0235644478081,-0.0170321631918804,-1.01685698908831,-0.310493982302743,0.287479797144249,1.01297676683306
"gdp_growth","consumption_growth",7,1.08985486652352,-0.0474647048027519,-1.05886224906773,-0.340810547320062,0.241135061902501,0.94692656690573
"gdp_growth","consumption_growth",8,12.9038741131965,-0.00937653191893439,-0.758916341045815,-0.232622300479811,0.217568304643371,0.778332236539347
"gdp_growth","consumption_growth",9,7.84460557982594,-0.026200091848305,-0.777340268968962,-0.245493137980349,0.18708031914516,0.69716667511817
"gdp_growth","consumption_growth",10,9.36169756576765,-0.00668054173404688,-0.643387906618104,-0.189055557546509,0.180703300964765,0.651147932233394
"gdp_growth","consumption_growth",11,12.7470765206614,0.000874892348131942,-0.673947535420315,-0.189484421584689,0.187904969866696,0.668558225992723
"gdp_growth","consumption_growth",12,9.68509598724035,0.00058207099171324,-0.512899835438935,-0.151457277916139,0.15400078848572,0.554378845650019
"gdp_growth","consumption_growth",13,10.0793253040097,0.00464361851471685,-0.509853497159631,-0.141502122940612,0.152743249036435,0.524951978539544
"gdp_growth","consumption_growth",14,9.13231286411326,0.00570836701774668,-0.450700587516926,-0.12292739370725,0.141837738610108,0.487525739885254
"gdp_growth","consumption_growth",15,10.4861269647637,0.0111154834906012,-0.442092516138983,-0.116792796759116,0.146792054648207,0.490256957804164
"gdp_growth","consumption_growth",16,9.35046236647404,0.00830161619465427,-0.397609016143472,-0.104807456737992,0.128018893243834,0.428160354291814
"gdp_growth","consumption_growth",17,8.31347302695825,0.00834198973198429,-0.39944157945795,-0.100978271109571,0.126807115848002,0.417252913747641
"gdp_growth","consumption_growth",18,8.68891001849859,0.00799601646124666,-0.367629030564351,-0.0950398694772112,0.120904355249418,0.400334779662381
"gdp_growth","consumption_growth",19,8.62741757082823,0.0110551196922476,-0.362255375848951,-0.0914371313694901,0.120246074096484,0.398887419362336
"gdp_growth","consumption_growth",20,7.66653807433426,0.00803947430895269,-0.341950510075476,-0.0870719174206997,0.112866222229414,0.368215527155976
"gdp_growth","consumption_growth",21,7.37371603111973,0.00806871786246725,-0.347842635387043,-0.0852061464990956,0.107230642269427,0.357249788316654
"gdp_growth","cpi_growth",1,5.29825793258512,0.317012112575205,-18.0351067345857,-4.78682925124846,5.24012558138291,18.0130060062481
"gdp_growth","cpi_growth",2,-2.79674502554187,0.269904155894354,-7.74395287549622,-2.02745099012599,2.53991830704172,8.1681219498224
"gdp_growth","cpi_growth",3,-1.02905854606619,-0.269571760122382,-4.93918617354746,-1.60603343398346,1.07883638683785,4.60764370298788
"gdp_growth","cpi_growth",4,1.06557587898222,-0.0699348594802583,-3.89380938868009,-1.15411124116748,1.02340647108499,3.66739355802496
"gdp_growth","cpi_growth",5,-1.40650440544038,-0.37859105675455,-3.59792259670926,-1.29917975984391,0.502516707868836,2.71479767720829
"gdp_growth","cpi_growth",6,0.940885798443452,-0.107558692425512,-2.6887972698056,-0.846631826788214,0.615811306944568,2.40404200051614
"gdp_growth","cpi_growth",7,-1.43622584111951,-0.21858343296317,-2.4638150804051,-0.88113385910361,0.426937024787893,2.0363357843231
"gdp_growth","cpi_growth",8,1.51064333167106,-0.0881772611873532,-1.94013447969622,-0.629021225353507,0.449320223349814,1.73562758028358
"gdp_growth","cpi_growth",9,-1.46413932674263,-0.131618113842527,-1.89722494146551,-0.640853453405519,0.346035280009518,1.60361659795449
"gdp_growth","cpi_growth",10,0.151238333292393,-0.0315819209009958,-1.60678849287179,-0.486103270420324,0.416417276553593,1.49481681832785
"gdp_growth","cpi_growth",11,-0.297973548126059,-0.0789841716367824,-1.57213370422107,-0.528497835796548,0.359688366665084,1.43330339223768
"gdp_growth","cpi_growth",12,0.501622873619769,0.0140231240695731,-1.25070310755202,-0.366454311433547,0.380906083815273,1.23465195615756
"gdp_growth","cpi_growth",13,-0.79566667546812,-0.0198252505206176,-1.22134964413787,-0.37753417741817,0.329720183090886,1.18184226527636
"gdp_growth","cpi_growth",14,-0.15045180024966,0.0415543292028011,-1.00825773756994,-0.266481541595064,0.35511040794651,1.11512269016612
"gdp_growth","cpi_growth",15,-0.368728726444549,-0.00949264758201111,-1.11589541117829,-0.333973177510801,0.322196711940759,1.09725476243504
"gdp_growth","cpi_growth",16,0.380431580089899,0.051536637810178,-0.864642738268669,-0.21347098614201,0.332557194358897,0.975287048153892
"gdp_growth","cpi_growth",17,-0.731530442629587,0.0149391003108476,-0.919720754038116,-0.261848578242441,0.297111905880942,0.96139357639877
"gdp_growth","cpi_growth",18,-0.123267743335125,0.056595769453019,-0.770931298358772,-0.178188333493645,0.309355142154505,0.898538502683276
"gdp_growth","cpi_growth",19,-0.466419237611033,0.0136245130973844,-0.900008025143118,-0.244110788723563,0.277860214693904,0.906378015942894
"gdp_growth","cpi_growth",20,0.337064287784616,0.0525365862032623,-0.718318505313253,-0.160132315557835,0.285364414572567,0.836417299987302
"gdp_growth","cpi_growth",21,-0.548251142617152,0.0205495569998282,-0.795482878807287,-0.20952785861315,0.260781341387425,0.842539585327522
"gdp_growth","saving_rate",1,0.199571625533901,-0.0277299120976804,-6.54223874109231,-1.81978140054756,1.74135703408386,5.9833129272657
"gdp_growth","saving_rate",2,-0.23219242202236,0.130735720324988,-2.4924041729865,-0.654894659690055,0.95282913364146,3.12044281290465
"gdp_growth","saving_rate",3,0.0306575656792627,-0.124299851900271,-1.71233902705683,-0.591071365105443,0.325937914183919,1.4405197412449
"gdp_growth","saving_rate",4,-0.0278656017367598,-0.00436574495679703,-1.34354646507212,-0.391540134339635,0.397006888663148,1.3770688297399
"gdp_growth","saving_rate",5,-0.629255585193885,-0.0278736480916112,-1.4578617357418,-0.433181445307077,0.360524857182174,1.35006022915542
"gdp_growth","saving_rate",6,-0.148998904322689,-0.0290751866045491,-0.991512878971071,-0.300501959060628,0.237090257449812,0.878247877542319
"gdp_growth","saving_rate",7,-0.248117193693531,-0.0212621953351321,-0.951967578384245,-0.288110603250634,0.250437572392522,0.922272552311403
"gdp_growth","saving_rate",8,-0.228001363168522,-0.027227363100076,-0.765718925981623,-0.229729994838055,0.163924919858522,0.609555621598928
"gdp_growth","saving_rate",9,-0.139802896373142,-0.0159228940478713,-0.698645515719649,-0.211896353330284,0.177379789380313,0.672376548168537
"gdp_growth","saving_rate",10,-0.131983471079048,-0.020750987055898,-0.603127661844552,-0.184875499972265,0.136605338493089,0.523511383866047
"gdp_growth","saving_rate",11,-0.0878253239784109,-0.0183160216488117,-0.614143942490598,-0.186595682331752,0.142743915170802,0.56173957266925
"gdp_growth","saving_rate",12,-0.00745068193553641,-0.0152012328901568,-0.508903831674512,-0.153079421741757,0.115216910215252,0.435783770317543
"gdp_growth","saving_rate",13,-0.0360337563936128,-0.0127220694064647,-0.468678074847236,-0.143160793816923,0.109870783966794,0.422247949519802
"gdp_growth","saving_rate",14,-0.0177636060689953,-0.0103768161705832,-0.422211801914732,-0.129828220851263,0.102380720503924,0.385645490071417
"gdp_growth","saving_rate",15,0.0198085445946334,-0.01213169090426,-0.435374587442311,-0.130227586828766,0.102625805269922,0.406976511508251
"gdp_growth","saving_rate",16,0.0527493951181631,-0.0100293658447397,-0.380795682784803,-0.114734181659672,0.0939596195458678,0.358470482038364
"gdp_growth","saving_rate",17,0.0216482227281281,-0.00828641225055863,-0.366524440248347,-0.108564571976798,0.0901190523331966,0.354127863421753
"gdp_growth","saving_rate",18,0.0398721110145752,-0.00733526634369698,-0.347825952688271,-0.104493605380967,0.0896487435071251,0.33020062880045
"gdp_growth","saving_rate",19,0.0397015195666979,-0.00828483849477714,-0.348109526382822,-0.103214079744323,0.0845176534110806,0.336481570877282
"gdp_growth","saving_rate",20,0.0706513578960076,-0.00726699666862895,-0.311668502725293,-0.0966422041007109,0.0814589749646897,0.320474866653103
"gdp_growth","saving_rate",21,0.0202031828459478,-0.0064390402104072,-0.308227950456399,-0.0937834831557038,0.0769240643214183,0.320070637582568
"gdp_growth","policy_rate",1,3.62134877398176,0.307791287207842,-11.2068736775537,-5.47781520613228,6.57691653412309,16.6998607735524
"gdp_growth","policy_rate",2,-2.50396363329553,-0.949868054134257,-9.68082905369746,-4.25830810886539,1.48074136545253,4.19875644403976
"gdp_growth","policy_rate",3,0.52129368281484,0.231540856515442,-3.22396144231885,-1.31870546886514,2.08164028035414,4.55247228346635
"gdp_growth","policy_rate",4,0.236999468995236,0.131817069150587,-2.76929271927558,-1.16867923454386,1.53024850503708,3.47645050499321
"gdp_growth","policy_rate",5,0.745657783723999,0.299373645139146,-2.01147230906928,-0.76472506417702,1.65230518035263,3.53639324660356
"gdp_growth","policy_rate",6,-0.0413881543107554,-0.03645166325858,-2.01205090315037,-0.875051399277169,0.839003656966222,2.02748667272116
"gdp_growth","policy_rate",7,0.91895480487608,0.417658786872905,-0.784886647420539,-0.230247109148956,1.51035426827268,3.08625541159481
"gdp_growth","policy_rate",8,0.315527760170084,0.122986037068198,-1.12072649464691,-0.453308084875972,0.876063574373917,1.98488736260719
"gdp_growth","policy_rate",9,0.445375421770666,0.171844208836436,-0.850097956222556,-0.324864047856076,0.904553943705277,2.02505978794248
"gdp_growth","policy_rate",10,0.11484930780152,0.0245584344704852,-1.09237955439653,-0.461919292295438,0.599183832508266,1.43190447481176
"gdp_growth","policy_rate",11,0.665543936712509,0.236160554031131,-0.48243665144399,-0.1529194481702,0.95767239057804,2.16289267754102
"gdp_growth","policy_rate",12,0.150050767988413,0.0280616409997186,-0.865602834488674,-0.358060340022167,0.509122370322895,1.24153351968126
"gdp_growth","policy_rate",13,0.261830360375674,0.0724617931569544,-0.656138474798314,-0.265579991182625,0.543391955611091,1.28650374948744
"gdp_growth","policy_rate",14,-0.00179119301756763,-0.0319862557415624,-0.929388613223556,-0.405510213374169,0.318214339368331,0.827116472721294
"gdp_growth","policy_rate",15,0.367122402543421,0.120315274976311,-0.479125890379039,-0.166832476510009,0.589164095512617,1.40181229265848
"gdp_growth","policy_rate",16,0.0312652661638117,-0.0165042488891695,-0.782002201488594,-0.336669604278257,0.299528669353279,0.779576338929839
"gdp_growth","policy_rate",17,0.13248208408946,0.0315231521852064,-0.618269065487921,-0.246644983733962,0.369881831478801,0.902611122524169
"gdp_growth","policy_rate",18,-0.0616109376157586,-0.0504997845206624,-0.84069477602706,-0.365690174806348,0.199100626747019,0.55351181503586
"gdp_growth","policy_rate",19,0.199994035205593,0.0595391766148726,-0.466579650536362,-0.17547183204649,0.399972689561039,0.973335990274113
"gdp_growth","policy_rate",20,-0.0257023714536074,-0.0336863450692678,-0.710118698276921,-0.309018710719508,0.201490362563768,0.561499152026711
"gdp_growth","policy_rate",21,0.0721426106924961,0.0121543445680959,-0.560194235622436,-0.223281390547295,0.27403709064417,0.691382822076777
"gdp_growth","interest_burden",1,-18.1497171285921,-0.49329944703782,-27.6753897546187,-8.49278217299681,7.60733240141765,27.9499871290708
"gdp_growth","interest_burden",2,6.70960215371459,0.0036290266495706,-13.0024231952601,-3.75686195428857,3.72740762167155,13.1488448239256
"gdp_growth","interest_burden",3,-0.294983270456225,0.280760412207815,-7.79040224907956,-1.95338466167742,2.57059377970854,7.98866112315299
"gdp_growth","interest_burden",4,0.686522736400225,0.0483633348043211,-6.02412983065051,-1.71132946733067,1.83011680886489,6.31245533880249
"gdp_growth","interest_burden",5,2.6881736267655,-0.0266790875812642,-6.26737821354704,-1.86402655559529,1.82897283464143,6.42888012794996
"gdp_growth","interest_burden",6,-0.551055851338415,-0.126787514892683,-4.38126368159561,-1.33067532716074,1.08186686622633,3.952480860667
"gdp_growth","interest_burden",7,1.55000543212893,0.127151903237199,-4.14839102247388,-1.08738097684473,1.34385683739685,4.26229318086315
"gdp_growth","interest_burden",8,-0.365124125743481,-0.0078345081022055,-3.29356796139307,-0.933559428314943,0.903462962415727,3.08875232524964
"gdp_growth","interest_burden",9,0.11868706112845,-0.00856095401723306,-3.15465957091237,-0.8903848183643,0.852812813308553,3.02424821241169
"gdp_growth","interest_burden",10,0.553259528808249,-0.0699339493916144,-2.7863650237117,-0.810185460335858,0.641665590173405,2.34501406267813
"gdp_growth","interest_burden",11,0.00147956383058509,0.0605592603246067,-2.75547038061206,-0.685010763193018,0.803365380037809,2.574073202683
"gdp_growth","interest_burden",12,0.53248521317246,-0.00417323533666958,-2.26490513445387,-0.618945064785991,0.589245493650286,2.00339148276021
"gdp_growth","interest_burden",13,-0.125505503217068,-0.00400203734220522,-2.21434151158179,-0.600593909796589,0.570815901743243,2.03149019045527
"gdp_growth","interest_burden",14,0.703048971635667,-0.0399274585373545,-1.96179054293345,-0.573654949976637,0.475049646909759,1.77051979135669
"gdp_growth","interest_burden",15,-0.0422654933475773,0.0443254190370966,-1.94467185596868,-0.486632041991963,0.576739244287166,1.89252525979291
"gdp_growth","interest_burden",16,0.527525000318506,0.00267589311012602,-1.71733702994134,-0.477510223434119,0.467354192585604,1.59115290488073
"gdp_growth","interest_burden",17,-0.041916565492582,0.00946240503277205,-1.62410942066284,-0.452608748047655,0.464519107347113,1.60964164089614
"gdp_growth","interest_burden",18,0.420760056607539,-0.0203231968561394,-1.59234432483131,-0.453382135891233,0.399249100410602,1.50315017610454
"gdp_growth","interest_burden",19,-0.105041059423649,0.0359184731403342,-1.52520987802561,-0.385887910171881,0.458179774729774,1.53748965913974
"gdp_growth","interest_burden",20,0.284620317166988,0.00450474995334756,-1.43998897598153,-0.393985684667697,0.39675670471634,1.42215384878207
"gdp_growth","interest_burden",21,-0.090324393796737,0.0143637485483111,-1.42898827035903,-0.377893221812907,0.400703743456954,1.39905454279577
"gdp_growth","debt_growth",1,2.45380292052787,0.671508575732742,-31.7346429705681,-8.77615815395028,9.87725528452481,32.0267532748676
"gdp_growth","debt_growth",2,-1.35275545740739,-0.478308462859193,-14.4345557371171,-4.66391355930407,3.82242387878019,13.9968800772013
"gdp_growth","debt_growth",3,0.190030555938626,0.102669926670885,-8.77002338983085,-2.50552626727297,2.70160276464686,8.75849243095731
"gdp_growth","debt_growth",4,-0.00708730568007416,-0.100615045719689,-6.8947730466513,-2.07749762659474,1.89285637883971,6.8558289834488
"gdp_growth","debt_growth",5,-0.381483838868119,-0.0399070977772356,-7.34164010455263,-2.10987237776629,2.00628640196098,6.87553089427905
"gdp_growth","debt_growth",6,-0.172819424208448,-0.109485604040965,-4.81408768148239,-1.50420416491902,1.25864634642845,4.61184606327099
"gdp_growth","debt_growth",7,-0.415772219106518,-0.254240972515969,-4.76092625569229,-1.55753716442372,1.04109500351722,4.25674539023903
"gdp_growth","debt_growth",8,-0.147742396322935,-0.0114252030507698,-3.5220626621031,-1.04518026550909,1.03188850977156,3.62078038957446
"gdp_growth","debt_growth",9,-0.283790307925503,-0.175331458527684,-3.48211599056428,-1.13559590614416,0.754652550262979,3.05464292863022
"gdp_growth","debt_growth",10,-0.15505501485402,-0.0915114983139002,-2.86103514087097,-0.920296932674885,0.734443729183888,2.76591339106511
"gdp_growth","debt_growth",11,-0.199786697525917,-0.204028094132822,-2.85447234112894,-1.00105726302123,0.551026049688616,2.49683828554045
"gdp_growth","debt_growth",12,-0.0597750130710775,-0.0526084727986591,-2.39166498061107,-0.747314029368197,0.619541104631884,2.31286902051515
"gdp_growth","debt_growth",13,-0.190672231707798,-0.146149106470992,-2.18414243286934,-0.77292743419092,0.436380876527926,1.9068200713017
"gdp_growth","debt_growth",14,-0.0608076563867468,-0.0662572829353066,-2.06673582245009,-0.650415003655414,0.499099659569326,1.89618787832802
"gdp_growth","debt_growth",15,-0.140744052853053,-0.148650611619895,-2.01885739757578,-0.70972974924833,0.365980172622583,1.702495392786
"gdp_growth","debt_growth",16,-0.0130385205154824,-0.0435929076090282,-1.84296100133212,-0.572175214965331,0.463066344915429,1.75715758818852
"gdp_growth","debt_growth",17,-0.126259089993235,-0.112020975891722,-1.76569628703863,-0.609432589409386,0.344861512698815,1.4831479452921
"gdp_growth","debt_growth",18,-0.0115501723152033,-0.0418450105319956,-1.68994529429761,-0.527858708965078,0.413208611713239,1.53458746870744
"gdp_growth","debt_growth",19,-0.0543841169892662,-0.112653799400244,-1.66423526871831,-0.57052740652829,0.303808656427424,1.36796331517861
"gdp_growth","debt_growth",20,0.00274482429630339,-0.032772280990195,-1.6017510190905,-0.480310395994775,0.393557298530747,1.48632378659817
"gdp_growth","debt_growth",21,-0.0443520261915184,-0.0866453112176854,-1.55064148631752,-0.514838900448753,0.299802934861909,1.31097682543169
"gdp_growth","real_house_price_growth",1,-0.27749771550985,0.00194166644357081,-6.96475375092501,-2.03184372628333,2.04557115399044,7.24128178220306
"gdp_growth","real_house_price_growth",2,-0.993317571036451,0.0193494107450951,-3.29308828794068,-0.931011504440544,0.991106101554635,3.29815131757381
"gdp_growth","real_house_price_growth",3,0.296792563268002,0.0960080054406218,-1.81540926677736,-0.460953146664496,0.64901876784963,2.05615486173216
"gdp_growth","real_house_price_growth",4,0.030356658468059,0.00524756258497495,-1.49563977228037,-0.440625655619079,0.456081074248834,1.5348627741432
"gdp_growth","real_house_price_growth",5,0.646985576287188,0.0896177320657276,-1.37593964102913,-0.336288904447676,0.517676281103292,1.5342119615141
"gdp_growth","real_house_price_growth",6,0.433752072562099,-0.0105278460695938,-1.05328955738042,-0.315156555896663,0.298837853869634,1.08901556993981
"gdp_growth","real_house_price_growth",7,0.446498405399538,-0.00508052310886693,-1.04562796366389,-0.311521406426676,0.307057401427412,1.10243744116022
"gdp_growth","real_house_price_growth",8,0.411463318111622,-0.0175395283852803,-0.779564266524327,-0.24083253149771,0.210941449773559,0.815604422740305
"gdp_growth","real_house_price_growth",9,0.440157983798737,-0.00172885153001912,-0.76823556746136,-0.223308344506232,0.224337660988532,0.801782443072411
"gdp_growth","real_house_price_growth",10,0.164360434649176,-0.021869109435073,-0.65888565789452,-0.211386874852626,0.164895793737953,0.644096440622949
"gdp_growth","real_house_price_growth",11,0.153814144694906,-0.0205468602800536,-0.68782482350017,-0.211169285711778,0.167428971690444,0.65539358943198
"gdp_growth","real_house_price_growth",12,-0.0636887896330099,-0.0210915068409539,-0.540211103716763,-0.172171270461484,0.12573868540281,0.514677562710043
"gdp_growth","real_house_price_growth",13,0.0137832505781191,-0.00450023706291063,-0.524586150181654,-0.153813614338244,0.144955987900656,0.516183628154937
"gdp_growth","real_house_price_growth",14,-0.225479746748884,-0.0148364352595,-0.473749860401369,-0.148156479264641,0.111928626660506,0.437099337708795
"gdp_growth","real_house_price_growth",15,-0.0998475157608283,-0.00879501698567139,-0.477425427827375,-0.144521359704414,0.123123481896555,0.469265204151029
"gdp_growth","real_house_price_growth",16,-0.220208823450665,-0.00908965947316388,-0.425939766761795,-0.130563322558084,0.105842248988203,0.405646455352142
"gdp_growth","real_house_price_growth",17,-0.0117170330734041,0.00220446727705535,-0.409444084420486,-0.114121997898348,0.118410731475507,0.417207783691317
"gdp_growth","real_house_price_growth",18,-0.156489010715514,-0.00497251237762531,-0.392324581354793,-0.115533686675328,0.103101842817717,0.374936913226288
"gdp_growth","real_house_price_growth",19,0.0404587875064132,-0.000499328292096949,-0.390831405097881,-0.10871150277996,0.109285667344634,0.399535454455508
"gdp_growth","real_house_price_growth",20,-0.0409379076178102,-0.00294111182358864,-0.365487596957411,-0.104788152589266,0.0965646198210774,0.362858482005919
"gdp_growth","real_house_price_growth",21,0.14082328714688,0.00494759889179576,-0.344664081943108,-0.092669241023309,0.103944626209606,0.370756002962506
"gdp_growth","asset_liability_ratio",1,-4.62840039740721,1.16045615973102,-80.7534894912411,-23.2726215592332,26.1705278907369,87.2867883024522
"gdp_growth","asset_liability_ratio",2,-2.41838705644652,3.79377565273652,-28.0180160948567,-5.41914078146185,12.9713232984912,36.2487986579575
"gdp_growth","asset_liability_ratio",3,10.997649217068,0.673026747981268,-23.9329342206195,-6.31945961568295,7.6062669543681,24.8561390977563
"gdp_growth","asset_liability_ratio",4,0.409222371061319,0.778798588302822,-17.233284546956,-4.44362985892594,5.88152304033212,18.4354379743157
"gdp_growth","asset_liability_ratio",5,4.08323228961209,-0.322462713741663,-19.9411447048501,-5.94008706347755,5.12625518436753,18.606268659052
"gdp_growth","asset_liability_ratio",6,-1.01815243558705,0.34392349151585,-12.0778740667122,-3.3536432316792,4.03958316530317,13.1258993886713
"gdp_growth","asset_liability_ratio",7,3.11838057069914,0.193158590384798,-12.8009968442615,-3.50770661421033,3.93708840413395,13.0943352489512
"gdp_growth","asset_liability_ratio",8,2.4268508904421,-0.312079619622594,-10.1557436479598,-3.08332851062493,2.39576076111742,8.96637443776744
"gdp_growth","asset_liability_ratio",9,2.20128493066344,-0.232834837675511,-9.88755006491782,-2.90099149138251,2.38254826384585,8.87178241764407
"gdp_growth","asset_liability_ratio",10,0.359733042594669,-0.263521564476677,-8.1172928154677,-2.50478792317012,1.95793463403128,7.40968064904299
"gdp_growth","asset_liability_ratio",11,1.95995791959282,-0.138631053228902,-8.34110987434755,-2.47375642260341,2.16596542011042,7.75114153954059
"gdp_growth","asset_liability_ratio",12,1.39673208180175,-0.264990753817849,-6.72217919286792,-2.12452980219019,1.4825529994805,6.05401207606383
"gdp_growth","asset_liability_ratio",13,1.36216560178259,-0.190726359750181,-6.5408329274755,-1.98071338144306,1.53689413295035,5.9454163406906
"gdp_growth","asset_liability_ratio",14,-0.122082265152025,-0.142428304748705,-5.76525419320909,-1.75283271708083,1.42773378251641,5.54693120804327
"gdp_growth","asset_liability_ratio",15,0.851615265005133,-0.0815056639017645,-5.97654896140491,-1.73194670984614,1.56106197476047,5.86905383334236
"gdp_growth","asset_liability_ratio",16,-0.281313150361257,-0.128671161900691,-5.07445740863001,-1.5706477796248,1.27365494287699,4.87497564836622
"gdp_growth","asset_liability_ratio",17,-0.11407154241915,-0.0723319193072599,-5.01063201457417,-1.46767779052023,1.28880057913829,4.8995141762275
"gdp_growth","asset_liability_ratio",18,-1.15063365937409,-0.0558359703074914,-4.66737347979726,-1.369498051538,1.24434722166605,4.67693660668882
"gdp_growth","asset_liability_ratio",19,-0.394754421977326,-0.00831001894416272,-4.60403563591931,-1.32246655872318,1.29662124993373,4.84795513612928
"gdp_growth","asset_liability_ratio",20,-1.21403902465678,-0.0577071880841041,-4.13869300009866,-1.24642284576967,1.14655980245567,4.33685725947785
"gdp_growth","asset_liability_ratio",21,-0.737656596341454,-0.0201558022600515,-4.26450668048521,-1.19706089165161,1.16870267378607,4.24978402237643
"consumption_growth","gdp_growth",1,3.24484574304492,0.501489828788929,-4.16098739882879,-0.868751627694989,1.88017892212607,5.22139963432911
"consumption_growth","gdp_growth",2,-0.0339172950637861,-0.236231695119643,-3.06244844596458,-1.0589394712347,0.573163070062249,2.61416759810161
"consumption_growth","gdp_growth",3,1.35397891869203,0.00473334569936962,-1.6425997328751,-0.46721577609841,0.485846027642355,1.59599095392774
"consumption_growth","gdp_growth",4,0.635065445050032,0.00244426920148371,-1.45947010621367,-0.420510436359415,0.409923497477981,1.35894667752176
"consumption_growth","gdp_growth",5,0.545997489064872,-0.0359760480267158,-1.21418441150437,-0.38946175502724,0.331420123467954,1.17858592430724
"consumption_growth","gdp_growth",6,-0.438178795986102,-0.0287211272993232,-0.889674980519965,-0.281318719166034,0.221815859646621,0.792798372041905
"consumption_growth","gdp_growth",7,-0.0494224929908627,-0.0248768163892474,-0.758232864316301,-0.241757451190843,0.19839505629301,0.735621264134478
"consumption_growth","gdp_growth",8,-0.405210166784059,0.00164647837950725,-0.648761667363754,-0.188834823589388,0.18526008833459,0.629242130725066
"consumption_growth","gdp_growth",9,-0.257208076766503,-0.00178772383868649,-0.574344777613867,-0.176386311733328,0.164482314172493,0.583410860392257
"consumption_growth","gdp_growth",10,-0.302489750002895,-0.000292988553122833,-0.494772136702504,-0.144429537166167,0.143395662400502,0.491402311492155
"consumption_growth","gdp_growth",11,0.0731945100068589,0.00554690888417311,-0.437045193391199,-0.12288234861772,0.137251924040847,0.45815470056854
"consumption_growth","gdp_growth",12,0.112915856166113,0.00696406139288095,-0.429381193060919,-0.114496493619766,0.128428970944295,0.422088134157408
"consumption_growth","gdp_growth",13,0.164281865207084,0.00897884501789289,-0.371345047409909,-0.10380878215509,0.12181296078597,0.39963715788116
"consumption_growth","gdp_growth",14,0.0337906685505424,0.00697807923417351,-0.365489736602497,-0.0975733206291297,0.114902428481042,0.373571154922372
"consumption_growth","gdp_growth",15,0.283812256412018,0.00748973135468298,-0.32268364855645,-0.086339863768545,0.106079826046351,0.336934914702274
"consumption_growth","gdp_growth",16,0.181736072489131,0.00760999511388512,-0.319578595738885,-0.0833071213804089,0.102472064982853,0.325655554849042
"consumption_growth","gdp_growth",17,0.20273511943255,0.00650257347706168,-0.286996551917493,-0.0777885362998726,0.0937918875213849,0.307888785836566
"consumption_growth","gdp_growth",18,-0.0483156515429175,0.00514707992771295,-0.279322451640805,-0.0751103555099611,0.0895518057462106,0.294649361852656
"consumption_growth","gdp_growth",19,0.152931525245641,0.00408675508369834,-0.251325936878983,-0.0705925117083789,0.0830202122095142,0.279861917916007
"consumption_growth","gdp_growth",20,-0.0171164312262316,0.00478194087606074,-0.250831561133318,-0.0673120769931002,0.0803142723286227,0.264353361093918
"consumption_growth","gdp_growth",21,0.0533610806501676,0.00328355998507732,-0.232736028258469,-0.0635625174709724,0.0747989056614433,0.261549357532915
"consumption_growth","consumption_growth",1,1,1,1,1,1,1
"consumption_growth","consumption_growth",2,-47.9092647047469,-0.265532078916594,-3.43284349209303,-1.16066491249425,0.621892597328455,2.79270925086757
"consumption_growth","consumption_growth",3,-1.55980444731934,0.0838005490865439,-1.66222982951003,-0.425495185737722,0.594229119270667,1.87445044687043
"consumption_growth","consumption_growth",4,-5.80589355853955,-0.0836412191189591,-1.54705836069623,-0.528730583131156,0.350835507321849,1.46577049898104
"consumption_growth","consumption_growth",5,4.51487733286806,-0.00680833557957346,-1.41221909174197,-0.406240817513943,0.400176254276605,1.37460064997818
"consumption_growth","consumption_growth",6,-0.00820334844421192,-0.063044663837172,-0.934611083593638,-0.327361579634093,0.198565486686551,0.801929620353451
"consumption_growth","consumption_growth",7,-0.457532503813413,-0.0307004048119972,-0.844985010737024,-0.27317174098402,0.209124204039558,0.804607842284913
"consumption_growth","consumption_growth",8,5.08023919038859,-0.021956444848168,-0.695514080287358,-0.228182081309633,0.181537727391429,0.686683486181743
"consumption_growth","consumption_growth",9,-0.306615516711057,-0.00398502765543151,-0.671536969343905,-0.193829533608528,0.181701148338683,0.660336511620195
"consumption_growth","consumption_growth",10,0.266292462615282,-0.00768629991516217,-0.555608948730343,-0.165605904573889,0.153343629190367,0.541239913094602
"consumption_growth","consumption_growth",11,2.93701962814628,0.00682842584137637,-0.486600553726653,-0.135595570017955,0.151111319053849,0.516551212776398
"consumption_growth","consumption_growth",12,-0.823029021024816,0.00279852282562699,-0.465377627667926,-0.127776930721494,0.140561117779404,0.483974557827115
"consumption_growth","consumption_growth",13,0.593432987412882,0.0152718577366029,-0.422602494903033,-0.10612530095331,0.141330187104946,0.444046198619252
"consumption_growth","consumption_growth",14,-1.1830339116446,0.0074301695988756,-0.39576714660223,-0.105924259505507,0.129348337534556,0.415308244434621
"consumption_growth","consumption_growth",15,0.793999698073478,0.0128769788832128,-0.352882815502493,-0.0874556741982274,0.12246168895055,0.390270659163263
"consumption_growth","consumption_growth",16,-1.19294097073225,0.00724833437417224,-0.356928432047161,-0.0925771846461778,0.115243771310532,0.376676498234664
"consumption_growth","consumption_growth",17,-0.176575080110048,0.0112031358083476,-0.31923404734234,-0.0775558154186586,0.108800648132297,0.350896913260119
"consumption_growth","consumption_growth",18,-0.884750487924214,0.00627908068150752,-0.317187114173689,-0.0820561228154457,0.100126127308548,0.345144124038108
"consumption_growth","consumption_growth",19,0.290884350816121,0.00799334480018495,-0.289966859708185,-0.071277902606009,0.0941165530639813,0.313521065083138
"consumption_growth","consumption_growth",20,-1.04906944062858,0.00432875926185292,-0.287322780921073,-0.0749883049655336,0.0881114634358822,0.305592037806635
"consumption_growth","consumption_growth",21,0.425643125792725,0.00621418675688206,-0.268758248952917,-0.0677309823328096,0.0847457680021109,0.283573357664647
"consumption_growth","cpi_growth",1,6.4170647419813,0.170021244167774,-15.5598582201813,-4.3086024355784,4.74311253876575,16.4304073246714
"consumption_growth","cpi_growth",2,-2.56656552581442,-0.0412017365397422,-8.70876319231111,-2.64493568855729,2.47414344539918,8.77592424064918
"consumption_growth","cpi_growth",3,-0.206617819533024,-0.301916413633103,-4.34230514218278,-1.48997474376839,0.93658887052354,3.93043660939586
"consumption_growth","cpi_growth",4,3.02949704973149,-0.133173466840867,-4.04633114565659,-1.2769053502622,1.00491333146259,3.78745813907058
"consumption_growth","cpi_growth",5,-0.591240688325889,-0.323549192930288,-3.244945450567,-1.17391824632212,0.49567034167923,2.55267577668466
"consumption_growth","cpi_growth",6,1.27187110479608,-0.0807284529990794,-2.51536000184951,-0.792297766389958,0.602075652990303,2.32877720316589
"consumption_growth","cpi_growth",7,-1.32258782573405,-0.168999794946495,-2.01134685287641,-0.702615296680976,0.354714502087631,1.6924323557725
"consumption_growth","cpi_growth",8,1.80380214769205,-0.0291320454702264,-1.77482893141967,-0.553621935651891,0.479180674800375,1.7168056265077
"consumption_growth","cpi_growth",9,-1.1031075502822,-0.0881204634860655,-1.6137351833326,-0.542047323763955,0.339162016898968,1.40894023804823
"consumption_growth","cpi_growth",10,0.482259079390635,0.0435360113399795,-1.28308861582909,-0.34381566392503,0.417110038294504,1.34388714611354
"consumption_growth","cpi_growth",11,-0.929983647273157,-0.016171155434525,-1.188584824321,-0.368543416895772,0.324889661697866,1.14384795651023
"consumption_growth","cpi_growth",12,0.438036772610581,0.0664882001126821,-0.927397407644784,-0.23334557496428,0.380284858548404,1.10134601124574
"consumption_growth","cpi_growth",13,-1.04100037581158,0.00302591572647114,-1.02323914597584,-0.298073196897727,0.301531129781346,1.02923880190834
"consumption_growth","cpi_growth",14,0.0761031487871926,0.0746555453361349,-0.717997760651595,-0.168298964192617,0.349549911166938,0.954833500053366
"consumption_growth","cpi_growth",15,-1.04244607581457,0.0108890159718637,-0.824771375332027,-0.246045495242837,0.272617941717291,0.892104567225398
"consumption_growth","cpi_growth",16,0.211074142612198,0.0661927013366826,-0.61907495283971,-0.142413171932563,0.303505559662435,0.839798724893675
"consumption_growth","cpi_growth",17,-1.02390531311486,0.0060921015371126,-0.755198577333989,-0.222544169729267,0.234918869920684,0.811292474619834
"consumption_growth","cpi_growth",18,0.043712905473177,0.0546763483611958,-0.578404494717789,-0.132182477390275,0.268758455077506,0.753617223445515
"consumption_growth","cpi_growth",19,-0.982117342355177,0.00221796552268691,-0.689695779861078,-0.199745282146468,0.204768499334597,0.712463666491078
"consumption_growth","cpi_growth",20,0.145292040361668,0.0431286490308119,-0.553868829991062,-0.126587498491792,0.234624913974435,0.708226127516966
"consumption_growth","cpi_growth",21,-0.853415608473343,-0.00336272927411899,-0.656903330237029,-0.190267672197817,0.17871250177793,0.63671304396083
"consumption_growth","saving_rate",1,1.19089142723085,-0.221808927191744,-5.82843846265031,-1.79032947312883,1.34247805609742,5.03107665028393
"consumption_growth","saving_rate",2,0.418881314266061,0.129058696226571,-2.7406008576847,-0.710768373942296,1.02158891335966,3.24337838645195
"consumption_growth","saving_rate",3,0.485212450443591,-0.0645484042540252,-1.64899405863446,-0.525962765146755,0.386231045427526,1.51400165904183
"consumption_growth","saving_rate",4,0.22213175492768,0.0547259748988569,-1.39222902417423,-0.347191159336876,0.461980298919813,1.45050029423982
"consumption_growth","saving_rate",5,-0.285990722390609,-0.0292371420975634,-1.28963332710674,-0.386374797268009,0.32601709579658,1.17643309057441
"consumption_growth","saving_rate",6,0.0587631438834498,-0.00285999663850126,-0.89231672805685,-0.261075046896415,0.256414211991816,0.862167128213989
"consumption_growth","saving_rate",7,-0.0891760256960766,-0.00544610536616721,-0.809083149852494,-0.228301576946617,0.217260453581358,0.755245431227075
"consumption_growth","saving_rate",8,-0.210518280980264,-0.00433486874209173,-0.687371783449097,-0.193324261463416,0.18371707040292,0.627349349576683
"consumption_growth","saving_rate",9,-0.0604510825206201,-0.0120928311502358,-0.623797537848668,-0.182193307760678,0.151531558031486,0.568188148194214
"consumption_growth","saving_rate",10,-0.0664255583011143,-0.00915455830857679,-0.529649507435269,-0.151705715411239,0.133010302789977,0.472654578702269
"consumption_growth","saving_rate",11,-0.0955468165560251,-0.0090993685762166,-0.492395375018888,-0.140888625478425,0.118251056571421,0.440852845123235
"consumption_growth","saving_rate",12,-0.0394534767016544,-0.00592968220741559,-0.455915163959659,-0.131088493767853,0.11390653947906,0.407883326844084
"consumption_growth","saving_rate",13,-0.0351164193384501,-0.0100922784917229,-0.4231497710844,-0.125098124652443,0.0986084747672726,0.374497551687177
"consumption_growth","saving_rate",14,-0.0233071884121201,-0.00546228043508133,-0.397521376287329,-0.110964478793617,0.0974060224724268,0.372059565916363
"consumption_growth","saving_rate",15,-0.018354964457443,-0.00681043437464206,-0.360831927653802,-0.103015226949329,0.0897326734274153,0.328693786493631
"consumption_growth","saving_rate",16,-0.0177536792919095,-0.00491329002052026,-0.343975804249123,-0.0984245736151704,0.0862581132167629,0.32187063680247
"consumption_growth","saving_rate",17,-0.00680501149231612,-0.00730920821195363,-0.31981204294052,-0.0929671930598877,0.0776834288102937,0.292081592966524
"consumption_growth","saving_rate",18,0.0185770850936931,-0.00429003686918675,-0.303542929471646,-0.08582922400942,0.0766652613963895,0.291881551718575
"consumption_growth","saving_rate",19,-0.00390639974349509,-0.00537777069575744,-0.278576622877472,-0.082267881361476,0.0698064634583351,0.273347224226295
"consumption_growth","saving_rate",20,0.00130355774011963,-0.00425919525263448,-0.267301384756808,-0.0769489575603404,0.0685202928260844,0.261910747326598
"consumption_growth","saving_rate",21,-0.00325407785530379,-0.00601014014456008,-0.26020141472383,-0.0757122989835054,0.0616239274622598,0.238994073989497
"consumption_growth","policy_rate",1,-0.079311222894887,-0.457975569443474,-13.2894503855538,-6.19341899140606,4.85630487418734,12.0593255808406
"consumption_growth","policy_rate",2,-2.30792516571139,-1.14500335401927,-9.93160336396285,-4.49977300918894,1.6139330002044,4.88722246816654
"consumption_growth","policy_rate",3,-0.430256119748929,0.117444288771861,-3.98309594930119,-1.47389014536866,1.49659957252531,3.12463393771757
"consumption_growth","policy_rate",4,0.0578666776796113,0.00498140643456815,-3.20876891157336,-1.3708456577424,1.34276685146305,3.13228760756076
"consumption_growth","policy_rate",5,0.798276782444366,0.489737245479101,-1.57138548194191,-0.438816770506068,1.73110396024477,3.49067245779342
"consumption_growth","policy_rate",6,0.194871399757818,0.102438185485818,-1.76404164170429,-0.706849655477105,0.989792952991708,2.22303584123877
"consumption_growth","policy_rate",7,0.685279807640442,0.419425272461947,-0.789486337760794,-0.153101622654423,1.2803911875749,2.50156661978576
"consumption_growth","policy_rate",8,0.249904512355059,0.124731260782588,-1.16796631714056,-0.441557656194006,0.762639402923329,1.68096963331109
"consumption_growth","policy_rate",9,0.689317327826033,0.331865929812314,-0.499901187187716,-0.102961875137676,1.07533608505341,2.24917394385027
"consumption_growth","policy_rate",10,0.0987489018895484,0.0168101326898891,-1.03274025466395,-0.4370122320519,0.493442948934069,1.18359285518151
"consumption_growth","policy_rate",11,0.35431997243433,0.144169331466026,-0.596331078785981,-0.202022839624674,0.664927738877437,1.4845365507553
"consumption_growth","policy_rate",12,-0.0760221620616375,-0.0592343299406924,-1.06249866339043,-0.466475403528885,0.286358703572892,0.76259406635872
"consumption_growth","policy_rate",13,0.299869273815732,0.105466302415085,-0.520944034556865,-0.187013896095062,0.540762899047666,1.25985906256116
"consumption_growth","policy_rate",14,-0.124155761184868,-0.0881176936219701,-1.02308105226348,-0.4608093287428,0.178465329948257,0.528330017224718
"consumption_growth","policy_rate",15,0.104762320754931,0.0336854873235534,-0.607997363695054,-0.24191043178581,0.357374054100021,0.845317797988451
"consumption_growth","policy_rate",16,-0.184196744420966,-0.0929336976246039,-0.995889061889916,-0.447756361290865,0.126007601177898,0.393401941625468
"consumption_growth","policy_rate",17,0.125965818218209,0.043075253488461,-0.503387203851974,-0.192536812405289,0.340478652028542,0.81064156939941
"consumption_growth","policy_rate",18,-0.152896556283354,-0.083100253889999,-0.891109004269023,-0.390023239042344,0.111932321666435,0.353755364074347
"consumption_growth","policy_rate",19,0.0524250737029766,0.0205081798404059,-0.504127158824668,-0.19593135932168,0.271520571964966,0.668077567434257
"consumption_growth","policy_rate",20,-0.154597411982951,-0.0724560529751269,-0.818733942620866,-0.357273198247048,0.0983989336150761,0.311003549458802
"consumption_growth","policy_rate",21,0.0921005357848224,0.0327293920669068,-0.413002018965349,-0.151818470458913,0.269951003137595,0.661231742054493
"consumption_growth","interest_burden",1,-19.7283835703273,-0.0441824980185053,-25.1551930748521,-7.21124375137763,7.19988670460409,25.7604821338144
"consumption_growth","interest_burden",2,10.2451252326051,0.248719146128778,-13.7278532115713,-3.86422716826674,4.22938004944911,14.1384417450698
"consumption_growth","interest_burden",3,-1.09732407952724,-0.124454954325612,-7.74937418563837,-2.19600739639445,2.0014088799304,7.37182134702044
"consumption_growth","interest_burden",4,0.0449874441798313,-0.034021215078497,-6.57074137242323,-1.88947088595219,1.8728089086515,6.72739768496078
"consumption_growth","interest_burden",5,1.58276727124685,0.0647332646526128,-5.58298028839817,-1.54941333374248,1.71527486275968,5.78928108311683
"consumption_growth","interest_burden",6,0.638798112062981,0.00203283215696516,-4.03759499155263,-1.13837604739967,1.15856222991847,4.04597366598305
"consumption_growth","interest_burden",7,0.931675943027936,0.0409219138771862,-3.50916601467699,-0.962691251090946,1.04085475235796,3.60391431646434
"consumption_growth","interest_burden",8,-1.20762966833792,-0.0355469912804885,-3.02044445546884,-0.883079580388276,0.818295664768386,3.02811326900718
"consumption_growth","interest_burden",9,-0.787960406730396,0.0628633360443899,-2.51735372193379,-0.683980698211408,0.816375249258745,2.71449816186825
"consumption_growth","interest_burden",10,-0.308751124832985,-0.00995875812957331,-2.30710239148906,-0.660403912804299,0.637293451032145,2.34759789070618
"consumption_growth","interest_burden",11,-0.567245198126815,0.0282360109849194,-2.04978933563533,-0.563805237080748,0.610308227914734,2.05887430355653
"consumption_growth","interest_burden",12,-0.515710552265561,-0.0219782252795791,-1.93412967787879,-0.575260990903282,0.508002540795684,1.90136630408115
"consumption_growth","interest_burden",13,-0.816226341931797,0.0446650177585824,-1.72796256787717,-0.460365345267794,0.542407367650822,1.7904968346753
"consumption_growth","interest_burden",14,-0.391155755059165,-0.00828892940205911,-1.73095229732793,-0.487449582555036,0.455851715672985,1.72675458470339
"consumption_growth","interest_burden",15,-0.536135901702392,0.0255565824591675,-1.51093751038762,-0.393858732359168,0.458858493645664,1.59026790534955
"consumption_growth","interest_burden",16,-0.371200721245169,-0.012454645359826,-1.506004701861,-0.433476836125221,0.395098544820018,1.48385717317536
"consumption_growth","interest_burden",17,-0.393092109651563,0.0350421637711761,-1.28631567004435,-0.334920726934373,0.419565777934736,1.40881202685211
"consumption_growth","interest_burden",18,-0.37041613081651,-0.00550740902362495,-1.32573501301749,-0.376917840714838,0.354879978522437,1.35371838971296
"consumption_growth","interest_burden",19,-0.351817333236891,0.0238176729639829,-1.16719728906655,-0.305498012764517,0.369499972387736,1.26429922885331
"consumption_growth","interest_burden",20,-0.350536373663128,-0.00974503878477802,-1.20143034114598,-0.334453918063691,0.315669500610487,1.19761026548502
"consumption_growth","interest_burden",21,-0.279177764930056,0.0290536816926093,-1.05871850227442,-0.270097261800675,0.340005041894062,1.16239289871183
"consumption_growth","debt_growth",1,2.26547335751568,0.197108699121539,-27.4445022660528,-7.9126584649673,8.70161308828528,29.2556642015788
"consumption_growth","debt_growth",2,-1.87663023389462,-0.18912951333194,-15.8666742194247,-4.7381932091409,4.46106154131885,16.0957439234634
"consumption_growth","debt_growth",3,-0.0606917223956013,0.0545599794255709,-7.98657149750699,-2.3686515299901,2.48091920885031,8.58515285393864
"consumption_growth","debt_growth",4,0.118079122457087,0.276488652744014,-6.60305231988452,-1.73141837395052,2.33066528944178,7.50761132304477
"consumption_growth","debt_growth",5,-0.274118931826744,-0.0668037267595266,-6.3949736709124,-1.93480954477783,1.72150523377666,6.13641396425589
"consumption_growth","debt_growth",6,-0.289746703140565,0.105948215958956,-4.2914708174612,-1.19548435920632,1.37740897492154,4.55164975868523
"consumption_growth","debt_growth",7,-0.112766293947207,-0.116985280999047,-4.00215798150919,-1.27042700205935,0.981607065150745,3.60051594800728
"consumption_growth","debt_growth",8,0.0441592727828453,0.119381291493164,-3.02977874833383,-0.780488740401031,1.05970229363228,3.42875999041118
"consumption_growth","debt_growth",9,-0.0420760806407372,-0.135180858755706,-2.99723946078049,-0.972441258486341,0.652874268267569,2.52867607248334
"consumption_growth","debt_growth",10,0.0444770535064992,0.0557901611440851,-2.43334461826267,-0.636294155327803,0.790668566721991,2.64818433477359
"consumption_growth","debt_growth",11,-0.00544231619531134,-0.114360941218442,-2.25780587659487,-0.746687536496324,0.497166412559059,1.97005760346238
"consumption_growth","debt_growth",12,0.134838177117467,0.045288720601568,-2.00719524832818,-0.549065487114665,0.6690816724049,2.19191910196771
"consumption_growth","debt_growth",13,-0.0714773037475212,-0.107011707537302,-2.01370948280629,-0.646078253759834,0.40431736460926,1.70125940303743
"consumption_growth","debt_growth",14,0.107481089217094,0.0415060154126258,-1.75340554403249,-0.465654570122184,0.569537533434276,1.83131407658557
"consumption_growth","debt_growth",15,-0.0427801058098859,-0.0803124397692469,-1.7222963757031,-0.543224243922396,0.362835713055445,1.48758382153779
"consumption_growth","debt_growth",16,0.136865403798627,0.0379648878874693,-1.54885524588683,-0.407153152061471,0.505137344866978,1.65390938745538
"consumption_growth","debt_growth",17,-0.0696249723256139,-0.0689565760022202,-1.50973783639179,-0.489259005078901,0.319257158424724,1.31740633698267
"consumption_growth","debt_growth",18,0.104976021127342,0.0387638115552026,-1.34999440065955,-0.348294256732345,0.444771369879515,1.4704124271172
"consumption_growth","debt_growth",19,-0.00705282283519933,-0.0541964812195508,-1.37427327934549,-0.428316392836461,0.292458070108898,1.20619319951315
"consumption_growth","debt_growth",20,0.116528542349109,0.0353764707393463,-1.19849697644141,-0.312532330942392,0.403505851911906,1.33681678533579
"consumption_growth","debt_growth",21,-0.0272551636268408,-0.0478777347634117,-1.22665285402415,-0.390644591063799,0.267876849937746,1.07383516854117
"consumption_growth","real_house_price_growth",1,3.68040470765061,0.0156186577940592,-6.41846503679807,-1.83513407841583,1.81355757429144,6.38418197305018
"consumption_growth","real_house_price_growth",2,-0.818372791736007,0.100833061957024,-3.65208781851551,-0.921885184516333,1.12234226692619,3.58584513183383
"consumption_growth","real_house_price_growth",3,0.670211930070077,0.106441155665086,-1.68876790588317,-0.401109593895236,0.610467677740224,1.83057104897016
"consumption_growth","real_house_price_growth",4,-0.475284933613925,0.0130339039824554,-1.64509483577012,-0.461611893326829,0.487415939595021,1.68912541204405
"consumption_growth","real_house_price_growth",5,0.541636426544483,0.0564941870064753,-1.26505194201618,-0.333779769918748,0.456850694358416,1.47023379410879
"consumption_growth","real_house_price_growth",6,0.305246845245161,-0.00529371522483081,-1.00530304369074,-0.287432982822207,0.289862790467544,1.03905004690356
"consumption_growth","real_house_price_growth",7,0.253995973273295,0.0130281224051761,-0.856004543773733,-0.236383548556522,0.271221761304346,0.920289726208959
"consumption_growth","real_house_price_growth",8,0.312888472502827,-0.0278501815516387,-0.748841168373836,-0.233651689258111,0.178377350609841,0.724412272434175
"consumption_growth","real_house_price_growth",9,0.190102015652183,-0.0169872874796066,-0.670493252230781,-0.205202937627653,0.17058360731234,0.669958212847508
"consumption_growth","real_house_price_growth",10,0.174739794971755,-0.0257193949021182,-0.55571693876294,-0.182714464235653,0.130451210833913,0.547931118235456
"consumption_growth","real_house_price_growth",11,-0.0695697877603667,-0.00993456643475367,-0.51913837686333,-0.156782359177574,0.1352717525372,0.526623317402137
"consumption_growth","real_house_price_growth",12,-0.0996469130592294,-0.0205956531417146,-0.477210513572942,-0.15231411137005,0.108619396971256,0.463598084655335
"consumption_growth","real_house_price_growth",13,-0.159479051814932,-0.00717772610446355,-0.46216648284807,-0.134135046861063,0.116628849694586,0.443617727314257
"consumption_growth","real_house_price_growth",14,-0.0839758317949049,-0.0107682641946765,-0.418292603408569,-0.128038384162434,0.103697590733046,0.409864126312488
"consumption_growth","real_house_price_growth",15,-0.145215827400767,0.00369361374222121,-0.381422082948975,-0.104526711663055,0.11099002084097,0.402043704563457
"consumption_growth","real_house_price_growth",16,-0.060664040904092,-0.00477056774525521,-0.372638674745405,-0.109954082459662,0.0985297003935246,0.378284811167774
"consumption_growth","real_house_price_growth",17,-0.00548229100752051,0.00514504181400213,-0.352569233975593,-0.0911689103376412,0.102689903009956,0.347713560377444
"consumption_growth","real_house_price_growth",18,0.0859568864242598,-0.000325004975056109,-0.327705432232492,-0.0928525888254123,0.0919452232420031,0.34121840734155
"consumption_growth","real_house_price_growth",19,0.0845616466277624,0.00825734737663721,-0.292514585405196,-0.0733320930038404,0.0941424384415793,0.320468456919452
"consumption_growth","real_house_price_growth",20,0.143280902084161,0.000829017786554271,-0.29840149174561,-0.081137129040727,0.0834784676993477,0.306647834376596
"consumption_growth","real_house_price_growth",21,0.152730398780571,0.00620750973178157,-0.26825034657193,-0.0685042020111577,0.0838623487208243,0.28171784373215
"consumption_growth","asset_liability_ratio",1,29.8397949184337,0.847784232622102,-74.1734428849115,-21.1919663424087,23.5232267574095,78.6509790031967
"consumption_growth","asset_liability_ratio",2,-3.48031883031016,4.02341776605797,-32.3543282632473,-6.44870950549437,13.9886345116834,37.8825394453279
"consumption_growth","asset_liability_ratio",3,7.13304979074937,0.400357909062759,-22.0176892202084,-6.17479307577849,6.87167703369177,22.4000232558905
"consumption_growth","asset_liability_ratio",4,1.50325424663387,1.06714120836851,-17.4667070149222,-4.33253742030252,6.55407081592612,19.9114122724046
"consumption_growth","asset_liability_ratio",5,4.46539107257601,-0.100620922192654,-17.1211900617155,-5.15508201366304,4.87160392888147,16.6443081899967
"consumption_growth","asset_liability_ratio",6,0.192552281359026,0.224712087256094,-11.9302206673072,-3.28402872098564,3.74773473812797,12.1375300988826
"consumption_growth","asset_liability_ratio",7,1.03218031347195,-0.0980264010242925,-10.4163527257961,-3.12944187598656,2.94027079274467,10.6032608340004
"consumption_growth","asset_liability_ratio",8,-0.227695237695102,-0.182740874848405,-9.02968728370353,-2.76652456572265,2.3724290466461,8.60386693684232
"consumption_growth","asset_liability_ratio",9,-0.318782717043906,-0.178475167541239,-8.20972744397818,-2.49511125598807,2.05747860879318,7.77855401078957
"consumption_growth","asset_liability_ratio",10,-0.680463642874129,-0.249727318898622,-6.82669416118723,-2.18440376392026,1.64366375410559,6.24906758710166
"consumption_growth","asset_liability_ratio",11,-0.35907251431381,-0.176314018127275,-6.28201317612301,-1.9657921372041,1.54727281767063,6.00726927988198
"consumption_growth","asset_liability_ratio",12,-0.965840350064855,-0.16811963654423,-5.60343395604002,-1.81085304351676,1.41355094092439,5.6380241837031
"consumption_growth","asset_liability_ratio",13,-0.981312070574351,-0.0838484954645963,-5.42280227663564,-1.60846519608711,1.41492770614664,5.37035831520525
"consumption_growth","asset_liability_ratio",14,-1.29502368703212,-0.0820586050236131,-5.02293760237538,-1.54551567078731,1.33394006875442,5.08028387802075
"consumption_growth","asset_liability_ratio",15,-0.929787665542687,-0.0191847338460055,-4.57945678633516,-1.32134969144522,1.27539845415333,4.67982807696568
"consumption_growth","asset_liability_ratio",16,-1.52279474563301,-0.0131117956285889,-4.29343176005729,-1.2673445360013,1.24793486128147,4.56534787501462
"consumption_growth","asset_liability_ratio",17,-1.38874248319757,0.040392780896883,-4.02632446540224,-1.08568288697167,1.21955607248408,4.18847621480223
"consumption_growth","asset_liability_ratio",18,-1.44595698593316,0.013809306066439,-3.79883346724738,-1.09708541971545,1.1460887401006,4.12458976920961
"consumption_growth","asset_liability_ratio",19,-1.12767141767134,0.0521978543635855,-3.55978011979189,-0.936136163006626,1.10540848161561,3.70194442621101
"consumption_growth","asset_liability_ratio",20,-1.29411371682897,0.0276349870104372,-3.38443578385856,-0.946931526463494,1.03696590408557,3.6792386226757
"consumption_growth","asset_liability_ratio",21,-1.00697802770954,0.0535594193437358,-3.20761742432639,-0.829573927307901,0.99283931100497,3.41997874576751
"cpi_growth","gdp_growth",1,-1.01374185648561,0.0341259734033722,-2.26417647097078,-0.627118926068746,0.688115349881073,2.22450119872777
"cpi_growth","gdp_growth",2,0.321708661357641,0.00219651332993847,-1.27371326459285,-0.363129375052481,0.364257269372412,1.2679337199105
"cpi_growth","gdp_growth",3,0.503022649672292,0.0498185168989365,-1.12034484996116,-0.288834886260158,0.382317155140672,1.18617453126548
"cpi_growth","gdp_growth",4,0.127129255967168,0.0145895710331812,-0.919545054438099,-0.266319817146671,0.296110836035599,0.990218374032918
"cpi_growth","gdp_growth",5,0.667872426917222,0.0298031858791904,-1.03528733692017,-0.286483691705973,0.344191479368155,1.10745373035636
"cpi_growth","gdp_growth",6,0.387108839594036,0.00764173894469994,-0.813921067300269,-0.232239379288435,0.24980861707261,0.848000810125578
"cpi_growth","gdp_growth",7,0.295008248973205,0.0030700180752625,-0.692217438809652,-0.200133316166644,0.202675343151487,0.699446321171941
"cpi_growth","gdp_growth",8,0.437995970468711,-0.00969255249979127,-0.684854785090475,-0.207244710084677,0.192202750385252,0.686736653631816
"cpi_growth","gdp_growth",9,0.0254509810403163,-0.0175926039066563,-0.621262513679954,-0.195579609425219,0.159174657621717,0.596486234183184
"cpi_growth","gdp_growth",10,0.104169103963461,-0.0187096591516215,-0.621576450646962,-0.195289832675978,0.156375538888484,0.601948558970131
"cpi_growth","gdp_growth",11,-0.155453116692161,-0.0149574814689659,-0.523341898738827,-0.163523897604119,0.129437883236132,0.482757136151528
"cpi_growth","gdp_growth",12,-0.00541919537487659,-0.020590778589695,-0.582952990347223,-0.18433702383395,0.137710913124043,0.547150822135988
"cpi_growth","gdp_growth",13,-0.279061766588382,-0.0183808981718673,-0.477614307227133,-0.154809395032611,0.112975930023465,0.439130687267424
"cpi_growth","gdp_growth",14,-0.0580032869413742,-0.0157764477995412,-0.500831155697261,-0.157019941502651,0.117403335736735,0.458603607628297
"cpi_growth","gdp_growth",15,-0.189995459964028,-0.00965466454627166,-0.442427831992958,-0.134216657180361,0.107920169949809,0.404681152456462
"cpi_growth","gdp_growth",16,0.0123302055618854,-0.0117467359329184,-0.464439206126889,-0.142906793723027,0.111275911166963,0.432383965740173
"cpi_growth","gdp_growth",17,-0.159138964133365,-0.00918554893342728,-0.397484944646276,-0.119584144117886,0.094788588787722,0.357134325399006
"cpi_growth","gdp_growth",18,0.0678998786840158,-0.00742660458874513,-0.385124561599789,-0.114077042456745,0.0932005569634292,0.359436041417947
"cpi_growth","gdp_growth",19,-0.0587566285568575,-0.00408161687659263,-0.359889250974614,-0.103029080431651,0.0902915598831752,0.323419632820118
"cpi_growth","gdp_growth",20,0.100316732824469,-0.00477316097634912,-0.359186970305776,-0.103509257148015,0.0876873474025204,0.330548117428846
"cpi_growth","gdp_growth",21,-0.103559869391888,-0.00394290881337318,-0.316713504972151,-0.09272327180793,0.0798059451817027,0.287346250273102
"cpi_growth","consumption_growth",1,-5.9023429549446,0.0295013808144387,-2.48791838303564,-0.703712591999958,0.756928452378899,2.60722325748204
"cpi_growth","consumption_growth",2,-1.7965617931351,0.0203720675328173,-1.39305568009785,-0.383500874021828,0.425293512236954,1.45284600567387
"cpi_growth","consumption_growth",3,6.30095376235184,0.0628234302392684,-1.19521742905021,-0.310020128224385,0.434235028708624,1.37590073740919
"cpi_growth","consumption_growth",4,-1.37806648346258,0.0492390782288947,-1.01922101958672,-0.251742513093565,0.349332126893994,1.09812414184613
"cpi_growth","consumption_growth",5,-0.521442175623489,0.0629010999682532,-1.08365277160177,-0.277736251193482,0.403062998341037,1.23511747243426
"cpi_growth","consumption_growth",6,-4.04621752278916,0.0297168350339767,-0.871406631383374,-0.233572451844631,0.289630690770485,0.948910830317579
"cpi_growth","consumption_growth",7,-4.63041813799333,0.0157933502590016,-0.735972908113446,-0.199426376361805,0.231850818286569,0.790767879023347
"cpi_growth","consumption_growth",8,-1.16652465868938,0.00827549963710197,-0.749826414986689,-0.216994895445477,0.227223008696183,0.771966636178656
"cpi_growth","consumption_growth",9,-3.18768102444404,-0.0152973578285644,-0.693823392690995,-0.207596939788176,0.178459783641765,0.666370934538125
"cpi_growth","consumption_growth",10,-0.829221992520949,-0.0184386702947305,-0.69698717747225,-0.214466880009826,0.169971546988778,0.652456426073797
"cpi_growth","consumption_growth",11,-1.80247171622429,-0.0234874748043628,-0.571989275487044,-0.180925150956683,0.128796378439912,0.530410765146743
"cpi_growth","consumption_growth",12,0.326374460671045,-0.0183117439183212,-0.650716887201434,-0.208011989428092,0.159741800914541,0.59702221891519
"cpi_growth","consumption_growth",13,-0.757616071076125,-0.0259841904911703,-0.524355153024089,-0.171430218955516,0.113392519710703,0.483600327415539
"cpi_growth","consumption_growth",14,0.497785826070096,-0.0198444161792532,-0.56594588278177,-0.17613537140801,0.125651379549613,0.500378549580219
"cpi_growth","consumption_growth",15,-0.0398389232689949,-0.0182966276260507,-0.472782775002014,-0.151307922516852,0.107024794288682,0.449330383438179
"cpi_growth","consumption_growth",16,1.22983563362855,-0.0107096083264054,-0.531342227204107,-0.158145626443551,0.129398019532249,0.474820675762158
"cpi_growth","consumption_growth",17,-0.339808585248191,-0.0138641838501313,-0.424117112453315,-0.133126781452576,0.0999398067250006,0.415032985975366
"cpi_growth","consumption_growth",18,0.927124670762509,-0.0083302248794177,-0.426483939963633,-0.125851167388551,0.103632992217848,0.396017086618794
"cpi_growth","consumption_growth",19,-0.345241168992874,-0.00835659133019174,-0.373267360569203,-0.115089628862493,0.0961848171259238,0.379233919492288
"cpi_growth","consumption_growth",20,0.910615072467749,-0.00255861858748588,-0.393404440850982,-0.111591811670512,0.101096532170642,0.379202165075501
"cpi_growth","consumption_growth",21,-0.865525775522282,-0.00671312274701354,-0.34090403640966,-0.101378520820548,0.0869011140999568,0.34384972620144
"cpi_growth","cpi_growth",1,1,1,1,1,1,1
"cpi_growth","cpi_growth",2,-2.2199732136799,0.440631167670679,-1.73811622620262,-0.1837420628315,1.07296624538626,2.56288508443946
"cpi_growth","cpi_growth",3,-0.00735275345496835,0.426472040528761,-1.60310349078578,-0.139794438719472,1.00877628801141,2.36051384579202
"cpi_growth","cpi_growth",4,-1.28488419110312,0.161974518259289,-2.40906309960544,-0.56357246939648,0.902865577755046,2.72923103440273
"cpi_growth","cpi_growth",5,1.12633376464554,0.349145990806169,-1.70298918472993,-0.255964339296362,0.976965439428053,2.54129028638651
"cpi_growth","cpi_growth",6,-0.601690712098955,0.069094177380159,-2.19816698588646,-0.569788701928018,0.724574683290984,2.36619183689189
"cpi_growth","cpi_growth",7,0.906138209203059,0.115185880234031,-1.62300349706601,-0.38178765460847,0.635056861819072,1.94605679520492
"cpi_growth","cpi_growth",8,0.0853063248633709,-0.118893726409404,-1.81170306928371,-0.60541937575942,0.387829572617518,1.63138078268455
"cpi_growth","cpi_growth",9,1.20551729891023,0.023163566393922,-1.63972091471604,-0.445732635470518,0.513748313326267,1.73848161284516
"cpi_growth","cpi_growth",10,0.188870285378267,-0.150371749033079,-1.54435779571051,-0.551718466318138,0.25489478959868,1.19520719292378
"cpi_growth","cpi_growth",11,1.15088465986123,-0.0438105095579797,-1.37530228184755,-0.440552943278154,0.343996715120753,1.29453403734166
"cpi_growth","cpi_growth",12,0.289720522183461,-0.179694514572147,-1.32630621685744,-0.519556595734457,0.13569157767575,0.874038009793838
"cpi_growth","cpi_growth",13,1.09280330157443,-0.0341722597958931,-1.27644563907983,-0.420317184010165,0.321766782673766,1.19015951311998
"cpi_growth","cpi_growth",14,0.165585330555245,-0.137245642649745,-1.14853296254423,-0.452029774677908,0.139804664794478,0.781811605245258
"cpi_growth","cpi_growth",15,0.974018610521533,-0.0299555316433584,-1.13786766362034,-0.371095165685295,0.281800777980798,1.05537326676043
"cpi_growth","cpi_growth",16,0.242335654698812,-0.119912111078531,-1.08985900625015,-0.415427780551602,0.137527939604303,0.773031846105807
"cpi_growth","cpi_growth",17,0.891142515860742,-0.00245166104761042,-1.02693438546061,-0.308917197571415,0.279524173520483,0.977391826848303
"cpi_growth","cpi_growth",18,0.149805209729564,-0.0808492874709272,-0.926497608684486,-0.343464380525261,0.146253144493229,0.706202704940157
"cpi_growth","cpi_growth",19,0.795119135770393,0.00517424150178262,-0.887733237907676,-0.261740037991059,0.256591957556613,0.854264982835781
"cpi_growth","cpi_growth",20,0.25536524030127,-0.0690841152957415,-0.848211210704185,-0.308418838188435,0.146065892947835,0.690206421056234
"cpi_growth","cpi_growth",21,0.74208883942127,0.0173868834263689,-0.758687768703582,-0.215152405988609,0.248312246145309,0.797911790917223
"cpi_growth","saving_rate",1,-0.0468176750513754,0.0124070233587034,-2.18665433130024,-0.629919022650057,0.663262881308913,2.40796135877591
"cpi_growth","saving_rate",2,0.105478333637543,0.00347380962315691,-1.21222989566655,-0.354416884457048,0.367712918023935,1.33111808166867
"cpi_growth","saving_rate",3,0.1769614198889,-0.0203632107219202,-1.17810141405425,-0.357731291325098,0.318442140090449,1.19575668557879
"cpi_growth","saving_rate",4,0.26530614723059,-0.00583464076011321,-0.97597328423473,-0.285446648623749,0.278915591403156,0.995527679506394
"cpi_growth","saving_rate",5,0.350970176708297,0.00533260120030251,-1.06818693806984,-0.307501372746549,0.324509163729141,1.13943793898933
"cpi_growth","saving_rate",6,0.405691223443742,0.013040533076031,-0.78623268432188,-0.222548771498109,0.255090968967936,0.902666422080107
"cpi_growth","saving_rate",7,0.239487495939055,0.00678389199123509,-0.665497225802908,-0.184945404841809,0.208351781974925,0.718257696362338
"cpi_growth","saving_rate",8,0.188243624346031,0.0016473994994319,-0.688582719871756,-0.194630564367423,0.200917142784911,0.719723939915674
"cpi_growth","saving_rate",9,0.18550750423402,0.01107254428917,-0.593332859646102,-0.158907565814714,0.190054092971824,0.652492515836159
"cpi_growth","saving_rate",10,0.0865209921423584,0.00951229697478127,-0.594423373403694,-0.162250114368664,0.183128441272807,0.633159233552297
"cpi_growth","saving_rate",11,0.000101163540722304,0.00787110429056935,-0.4935294786452,-0.135380735268113,0.153553396544334,0.53250927101832
"cpi_growth","saving_rate",12,-0.0622326879084174,0.00250548066723913,-0.585025331552999,-0.162657174554988,0.168683416947881,0.586092426503513
"cpi_growth","saving_rate",13,-0.0646727093023305,0.00672357588285031,-0.481261096522649,-0.128242944902029,0.14350273235939,0.487192764784764
"cpi_growth","saving_rate",14,-0.101188379683092,0.00553574903391983,-0.496693080018203,-0.131670673323508,0.143357160406181,0.485667340497881
"cpi_growth","saving_rate",15,-0.112881318966051,0.005856636534735,-0.440615685261564,-0.113882789964692,0.124390692081275,0.424207609965928
"cpi_growth","saving_rate",16,-0.12478197713134,0.00238064772789129,-0.479927096905438,-0.12783821370342,0.12991789683174,0.443591133949261
"cpi_growth","saving_rate",17,-0.0852050263430517,0.00600364906510121,-0.394338381456844,-0.100822121200507,0.113217226909197,0.384708943674334
"cpi_growth","saving_rate",18,-0.087010957151664,0.00553095397647298,-0.379047394668104,-0.0993084939753361,0.107647920948586,0.364477891336887
"cpi_growth","saving_rate",19,-0.061327967225099,0.00651816459378313,-0.347707229595713,-0.0868714019338605,0.101870364282446,0.340127941672793
"cpi_growth","saving_rate",20,-0.0547664250477459,0.0042081948162237,-0.341928417318338,-0.09133204525263,0.0975678049018332,0.333400039470154
"cpi_growth","saving_rate",21,-0.0143549399133632,0.00731429217575131,-0.306770550469781,-0.0761111573784258,0.0917025877660059,0.314911620107812
"cpi_growth","policy_rate",1,-2.46872684731882,-1.23984530168008,-5.89208334666225,-3.1025621452134,-0.391545992418532,-0.131512437295383
"cpi_growth","policy_rate",2,-1.20966209323545,-0.556734102246283,-2.96105011333323,-1.50984439116284,-0.154950033726511,-0.0492012985553493
"cpi_growth","policy_rate",3,-1.39280878988619,-0.901841557152171,-3.65973581851988,-2.0539003299958,-0.26238295891,0.196130416118991
"cpi_growth","policy_rate",4,-0.163630990026841,-0.284518415500572,-1.82734111471163,-0.981564133671127,0.387876564181797,1.33526443140742
"cpi_growth","policy_rate",5,-1.869589382785,-0.990111983928053,-4.58741724715939,-2.39206688135613,-0.316251435699304,0.0724575360824345
"cpi_growth","policy_rate",6,-1.03802861773943,-0.495441977333373,-3.05766460813384,-1.48815953520926,0.0750864970954601,0.569328006118823
"cpi_growth","policy_rate",7,-1.2015730728743,-0.578020367720928,-3.17741753051958,-1.53076293556241,-0.0865513378484568,0.248454833877021
"cpi_growth","policy_rate",8,-0.000667998991520919,0.00251863271313184,-1.30397716612822,-0.559294946472268,0.594905329757082,1.41734367377263
"cpi_growth","policy_rate",9,-0.932847098208612,-0.40561030016367,-2.66771272881745,-1.22132490507211,0.0390100001686615,0.38336732742115
"cpi_growth","policy_rate",10,-0.180880191317931,-0.0144389379885299,-1.31275880111355,-0.522335762445473,0.44251156931998,0.987192761752595
"cpi_growth","policy_rate",11,-0.414527412751078,-0.152800664193664,-1.57162639622338,-0.681201863821187,0.217679040792965,0.600410034410414
"cpi_growth","policy_rate",12,0.418217440452608,0.229392830234413,-0.418924405342432,-0.101765534242509,0.785509114150253,1.61726021431078
"cpi_growth","policy_rate",13,-0.291509550954427,-0.112370781474507,-1.29458556810445,-0.562983454156643,0.229327360634084,0.598285053386482
"cpi_growth","policy_rate",14,0.213221153755187,0.132714465696147,-0.501133972642589,-0.159537207786473,0.553835760109162,1.16174957173338
"cpi_growth","policy_rate",15,-0.10856325679869,-0.0439900822754531,-0.95516999522049,-0.395477037641545,0.283048432225935,0.701908578901325
"cpi_growth","policy_rate",16,0.451538995595673,0.212293297542738,-0.24462586699569,-0.0406413158667217,0.70096976501473,1.46611536421224
"cpi_growth","policy_rate",17,-0.11975881198063,-0.062933510954439,-0.912924521683048,-0.390642555014151,0.231313054126841,0.611867915635346
"cpi_growth","policy_rate",18,0.240007555000425,0.111942174111824,-0.356752439177349,-0.110836791854808,0.476444883947492,1.04479407190374
"cpi_growth","policy_rate",19,-0.0793322551457909,-0.0426083839976294,-0.808101177753455,-0.33980602619949,0.221856702666844,0.583719936761565
"cpi_growth","policy_rate",20,0.334917710948253,0.149020378626231,-0.243980140449156,-0.0502374946274245,0.533128966513088,1.1611141295424
"cpi_growth","policy_rate",21,-0.107721428120374,-0.0508234888615,-0.789526132733634,-0.332136090832393,0.176426553831517,0.495677166172751
"cpi_growth","interest_burden",1,-3.06491031905234,-0.120957761626955,-10.1135532545687,-3.01470990175572,2.77750448574079,10.1279628771603
"cpi_growth","interest_burden",2,1.30769074675165,0.0261182433088953,-5.6555048655782,-1.57464128200792,1.68319654980342,5.70434570692924
"cpi_growth","interest_burden",3,-1.03483198168112,-0.0999233015003254,-5.40560987611116,-1.63425402328138,1.47655405641626,5.34501582036724
"cpi_growth","interest_burden",4,1.36283627209564,0.15619590030584,-4.22201410907573,-1.07619713213325,1.36262022707152,4.43783792532046
"cpi_growth","interest_burden",5,-1.52429820311856,-0.153753135007673,-5.06705032320097,-1.54045344879909,1.24741929129622,4.81700699684443
"cpi_growth","interest_burden",6,0.703293280111285,-0.0425963819692197,-3.85527335735277,-1.1067844037909,1.02943112515079,3.69111764359199
"cpi_growth","interest_burden",7,-0.148376866241226,-0.08779225986155,-3.06633294371282,-0.939140410408508,0.804464663957368,3.02784922922101
"cpi_growth","interest_burden",8,0.888941972344685,0.117148825400702,-2.79350792784397,-0.740514172651633,0.99365691074963,3.11191913628329
"cpi_growth","interest_burden",9,0.0791509874143266,-0.0929658019148566,-2.7490520934459,-0.849738355859651,0.682095875675107,2.72642202815433
"cpi_growth","interest_burden",10,0.807636161663125,-0.0197361911119029,-2.70460192041065,-0.79845427254024,0.776068915579576,2.76630984427205
"cpi_growth","interest_burden",11,-0.241894791899008,-0.0720273259480382,-2.2957128808169,-0.704324824400286,0.573083244925076,2.23339339580159
"cpi_growth","interest_burden",12,0.665485795858658,0.0775739527785867,-2.54008938540806,-0.63273059231414,0.812187700897526,2.67677631062193
"cpi_growth","interest_burden",13,-0.337735757663464,-0.0715427631575714,-2.132262983479,-0.654117347449131,0.533087901950364,2.08924170313221
"cpi_growth","interest_burden",14,0.449413840342559,-0.00802858058726504,-2.32861301414664,-0.624188192093521,0.619883981058346,2.2186693051275
"cpi_growth","interest_burden",15,-0.481151952631799,-0.0621044316338824,-1.95737684216991,-0.58940712503429,0.464363061231663,1.89701268732833
"cpi_growth","interest_burden",16,0.222481931886466,0.0478954299670254,-2.05119094648632,-0.512402621695128,0.619001439982108,2.08849938318694
"cpi_growth","interest_burden",17,-0.53057191556879,-0.0559882488132301,-1.77877211971106,-0.530005674466125,0.420827620401166,1.70392997233627
"cpi_growth","interest_burden",18,0.0897966612985974,-0.00185817002497171,-1.75072175933887,-0.467960855495044,0.462268638597211,1.68879437529281
"cpi_growth","interest_burden",19,-0.536762619930653,-0.0504374252756384,-1.52428371293729,-0.46696939028043,0.36320073784655,1.43737047454969
"cpi_growth","interest_burden",20,0.0108235709466826,0.0313259896752647,-1.54513181791701,-0.383517392282768,0.460892229759227,1.57379912308932
"cpi_growth","interest_burden",21,-0.523176847011141,-0.0421869494872504,-1.40238651894095,-0.413153986639052,0.322360091197598,1.34919498254799
"cpi_growth","debt_growth",1,0.770882917553151,0.199831836846708,-11.232842515862,-3.07053881364378,3.5241238370241,11.4647845417264
"cpi_growth","debt_growth",2,0.00451538542584405,-0.260293759191967,-6.598412482259,-2.02146825121677,1.54171100656336,5.86323267462685
"cpi_growth","debt_growth",3,0.644157691996509,0.152503899465759,-5.83884863591023,-1.57824343709261,1.88704560641475,6.06636065878121
"cpi_growth","debt_growth",4,-0.212478938212587,-0.340653371958571,-4.65954198411888,-1.6220452639115,0.966033081132733,4.11085651970789
"cpi_growth","debt_growth",5,0.170496043285853,0.228371887567658,-5.33849277662745,-1.31537154087186,1.81570491493614,5.70381369857248
"cpi_growth","debt_growth",6,-0.374365996848496,-0.125185765173644,-4.22059427620728,-1.32583910606116,1.07794731316463,4.15157491723511
"cpi_growth","debt_growth",7,0.0921091849601484,0.192396288749966,-3.03477312224427,-0.723279828449897,1.1401954996749,3.4431532762958
"cpi_growth","debt_growth",8,-0.352673573330637,-0.112120483161079,-3.43652771290598,-1.07689374420406,0.874103562541956,3.21431654138156
"cpi_growth","debt_growth",9,0.0414784447565631,0.22230507605662,-2.47978071685752,-0.557652628958412,1.02381600945783,3.00922242829641
"cpi_growth","debt_growth",10,-0.34989030515879,-0.0696700883395088,-3.14652128309992,-0.949823884880526,0.821157303998666,2.98448138284574
"cpi_growth","debt_growth",11,0.0656442328921662,0.157218104455343,-2.15162059383135,-0.514090071192997,0.845685248775681,2.59167418513267
"cpi_growth","debt_growth",12,-0.249398887916803,-0.0889360999164939,-2.87815128371324,-0.905568424411767,0.727874592501982,2.77500536943081
"cpi_growth","debt_growth",13,0.0709069635384182,0.156944841208922,-1.95607275152715,-0.444817385306871,0.792906276725875,2.35877167844603
"cpi_growth","debt_growth",14,-0.225695942712525,-0.0761288420930348,-2.41044577108555,-0.759267011952876,0.606533303087433,2.370223430321
"cpi_growth","debt_growth",15,0.0415307823516908,0.104095959949985,-1.8679756750971,-0.461278036256958,0.696603462651412,2.17496102345453
"cpi_growth","debt_growth",16,-0.208543198215396,-0.0857176920636672,-2.22969947958963,-0.710177512668409,0.535929208506377,2.14620176951698
"cpi_growth","debt_growth",17,0.0164562540187433,0.104432688927762,-1.62101507041988,-0.393647389648892,0.636092636557033,1.9743730394265
"cpi_growth","debt_growth",18,-0.197004553394808,-0.0712521587646588,-1.81058455355588,-0.58487742012015,0.433149520945584,1.73413572293288
"cpi_growth","debt_growth",19,-0.00623777539602568,0.0749403954527664,-1.45630537420171,-0.371391066315028,0.548795497940278,1.73792399208809
"cpi_growth","debt_growth",20,-0.19295605354979,-0.0706891190116917,-1.67232210438666,-0.539537494097282,0.37544719490551,1.57205386078426
"cpi_growth","debt_growth",21,-0.0110297506232039,0.0758521062304309,-1.31763350407306,-0.310881715664308,0.491686403460822,1.51219200901165
"cpi_growth","real_house_price_growth",1,-0.950677257229008,-0.130972110861557,-2.50927298297225,-0.817056872347427,0.572071053460389,2.30840942944292
"cpi_growth","real_house_price_growth",2,-0.812750028736431,0.00401455357029292,-1.40264595682084,-0.401970194070183,0.416077080696887,1.4258802696971
"cpi_growth","real_house_price_growth",3,-0.437200651515132,-0.0248563689406328,-1.35771659467542,-0.412613861541863,0.36539583366124,1.33711789901725
"cpi_growth","real_house_price_growth",4,-0.317805370488617,0.0214157006174651,-1.09557642822494,-0.300452358260099,0.333934788696434,1.10450100320936
"cpi_growth","real_house_price_growth",5,-0.100730319111683,0.0371721262251724,-1.16399715084806,-0.312787479704161,0.389519308675574,1.28941363587839
"cpi_growth","real_house_price_growth",6,-0.00812015745711264,0.0746815628586228,-0.764749154688132,-0.162214844049712,0.312295353267852,0.900031278632722
"cpi_growth","real_house_price_growth",7,0.060085071055634,0.03349996542877,-0.703297179722267,-0.180303191353537,0.254050584123201,0.777410824246911
"cpi_growth","real_house_price_growth",8,0.26909264275894,0.0559367224405289,-0.659249259769533,-0.143626900179776,0.258586069535519,0.736619571312585
"cpi_growth","real_house_price_growth",9,0.15616488564004,0.0408412927296895,-0.579225728936998,-0.13635534374959,0.233571630506221,0.713634520428362
"cpi_growth","real_house_price_growth",10,0.281876927201553,0.0535294681176682,-0.567874126001366,-0.115823240724509,0.231165844677805,0.645962144927361
"cpi_growth","real_house_price_growth",11,0.190524031766561,0.00907654543343267,-0.564351736874555,-0.153125801569464,0.180172722876191,0.595973345805814
"cpi_growth","real_house_price_growth",12,0.33169372851453,0.0199065550832399,-0.63245609025668,-0.163002484958921,0.204118201692618,0.656323047664302
"cpi_growth","real_house_price_growth",13,0.11830239442312,0.00216167363395092,-0.546363592855095,-0.147821745066492,0.159549970912099,0.554360415628475
"cpi_growth","real_house_price_growth",14,0.159464636502894,0.0143770299078697,-0.536533902802194,-0.139172517073976,0.171771550711702,0.554014941578103
"cpi_growth","real_house_price_growth",15,-0.0275083083441599,-0.0145894319693712,-0.49251450030427,-0.147233626410952,0.121164303189925,0.474657923285422
"cpi_growth","real_house_price_growth",16,0.0797411147914178,-0.0029554730309007,-0.525242961001726,-0.147034144518272,0.140296367295229,0.505536334971792
"cpi_growth","real_house_price_growth",17,-0.130921262199383,-0.0127812779692036,-0.439016738188927,-0.130514781552812,0.106928418012133,0.422665892659417
"cpi_growth","real_house_price_growth",18,-0.0356788891740801,0.000647440929307651,-0.42808279330494,-0.117094999807489,0.11809288548102,0.419813983566691
"cpi_growth","real_house_price_growth",19,-0.18361593966139,-0.0163480286358295,-0.394210433628512,-0.120423947760485,0.0836881009445736,0.354492777899906
"cpi_growth","real_house_price_growth",20,-0.0022930572613161,-0.00468342455821768,-0.405869054009349,-0.113779667485471,0.100585503295355,0.376107139490238
"cpi_growth","real_house_price_growth",21,-0.147677403242992,-0.0111514033584267,-0.356850990423031,-0.108355567568744,0.0792148960474295,0.324855509290365
"cpi_growth","asset_liability_ratio",1,-9.21171525342936,-0.380038623258093,-30.3996722239817,-9.24005695859848,8.60199053573247,30.7122523666915
"cpi_growth","asset_liability_ratio",2,-4.40158640250362,-0.237617416352645,-17.0343738909913,-5.1915584914392,4.7321513907328,16.7815667975322
"cpi_growth","asset_liability_ratio",3,-0.150349729694986,-0.755909250800319,-15.9213945744949,-5.36000223799757,3.76118866837373,14.9519594024447
"cpi_growth","asset_liability_ratio",4,-1.25851860232027,0.0148026983348683,-12.9927780646169,-3.9344208567401,3.90659068939367,13.0837494319278
"cpi_growth","asset_liability_ratio",5,1.59234081981994,0.0986914802313523,-14.646235063151,-4.23448113585613,4.48012544965179,15.0920824707373
"cpi_growth","asset_liability_ratio",6,1.92007587019939,0.670989586063842,-9.98975906857594,-2.38712340347648,3.73154849911813,11.0314641757781
"cpi_growth","asset_liability_ratio",7,2.3146216624721,0.497925821834952,-8.14594455236999,-2.02473670899952,3.09454790139507,9.34364765160454
"cpi_growth","asset_liability_ratio",8,3.6883392562155,0.576401221960237,-8.07925231021926,-1.91388387693329,3.05900349826073,9.05955565004675
"cpi_growth","asset_liability_ratio",9,4.14786321892434,0.296825348691285,-7.90232824574644,-2.05493044791131,2.70353321317546,8.62937729518431
"cpi_growth","asset_liability_ratio",10,3.30191477252487,0.419889529526811,-7.57691073370965,-1.85572483148247,2.73342528030033,8.42930887632595
"cpi_growth","asset_liability_ratio",11,3.22911330693804,0.257561274182412,-6.62183166045689,-1.66392187639427,2.2513266348835,7.26879047531075
"cpi_growth","asset_liability_ratio",12,3.71183565218833,0.211064999460826,-7.56940363327502,-2.03212009928435,2.46559869826191,8.04516167329714
"cpi_growth","asset_liability_ratio",13,3.80202295414035,-0.0124633916355738,-6.63091747623008,-1.88137018408487,1.8772235078414,6.53429165467056
"cpi_growth","asset_liability_ratio",14,3.0597479148473,0.060593014665913,-6.80076672271434,-1.8352624461056,1.98069516816506,6.84387915433729
"cpi_growth","asset_liability_ratio",15,2.98044690679728,-0.0353804502756716,-5.89346081073313,-1.69876459569865,1.60524685657493,5.87193179716241
"cpi_growth","asset_liability_ratio",16,2.87571075478598,-0.0107474911173623,-6.38640114756112,-1.79807660457106,1.74154570412615,6.18198759637293
"cpi_growth","asset_liability_ratio",17,2.79087569854295,-0.126671436075573,-5.2619863303011,-1.61567494681548,1.30459434927695,4.99469309695023
"cpi_growth","asset_liability_ratio",18,1.98212129701187,-0.0361862031403269,-5.11927285706989,-1.47196988163407,1.39640990008417,4.97997809677784
"cpi_growth","asset_liability_ratio",19,1.78192809636033,-0.0694312877953262,-4.61403843583873,-1.39580256457872,1.19057291848373,4.4957394281913
"cpi_growth","asset_liability_ratio",20,1.33270445955599,-0.018062573800205,-4.88006957951201,-1.36468304634719,1.26522351935357,4.5010705321933
"cpi_growth","asset_liability_ratio",21,1.19655768414149,-0.0805802380785763,-4.26341609806389,-1.27288382769081,1.04196306764826,3.94606041634272
"saving_rate","gdp_growth",1,-10.1862420845852,-0.0326925117200789,-6.46962657947466,-1.87708989062803,1.78020696675033,6.15593273937758
"saving_rate","gdp_growth",2,-5.04269168920985,-0.115582012284397,-4.00179921166474,-1.23625913805131,0.975336225432048,3.65330738696996
"saving_rate","gdp_growth",3,-7.29105661533633,-0.119790300167855,-4.36562553600051,-1.3441766312193,1.04034680941528,3.9372257463374
"saving_rate","gdp_growth",4,-7.58180821456758,-0.176721487499164,-4.56783726795944,-1.43316865099895,1.02327496537351,3.98108059010636
"saving_rate","gdp_growth",5,-6.40189257006103,-0.0467668179549332,-4.07964232074758,-1.21541620128208,1.07479254341703,3.81240432673939
"saving_rate","gdp_growth",6,-6.9408425049634,-0.0793321162077135,-4.04392758204013,-1.23597566116099,1.02881651864993,3.73968626982539
"saving_rate","gdp_growth",7,-5.95670706421124,-0.0552084880102314,-3.88523211992702,-1.17059162727122,1.00409514487591,3.57482827063132
"saving_rate","gdp_growth",8,-5.98823385258673,-0.0708421975417252,-3.79684401762353,-1.14543826650968,0.960890013622386,3.50254248277693
"saving_rate","gdp_growth",9,-5.51731668307074,-0.0668335498943381,-3.60476538672555,-1.10265127158188,0.914223160523988,3.31265342592132
"saving_rate","gdp_growth",10,-5.41827966337348,-0.0745525111882895,-3.54964361364899,-1.07532026819133,0.885943113107286,3.23651145142554
"saving_rate","gdp_growth",11,-4.89499221083162,-0.0969246275494451,-3.43413955788731,-1.07379802033863,0.83530995222948,3.11339465748588
"saving_rate","gdp_growth",12,-4.97956810503166,-0.105353338073417,-3.43112764744699,-1.0698319528809,0.81777622797585,3.08643394637088
"saving_rate","gdp_growth",13,-4.69865312771986,-0.120134690164821,-3.40642818082162,-1.0800596355138,0.799108081952166,3.03033563828908
"saving_rate","gdp_growth",14,-4.71702697597139,-0.129307513503247,-3.43197777942307,-1.08827414964372,0.809871549076381,3.04694989060048
"saving_rate","gdp_growth",15,-4.45393628525921,-0.140053524239313,-3.47219976116944,-1.11099008697905,0.804342437429326,3.10529570305906
"saving_rate","gdp_growth",16,-4.48953303287936,-0.14543187283665,-3.50118734476677,-1.12822547724772,0.816634579084612,3.11388741457071
"saving_rate","gdp_growth",17,-4.29454536182393,-0.148845398038212,-3.54638900930333,-1.14744214507957,0.827429147237359,3.15084581436979
"saving_rate","gdp_growth",18,-4.27890679326877,-0.150816739222372,-3.66767218972617,-1.16238857300259,0.831635763570107,3.1796028474251
"saving_rate","gdp_growth",19,-3.98320671211105,-0.15144911832109,-3.67545902972979,-1.16836159602478,0.837614918121376,3.22331233289636
"saving_rate","gdp_growth",20,-3.91826911074765,-0.147294393273521,-3.72681584135144,-1.17066180815224,0.850519247165115,3.23359584130188
"saving_rate","gdp_growth",21,-3.62238400250768,-0.142443821057338,-3.75345063051472,-1.17789458122187,0.854761011556304,3.25713402089928
"saving_rate","consumption_growth",1,-25.9487666211994,-0.253474024373503,-7.09194065669562,-2.23750109034832,1.7304600723377,6.41783198212266
"saving_rate","consumption_growth",2,-40.1384752376574,-0.25300719784591,-4.24692771890481,-1.4317482098913,0.889482264448866,3.67569264102383
"saving_rate","consumption_growth",3,-26.711525470887,-0.257402956398902,-4.69028046328236,-1.52282765082328,1.00396143750186,3.91097333086175
"saving_rate","consumption_growth",4,-27.2162986901798,-0.300580262488735,-4.87537043987775,-1.62382640083007,0.987160125340058,3.98451201588419
"saving_rate","consumption_growth",5,-29.8089037279431,-0.1450272566225,-4.53957801971424,-1.40891548960312,1.09346299075284,4.01169911100953
"saving_rate","consumption_growth",6,-38.8045865308326,-0.183258177444118,-4.52881275217623,-1.41221365127151,1.02505220336458,3.91174622238517
"saving_rate","consumption_growth",7,-34.2028785630859,-0.109043985435624,-4.28104986198241,-1.3177916725776,1.06302839983757,3.89263261947227
"saving_rate","consumption_growth",8,-42.5533347439201,-0.124498809422266,-4.22113899969933,-1.29560612789785,1.0199869779789,3.79389098566886
"saving_rate","consumption_growth",9,-40.4552401820241,-0.105771180250608,-4.04752665109727,-1.23252918960149,0.999786973445991,3.63886033389914
"saving_rate","consumption_growth",10,-46.0582355416451,-0.112828725486499,-3.92017881885034,-1.20643817567434,0.958905429311207,3.56275062360539
"saving_rate","consumption_growth",11,-48.875854670451,-0.115689896001037,-3.86697494450498,-1.1872307214448,0.937389594913569,3.51342924478269
"saving_rate","consumption_growth",12,-51.9991035541971,-0.131202140159291,-3.83537754664392,-1.19700487406139,0.911471710852157,3.47381657969661
"saving_rate","consumption_growth",13,-56.1170577483924,-0.143834601076144,-3.8305291419777,-1.20857521164659,0.891989157882633,3.44156820645952
"saving_rate","consumption_growth",14,-57.8086361415605,-0.159390045414611,-3.91541818376441,-1.22962612711197,0.877802293833089,3.4344863466752
"saving_rate","consumption_growth",15,-60.6326026894863,-0.170391862368784,-3.96755567307797,-1.25673824111125,0.874299993597141,3.43136071063166
"saving_rate","consumption_growth",16,-62.492555866036,-0.181679250383481,-4.04563757551526,-1.28086001444344,0.873354159415565,3.43031607373265
"saving_rate","consumption_growth",17,-64.631034533622,-0.187302432008216,-4.07992051842083,-1.29370643277662,0.880288244890028,3.45986853992507
"saving_rate","consumption_growth",18,-66.0299868335655,-0.19189453096911,-4.14906114447318,-1.31592740256654,0.880565857930499,3.48407507800356
"saving_rate","consumption_growth",19,-67.4187798592902,-0.192524531201939,-4.1806209437828,-1.33346592848301,0.883151049013216,3.53738002477902
"saving_rate","consumption_growth",20,-68.4129085002734,-0.193236699951491,-4.23961069598393,-1.34095486163351,0.89211870959449,3.56248968608416
"saving_rate","consumption_growth",21,-69.8846459603785,-0.190013607505819,-4.23995348867524,-1.34625878341707,0.892131989887435,3.57965626318032
"saving_rate","cpi_growth",1,-7.49802933547836,0.0530951334018061,-18.2592259477099,-5.08356038114772,5.05149705860189,17.0868185194646
"saving_rate","cpi_growth",2,-1.46873265866688,-0.0527979766475541,-10.9073199961937,-3.18090834593523,3.02247965326432,10.8398555792316
"saving_rate","cpi_growth",3,-1.34444632763417,0.216346767832363,-11.4747050879744,-3.19161167243179,3.54118492454597,11.5325571199552
"saving_rate","cpi_growth",4,-0.734643331474488,0.177633418403333,-12.2146957457389,-3.38226369883966,3.63744190090774,12.1663967345811
"saving_rate","cpi_growth",5,-0.707877581582342,0.273181648833996,-10.8102106273779,-2.88432354188935,3.40431573231227,10.8954780626433
"saving_rate","cpi_growth",6,-1.83113246621852,0.382130655153639,-10.5317018760991,-2.73607834071854,3.40987850404049,10.5668440477367
"saving_rate","cpi_growth",7,-0.678354057698789,0.417026890135345,-9.84564685111725,-2.52464170894034,3.29436297869812,10.0721198438721
"saving_rate","cpi_growth",8,-0.208363927171272,0.419139712356792,-9.61804358102615,-2.4463818696291,3.22482041465503,9.93423600805871
"saving_rate","cpi_growth",9,-0.844144283405486,0.304272456954961,-9.21659352317888,-2.42462355694359,3.04811635075359,9.52202340719929
"saving_rate","cpi_growth",10,-0.24508101267482,0.232884445360429,-9.29935966808569,-2.42134828268047,2.91933052509034,9.26379984220964
"saving_rate","cpi_growth",11,0.197055216641091,0.122383975578995,-9.39669459574939,-2.52891045149338,2.76967334657005,9.09846595855149
"saving_rate","cpi_growth",12,1.29430911954475,0.034643520063708,-9.45094620449866,-2.620820548474,2.68963863540004,9.15359789491513
"saving_rate","cpi_growth",13,0.962108465606966,-0.0898904802196914,-9.31070054243346,-2.73692827947154,2.54305239629078,9.07112225019529
"saving_rate","cpi_growth",14,1.50388422105906,-0.174279218780493,-9.50901615575677,-2.86255952623363,2.48829318889735,9.07214760999793
"saving_rate","cpi_growth",15,1.85540235697745,-0.264134653822642,-9.62875368833165,-2.96257306534377,2.40567073650682,8.97093796998267
"saving_rate","cpi_growth",16,2.54904852829397,-0.30937649669517,-9.80925010977677,-3.07669838028598,2.3632396685308,8.9550508368763
"saving_rate","cpi_growth",17,2.27230033914265,-0.375046266365692,-9.88959338049811,-3.17586747771632,2.31324134431813,9.12872739077245
"saving_rate","cpi_growth",18,2.44751410688352,-0.397915184005979,-10.1185162957576,-3.2203574416776,2.31961811654717,9.17309865263392
"saving_rate","cpi_growth",19,2.51343232997032,-0.432264594100969,-10.1907402403912,-3.25547850154878,2.30198674566117,9.18365481932442
"saving_rate","cpi_growth",20,2.87023146807402,-0.429622091095841,-10.4482020804575,-3.2923688591684,2.28811376658539,9.19012362981544
"saving_rate","cpi_growth",21,2.51963265265738,-0.441022464217994,-10.4326263811528,-3.31349905441059,2.27561403534882,9.12757265469068
"saving_rate","saving_rate",1,1,1,1,1,1,1
"saving_rate","saving_rate",2,0.304641720949495,0.533832235868021,-1.43080620573233,-0.0421693562471175,1.10075578924196,2.50687413173578
"saving_rate","saving_rate",3,0.52044251158463,0.552610054167705,-1.7392964285451,-0.115545203142409,1.23175697425011,2.95999613335642
"saving_rate","saving_rate",4,0.466424783586262,0.548532023191525,-2.14544163840129,-0.207384172554718,1.33221817714896,3.25206762828852
"saving_rate","saving_rate",5,0.55601267973558,0.487377298679233,-2.03280449260943,-0.219134426642805,1.19926707312862,2.93322308619962
"saving_rate","saving_rate",6,0.51260862924336,0.488387719286733,-1.93708798003266,-0.193469371183781,1.18801638504755,2.89826921571102
"saving_rate","saving_rate",7,0.713750436673948,0.444080355255638,-2.02150361722875,-0.247435244460457,1.15526646203414,2.87999078674058
"saving_rate","saving_rate",8,0.906159318462892,0.436209564979588,-1.95400287366395,-0.233406177171016,1.1219148820656,2.82882626058079
"saving_rate","saving_rate",9,0.851785779448373,0.409406654288316,-1.885206967653,-0.231561039911105,1.07417718451446,2.6571381418897
"saving_rate","saving_rate",10,0.871781264291985,0.39967296703092,-1.88902332119231,-0.223308367092453,1.04361404365891,2.62493002065334
"saving_rate","saving_rate",11,0.913967147367981,0.389909034566745,-1.90967073628373,-0.22000671367164,1.02085312007512,2.60033766951957
"saving_rate","saving_rate",12,0.926763439921471,0.383819416354801,-1.96297175812837,-0.228598046809501,1.02468521424976,2.6125984795082
"saving_rate","saving_rate",13,0.850987968029117,0.375105456244426,-1.97237519053109,-0.258070784972015,1.02678689431422,2.61859703691735
"saving_rate","saving_rate",14,0.800004123463801,0.367717263268829,-2.0913960103371,-0.299265962804846,1.04891738254746,2.71856131332124
"saving_rate","saving_rate",15,0.786935463925859,0.363585053606051,-2.20951876837613,-0.331877465271302,1.0634013590893,2.76801256019846
"saving_rate","saving_rate",16,0.76901553908134,0.36049860135913,-2.31639928180098,-0.359458381949326,1.08681129715401,2.88234843399641
"saving_rate","saving_rate",17,0.689952330317215,0.353738241273534,-2.43767124692028,-0.393686651508519,1.10814272812436,2.99765043836599
"saving_rate","saving_rate",18,0.648397002161597,0.347081088792489,-2.53916456601122,-0.426374491871691,1.13374629878392,3.06740270467984
"saving_rate","saving_rate",19,0.636345255229793,0.341751676281272,-2.61099914879817,-0.451680340046005,1.14580520758583,3.14312533558298
"saving_rate","saving_rate",20,0.633348926371986,0.334919552012736,-2.67517221041025,-0.472289603480535,1.16233829610271,3.17794389021225
"saving_rate","saving_rate",21,0.591503202687123,0.329323437924779,-2.70331010300917,-0.490164580354526,1.1662589336201,3.21965233018226
"saving_rate","policy_rate",1,1.64367418808115,0.920003665384911,-13.054973155881,-5.16710063343169,7.21878944544878,15.9205177176609
"saving_rate","policy_rate",2,0.531644167016809,0.967244780133937,-7.96479636727856,-2.73663906144076,4.55903761439242,9.32377661042741
"saving_rate","policy_rate",3,1.72820180677592,1.61258826455691,-7.21176073518463,-2.05889759663856,5.63056012410609,10.9461172876014
"saving_rate","policy_rate",4,1.84415769810575,1.76392475105864,-7.07749237418446,-2.00403951407938,5.96999670918631,11.4474165197308
"saving_rate","policy_rate",5,1.97290002194934,1.41707689241097,-6.32584819049156,-1.93674977029558,5.35378417602498,10.6420229493831
"saving_rate","policy_rate",6,1.33487479371912,1.02357024094432,-6.83118995381331,-2.35069516892798,4.90980162573261,9.93648845684177
"saving_rate","policy_rate",7,0.764484870693333,0.637764658414061,-7.07590717560028,-2.64219450594049,4.22699045441431,8.87712858012249
"saving_rate","policy_rate",8,-0.0432440298907933,0.184697652533341,-7.82000461860879,-3.13133208979386,3.63919104050424,8.02416037406705
"saving_rate","policy_rate",9,-0.238268150940295,0.0529608344559948,-7.66597942031536,-3.17656683758072,3.37744137386718,7.60607712256741
"saving_rate","policy_rate",10,-0.51997673807946,-0.0970788657542854,-7.82607846812182,-3.29441541472824,3.11321083572652,7.22069272240316
"saving_rate","policy_rate",11,-0.665744569462618,-0.166686721187362,-7.99359822726292,-3.36441597111166,2.97988911230434,7.06002430521672
"saving_rate","policy_rate",12,-0.914643264288995,-0.242808376804138,-8.11984459589266,-3.42857699897411,2.85290487689502,6.72559588296282
"saving_rate","policy_rate",13,-0.765882994957143,-0.154320523206509,-7.86228461064432,-3.2548822814397,2.94404702416686,6.94886264171632
"saving_rate","policy_rate",14,-0.677708206947301,-0.0789503740182601,-7.68882437841123,-3.14117351824109,3.03406564852175,7.13153126376138
"saving_rate","policy_rate",15,-0.499975380581974,0.0261418278689337,-7.47677114555993,-2.99915468745982,3.17035466287554,7.33359708365297
"saving_rate","policy_rate",16,-0.491567517574429,0.0741621585372091,-7.4669139526938,-2.95272572873248,3.23000769901999,7.38733034109084
"saving_rate","policy_rate",17,-0.258972594490173,0.194497659321233,-7.22375247806903,-2.78755963801743,3.4167382984923,7.70290366615238
"saving_rate","policy_rate",18,-0.138170787124852,0.259023508108654,-7.03268338303041,-2.69388827896681,3.51989020842969,7.87839742139334
"saving_rate","policy_rate",19,0.0233405876376283,0.329717081887548,-6.83969787917725,-2.58468501589354,3.62797118414093,8.05084178829268
"saving_rate","policy_rate",20,0.0209945513578958,0.336485501921643,-6.83350014065276,-2.594199099486,3.64483862809951,8.06880400554714
"saving_rate","policy_rate",21,0.15090313632606,0.391509050555289,-6.66518788523879,-2.52345477802243,3.72777305714108,8.19884224125759
"saving_rate","interest_burden",1,-5.38268147904216,-0.606980510769738,-28.8082418945163,-8.58199910183706,7.42146488161497,27.6528183846131
"saving_rate","interest_burden",2,-3.96833093982332,-0.32233255257712,-17.9366562695251,-5.25758416265098,4.63719154845735,17.1132673044258
"saving_rate","interest_burden",3,-3.30756711678594,-0.264652984673411,-18.6882144003889,-5.67043301995493,5.0504283579248,18.3424580238289
"saving_rate","interest_burden",4,-4.59593284466305,-0.153785924677694,-19.762337066208,-5.7079944658037,5.53707435081048,19.4115680412544
"saving_rate","interest_burden",5,-9.73255359319096,-0.293010855777723,-18.1568878064746,-5.37362761462368,4.77086775589743,17.3760347268605
"saving_rate","interest_burden",6,-8.45223047351529,-0.193235886651476,-17.9759994168335,-5.26194489354215,4.81744905979515,17.4585608926572
"saving_rate","interest_burden",7,-10.3566173202051,-0.263235508120335,-17.2486514304591,-5.04896925354318,4.522558770443,16.8966652742274
"saving_rate","interest_burden",8,-9.9261271290518,-0.294989038784817,-16.9926595045751,-5.01406270090059,4.39340531334111,16.280250910278
"saving_rate","interest_burden",9,-9.12685778253727,-0.315964295122032,-16.4254463748557,-4.79406918409066,4.19913271963607,15.7630930061894
"saving_rate","interest_burden",10,-8.53553865468825,-0.285528428038945,-15.9603780519592,-4.67656392202992,4.13052764018809,15.4894855937177
"saving_rate","interest_burden",11,-7.65864116520402,-0.301454524650561,-15.5838846430643,-4.58268849306822,4.04301125601009,15.2577578149586
"saving_rate","interest_burden",12,-7.00773201060598,-0.336065789209731,-15.3133669692359,-4.6009229368706,3.97757584969605,14.7746437073305
"saving_rate","interest_burden",13,-6.30390981541763,-0.320194863432921,-15.2682554253348,-4.55967010021322,4.03380969578551,14.8790350973495
"saving_rate","interest_burden",14,-5.41826394421332,-0.306532379723979,-15.2623167433884,-4.61843430402339,4.06635310859616,14.9912751782945
"saving_rate","interest_burden",15,-5.12032339723661,-0.299758312419338,-15.5918741833193,-4.62525232650108,4.13637091924223,15.2225841048476
"saving_rate","interest_burden",16,-4.59199732625755,-0.324687366597044,-16.0174471547294,-4.69256459694841,4.18705011484806,15.3133389172196
"saving_rate","interest_burden",17,-4.51337843282835,-0.316169702316864,-16.2340308818459,-4.72560918670875,4.25592045307146,15.7495070621375
"saving_rate","interest_burden",18,-4.14538721540241,-0.292511809999,-16.3751158332328,-4.80155511195337,4.29665156837189,15.9837355632763
"saving_rate","interest_burden",19,-4.19724735621841,-0.284872497821084,-16.6468472911957,-4.83918283686044,4.34589042678361,16.2246544220429
"saving_rate","interest_burden",20,-4.07287208268346,-0.295175408770426,-16.785361715736,-4.9009799636561,4.38961868044894,16.3879332923523
"saving_rate","interest_burden",21,-4.19168220057722,-0.271327072419542,-16.7168971722704,-4.9069534651616,4.40211841888291,16.4539446335082
"saving_rate","debt_growth",1,-0.580839608176572,0.348075315187615,-30.4824559646413,-8.90112673280637,9.45302277478014,31.6798417044812
"saving_rate","debt_growth",2,0.00671456165054961,0.72501866384108,-18.3194392383153,-4.89866658885576,6.19743762037788,19.1685080047664
"saving_rate","debt_growth",3,0.954140968107796,0.509412585857538,-20.4630953132117,-5.64242098475093,6.54552107404055,20.8331786013863
"saving_rate","debt_growth",4,0.8690923902306,0.60571281554447,-21.4726371387232,-5.70576765643497,6.9590553059767,21.6495668974112
"saving_rate","debt_growth",5,1.40253550356816,0.459325468374089,-19.527528500114,-5.26029418107063,6.23946332729897,20.0784087425227
"saving_rate","debt_growth",6,1.19935396277441,0.399465558666073,-19.5494510476806,-5.26602635399209,6.13392493881796,19.7749803536101
"saving_rate","debt_growth",7,1.22580023744422,0.441932528312539,-18.5003472132304,-4.97915425269908,5.91861934886912,18.8386623081563
"saving_rate","debt_growth",8,1.07877195266123,0.465334733199506,-17.9889896963494,-4.82100617467453,5.72046951340373,18.6104741268463
"saving_rate","debt_growth",9,0.91160894375573,0.389562963409794,-17.2507903893793,-4.58678026626675,5.42775437032146,17.7212590733694
"saving_rate","debt_growth",10,0.603079344783727,0.452622922274992,-16.6361064188248,-4.39611898911704,5.37444462511656,17.3357636893926
"saving_rate","debt_growth",11,0.306698690574013,0.440426459190327,-16.2690346457376,-4.34997855512154,5.27568503625114,16.9724858594289
"saving_rate","debt_growth",12,0.177194228482252,0.516405145692099,-16.0357213607787,-4.20798465873846,5.33002743064427,16.738639299706
"saving_rate","debt_growth",13,0.00383964737499192,0.499582799592476,-16.0269125064252,-4.23694071401615,5.34504186224745,16.9125514079426
"saving_rate","debt_growth",14,-0.12847767326357,0.546780667594735,-16.1745275108884,-4.18950389972201,5.45996224797097,16.9921789919216
"saving_rate","debt_growth",15,-0.245561411375082,0.553458256330072,-16.5268540984221,-4.23657916052365,5.53728287334443,17.2175526868812
"saving_rate","debt_growth",16,-0.23755517849067,0.601947606152469,-16.7581747944438,-4.32846038143865,5.63795339867827,17.6198290784879
"saving_rate","debt_growth",17,-0.281479295465358,0.587888458442692,-17.1413744488994,-4.38546231600388,5.71023885283923,17.9852483973827
"saving_rate","debt_growth",18,-0.255837782968199,0.619024868789475,-17.2983425775151,-4.39219735427493,5.80983570720176,18.0527742588371
"saving_rate","debt_growth",19,-0.306971070676866,0.613526332218116,-17.3660136094501,-4.46288320175753,5.86179140584786,18.3405075292706
"saving_rate","debt_growth",20,-0.245856358015839,0.639705245676588,-17.3633752879391,-4.41099795169874,5.92614249867515,18.4934440415917
"saving_rate","debt_growth",21,-0.269770311144839,0.623642009370041,-17.3713168657663,-4.44858185959135,5.91035857556144,18.5315913261101
"saving_rate","real_house_price_growth",1,-4.32756868722295,-0.0133437421585355,-7.21338218739512,-2.05657339650373,2.05445165727333,7.27362793270047
"saving_rate","real_house_price_growth",2,-1.90857118455095,-0.0307924836041772,-4.5009979819331,-1.28714026425936,1.23541154824336,4.44306647059507
"saving_rate","real_house_price_growth",3,-2.26370022454352,-0.110992982095959,-4.82260030428353,-1.47744669432114,1.23749240394886,4.62331692921761
"saving_rate","real_house_price_growth",4,-2.12696235740381,-0.0914380687447617,-5.00690670765731,-1.51952726076288,1.32174584401707,4.89764607928226
"saving_rate","real_house_price_growth",5,-2.26881454793221,-0.166404053554084,-4.59280195512142,-1.4518642962577,1.08814522478469,4.19149406514861
"saving_rate","real_house_price_growth",6,-2.38126769946563,-0.191526835996504,-4.55744084529072,-1.44439277715787,1.03417287634339,4.08437806022884
"saving_rate","real_house_price_growth",7,-2.23952988962504,-0.179882496830016,-4.26212622989772,-1.37055461004209,1.00252114042167,3.89819962917287
"saving_rate","real_house_price_growth",8,-2.42251061138523,-0.171604786907566,-4.31949312498416,-1.33978160371707,0.987038079600895,3.8007174316372
"saving_rate","real_house_price_growth",9,-2.46806465652165,-0.146657264303373,-4.12317131072894,-1.26094714364227,0.965128207050349,3.69844135518037
"saving_rate","real_house_price_growth",10,-2.31840236547825,-0.128398319506627,-4.04378106971799,-1.23453190942773,0.960646050789701,3.59350025386178
"saving_rate","real_house_price_growth",11,-2.21718732763458,-0.10004944067803,-3.99537248813635,-1.2000322191085,0.974821588763239,3.63459979314335
"saving_rate","real_house_price_growth",12,-2.00473851078698,-0.0830873737619548,-3.97568925065128,-1.1830652745733,0.989330528168466,3.6380411822362
"saving_rate","real_house_price_growth",13,-1.85697332526666,-0.0727896841006369,-3.93921933964114,-1.17203927087562,0.999287956508252,3.61517530406813
"saving_rate","real_house_price_growth",14,-1.53353468938393,-0.0714768390119056,-4.00988253999963,-1.17692063752642,1.0129291213722,3.66131787968429
"saving_rate","real_house_price_growth",15,-1.35683815869161,-0.0642946354968432,-4.06996542191322,-1.19096161870621,1.02985360805991,3.7572409260738
"saving_rate","real_house_price_growth",16,-1.13013513726014,-0.0699767003173596,-4.15121276264625,-1.20988100166729,1.05449545470854,3.82329256735302
"saving_rate","real_house_price_growth",17,-1.05351637991451,-0.076413203340983,-4.21064571305917,-1.23614622192899,1.06304217422497,3.89240311949842
"saving_rate","real_house_price_growth",18,-0.878737687372517,-0.0847021388837598,-4.26962607669467,-1.26612727294745,1.07109787178452,3.89606553282622
"saving_rate","real_house_price_growth",19,-0.900808718118564,-0.0879664658793161,-4.29270328250809,-1.27709198321954,1.06760133529524,3.89821425082315
"saving_rate","real_house_price_growth",20,-0.861172211174018,-0.0950925424016703,-4.33383918430658,-1.28633186231577,1.0696002071294,3.94128716806249
"saving_rate","real_house_price_growth",21,-0.981745946483611,-0.0981702801039624,-4.29919861711272,-1.28756344215276,1.06532369610651,3.94313199545228
"saving_rate","asset_liability_ratio",1,-45.892279602033,-0.273790658272836,-88.2559171663634,-25.8293341887211,24.7034270451513,86.1535218601422
"saving_rate","asset_liability_ratio",2,-12.2994484994489,-0.200345387629762,-54.1533848471707,-16.0199811757846,15.4197323500501,51.7475793361736
"saving_rate","asset_liability_ratio",3,-21.0780359896036,-1.86376384188255,-59.0558521328981,-18.3656381083715,14.5176990035817,52.9705759442166
"saving_rate","asset_liability_ratio",4,-16.3034870890818,-2.630696209606,-59.9566187783291,-19.5112079531959,13.9581473220467,53.5774853382551
"saving_rate","asset_liability_ratio",5,-22.2247490370847,-2.76557201160647,-53.6562592469757,-17.8267185943621,12.2201586488382,47.177917782807
"saving_rate","asset_liability_ratio",6,-21.8460908308797,-2.31352545817098,-54.3323749519706,-17.5843618025146,12.7536531512594,47.0853074599125
"saving_rate","asset_liability_ratio",7,-13.5953929750056,-2.58364873950954,-51.4171722101384,-16.8847765492476,11.6222768119428,44.5531573710016
"saving_rate","asset_liability_ratio",8,-12.1706332113595,-2.24587455118991,-49.5339774100383,-16.4374523481901,11.5823312540028,44.4176965846268
"saving_rate","asset_liability_ratio",9,-9.93116127256499,-2.13654481312896,-48.3513961542687,-15.7739356980412,11.0759451603587,41.8816284339378
"saving_rate","asset_liability_ratio",10,-8.53781479628586,-1.87237267544637,-46.783481373812,-15.1562599630166,11.1472247394471,42.0704201958157
"saving_rate","asset_liability_ratio",11,-4.87061044522248,-1.6723745764407,-47.1351516027605,-14.7955404919942,11.307375279503,41.4122567678207
"saving_rate","asset_liability_ratio",12,-2.48501660377444,-1.52379154109152,-47.6302348970307,-14.6637585728179,11.378310996877,41.9873581606512
"saving_rate","asset_liability_ratio",13,-1.89070619601304,-1.3597462913401,-47.9749114604351,-14.6362517052027,11.5883513327682,42.5152387119024
"saving_rate","asset_liability_ratio",14,-0.958990711493679,-1.28817292269028,-48.4801544645202,-14.7833571619367,11.6844078878658,43.2909340303293
"saving_rate","asset_liability_ratio",15,0.0517082360618149,-1.26016579516685,-49.5080399504667,-15.0268387053151,11.810290540844,43.812310641664
"saving_rate","asset_liability_ratio",16,0.525173119689402,-1.26192576239333,-50.1470935789746,-15.3038683717942,11.8716377120564,44.5314950772126
"saving_rate","asset_liability_ratio",17,0.0875908591077294,-1.27661141237715,-50.6482561538284,-15.4485414660109,12.0003525015371,44.4815290990388
"saving_rate","asset_liability_ratio",18,-0.0540062155740106,-1.33126745385317,-51.0285946672341,-15.605411348088,12.1897011168474,45.4446010224344
"saving_rate","asset_liability_ratio",19,-0.36960981768779,-1.40597702169152,-51.1301407338198,-15.8129365628124,12.2809379790684,45.4849200488526
"saving_rate","asset_liability_ratio",20,-0.867335257527816,-1.43899908100069,-51.6140888073593,-15.8543659128365,12.3048320665409,45.7726002354707
"saving_rate","asset_liability_ratio",21,-1.91116384680202,-1.44177497257848,-51.6191402990819,-15.8454401885627,12.3854352853665,46.6664583460473
"policy_rate","gdp_growth",1,0.422298228781837,0.0288870118713103,-1.12383211236924,-0.306988488664998,0.352703838372542,1.16651154378202
"policy_rate","gdp_growth",2,0.249339800385207,0.0855468439737134,-1.66904021862114,-0.427567493914264,0.578591106954711,1.82798629637118
"policy_rate","gdp_growth",3,0.0633433309821029,0.128471147344217,-1.92294016286858,-0.467090606042572,0.702940178728688,2.1143515781846
"policy_rate","gdp_growth",4,0.584229643822487,0.148284570486268,-1.98476936369414,-0.476310696841569,0.769508636961462,2.27482268498424
"policy_rate","gdp_growth",5,1.24188376650005,0.152161245840075,-2.04123937526183,-0.496221765482711,0.804243625980067,2.37903959629571
"policy_rate","gdp_growth",6,1.68737186527513,0.153563337922385,-2.10340751838996,-0.50506305599097,0.814407577331609,2.44659834929321
"policy_rate","gdp_growth",7,2.01213806472538,0.149060990162673,-2.09950819775124,-0.501447149154236,0.810952617132662,2.43580835962587
"policy_rate","gdp_growth",8,2.15588153881145,0.137583904274467,-2.03151165359562,-0.492559637761103,0.782541533440067,2.34543879512722
"policy_rate","gdp_growth",9,2.1810157417186,0.12163702319286,-1.93976573022714,-0.477945780770756,0.740136762790592,2.25384928871532
"policy_rate","gdp_growth",10,2.19051278429872,0.104519672069191,-1.84693714786482,-0.461863173265558,0.694846750473646,2.16182437282637
"policy_rate","gdp_growth",11,2.14883382774435,0.0899028850225348,-1.76122897999975,-0.441910359753455,0.648136607808285,2.05797338175161
"policy_rate","gdp_growth",12,2.08579411831254,0.0777999161295545,-1.67580799943395,-0.415878254303501,0.592531308339418,1.92970357701979
"policy_rate","gdp_growth",13,1.98750509350953,0.0644855248925703,-1.57613163105608,-0.395323180263902,0.549670087432144,1.78870597542396
"policy_rate","gdp_growth",14,1.89257554243408,0.0519277711902859,-1.49452194045732,-0.383856945343101,0.51053278734996,1.68650816753401
"policy_rate","gdp_growth",15,1.81389559221774,0.0421231830060985,-1.42970102879952,-0.372408145679988,0.480501790314281,1.59956693838722
"policy_rate","gdp_growth",16,1.75217981707173,0.0350682518784596,-1.35150820670201,-0.360397983250841,0.445569042779972,1.53105712327023
"policy_rate","gdp_growth",17,1.68925019146088,0.0292223069919925,-1.29297568790511,-0.34810606411934,0.419849673436533,1.45532055679016
"policy_rate","gdp_growth",18,1.63738951624883,0.026208641363343,-1.25537536688451,-0.341750169842279,0.403664290979723,1.38895100302383
"policy_rate","gdp_growth",19,1.6000253074151,0.0240741843810985,-1.22335038191363,-0.331497969155351,0.389174874372313,1.35345095855384
"policy_rate","gdp_growth",20,1.57479464052464,0.0227538071482198,-1.20127510475796,-0.319561944057268,0.376617424304482,1.29665855223614
"policy_rate","gdp_growth",21,1.53575848092721,0.0216777425503543,-1.17295146803388,-0.31255189386093,0.367001158468282,1.24779832637136
"policy_rate","consumption_growth",1,-0.34826888396017,0.0205368678259359,-1.23011339738426,-0.344178455871981,0.398135269014652,1.36065676758059
"policy_rate","consumption_growth",2,-2.67476119763541,0.0576048894821394,-1.92541521821249,-0.501697015638946,0.647551953285725,2.10617519663697
"policy_rate","consumption_growth",3,-6.26733029668802,0.0917238857705799,-2.25000123155723,-0.576021316336374,0.786564958060878,2.50890509093913
"policy_rate","consumption_growth",4,-7.25990168851841,0.114255595670782,-2.39384695455418,-0.599764485541773,0.857151570433483,2.65727716158556
"policy_rate","consumption_growth",5,-8.30166633590333,0.13213830679409,-2.46400015136375,-0.609506539231136,0.901348661622876,2.76148517482048
"policy_rate","consumption_growth",6,-8.43916152931046,0.13883776683565,-2.45236944681038,-0.605175131866185,0.925828432073857,2.86290469963383
"policy_rate","consumption_growth",7,-7.8624431154062,0.145089540792936,-2.42887249254021,-0.591054578348723,0.920866874155961,2.83826531514005
"policy_rate","consumption_growth",8,-7.28749253631075,0.143330891789334,-2.32462104127847,-0.565639209472532,0.883770303346515,2.74934008728031
"policy_rate","consumption_growth",9,-5.82496479318342,0.13624951056661,-2.18940178901364,-0.537039343176231,0.837061503650016,2.60415004898433
"policy_rate","consumption_growth",10,-4.91684391115667,0.12189647666448,-2.05358021656861,-0.513117799198235,0.777608926065024,2.46390530149986
"policy_rate","consumption_growth",11,-3.51289625759345,0.10780133874135,-1.92041398662761,-0.48910231492956,0.724052788713914,2.31479895592782
"policy_rate","consumption_growth",12,-2.07510046462204,0.0928830188128173,-1.81750603450875,-0.461639605114963,0.667521317307503,2.15042800562833
"policy_rate","consumption_growth",13,-0.528932829691068,0.0790585588725424,-1.71467207896645,-0.434262817594987,0.612694197826654,1.97719313265027
"policy_rate","consumption_growth",14,1.10007323944232,0.0643651831814342,-1.62137690532432,-0.417210882425568,0.573072363528067,1.85592709547147
"policy_rate","consumption_growth",15,2.92219470360921,0.053505936938703,-1.55242589449381,-0.403286909594349,0.539017668275112,1.7607628604952
"policy_rate","consumption_growth",16,4.8393857009556,0.0451499333544842,-1.47516072980427,-0.387319020546094,0.509900207868898,1.68208309124661
"policy_rate","consumption_growth",17,6.77325754274192,0.0393350471111496,-1.41168737044784,-0.375517794870815,0.47897716080907,1.59385706517231
"policy_rate","consumption_growth",18,8.54286506944672,0.0339319125249317,-1.35952688846718,-0.366541596209249,0.464152489875654,1.52987997083896
"policy_rate","consumption_growth",19,10.4402869152271,0.0310705607597424,-1.32011197726739,-0.355298124724452,0.443700879304789,1.48838404220324
"policy_rate","consumption_growth",20,12.1775052122162,0.0300223835870998,-1.27871929612617,-0.347478836488537,0.432502319326969,1.45740252702403
"policy_rate","consumption_growth",21,13.8467159557264,0.0292383377489625,-1.24006231843692,-0.335213276367769,0.423555510646672,1.42197551123883
"policy_rate","cpi_growth",1,0.350184128746786,0.197425936704009,-2.74858258975974,-0.665667284901334,1.06711087240306,3.34303811444596
"policy_rate","cpi_growth",2,0.816912080923039,0.448626523526721,-3.73922838008923,-0.766011833978451,1.65165306952658,4.81557379732162
"policy_rate","cpi_growth",3,0.41293761097423,0.60867794233153,-3.93978863037641,-0.729998468024804,1.94925169307903,5.43185875260993
"policy_rate","cpi_growth",4,0.074523404472439,0.7192300003234,-3.90905223978885,-0.646196866505756,2.06560765381882,5.53742675783907
"policy_rate","cpi_growth",5,-0.108184347670919,0.783931495101648,-3.73295128794189,-0.551038369004978,2.11781403633085,5.5113005765654
"policy_rate","cpi_growth",6,-0.0352231996496951,0.807276920168136,-3.69105433958255,-0.516577047662802,2.14036234838049,5.59604625576988
"policy_rate","cpi_growth",7,-0.0808479155909418,0.789883248723654,-3.66783252831835,-0.527747304909259,2.14577143280243,5.618634154863
"policy_rate","cpi_growth",8,0.070096279024916,0.722176944506171,-3.73315327809849,-0.5914525235689,2.13284384097696,5.62042697997891
"policy_rate","cpi_growth",9,0.340485261341367,0.642623119411701,-3.78133755571986,-0.669723317895256,2.05413298295926,5.55176930607481
"policy_rate","cpi_growth",10,0.688355315004381,0.552617804388199,-3.80928142733872,-0.74081720597857,1.95078139122699,5.40012965574232
"policy_rate","cpi_growth",11,0.971693664044091,0.459336264721536,-3.85124746148872,-0.801394181939625,1.84684281769946,5.23426564686515
"policy_rate","cpi_growth",12,1.30445132209693,0.362252459591471,-3.81373307636382,-0.854167327367124,1.71150988241751,4.99621017062289
"policy_rate","cpi_growth",13,1.60703129100754,0.274572649137419,-3.76170996764625,-0.897390634797214,1.59051451845049,4.80396654569289
"policy_rate","cpi_growth",14,1.88959929074212,0.203018946943963,-3.64263173983228,-0.918993320809183,1.46928802879118,4.46716464363386
"policy_rate","cpi_growth",15,2.04191269126595,0.149217113195466,-3.57056957802409,-0.920698690694185,1.36033313595009,4.16308723046104
"policy_rate","cpi_growth",16,2.2065560145402,0.0956720767908313,-3.46540352445929,-0.921664110841464,1.24806587412784,3.94455541650258
"policy_rate","cpi_growth",17,2.32385813620974,0.0580301347428749,-3.33738480236061,-0.9076203290477,1.15987760152259,3.787269699274
"policy_rate","cpi_growth",18,2.43356018522785,0.0381967092026154,-3.22603268410289,-0.89257442759441,1.09570658170695,3.65302040744266
"policy_rate","cpi_growth",19,2.44667946650408,0.0248266555320509,-3.20485877642303,-0.881342723267735,1.0452184332666,3.52822076860409
"policy_rate","cpi_growth",20,2.49104719792016,0.0159140767417871,-3.10149738808431,-0.866572077323459,0.998408694156693,3.43742336550592
"policy_rate","cpi_growth",21,2.52090101461276,0.010387026424366,-3.01600017269998,-0.849743922014718,0.971840630061369,3.35073894875509
"policy_rate","saving_rate",1,-0.041720082142131,0.0170004547143476,-1.10796457445082,-0.308762912294602,0.352388326879718,1.21484214499541
"policy_rate","saving_rate",2,-0.106807033520384,0.0288222373231234,-1.73968166214695,-0.486621003257993,0.552072369859936,1.90462447524689
"policy_rate","saving_rate",3,-0.117737145488649,0.019947178893026,-2.08948941984724,-0.599115009833865,0.641855487403138,2.27155589633333
"policy_rate","saving_rate",4,-0.125782917572146,-0.00642488650352217,-2.26704562959168,-0.672386276220731,0.664166649329883,2.39665323366769
"policy_rate","saving_rate",5,-0.031463797465097,-0.0228009629374775,-2.35115160289986,-0.717041101946952,0.688910268775481,2.49092990880231
"policy_rate","saving_rate",6,0.0311968692971976,-0.0351783632781688,-2.4031564890509,-0.732431988426452,0.691750319957785,2.56417246609619
"policy_rate","saving_rate",7,0.065707738858808,-0.0457800618971297,-2.38895622856803,-0.734345334499319,0.668640213206581,2.53267929071523
"policy_rate","saving_rate",8,0.0834009572129473,-0.0567416466057008,-2.31901905434392,-0.716621899280844,0.623609551842853,2.38880345321904
"policy_rate","saving_rate",9,0.106988833694825,-0.0637829834262285,-2.23665536127955,-0.686942646813824,0.572649455159856,2.23428021988099
"policy_rate","saving_rate",10,0.112764423520119,-0.0677379581560444,-2.10214739097069,-0.645485629679284,0.532233913886353,2.09314765426972
"policy_rate","saving_rate",11,0.0910108498130033,-0.0703071944345401,-1.97811030012362,-0.608227518482241,0.485624790141998,1.9532028126651
"policy_rate","saving_rate",12,0.0475563022743216,-0.0731259029977185,-1.83128566593146,-0.564791530631709,0.434948602042095,1.78716694261245
"policy_rate","saving_rate",13,0.00848568173638783,-0.0746485174563482,-1.66953036092747,-0.528412684851376,0.390348073447837,1.62825585689185
"policy_rate","saving_rate",14,-0.0324007924824822,-0.075804576694398,-1.54832747040379,-0.495286307871032,0.356157376475221,1.49582362714811
"policy_rate","saving_rate",15,-0.0797800307700728,-0.0750695624144842,-1.48666936844913,-0.463711975811187,0.324268623122389,1.39363777709594
"policy_rate","saving_rate",16,-0.124931328237697,-0.0741337160593532,-1.41610341989885,-0.44315042262711,0.299064539740605,1.30239998911481
"policy_rate","saving_rate",17,-0.155287293587656,-0.0729634978198919,-1.35019880902745,-0.424628313617171,0.277708178712777,1.21172126351715
"policy_rate","saving_rate",18,-0.176563462780288,-0.0720898604013303,-1.28764509409983,-0.409406152304591,0.261882134779698,1.15037765278676
"policy_rate","saving_rate",19,-0.19193678192605,-0.0703872186523529,-1.24629763630259,-0.396627010554531,0.250793576745291,1.12100803285266
"policy_rate","saving_rate",20,-0.199276081987252,-0.069341306497197,-1.23907018306625,-0.389815967374377,0.23862467719154,1.07819335510801
"policy_rate","saving_rate",21,-0.19268969678773,-0.0675157196325102,-1.21022562386961,-0.377338108395535,0.228552088950137,1.04195455175024
"policy_rate","policy_rate",1,1,1,1,1,1,1
"policy_rate","policy_rate",2,1.25011486005399,1.1048523739577,0.30875348608934,0.669079803288588,1.46340148012175,1.88138697139857
"policy_rate","policy_rate",3,0.965629897237745,0.887220266185853,-0.750641024082845,0.0193352190911739,1.5197203848562,2.19787810953506
"policy_rate","policy_rate",4,0.734702412059833,0.657421117818371,-1.65260552094639,-0.490494636396964,1.53312938280099,2.51419418140292
"policy_rate","policy_rate",5,0.391996586588782,0.386345588195292,-2.46201140501449,-1.00448315867779,1.40211573981296,2.50855920023546
"policy_rate","policy_rate",6,-0.121602364814192,0.0384991503268647,-3.41179471835982,-1.5863998252668,1.14368056595913,2.23618414237398
"policy_rate","policy_rate",7,-0.600357540327227,-0.23917992143763,-4.24396344970965,-2.06978245678333,0.927903971127787,2.04127371773793
"policy_rate","policy_rate",8,-0.835953837645988,-0.382917064079043,-4.71552364948747,-2.29554650784105,0.838880677507201,1.97762768726516
"policy_rate","policy_rate",9,-0.992523780653018,-0.475774921147923,-5.01493677345152,-2.41218693227537,0.775823388467271,1.97355805273573
"policy_rate","policy_rate",10,-1.16887763930239,-0.552986342458966,-5.24452684965949,-2.52298013816501,0.688297343294452,1.8557577041508
"policy_rate","policy_rate",11,-1.25727411591444,-0.575190188430562,-5.32629380327092,-2.53559945950345,0.653460782365219,1.79720119738213
"policy_rate","policy_rate",12,-1.18321931850533,-0.51650327899611,-5.10863392583435,-2.4084689650746,0.66646718471012,1.83910729214688
"policy_rate","policy_rate",13,-1.05947759330559,-0.438795473222363,-4.79432214551845,-2.21973984707484,0.704900933622489,1.86912497280599
"policy_rate","policy_rate",14,-0.976354292996923,-0.383515088242787,-4.52658752396988,-2.06584091368703,0.705531054922924,1.84627993565425
"policy_rate","policy_rate",15,-0.876663353869586,-0.318275081294949,-4.26939880373285,-1.91092513731131,0.720779538797344,1.8346735421313
"policy_rate","policy_rate",16,-0.717272927219487,-0.241086375222413,-3.90733308503927,-1.70841826018609,0.754038886570937,1.88104369447023
"policy_rate","policy_rate",17,-0.56131477083226,-0.173717438571312,-3.54269274906322,-1.53455914665954,0.791838601150149,1.93288308707693
"policy_rate","policy_rate",18,-0.461887590352467,-0.135301979398175,-3.30117645257952,-1.40048208015455,0.796748537647339,1.93756416153876
"policy_rate","policy_rate",19,-0.379855860552037,-0.101238313601232,-3.09808882750748,-1.29380897658326,0.797734034749551,1.94719977533024
"policy_rate","policy_rate",20,-0.28151400700039,-0.0623863479393163,-2.89860371754571,-1.17889641672814,0.815756176799914,1.98801733268591
"policy_rate","policy_rate",21,-0.196010107685603,-0.0336816298052282,-2.73854162616925,-1.09614227798023,0.83877340274743,2.01290390786163
"policy_rate","interest_burden",1,-4.41788934323352,0.107922943390052,-5.019432329107,-1.36117606886093,1.59358509025182,5.2221550280349
"policy_rate","interest_burden",2,-6.86178241155105,0.135769865976742,-7.93209453037508,-2.17373159711047,2.43231873650663,8.34766189694455
"policy_rate","interest_burden",3,-7.11289124436686,0.108347327766744,-9.53594421187757,-2.65669307063238,2.91187150188458,9.88208665193222
"policy_rate","interest_burden",4,-6.37225691336802,0.152822865772641,-10.2245836492941,-2.84911302963037,3.14915020851497,10.681324343016
"policy_rate","interest_burden",5,-5.91155390798188,0.167637672643741,-10.7311265444766,-2.94831587330724,3.30088614482802,11.2189197773821
"policy_rate","interest_burden",6,-5.66202753967713,0.139728096823622,-10.9500302328583,-3.03653516444008,3.31210526816421,11.4791235863869
"policy_rate","interest_burden",7,-5.09875733555533,0.0934141366682929,-11.0964185962656,-3.02153764169584,3.23956546260702,11.4943086865484
"policy_rate","interest_burden",8,-3.97721714708796,0.0900627225145813,-10.73479997298,-2.90583215184725,3.11862300410067,11.1545609757503
"policy_rate","interest_burden",9,-3.04747612656622,0.0853990504120215,-10.3089524081706,-2.7593599179908,2.95557035508387,10.7254956329004
"policy_rate","interest_burden",10,-2.13269357481105,0.0546743975974623,-9.74084449096072,-2.6337023943725,2.79234352050595,10.1285772839048
"policy_rate","interest_burden",11,-1.50020544127523,0.0208991281413933,-9.1841593455594,-2.47177094288909,2.61625086705569,9.3413621783538
"policy_rate","interest_burden",12,-0.870696442726395,0.0163531787059121,-8.57685462602292,-2.28599519568396,2.43879015717751,8.3313478885127
"policy_rate","interest_burden",13,-0.350464760865725,0.0125087082868552,-7.8415902540975,-2.11882371135567,2.23669065840634,7.81431280821725
"policy_rate","interest_burden",14,0.104056655410919,0.00389450612517505,-7.42454712522212,-2.00237587591485,2.08035527592438,7.41148900792952
"policy_rate","interest_burden",15,0.430009155553915,-0.0166025427934806,-7.00609095549949,-1.90059234826487,1.92669733670857,7.06722970350471
"policy_rate","interest_burden",16,0.655365726423739,-0.0212235219719938,-6.59736973344383,-1.80340480823793,1.8036747101583,6.6550708445307
"policy_rate","interest_burden",17,0.788169343642711,-0.0183884575293975,-6.42746429409818,-1.7038616322545,1.71316838806048,6.30118003055476
"policy_rate","interest_burden",18,0.882834367961665,-0.0276599914429252,-6.14484031183744,-1.64958248811319,1.62797729289835,6.04612050671696
"policy_rate","interest_burden",19,0.921566589646905,-0.0382420872160118,-5.88567210243651,-1.60238336235036,1.58120328878444,5.85192631461936
"policy_rate","interest_burden",20,0.940725588681682,-0.0376705786748873,-5.74166962699933,-1.55048187466002,1.52445200180307,5.67223418125642
"policy_rate","interest_burden",21,0.918009851043841,-0.0317691568261673,-5.5699477205472,-1.5085604592764,1.49506714401671,5.5212316311893
"policy_rate","debt_growth",1,0.454909278078545,0.0518854275513492,-5.84029305489728,-1.65456173294733,1.71111153296812,5.78107686206999
"policy_rate","debt_growth",2,0.882645018664516,0.182829970259328,-9.00714432843704,-2.45214784079723,2.79097989602393,8.94547514540257
"policy_rate","debt_growth",3,1.12779675003007,0.178792582684551,-10.781457139022,-2.99907891711546,3.30600555155816,10.6591910109406
"policy_rate","debt_growth",4,1.16642441054184,0.0801051754463608,-11.7747643840295,-3.38041617891079,3.48152949732248,11.5873687989332
"policy_rate","debt_growth",5,1.14649193243435,-0.000420222502608841,-12.4435908406792,-3.5948295377489,3.59698053760784,12.2142282932592
"policy_rate","debt_growth",6,1.0793301660939,-0.00490709792561277,-12.7113484186908,-3.63448166013754,3.6562908551807,12.4285657994289
"policy_rate","debt_growth",7,0.909066032341309,-0.0532930930829073,-12.5307358320023,-3.65215387745153,3.5810101054064,12.3590606302451
"policy_rate","debt_growth",8,0.719005402377502,-0.0852580415280286,-12.056000345022,-3.53657117071284,3.40882995023391,12.0181064830392
"policy_rate","debt_growth",9,0.536617057024803,-0.0954883082796088,-11.4547683145847,-3.36312465572296,3.22601906380069,11.5156605202978
"policy_rate","debt_growth",10,0.368040152596397,-0.100348021717798,-10.7242734391959,-3.18736257044948,3.02384209390422,10.8273929428043
"policy_rate","debt_growth",11,0.200903466442756,-0.104410063239912,-10.0785620628091,-2.97781305963815,2.79410059921005,10.1269553505274
"policy_rate","debt_growth",12,0.0625212918545119,-0.123210689056397,-9.32926488690782,-2.75186112899866,2.55220271551494,9.20402066385031
"policy_rate","debt_growth",13,-0.0436778831554463,-0.127660350722081,-8.49606004255697,-2.56356182787915,2.35047647222404,8.43725502851582
"policy_rate","debt_growth",14,-0.127332284447714,-0.131144643512728,-7.94340690748824,-2.40960776511482,2.16562689161697,7.8425498485842
"policy_rate","debt_growth",15,-0.210706563892659,-0.138628708825028,-7.490201361229,-2.26752945339746,2.0095195123683,7.43275368047953
"policy_rate","debt_growth",16,-0.282075280990865,-0.152301279922697,-7.10583184284082,-2.15382884534785,1.86412892775739,6.86872194745027
"policy_rate","debt_growth",17,-0.336918997757183,-0.162172424479875,-6.68139167850279,-2.06494032287602,1.73660383912761,6.44704139364498
"policy_rate","debt_growth",18,-0.372428248877067,-0.175271090210279,-6.38296711249273,-1.99903284638629,1.65158125099026,6.15533630802227
"policy_rate","debt_growth",19,-0.412107373916669,-0.179782368974173,-6.1922982432052,-1.9373940273618,1.57878070467223,5.93462170158754
"policy_rate","debt_growth",20,-0.44649966839254,-0.197175096164489,-5.96801014200345,-1.8957927027283,1.50154504406824,5.73687115713757
"policy_rate","debt_growth",21,-0.472456075895759,-0.207063205333554,-5.80134655078085,-1.84130577186912,1.44323975939392,5.52594549702115
"policy_rate","real_house_price_growth",1,-0.0151665046108729,0.00519599534849428,-1.26230524545875,-0.369212510775157,0.394057166497746,1.39075799434183
"policy_rate","real_house_price_growth",2,-0.212733216777922,-0.0118950566552084,-2.01409855767951,-0.599157255446414,0.589967282639268,2.15858236512587
"policy_rate","real_house_price_growth",3,-0.443886883546952,-0.0207407959834225,-2.41294034329192,-0.730116550926806,0.695168164724864,2.53868375501108
"policy_rate","real_house_price_growth",4,-0.63030711875665,-0.0297618421228499,-2.61851630084859,-0.789060452751344,0.729516315477749,2.72689152867662
"policy_rate","real_house_price_growth",5,-0.708973814602196,-0.0247475890596191,-2.72706696124552,-0.813762497821103,0.766769805708478,2.83358383027051
"policy_rate","real_house_price_growth",6,-0.68575517082852,-0.00523015337274057,-2.76703080186506,-0.810773684786897,0.799269857838814,2.91276519968816
"policy_rate","real_house_price_growth",7,-0.574312917865173,0.0148832052031178,-2.7281298221115,-0.782722374682927,0.812016564274582,2.88208528089786
"policy_rate","real_house_price_growth",8,-0.416835011949527,0.0348568899001471,-2.59171512651076,-0.731132083197756,0.799513688639999,2.77430500784354
"policy_rate","real_house_price_growth",9,-0.198939476939979,0.0496131051645905,-2.41423838510075,-0.6716521285544,0.772100844353314,2.68106036245623
"policy_rate","real_house_price_growth",10,0.0446894373499654,0.0680603349491337,-2.26194024022417,-0.602918616838846,0.751247568412859,2.51367882662841
"policy_rate","real_house_price_growth",11,0.270812674211894,0.0793238295504589,-2.07782749776696,-0.538910990691328,0.715224720012517,2.32031999822432
"policy_rate","real_house_price_growth",12,0.470058345714547,0.0826484175778543,-1.88501845544791,-0.480434829977735,0.667501188628887,2.21374509866259
"policy_rate","real_house_price_growth",13,0.630706936355514,0.0829505196918036,-1.72925674961041,-0.43374721252505,0.625063734523352,2.09448407260706
"policy_rate","real_house_price_growth",14,0.74051924389795,0.0839010231043762,-1.60446814356016,-0.390745588588279,0.585955477763116,1.95504267111395
"policy_rate","real_house_price_growth",15,0.787373123433499,0.0804992061822344,-1.5136418219659,-0.364498048790179,0.557523862574796,1.82786276059548
"policy_rate","real_house_price_growth",16,0.791645802293398,0.0721715836792691,-1.47093918040945,-0.348281067199052,0.524808814380287,1.73508527464355
"policy_rate","real_house_price_growth",17,0.761351162605175,0.0634624267051035,-1.39982353707654,-0.335811769636231,0.497644154144431,1.64696742140427
"policy_rate","real_house_price_growth",18,0.703334200908691,0.0571577879453372,-1.37059148150262,-0.327212374900536,0.478266565880942,1.56493501952359
"policy_rate","real_house_price_growth",19,0.620866726457016,0.0492139605899664,-1.32073398170732,-0.323375110934896,0.457592498440317,1.52802548988223
"policy_rate","real_house_price_growth",20,0.538237495143471,0.0417054734021189,-1.30356325421529,-0.322090298011227,0.441687792582136,1.49463499083494
"policy_rate","real_house_price_growth",21,0.467476638269906,0.035032785625626,-1.27362364789755,-0.320241145419342,0.429161863922622,1.45518803784454
"policy_rate","asset_liability_ratio",1,-1.36433054369684,0.191622270832027,-15.1371277230358,-4.35905860976017,4.60972762044524,15.984385138553
"policy_rate","asset_liability_ratio",2,-2.66209345801696,0.234011972154243,-23.8116485170708,-6.81046490470536,7.2762939474146,25.1027113894865
"policy_rate","asset_liability_ratio",3,-2.76996433727191,0.367820615439654,-28.1451606261281,-8.15422126754112,8.82995056348627,30.4258583306295
"policy_rate","asset_liability_ratio",4,-1.85693818118152,0.484070085414494,-29.6988945110334,-8.59206404689673,9.66796898661956,33.7346303436754
"policy_rate","asset_liability_ratio",5,-0.693204429999565,0.529146593828909,-31.5858726837724,-8.94737629318546,10.2102402312118,35.1611900021002
"policy_rate","asset_liability_ratio",6,0.754265486838661,0.586801924843446,-31.9121900735058,-9.02483307009849,10.3926387149999,35.6722516150756
"policy_rate","asset_liability_ratio",7,2.41260728243378,0.753616327973395,-31.0256195358135,-8.78998571342786,10.5681346242037,35.2349017662207
"policy_rate","asset_liability_ratio",8,4.26678762065834,0.947770333107715,-29.3248573740715,-8.17034662927527,10.3118033636972,33.930281981372
"policy_rate","asset_liability_ratio",9,6.06204820136161,1.05078734129493,-27.9997527562053,-7.48767039850275,9.85644649068015,31.9578206017406
"policy_rate","asset_liability_ratio",10,7.59417048637992,1.13400047870179,-26.4748582226017,-6.77828319564068,9.36679512571257,30.1615645592312
"policy_rate","asset_liability_ratio",11,9.02960649153274,1.23069922875306,-23.828022585796,-6.10474885281128,8.77069937648331,27.4920909452806
"policy_rate","asset_liability_ratio",12,10.2975613637401,1.31078628227471,-21.7852894235649,-5.40572014414577,8.15633444041065,25.3170106499454
"policy_rate","asset_liability_ratio",13,11.318491201548,1.28454232871831,-19.9274465599801,-4.86749400689315,7.58493201780746,23.3439584201116
"policy_rate","asset_liability_ratio",14,11.9422690632558,1.23496896044894,-18.3489848863438,-4.45492321270812,7.0848637201326,21.9399799027033
"policy_rate","asset_liability_ratio",15,12.3821317280743,1.17065800185962,-17.4193195702788,-4.23865254363097,6.66729287585358,20.7530204840808
"policy_rate","asset_liability_ratio",16,12.6194808713802,1.09475610177071,-16.5517758247089,-4.05685965250287,6.37320216788271,19.6047851399888
"policy_rate","asset_liability_ratio",17,12.6700484476821,0.989706623051446,-16.0327151126947,-3.93794422173646,6.09413891722011,18.6149402841131
"policy_rate","asset_liability_ratio",18,12.4136848830572,0.873857476657445,-15.5251189856217,-3.8759296345463,5.83427734050717,17.975995521726
"policy_rate","asset_liability_ratio",19,12.0140971760951,0.782649186880479,-15.3872107308688,-3.80743968278337,5.62125791097067,17.5244251891297
"policy_rate","asset_liability_ratio",20,11.4619249766219,0.699959619923546,-15.1612452712859,-3.7385417692862,5.39036165710096,17.1523612427031
"policy_rate","asset_liability_ratio",21,10.8110630964738,0.630866168052026,-14.8691409245862,-3.75244930954356,5.22034063422062,16.8061789460188
"interest_burden","gdp_growth",1,2.11181951730149,-0.0267302919152263,-1.41180125116366,-0.433209391703969,0.38403142543466,1.34613451648067
"interest_burden","gdp_growth",2,1.27332343158704,0.0228181639232849,-1.54024483188935,-0.447367022542192,0.482014752217222,1.619092995125
"interest_burden","gdp_growth",3,1.33378782927205,0.0922516349054983,-1.56701322001421,-0.396056265424822,0.575425115403832,1.7598882540851
"interest_burden","gdp_growth",4,1.19037820876284,0.118625460063982,-1.81098931506614,-0.456312551809681,0.676473248156971,2.05659656139055
"interest_burden","gdp_growth",5,1.99528931192237,0.116648656838338,-1.85321213572376,-0.48624552884997,0.708542854735807,2.15429868497472
"interest_burden","gdp_growth",6,2.31085872330498,0.115429036682974,-2.18503679765516,-0.570515911973214,0.788277738684609,2.46926639598649
"interest_burden","gdp_growth",7,2.62524289920258,0.119917811909994,-2.02331868001364,-0.52334311763927,0.762542231595457,2.41423816941047
"interest_burden","gdp_growth",8,2.83369192397915,0.129521414374311,-2.06045011290605,-0.517398235416945,0.772285267154716,2.41751866234781
"interest_burden","gdp_growth",9,3.06415831296198,0.109165184833291,-1.93847693041705,-0.504758489050751,0.742333905485861,2.29832282966255
"interest_burden","gdp_growth",10,3.05004454205952,0.0931266495407235,-2.07187172090923,-0.538929255354976,0.739613978384927,2.35706712971902
"interest_burden","gdp_growth",11,3.09334125610931,0.0828759039416023,-1.91151023293634,-0.492991105359075,0.678469376047313,2.17285755482828
"interest_burden","gdp_growth",12,3.08757454653128,0.0798458287266318,-1.8196498781013,-0.466484601763288,0.641656708646056,2.0496048216315
"interest_burden","gdp_growth",13,3.12665057730566,0.0620981146652388,-1.72356495531546,-0.444462875519942,0.593294848825514,1.9268783709184
"interest_burden","gdp_growth",14,2.90103968179235,0.0463425971211163,-1.68321604706829,-0.451002100678597,0.56865041440452,1.88474424747419
"interest_burden","gdp_growth",15,2.90933827785518,0.0377304814639296,-1.56421880912509,-0.413556463570791,0.521264837194857,1.72231528177313
"interest_burden","gdp_growth",16,2.84181070952006,0.0352641867109397,-1.48546226477217,-0.391843795509422,0.491999799971944,1.63014953457303
"interest_burden","gdp_growth",17,2.86691476089351,0.0260246625627966,-1.43371463751677,-0.379839620575923,0.469316289301846,1.58410456053981
"interest_burden","gdp_growth",18,2.66040408512478,0.0190284189021602,-1.3818267728656,-0.380513436871644,0.446003569839356,1.49963963105564
"interest_burden","gdp_growth",19,2.71721840256483,0.0162225999557233,-1.31642814526515,-0.357638343013015,0.419458217239278,1.43709097799335
"interest_burden","gdp_growth",20,2.69146116211523,0.0201615184869115,-1.29740741201081,-0.345180237814219,0.405097801966024,1.38728472769241
"interest_burden","gdp_growth",21,2.75202599181109,0.0174141019309703,-1.30759083275708,-0.339187751318611,0.400831383346177,1.37512596563236
"interest_burden","consumption_growth",1,-0.0573804329940805,-0.00365915751893443,-1.65149396652887,-0.46563919786779,0.451025257796847,1.61227104042928
"interest_burden","consumption_growth",2,-1.88418696312584,0.00986581710042271,-1.80206122324852,-0.503709235284416,0.52456542594233,1.78076946656941
"interest_burden","consumption_growth",3,-6.84604165646505,0.0326716846708534,-1.92770797581359,-0.532456645275106,0.606199883035693,2.04111983579615
"interest_burden","consumption_growth",4,-7.90128012910357,0.0705115336181331,-2.20911403940323,-0.589367619102399,0.743689933121873,2.42969057094291
"interest_burden","consumption_growth",5,-5.79526918535562,0.0961862175279549,-2.27050431411405,-0.584865786922127,0.785501786660787,2.45456241018322
"interest_burden","consumption_growth",6,-8.52339488412236,0.0978964056853326,-2.54945254215276,-0.669043141279552,0.876176776457017,2.81402768411065
"interest_burden","consumption_growth",7,-9.36313879717394,0.0955618818253177,-2.41944505827437,-0.630238033153061,0.844076765998108,2.72333153612374
"interest_burden","consumption_growth",8,-7.60437509389812,0.114844908966938,-2.39482923541436,-0.612802339213451,0.863565278152785,2.76618951148752
"interest_burden","consumption_growth",9,-5.67333544928017,0.121391160163977,-2.27775504035035,-0.566306420796652,0.818898089850602,2.58773103339277
"interest_burden","consumption_growth",10,-7.24016387990386,0.104458062907675,-2.32710963440115,-0.596256713516046,0.81796475110098,2.67430717867671
"interest_burden","consumption_growth",11,-6.89154565162054,0.0846003290049895,-2.20165955749528,-0.55679782867355,0.756023408027979,2.4832400372537
"interest_burden","consumption_growth",12,-5.54032245297203,0.0787284099295507,-2.04296106766236,-0.529018850858803,0.712797167457176,2.36367789845825
"interest_burden","consumption_growth",13,-3.2783637079855,0.0720470255767295,-1.92580657101377,-0.491098224242299,0.65493973650256,2.18429373800073
"interest_burden","consumption_growth",14,-4.2694676622598,0.0519104036971481,-1.89590762332526,-0.499984846379253,0.630255448607959,2.1678291350966
"interest_burden","consumption_growth",15,-2.54036740015377,0.0378717623819457,-1.75736206452292,-0.472771505490761,0.572157616100994,1.98612997567061
"interest_burden","consumption_growth",16,-1.44324025310212,0.0315170642081574,-1.66558278849952,-0.451001826482648,0.528292098357905,1.87075382061739
"interest_burden","consumption_growth",17,1.1247667218307,0.0301226558147164,-1.62382157045671,-0.433596921149996,0.515594843071136,1.76777930012859
"interest_burden","consumption_growth",18,0.876225953706663,0.0195442416550805,-1.59468815714747,-0.431542618199871,0.491185253811738,1.73360183372964
"interest_burden","consumption_growth",19,2.92727504777646,0.0131436284945194,-1.5103217553443,-0.409870601626951,0.458574635818381,1.61472207673553
"interest_burden","consumption_growth",20,3.69226188463078,0.0125290797365043,-1.48079845649902,-0.399740165824428,0.441215134593462,1.57701191700614
"interest_burden","consumption_growth",21,6.02678721008725,0.0158126855931871,-1.4618547105439,-0.389986562597642,0.444440785787489,1.54599682292729
"interest_burden","cpi_growth",1,-1.60592320060276,-0.0380043600142133,-4.06087932322636,-1.20114273050846,1.09166746624026,3.88376882885798
"interest_burden","cpi_growth",2,0.350255517940195,0.434463587247085,-3.08384023913828,-0.591173768301996,1.42760980669924,4.03320240322338
"interest_burden","cpi_growth",3,-0.738617076938435,0.488109115953081,-3.41018375783352,-0.647012622510106,1.5864412714259,4.45532296731842
"interest_burden","cpi_growth",4,-0.100280463578171,0.69910741881467,-3.15762937145661,-0.409664526925034,1.78104197047577,4.55255331385691
"interest_burden","cpi_growth",5,-1.29567874311346,0.628909854193058,-4.12395203179242,-0.724341457573958,1.95187057563704,5.23722897023284
"interest_burden","cpi_growth",6,-0.842449667931384,0.865224618483675,-3.26189025714824,-0.324432637365912,2.0626662959567,5.06031176637449
"interest_burden","cpi_growth",7,-1.86390081641418,0.798515466327188,-3.36400526769801,-0.385619888305757,2.01090513137946,5.04446970712752
"interest_burden","cpi_growth",8,-0.70052664326153,0.829192975641277,-3.19575759978239,-0.312864629980998,2.03874004010503,4.93231226339873
"interest_burden","cpi_growth",9,-0.989005303193323,0.648104231577345,-3.93875519943132,-0.663832942352464,2.04649831345842,5.39074617948291
"interest_burden","cpi_growth",10,-0.298657867096233,0.70947232323741,-3.50603253400066,-0.516920775882373,2.02635169617224,5.27002322639799
"interest_burden","cpi_growth",11,-0.794873348447006,0.575608744702147,-3.70231509456006,-0.67085004304613,1.9187964528863,5.15301201852465
"interest_burden","cpi_growth",12,0.309306679428001,0.536465981426634,-3.53791784285723,-0.617293533336865,1.80746803147797,4.86423388666351
"interest_burden","cpi_growth",13,0.352216437118543,0.371410618659622,-3.9139542217146,-0.875067899341698,1.71465675329193,4.90744861633235
"interest_burden","cpi_growth",14,0.96795857763908,0.386328421300632,-3.62424505249817,-0.756255473554264,1.66451506373098,4.70775836231443
"interest_burden","cpi_growth",15,0.555294195172031,0.282204764791701,-3.67589393030474,-0.829003133657301,1.53418636482492,4.48055411275859
"interest_burden","cpi_growth",16,1.32678262634538,0.271902785439124,-3.39347520284693,-0.758705401469428,1.45445917109456,4.20168126794207
"interest_burden","cpi_growth",17,1.33808122205786,0.16288282627345,-3.64638080571578,-0.882349677780488,1.35763140590407,4.1821368913287
"interest_burden","cpi_growth",18,1.75933572463471,0.199471736249122,-3.32933336558183,-0.793408186214433,1.32975552506389,4.04291246626933
"interest_burden","cpi_growth",19,1.33920373647554,0.136747764158486,-3.30868605751121,-0.813691550284565,1.22485536360516,3.88965529026886
"interest_burden","cpi_growth",20,1.87684920808911,0.162688253818676,-3.11943540445701,-0.740525469291774,1.20021869516213,3.70581558976968
"interest_burden","cpi_growth",21,1.87727701769551,0.0977157863287355,-3.30362983935864,-0.819864946683536,1.15803577005135,3.71504635344211
"interest_burden","saving_rate",1,-0.00347509669838973,-0.0291950751754494,-1.42911556950961,-0.433249294648012,0.386286805363658,1.43296857159607
"interest_burden","saving_rate",2,0.0174259871849533,0.0159481230177575,-1.49855546912891,-0.432607806283508,0.477802383740343,1.65622385842836
"interest_burden","saving_rate",3,-0.00683704301915811,0.0243320594194553,-1.68153729493461,-0.477760981894006,0.547822629661825,1.85364551621544
"interest_burden","saving_rate",4,-0.135864556986439,-0.000502900674407674,-2.00695918184462,-0.601275702020065,0.600872519541096,2.15680336505962
"interest_burden","saving_rate",5,-0.090275162262371,-0.0382880896973492,-2.14975566087642,-0.661093776449149,0.596739719786644,2.23416246892439
"interest_burden","saving_rate",6,0.0431689240811424,-0.0324596473774862,-2.38251992294339,-0.733904356635562,0.681645298516752,2.47509099385454
"interest_burden","saving_rate",7,0.121801149514698,-0.0318076522997383,-2.31033055322124,-0.6946849347808,0.65371381439941,2.39883188286691
"interest_burden","saving_rate",8,0.108403425143511,-0.0452086734120332,-2.34866446113819,-0.722317132524545,0.645376630306741,2.38829254326094
"interest_burden","saving_rate",9,0.118361906370242,-0.0608345132868566,-2.24254394655312,-0.697055487689463,0.583523313610161,2.28755856754991
"interest_burden","saving_rate",10,0.187937386996894,-0.0558998416974585,-2.26636369130115,-0.693829932909014,0.595137861278985,2.2657002960013
"interest_burden","saving_rate",11,0.186064090668969,-0.051224141787469,-2.0917019566416,-0.636709688509011,0.547132629309802,2.0679400380457
"interest_burden","saving_rate",12,0.13024742991158,-0.0563292044501485,-1.97542382810546,-0.608187329079726,0.505521898905753,1.94914657330249
"interest_burden","saving_rate",13,0.0865006006632839,-0.0662219695124524,-1.85543943911954,-0.569948648449202,0.451845825618719,1.80064609203517
"interest_burden","saving_rate",14,0.0766844120646318,-0.0603467329746517,-1.79135531981127,-0.5493208234059,0.430742441148361,1.73886248485414
"interest_burden","saving_rate",15,0.0259326386753868,-0.0586299826382409,-1.65879223923677,-0.502659671824025,0.39563233291588,1.58349644475714
"interest_burden","saving_rate",16,-0.0292840723248125,-0.0588669568194622,-1.54611326895488,-0.473389667912814,0.364815609622162,1.4997470718932
"interest_burden","saving_rate",17,-0.0717749967626028,-0.0646413215903677,-1.502225137904,-0.456734821315898,0.33707077197107,1.40595009825735
"interest_burden","saving_rate",18,-0.0819725410278081,-0.0600423208742991,-1.46574396756235,-0.445155108131245,0.328349428391406,1.34343961231776
"interest_burden","saving_rate",19,-0.115590023526238,-0.0586655555706574,-1.40603881828388,-0.42115987134225,0.303785376973643,1.26280612537746
"interest_burden","saving_rate",20,-0.133793561486033,-0.056294033002525,-1.33714392531584,-0.406363929686824,0.289364519380691,1.22168086237513
"interest_burden","saving_rate",21,-0.143156203403894,-0.0578757641488935,-1.33801958411097,-0.401599786953125,0.281985497374745,1.17770469143952
"interest_burden","policy_rate",1,3.41850742870506,1.56014463218746,0.222758262952905,0.581426950820997,3.82667002098641,7.72361587959566
"interest_burden","policy_rate",2,1.60683226656501,0.872908848271376,0.132777891294946,0.357537735630866,1.75703148283051,3.26775466203617
"interest_burden","policy_rate",3,1.08885718539365,0.693509356341502,-0.71735140361907,-0.023750496221871,1.42327595350115,2.45084494198466
"interest_burden","policy_rate",4,1.05931002873455,0.606942950555181,-1.25079775263691,-0.33925312051236,1.50994580752412,2.85953694960017
"interest_burden","policy_rate",5,2.40972562170592,1.00800690699831,-0.91585937507897,-0.0624709272139147,2.75753657448777,6.01729619770579
"interest_burden","policy_rate",6,0.599615695175005,0.0942627607561559,-2.34887123116656,-1.12978298230049,1.27081820656584,2.92693552080633
"interest_burden","policy_rate",7,-0.0988710965411804,-0.2335187432872,-3.31726504377479,-1.6575733359708,0.871260430644924,2.13350250565274
"interest_burden","policy_rate",8,-0.361012379210102,-0.405090426106865,-3.87197563837889,-1.98685266280517,0.786316216855177,2.11064597247464
"interest_burden","policy_rate",9,0.498335192908492,-0.0709308314712389,-3.11803072485105,-1.53290934024457,1.41708840399899,3.631985682035
"interest_burden","policy_rate",10,-0.563807904504879,-0.559463667134634,-4.31429953702285,-2.21011109794185,0.706532834949644,2.16080348659927
"interest_burden","policy_rate",11,-0.793510434509584,-0.595658754038147,-4.55812895074297,-2.31484510485201,0.619458712952817,1.96809615931314
"interest_burden","policy_rate",12,-0.855705919804111,-0.627850775684934,-4.58175253292429,-2.32129127101576,0.573648782099746,1.87509762130909
"interest_burden","policy_rate",13,-0.0617090885614935,-0.256856045996336,-3.5711404758296,-1.73270542561685,1.08610203027666,2.93347510758422
"interest_burden","policy_rate",14,-0.564045220518216,-0.483094765594391,-4.03733337780158,-1.99009570948795,0.685007800235817,2.12432113989999
"interest_burden","policy_rate",15,-0.500731987498347,-0.395032806741797,-3.8195288400565,-1.85552980648401,0.711879846152851,2.14643869225189
"interest_burden","policy_rate",16,-0.500348989129696,-0.394472499838441,-3.66810221531072,-1.77742591080293,0.649082499014489,1.98533523604566
"interest_burden","policy_rate",17,0.133905325157565,-0.108682425028053,-2.85232158326657,-1.30596147755829,1.06102230043862,2.78140520908679
"interest_burden","policy_rate",18,-0.155958079066906,-0.250832521988175,-3.05780893139919,-1.4425482326403,0.781191324966211,2.25994408916191
"interest_burden","policy_rate",19,-0.0384649083158736,-0.16849693372248,-2.81668349398471,-1.29088131755088,0.83447967071344,2.3215755474581
"interest_burden","policy_rate",20,-0.0915545643257246,-0.206092992477749,-2.82957544903172,-1.29113407029219,0.745579071269945,2.12190390842832
"interest_burden","policy_rate",21,0.347378759911393,-0.010751106807233,-2.30967141459677,-0.994630969131316,1.05308208438833,2.76143224866226
"interest_burden","interest_burden",1,1,1,1,1,1,1
"interest_burden","interest_burden",2,-2.00531770790309,0.51414891107898,-5.78174869437446,-1.28544921286455,2.35515116701575,6.72579829261156
"interest_burden","interest_burden",3,-2.63781913049663,0.279682340441353,-7.36882659549494,-1.93884680117535,2.52215335795569,8.12271996501654
"interest_burden","interest_burden",4,-3.10154437487213,0.349835263165171,-8.70718346392898,-2.25174032841686,2.97337474523275,9.68899608771297
"interest_burden","interest_burden",5,-1.33967818552187,0.810868002290293,-7.49663507626973,-1.53804462546627,3.17657534799989,9.37339879199444
"interest_burden","interest_burden",6,-2.13454207435717,0.524118294204953,-10.0082485153358,-2.49754236854417,3.55014310751842,11.3676111112311
"interest_burden","interest_burden",7,-1.01530719250717,0.345702549290157,-10.0101305651987,-2.57441961833303,3.29695969116723,10.8139289353375
"interest_burden","interest_burden",8,-1.29566340242495,0.338895393207262,-10.233014618292,-2.64461900649803,3.34642742068007,11.0498134769791
"interest_burden","interest_burden",9,0.331769425542799,0.604921238293834,-8.83649034160716,-2.04050937072641,3.27754935203468,10.2065749111758
"interest_burden","interest_burden",10,0.446742203255858,0.437074953971955,-9.58972088220288,-2.3608329411821,3.25862856658046,10.5634501882137
"interest_burden","interest_burden",11,1.55248581804936,0.331081676079855,-9.04189709594299,-2.24924088886298,2.94878363445855,9.79002292273984
"interest_burden","interest_burden",12,1.51240607421984,0.305447423223107,-8.49684399845506,-2.12465115613605,2.8249764144247,9.29875999566783
"interest_burden","interest_burden",13,2.48024377717198,0.481202833361316,-7.21282518417035,-1.61531066200885,2.67446807908061,8.35561303926292
"interest_burden","interest_burden",14,2.40222637081121,0.378816985134702,-7.52211832182664,-1.74568902443351,2.57955050298471,8.24903635198202
"interest_burden","interest_burden",15,3.12156545654064,0.325087565762939,-6.85377972819731,-1.63476074841342,2.35416633860557,7.7105989792886
"interest_burden","interest_burden",16,2.94606715511282,0.292756024493032,-6.56445656602575,-1.56641160515802,2.21129075976307,7.3057923278672
"interest_burden","interest_burden",17,3.46506321901404,0.404872511905271,-5.83677513920181,-1.27833457910695,2.16745784642279,6.86529846252135
"interest_burden","interest_burden",18,3.21452948138719,0.331291647808771,-5.9449433368401,-1.33376810079042,2.08578758053117,6.77968818193338
"interest_burden","interest_burden",19,3.59280676849832,0.309209816639662,-5.65509540048519,-1.28905081601137,1.94523356746659,6.39016565460674
"interest_burden","interest_burden",20,3.35209942543489,0.27075411666302,-5.53012552691503,-1.28694457862711,1.87136922156086,6.26771825204176
"interest_burden","interest_burden",21,3.64690209482917,0.357014300582987,-5.15296390807673,-1.10486626151389,1.87407592486647,5.99652389481331
"interest_burden","debt_growth",1,-0.0927155015108267,-0.118670357049885,-7.29630828491972,-2.25811020288617,1.95129434350569,6.99123136328225
"interest_burden","debt_growth",2,0.95928836014358,0.355672937065689,-7.39329329324871,-1.92994736533067,2.58755779511637,8.06423920659179
"interest_burden","debt_growth",3,0.90568593445124,0.24458976293839,-8.69711734010979,-2.35168143646378,2.79198408653143,8.78946501405194
"interest_burden","debt_growth",4,1.19434938682145,0.198114286628878,-10.347545087395,-2.85163356167618,3.22975136594194,10.3159684471417
"interest_burden","debt_growth",5,0.959466177852724,-0.0421701975839566,-11.218525562474,-3.31755327256827,3.17860592696693,10.9784087260726
"interest_burden","debt_growth",6,1.38687064716005,0.272095613030286,-12.1299690839273,-3.3098373351903,3.86418875064536,12.6593070979253
"interest_burden","debt_growth",7,1.01381296109413,0.0590770658097169,-12.0285381701011,-3.42447355048072,3.52851972407343,12.1201388002454
"interest_burden","debt_growth",8,1.08387277967387,0.114144223295581,-12.281279562501,-3.40550010779005,3.62014418760573,12.4671890297505
"interest_burden","debt_growth",9,0.724151566134925,-0.0786647492101581,-11.6959364702322,-3.41904914465004,3.32083161706259,11.6368476692539
"interest_burden","debt_growth",10,0.910646598275156,0.18455854842873,-11.5043059450339,-3.16100143866332,3.55594085926434,11.9721022052969
"interest_burden","debt_growth",11,0.558955232728667,0.0451884550667656,-10.8297318515843,-3.01583343321556,3.08597201882309,10.8342694270023
"interest_burden","debt_growth",12,0.585606617247857,0.127316079217222,-10.0464744384857,-2.75373605011532,3.00879217569628,10.2149382409724
"interest_burden","debt_growth",13,0.313205328456395,-0.0185181608126848,-9.36811602702278,-2.67854370795106,2.69228794320648,9.42719812793495
"interest_burden","debt_growth",14,0.46979594206644,0.169787167180908,-8.74075993882271,-2.39335246635613,2.72180313201538,9.14108409673621
"interest_burden","debt_growth",15,0.250855505545292,0.0656586302100771,-8.30452881560505,-2.28873895837613,2.41220854871076,8.33687489783308
"interest_burden","debt_growth",16,0.292989363644701,0.144038304594672,-7.67075774040902,-2.04621773043626,2.34507775360392,7.86501867634568
"interest_burden","debt_growth",17,0.101364509051504,0.0218810188672428,-7.43285410963056,-2.08568937206301,2.18475603236996,7.4565137276964
"interest_burden","debt_growth",18,0.2322073603506,0.160898372348894,-6.88344264159299,-1.8473567667485,2.21912946153873,7.34084135703186
"interest_burden","debt_growth",19,0.0987601153977961,0.0650223241850177,-6.6056243318997,-1.85541152061231,1.99486418245036,6.83438282341871
"interest_burden","debt_growth",20,0.146614944540658,0.13531484466147,-6.36675086645486,-1.70294098115282,1.98994345540426,6.5914757770297
"interest_burden","debt_growth",21,0.00629675058841769,0.0318286808888063,-6.3143183523361,-1.798670167681,1.89680648589945,6.56247303036864
"interest_burden","real_house_price_growth",1,-0.0884331775685579,-0.0396821867050541,-1.67443668328142,-0.509736066786172,0.428320890662274,1.60192824646709
"interest_burden","real_house_price_growth",2,-0.434475348590966,-0.0195535718200992,-1.8331978431204,-0.534156429752519,0.497971241281601,1.81308916962159
"interest_burden","real_house_price_growth",3,-0.793711140831557,0.0253429514910184,-1.97105450015501,-0.550521855478915,0.604437478985481,2.13514147904577
"interest_burden","real_house_price_growth",4,-1.05736089443967,-0.0767038483490183,-2.33515962332199,-0.743016510508681,0.587102194726495,2.32896051312108
"interest_burden","real_house_price_growth",5,-0.951041284352,-0.085790811146002,-2.56735715817111,-0.779015416160553,0.609886801619166,2.41875900201399
"interest_burden","real_house_price_growth",6,-0.986432865744508,-0.0502635504065725,-2.78976615893509,-0.831805565208477,0.745507511418944,2.79638502174361
"interest_burden","real_house_price_growth",7,-1.02039489653819,0.00806037482392644,-2.65350161519366,-0.7567929374895,0.764670824715621,2.71828197260331
"interest_burden","real_house_price_growth",8,-0.994436403874391,-0.0270408370321079,-2.70854954982426,-0.801885312612205,0.742773360516748,2.70062187276667
"interest_burden","real_house_price_growth",9,-0.638708715834916,-0.00801743132873142,-2.61885996729255,-0.754309145409943,0.711952658997019,2.60435669891155
"interest_burden","real_house_price_growth",10,-0.484762547567815,0.0208874982652457,-2.61559737129745,-0.716817419827969,0.754694841368913,2.68562716786662
"interest_burden","real_house_price_growth",11,-0.305950795675456,0.0654191298097012,-2.24402596858557,-0.60224525589086,0.725285506564287,2.48586834317805
"interest_burden","real_house_price_growth",12,-0.229592983706446,0.0411945148613078,-2.1667433385944,-0.590135747151368,0.676856739761498,2.33815605406256
"interest_burden","real_house_price_growth",13,0.0933980708912488,0.0461956968320777,-2.06650440434422,-0.537308243580201,0.637240480474121,2.19549398704605
"interest_burden","real_house_price_growth",14,0.131625771542242,0.0501901383817904,-1.94965166790268,-0.50474604633029,0.625578215137411,2.12954835067493
"interest_burden","real_house_price_growth",15,0.22143419303344,0.0696885223519846,-1.74583160331477,-0.426617440323635,0.58883233623132,1.94848464857117
"interest_burden","real_house_price_growth",16,0.125224379900172,0.0426314779910707,-1.71661985809533,-0.433180883792854,0.540647929662344,1.83125781562398
"interest_burden","real_house_price_growth",17,0.252479105569633,0.0402004110743365,-1.6282775477619,-0.420816885281582,0.522468281019311,1.7507946199407
"interest_burden","real_house_price_growth",18,0.110875901680917,0.0331826267735063,-1.59080414499373,-0.410571067966628,0.505335537240606,1.70998055026226
"interest_burden","real_house_price_growth",19,0.101494977089131,0.0409480412033751,-1.48528980858233,-0.37145952365204,0.485812304067198,1.60885026196262
"interest_burden","real_house_price_growth",20,-0.0913090171817039,0.0205102308714143,-1.47918396741462,-0.380239305399934,0.453498680809655,1.56004922471417
"interest_burden","real_house_price_growth",21,-0.0261337399122409,0.019228221483379,-1.49074783076257,-0.38546030835917,0.448412131720015,1.53336453856291
"interest_burden","asset_liability_ratio",1,1.31245023744629,0.190095931368176,-19.1073592341417,-5.45800621117648,5.85287501522297,19.0386345014878
"interest_burden","asset_liability_ratio",2,-0.257089909988248,-0.365445419517606,-21.4162257007758,-6.60303098152772,5.79023905840679,21.458235714488
"interest_burden","asset_liability_ratio",3,-2.66140087820102,0.106725060861696,-23.0290103142416,-6.89273145004402,7.17075926549337,24.8942159561604
"interest_burden","asset_liability_ratio",4,-3.65226337469179,0.334541269838491,-26.6129689438794,-7.77231273102031,8.70288115517751,29.745456734836
"interest_burden","asset_liability_ratio",5,-0.786707488326519,0.329031134181192,-27.8804299683122,-8.2958208686993,8.95360239748648,31.0066571728434
"interest_burden","asset_liability_ratio",6,1.83422976192759,-0.117551856945118,-32.2683716023721,-9.81669556040807,9.65971349613687,34.714785746665
"interest_burden","asset_liability_ratio",7,1.10788486303419,0.162694963640053,-30.480997201137,-9.07786173584815,9.53937736290852,33.1173150419233
"interest_burden","asset_liability_ratio",8,1.7767619389781,0.450620033629395,-31.4160638108808,-8.85574496161826,9.9759678483477,34.252623336524
"interest_burden","asset_liability_ratio",9,4.85355096241689,0.642074389741273,-29.2315424259426,-8.10242463742965,9.48759364709216,32.3739853946599
"interest_burden","asset_liability_ratio",10,7.12503806753544,0.470558589558916,-29.4416384930338,-8.48299539906266,9.51102591504974,32.8947686620263
"interest_burden","asset_liability_ratio",11,7.16579472561949,0.722742576919937,-26.4642824598542,-7.39070823026667,8.92523602443466,29.6252716911406
"interest_burden","asset_liability_ratio",12,8.06065905619665,0.872171085813085,-24.890075680927,-6.66951786783866,8.57557097856823,28.2088593618426
"interest_burden","asset_liability_ratio",13,9.68037007547227,0.977568432780993,-22.8647328798067,-6.07371751403671,7.9332253252617,25.777958478456
"interest_burden","asset_liability_ratio",14,10.8205456519798,0.788351864654184,-22.841534407717,-6.11281454747261,7.55600172939013,24.6798377710266
"interest_burden","asset_liability_ratio",15,10.526952979649,0.80540793633887,-20.417375040505,-5.31954090375428,7.03298072338653,22.7631840835176
"interest_burden","asset_liability_ratio",16,10.8352640126268,0.784493700522835,-19.5389173202511,-4.98471601835663,6.69459374469439,21.6671420867809
"interest_burden","asset_liability_ratio",17,11.1867526081697,0.752571274919944,-18.7070768073298,-4.83167009966805,6.49069089280732,20.8198633669608
"interest_burden","asset_liability_ratio",18,11.4348257059017,0.526645380896727,-18.4397186930343,-4.88822061275399,6.1142077849881,20.4453291240137
"interest_burden","asset_liability_ratio",19,10.6554889013586,0.478920039130872,-17.5754513339926,-4.59391636214387,5.78166286132107,19.2509864696624
"interest_burden","asset_liability_ratio",20,10.3963911610477,0.436306514056259,-17.1129123575135,-4.48796490367646,5.55029150015145,18.6993461017586
"interest_burden","asset_liability_ratio",21,9.89746390366607,0.417612782783428,-16.9055998932663,-4.46884910393134,5.42157588099695,18.3548472267776
"debt_growth","gdp_growth",1,0.820650617684447,0.024766343418738,-1.190701957672,-0.339755377567968,0.379359668111772,1.24520049740213
"debt_growth","gdp_growth",2,0.33770919519061,0.00224156853217557,-0.622769590733022,-0.182352757613364,0.190314231750124,0.631177221736224
"debt_growth","gdp_growth",3,1.01554701226675,-0.00481788093398484,-0.765964591212874,-0.234526950868321,0.219039711959294,0.787581752430141
"debt_growth","gdp_growth",4,0.99197351145733,-0.013845269714462,-0.825882860934646,-0.257633068094968,0.232645568285,0.83132206557103
"debt_growth","gdp_growth",5,0.505881126917859,-0.0152263924307109,-0.962228651521704,-0.295797230394397,0.265768834526888,0.947494370824668
"debt_growth","gdp_growth",6,0.479951706162922,-0.0146273303391984,-0.887289159310478,-0.271760376315495,0.246976136705848,0.875331027579605
"debt_growth","gdp_growth",7,0.219925212153817,-0.0138483901939337,-0.905993839637345,-0.271932932803707,0.243240444012438,0.859282903473345
"debt_growth","gdp_growth",8,0.307409096829621,-0.0184010205632414,-0.861803761017432,-0.265273675202031,0.230126321770208,0.840136693235688
"debt_growth","gdp_growth",9,0.0833852285508248,-0.0106752341439479,-0.840003833966602,-0.251040055712266,0.223098720885485,0.799483411278883
"debt_growth","gdp_growth",10,0.271085772633447,-0.00730367540987883,-0.736284450628641,-0.219362098448875,0.204708690486231,0.719677038515736
"debt_growth","gdp_growth",11,0.171790716730923,0.000290576522714781,-0.718018487666136,-0.206768626414664,0.200487330483648,0.698838117402998
"debt_growth","gdp_growth",12,0.354477494550439,-0.0012135412851511,-0.642620872510551,-0.187380096126866,0.182909922397664,0.632390148479988
"debt_growth","gdp_growth",13,0.266734142041576,0.00370501683443718,-0.623542931428894,-0.17625991486683,0.178141060905183,0.62470204224248
"debt_growth","gdp_growth",14,0.470420446535223,0.00673551922977398,-0.526724646629679,-0.150262611469553,0.159934145284223,0.536433719279455
"debt_growth","gdp_growth",15,0.398271337686438,0.0105700648140793,-0.54679897260542,-0.147576087620363,0.166020654038514,0.557017976990147
"debt_growth","gdp_growth",16,0.537964251898877,0.0100465666736241,-0.47888794743707,-0.132517034474493,0.151015518888926,0.498162824446923
"debt_growth","gdp_growth",17,0.404088111039093,0.0114287186602698,-0.492018636217521,-0.132785629008727,0.156054093374353,0.513842812820303
"debt_growth","gdp_growth",18,0.553426659988436,0.0123095923634486,-0.431243393631317,-0.11656375812997,0.139741857169266,0.45844032401925
"debt_growth","gdp_growth",19,0.436591879839896,0.0145517236267537,-0.470068020543767,-0.11800807638151,0.149213241459328,0.487835900959265
"debt_growth","gdp_growth",20,0.526188686944362,0.0127880667088968,-0.418026174783475,-0.111309836468853,0.137347243858755,0.455119484334578
"debt_growth","gdp_growth",21,0.370282371243504,0.013386578283762,-0.450155194887486,-0.114470179272942,0.142580065365482,0.467220040338176
"debt_growth","consumption_growth",1,-4.11997310481186,0.00523291996359261,-1.40052936409531,-0.387676461840396,0.401693108274453,1.36546013195372
"debt_growth","consumption_growth",2,-4.32036992695122,0.00491790982000108,-0.706448874536333,-0.199035920051783,0.208635831479111,0.72204859987329
"debt_growth","consumption_growth",3,-4.72342959793712,0.00112334879012157,-0.870931181082297,-0.252233714944136,0.250529854944619,0.88519569824358
"debt_growth","consumption_growth",4,-3.44351540298625,-0.000897479334363056,-0.99117780254369,-0.277475310795585,0.26797747440423,0.959044078968082
"debt_growth","consumption_growth",5,-8.03585437373154,-0.0392387340667719,-1.10887329377421,-0.33909727635174,0.267161555369824,1.02003826440091
"debt_growth","consumption_growth",6,-4.46170956089713,-0.0270123675564834,-1.05485713254224,-0.311950925159588,0.257619636121791,0.972424072539058
"debt_growth","consumption_growth",7,-5.37727326057565,-0.0363408587095047,-1.04226526469768,-0.318255632311849,0.242930564385158,0.973892913764965
"debt_growth","consumption_growth",8,-3.47600786373944,-0.0288540831718386,-1.02289453027705,-0.305898377467221,0.24989146922354,0.933409244300698
"debt_growth","consumption_growth",9,-4.82414190151898,-0.0367352687811886,-0.949134181000511,-0.292127653921183,0.218752940489417,0.86462061478556
"debt_growth","consumption_growth",10,-3.53775061354871,-0.0252068511124569,-0.873092688264321,-0.259055061014416,0.207356886531077,0.783828324059049
"debt_growth","consumption_growth",11,-4.05600539123827,-0.0216476234356996,-0.843900208939522,-0.247114300121198,0.201055627668875,0.770170955676798
"debt_growth","consumption_growth",12,-3.31292853760796,-0.011667014786021,-0.754148261379929,-0.218178643094803,0.188053707077467,0.713330753467375
"debt_growth","consumption_growth",13,-4.52217135100188,-0.0133473259186799,-0.711440100576622,-0.211505113382511,0.180613550016458,0.678121365382353
"debt_growth","consumption_growth",14,-3.47187520684321,-0.00407608280049866,-0.624502285981796,-0.177452637030988,0.160895823723768,0.602727504783777
"debt_growth","consumption_growth",15,-4.35007569458575,-0.00236211628501779,-0.622811623553684,-0.178795938019007,0.169904604736581,0.62006304352743
"debt_growth","consumption_growth",16,-3.50392211337191,0.00405750170285081,-0.553881272983832,-0.154794158810821,0.156269368147959,0.561833928807081
"debt_growth","consumption_growth",17,-4.72421434045546,0.0012266340054285,-0.576951044058028,-0.164318432112207,0.161704914356901,0.579904562874956
"debt_growth","consumption_growth",18,-3.67110506837568,0.00577944013102787,-0.514751210227266,-0.140914825015766,0.144995745651721,0.516805472710249
"debt_growth","consumption_growth",19,-4.47217115639448,0.00588147941118516,-0.535614696652523,-0.150280125696006,0.155254734328704,0.556664998787881
"debt_growth","consumption_growth",20,-3.50576021483364,0.00887618634606099,-0.496997481212008,-0.131579339373971,0.144187779803369,0.507631707779469
"debt_growth","consumption_growth",21,-4.48450749949419,0.00608370125059171,-0.518798997609912,-0.141202365948151,0.151811864514648,0.537733185495199
"debt_growth","cpi_growth",1,2.15797881492035,0.0577961929134626,-3.40592242754719,-0.941704358994979,1.04964998052801,3.56086103821709
"debt_growth","cpi_growth",2,0.667733791958631,-0.168367483341934,-1.63857329709705,-0.577876953192411,0.250563874831701,1.26590888406883
"debt_growth","cpi_growth",3,1.8199119868752,-0.132574801424357,-2.1480881177027,-0.717460024952899,0.453727404129454,1.92281276139195
"debt_growth","cpi_growth",4,0.722060767144922,-0.282300780620487,-1.86725426470992,-0.735931424424334,0.176224929610767,1.25800947867258
"debt_growth","cpi_growth",5,1.68289258161037,-0.169960696415582,-2.67571545232119,-0.886877604793142,0.547434294592473,2.3584159091369
"debt_growth","cpi_growth",6,0.763727318669249,-0.297863338541165,-2.00405420549678,-0.785075882016245,0.18714609339827,1.36761250832172
"debt_growth","cpi_growth",7,1.58170068378394,-0.206166964534045,-2.34782209170873,-0.837106977938303,0.404580949182242,1.93466770033549
"debt_growth","cpi_growth",8,0.549900161419877,-0.290746858567554,-1.89129850221285,-0.756732187820076,0.144909411055665,1.25593710110969
"debt_growth","cpi_growth",9,1.11997090924825,-0.155797551051648,-2.25157075969986,-0.766056673464579,0.433382195909994,1.8764992219095
"debt_growth","cpi_growth",10,0.196082801379683,-0.218328130657552,-1.74778061393437,-0.671327057155231,0.194713834901859,1.24288319051321
"debt_growth","cpi_growth",11,0.891325864903076,-0.119793474115106,-1.92610447177472,-0.662831389344237,0.384603431763094,1.64770593932881
"debt_growth","cpi_growth",12,-0.0214238668026631,-0.169295119687683,-1.58751903038206,-0.589577853412894,0.205937611417989,1.1570972257119
"debt_growth","cpi_growth",13,0.438869239113672,-0.0627853069230977,-1.71368249780296,-0.559418821375421,0.392144684242054,1.56599826315564
"debt_growth","cpi_growth",14,-0.352309571369749,-0.109386285340585,-1.42230776823527,-0.499329145921271,0.23698278084948,1.13280951087049
"debt_growth","cpi_growth",15,0.2207056295065,-0.03502316478076,-1.50224715263723,-0.475536111857467,0.369990043839744,1.41503656313274
"debt_growth","cpi_growth",16,-0.452573919197956,-0.0815660444051864,-1.34141929930325,-0.446919747332356,0.245193064625754,1.12045411562576
"debt_growth","cpi_growth",17,-0.0820044481395974,-0.00387194010140152,-1.37132078303761,-0.414556208359204,0.371506596096244,1.35460408624843
"debt_growth","cpi_growth",18,-0.695416672936876,-0.0513241473055498,-1.2456392965552,-0.40108980639032,0.267707096697071,1.11235369024065
"debt_growth","cpi_growth",19,-0.231236284612437,0.00458359277255626,-1.29932789201144,-0.375422753274174,0.357807212978894,1.27491135970474
"debt_growth","cpi_growth",20,-0.724085774560898,-0.0405980149258363,-1.23322694842141,-0.381668962682413,0.274641715010334,1.09267287259966
"debt_growth","cpi_growth",21,-0.424122057693114,0.0158523033130316,-1.23111881015426,-0.349204603460326,0.361148797642535,1.2577787039485
"debt_growth","saving_rate",1,0.0367477012269299,0.0116489500869557,-1.25739806331208,-0.344006505454781,0.364624514095981,1.22499671323778
"debt_growth","saving_rate",2,-0.0521437749416923,-0.0167891906953062,-0.666409132367478,-0.194635846218018,0.16083110404848,0.588083410777154
"debt_growth","saving_rate",3,0.0291912710620118,-0.0276980712876609,-0.821244542433838,-0.246986141394061,0.191509805385896,0.711736773066132
"debt_growth","saving_rate",4,-0.0492078905586446,-0.0124245970669599,-0.88896440295729,-0.250402979078591,0.233034440375178,0.806800851624638
"debt_growth","saving_rate",5,-0.12020587399301,0.000675755470255111,-1.01522313379212,-0.271048922555349,0.279701501992563,0.924012404870843
"debt_growth","saving_rate",6,-0.191445056496503,-0.00977812083989597,-0.916620324357998,-0.26096498794166,0.24877291510869,0.853571753654651
"debt_growth","saving_rate",7,-0.238040284322856,-0.011875304106848,-0.951852822235546,-0.263000915887357,0.247607381429581,0.850793426413281
"debt_growth","saving_rate",8,-0.262759068510481,-0.0170855002996035,-0.912717061595823,-0.261122468880177,0.23271281814933,0.831023314468321
"debt_growth","saving_rate",9,-0.259906875183744,-0.0098674587343856,-0.863009843027949,-0.243760841101642,0.224746606251976,0.793916985743018
"debt_growth","saving_rate",10,-0.300245011640307,-0.0137449570515107,-0.771073188843018,-0.218391443482454,0.197893750154255,0.694821151491493
"debt_growth","saving_rate",11,-0.297341416022874,-0.0158794706426703,-0.755429736470406,-0.21670323131028,0.186454557616839,0.67035506738949
"debt_growth","saving_rate",12,-0.271546270107812,-0.0195554487402711,-0.680856282919813,-0.198051128328921,0.160430011997694,0.585356907754652
"debt_growth","saving_rate",13,-0.240015081426907,-0.0162200691786146,-0.642605271133668,-0.188736606379056,0.156882240459952,0.579163033541697
"debt_growth","saving_rate",14,-0.237533745636331,-0.0178722229261005,-0.567363407626177,-0.164518679220563,0.129551018060085,0.488681736471406
"debt_growth","saving_rate",15,-0.207407959943707,-0.0178558702239938,-0.571810428100875,-0.168295540279779,0.132498037873201,0.499072981779929
"debt_growth","saving_rate",16,-0.18498768042115,-0.0204223947477335,-0.511505610861656,-0.152024961562708,0.111603725380087,0.437327734021225
"debt_growth","saving_rate",17,-0.152732080795082,-0.018435519866774,-0.513909762355423,-0.155093541000593,0.121929522076543,0.459942390640051
"debt_growth","saving_rate",18,-0.15229503192104,-0.0195154492864115,-0.45637172529036,-0.140104048894645,0.101486417578321,0.412469370911069
"debt_growth","saving_rate",19,-0.129678776699408,-0.0200809649993857,-0.480146118906493,-0.146475179159137,0.110316525942135,0.429586761628751
"debt_growth","saving_rate",20,-0.121120162151122,-0.0213111096618161,-0.440863920962562,-0.135510244893971,0.0960560432462097,0.391914705550046
"debt_growth","saving_rate",21,-0.105584187007969,-0.02056642822927,-0.463478635737933,-0.141741971331187,0.104771957851187,0.415227526114021
"debt_growth","policy_rate",1,-1.63501710445672,-0.771649934184367,-3.74480661329755,-1.92481661214741,-0.23646623875664,-0.0775109481256832
"debt_growth","policy_rate",2,-0.968324698968156,-0.375083239880023,-2.09034402817796,-0.992219523212666,-0.115793883243638,-0.0382434169073683
"debt_growth","policy_rate",3,-0.88080845920135,-0.371197837352105,-2.23529180226707,-1.06752041097563,0.0107053768783376,0.312209825873493
"debt_growth","policy_rate",4,-0.0430583675666384,0.025816864496866,-1.01746855764123,-0.418706413127718,0.520496955965205,1.18314190393291
"debt_growth","policy_rate",5,-0.878074491765482,-0.327536961124561,-2.48868347882495,-1.13122284180762,0.125224170837024,0.487689312849236
"debt_growth","policy_rate",6,-0.183755145310174,0.0554390559352739,-1.2299776380775,-0.454419755395304,0.499171094723633,0.995028708180121
"debt_growth","policy_rate",7,-0.226238719808962,-0.00421488010650526,-1.4264666804092,-0.573569356226901,0.486174586412655,1.0226148868034
"debt_growth","policy_rate",8,0.429974373137509,0.293017278983669,-0.53071000589096,-0.124017674584355,0.915439829189961,1.79919861651823
"debt_growth","policy_rate",9,-0.209120189942468,-0.0137635694394398,-1.42434042052032,-0.57192364255218,0.464313293790082,1.00194677229764
"debt_growth","policy_rate",10,0.223974339216305,0.194765694393755,-0.711544950365311,-0.204355704866571,0.721113400159289,1.41095289304001
"debt_growth","policy_rate",11,0.0171779432535486,0.0688170901166646,-1.04312646160358,-0.399929158416075,0.547706248589594,1.17780640469632
"debt_growth","policy_rate",12,0.429520590223221,0.252043135067703,-0.485836935981514,-0.110132436980785,0.818188129951813,1.6777541723873
"debt_growth","policy_rate",13,-0.105302893698913,-0.00549264299678482,-1.1271622339832,-0.457924765587185,0.402777820720098,0.939150525803629
"debt_growth","policy_rate",14,0.176757262017244,0.129551148446749,-0.655421308025177,-0.215885448710219,0.566565429438278,1.19930045345279
"debt_growth","policy_rate",15,-0.0621874730135331,0.00457291483597743,-1.00674968791372,-0.40564254031931,0.383818929174318,0.905375323530963
"debt_growth","policy_rate",16,0.235314078611834,0.143466849846647,-0.572782138967618,-0.176824021290368,0.573675037872522,1.26296683844048
"debt_growth","policy_rate",17,-0.168056824372392,-0.044868033467684,-1.09236618184831,-0.461511016632947,0.282124499411562,0.718671307893333
"debt_growth","policy_rate",18,0.0532079974196749,0.0645231844079274,-0.742649496304871,-0.262115721642669,0.413518374741371,0.956149735785113
"debt_growth","policy_rate",19,-0.154966000694811,-0.0379762321266051,-1.05502094838088,-0.4377463825862,0.272354991275476,0.697420757962226
"debt_growth","policy_rate",20,0.0876557013878202,0.0744195655708443,-0.689326015224289,-0.242577803386466,0.431871967712396,1.00065857384066
"debt_growth","policy_rate",21,-0.206936237404108,-0.0625803950397489,-1.09758913226627,-0.464090533601173,0.230342411474641,0.611722958838231
"debt_growth","interest_burden",1,-0.764587006289044,-0.0865235350301812,-5.49960292695372,-1.6492525753138,1.5097344561032,5.52897190443702
"debt_growth","interest_burden",2,0.957117904005544,-0.110258935070295,-2.67220059927156,-0.893641357202325,0.694332722737968,2.662062500629
"debt_growth","interest_burden",3,-0.0410692017725566,-0.0180422092594675,-3.4017318167921,-1.02708408431097,1.01068827534132,3.57657143223989
"debt_growth","interest_burden",4,0.0432853003202748,0.0970043755865257,-3.54126209447884,-0.966870572159422,1.17569043206069,3.94990132394307
"debt_growth","interest_burden",5,0.105717262117747,-0.0906796059010051,-4.27299719943712,-1.31818988798275,1.15515804457537,4.21482844968757
"debt_growth","interest_burden",6,0.336046349557866,-0.0375624638628641,-3.94040420859909,-1.18425960864625,1.12455161852395,4.03467312463126
"debt_growth","interest_burden",7,0.012804591089215,-0.0277405054280757,-3.96464182964963,-1.16829177097332,1.13308206700825,4.07720649499013
"debt_growth","interest_burden",8,0.434838662383895,0.0884343678421871,-3.74084822301254,-1.01398971603768,1.19308333287933,3.95063527462356
"debt_growth","interest_burden",9,-0.284858378722057,-0.0554208650515533,-3.81271236221497,-1.09364014699012,1.01400917089947,3.79878093183435
"debt_growth","interest_burden",10,0.205966633941377,0.000418715766061173,-3.34854227665695,-0.949558784531048,0.955764889712599,3.45966552276924
"debt_growth","interest_burden",11,-0.48309534474042,-0.0187595967509409,-3.26040340735501,-0.920309068007193,0.884207742412523,3.3933274730378
"debt_growth","interest_burden",12,0.0392280596982925,0.0706247037851008,-2.78482796918174,-0.744618685856959,0.879342630728204,2.96728174662049
"debt_growth","interest_burden",13,-0.530043170197539,-0.0269421355290372,-2.85975220418607,-0.818270764480186,0.760230072462081,2.89753161926752
"debt_growth","interest_burden",14,-0.0803771349534242,0.0192304827539268,-2.4036263530388,-0.667878181057437,0.698659650238074,2.56270142952664
"debt_growth","interest_burden",15,-0.54593337086676,-0.0085681686198309,-2.46792861271727,-0.710114850935237,0.687476079947653,2.60822585437304
"debt_growth","interest_burden",16,-0.112581620531694,0.0612928762939107,-2.09352378116288,-0.552134393925604,0.67160323006229,2.32567356174122
"debt_growth","interest_burden",17,-0.474464942022267,-0.0126574361007676,-2.32483831870184,-0.65858429929324,0.638721096626026,2.39468477582613
"debt_growth","interest_burden",18,-0.0707787304740477,0.0278063663641563,-2.00383663453242,-0.552645679297516,0.594455391485636,2.13747845367577
"debt_growth","interest_burden",19,-0.378548467429257,-0.00165169812806093,-2.18338977197937,-0.611242096418132,0.605590362681412,2.27565884205227
"debt_growth","interest_burden",20,-0.00830542472532839,0.0502138184303824,-1.91871088520243,-0.496053236569989,0.598539568754803,2.09214142514405
"debt_growth","interest_burden",21,-0.269815287029266,-0.00499357942629446,-2.12801286094416,-0.587360962460888,0.581248818111822,2.1957601639675
"debt_growth","debt_growth",1,1,1,1,1,1,1
"debt_growth","debt_growth",2,0.0381159990288569,0.216170611325318,-2.68253910070261,-0.632057258865277,1.06362351369646,3.11735715930682
"debt_growth","debt_growth",3,0.25492850998569,0.448304470437751,-2.35983298935653,-0.366745205181351,1.26023727060601,3.14720691012098
"debt_growth","debt_growth",4,-0.0829660817571878,0.23980620962463,-3.61688998617339,-0.92903759354809,1.41064468444684,4.24217626654092
"debt_growth","debt_growth",5,0.24804195523642,0.571699084821995,-2.72039482282567,-0.396232968612161,1.5227351918611,3.81567643201816
"debt_growth","debt_growth",6,-0.0908201652572714,0.259712921021947,-3.98539462506763,-0.966057349539314,1.4737630105908,4.60405726226367
"debt_growth","debt_growth",7,0.143748962161092,0.434426055663292,-3.17415306305357,-0.611933582091318,1.46844157972223,3.99997858806305
"debt_growth","debt_growth",8,-0.0869517386634516,0.219336842718563,-3.88042813428086,-0.988559501815009,1.39392795851046,4.36590535409515
"debt_growth","debt_growth",9,0.216679459277084,0.411194697158785,-2.80148034463472,-0.491658775445539,1.32546162800493,3.6259372334352
"debt_growth","debt_growth",10,-0.032010321488252,0.189458866573826,-3.29955553767524,-0.824597421892344,1.18993320914239,3.70103133238822
"debt_growth","debt_growth",11,0.147362029654931,0.31688011880274,-2.5796924915856,-0.509592663940652,1.16020788113598,3.24488569384877
"debt_growth","debt_growth",12,-0.0297701467886326,0.15110993795446,-2.9000548650727,-0.72927270099597,1.02734867679601,3.20846184001229
"debt_growth","debt_growth",13,0.183150767367564,0.293814898293962,-2.1399122131631,-0.400090127075895,1.00698438359458,2.76426051294398
"debt_growth","debt_growth",14,-0.0178565279269108,0.127233705701154,-2.36590936249792,-0.602634754068113,0.867555223591402,2.67690781720391
"debt_growth","debt_growth",15,0.112529493707135,0.229586133691728,-2.01409653413649,-0.404727087499601,0.903716133008729,2.58020938681691
"debt_growth","debt_growth",16,-0.0299939800837803,0.102436789310226,-2.20828112428892,-0.560515949966441,0.78909767989124,2.45401189754155
"debt_growth","debt_growth",17,0.141036514018124,0.213868277536006,-1.8518682026113,-0.371782289881825,0.837941116555654,2.3073818435752
"debt_growth","debt_growth",18,-0.0076211591536963,0.0928011726035614,-2.05514099406738,-0.517145775023735,0.723339509079108,2.25200930566645
"debt_growth","debt_growth",19,0.104383615265458,0.179045925326514,-1.88723322033877,-0.394879112688205,0.792585120186202,2.28133546414382
"debt_growth","debt_growth",20,-0.00427597720673309,0.0741419973526902,-1.99549384485818,-0.517327748452239,0.691945678544381,2.2210912199322
"debt_growth","debt_growth",21,0.137749171594271,0.165278750906677,-1.82252435497953,-0.396599780569448,0.762089180801216,2.19236285301897
"debt_growth","real_house_price_growth",1,0.221241081399127,0.00330927772658595,-1.41910118543371,-0.396035333968039,0.408021956531858,1.41915153434497
"debt_growth","real_house_price_growth",2,0.464641643248935,0.0467726873368154,-0.618296512894106,-0.143071193353288,0.235222619002231,0.716871417459433
"debt_growth","real_house_price_growth",3,0.331165173834051,0.0316522368824071,-0.840147512427069,-0.219060537211115,0.282959665589221,0.884299076405663
"debt_growth","real_house_price_growth",4,0.467476642998642,0.0520661868405183,-0.850587343007114,-0.211913309807068,0.314079234528763,0.945352787595139
"debt_growth","real_house_price_growth",5,0.39504033811979,0.0417870756504353,-1.00623518377959,-0.263264770216253,0.346539000499226,1.10036719157169
"debt_growth","real_house_price_growth",6,0.490792803660937,0.049767123018367,-0.893736961461235,-0.226114455514073,0.33021469993349,1.01675749881274
"debt_growth","real_house_price_growth",7,0.370903905829417,0.0142746687307586,-0.983492147755097,-0.277698591520767,0.305747921722673,1.04020200098004
"debt_growth","real_house_price_growth",8,0.43671303493235,0.0230613562674156,-0.933844813266322,-0.255177821196519,0.301459408771824,1.01346205064781
"debt_growth","real_house_price_growth",9,0.301299642396333,0.00978829883925932,-0.914945327910233,-0.254358719645983,0.273696262229492,0.963721334919203
"debt_growth","real_house_price_growth",10,0.285694185489269,0.0145197096138087,-0.803370090075388,-0.215216599839284,0.251752643140449,0.852056071165728
"debt_growth","real_house_price_growth",11,0.153458985048535,-0.0106284884525281,-0.812717896842657,-0.237515992176599,0.220220642691129,0.814485464115635
"debt_growth","real_house_price_growth",12,0.177585671456418,0.000387783165389995,-0.72523731123994,-0.202820389198818,0.205339762544817,0.73198476328815
"debt_growth","real_house_price_growth",13,0.0536597582298602,-0.00617220023865747,-0.698105659578958,-0.202654056781456,0.190466955400662,0.706436725464848
"debt_growth","real_house_price_growth",14,0.0640868945124811,0.00417768894543985,-0.610843462797671,-0.168439892168599,0.174540369952387,0.620420046809928
"debt_growth","real_house_price_growth",15,-0.023242591452052,-0.0102188638180448,-0.624815108586997,-0.186727902436458,0.165264393304808,0.62421809956892
"debt_growth","real_house_price_growth",16,0.056588719077842,0.00176858103708407,-0.551076814734488,-0.157247152515521,0.158853036543497,0.577385299963407
"debt_growth","real_house_price_growth",17,-0.00319176675801287,-0.00164734080523768,-0.569501244613354,-0.16676815858379,0.163477822015084,0.604191673662725
"debt_growth","real_house_price_growth",18,0.079002340828786,0.0090020830123049,-0.500608520333862,-0.139595374866591,0.154980418732691,0.530910471052438
"debt_growth","real_house_price_growth",19,0.0366290117998631,-0.00127983697969848,-0.541308529986997,-0.154956987645819,0.152403768573925,0.565829396258192
"debt_growth","real_house_price_growth",20,0.153437473284137,0.00818691491877281,-0.487540789417802,-0.133735354196778,0.149103126939115,0.520612569146235
"debt_growth","real_house_price_growth",21,0.107005712382208,0.00448769712813151,-0.515837022124594,-0.143860611349492,0.152517584362597,0.553126903916113
"debt_growth","asset_liability_ratio",1,7.63690409253461,-0.0592127149724291,-16.4480979788916,-4.8665293984898,4.75676541528939,16.6478723663657
"debt_growth","asset_liability_ratio",2,6.47370147819868,0.462775898591445,-8.09207143211723,-1.97556947902997,2.84286327071335,8.50277270669644
"debt_growth","asset_liability_ratio",3,6.22915762020837,0.515802284583903,-9.96800160298474,-2.48509805943904,3.51327751436323,10.6295797426445
"debt_growth","asset_liability_ratio",4,7.39816850822604,0.569446483064913,-10.6446727497818,-2.71255709728187,3.72887426460483,11.2065822703125
"debt_growth","asset_liability_ratio",5,6.39020348009083,0.472883281897741,-12.6605377277731,-3.31191552010189,4.2195510570047,13.046846228777
"debt_growth","asset_liability_ratio",6,5.84995303112751,0.544932754268448,-11.4852707370028,-2.92888044999872,3.99637308799317,12.0723869701559
"debt_growth","asset_liability_ratio",7,5.70751677073898,0.409976662065191,-11.9078607745448,-3.12453437302258,3.8749395068129,12.0921526616495
"debt_growth","asset_liability_ratio",8,5.16066947088873,0.316058003172828,-11.5560927754624,-3.11385306333249,3.66413171824244,11.7369915950555
"debt_growth","asset_liability_ratio",9,4.35080944235758,0.13751000998921,-11.3552951658739,-3.13548304176452,3.37849958359751,10.9637317799517
"debt_growth","asset_liability_ratio",10,3.55938311346046,0.191423955723815,-9.93871754601927,-2.70052807758518,3.09106616596222,9.94325206632505
"debt_growth","asset_liability_ratio",11,3.27705570477583,0.104521103291564,-9.67301984231315,-2.66017942210595,2.89695971628433,9.59939561929117
"debt_growth","asset_liability_ratio",12,2.88401320803018,0.101535875266544,-8.97282300202649,-2.38230311077605,2.61769510391632,8.5616847760188
"debt_growth","asset_liability_ratio",13,2.31696301513644,0.00850809145323127,-8.38804619527139,-2.37811570903742,2.45070585023459,8.25524937563117
"debt_growth","asset_liability_ratio",14,1.70841609940525,0.0982004586321329,-7.45195818954843,-1.93598409283952,2.1745033246516,7.2680942660228
"debt_growth","asset_liability_ratio",15,1.50535667490044,0.0683219044179934,-7.34914802377824,-2.01056917329924,2.22404334991138,7.42613321937301
"debt_growth","asset_liability_ratio",16,1.16375823490695,0.118857395466467,-6.58382522625984,-1.75545858421439,1.99989654117694,6.78912980832532
"debt_growth","asset_liability_ratio",17,0.870055263823854,0.0579614025206128,-6.90937559079206,-1.82968264962685,2.09035276571474,7.00632586800875
"debt_growth","asset_liability_ratio",18,0.468422139411165,0.141145827979802,-5.94459223433493,-1.53916332904852,1.90912277251715,6.26025615592153
"debt_growth","asset_liability_ratio",19,0.454169953833486,0.121252750844286,-6.32637601185725,-1.64776164791254,2.00157281597708,6.62447250256629
"debt_growth","asset_liability_ratio",20,0.258766769478185,0.165519456738376,-5.6614882877612,-1.45558843004798,1.86510669347891,6.09009995965892
"debt_growth","asset_liability_ratio",21,0.276277796887864,0.117782548191195,-6.22214750829686,-1.58278914501444,1.94854384966287,6.44654133418161
"real_house_price_growth","gdp_growth",1,6.7125665221055,0.00519052141560853,-5.51689969491433,-1.61716345918036,1.65216818704477,5.59132654129101
"real_house_price_growth","gdp_growth",2,3.80955537770021,0.0240379138943924,-3.70812082645505,-1.06779416344196,1.14114646938554,3.78230360171788
"real_house_price_growth","gdp_growth",3,2.35739014809092,-0.119011079151541,-4.72053884846246,-1.45851615857411,1.23058307954573,4.38392828280447
"real_house_price_growth","gdp_growth",4,1.92699504483117,-0.0916407469101631,-3.42705388758997,-1.07902336311057,0.89133757270865,3.14346634664678
"real_house_price_growth","gdp_growth",5,-0.551738463825059,-0.181255717060936,-3.14814121905452,-1.06263619508386,0.702849063816417,2.82652833160896
"real_house_price_growth","gdp_growth",6,-1.352256427357,-0.0693979740929936,-2.72985972200793,-0.836471952125898,0.717658036433326,2.535995800358
"real_house_price_growth","gdp_growth",7,-1.25287712741319,-0.0418620624508916,-2.85091841687003,-0.859436780620641,0.774012195210136,2.75974479362282
"real_house_price_growth","gdp_growth",8,-1.0797611965927,-0.0497228697126596,-2.09997109594673,-0.667553923108671,0.562872884181909,2.07290648128631
"real_house_price_growth","gdp_growth",9,-0.655961793929406,-0.0260400960694689,-1.6789886816887,-0.507121605451333,0.441331888737858,1.64223752859063
"real_house_price_growth","gdp_growth",10,-0.438061147006597,0.0250785891794239,-1.6068004001432,-0.446141202545126,0.48667710990909,1.61506772572388
"real_house_price_growth","gdp_growth",11,0.649615764923461,0.0387331326467645,-1.59256927524687,-0.435294524228141,0.516950563831077,1.69758306916123
"real_house_price_growth","gdp_growth",12,0.544203450727517,0.0248172878837981,-1.39473292300985,-0.376482244002138,0.444947431401525,1.48585074861276
"real_house_price_growth","gdp_growth",13,0.963692793396831,0.0225285754543029,-1.16291990909705,-0.315824203403414,0.374490092576353,1.26312546298525
"real_house_price_growth","gdp_growth",14,0.864907182999106,0.0453181763424276,-1.1929573928808,-0.29717669299425,0.405478944726767,1.26271561573744
"real_house_price_growth","gdp_growth",15,1.30961950029525,0.0436154025719747,-1.11392454369803,-0.281371410733452,0.37556277073073,1.18945486573816
"real_house_price_growth","gdp_growth",16,0.744310531417746,0.0260175566130362,-1.04413511049288,-0.274386618553266,0.342756256929412,1.13691301552177
"real_house_price_growth","gdp_growth",17,0.679774292769538,0.0166560535287343,-0.976922699919272,-0.26214233144372,0.309494278222711,1.0448874472026
"real_house_price_growth","gdp_growth",18,0.38778258367281,0.0297750421686822,-0.963113525646391,-0.243353275864638,0.321487828577112,1.04551532641262
"real_house_price_growth","gdp_growth",19,0.540172439350888,0.0267115002800271,-0.871463755452781,-0.223561975535327,0.292005734183203,0.968975376918318
"real_house_price_growth","gdp_growth",20,-0.0652355512206153,0.0169297566605122,-0.858495437724869,-0.2190414697124,0.26741760769718,0.909795177892812
"real_house_price_growth","gdp_growth",21,-0.0808964004222144,0.0108919432511306,-0.786090094565736,-0.215917073074147,0.249855828501596,0.873799923487075
"real_house_price_growth","consumption_growth",1,-5.60524668534237,0.0127971991067113,-6.16872983579873,-1.74497598373982,1.79598269255575,6.19812558965002
"real_house_price_growth","consumption_growth",2,-22.8408382361397,0.00384212528554878,-4.17433112425615,-1.18908387070418,1.21006057111827,4.27473534908605
"real_house_price_growth","consumption_growth",3,-29.3836402189076,-0.183869099166163,-5.50894657218295,-1.64953647507105,1.29392519621042,4.78338390916727
"real_house_price_growth","consumption_growth",4,-0.851689721848652,-0.110376773489031,-4.0543122344074,-1.20176110549087,0.996522891388036,3.82670549127508
"real_house_price_growth","consumption_growth",5,-15.1355679836331,-0.270431350118632,-3.5264781611769,-1.20730221955141,0.675188424559637,3.03345758449426
"real_house_price_growth","consumption_growth",6,0.707567825963427,-0.20283380940852,-2.96969219174599,-0.980633993270936,0.605060844824697,2.61954313448806
"real_house_price_growth","consumption_growth",7,18.5252607602535,-0.121324524526996,-3.14418071109997,-1.01116835475239,0.757644295461034,2.86271318434222
"real_house_price_growth","consumption_growth",8,7.69147323848727,-0.0818419628453762,-2.38193194111189,-0.754870492327026,0.582569184241918,2.24013687872921
"real_house_price_growth","consumption_growth",9,5.65715984768894,-0.0637097149703545,-1.90303843432566,-0.58069059777983,0.446074215369422,1.72435091693194
"real_house_price_growth","consumption_growth",10,2.52788778372786,-0.0228301844059303,-1.82394029883484,-0.535058716656613,0.50140193727218,1.81245273443432
"real_house_price_growth","consumption_growth",11,11.1408051056384,0.0448759928373946,-1.76903144250748,-0.472155992728556,0.562043153499247,1.87908882088183
"real_house_price_growth","consumption_growth",12,3.88937892295915,0.0463851224006151,-1.53383705712115,-0.391978234030709,0.505163125914686,1.63197041772548
"real_house_price_growth","consumption_growth",13,0.592180228545959,0.035262231611239,-1.3302018894068,-0.341868612745298,0.419736969111382,1.40200040839481
"real_house_price_growth","consumption_growth",14,0.683326942329002,0.0373738307094152,-1.3197632702251,-0.352168650183015,0.449249904322052,1.45715954525467
"real_house_price_growth","consumption_growth",15,4.05905466982468,0.0599894599635303,-1.20086039034384,-0.279054844202838,0.417536240119897,1.30566879504686
"real_house_price_growth","consumption_growth",16,0.103408555152886,0.0454141290482289,-1.11448494549627,-0.271147693954965,0.388624403031563,1.26232053683735
"real_house_price_growth","consumption_growth",17,0.343432787915761,0.0290654259674015,-1.10438384874699,-0.270091449223893,0.348520369374077,1.14124596707354
"real_house_price_growth","consumption_growth",18,-0.801637971220234,0.024249959820787,-1.0924594710313,-0.279186677428576,0.357451096512664,1.19392663032136
"real_house_price_growth","consumption_growth",19,3.29177423966371,0.036022326493282,-0.945917299101306,-0.232818304961595,0.320770615164302,1.04394810037989
"real_house_price_growth","consumption_growth",20,0.0910307630537015,0.0266500529154842,-0.916332277291552,-0.227383012755496,0.304626887437412,1.00885619040652
"real_house_price_growth","consumption_growth",21,1.75574086423129,0.0197722634255911,-0.915808855829295,-0.229319005726633,0.280702619414852,0.928910997487478
"real_house_price_growth","cpi_growth",1,-3.14422417053641,-0.763608815018905,-15.5285656092437,-5.05148475463233,3.42411926009738,13.9280812011292
"real_house_price_growth","cpi_growth",2,3.44334603014185,-0.645305068187613,-10.276934489952,-3.41829375959452,2.10459208221594,8.87717908058343
"real_house_price_growth","cpi_growth",3,2.22762128014903,-1.55927397363856,-10.1055911623041,-3.96749185086443,0.870370378615235,6.83494340304413
"real_house_price_growth","cpi_growth",4,7.16452801935082,-1.03913280388917,-8.08516810584127,-3.06803812414126,0.964790682043094,6.0409084914084
"real_house_price_growth","cpi_growth",5,0.361417403686526,-0.943285719933399,-7.81514359440678,-2.91864111199882,1.0186923225642,5.98352683944967
"real_house_price_growth","cpi_growth",6,1.66172259917137,-0.588557074660411,-7.22956741464097,-2.52614236139682,1.26629033178684,5.95636014250915
"real_house_price_growth","cpi_growth",7,-0.705321297048299,-0.820314161750838,-6.89522612391506,-2.61456283993052,0.835753056760789,4.79405792761341
"real_house_price_growth","cpi_growth",8,0.751038317078142,-0.295546967587381,-5.88281693570687,-1.93826934650991,1.25176929841501,5.30102547885398
"real_house_price_growth","cpi_growth",9,-2.03109390136218,-0.178569789272772,-4.53020892361041,-1.47381920821679,1.05488123280711,4.10139953510459
"real_house_price_growth","cpi_growth",10,-0.991443285135428,0.114433777811636,-4.11952443754698,-1.18015543303488,1.35494197845524,4.37254795488632
"real_house_price_growth","cpi_growth",11,-2.03870821104851,-0.123684664028162,-4.67322070252383,-1.44846387453797,1.12885644609791,4.31356484311385
"real_house_price_growth","cpi_growth",12,-0.901499398777131,0.159411603993257,-3.49219798245944,-0.912518751015444,1.20918828803976,3.86210640886494
"real_house_price_growth","cpi_growth",13,-2.79321932213884,0.101658275840824,-2.88533372027642,-0.795851739421782,1.04949156248714,3.22178214344673
"real_house_price_growth","cpi_growth",14,-1.51516555949597,0.258930274481945,-2.50678113309984,-0.57135074289137,1.14269606850337,3.25421401308654
"real_house_price_growth","cpi_growth",15,-2.19190037220787,0.0224266632815846,-2.97308367015164,-0.85752669706303,0.95837479923556,3.11219584349023
"real_house_price_growth","cpi_growth",16,-0.975910055260753,0.177823569521729,-2.3065178921489,-0.558425420892563,0.990225487846676,2.8756474650613
"real_house_price_growth","cpi_growth",17,-2.69645263898889,0.0818011736128907,-2.47567645169192,-0.64875337327617,0.892518010942109,2.76558707541406
"real_house_price_growth","cpi_growth",18,-1.69077919344477,0.191442567388571,-2.19526526977105,-0.476486394911478,0.939157143092967,2.68814601454005
"real_house_price_growth","cpi_growth",19,-2.14796633693235,-0.00256288457482552,-2.41978054176846,-0.68446783161249,0.733445759171736,2.47562827431102
"real_house_price_growth","cpi_growth",20,-1.18513770640821,0.118524653884973,-2.00033456320668,-0.481119304197261,0.774990694675655,2.33737687402349
"real_house_price_growth","cpi_growth",21,-2.57627990116751,0.0302911745646293,-2.12893525553709,-0.582876083928824,0.691970143052553,2.27318082096731
"real_house_price_growth","saving_rate",1,1.35538878114335,0.000463058895551702,-5.52612381500561,-1.56858898782917,1.60436068210346,5.71104106654843
"real_house_price_growth","saving_rate",2,0.512684931408281,0.0598607453177774,-3.67248530940168,-0.998160843683239,1.13971755005832,3.69909510808954
"real_house_price_growth","saving_rate",3,-0.336293024212851,0.035313890130538,-4.61636229673627,-1.28898202248367,1.37208822695978,4.72474850960975
"real_house_price_growth","saving_rate",4,-0.440852781130035,-0.0424897935793136,-3.50112385646056,-1.00866213693685,0.946865623579659,3.27199888015007
"real_house_price_growth","saving_rate",5,-0.568153967330278,0.0160297807328406,-3.29099457630095,-0.892702423087166,0.975943332797002,3.30215097187517
"real_house_price_growth","saving_rate",6,-1.00673549243975,-0.0175060826419646,-2.83661178806133,-0.78868529068255,0.766863048465215,2.68987635664538
"real_house_price_growth","saving_rate",7,-1.20580379744205,-0.0686568737661342,-2.98526513666496,-0.866998299213884,0.724052237504065,2.72962065019254
"real_house_price_growth","saving_rate",8,-1.11920176229682,-0.0645588448783936,-2.26849891808724,-0.664272061713223,0.530052023439757,1.95069083193493
"real_house_price_growth","saving_rate",9,-0.8080844876478,-0.0405979761990369,-1.77131797684116,-0.512028657035406,0.419666920008833,1.53440987824707
"real_house_price_growth","saving_rate",10,-0.717758100310968,-0.0353269538445899,-1.69556383598862,-0.505426937918203,0.419813902527514,1.54660448101133
"real_house_price_growth","saving_rate",11,-0.659900824130328,-0.0628743217652503,-1.77994062756905,-0.538778120317075,0.38470752515852,1.48845794682503
"real_house_price_growth","saving_rate",12,-0.375877470716407,-0.0557561746771224,-1.51965663124994,-0.451341165819927,0.331209861476388,1.31190688384235
"real_house_price_growth","saving_rate",13,-0.135337999306909,-0.0343412718928744,-1.24038960071313,-0.371486855813111,0.293169628507776,1.11675558390999
"real_house_price_growth","saving_rate",14,-0.0398518497063815,-0.0259676239126313,-1.28511724290971,-0.378417814711843,0.322964879606196,1.23416460990739
"real_house_price_growth","saving_rate",15,-0.00997660366865424,-0.0422207323159607,-1.21044368502467,-0.366938366100502,0.281621875468624,1.10498774341068
"real_house_price_growth","saving_rate",16,0.123616777922492,-0.0401158972702143,-1.10910776750698,-0.33541276858384,0.258557988581896,0.990499195901436
"real_house_price_growth","saving_rate",17,0.174344112890397,-0.0277649809492164,-1.00608837346073,-0.301812109387003,0.243982321424739,0.977060397780677
"real_house_price_growth","saving_rate",18,0.180670528955268,-0.0225225991028153,-0.994489833030184,-0.302365841072732,0.261360095931764,0.997336231446952
"real_house_price_growth","saving_rate",19,0.123829769148359,-0.034039734098188,-0.938031599175368,-0.286591434880346,0.214406967341091,0.886235233457608
"real_house_price_growth","saving_rate",20,0.143946329294338,-0.0346555328801432,-0.877133395465337,-0.265694911924079,0.199111404449646,0.834111587192255
"real_house_price_growth","saving_rate",21,0.0968025884434958,-0.0290978050913595,-0.830896428061424,-0.253067781617311,0.191880584131768,0.804221959756854
"real_house_price_growth","policy_rate",1,-3.41381735169588,-1.39401907629907,-16.6785152591061,-7.32149124531562,2.83311460695829,7.40653383916396
"real_house_price_growth","policy_rate",2,-4.76507320348591,-1.93198899489113,-14.2606061162169,-6.41641942400789,0.60921736434887,2.62072651675388
"real_house_price_growth","policy_rate",3,3.89478286816112,2.24817539229039,-2.9838495897903,-0.490152547138864,6.66077488931164,13.3070818793747
"real_house_price_growth","policy_rate",4,2.89399648660055,1.91714375815953,-1.63089180908386,0.0616970485528641,4.91039680737727,9.04566235051904
"real_house_price_growth","policy_rate",5,0.953971915218936,1.08927489619663,-4.28296480227307,-1.18914348931824,3.6490066672308,6.77565855177557
"real_house_price_growth","policy_rate",6,0.320584522876151,0.664724828833597,-4.27043258758634,-1.3877671989214,2.69298230642298,5.0893277643069
"real_house_price_growth","policy_rate",7,4.848196670945,2.43921299838523,-0.338533989390325,0.677770578164849,6.10715063488439,12.0991422921739
"real_house_price_growth","policy_rate",8,3.0706529153936,1.36405100465487,-1.17583914880069,-0.0930022667484271,4.10965016254127,8.59966620728402
"real_house_price_growth","policy_rate",9,1.1805272072785,0.527491924689179,-2.19579908879435,-0.810392398409693,2.36489859914078,5.07927327447685
"real_house_price_growth","policy_rate",10,-0.222934157404102,-0.12536294196109,-3.8485195290971,-1.66766051837892,1.28827029462283,3.07107798089352
"real_house_price_growth","policy_rate",11,2.27503314051321,0.917919284274663,-1.21992265967735,-0.269268067821367,3.07190035382627,6.86494667560205
"real_house_price_growth","policy_rate",12,0.982368274399961,0.22648517779386,-1.89282328883094,-0.822499370670465,1.73211799908094,4.23600432496689
"real_house_price_growth","policy_rate",13,0.0337606362446985,-0.0697278840067883,-2.57794698638421,-1.15565546030975,0.965784395374914,2.46222851886262
"real_house_price_growth","policy_rate",14,-0.986221286108801,-0.489499594338559,-3.91940817557775,-1.88313037606343,0.341075777656002,1.21609734251436
"real_house_price_growth","policy_rate",15,0.80013850040159,0.309714189678343,-1.53873221738986,-0.570443082631878,1.50360584237943,3.47823756011557
"real_house_price_growth","policy_rate",16,0.0750207838984972,-0.0595363322806934,-2.13020168259046,-0.948181962701578,0.818159592147865,2.13016526982462
"real_house_price_growth","policy_rate",17,-0.218040047867547,-0.0857869943366335,-2.39617300036508,-1.02478529417605,0.670101711766036,1.71056319642794
"real_house_price_growth","policy_rate",18,-0.920834988444748,-0.391128911901896,-3.40389153465864,-1.54289998480739,0.23876150782454,0.852983145396283
"real_house_price_growth","policy_rate",19,0.368506558759597,0.174292656812934,-1.48998634064577,-0.557998213766303,1.03090979142688,2.45054526785326
"real_house_price_growth","policy_rate",20,-0.106937572800992,-0.0854903593563787,-1.93166731947859,-0.845533108695029,0.590735856678634,1.56236335280221
"real_house_price_growth","policy_rate",21,-0.117020461930647,-0.0363136715386659,-1.93375726364507,-0.787709430580486,0.610249973415681,1.55559719200282
"real_house_price_growth","interest_burden",1,9.7654363974453,-0.601325250400836,-24.945010920937,-7.56935040027687,6.42385011405164,22.8349339842438
"real_house_price_growth","interest_burden",2,0.61852604877134,-0.963413656428152,-16.2654041542205,-5.48682311566275,3.61044639251907,14.4287335825734
"real_house_price_growth","interest_burden",3,8.90595437133897,0.861263132920405,-19.0393561086578,-5.00768711972636,6.72680358777057,20.9330273748165
"real_house_price_growth","interest_burden",4,-0.619114129195072,0.576436748755164,-13.8409412992352,-3.68180433830444,4.91500760683382,15.6640968220844
"real_house_price_growth","interest_burden",5,2.45589874900438,-0.132065997134475,-14.3031730879152,-4.34793729967562,4.15494655715847,14.6804147268538
"real_house_price_growth","interest_burden",6,-0.258855762619548,-0.547790141867263,-12.3549416984277,-3.85797112004336,2.81624407923567,11.7042864631872
"real_house_price_growth","interest_burden",7,1.04711053438504,0.511232806774666,-11.8271457508747,-3.05519374279025,4.01584734983793,12.7242259255347
"real_house_price_growth","interest_burden",8,-1.68852406722407,0.379914433738188,-9.04836503454815,-2.2451961508161,3.02390689127615,9.66418984488372
"real_house_price_growth","interest_burden",9,-2.41037547502566,-0.065158768517942,-7.64228025374694,-2.24468603045143,2.02953214941458,7.36837671916454
"real_house_price_growth","interest_burden",10,-3.92557911959846,-0.38598134379833,-7.30231223169429,-2.33131371200551,1.58199629616724,6.44842870729833
"real_house_price_growth","interest_burden",11,-2.07694221710868,0.288094414276085,-7.17355444181769,-1.7938834965303,2.35351188048587,7.39664640263689
"real_house_price_growth","interest_burden",12,-3.20859982567538,0.223471109131896,-6.08208060526013,-1.56388854909211,2.02393214066994,6.29870683581512
"real_house_price_growth","interest_burden",13,-1.70864364679402,-0.00503593676925944,-5.80752801355869,-1.55479231511154,1.53677926118584,5.33854699534666
"real_house_price_growth","interest_burden",14,-2.9140218552398,-0.230827945347579,-5.83834049562594,-1.76790891184693,1.29794697224966,5.31708121639331
"real_house_price_growth","interest_burden",15,-1.37136179710566,0.191952496085457,-5.20051712803488,-1.25092497174421,1.64078321108558,5.3710935496283
"real_house_price_growth","interest_burden",16,-2.1949679961255,0.145898148754941,-4.94417295282845,-1.17712621004652,1.51027154446326,5.27991325878516
"real_house_price_growth","interest_burden",17,-0.953587866754944,0.0415753257292897,-4.70539155582682,-1.22450558204123,1.30142335157393,4.82356589856241
"real_house_price_growth","interest_burden",18,-1.77956305112362,-0.132516253210383,-4.69532309918613,-1.41063583185048,1.1164111175915,4.61988003420816
"real_house_price_growth","interest_burden",19,-0.857156395527462,0.14146734302302,-4.0681309232907,-0.977869104644514,1.28163617691154,4.37115395656022
"real_house_price_growth","interest_burden",20,-1.62387568984867,0.0942377038958959,-3.88126682772439,-0.970333841285655,1.18321090247711,4.19622523904686
"real_house_price_growth","interest_burden",21,-0.811657195848478,0.0545026645529398,-3.78083661658731,-0.963216520095375,1.06715081797435,3.83981149258651
"real_house_price_growth","debt_growth",1,-1.14476721898845,0.141777455672154,-29.1954734069336,-8.17103979145688,8.25907253691987,27.8000427067327
"real_house_price_growth","debt_growth",2,-1.14106851576743,0.643522820932243,-18.6269362665081,-4.77737726227598,6.03773631076073,19.1684165994926
"real_house_price_growth","debt_growth",3,-2.63601755571339,-0.379838142634124,-23.2417162333209,-7.28368041689123,6.34472346475811,22.8071463372121
"real_house_price_growth","debt_growth",4,-0.526933729199426,0.810349898376615,-15.8873817169091,-4.09686973510399,5.56805891980124,16.7574447665139
"real_house_price_growth","debt_growth",5,-0.667748395446086,0.358390926407589,-16.6930403898907,-4.4220789633059,4.96040695534098,16.6719103148285
"real_house_price_growth","debt_growth",6,-0.0450769544599056,0.377949760870703,-13.3302861697981,-3.55939819298246,4.2373671079263,13.8221834305629
"real_house_price_growth","debt_growth",7,-0.625799229602061,-0.526389431350479,-14.3679703933694,-4.62852923233833,3.49874152444912,13.2584647928045
"real_house_price_growth","debt_growth",8,0.491097166968104,0.17549936269701,-10.7494568801235,-2.96501119033872,3.3060422790811,10.7273204642265
"real_house_price_growth","debt_growth",9,0.143535356416495,-0.141877209089555,-8.53448083204225,-2.54666294947104,2.23506911291831,8.05919343306343
"real_house_price_growth","debt_growth",10,0.483779916789619,0.0407523089371768,-8.15552527109754,-2.33954580424333,2.37007982187038,8.23590898995746
"real_house_price_growth","debt_growth",11,-0.23614908541011,-0.489712747866838,-8.23922002087667,-2.7696006887425,1.70798009498047,7.26670904073204
"real_house_price_growth","debt_growth",12,0.346217193290133,0.0414426434622576,-7.33881219184017,-2.10558577921052,2.08247011477508,7.31000487110002
"real_house_price_growth","debt_growth",13,-0.0267469289255565,-0.167156208341498,-6.40878364713427,-1.91190885745695,1.53560206107583,5.81216470565848
"real_house_price_growth","debt_growth",14,0.228610386032792,0.0691924210609708,-6.35081994070436,-1.74201606172782,1.82650521089756,6.18597893832676
"real_house_price_growth","debt_growth",15,-0.283754173531781,-0.314937066951924,-6.03900750907711,-1.9125318433961,1.22975410567804,5.17782780516972
"real_house_price_growth","debt_growth",16,0.173572607444336,0.0742728570828498,-5.59082331628645,-1.50560269645138,1.58839746798003,5.5076949063582
"real_house_price_growth","debt_growth",17,0.037884259406875,-0.120128118599775,-5.21270403490836,-1.58741357124345,1.28063457153736,4.72266649004033
"real_house_price_growth","debt_growth",18,0.309665879302872,0.0935134073805993,-5.11399734434448,-1.35830681521767,1.48810145014652,5.0433205537504
"real_house_price_growth","debt_growth",19,-0.0195585807234966,-0.205331913464037,-4.70049487719101,-1.50976396325522,1.0005398720964,4.1805939752838
"real_house_price_growth","debt_growth",20,0.305823080684043,0.0701168146642225,-4.33629387397843,-1.17497103465385,1.26834450351592,4.42404725923508
"real_house_price_growth","debt_growth",21,0.218806803636698,-0.0961850886072586,-4.24926183130978,-1.28526692497033,1.04326254565565,3.92336642422903
"real_house_price_growth","real_house_price_growth",1,1,1,1,1,1,1
"real_house_price_growth","real_house_price_growth",2,1.55314565782719,0.48274498142853,-2.61940742591301,-0.384051214445987,1.34240574226536,3.49059365858395
"real_house_price_growth","real_house_price_growth",3,1.4444842714688,0.215402092752121,-4.99811689110109,-1.28585511879404,1.66582914759557,5.16756723539834
"real_house_price_growth","real_house_price_growth",4,2.00897387106518,0.151381679448723,-3.61008098911099,-0.946717818218054,1.25343590913613,3.95939145810752
"real_house_price_growth","real_house_price_growth",5,1.22161043618036,0.248389952468678,-3.00645000449024,-0.695039131656944,1.22419632548657,3.58100085315085
"real_house_price_growth","real_house_price_growth",6,0.229198222196234,0.0358258064987898,-2.96509068179571,-0.824739226529235,0.931480561774284,3.24220030337582
"real_house_price_growth","real_house_price_growth",7,0.428342186445474,-0.125896167423956,-3.21185557493302,-1.01796059326237,0.757698050101823,2.96630963335745
"real_house_price_growth","real_house_price_growth",8,0.403306907456922,-0.148229021271828,-2.37229481169561,-0.792205370267779,0.479773072247354,2.14521168786049
"real_house_price_growth","real_house_price_growth",9,0.165315675347046,-0.0273630187318995,-1.86605709852741,-0.573645795444252,0.504379186031462,1.85627300246245
"real_house_price_growth","real_house_price_growth",10,-0.61095764295404,-0.0889733365602761,-1.82434590412741,-0.603278244193454,0.41275567530962,1.70955599516605
"real_house_price_growth","real_house_price_growth",11,-0.282068439512926,-0.117970257293417,-1.85584618252996,-0.631735792390829,0.364478526600821,1.57797592709979
"real_house_price_growth","real_house_price_growth",12,-0.369695203996882,-0.098963725206359,-1.5984465508027,-0.541935056416817,0.315702226043439,1.40129716589321
"real_house_price_growth","real_house_price_growth",13,-0.328263309403412,0.0110398167913853,-1.34332943999197,-0.394058039957164,0.388804808452998,1.39033085270483
"real_house_price_growth","real_house_price_growth",14,-0.665566019932874,-0.0156603259388732,-1.42254853552255,-0.42800855526727,0.380274569665142,1.4245925078279
"real_house_price_growth","real_house_price_growth",15,-0.0903224461683484,-0.0218934266885302,-1.39632063684952,-0.416378326111404,0.339211238077496,1.26477412612884
"real_house_price_growth","real_house_price_growth",16,0.0267254304701976,-0.0199489959283424,-1.23741181201161,-0.368738979592138,0.31738750917637,1.16329060897938
"real_house_price_growth","real_house_price_growth",17,0.368358215171553,0.0458785778659606,-1.03939438830209,-0.267287841790907,0.351950596806477,1.13009403839479
"real_house_price_growth","real_house_price_growth",18,0.201118956893328,0.0205015425019065,-1.08913383267878,-0.292742609448458,0.340570854777066,1.19052444598012
"real_house_price_growth","real_house_price_growth",19,0.705904484220524,0.0123524263384845,-1.03750401910267,-0.283942121547293,0.305495115180616,1.06137136893419
"real_house_price_growth","real_house_price_growth",20,0.619693986365839,0.00265454324366753,-0.943174243916364,-0.268528291488082,0.279504819739124,0.979901894957205
"real_house_price_growth","real_house_price_growth",21,0.82024571916678,0.0402592731643855,-0.827014304577328,-0.209325559555668,0.297843172202152,0.945035437994924
"real_house_price_growth","asset_liability_ratio",1,29.7385285718528,0.344814900061864,-78.2656773609535,-21.8025611702787,22.6645800751617,76.8299391089507
"real_house_price_growth","asset_liability_ratio",2,18.5008260559555,3.98687473159803,-41.510916754728,-9.21589145936484,17.3533519866474,48.2029914148725
"real_house_price_growth","asset_liability_ratio",3,4.35336339323917,5.71246386954169,-48.7348364755918,-9.76502311479911,21.0614830992215,57.5049556844723
"real_house_price_growth","asset_liability_ratio",4,18.7813870196195,2.4998863894442,-42.676414483694,-10.6359755276227,15.1836308923012,45.3222635368914
"real_house_price_growth","asset_liability_ratio",5,13.3756295960789,0.884448687628162,-44.5052475183059,-12.3588674100072,13.79048483328,44.3281881612299
"real_house_price_growth","asset_liability_ratio",6,-0.152333821040058,0.312312549124829,-37.11468455659,-10.5819753435762,10.989091723153,36.8731956448897
"real_house_price_growth","asset_liability_ratio",7,-1.66284255223999,0.230198481000396,-38.2329361036493,-11.0849240984725,11.4769530737726,37.6296825442379
"real_house_price_growth","asset_liability_ratio",8,1.43543249029852,-1.38326707592133,-29.2405487913445,-9.38996027119615,6.53664266413399,25.5802789738084
"real_house_price_growth","asset_liability_ratio",9,-1.58842651146869,-1.44814080010932,-22.5317396198442,-7.46717647293818,4.50206928223405,18.3825100168469
"real_house_price_growth","asset_liability_ratio",10,-5.37840082863712,-1.03689934102817,-22.3969493154345,-7.25502633143603,4.92099588384637,19.1126054694643
"real_house_price_growth","asset_liability_ratio",11,-4.89706231713081,-0.569042606669492,-23.846426889505,-7.21636365728928,5.79880671830307,21.5142371350215
"real_house_price_growth","asset_liability_ratio",12,-3.21310562673212,-0.90888459333392,-20.1171114239887,-6.46737548341111,4.4010053858029,16.9084303278036
"real_house_price_growth","asset_liability_ratio",13,-5.01831831559773,-0.664105797968761,-17.2779055631595,-5.34237322493003,3.8361888754938,14.7042964461671
"real_house_price_growth","asset_liability_ratio",14,-6.49148336810113,-0.265706906098188,-17.5973899642956,-5.14963350692997,4.53833452431966,16.8032017739363
"real_house_price_growth","asset_liability_ratio",15,-6.32570102617375,0.134104523169567,-16.337788130344,-4.41301286668383,4.63394463282129,15.7087523368038
"real_house_price_growth","asset_liability_ratio",16,-5.2176751413917,-0.138931088802331,-15.035658513298,-4.35367105573457,4.0652209422081,14.9481037122428
"real_house_price_growth","asset_liability_ratio",17,-6.25344917264284,-0.0401493658558677,-14.0132354166304,-3.86970525029073,3.94329049721289,13.8027302891105
"real_house_price_growth","asset_liability_ratio",18,-6.2918215724954,0.0961267313328772,-13.7386336776212,-3.78772955058788,4.12224918320561,14.0482945637932
"real_house_price_growth","asset_liability_ratio",19,-5.77514246381776,0.322837116657437,-12.0397780507843,-3.13789106317875,3.90279679093254,12.6229665196541
"real_house_price_growth","asset_liability_ratio",20,-4.12292182880725,0.0455837586954237,-11.3818645875882,-3.2482160039851,3.48706859979354,11.9625849048389
"real_house_price_growth","asset_liability_ratio",21,-4.15136732754687,0.0771702379745776,-11.2857210865551,-3.02087877876717,3.30905559406938,11.0786618503706
"asset_liability_ratio","gdp_growth",1,0.468623118424541,0.00743518957217306,-0.454272487237714,-0.125974984983915,0.141648745471585,0.464366934587306
"asset_liability_ratio","gdp_growth",2,0.677764211620374,-0.000484418390159741,-0.435674823671376,-0.125948111240161,0.125708704779669,0.427711481591623
"asset_liability_ratio","gdp_growth",3,0.644795416074244,-0.00118779599122407,-0.438057961166495,-0.130210581989743,0.12609756964243,0.434471856190379
"asset_liability_ratio","gdp_growth",4,0.641557539237591,-0.00678536180475653,-0.434058598334064,-0.133120565249938,0.117705413288688,0.42086275787212
"asset_liability_ratio","gdp_growth",5,0.56659758513267,-0.00887953085429449,-0.439847015877583,-0.135202268973635,0.116644189953459,0.418043064259254
"asset_liability_ratio","gdp_growth",6,0.452452653005153,-0.00869529600322014,-0.42401160206308,-0.131088816741019,0.112810918203824,0.40401575324169
"asset_liability_ratio","gdp_growth",7,0.432900659549066,-0.00919851095216833,-0.405119910792209,-0.125561590413041,0.10837192488681,0.39736788129967
"asset_liability_ratio","gdp_growth",8,0.370279289197208,-0.00911074227800946,-0.38696482135117,-0.118536366357665,0.10170897212947,0.374555543193507
"asset_liability_ratio","gdp_growth",9,0.341559391360047,-0.00774110036258339,-0.381690084702846,-0.115609181914968,0.102534551700036,0.371926106519011
"asset_liability_ratio","gdp_growth",10,0.353813389244233,-0.0062229547917298,-0.375379323248703,-0.113004640694964,0.102253095612521,0.365719515607929
"asset_liability_ratio","gdp_growth",11,0.364670805464779,-0.00570534585806101,-0.366571957449047,-0.109812749330059,0.10047880116033,0.35721612852116
"asset_liability_ratio","gdp_growth",12,0.366247628546339,-0.00536082975623304,-0.360243833960978,-0.106877161717987,0.0987404881445913,0.347456341705453
"asset_liability_ratio","gdp_growth",13,0.365764634108408,-0.00434072401918699,-0.366086372537762,-0.107542582852465,0.101215134800067,0.352422421614043
"asset_liability_ratio","gdp_growth",14,0.376313062540197,-0.00398813526875209,-0.373334572531517,-0.107437386117203,0.101970681999319,0.354879832632353
"asset_liability_ratio","gdp_growth",15,0.371798929210867,-0.00428185043502691,-0.371522828894583,-0.107224154298443,0.100980672577535,0.350860165240064
"asset_liability_ratio","gdp_growth",16,0.352368486669158,-0.00432899193523015,-0.368388575797601,-0.107361636287674,0.100135953838045,0.351965272403571
"asset_liability_ratio","gdp_growth",17,0.328547916257101,-0.00429819068332534,-0.374182123482905,-0.108037139680673,0.101440692955535,0.357533125421755
"asset_liability_ratio","gdp_growth",18,0.31156357146453,-0.00432724019338997,-0.376633137063609,-0.108945525683526,0.101799440627347,0.363105254212237
"asset_liability_ratio","gdp_growth",19,0.288292217332677,-0.00488788891962755,-0.377401574208946,-0.109816012031364,0.101887046064023,0.359170199896518
"asset_liability_ratio","gdp_growth",20,0.260438374791497,-0.00540430111917905,-0.375376483532332,-0.1099298378965,0.10095991563012,0.359104978385795
"asset_liability_ratio","gdp_growth",21,0.235526641731466,-0.00562477090132779,-0.382500902185071,-0.110874718903922,0.102105519763328,0.362696033631415
"asset_liability_ratio","consumption_growth",1,-5.32995111095118,0.00546108186143461,-0.506126272858405,-0.141939897825919,0.154360359854223,0.530453012357207
"asset_liability_ratio","consumption_growth",2,-4.37169478371879,0.00168697352149447,-0.485320031918471,-0.137464166274939,0.140729341365758,0.503631039640061
"asset_liability_ratio","consumption_growth",3,-4.52469820420251,-0.00417527033389174,-0.498071727788728,-0.14564916231081,0.138083940396526,0.504642817777554
"asset_liability_ratio","consumption_growth",4,-4.71739384627451,-0.014845766303849,-0.491659037732773,-0.150575063091373,0.123928676688136,0.478997174664182
"asset_liability_ratio","consumption_growth",5,-3.61284515029403,-0.0202045643978372,-0.487871801006486,-0.153289251855692,0.116679326320493,0.465307497770891
"asset_liability_ratio","consumption_growth",6,-3.44354522319818,-0.0191522111138959,-0.474114727761866,-0.149982745174044,0.112359449174421,0.456442038744674
"asset_liability_ratio","consumption_growth",7,-3.50594010786793,-0.018941741106592,-0.452415277680439,-0.145255303293798,0.107040252786943,0.434015600035137
"asset_liability_ratio","consumption_growth",8,-3.21145225404208,-0.0191173116420975,-0.423759905257696,-0.138217920436214,0.099399799612052,0.404520043843439
"asset_liability_ratio","consumption_growth",9,-3.14927484560494,-0.0172129693210343,-0.420385832730064,-0.136229206265398,0.0999810457364006,0.402973799707622
"asset_liability_ratio","consumption_growth",10,-2.81236611115059,-0.0144492018032421,-0.412807553498929,-0.133772841404198,0.101556515486172,0.40970244787245
"asset_liability_ratio","consumption_growth",11,-2.86337442810649,-0.0131133263274454,-0.403392015873233,-0.129923556234014,0.100061379765037,0.401588723356508
"asset_liability_ratio","consumption_growth",12,-2.95340872200179,-0.0124497773993765,-0.39687923543132,-0.125484804097879,0.0987510402344457,0.39219524538855
"asset_liability_ratio","consumption_growth",13,-2.87152426882932,-0.0109868460423798,-0.401393880391142,-0.125717874338471,0.101137629092276,0.401395190174115
"asset_liability_ratio","consumption_growth",14,-2.89339739919671,-0.00959465649019634,-0.403064593731791,-0.125484430726875,0.10420358762684,0.408693995552145
"asset_liability_ratio","consumption_growth",15,-2.87899403763255,-0.00929865615762611,-0.403999620868607,-0.124808492867044,0.104815924566033,0.407028526578776
"asset_liability_ratio","consumption_growth",16,-3.03524626409591,-0.00933363209419289,-0.402081564678219,-0.124121660340348,0.104108148297514,0.403399249708274
"asset_liability_ratio","consumption_growth",17,-2.99732255005756,-0.00928543332486749,-0.408236771687999,-0.125738583109725,0.105121004055811,0.409186309934938
"asset_liability_ratio","consumption_growth",18,-3.04237786015457,-0.00856777153911986,-0.411637779196565,-0.126375902600796,0.107381982016924,0.41362022528631
"asset_liability_ratio","consumption_growth",19,-3.05406865669576,-0.00865905366981163,-0.417382675130684,-0.126711090598866,0.106919558471235,0.414874597957582
"asset_liability_ratio","consumption_growth",20,-3.16563656903037,-0.00898705687537445,-0.415661912983741,-0.126880895872437,0.106885436611135,0.41393792084859
"asset_liability_ratio","consumption_growth",21,-3.13153919322851,-0.00915489380932182,-0.417293834235322,-0.128362200170041,0.107675036147137,0.415347947862997
"asset_liability_ratio","cpi_growth",1,0.138463077956221,-0.00908650196550138,-1.26429809856911,-0.376657957233183,0.353277330401148,1.25076067054369
"asset_liability_ratio","cpi_growth",2,0.289439350683703,-0.0344119443963047,-1.22502836964281,-0.371083184410966,0.304653914269003,1.15986510014331
"asset_liability_ratio","cpi_growth",3,0.481908637838051,-0.0503028550630439,-1.25267006024035,-0.388592242777902,0.29258007384735,1.14605218316451
"asset_liability_ratio","cpi_growth",4,0.276316202085394,-0.0558413929756873,-1.20146805639795,-0.38653116851376,0.275011395113627,1.08257274360781
"asset_liability_ratio","cpi_growth",5,0.0832508846240543,-0.06479870818644,-1.22308773494646,-0.391548562305768,0.262431770935906,1.07213816416286
"asset_liability_ratio","cpi_growth",6,0.0601210747725407,-0.0632694029454525,-1.20366168551752,-0.380483160549946,0.25466629833321,1.04513163457244
"asset_liability_ratio","cpi_growth",7,0.0513724911779134,-0.0584747326815458,-1.14827712510251,-0.368773174429502,0.2476663586563,1.00913549934682
"asset_liability_ratio","cpi_growth",8,-0.0468513600365591,-0.0455650832680246,-1.10096627707371,-0.34283319467385,0.248409662316426,0.971950292426105
"asset_liability_ratio","cpi_growth",9,-0.129885692905347,-0.0381008386743014,-1.09083556125629,-0.340609990985241,0.252105628476557,0.977633418485842
"asset_liability_ratio","cpi_growth",10,-0.140328236975491,-0.0301443428544726,-1.08394043149413,-0.333593071697816,0.256406547629949,0.962540937254744
"asset_liability_ratio","cpi_growth",11,-0.155028515467719,-0.0223883365706409,-1.07568448374905,-0.317635423997726,0.260317146720505,0.939658314037319
"asset_liability_ratio","cpi_growth",12,-0.210888839956522,-0.0114327674707795,-1.04289983032785,-0.301421713341503,0.265071737001449,0.940689846224894
"asset_liability_ratio","cpi_growth",13,-0.249339917039763,-0.00723963380674222,-1.03430150590532,-0.299142992671946,0.273107296624141,0.952988993302761
"asset_liability_ratio","cpi_growth",14,-0.247620740011777,-0.00266148754066391,-1.03689971928311,-0.294634552925814,0.280581825370632,0.956183426401797
"asset_liability_ratio","cpi_growth",15,-0.24714549792137,0.000806026547919518,-1.0271553636206,-0.290172477047122,0.28392915775039,0.961991941991504
"asset_liability_ratio","cpi_growth",16,-0.282392720453491,0.0058675594953672,-1.00916537277468,-0.283455251838575,0.290006046737375,0.958913348709186
"asset_liability_ratio","cpi_growth",17,-0.304715883534201,0.00708525191974478,-1.02739894819962,-0.28631291295605,0.295136957964903,0.981690822545975
"asset_liability_ratio","cpi_growth",18,-0.297744553972653,0.00922319286405537,-1.03234906613246,-0.287585805972049,0.297669672811901,0.985471655512209
"asset_liability_ratio","cpi_growth",19,-0.286349475272499,0.00940147654961423,-1.03775435695113,-0.289621071900976,0.301308590199206,0.989935181990979
"asset_liability_ratio","cpi_growth",20,-0.305774115458256,0.0116126854150554,-1.04583582200572,-0.283642227948386,0.303212769204867,0.997133139377354
"asset_liability_ratio","cpi_growth",21,-0.315104238671164,0.0111796683219955,-1.05642206766712,-0.285943764484096,0.304752705463526,1.00176179592801
"asset_liability_ratio","saving_rate",1,0.0210524087457001,-0.00304364311591011,-0.452495326930077,-0.131036615333821,0.131044293336406,0.469664172771322
"asset_liability_ratio","saving_rate",2,0.0152059193585925,-0.00380482260429384,-0.43572423365717,-0.125633989817675,0.123094386686105,0.426735311282022
"asset_liability_ratio","saving_rate",3,-0.0308875707179299,-0.00449171722604241,-0.437735141424077,-0.126990663042821,0.12273624959355,0.432004738841878
"asset_liability_ratio","saving_rate",4,-0.0548592315653696,-0.00396106392253117,-0.43046902426528,-0.12459903168702,0.121519349683464,0.430115165454642
"asset_liability_ratio","saving_rate",5,-0.0707221369669489,-0.00428298955372479,-0.438837467699139,-0.125304874077771,0.122032894162047,0.428190701546969
"asset_liability_ratio","saving_rate",6,-0.0941965662891522,-0.0046013219926476,-0.431043710100767,-0.122210356968274,0.117510481665877,0.42389578484963
"asset_liability_ratio","saving_rate",7,-0.120169815127132,-0.00471884910242381,-0.407975635329234,-0.118812289902713,0.114112305520522,0.411345998958621
"asset_liability_ratio","saving_rate",8,-0.118242227030649,-0.00415819932098301,-0.387497304669188,-0.111564784389922,0.107019126806515,0.394203308068284
"asset_liability_ratio","saving_rate",9,-0.113762093184914,-0.00380868434367146,-0.383249232020115,-0.109819248622612,0.106514657303067,0.385909579540164
"asset_liability_ratio","saving_rate",10,-0.114291028397919,-0.00351343234717674,-0.380699830456763,-0.108777155974222,0.105078610318052,0.379006875918742
"asset_liability_ratio","saving_rate",11,-0.106124263422512,-0.00257530856783564,-0.369271238291127,-0.106068196729963,0.102233607566942,0.368445697983123
"asset_liability_ratio","saving_rate",12,-0.0959352641478166,-0.00161927164983898,-0.358693134171177,-0.102554807876842,0.0995953762157454,0.362438070222594
"asset_liability_ratio","saving_rate",13,-0.0864507810468075,-0.000762448349228242,-0.362923858238492,-0.103826284072166,0.101259858612537,0.365758013714926
"asset_liability_ratio","saving_rate",14,-0.0764946112898069,-0.000265202959886397,-0.367477784701423,-0.103812316837052,0.102066059604741,0.369477201069935
"asset_liability_ratio","saving_rate",15,-0.0685378566515603,0.000480095058638139,-0.364819874458641,-0.102860376058256,0.102683878257049,0.370201508279457
"asset_liability_ratio","saving_rate",16,-0.0591227789729867,0.00128765896399503,-0.363050970681381,-0.101771409733481,0.102775038142291,0.364849632753033
"asset_liability_ratio","saving_rate",17,-0.0508412736887082,0.00201836662219968,-0.364871707650658,-0.101847441620846,0.104280880416422,0.371839721708687
"asset_liability_ratio","saving_rate",18,-0.0432415515542808,0.00247574648801191,-0.366351198992427,-0.10221873898433,0.104976598051292,0.374823731341839
"asset_liability_ratio","saving_rate",19,-0.0384074569189257,0.00306374038853265,-0.367666298284307,-0.102548702125942,0.10626860002395,0.379622463040132
"asset_liability_ratio","saving_rate",20,-0.0331597565269919,0.00384538499615219,-0.364631751698304,-0.10150827407561,0.106992509664459,0.377646310259422
"asset_liability_ratio","saving_rate",21,-0.0293441401601389,0.00462523224494715,-0.370569513151101,-0.101633575505856,0.107583456738763,0.380108434826726
"asset_liability_ratio","policy_rate",1,-0.233749540284385,-0.0539445916820735,-1.24589921646167,-0.528955895688483,0.336071402256911,0.809234809340653
"asset_liability_ratio","policy_rate",2,-0.141633724831455,0.00591975094426728,-1.04434592169449,-0.416459949851297,0.377582198361668,0.83543958818223
"asset_liability_ratio","policy_rate",3,-0.0634996429157139,0.0214586920135602,-0.941994750930021,-0.380417830501691,0.416100763575703,0.928011649363418
"asset_liability_ratio","policy_rate",4,-0.0908208157199303,0.0132209273370151,-0.971139123089044,-0.38884189396766,0.393128440429379,0.864415535734461
"asset_liability_ratio","policy_rate",5,-0.013233307053449,0.0569901773572932,-0.880668574464995,-0.33511369303955,0.45197708152845,0.95561163137471
"asset_liability_ratio","policy_rate",6,0.100409490530942,0.0982322851514199,-0.716436288546559,-0.259843706599836,0.50927913168432,1.07334147216001
"asset_liability_ratio","policy_rate",7,0.144623499744687,0.113030498103003,-0.639259963733359,-0.225786728173369,0.524794400115651,1.09719579967012
"asset_liability_ratio","policy_rate",8,0.10234373506938,0.0923765216823471,-0.651656363453197,-0.236938926362569,0.476635019972834,0.99607381000084
"asset_liability_ratio","policy_rate",9,0.119564220142119,0.0964201864546789,-0.624405700798159,-0.226437579599757,0.480452105452434,1.00800889076569
"asset_liability_ratio","policy_rate",10,0.154282144256564,0.105378703484396,-0.582844752328188,-0.210467914424668,0.499250085448134,1.03777505050189
"asset_liability_ratio","policy_rate",11,0.157597516274714,0.100913529018413,-0.563820000762293,-0.205850016600858,0.483914137523432,1.0203140188711
"asset_liability_ratio","policy_rate",12,0.110497227645916,0.0788334504955543,-0.603043347337091,-0.226895877447054,0.44213467554663,0.949606707591471
"asset_liability_ratio","policy_rate",13,0.10771734371926,0.0754298987361797,-0.609731084644397,-0.230751412483989,0.43859486581447,0.942187952522941
"asset_liability_ratio","policy_rate",14,0.117652496445172,0.0774613144045196,-0.607984964330922,-0.226076289016059,0.443789786279781,0.953350097853998
"asset_liability_ratio","policy_rate",15,0.117517990030662,0.0748235072818406,-0.606885424694519,-0.226728839221435,0.440209759043333,0.955060660474302
"asset_liability_ratio","policy_rate",16,0.0859054521404702,0.0609989608543952,-0.641703154666978,-0.242238007221493,0.412333074571709,0.902890477449018
"asset_liability_ratio","policy_rate",17,0.0843452000914087,0.0594038213125409,-0.648202024553497,-0.24594508320899,0.41364141741086,0.907108607791018
"asset_liability_ratio","policy_rate",18,0.0897360855713977,0.0606427603509613,-0.647951204152047,-0.2450433182347,0.417670754249847,0.91373570704781
"asset_liability_ratio","policy_rate",19,0.0934323207323453,0.0605672206684749,-0.639243152307948,-0.243757738315473,0.420432302234985,0.919239803451967
"asset_liability_ratio","policy_rate",20,0.0752830812432816,0.0528286962657909,-0.657369853119894,-0.25336765118464,0.401381330783749,0.891830138472012
"asset_liability_ratio","policy_rate",21,0.0770659706779231,0.0522393254157952,-0.660112717696049,-0.253483115140918,0.403444543736749,0.892570366293395
"asset_liability_ratio","interest_burden",1,-0.0953547369287543,0.0254960792819745,-2.02713913522232,-0.57088625992078,0.612765470763526,2.06911627843321
"asset_liability_ratio","interest_burden",2,-0.221159695373868,0.0498314510769851,-1.85213456184478,-0.510756206717346,0.606067995310783,1.95237566871727
"asset_liability_ratio","interest_burden",3,-0.0825405004897773,0.0612816705500187,-1.85353701162125,-0.501682949911071,0.611645057122003,1.96800536223713
"asset_liability_ratio","interest_burden",4,0.226514453787413,0.0312754567708112,-1.88973427615879,-0.523335269885516,0.590354810810776,1.98181666814274
"asset_liability_ratio","interest_burden",5,0.288704688705358,0.0312216724392349,-1.90212936432878,-0.53166935890804,0.595105251658818,1.98388225737594
"asset_liability_ratio","interest_burden",6,0.118824751920914,0.0460805901749854,-1.82385944111892,-0.49875164052675,0.59279004319796,1.94090376606325
"asset_liability_ratio","interest_burden",7,-0.00494651884678379,0.0487838256707317,-1.75390587590581,-0.473898012212367,0.573386707077166,1.88017869238442
"asset_liability_ratio","interest_burden",8,-0.110691306067462,0.0327666865440387,-1.6969028476514,-0.464306684339018,0.52780337177081,1.77331379256995
"asset_liability_ratio","interest_burden",9,-0.104926313680515,0.0324412086289094,-1.68851795233304,-0.458811946618196,0.517737451998352,1.77262212952709
"asset_liability_ratio","interest_burden",10,-0.183280889945608,0.0402938654744997,-1.64554974030671,-0.437362941668739,0.519173161927123,1.75770607293553
"asset_liability_ratio","interest_burden",11,-0.222654142791654,0.0435619503194856,-1.57580755228776,-0.428139963164328,0.509168877520332,1.70841262529286
"asset_liability_ratio","interest_burden",12,-0.309185255799089,0.0337579081014467,-1.55174680778686,-0.429440590215732,0.49044354094905,1.65768393917687
"asset_liability_ratio","interest_burden",13,-0.320255635723165,0.0311609837517009,-1.58501939708845,-0.433299066028585,0.492407331640877,1.69839765639642
"asset_liability_ratio","interest_burden",14,-0.366675616312599,0.0360784128746046,-1.60676918361831,-0.432044450704544,0.501870166322462,1.70509546672522
"asset_liability_ratio","interest_burden",15,-0.384467419499007,0.0398147445057388,-1.62392743956015,-0.427503408867978,0.503944731952013,1.69519226074619
"asset_liability_ratio","interest_burden",16,-0.429941611283324,0.0330525286942169,-1.6197502504231,-0.433410948638723,0.497436652829859,1.707631267731
"asset_liability_ratio","interest_burden",17,-0.449233975979624,0.0308891462203109,-1.63594239158707,-0.437546568636536,0.503157327100184,1.71556697324842
"asset_liability_ratio","interest_burden",18,-0.486178206803846,0.0336273041490838,-1.63949731350609,-0.438977005291806,0.509313131791301,1.72928941989423
"asset_liability_ratio","interest_burden",19,-0.505676447589534,0.0355621434562288,-1.64586570251517,-0.437065174890874,0.511996026738983,1.72344153066291
"asset_liability_ratio","interest_burden",20,-0.536716341606229,0.0312361979247039,-1.65296556758028,-0.440587617655497,0.508305243227968,1.73387675317885
"asset_liability_ratio","interest_burden",21,-0.553698303099802,0.0291352700225568,-1.66640614634438,-0.446126176390838,0.51334379638452,1.75783776008949
"asset_liability_ratio","debt_growth",1,-0.279522207575597,-0.0147466606537353,-2.30305618249752,-0.691928211462309,0.661122119643491,2.33902472898774
"asset_liability_ratio","debt_growth",2,-0.207758640140722,0.0169535384068092,-2.11309445795631,-0.620648497684929,0.652287496358945,2.20323546861323
"asset_liability_ratio","debt_growth",3,-0.197789813548289,0.0286222846714611,-2.15472234815554,-0.616987699577331,0.677771784789623,2.26044285410977
"asset_liability_ratio","debt_growth",4,-0.212236515917348,0.00550743183825896,-2.13580432331301,-0.635509052328973,0.651985831797591,2.22676942081476
"asset_liability_ratio","debt_growth",5,-0.260817916169169,-0.0195901678105525,-2.15823346162275,-0.661060330613068,0.635436524085696,2.21005848201209
"asset_liability_ratio","debt_growth",6,-0.238980335944605,-0.0273740338402797,-2.12522344910959,-0.644252619668697,0.605871874531402,2.09150012823907
"asset_liability_ratio","debt_growth",7,-0.254819198487212,-0.034261006039879,-2.03152119098103,-0.626209794449393,0.571559391408502,1.98769558779824
"asset_liability_ratio","debt_growth",8,-0.243693847566278,-0.040227142134053,-1.90211917387949,-0.597930529761396,0.527037562976766,1.88540308934936
"asset_liability_ratio","debt_growth",9,-0.260701375426643,-0.0567778653327574,-1.9059631698291,-0.598783959664111,0.496768887413391,1.82357416570028
"asset_liability_ratio","debt_growth",10,-0.255469321088955,-0.0656936550779183,-1.89170633494325,-0.595780648366773,0.478593292725229,1.7607867415597
"asset_liability_ratio","debt_growth",11,-0.264657220651124,-0.0738708185810041,-1.85182456353455,-0.590640008668989,0.455050984704333,1.69547051218607
"asset_liability_ratio","debt_growth",12,-0.262777333081736,-0.0751431635918122,-1.81181014913368,-0.575488396294379,0.436300248450438,1.67078087321987
"asset_liability_ratio","debt_growth",13,-0.278480125138932,-0.0849203874093488,-1.82267960630776,-0.585105416606637,0.424884428633901,1.64742925593259
"asset_liability_ratio","debt_growth",14,-0.274041455474275,-0.0900591075526788,-1.81623421345774,-0.587529362240699,0.421988957465546,1.64056901978459
"asset_liability_ratio","debt_growth",15,-0.278611813261539,-0.0961277333292253,-1.81140292896427,-0.590735940101261,0.412415756156592,1.6205950367538
"asset_liability_ratio","debt_growth",16,-0.274225267848305,-0.0948351509313412,-1.80446673830545,-0.587377939949292,0.40928588211601,1.60539523969032
"asset_liability_ratio","debt_growth",17,-0.282428039542456,-0.10122328181444,-1.80074969969768,-0.597423842612811,0.406643956120334,1.59858986245298
"asset_liability_ratio","debt_growth",18,-0.275576979722042,-0.103559332880426,-1.79478394246615,-0.601414066273018,0.40644448221177,1.60925370518866
"asset_liability_ratio","debt_growth",19,-0.27753796620944,-0.105871531172863,-1.79185407446195,-0.602826696910205,0.403360583011552,1.61310910816675
"asset_liability_ratio","debt_growth",20,-0.272172073000455,-0.105383651037634,-1.78977527792635,-0.602248712792195,0.400100705301173,1.60687956807524
"asset_liability_ratio","debt_growth",21,-0.278328072179066,-0.109589450447718,-1.81558495112871,-0.604102366748907,0.39622095012782,1.60113151377251
"asset_liability_ratio","real_house_price_growth",1,-0.0161490909325766,0.00329977402274897,-0.523628979249953,-0.149989372564975,0.155460361874107,0.522606879777555
"asset_liability_ratio","real_house_price_growth",2,0.0412103476007377,0.00688206507615077,-0.4905130987179,-0.136802649589584,0.148104372556162,0.484630670286087
"asset_liability_ratio","real_house_price_growth",3,0.0484282224109511,0.00383637080902078,-0.502658024049205,-0.144245625490733,0.149040348969966,0.492834145906895
"asset_liability_ratio","real_house_price_growth",4,0.0172488290861037,0.00620967159888798,-0.487797860922573,-0.138143446682384,0.149233737001298,0.494462411685854
"asset_liability_ratio","real_house_price_growth",5,-0.030347533266055,0.00225923204800106,-0.494856920199054,-0.140751736724216,0.143959015236469,0.493798351694145
"asset_liability_ratio","real_house_price_growth",6,-0.0136950457602485,-0.00538413034584273,-0.485604518129849,-0.144747052433539,0.131364652857248,0.468071951853672
"asset_liability_ratio","real_house_price_growth",7,-0.00422246386508599,-0.00868510869704803,-0.468390345796864,-0.141438596243736,0.123675495767868,0.45235457532623
"asset_liability_ratio","real_house_price_growth",8,-0.0226777390476606,-0.00948091007997089,-0.437324113449934,-0.133978190302456,0.115486951674583,0.427608725634892
"asset_liability_ratio","real_house_price_growth",9,-0.0371608025940959,-0.0127938536590773,-0.430459505669668,-0.134767531815345,0.110580668832327,0.415883337916735
"asset_liability_ratio","real_house_price_growth",10,-0.0570580046760276,-0.0164802330100909,-0.423989712557119,-0.135069944746397,0.104082032750236,0.402937783426973
"asset_liability_ratio","real_house_price_growth",11,-0.0657267152351573,-0.0164870068523269,-0.409177620483866,-0.132910564660597,0.100770154997553,0.389995364581337
"asset_liability_ratio","real_house_price_growth",12,-0.0969296113490571,-0.015630521763474,-0.394600386237395,-0.129017687634878,0.0985780338684175,0.384601758137014
"asset_liability_ratio","real_house_price_growth",13,-0.107728689087285,-0.0156306997866468,-0.40079275045617,-0.129922568000941,0.0988927706512933,0.389512676877856
"asset_liability_ratio","real_house_price_growth",14,-0.120885003386683,-0.0162625613323628,-0.406313886512514,-0.12984035539909,0.0979999608890676,0.39175222987016
"asset_liability_ratio","real_house_price_growth",15,-0.111819577202465,-0.0154528875703457,-0.404263493576016,-0.129780603634379,0.100043534144971,0.394014274550233
"asset_liability_ratio","real_house_price_growth",16,-0.119041680574707,-0.0144358024847265,-0.406495701771016,-0.128773138468427,0.100632658596084,0.393782788529007
"asset_liability_ratio","real_house_price_growth",17,-0.105543958676576,-0.0139552988422725,-0.411307431397973,-0.129693058583865,0.102167298669614,0.40357440419878
"asset_liability_ratio","real_house_price_growth",18,-0.103675136551739,-0.0144575723076769,-0.415455491408211,-0.131160708635526,0.102610530250816,0.406668415980187
"asset_liability_ratio","real_house_price_growth",19,-0.0829548814001996,-0.0138568897639069,-0.416719094121986,-0.131099199839803,0.10356819939814,0.405636184489718
"asset_liability_ratio","real_house_price_growth",20,-0.0851598171215478,-0.0133616518402164,-0.418485154790857,-0.130372932191524,0.104707262713133,0.406304327920127
"asset_liability_ratio","real_house_price_growth",21,-0.0709230883936456,-0.0133543868472655,-0.422357034475662,-0.131365559070407,0.105233075998515,0.413377229250012
"asset_liability_ratio","asset_liability_ratio",1,1,1,1,1,1,1
"asset_liability_ratio","asset_liability_ratio",2,1.56345260252819,0.893040856644137,-0.947287625791968,0.354273376689248,1.43458778560821,2.75079127912442
"asset_liability_ratio","asset_liability_ratio",3,1.91012777859954,0.863548811810065,-1.7155922427871,0.111571471537257,1.60127072090104,3.41149673567741
"asset_liability_ratio","asset_liability_ratio",4,1.49934493688155,0.810105953304941,-2.22629359532217,-0.0694973030132733,1.67836961609341,3.80421381403564
"asset_liability_ratio","asset_liability_ratio",5,0.974413550133399,0.776494726714471,-2.68111322967395,-0.202442101788861,1.75174738609762,4.11613614226551
"asset_liability_ratio","asset_liability_ratio",6,0.674438386928021,0.714202759543241,-2.97287832850452,-0.339638309189468,1.74956700179273,4.32665221409592
"asset_liability_ratio","asset_liability_ratio",7,0.410929873450151,0.656138791110338,-3.11799542352685,-0.405752294957207,1.7197797127287,4.26316882843581
"asset_liability_ratio","asset_liability_ratio",8,0.134403460887084,0.602634567232719,-3.04978743775694,-0.429080158702331,1.63852603447232,4.07984235541854
"asset_liability_ratio","asset_liability_ratio",9,-0.258952673042006,0.586237087672068,-3.06897378280492,-0.436577519843681,1.62059981524155,4.07329116199277
"asset_liability_ratio","asset_liability_ratio",10,-0.572225143743788,0.569485584656028,-3.1016293788202,-0.465410957202217,1.61141201698466,4.13920894642056
"asset_liability_ratio","asset_liability_ratio",11,-0.768469001557323,0.550655459218731,-3.10201307206026,-0.46359166400836,1.57500125920163,4.12033525221115
"asset_liability_ratio","asset_liability_ratio",12,-1.02957183008141,0.531361639387487,-3.01605569513331,-0.461925010862186,1.5377121401327,4.01329062662983
"asset_liability_ratio","asset_liability_ratio",13,-1.32016605173048,0.534896461263692,-3.06738875664041,-0.468580528867265,1.54966998076599,4.06418027722557
"asset_liability_ratio","asset_liability_ratio",14,-1.55880142216092,0.534302238729798,-3.10271569337511,-0.484479306223676,1.56421253927059,4.13829814820385
"asset_liability_ratio","asset_liability_ratio",15,-1.74110222336363,0.525642190705857,-3.08786680474878,-0.500471271341662,1.56717857996566,4.16078488295967
"asset_liability_ratio","asset_liability_ratio",16,-1.94790244922063,0.515645354209309,-3.16085717332978,-0.509508698988484,1.56017857672542,4.18209272308906
"asset_liability_ratio","asset_liability_ratio",17,-2.13532141298377,0.520201140663796,-3.15843946285151,-0.520083608088176,1.5787415178071,4.27410463849729
"asset_liability_ratio","asset_liability_ratio",18,-2.28370871678089,0.51819237888726,-3.2171962888416,-0.53422830515896,1.60207321096517,4.34917523238662
"asset_liability_ratio","asset_liability_ratio",19,-2.38010476553974,0.51246438369351,-3.30923081841539,-0.560736987396562,1.60972119759022,4.44484355013973
"asset_liability_ratio","asset_liability_ratio",20,-2.47522528438131,0.503445881839707,-3.3427507529338,-0.577912673260022,1.62155304106154,4.46065472072905
"asset_liability_ratio","asset_liability_ratio",21,-2.54773797328905,0.502632132179815,-3.38562812548935,-0.588048293949446,1.63331866978054,4.47776253408256
