country,quarter,gdp_growth_qoq,source
AUS,1996-Q1,1.523513993,OECD
AUS,1996-Q2,0.641597463,OECD
AUS,1996-Q3,0.814778394,OECD
AUS,1996-Q4,0.922654298,OECD
AUS,1997-Q1,0.711716865,OECD
AUS,1997-Q2,2.988976985,OECD
AUS,1997-Q3,0.153399511,OECD
AUS,1997-Q4,1.42943038,OECD
AUS,1998-Q1,0.614943981,OECD
AUS,1998-Q2,1.05306244,OECD
AUS,1998-Q3,1.859864246,OECD
AUS,1998-Q4,1.543026706,OECD
AUS,1999-Q1,0.746142458,OECD
AUS,1999-Q2,0.388418703,OECD
AUS,1999-Q3,1.098266066,OECD
AUS,1999-Q4,1.695367697,OECD
AUS,2000-Q1,0.394877999,OECD
AUS,2000-Q2,0.985017279,OECD
AUS,2000-Q3,0.272416685,OECD
AUS,2000-Q4,-0.406111601,OECD
AUS,2001-Q1,0.947418552,OECD
AUS,2001-Q2,0.899723913,OECD
AUS,2001-Q3,1.125485552,OECD
AUS,2001-Q4,1.188196284,OECD
AUS,2002-Q1,0.7813873,OECD
AUS,2002-Q2,1.740600142,OECD
AUS,2002-Q3,0.230728866,OECD
AUS,2002-Q4,0.834236585,OECD
AUS,2003-Q1,0.235598611,OECD
AUS,2003-Q2,0.408920772,OECD
AUS,2003-Q3,1.687089925,OECD
AUS,2003-Q4,1.692240626,OECD
AUS,2004-Q1,0.754827663,OECD
AUS,2004-Q2,0.754895375,OECD
AUS,2004-Q3,0.661819906,OECD
AUS,2004-Q4,0.757070241,OECD
AUS,2005-Q1,0.822721628,OECD
AUS,2005-Q2,0.465117402,OECD
AUS,2005-Q3,1.080970638,OECD
AUS,2005-Q4,0.808538163,OECD
AUS,2006-Q1,0.078082243,OECD
AUS,2006-Q2,0.284035329,OECD
AUS,2006-Q3,1.501476091,OECD
AUS,2006-Q4,1.23403329,OECD
AUS,2007-Q1,1.376825684,OECD
AUS,2007-Q2,0.664283909,OECD
AUS,2007-Q3,1.171412689,OECD
AUS,2007-Q4,0.351165604,OECD
AUS,2008-Q1,1.123992414,OECD
AUS,2008-Q2,0.367006528,OECD
AUS,2008-Q3,0.674771759,OECD
AUS,2008-Q4,-0.434732819,OECD
AUS,2009-Q1,1.022567225,OECD
AUS,2009-Q2,0.647028117,OECD
AUS,2009-Q3,0.310975935,OECD
AUS,2009-Q4,0.805988314,OECD
AUS,2010-Q1,0.459927813,OECD
AUS,2010-Q2,0.642295708,OECD
AUS,2010-Q3,0.666379962,OECD
AUS,2010-Q4,0.83596365,OECD
AUS,2011-Q1,-0.272711007,OECD
AUS,2011-Q2,1.225605946,OECD
AUS,2011-Q3,1.357859695,OECD
AUS,2011-Q4,1.111131211,OECD
AUS,2012-Q1,1.065523747,OECD
AUS,2012-Q2,0.721873961,OECD
AUS,2012-Q3,0.588592553,OECD
AUS,2012-Q4,0.438375951,OECD
AUS,2013-Q1,0.544708422,OECD
AUS,2013-Q2,0.3698869,OECD
AUS,2013-Q3,0.810407541,OECD
AUS,2013-Q4,0.779952652,OECD
AUS,2014-Q1,0.800876288,OECD
AUS,2014-Q2,0.479550823,OECD
AUS,2014-Q3,0.403178521,OECD
AUS,2014-Q4,0.369486668,OECD
AUS,2015-Q1,0.979330981,OECD
AUS,2015-Q2,0.097312564,OECD
AUS,2015-Q3,0.989174451,OECD
AUS,2015-Q4,0.614689208,OECD
AUS,2016-Q1,0.925662819,OECD
AUS,2016-Q2,0.640969669,OECD
AUS,2016-Q3,0.005665943,OECD
AUS,2016-Q4,1.154370496,OECD
AUS,2017-Q1,0.332032276,OECD
AUS,2017-Q2,0.57289695,OECD
AUS,2017-Q3,0.958698099,OECD
AUS,2017-Q4,0.391727001,OECD
AUS,2018-Q1,1.062606321,OECD
AUS,2018-Q2,0.705640894,OECD
AUS,2018-Q3,0.383558603,OECD
AUS,2018-Q4,0.239708531,OECD
AUS,2019-Q1,0.787926592,OECD
AUS,2019-Q2,0.256664915,OECD
AUS,2019-Q3,0.576513762,OECD
AUS,2019-Q4,0.58817242300000006,OECD
AUS,2020-Q1,-0.156931467,OECD
AUS,2020-Q2,-6.789603977,OECD
AUS,2020-Q3,3.438239391,OECD
AUS,2020-Q4,3.427540896,OECD
AUS,2021-Q1,2.249364185,OECD
AUS,2021-Q2,0.749565243,OECD
AUS,2021-Q3,-1.758127214,OECD
AUS,2021-Q4,3.677331854,OECD
AUS,2022-Q1,1.002871382,OECD
AUS,2022-Q2,0.904296687,OECD
AUS,2022-Q3,0.455542744,OECD
AUS,2022-Q4,0.854224045,OECD
AUS,2023-Q1,0.570569524,OECD
AUS,2023-Q2,0.347783109,OECD
AUS,2023-Q3,0.370603958,OECD
AUS,2023-Q4,0.032465201,OECD
AUS,2024-Q1,0.344587773,OECD
AUS,2024-Q2,0.168870328,OECD
AUS,2024-Q3,0.272742693,OECD
AUS,2024-Q4,0.440573086,OECD
AUS,2025-Q1,0.392250142,OECD
AUS,2025-Q2,0.780404963,OECD
AUS,2025-Q3,0.503634521,OECD
AUS,2025-Q4,0.912431295,OECD
AUT,1996-Q1,0.698165505,OECD
AUT,1996-Q2,0.715555173,OECD
AUT,1996-Q3,0.634440376,OECD
AUT,1996-Q4,-0.040983183,OECD
AUT,1997-Q1,1.314710568,OECD
AUT,1997-Q2,-0.198758109,OECD
AUT,1997-Q3,0.754517931,OECD
AUT,1997-Q4,0.952522888,OECD
AUT,1998-Q1,1.370863835,OECD
AUT,1998-Q2,0.869251671,OECD
AUT,1998-Q3,0.175606262,OECD
AUT,1998-Q4,0.943924576,OECD
AUT,1999-Q1,0.860857816,OECD
AUT,1999-Q2,0.942075321,OECD
AUT,1999-Q3,1.54825666,OECD
AUT,1999-Q4,0.91132244,OECD
AUT,2000-Q1,0.016139438,OECD
AUT,2000-Q2,1.146772319,OECD
AUT,2000-Q3,1.392608582,OECD
AUT,2000-Q4,0.684293027,OECD
AUT,2001-Q1,-0.298545303,OECD
AUT,2001-Q2,-0.284407122,OECD
AUT,2001-Q3,0.399569981,OECD
AUT,2001-Q4,0.233525267,OECD
AUT,2002-Q1,1.112339683,OECD
AUT,2002-Q2,0.256524869,OECD
AUT,2002-Q3,-0.007730114,OECD
AUT,2002-Q4,-0.503414144,OECD
AUT,2003-Q1,0.490387009,OECD
AUT,2003-Q2,0.677740647,OECD
AUT,2003-Q3,0.754392718,OECD
AUT,2003-Q4,0.293386215,OECD
AUT,2004-Q1,0.206282595,OECD
AUT,2004-Q2,1.021986316,OECD
AUT,2004-Q3,1.152063352,OECD
AUT,2004-Q4,0.341997694,OECD
AUT,2005-Q1,0.235803659,OECD
AUT,2005-Q2,0.805204436,OECD
AUT,2005-Q3,0.187980687,OECD
AUT,2005-Q4,1.553957932,OECD
AUT,2006-Q1,0.9244863,OECD
AUT,2006-Q2,0.462694165,OECD
AUT,2006-Q3,0.611552253,OECD
AUT,2006-Q4,1.50522581,OECD
AUT,2007-Q1,1.110470882,OECD
AUT,2007-Q2,0.962169123,OECD
AUT,2007-Q3,0.58678419,OECD
AUT,2007-Q4,-0.097109743,OECD
AUT,2008-Q1,2.089851051,OECD
AUT,2008-Q2,-0.253534183,OECD
AUT,2008-Q3,-0.687661812,OECD
AUT,2008-Q4,-2.5471897550000002,OECD
AUT,2009-Q1,-1.090618644,OECD
AUT,2009-Q2,-0.542262942,OECD
AUT,2009-Q3,0.341643998,OECD
AUT,2009-Q4,0.251313588,OECD
AUT,2010-Q1,-0.352954977,OECD
AUT,2010-Q2,1.330037969,OECD
AUT,2010-Q3,1.181557947,OECD
AUT,2010-Q4,0.971853845,OECD
AUT,2011-Q1,0.998510909,OECD
AUT,2011-Q2,-0.037301993,OECD
AUT,2011-Q3,0.54894035,OECD
AUT,2011-Q4,0.422954446,OECD
AUT,2012-Q1,0.420371579,OECD
AUT,2012-Q2,-0.333675545,OECD
AUT,2012-Q3,0.324628423,OECD
AUT,2012-Q4,-0.69290299,OECD
AUT,2013-Q1,-0.391938675,OECD
AUT,2013-Q2,0.459876618,OECD
AUT,2013-Q3,0.285173561,OECD
AUT,2013-Q4,0.08370386,OECD
AUT,2014-Q1,-0.001135024,OECD
AUT,2014-Q2,0.501430313,OECD
AUT,2014-Q3,0.166137211,OECD
AUT,2014-Q4,0.410746663,OECD
AUT,2015-Q1,0.024091856,OECD
AUT,2015-Q2,0.570811026,OECD
AUT,2015-Q3,0.378449767,OECD
AUT,2015-Q4,0.398922647,OECD
AUT,2016-Q1,1.141616342,OECD
AUT,2016-Q2,-0.053055267,OECD
AUT,2016-Q3,0.548676939,OECD
AUT,2016-Q4,0.605699784,OECD
AUT,2017-Q1,0.979254974,OECD
AUT,2017-Q2,0.327125882,OECD
AUT,2017-Q3,0.633524549,OECD
AUT,2017-Q4,0.477674881,OECD
AUT,2018-Q1,0.564892618,OECD
AUT,2018-Q2,0.809197271,OECD
AUT,2018-Q3,0.407323335,OECD
AUT,2018-Q4,0.944296741,OECD
AUT,2019-Q1,1.135977501,OECD
AUT,2019-Q2,-0.61965489,OECD
AUT,2019-Q3,0.150947981,OECD
AUT,2019-Q4,-0.640054801,OECD
AUT,2020-Q1,-1.101344792,OECD
AUT,2020-Q2,-12.611602177,OECD
AUT,2020-Q3,11.480985244,OECD
AUT,2020-Q4,-1.473632941,OECD
AUT,2021-Q1,-0.960612797,OECD
AUT,2021-Q2,4.597654706,OECD
AUT,2021-Q3,3.121822042,OECD
AUT,2021-Q4,0.276193256,OECD
AUT,2022-Q1,0.324758982,OECD
AUT,2022-Q2,2.91140574,OECD
AUT,2022-Q3,-0.014327981,OECD
AUT,2022-Q4,-0.020880106,OECD
AUT,2023-Q1,-0.080566055,OECD
AUT,2023-Q2,-1.207405098,OECD
AUT,2023-Q3,-0.513226019,OECD
AUT,2023-Q4,-0.472125141,OECD
AUT,2024-Q1,0.126269828,OECD
AUT,2024-Q2,-0.13123735,OECD
AUT,2024-Q3,-0.101500005,OECD
AUT,2024-Q4,0.435516768,OECD
AUT,2025-Q1,0.385019135,OECD
AUT,2025-Q2,0.182660692,OECD
AUT,2025-Q3,0.276156591,OECD
AUT,2025-Q4,0.203544705,OECD
BEL,1996-Q1,-0.446835076,OECD
BEL,1996-Q2,0.758075775,OECD
BEL,1996-Q3,0.536744154,OECD
BEL,1996-Q4,0.794877567,OECD
BEL,1997-Q1,0.956604167,OECD
BEL,1997-Q2,1.514589166,OECD
BEL,1997-Q3,0.90882677,OECD
BEL,1997-Q4,0.553438022,OECD
BEL,1998-Q1,0.244711441,OECD
BEL,1998-Q2,0.321835414,OECD
BEL,1998-Q3,0.33159921,OECD
BEL,1998-Q4,0.222188062,OECD
BEL,1999-Q1,1.023763537,OECD
BEL,1999-Q2,1.351963711,OECD
BEL,1999-Q3,1.489723581,OECD
BEL,1999-Q4,1.179803347,OECD
BEL,2000-Q1,0.686431063,OECD
BEL,2000-Q2,0.702927173,OECD
BEL,2000-Q3,0.501352989,OECD
BEL,2000-Q4,0.977661783,OECD
BEL,2001-Q1,0.03915098,OECD
BEL,2001-Q2,0.005777688,OECD
BEL,2001-Q3,-0.152609347,OECD
BEL,2001-Q4,-0.100985289,OECD
BEL,2002-Q1,0.838205563,OECD
BEL,2002-Q2,0.840883475,OECD
BEL,2002-Q3,0.572393359,OECD
BEL,2002-Q4,0.372192925,OECD
BEL,2003-Q1,-0.284257863,OECD
BEL,2003-Q2,0.198480063,OECD
BEL,2003-Q3,0.447213943,OECD
BEL,2003-Q4,0.694619773,OECD
BEL,2004-Q1,1.478263251,OECD
BEL,2004-Q2,0.946375515,OECD
BEL,2004-Q3,0.909633164,OECD
BEL,2004-Q4,0.352929786,OECD
BEL,2005-Q1,0.503717967,OECD
BEL,2005-Q2,0.58324357,OECD
BEL,2005-Q3,0.431580957,OECD
BEL,2005-Q4,0.764224682,OECD
BEL,2006-Q1,0.593341315,OECD
BEL,2006-Q2,0.34145085,OECD
BEL,2006-Q3,0.918878463,OECD
BEL,2006-Q4,1.133778893,OECD
BEL,2007-Q1,1.398781992,OECD
BEL,2007-Q2,0.442754562,OECD
BEL,2007-Q3,0.810645877,OECD
BEL,2007-Q4,0.404316084,OECD
BEL,2008-Q1,0.412502769,OECD
BEL,2008-Q2,0.048500127,OECD
BEL,2008-Q3,-0.547199568,OECD
BEL,2008-Q4,-2.170715825,OECD
BEL,2009-Q1,-0.997549877,OECD
BEL,2009-Q2,0.1568732,OECD
BEL,2009-Q3,1.393155263,OECD
BEL,2009-Q4,0.715875583,OECD
BEL,2010-Q1,0.388071317,OECD
BEL,2010-Q2,0.91266164,OECD
BEL,2010-Q3,0.39640661,OECD
BEL,2010-Q4,0.577311661,OECD
BEL,2011-Q1,0.686729357,OECD
BEL,2011-Q2,0.252534746,OECD
BEL,2011-Q3,0.285832669,OECD
BEL,2011-Q4,0.167362567,OECD
BEL,2012-Q1,-0.010106924,OECD
BEL,2012-Q2,-0.214088109,OECD
BEL,2012-Q3,0.171473679,OECD
BEL,2012-Q4,-0.120436487,OECD
BEL,2013-Q1,-0.395310995,OECD
BEL,2013-Q2,0.655758422,OECD
BEL,2013-Q3,0.401572446,OECD
BEL,2013-Q4,0.270933215,OECD
BEL,2014-Q1,0.577272559,OECD
BEL,2014-Q2,0.231272872,OECD
BEL,2014-Q3,0.670165704,OECD
BEL,2014-Q4,0.402663886,OECD
BEL,2015-Q1,0.267484256,OECD
BEL,2015-Q2,0.464991212,OECD
BEL,2015-Q3,0.13664185,OECD
BEL,2015-Q4,0.351601241,OECD
BEL,2016-Q1,0.113810895,OECD
BEL,2016-Q2,0.591248886,OECD
BEL,2016-Q3,0.182004521,OECD
BEL,2016-Q4,0.36803721,OECD
BEL,2017-Q1,0.614751262,OECD
BEL,2017-Q2,0.224791182,OECD
BEL,2017-Q3,-0.060147357,OECD
BEL,2017-Q4,0.798698455,OECD
BEL,2018-Q1,0.412495646,OECD
BEL,2018-Q2,0.506397402,OECD
BEL,2018-Q3,0.435062951,OECD
BEL,2018-Q4,0.918875904,OECD
BEL,2019-Q1,0.410832523,OECD
BEL,2019-Q2,0.59316201,OECD
BEL,2019-Q3,0.789076907,OECD
BEL,2019-Q4,0.550532252,OECD
BEL,2020-Q1,-2.599795342,OECD
BEL,2020-Q2,-10.904497643,OECD
BEL,2020-Q3,11.48379223,OECD
BEL,2020-Q4,-0.456132651,OECD
BEL,2021-Q1,1.628232265,OECD
BEL,2021-Q2,1.531999279,OECD
BEL,2021-Q3,1.963111641,OECD
BEL,2021-Q4,0.923400026,OECD
BEL,2022-Q1,0.63279761,OECD
BEL,2022-Q2,1.12776279,OECD
BEL,2022-Q3,0.728423607,OECD
BEL,2022-Q4,0.322195899,OECD
BEL,2023-Q1,0.269181294,OECD
BEL,2023-Q2,0.301244553,OECD
BEL,2023-Q3,0.176358297,OECD
BEL,2023-Q4,0.341270201,OECD
BEL,2024-Q1,0.383187496,OECD
BEL,2024-Q2,0.194597314,OECD
BEL,2024-Q3,0.216889706,OECD
BEL,2024-Q4,0.146506911,OECD
BEL,2025-Q1,0.397036552,OECD
BEL,2025-Q2,0.248921867,OECD
BEL,2025-Q3,0.232111697,OECD
BEL,2025-Q4,0.051844967,OECD
BRA,1996-Q1,1.18916621,OECD; backward-filled from 1996-Q2
BRA,1996-Q2,1.18916621,OECD
BRA,1996-Q3,3.692840012,OECD
BRA,1996-Q4,-0.951770946,OECD
BRA,1997-Q1,1.076715857,OECD
BRA,1997-Q2,0.483751443,OECD
BRA,1997-Q3,1.271651428,OECD
BRA,1997-Q4,0.840763878,OECD
BRA,1998-Q1,-1.977168081,OECD
BRA,1998-Q2,1.712421518,OECD
BRA,1998-Q3,-0.02876668,OECD
BRA,1998-Q4,-1.146799213,OECD
BRA,1999-Q1,0.18453372,OECD
BRA,1999-Q2,0.530310639,OECD
BRA,1999-Q3,-0.007969691,OECD
BRA,1999-Q4,1.419120857,OECD
BRA,2000-Q1,1.05801676,OECD
BRA,2000-Q2,1.416115672,OECD
BRA,2000-Q3,1.180346934,OECD
BRA,2000-Q4,1.229013616,OECD
BRA,2001-Q1,0.349574745,OECD
BRA,2001-Q2,-0.472053667,OECD
BRA,2001-Q3,-0.521307189,OECD
BRA,2001-Q4,-0.289255442,OECD
BRA,2002-Q1,2.483984997,OECD
BRA,2002-Q2,0.223911973,OECD
BRA,2002-Q3,1.396027216,OECD
BRA,2002-Q4,1.019947263,OECD
BRA,2003-Q1,-0.442071125,OECD
BRA,2003-Q2,-0.842419537,OECD
BRA,2003-Q3,0.939984768,OECD
BRA,2003-Q4,1.039925542,OECD
BRA,2004-Q1,1.380034429,OECD
BRA,2004-Q2,2.76024795,OECD
BRA,2004-Q3,1.272989976,OECD
BRA,2004-Q4,0.759960594,OECD
BRA,2005-Q1,0.885523935,OECD
BRA,2005-Q2,1.050929902,OECD
BRA,2005-Q3,-0.56714487,OECD
BRA,2005-Q4,1.26564649,OECD
BRA,2006-Q1,1.62167836,OECD
BRA,2006-Q2,0.304611937,OECD
BRA,2006-Q3,1.67421844,OECD
BRA,2006-Q4,1.168888836,OECD
BRA,2007-Q1,1.877557011,OECD
BRA,2007-Q2,1.679250044,OECD
BRA,2007-Q3,1.037662798,OECD
BRA,2007-Q4,1.511965911,OECD
BRA,2008-Q1,1.267307631,OECD
BRA,2008-Q2,2.013513126,OECD
BRA,2008-Q3,1.641638633,OECD
BRA,2008-Q4,-3.772900419,OECD
BRA,2009-Q1,-1.438408089,OECD
BRA,2009-Q2,1.845164224,OECD
BRA,2009-Q3,2.338901224,OECD
BRA,2009-Q4,2.578133862,OECD
BRA,2010-Q1,2.059118787,OECD
BRA,2010-Q2,1.280668876,OECD
BRA,2010-Q3,0.878245475,OECD
BRA,2010-Q4,1.430417317,OECD
BRA,2011-Q1,1.338935437,OECD
BRA,2011-Q2,1.01610683,OECD
BRA,2011-Q3,-0.226016907,OECD
BRA,2011-Q4,0.91219893,OECD
BRA,2012-Q1,-1.428471334,OECD
BRA,2012-Q2,1.80795826,OECD
BRA,2012-Q3,1.721284735,OECD
BRA,2012-Q4,0.027895316,OECD
BRA,2013-Q1,0.538992697,OECD
BRA,2013-Q2,1.378426233,OECD
BRA,2013-Q3,0.4752246,OECD
BRA,2013-Q4,0.159515974,OECD
BRA,2014-Q1,0.841125683,OECD
BRA,2014-Q2,-1.473398305,OECD
BRA,2014-Q3,-0.059597004,OECD
BRA,2014-Q4,0.52378025,OECD
BRA,2015-Q1,-0.791129036,OECD
BRA,2015-Q2,-2.356987147,OECD
BRA,2015-Q3,-1.646140408,OECD
BRA,2015-Q4,-0.76768225,OECD
BRA,2016-Q1,-1.434998508,OECD
BRA,2016-Q2,0.273685895,OECD
BRA,2016-Q3,-0.539045129,OECD
BRA,2016-Q4,-0.110505242,OECD
BRA,2017-Q1,1.031014729,OECD
BRA,2017-Q2,0.834685902,OECD
BRA,2017-Q3,0.224760754,OECD
BRA,2017-Q4,0.54186908600000006,OECD
BRA,2018-Q1,0.613277741,OECD
BRA,2018-Q2,-0.113626739,OECD
BRA,2018-Q3,0.955557415,OECD
BRA,2018-Q4,-0.250810064,OECD
BRA,2019-Q1,0.297460329,OECD
BRA,2019-Q2,0.577007207,OECD
BRA,2019-Q3,0.019935309,OECD
BRA,2019-Q4,0.879389682,OECD
BRA,2020-Q1,-2.289615003,OECD
BRA,2020-Q2,-8.880773018,OECD
BRA,2020-Q3,7.924270311,OECD
BRA,2020-Q4,3.838493959,OECD
BRA,2021-Q1,0.874974933,OECD
BRA,2021-Q2,-0.696309543,OECD
BRA,2021-Q3,0.146059324,OECD
BRA,2021-Q4,1.334380086,OECD
BRA,2022-Q1,0.691100051,OECD
BRA,2022-Q2,1.14266971,OECD
BRA,2022-Q3,1.054522462,OECD
BRA,2022-Q4,0.429222787,OECD
BRA,2023-Q1,1.329716043,OECD
BRA,2023-Q2,0.792907596,OECD
BRA,2023-Q3,0.1360684,OECD
BRA,2023-Q4,0.375449986,OECD
BRA,2024-Q1,0.659664006,OECD
BRA,2024-Q2,1.707591733,OECD
BRA,2024-Q3,0.898215025,OECD
BRA,2024-Q4,0.081287782,OECD
BRA,2025-Q1,1.255584766,OECD
BRA,2025-Q2,0.359261534,OECD
BRA,2025-Q3,0.108761909,OECD
BRA,2025-Q4,0.248539593,OECD
CAN,1996-Q1,0.145116796,OECD
CAN,1996-Q2,0.711918285,OECD
CAN,1996-Q3,0.839886836,OECD
CAN,1996-Q4,0.792291038,OECD
CAN,1997-Q1,1.339911843,OECD
CAN,1997-Q2,1.125352076,OECD
CAN,1997-Q3,1.18550429,OECD
CAN,1997-Q4,0.966392765,OECD
CAN,1998-Q1,1.411990072,OECD
CAN,1998-Q2,0.052954114,OECD
CAN,1998-Q3,0.911198725,OECD
CAN,1998-Q4,1.354959227,OECD
CAN,1999-Q1,1.805546006,OECD
CAN,1999-Q2,0.824757342,OECD
CAN,1999-Q3,1.567445313,OECD
CAN,1999-Q4,1.40094457,OECD
CAN,2000-Q1,1.565720708,OECD
CAN,2000-Q2,1.176951374,OECD
CAN,2000-Q3,1.02505509,OECD
CAN,2000-Q4,0.197776532,OECD
CAN,2001-Q1,0.562892178,OECD
CAN,2001-Q2,0.31448597,OECD
CAN,2001-Q3,-0.070291492,OECD
CAN,2001-Q4,0.5997524,OECD
CAN,2002-Q1,1.462187363,OECD
CAN,2002-Q2,0.590842968,OECD
CAN,2002-Q3,0.864710004,OECD
CAN,2002-Q4,0.549240541,OECD
CAN,2003-Q1,0.556372989,OECD
CAN,2003-Q2,-0.145041357,OECD
CAN,2003-Q3,0.373863441,OECD
CAN,2003-Q4,0.687422999,OECD
CAN,2004-Q1,0.727147736,OECD
CAN,2004-Q2,1.184860318,OECD
CAN,2004-Q3,1.18232632,OECD
CAN,2004-Q4,0.721715122,OECD
CAN,2005-Q1,0.350202804,OECD
CAN,2005-Q2,0.72275167,OECD
CAN,2005-Q3,1.211889602,OECD
CAN,2005-Q4,0.993155151,OECD
CAN,2006-Q1,0.811906,OECD
CAN,2006-Q2,0.050006824,OECD
CAN,2006-Q3,0.281497219,OECD
CAN,2006-Q4,0.398230459,OECD
CAN,2007-Q1,0.638206425,OECD
CAN,2007-Q2,0.96572296,OECD
CAN,2007-Q3,0.374681048,OECD
CAN,2007-Q4,0.131432874,OECD
CAN,2008-Q1,0.075036988,OECD
CAN,2008-Q2,0.364362857,OECD
CAN,2008-Q3,0.821739528,OECD
CAN,2008-Q4,-1.160303228,OECD
CAN,2009-Q1,-2.256581424,OECD
CAN,2009-Q2,-1.07869505,OECD
CAN,2009-Q3,0.447240509,OECD
CAN,2009-Q4,1.1618989770000001,OECD
CAN,2010-Q1,1.211533092,OECD
CAN,2010-Q2,0.523642872,OECD
CAN,2010-Q3,0.700042554,OECD
CAN,2010-Q4,1.121801791,OECD
CAN,2011-Q1,0.761595519,OECD
CAN,2011-Q2,0.181517907,OECD
CAN,2011-Q3,1.368249361,OECD
CAN,2011-Q4,0.79472209,OECD
CAN,2012-Q1,0.0631303,OECD
CAN,2012-Q2,0.325071067,OECD
CAN,2012-Q3,0.136854471,OECD
CAN,2012-Q4,0.205799023,OECD
CAN,2013-Q1,0.89511833,OECD
CAN,2013-Q2,0.575888641,OECD
CAN,2013-Q3,0.82231197,OECD
CAN,2013-Q4,1.046569427,OECD
CAN,2014-Q1,0.168994293,OECD
CAN,2014-Q2,0.911555413,OECD
CAN,2014-Q3,0.958574349,OECD
CAN,2014-Q4,0.691167613,OECD
CAN,2015-Q1,-0.55677898,OECD
CAN,2015-Q2,-0.272994458,OECD
CAN,2015-Q3,0.358097519,OECD
CAN,2015-Q4,0.066272079,OECD
CAN,2016-Q1,0.591683798,OECD
CAN,2016-Q2,-0.498133929,OECD
CAN,2016-Q3,1.03778381,OECD
CAN,2016-Q4,0.561022275,OECD
CAN,2017-Q1,1.258206055,OECD
CAN,2017-Q2,1.052553159,OECD
CAN,2017-Q3,0.031402141,OECD
CAN,2017-Q4,0.507360861,OECD
CAN,2018-Q1,1.162519794,OECD
CAN,2018-Q2,0.780038215,OECD
CAN,2018-Q3,0.504422861,OECD
CAN,2018-Q4,0.235568646,OECD
CAN,2019-Q1,0.240663338,OECD
CAN,2019-Q2,1.0947648189999999,OECD
CAN,2019-Q3,0.279623055,OECD
CAN,2019-Q4,0.285513174,OECD
CAN,2020-Q1,-1.949937792,OECD
CAN,2020-Q2,-10.9999385,OECD
CAN,2020-Q3,9.083513962,OECD
CAN,2020-Q4,1.87838191,OECD
CAN,2021-Q1,1.703571827,OECD
CAN,2021-Q2,-0.117195455,OECD
CAN,2021-Q3,2.014508421,OECD
CAN,2021-Q4,1.790401837,OECD
CAN,2022-Q1,1.036830407,OECD
CAN,2022-Q2,1.137637883,OECD
CAN,2022-Q3,0.808765958,OECD
CAN,2022-Q4,0.062901444,OECD
CAN,2023-Q1,1.05267407,OECD
CAN,2023-Q2,0.159574645,OECD
CAN,2023-Q3,0.050143347,OECD
CAN,2023-Q4,0.051696088,OECD
CAN,2024-Q1,0.728641975,OECD
CAN,2024-Q2,0.815991707,OECD
CAN,2024-Q3,0.819154584,OECD
CAN,2024-Q4,0.701430953,OECD
CAN,2025-Q1,0.715585037,OECD
CAN,2025-Q2,-0.242322459,OECD
CAN,2025-Q3,0.471919791,OECD
CAN,2025-Q4,-0.246475531,OECD
CHE,1996-Q1,0.790486463,OECD
CHE,1996-Q2,-0.54315977,OECD
CHE,1996-Q3,-0.13538192,OECD
CHE,1996-Q4,0.309184117,OECD
CHE,1997-Q1,0.513975559,OECD
CHE,1997-Q2,0.921112784,OECD
CHE,1997-Q3,1.465235909,OECD
CHE,1997-Q4,0.453207904,OECD
CHE,1998-Q1,0.777311874,OECD
CHE,1998-Q2,1.155795845,OECD
CHE,1998-Q3,-0.143402676,OECD
CHE,1998-Q4,-0.655825702,OECD
CHE,1999-Q1,0.56846547,OECD
CHE,1999-Q2,0.520834825,OECD
CHE,1999-Q3,0.70860982,OECD
CHE,1999-Q4,2.348618436,OECD
CHE,2000-Q1,0.51712255,OECD
CHE,2000-Q2,0.297594127,OECD
CHE,2000-Q3,0.78010981,OECD
CHE,2000-Q4,1.244363247,OECD
CHE,2001-Q1,-0.086938586,OECD
CHE,2001-Q2,0.458461752,OECD
CHE,2001-Q3,-0.066113276,OECD
CHE,2001-Q4,-0.037895384,OECD
CHE,2002-Q1,0.084254732,OECD
CHE,2002-Q2,0.479572807,OECD
CHE,2002-Q3,0.139693908,OECD
CHE,2002-Q4,-0.709827574,OECD
CHE,2003-Q1,-0.613196586,OECD
CHE,2003-Q2,-0.082873436,OECD
CHE,2003-Q3,0.897417161,OECD
CHE,2003-Q4,1.089138746,OECD
CHE,2004-Q1,0.585595106,OECD
CHE,2004-Q2,0.720251837,OECD
CHE,2004-Q3,0.016373322,OECD
CHE,2004-Q4,0.342565367,OECD
CHE,2005-Q1,0.874813343,OECD
CHE,2005-Q2,1.195916203,OECD
CHE,2005-Q3,0.988868896,OECD
CHE,2005-Q4,0.988446398,OECD
CHE,2006-Q1,1.220258395,OECD
CHE,2006-Q2,0.864924539,OECD
CHE,2006-Q3,0.773363131,OECD
CHE,2006-Q4,1.376287313,OECD
CHE,2007-Q1,0.683081737,OECD
CHE,2007-Q2,1.423728387,OECD
CHE,2007-Q3,0.826590327,OECD
CHE,2007-Q4,0.563110608,OECD
CHE,2008-Q1,0.706563409,OECD
CHE,2008-Q2,1.089276132,OECD
CHE,2008-Q3,0.629004662,OECD
CHE,2008-Q4,-2.212284346,OECD
CHE,2009-Q1,-1.719438716,OECD
CHE,2009-Q2,0.355483612,OECD
CHE,2009-Q3,0.916593536,OECD
CHE,2009-Q4,0.52513349,OECD
CHE,2010-Q1,1.245186244,OECD
CHE,2010-Q2,0.757189406,OECD
CHE,2010-Q3,0.460369559,OECD
CHE,2010-Q4,0.749762353,OECD
CHE,2011-Q1,0.089723402,OECD
CHE,2011-Q2,0.755127443,OECD
CHE,2011-Q3,-0.512695104,OECD
CHE,2011-Q4,0.295894297,OECD
CHE,2012-Q1,0.39437992,OECD
CHE,2012-Q2,0.2722062,OECD
CHE,2012-Q3,0.792653117,OECD
CHE,2012-Q4,0.103221589,OECD
CHE,2013-Q1,0.3866766,OECD
CHE,2013-Q2,0.652005445,OECD
CHE,2013-Q3,0.768321851,OECD
CHE,2013-Q4,0.177669935,OECD
CHE,2014-Q1,0.684948918,OECD
CHE,2014-Q2,0.914703725,OECD
CHE,2014-Q3,0.592355443,OECD
CHE,2014-Q4,0.637709584,OECD
CHE,2015-Q1,-0.294891167,OECD
CHE,2015-Q2,0.20280294200000001,OECD
CHE,2015-Q3,0.726935502,OECD
CHE,2015-Q4,0.67954333,OECD
CHE,2016-Q1,0.542037227,OECD
CHE,2016-Q2,0.410821188,OECD
CHE,2016-Q3,0.385045078,OECD
CHE,2016-Q4,-0.241864184,OECD
CHE,2017-Q1,0.078107628,OECD
CHE,2017-Q2,0.823856273,OECD
CHE,2017-Q3,0.792921747,OECD
CHE,2017-Q4,1.005454872,OECD
CHE,2018-Q1,1.267768603,OECD
CHE,2018-Q2,1.049561685,OECD
CHE,2018-Q3,-0.389585828,OECD
CHE,2018-Q4,0.347326365,OECD
CHE,2019-Q1,0.076540531,OECD
CHE,2019-Q2,0.652189545,OECD
CHE,2019-Q3,0.357400782,OECD
CHE,2019-Q4,0.184023737,OECD
CHE,2020-Q1,-1.167325774,OECD
CHE,2020-Q2,-6.345943502,OECD
CHE,2020-Q3,6.142994857,OECD
CHE,2020-Q4,0.930179759,OECD
CHE,2021-Q1,0.692305501,OECD
CHE,2021-Q2,2.695697812,OECD
CHE,2021-Q3,2.165786344,OECD
CHE,2021-Q4,0.79440509,OECD
CHE,2022-Q1,0.24660435,OECD
CHE,2022-Q2,0.83537873,OECD
CHE,2022-Q3,0.586084653,OECD
CHE,2022-Q4,0.183971078,OECD
CHE,2023-Q1,0.355770734,OECD
CHE,2023-Q2,-0.335928457,OECD
CHE,2023-Q3,0.335546049,OECD
CHE,2023-Q4,0.563469773,OECD
CHE,2024-Q1,-0.023072526,OECD
CHE,2024-Q2,0.897321992,OECD
CHE,2024-Q3,0.496850993,OECD
CHE,2024-Q4,0.389116238,OECD
CHE,2025-Q1,0.938069724,OECD
CHE,2025-Q2,-0.017102983,OECD
CHE,2025-Q3,-0.414328909,OECD
CHE,2025-Q4,0.517623842,OECD
CHN,1996-Q1,2.393384712403801,FRED annual GDP converted to quarterly
CHN,1996-Q2,2.393384712403801,FRED annual GDP converted to quarterly
CHN,1996-Q3,2.393384712403801,FRED annual GDP converted to quarterly
CHN,1996-Q4,2.393384712403801,FRED annual GDP converted to quarterly
CHN,1997-Q1,2.2332171213796492,FRED annual GDP converted to quarterly
CHN,1997-Q2,2.2332171213796492,FRED annual GDP converted to quarterly
CHN,1997-Q3,2.2332171213796492,FRED annual GDP converted to quarterly
CHN,1997-Q4,2.2332171213796492,FRED annual GDP converted to quarterly
CHN,1998-Q1,1.9063229174093088,FRED annual GDP converted to quarterly
CHN,1998-Q2,1.9063229174093088,FRED annual GDP converted to quarterly
CHN,1998-Q3,1.9063229174093088,FRED annual GDP converted to quarterly
CHN,1998-Q4,1.9063229174093088,FRED annual GDP converted to quarterly
CHN,1999-Q1,1.8627066671274894,FRED annual GDP converted to quarterly
CHN,1999-Q2,1.8627066671274894,FRED annual GDP converted to quarterly
CHN,1999-Q3,1.8627066671274894,FRED annual GDP converted to quarterly
CHN,1999-Q4,1.8627066671274894,FRED annual GDP converted to quarterly
CHN,2000-Q1,2.058090225971654,FRED annual GDP converted to quarterly
CHN,2000-Q2,2.058090225971654,FRED annual GDP converted to quarterly
CHN,2000-Q3,2.058090225971654,FRED annual GDP converted to quarterly
CHN,2000-Q4,2.058090225971654,FRED annual GDP converted to quarterly
CHN,2001-Q1,2.021792368781261,FRED annual GDP converted to quarterly
CHN,2001-Q2,2.021792368781261,FRED annual GDP converted to quarterly
CHN,2001-Q3,2.021792368781261,FRED annual GDP converted to quarterly
CHN,2001-Q4,2.021792368781261,FRED annual GDP converted to quarterly
CHN,2002-Q1,2.2091223311118124,FRED annual GDP converted to quarterly
CHN,2002-Q2,2.2091223311118124,FRED annual GDP converted to quarterly
CHN,2002-Q3,2.2091223311118124,FRED annual GDP converted to quarterly
CHN,2002-Q4,2.2091223311118124,FRED annual GDP converted to quarterly
CHN,2003-Q1,2.4202217979807816,FRED annual GDP converted to quarterly
CHN,2003-Q2,2.4202217979807816,FRED annual GDP converted to quarterly
CHN,2003-Q3,2.4202217979807816,FRED annual GDP converted to quarterly
CHN,2003-Q4,2.4202217979807816,FRED annual GDP converted to quarterly
CHN,2004-Q1,2.4378159119826437,FRED annual GDP converted to quarterly
CHN,2004-Q2,2.4378159119826437,FRED annual GDP converted to quarterly
CHN,2004-Q3,2.4378159119826437,FRED annual GDP converted to quarterly
CHN,2004-Q4,2.4378159119826437,FRED annual GDP converted to quarterly
CHN,2005-Q1,2.734426977916571,FRED annual GDP converted to quarterly
CHN,2005-Q2,2.734426977916571,FRED annual GDP converted to quarterly
CHN,2005-Q3,2.734426977916571,FRED annual GDP converted to quarterly
CHN,2005-Q4,2.734426977916571,FRED annual GDP converted to quarterly
CHN,2006-Q1,3.038892009521721,FRED annual GDP converted to quarterly
CHN,2006-Q2,3.038892009521721,FRED annual GDP converted to quarterly
CHN,2006-Q3,3.038892009521721,FRED annual GDP converted to quarterly
CHN,2006-Q4,3.038892009521721,FRED annual GDP converted to quarterly
CHN,2007-Q1,3.382218701341033,FRED annual GDP converted to quarterly
CHN,2007-Q2,3.382218701341033,FRED annual GDP converted to quarterly
CHN,2007-Q3,3.382218701341033,FRED annual GDP converted to quarterly
CHN,2007-Q4,3.382218701341033,FRED annual GDP converted to quarterly
CHN,2008-Q1,2.329963043110528,FRED annual GDP converted to quarterly
CHN,2008-Q2,2.329963043110528,FRED annual GDP converted to quarterly
CHN,2008-Q3,2.329963043110528,FRED annual GDP converted to quarterly
CHN,2008-Q4,2.329963043110528,FRED annual GDP converted to quarterly
CHN,2009-Q1,2.2711367318970055,FRED annual GDP converted to quarterly
CHN,2009-Q2,2.2711367318970055,FRED annual GDP converted to quarterly
CHN,2009-Q3,2.2711367318970055,FRED annual GDP converted to quarterly
CHN,2009-Q4,2.2711367318970055,FRED annual GDP converted to quarterly
CHN,2010-Q1,2.5590467229591907,FRED annual GDP converted to quarterly
CHN,2010-Q2,2.5590467229591907,FRED annual GDP converted to quarterly
CHN,2010-Q3,2.5590467229591907,FRED annual GDP converted to quarterly
CHN,2010-Q4,2.5590467229591907,FRED annual GDP converted to quarterly
CHN,2011-Q1,2.3,OECD
CHN,2011-Q2,2.4,OECD
CHN,2011-Q3,1.9,OECD
CHN,2011-Q4,1.6,OECD
CHN,2012-Q1,1.9,OECD
CHN,2012-Q2,2.1,OECD
CHN,2012-Q3,1.9,OECD
CHN,2012-Q4,2,OECD
CHN,2013-Q1,1.8,OECD
CHN,2013-Q2,1.8,OECD
CHN,2013-Q3,2.1,OECD
CHN,2013-Q4,1.6,OECD
CHN,2014-Q1,1.9,OECD
CHN,2014-Q2,1.8,OECD
CHN,2014-Q3,1.8,OECD
CHN,2014-Q4,1.7,OECD
CHN,2015-Q1,1.7,OECD
CHN,2015-Q2,1.9,OECD
CHN,2015-Q3,1.7,OECD
CHN,2015-Q4,1.6,OECD
CHN,2016-Q1,1.6,OECD
CHN,2016-Q2,1.8,OECD
CHN,2016-Q3,1.7,OECD
CHN,2016-Q4,1.6,OECD
CHN,2017-Q1,1.8,OECD
CHN,2017-Q2,1.8,OECD
CHN,2017-Q3,1.6,OECD
CHN,2017-Q4,1.5,OECD
CHN,2018-Q1,1.9,OECD
CHN,2018-Q2,1.8,OECD
CHN,2018-Q3,1.4,OECD
CHN,2018-Q4,1.2,OECD
CHN,2019-Q1,1.9,OECD
CHN,2019-Q2,1.6,OECD
CHN,2019-Q3,1.3,OECD
CHN,2019-Q4,0.9,OECD
CHN,2020-Q1,-10.3,OECD
CHN,2020-Q2,12.7,OECD
CHN,2020-Q3,2.9,OECD
CHN,2020-Q4,2.4,OECD
CHN,2021-Q1,0,OECD
CHN,2021-Q2,2.7,OECD
CHN,2021-Q3,0.5,OECD
CHN,2021-Q4,1.2,OECD
CHN,2022-Q1,0.1,OECD
CHN,2022-Q2,-0.7,OECD
CHN,2022-Q3,3.3,OECD
CHN,2022-Q4,0.5,OECD
CHN,2023-Q1,1.6,OECD
CHN,2023-Q2,1.3,OECD
CHN,2023-Q3,1.6,OECD
CHN,2023-Q4,0.8,OECD
CHN,2024-Q1,1.3,OECD
CHN,2024-Q2,1,OECD
CHN,2024-Q3,1.4,OECD
CHN,2024-Q4,1.6,OECD
CHN,2025-Q1,1.1,OECD
CHN,2025-Q2,1.2,OECD
CHN,2025-Q3,1.1,OECD
CHN,2025-Q4,1.1,OECD
CZE,1996-Q1,2.38562015,OECD
CZE,1996-Q2,0.730304999,OECD
CZE,1996-Q3,0.369390294,OECD
CZE,1996-Q4,0.161549411,OECD
CZE,1997-Q1,-0.443801166,OECD
CZE,1997-Q2,-0.402783829,OECD
CZE,1997-Q3,-0.689332046,OECD
CZE,1997-Q4,-0.082533596,OECD
CZE,1998-Q1,-0.080397509,OECD
CZE,1998-Q2,0.337871572,OECD
CZE,1998-Q3,-0.114096072,OECD
CZE,1998-Q4,0.048424579,OECD
CZE,1999-Q1,0.14392971,OECD
CZE,1999-Q2,0.276808127,OECD
CZE,1999-Q3,1.01342976,OECD
CZE,1999-Q4,1.087276637,OECD
CZE,2000-Q1,1.356644952,OECD
CZE,2000-Q2,1.144632072,OECD
CZE,2000-Q3,1.295030594,OECD
CZE,2000-Q4,0.244994628,OECD
CZE,2001-Q1,1.226318387,OECD
CZE,2001-Q2,0.221931695,OECD
CZE,2001-Q3,0.495166486,OECD
CZE,2001-Q4,0.494748221,OECD
CZE,2002-Q1,0.043831695,OECD
CZE,2002-Q2,0.461089428,OECD
CZE,2002-Q3,0.429582858,OECD
CZE,2002-Q4,0.551201998,OECD
CZE,2003-Q1,1.175328022,OECD
CZE,2003-Q2,0.929587078,OECD
CZE,2003-Q3,0.79649896,OECD
CZE,2003-Q4,0.969387031,OECD
CZE,2004-Q1,1.031747386,OECD
CZE,2004-Q2,1.192290497,OECD
CZE,2004-Q3,1.593145557,OECD
CZE,2004-Q4,1.592805413,OECD
CZE,2005-Q1,1.886117611,OECD
CZE,2005-Q2,1.151446006,OECD
CZE,2005-Q3,1.697216502,OECD
CZE,2005-Q4,1.669527114,OECD
CZE,2006-Q1,1.817169016,OECD
CZE,2006-Q2,2.048029038,OECD
CZE,2006-Q3,1.269933733,OECD
CZE,2006-Q4,1.137609231,OECD
CZE,2007-Q1,1.805287939,OECD
CZE,2007-Q2,0.79241614,OECD
CZE,2007-Q3,1.39971731,OECD
CZE,2007-Q4,1.091771884,OECD
CZE,2008-Q1,0.700767439,OECD
CZE,2008-Q2,0.563634377,OECD
CZE,2008-Q3,0.113796104,OECD
CZE,2008-Q4,-1.914635873,OECD
CZE,2009-Q1,-3.265967344,OECD
CZE,2009-Q2,-0.474135215,OECD
CZE,2009-Q3,0.349111228,OECD
CZE,2009-Q4,0.029883752,OECD
CZE,2010-Q1,0.806122347,OECD
CZE,2010-Q2,1.271463405,OECD
CZE,2010-Q3,1.178113571,OECD
CZE,2010-Q4,0.353102806,OECD
CZE,2011-Q1,0.151952445,OECD
CZE,2011-Q2,0.502648738,OECD
CZE,2011-Q3,0.115330071,OECD
CZE,2011-Q4,0.052275701,OECD
CZE,2012-Q1,-0.25091931,OECD
CZE,2012-Q2,-0.580317447,OECD
CZE,2012-Q3,-0.293053433,OECD
CZE,2012-Q4,-0.305157401,OECD
CZE,2013-Q1,-0.308507973,OECD
CZE,2013-Q2,0.387191961,OECD
CZE,2013-Q3,0.377971718,OECD
CZE,2013-Q4,1.242545808,OECD
CZE,2014-Q1,-0.405349858,OECD
CZE,2014-Q2,0.928910254,OECD
CZE,2014-Q3,0.904681463,OECD
CZE,2014-Q4,1.079210843,OECD
CZE,2015-Q1,1.783111198,OECD
CZE,2015-Q2,1.39796184,OECD
CZE,2015-Q3,1.022021288,OECD
CZE,2015-Q4,0.469386515,OECD
CZE,2016-Q1,0.33385719,OECD
CZE,2016-Q2,0.30305124,OECD
CZE,2016-Q3,0.983864361,OECD
CZE,2016-Q4,0.778058772,OECD
CZE,2017-Q1,1.438974284,OECD
CZE,2017-Q2,3.02274852,OECD
CZE,2017-Q3,0.609990533,OECD
CZE,2017-Q4,0.515824343,OECD
CZE,2018-Q1,0.39469408,OECD
CZE,2018-Q2,0.588729512,OECD
CZE,2018-Q3,0.612405857,OECD
CZE,2018-Q4,0.826010686,OECD
CZE,2019-Q1,1.443153749,OECD
CZE,2019-Q2,0.704788167,OECD
CZE,2019-Q3,0.463988031,OECD
CZE,2019-Q4,0.680487675,OECD
CZE,2020-Q1,-3.337991155,OECD
CZE,2020-Q2,-8.549818284,OECD
CZE,2020-Q3,7.174327598,OECD
CZE,2020-Q4,0.780540366,OECD
CZE,2021-Q1,0.029256757,OECD
CZE,2021-Q2,1.436598798,OECD
CZE,2021-Q3,1.735021117,OECD
CZE,2021-Q4,0.618631162,OECD
CZE,2022-Q1,0.948754411,OECD
CZE,2022-Q2,0.306485574,OECD
CZE,2022-Q3,0.136141454,OECD
CZE,2022-Q4,-0.385849785,OECD
CZE,2023-Q1,0.185575728,OECD
CZE,2023-Q2,0.399069735,OECD
CZE,2023-Q3,-0.413326621,OECD
CZE,2023-Q4,0.286295656,OECD
CZE,2024-Q1,0.317525095,OECD
CZE,2024-Q2,0.284574748,OECD
CZE,2024-Q3,0.654959918,OECD
CZE,2024-Q4,0.714498231,OECD
CZE,2025-Q1,0.791216648,OECD
CZE,2025-Q2,0.576977526,OECD
CZE,2025-Q3,0.695058428,OECD
CZE,2025-Q4,0.704085589,OECD
DEU,1996-Q1,-0.730820071,OECD
DEU,1996-Q2,1.417865639,OECD
DEU,1996-Q3,0.349506951,OECD
DEU,1996-Q4,0.937712041,OECD
DEU,1997-Q1,-0.520862209,OECD
DEU,1997-Q2,1.160618541,OECD
DEU,1997-Q3,0.329682985,OECD
DEU,1997-Q4,0.736072221,OECD
DEU,1998-Q1,0.946051854,OECD
DEU,1998-Q2,-0.374877805,OECD
DEU,1998-Q3,0.415210545,OECD
DEU,1998-Q4,-0.051690982,OECD
DEU,1999-Q1,1.16027396,OECD
DEU,1999-Q2,-0.051121591,OECD
DEU,1999-Q3,1.304184245,OECD
DEU,1999-Q4,0.479619715,OECD
DEU,2000-Q1,1.554465672,OECD
DEU,2000-Q2,0.841068368,OECD
DEU,2000-Q3,0.024522642,OECD
DEU,2000-Q4,-0.416918117,OECD
DEU,2001-Q1,2.10570979,OECD
DEU,2001-Q2,-0.205023107,OECD
DEU,2001-Q3,-0.036255533,OECD
DEU,2001-Q4,-0.290129995,OECD
DEU,2002-Q1,-0.469833032,OECD
DEU,2002-Q2,0.414182423,OECD
DEU,2002-Q3,0.642961005,OECD
DEU,2002-Q4,-0.241080741,OECD
DEU,2003-Q1,-1.380477745,OECD
DEU,2003-Q2,0.159272107,OECD
DEU,2003-Q3,0.88073745,OECD
DEU,2003-Q4,0.133380425,OECD
DEU,2004-Q1,-0.157395484,OECD
DEU,2004-Q2,0.594293006,OECD
DEU,2004-Q3,-0.325532899,OECD
DEU,2004-Q4,-0.06047926,OECD
DEU,2005-Q1,0.19668629,OECD
DEU,2005-Q2,0.56776828,OECD
DEU,2005-Q3,0.804809328,OECD
DEU,2005-Q4,0.357473364,OECD
DEU,2006-Q1,1.139876195,OECD
DEU,2006-Q2,1.714022049,OECD
DEU,2006-Q3,0.761766784,OECD
DEU,2006-Q4,1.466207983,OECD
DEU,2007-Q1,0.121388597,OECD
DEU,2007-Q2,0.653965746,OECD
DEU,2007-Q3,0.537692369,OECD
DEU,2007-Q4,0.768801811,OECD
DEU,2008-Q1,0.547393322,OECD
DEU,2008-Q2,-0.384910751,OECD
DEU,2008-Q3,-0.540956492,OECD
DEU,2008-Q4,-1.531803481,OECD
DEU,2009-Q1,-4.703354353,OECD
DEU,2009-Q2,0.248403563,OECD
DEU,2009-Q3,0.637167523,OECD
DEU,2009-Q4,0.762106595,OECD
DEU,2010-Q1,0.721432411,OECD
DEU,2010-Q2,2.160351561,OECD
DEU,2010-Q3,0.972517965,OECD
DEU,2010-Q4,0.638373268,OECD
DEU,2011-Q1,1.813932079,OECD
DEU,2011-Q2,0.30603947,OECD
DEU,2011-Q3,0.533944107,OECD
DEU,2011-Q4,-0.0325149,OECD
DEU,2012-Q1,0.281905748,OECD
DEU,2012-Q2,0.140554149,OECD
DEU,2012-Q3,0.140353146,OECD
DEU,2012-Q4,-0.280322786,OECD
DEU,2013-Q1,-0.527110116,OECD
DEU,2013-Q2,1.282609695,OECD
DEU,2013-Q3,0.407814655,OECD
DEU,2013-Q4,0.171005214,OECD
DEU,2014-Q1,1.074968197,OECD
DEU,2014-Q2,0.063332991,OECD
DEU,2014-Q3,0.464190444,OECD
DEU,2014-Q4,0.840071401,OECD
DEU,2015-Q1,-0.210853583,OECD
DEU,2015-Q2,0.626113549,OECD
DEU,2015-Q3,0.497769675,OECD
DEU,2015-Q4,0.526257375,OECD
DEU,2016-Q1,0.862305235,OECD
DEU,2016-Q2,0.284951558,OECD
DEU,2016-Q3,0.405927492,OECD
DEU,2016-Q4,0.454826976,OECD
DEU,2017-Q1,1.282843458,OECD
DEU,2017-Q2,0.755014016,OECD
DEU,2017-Q3,0.847961959,OECD
DEU,2017-Q4,1.046148332,OECD
DEU,2018-Q1,-0.505583881,OECD
DEU,2018-Q2,0.680736014,OECD
DEU,2018-Q3,-0.434664521,OECD
DEU,2018-Q4,0.388053714,OECD
DEU,2019-Q1,0.715110744,OECD
DEU,2019-Q2,1.104e-6,OECD
DEU,2019-Q3,0.546913388,OECD
DEU,2019-Q4,-0.467597981,OECD
DEU,2020-Q1,-1.876732971,OECD
DEU,2020-Q2,-8.940788517,OECD
DEU,2020-Q3,8.788503429,OECD
DEU,2020-Q4,0.838426935,OECD
DEU,2021-Q1,-0.474420365,OECD
DEU,2021-Q2,2.26044216,OECD
DEU,2021-Q3,0.172997754,OECD
DEU,2021-Q4,0.470108287,OECD
DEU,2022-Q1,0.773540422,OECD
DEU,2022-Q2,0.12317942899999999,OECD
DEU,2022-Q3,0.321792367,OECD
DEU,2022-Q4,-0.330188755,OECD
DEU,2023-Q1,-0.679141931,OECD
DEU,2023-Q2,-0.104839542,OECD
DEU,2023-Q3,0.152646141,OECD
DEU,2023-Q4,-0.304824784,OECD
DEU,2024-Q1,0.212596031,OECD
DEU,2024-Q2,-0.133488795,OECD
DEU,2024-Q3,0.105029425,OECD
DEU,2024-Q4,0.219359019,OECD
DEU,2025-Q1,0.118949564,OECD
DEU,2025-Q2,-0.019007482,OECD
DEU,2025-Q3,-0.028519924,OECD
DEU,2025-Q4,0.266259706,OECD
DNK,1996-Q1,0.282455035,OECD
DNK,1996-Q2,2.562218318,OECD
DNK,1996-Q3,0.178386736,OECD
DNK,1996-Q4,0.023987177,OECD
DNK,1997-Q1,1.364522565,OECD
DNK,1997-Q2,1.578922086,OECD
DNK,1997-Q3,-0.437620184,OECD
DNK,1997-Q4,0.294503246,OECD
DNK,1998-Q1,1.52771062,OECD
DNK,1998-Q2,-0.797160909,OECD
DNK,1998-Q3,1.663935431,OECD
DNK,1998-Q4,0.657514095,OECD
DNK,1999-Q1,0.824498865,OECD
DNK,1999-Q2,0.445721958,OECD
DNK,1999-Q3,0.423754097,OECD
DNK,1999-Q4,1.776696669,OECD
DNK,2000-Q1,0.690366217,OECD
DNK,2000-Q2,1.120905156,OECD
DNK,2000-Q3,0.16898917,OECD
DNK,2000-Q4,1.629588322,OECD
DNK,2001-Q1,-1.559346436,OECD
DNK,2001-Q2,0.650245987,OECD
DNK,2001-Q3,0.667026538,OECD
DNK,2001-Q4,0.506276507,OECD
DNK,2002-Q1,-0.705703002,OECD
DNK,2002-Q2,0.174341443,OECD
DNK,2002-Q3,0.435477138,OECD
DNK,2002-Q4,-0.221019577,OECD
DNK,2003-Q1,0.294382733,OECD
DNK,2003-Q2,-0.767190544,OECD
DNK,2003-Q3,0.297120862,OECD
DNK,2003-Q4,1.927311901,OECD
DNK,2004-Q1,0.429283055,OECD
DNK,2004-Q2,0.737377689,OECD
DNK,2004-Q3,0.197778353,OECD
DNK,2004-Q4,1.101110945,OECD
DNK,2005-Q1,-0.420642394,OECD
DNK,2005-Q2,2.129826914,OECD
DNK,2005-Q3,-0.138228863,OECD
DNK,2005-Q4,0.547254709,OECD
DNK,2006-Q1,1.047031228,OECD
DNK,2006-Q2,3.002147554,OECD
DNK,2006-Q3,-0.699059506,OECD
DNK,2006-Q4,-0.128920869,OECD
DNK,2007-Q1,0.38120769,OECD
DNK,2007-Q2,-1.07800767,OECD
DNK,2007-Q3,1.711396639,OECD
DNK,2007-Q4,1.107176562,OECD
DNK,2008-Q1,-0.375353605,OECD
DNK,2008-Q2,-0.940209738,OECD
DNK,2008-Q3,-0.528851058,OECD
DNK,2008-Q4,-1.87853401,OECD
DNK,2009-Q1,-1.960202027,OECD
DNK,2009-Q2,-1.823408675,OECD
DNK,2009-Q3,0.278608301,OECD
DNK,2009-Q4,0.187729667,OECD
DNK,2010-Q1,0.881377534,OECD
DNK,2010-Q2,0.44248976,OECD
DNK,2010-Q3,1.375300953,OECD
DNK,2010-Q4,-0.561470399,OECD
DNK,2011-Q1,0.684030547,OECD
DNK,2011-Q2,0.949005566,OECD
DNK,2011-Q3,-1.289492443,OECD
DNK,2011-Q4,0.768348167,OECD
DNK,2012-Q1,-0.240222201,OECD
DNK,2012-Q2,-0.023566213,OECD
DNK,2012-Q3,0.180338896,OECD
DNK,2012-Q4,0.010187576,OECD
DNK,2013-Q1,0.729333342,OECD
DNK,2013-Q2,0.183565355,OECD
DNK,2013-Q3,0.843971921,OECD
DNK,2013-Q4,0.022737625,OECD
DNK,2014-Q1,0.011035271,OECD
DNK,2014-Q2,0.086713346,OECD
DNK,2014-Q3,1.463354302,OECD
DNK,2014-Q4,-0.068678331,OECD
DNK,2015-Q1,0.753654587,OECD
DNK,2015-Q2,0.655198752,OECD
DNK,2015-Q3,0.160097384,OECD
DNK,2015-Q4,0.26970094,OECD
DNK,2016-Q1,1.233740421,OECD
DNK,2016-Q2,1.091020138,OECD
DNK,2016-Q3,0.815694956,OECD
DNK,2016-Q4,0.52907489,OECD
DNK,2017-Q1,0.967348189,OECD
DNK,2017-Q2,1.206374353,OECD
DNK,2017-Q3,-0.223431499,OECD
DNK,2017-Q4,0.76070515,OECD
DNK,2018-Q1,0.812658,OECD
DNK,2018-Q2,-0.034955974,OECD
DNK,2018-Q3,0.537193737,OECD
DNK,2018-Q4,0.148505442,OECD
DNK,2019-Q1,0.397379309,OECD
DNK,2019-Q2,0.908929024,OECD
DNK,2019-Q3,0.324491239,OECD
DNK,2019-Q4,0.352717779,OECD
DNK,2020-Q1,-0.83092717,OECD
DNK,2020-Q2,-5.928689155,OECD
DNK,2020-Q3,6.033111138,OECD
DNK,2020-Q4,0.037892182,OECD
DNK,2021-Q1,0.525852555,OECD
DNK,2021-Q2,3.452557798,OECD
DNK,2021-Q3,1.974017987,OECD
DNK,2021-Q4,3.273760158,OECD
DNK,2022-Q1,-5.288354529,OECD
DNK,2022-Q2,1.809158412,OECD
DNK,2022-Q3,1.345977953,OECD
DNK,2022-Q4,-1.338616856,OECD
DNK,2023-Q1,1.712939352,OECD
DNK,2023-Q2,-1.472387037,OECD
DNK,2023-Q3,-0.119311669,OECD
DNK,2023-Q4,1.982043628,OECD
DNK,2024-Q1,0.534373304,OECD
DNK,2024-Q2,1.887730187,OECD
DNK,2024-Q3,0.764457283,OECD
DNK,2024-Q4,1.703835508,OECD
DNK,2025-Q1,-1.255523207,OECD
DNK,2025-Q2,1.74250486,OECD
DNK,2025-Q3,2.337361693,OECD
DNK,2025-Q4,0.358087457,OECD
EA,1996-Q1,0.176501,OECD
EA,1996-Q2,0.798771,OECD
EA,1996-Q3,0.433343,OECD
EA,1996-Q4,0.569491,OECD
EA,1997-Q1,0.28441,OECD
EA,1997-Q2,1.214738,OECD
EA,1997-Q3,0.74805,OECD
EA,1997-Q4,1.053898,OECD
EA,1998-Q1,0.734426,OECD
EA,1998-Q2,0.406735,OECD
EA,1998-Q3,0.488991,OECD
EA,1998-Q4,0.299547,OECD
EA,1999-Q1,1.000189,OECD
EA,1999-Q2,0.503638,OECD
EA,1999-Q3,1.270236,OECD
EA,1999-Q4,1.062433,OECD
EA,2000-Q1,1.280515,OECD
EA,2000-Q2,0.939488,OECD
EA,2000-Q3,0.642189,OECD
EA,2000-Q4,0.49748,OECD
EA,2001-Q1,1.081379,OECD
EA,2001-Q2,0.078708,OECD
EA,2001-Q3,0.17235,OECD
EA,2001-Q4,-0.023461,OECD
EA,2002-Q1,0.224614,OECD
EA,2002-Q2,0.492859,OECD
EA,2002-Q3,0.395092,OECD
EA,2002-Q4,0.225693,OECD
EA,2003-Q1,-0.270497,OECD
EA,2003-Q2,0.071488,OECD
EA,2003-Q3,0.602455,OECD
EA,2003-Q4,0.6707,OECD
EA,2004-Q1,0.529993,OECD
EA,2004-Q2,0.64064,OECD
EA,2004-Q3,0.190026,OECD
EA,2004-Q4,0.451642,OECD
EA,2005-Q1,0.28546,OECD
EA,2005-Q2,0.628365,OECD
EA,2005-Q3,0.719724,OECD
EA,2005-Q4,0.716856,OECD
EA,2006-Q1,0.94817,OECD
EA,2006-Q2,1.117987,OECD
EA,2006-Q3,0.524266,OECD
EA,2006-Q4,1.173721,OECD
EA,2007-Q1,0.719828,OECD
EA,2007-Q2,0.676623,OECD
EA,2007-Q3,0.366397,OECD
EA,2007-Q4,0.52216,OECD
EA,2008-Q1,0.662223,OECD
EA,2008-Q2,-0.497437,OECD
EA,2008-Q3,-0.5586,OECD
EA,2008-Q4,-1.707512,OECD
EA,2009-Q1,-3.058163,OECD
EA,2009-Q2,0.002393,OECD
EA,2009-Q3,0.357439,OECD
EA,2009-Q4,0.427933,OECD
EA,2010-Q1,0.408366,OECD
EA,2010-Q2,0.935598,OECD
EA,2010-Q3,0.436587,OECD
EA,2010-Q4,0.576246,OECD
EA,2011-Q1,0.95976,OECD
EA,2011-Q2,0.007801,OECD
EA,2011-Q3,0.011689,OECD
EA,2011-Q4,-0.305054,OECD
EA,2012-Q1,-0.207684,OECD
EA,2012-Q2,-0.356552,OECD
EA,2012-Q3,-0.155315,OECD
EA,2012-Q4,-0.431756,OECD
EA,2013-Q1,-0.301413,OECD
EA,2013-Q2,0.676474,OECD
EA,2013-Q3,0.254031,OECD
EA,2013-Q4,0.212249,OECD
EA,2014-Q1,0.496314,OECD
EA,2014-Q2,0.243796,OECD
EA,2014-Q3,0.451871,OECD
EA,2014-Q4,0.398283,OECD
EA,2015-Q1,0.795097,OECD
EA,2015-Q2,0.437207,OECD
EA,2015-Q3,0.410139,OECD
EA,2015-Q4,0.478048,OECD
EA,2016-Q1,0.507063,OECD
EA,2016-Q2,0.186085,OECD
EA,2016-Q3,0.498352,OECD
EA,2016-Q4,0.803006,OECD
EA,2017-Q1,0.767954,OECD
EA,2017-Q2,0.688911,OECD
EA,2017-Q3,0.771247,OECD
EA,2017-Q4,0.813658,OECD
EA,2018-Q1,0.034422,OECD
EA,2018-Q2,0.493397,OECD
EA,2018-Q3,0.155141,OECD
EA,2018-Q4,0.506073,OECD
EA,2019-Q1,0.757841,OECD
EA,2019-Q2,0.3198,OECD
EA,2019-Q3,0.260606,OECD
EA,2019-Q4,-0.159787,OECD
EA,2020-Q1,-3.145724,OECD
EA,2020-Q2,-11.12835,OECD
EA,2020-Q3,11.521865,OECD
EA,2020-Q4,0.273043,OECD
EA,2021-Q1,0.900981,OECD
EA,2021-Q2,2.136263,OECD
EA,2021-Q3,1.834481,OECD
EA,2021-Q4,0.719365,OECD
EA,2022-Q1,0.759095,OECD
EA,2022-Q2,0.943593,OECD
EA,2022-Q3,0.542494,OECD
EA,2022-Q4,-0.055301,OECD
EA,2023-Q1,-0.192465,OECD
EA,2023-Q2,0.203798,OECD
EA,2023-Q3,0.185079,OECD
EA,2023-Q4,0.011728,OECD
EA,2024-Q1,0.434652,OECD
EA,2024-Q2,0.232484,OECD
EA,2024-Q3,0.538861,OECD
EA,2024-Q4,0.327777,OECD
EA,2025-Q1,0.49038,OECD
EA,2025-Q2,0.033813,OECD
EA,2025-Q3,0.311374,OECD
EA,2025-Q4,0.233086,OECD
ESP,1996-Q1,0.574906474,OECD
ESP,1996-Q2,0.691309619,OECD
ESP,1996-Q3,0.820289484,OECD
ESP,1996-Q4,0.497520023,OECD
ESP,1997-Q1,0.997193497,OECD
ESP,1997-Q2,0.902231546,OECD
ESP,1997-Q3,1.110013943,OECD
ESP,1997-Q4,1.404552281,OECD
ESP,1998-Q1,0.842093037,OECD
ESP,1998-Q2,1.098057283,OECD
ESP,1998-Q3,0.952738113,OECD
ESP,1998-Q4,1.042494463,OECD
ESP,1999-Q1,0.985201042,OECD
ESP,1999-Q2,1.146098794,OECD
ESP,1999-Q3,1.360463633,OECD
ESP,1999-Q4,1.110262058,OECD
ESP,2000-Q1,1.57953232,OECD
ESP,2000-Q2,1.263933687,OECD
ESP,2000-Q3,1.019962745,OECD
ESP,2000-Q4,1.070415545,OECD
ESP,2001-Q1,1.015479824,OECD
ESP,2001-Q2,0.777314974,OECD
ESP,2001-Q3,0.961342553,OECD
ESP,2001-Q4,0.636302608,OECD
ESP,2002-Q1,0.47267489,OECD
ESP,2002-Q2,0.838258475,OECD
ESP,2002-Q3,0.560252376,OECD
ESP,2002-Q4,0.780867148,OECD
ESP,2003-Q1,0.963738252,OECD
ESP,2003-Q2,0.383315701,OECD
ESP,2003-Q3,0.744827695,OECD
ESP,2003-Q4,0.838469676,OECD
ESP,2004-Q1,0.584913037,OECD
ESP,2004-Q2,1.061807266,OECD
ESP,2004-Q3,0.843491407,OECD
ESP,2004-Q4,0.709554631,OECD
ESP,2005-Q1,0.893536763,OECD
ESP,2005-Q2,0.887481604,OECD
ESP,2005-Q3,0.957769723,OECD
ESP,2005-Q4,0.986995738,OECD
ESP,2006-Q1,1.163425095,OECD
ESP,2006-Q2,0.900035359,OECD
ESP,2006-Q3,0.944040721,OECD
ESP,2006-Q4,0.930653351,OECD
ESP,2007-Q1,0.908869819,OECD
ESP,2007-Q2,0.877615805,OECD
ESP,2007-Q3,0.749500845,OECD
ESP,2007-Q4,0.610790979,OECD
ESP,2008-Q1,0.186872462,OECD
ESP,2008-Q2,0.035288305,OECD
ESP,2008-Q3,-0.211655143,OECD
ESP,2008-Q4,-1.55071644,OECD
ESP,2009-Q1,-2.674253979,OECD
ESP,2009-Q2,0.065706716,OECD
ESP,2009-Q3,0.196990712,OECD
ESP,2009-Q4,-0.02418117,OECD
ESP,2010-Q1,-0.089386807,OECD
ESP,2010-Q2,0.123499239,OECD
ESP,2010-Q3,-0.063075122,OECD
ESP,2010-Q4,0.103438361,OECD
ESP,2011-Q1,-0.078812143,OECD
ESP,2011-Q2,-0.258707723,OECD
ESP,2011-Q3,-0.610137562,OECD
ESP,2011-Q4,-0.563315534,OECD
ESP,2012-Q1,-0.940977322,OECD
ESP,2012-Q2,-0.969301851,OECD
ESP,2012-Q3,-0.45930593,OECD
ESP,2012-Q4,-0.829254436,OECD
ESP,2013-Q1,-0.274689964,OECD
ESP,2013-Q2,-0.10237186,OECD
ESP,2013-Q3,-0.063402892,OECD
ESP,2013-Q4,0.190329351,OECD
ESP,2014-Q1,0.3780948,OECD
ESP,2014-Q2,0.539882341,OECD
ESP,2014-Q3,0.79963812,OECD
ESP,2014-Q4,0.967008787,OECD
ESP,2015-Q1,1.217256656,OECD
ESP,2015-Q2,1.119751827,OECD
ESP,2015-Q3,0.917190225,OECD
ESP,2015-Q4,0.893238249,OECD
ESP,2016-Q1,0.694437279,OECD
ESP,2016-Q2,0.330990101,OECD
ESP,2016-Q3,0.790529982,OECD
ESP,2016-Q4,0.568149192,OECD
ESP,2017-Q1,0.708021671,OECD
ESP,2017-Q2,1.04589463,OECD
ESP,2017-Q3,0.631405231,OECD
ESP,2017-Q4,0.60907612,OECD
ESP,2018-Q1,0.42739083,OECD
ESP,2018-Q2,0.652154154,OECD
ESP,2018-Q3,0.55827004,OECD
ESP,2018-Q4,0.585318606,OECD
ESP,2019-Q1,0.613160471,OECD
ESP,2019-Q2,0.288390842,OECD
ESP,2019-Q3,0.191497026,OECD
ESP,2019-Q4,0.570554469,OECD
ESP,2020-Q1,-5.177361236,OECD
ESP,2020-Q2,-17.790382326,OECD
ESP,2020-Q3,15.902224332,OECD
ESP,2020-Q4,0.725797214,OECD
ESP,2021-Q1,1.201634802,OECD
ESP,2021-Q2,1.370903209,OECD
ESP,2021-Q3,1.971105236,OECD
ESP,2021-Q4,2.031498605,OECD
ESP,2022-Q1,1.571661027,OECD
ESP,2022-Q2,1.701504113,OECD
ESP,2022-Q3,0.815734614,OECD
ESP,2022-Q4,0.536012673,OECD
ESP,2023-Q1,0.510027876,OECD
ESP,2023-Q2,0.143887099,OECD
ESP,2023-Q3,0.789782458,OECD
ESP,2023-Q4,0.788457038,OECD
ESP,2024-Q1,1.113118269,OECD
ESP,2024-Q2,0.918927947,OECD
ESP,2024-Q3,0.765154583,OECD
ESP,2024-Q4,0.813604261,OECD
ESP,2025-Q1,0.548401925,OECD
ESP,2025-Q2,0.714386984,OECD
ESP,2025-Q3,0.596989198,OECD
ESP,2025-Q4,0.767653459,OECD
FIN,1996-Q1,1.749869844,OECD
FIN,1996-Q2,0.80729981,OECD
FIN,1996-Q3,0.521670473,OECD
FIN,1996-Q4,1.983280969,OECD
FIN,1997-Q1,1.163526338,OECD
FIN,1997-Q2,1.59062483,OECD
FIN,1997-Q3,2.363300591,OECD
FIN,1997-Q4,2.972859907,OECD
FIN,1998-Q1,-0.799837493,OECD
FIN,1998-Q2,1.988839971,OECD
FIN,1998-Q3,1.3552516,OECD
FIN,1998-Q4,0.903800916,OECD
FIN,1999-Q1,1.626993865,OECD
FIN,1999-Q2,0.516745949,OECD
FIN,1999-Q3,0.523698561,OECD
FIN,1999-Q4,0.822081491,OECD
FIN,2000-Q1,2.993671336,OECD
FIN,2000-Q2,0.773267053,OECD
FIN,2000-Q3,1.555220608,OECD
FIN,2000-Q4,1.140120084,OECD
FIN,2001-Q1,0.489149769,OECD
FIN,2001-Q2,0.073015311,OECD
FIN,2001-Q3,0.683189989,OECD
FIN,2001-Q4,-0.327199262,OECD
FIN,2002-Q1,0.698407103,OECD
FIN,2002-Q2,0.907977071,OECD
FIN,2002-Q3,-0.214652761,OECD
FIN,2002-Q4,1.175524749,OECD
FIN,2003-Q1,-0.743079269,OECD
FIN,2003-Q2,1.464828959,OECD
FIN,2003-Q3,1.194182625,OECD
FIN,2003-Q4,0.214944999,OECD
FIN,2004-Q1,1.261670452,OECD
FIN,2004-Q2,0.816097683,OECD
FIN,2004-Q3,1.134935838,OECD
FIN,2004-Q4,1.531568228,OECD
FIN,2005-Q1,0.984915349,OECD
FIN,2005-Q2,-1.241483424,OECD
FIN,2005-Q3,1.45017901,OECD
FIN,2005-Q4,0.299371518,OECD
FIN,2006-Q1,2.542004349,OECD
FIN,2006-Q2,0.152286221,OECD
FIN,2006-Q3,0.956597055,OECD
FIN,2006-Q4,0.836955693,OECD
FIN,2007-Q1,1.981433514,OECD
FIN,2007-Q2,1.716754111,OECD
FIN,2007-Q3,0.944135606,OECD
FIN,2007-Q4,1.291009877,OECD
FIN,2008-Q1,-0.108738279,OECD
FIN,2008-Q2,-0.769134679,OECD
FIN,2008-Q3,0.336294644,OECD
FIN,2008-Q4,-2.175900203,OECD
FIN,2009-Q1,-6.498836549,OECD
FIN,2009-Q2,-0.425223389,OECD
FIN,2009-Q3,0.956410509,OECD
FIN,2009-Q4,-0.707588546,OECD
FIN,2010-Q1,0.869684715,OECD
FIN,2010-Q2,2.862925984,OECD
FIN,2010-Q3,-0.491939756,OECD
FIN,2010-Q4,2.152418619,OECD
FIN,2011-Q1,0.420668602,OECD
FIN,2011-Q2,-0.248378128,OECD
FIN,2011-Q3,0.122640107,OECD
FIN,2011-Q4,0.09836309,OECD
FIN,2012-Q1,-0.609993511,OECD
FIN,2012-Q2,-1.048390106,OECD
FIN,2012-Q3,-0.352537516,OECD
FIN,2012-Q4,-0.122973305,OECD
FIN,2013-Q1,-0.86755569,OECD
FIN,2013-Q2,0.445217258,OECD
FIN,2013-Q3,0.266326783,OECD
FIN,2013-Q4,-0.176447151,OECD
FIN,2014-Q1,-0.855285665,OECD
FIN,2014-Q2,0.195537152,OECD
FIN,2014-Q3,0.294646615,OECD
FIN,2014-Q4,-0.103014117,OECD
FIN,2015-Q1,-0.824962762,OECD
FIN,2015-Q2,1.44414064,OECD
FIN,2015-Q3,-0.091109255,OECD
FIN,2015-Q4,0.573751805,OECD
FIN,2016-Q1,1.165514375,OECD
FIN,2016-Q2,-0.020539632,OECD
FIN,2016-Q3,1.090691768,OECD
FIN,2016-Q4,0.448935856,OECD
FIN,2017-Q1,0.97110592,OECD
FIN,2017-Q2,1.315142352,OECD
FIN,2017-Q3,0.467449345,OECD
FIN,2017-Q4,0.787387484,OECD
FIN,2018-Q1,0.216615472,OECD
FIN,2018-Q2,-0.196658576,OECD
FIN,2018-Q3,-0.097635447,OECD
FIN,2018-Q4,0.088846243,OECD
FIN,2019-Q1,0.868144939,OECD
FIN,2019-Q2,0.705787102,OECD
FIN,2019-Q3,0.057675166,OECD
FIN,2019-Q4,-0.195633188,OECD
FIN,2020-Q1,-0.211768,OECD
FIN,2020-Q2,-6.520862199,OECD
FIN,2020-Q3,4.941931368,OECD
FIN,2020-Q4,0.985107182,OECD
FIN,2021-Q1,-0.670986474,OECD
FIN,2021-Q2,1.541752072,OECD
FIN,2021-Q3,1.102334562,OECD
FIN,2021-Q4,0.736136671,OECD
FIN,2022-Q1,-0.6325187,OECD
FIN,2022-Q2,0.293122886,OECD
FIN,2022-Q3,-0.107221915,OECD
FIN,2022-Q4,-0.974689242,OECD
FIN,2023-Q1,0.099652092,OECD
FIN,2023-Q2,0.080340925,OECD
FIN,2023-Q3,-1.429269484,OECD
FIN,2023-Q4,-0.099144875,OECD
FIN,2024-Q1,1.100536977,OECD
FIN,2024-Q2,0.264689384,OECD
FIN,2024-Q3,0.755257959,OECD
FIN,2024-Q4,-0.046849786,OECD
FIN,2025-Q1,0.270814527,OECD
FIN,2025-Q2,0.060595568,OECD
FIN,2025-Q3,-0.029414309,OECD
FIN,2025-Q4,0.370383191,OECD
FRA,1996-Q1,0.695138587,OECD
FRA,1996-Q2,0.192828387,OECD
FRA,1996-Q3,0.386020355,OECD
FRA,1996-Q4,0.384653155,OECD
FRA,1997-Q1,0.426885772,OECD
FRA,1997-Q2,1.049612486,OECD
FRA,1997-Q3,0.994352986,OECD
FRA,1997-Q4,0.988207797,OECD
FRA,1998-Q1,0.958484327,OECD
FRA,1998-Q2,0.716077,OECD
FRA,1998-Q3,0.517227801,OECD
FRA,1998-Q4,0.68554403,OECD
FRA,1999-Q1,0.688044134,OECD
FRA,1999-Q2,0.648444927,OECD
FRA,1999-Q3,1.473037182,OECD
FRA,1999-Q4,1.416269428,OECD
FRA,2000-Q1,0.943675213,OECD
FRA,2000-Q2,1.143528435,OECD
FRA,2000-Q3,0.792490282,OECD
FRA,2000-Q4,0.596516203,OECD
FRA,2001-Q1,0.492010539,OECD
FRA,2001-Q2,0.037033789,OECD
FRA,2001-Q3,0.586747054,OECD
FRA,2001-Q4,-0.444942484,OECD
FRA,2002-Q1,0.578025472,OECD
FRA,2002-Q2,0.467843973,OECD
FRA,2002-Q3,0.41197545,OECD
FRA,2002-Q4,0.082390972,OECD
FRA,2003-Q1,0.279640503,OECD
FRA,2003-Q2,-0.434432483,OECD
FRA,2003-Q3,1.111935297,OECD
FRA,2003-Q4,0.373080888,OECD
FRA,2004-Q1,1.033703355,OECD
FRA,2004-Q2,0.447914015,OECD
FRA,2004-Q3,0.358139336,OECD
FRA,2004-Q4,0.890921572,OECD
FRA,2005-Q1,0.2925966,OECD
FRA,2005-Q2,0.209069783,OECD
FRA,2005-Q3,0.786594006,OECD
FRA,2005-Q4,0.686659541,OECD
FRA,2006-Q1,0.861144011,OECD
FRA,2006-Q2,1.219376518,OECD
FRA,2006-Q3,0.077361849,OECD
FRA,2006-Q4,0.527312353,OECD
FRA,2007-Q1,1.048783157,OECD
FRA,2007-Q2,0.654017829,OECD
FRA,2007-Q3,0.339027414,OECD
FRA,2007-Q4,0.049387818,OECD
FRA,2008-Q1,0.893463963,OECD
FRA,2008-Q2,-0.753956393,OECD
FRA,2008-Q3,-0.218172078,OECD
FRA,2008-Q4,-1.287495199,OECD
FRA,2009-Q1,-1.902756213,OECD
FRA,2009-Q2,0.180951187,OECD
FRA,2009-Q3,0.230872393,OECD
FRA,2009-Q4,0.723182842,OECD
FRA,2010-Q1,0.275433795,OECD
FRA,2010-Q2,0.484233821,OECD
FRA,2010-Q3,0.681367191,OECD
FRA,2010-Q4,0.564421437,OECD
FRA,2011-Q1,1.324210506,OECD
FRA,2011-Q2,0.00721092,OECD
FRA,2011-Q3,0.333864447,OECD
FRA,2011-Q4,0.335863511,OECD
FRA,2012-Q1,-0.028754478,OECD
FRA,2012-Q2,-0.417357635,OECD
FRA,2012-Q3,0.329501753,OECD
FRA,2012-Q4,-0.059049606,OECD
FRA,2013-Q1,0.20290121,OECD
FRA,2013-Q2,0.886206058,OECD
FRA,2013-Q3,-0.212407957,OECD
FRA,2013-Q4,0.608546819,OECD
FRA,2014-Q1,-0.007778403,OECD
FRA,2014-Q2,0.228996721,OECD
FRA,2014-Q3,0.669294449,OECD
FRA,2014-Q4,-0.292743417,OECD
FRA,2015-Q1,0.574078163,OECD
FRA,2015-Q2,0.041908879,OECD
FRA,2015-Q3,0.300275222,OECD
FRA,2015-Q4,0.277139711,OECD
FRA,2016-Q1,0.310451435,OECD
FRA,2016-Q2,-0.257068147,OECD
FRA,2016-Q3,0.178207018,OECD
FRA,2016-Q4,0.642646914,OECD
FRA,2017-Q1,0.662327121,OECD
FRA,2017-Q2,0.73686064,OECD
FRA,2017-Q3,0.755240572,OECD
FRA,2017-Q4,0.599610836,OECD
FRA,2018-Q1,-0.057857965,OECD
FRA,2018-Q2,0.226043783,OECD
FRA,2018-Q3,0.550338873,OECD
FRA,2018-Q4,0.720327622,OECD
FRA,2019-Q1,0.949672124,OECD
FRA,2019-Q2,0.496371007,OECD
FRA,2019-Q3,0.042613272,OECD
FRA,2019-Q4,-0.502965992,OECD
FRA,2020-Q1,-5.00282712,OECD
FRA,2020-Q2,-12.21221863,OECD
FRA,2020-Q3,15.145020421,OECD
FRA,2020-Q4,-0.010837528,OECD
FRA,2021-Q1,0.449231751,OECD
FRA,2021-Q2,1.211654906,OECD
FRA,2021-Q3,2.961463974,OECD
FRA,2021-Q4,0.512010561,OECD
FRA,2022-Q1,-0.013957096,OECD
FRA,2022-Q2,0.395949408,OECD
FRA,2022-Q3,0.50695972,OECD
FRA,2022-Q4,0.403675791,OECD
FRA,2023-Q1,0.143812336,OECD
FRA,2023-Q2,0.930754731,OECD
FRA,2023-Q3,0.367187093,OECD
FRA,2023-Q4,0.504201629,OECD
FRA,2024-Q1,0.24469983,OECD
FRA,2024-Q2,0.221237484,OECD
FRA,2024-Q3,0.434986301,OECD
FRA,2024-Q4,-0.011980429,OECD
FRA,2025-Q1,0.168429474,OECD
FRA,2025-Q2,0.235914169,OECD
FRA,2025-Q3,0.423739837,OECD
FRA,2025-Q4,0.262936734,OECD
GBR,1996-Q1,0.706373493,OECD
GBR,1996-Q2,0.316245249,OECD
GBR,1996-Q3,0.893727696,OECD
GBR,1996-Q4,1.347660418,OECD
GBR,1997-Q1,1.603969345,OECD
GBR,1997-Q2,1.113367395,OECD
GBR,1997-Q3,0.89843597100000006,OECD
GBR,1997-Q4,1.469984022,OECD
GBR,1998-Q1,0.713546587,OECD
GBR,1998-Q2,0.576263312,OECD
GBR,1998-Q3,0.158341698,OECD
GBR,1998-Q4,0.650103657,OECD
GBR,1999-Q1,0.684456213,OECD
GBR,1999-Q2,0.364516327,OECD
GBR,1999-Q3,1.673606418,OECD
GBR,1999-Q4,1.609178643,OECD
GBR,2000-Q1,1.3336372,OECD
GBR,2000-Q2,0.720515106,OECD
GBR,2000-Q3,0.608883706,OECD
GBR,2000-Q4,0.593690726,OECD
GBR,2001-Q1,0.831246195,OECD
GBR,2001-Q2,0.410677202,OECD
GBR,2001-Q3,0.471345959,OECD
GBR,2001-Q4,0.269109809,OECD
GBR,2002-Q1,0.303638454,OECD
GBR,2002-Q2,0.526963182,OECD
GBR,2002-Q3,0.586572593,OECD
GBR,2002-Q4,0.659970852,OECD
GBR,2003-Q1,0.844175717,OECD
GBR,2003-Q2,0.928154139,OECD
GBR,2003-Q3,1.042979788,OECD
GBR,2003-Q4,0.783460158,OECD
GBR,2004-Q1,0.317231981,OECD
GBR,2004-Q2,0.480569665,OECD
GBR,2004-Q3,0.357529814,OECD
GBR,2004-Q4,0.456359564,OECD
GBR,2005-Q1,0.771485939,OECD
GBR,2005-Q2,0.832119595,OECD
GBR,2005-Q3,0.920572654,OECD
GBR,2005-Q4,1.046041064,OECD
GBR,2006-Q1,0.360050403,OECD
GBR,2006-Q2,0.265262917,OECD
GBR,2006-Q3,0.157200404,OECD
GBR,2006-Q4,0.355642752,OECD
GBR,2007-Q1,1.09762578,OECD
GBR,2007-Q2,0.940326451,OECD
GBR,2007-Q3,0.942364427,OECD
GBR,2007-Q4,0.845230804,OECD
GBR,2008-Q1,0.373992308,OECD
GBR,2008-Q2,-0.536740016,OECD
GBR,2008-Q3,-1.641701269,OECD
GBR,2008-Q4,-2.115997428,OECD
GBR,2009-Q1,-2.022904296,OECD
GBR,2009-Q2,-0.289217387,OECD
GBR,2009-Q3,0.124075582,OECD
GBR,2009-Q4,0.333369727,OECD
GBR,2010-Q1,0.839723453,OECD
GBR,2010-Q2,1.142262078,OECD
GBR,2010-Q3,0.587886968,OECD
GBR,2010-Q4,0.050560497,OECD
GBR,2011-Q1,0.163973531,OECD
GBR,2011-Q2,-0.047982529,OECD
GBR,2011-Q3,0.173843675,OECD
GBR,2011-Q4,0.082806835,OECD
GBR,2012-Q1,0.943568944,OECD
GBR,2012-Q2,-0.053015612,OECD
GBR,2012-Q3,1.036272142,OECD
GBR,2012-Q4,-0.144374157,OECD
GBR,2013-Q1,0.26529924,OECD
GBR,2013-Q2,0.665115421,OECD
GBR,2013-Q3,0.766100359,OECD
GBR,2013-Q4,0.659438576,OECD
GBR,2014-Q1,0.801075759,OECD
GBR,2014-Q2,0.940847601,OECD
GBR,2014-Q3,0.814032641,OECD
GBR,2014-Q4,0.659900233,OECD
GBR,2015-Q1,0.303654985,OECD
GBR,2015-Q2,0.456550248,OECD
GBR,2015-Q3,0.387741019,OECD
GBR,2015-Q4,0.599259538,OECD
GBR,2016-Q1,0.503402104,OECD
GBR,2016-Q2,0.735563487,OECD
GBR,2016-Q3,0.441482173,OECD
GBR,2016-Q4,0.618994841,OECD
GBR,2017-Q1,0.953971766,OECD
GBR,2017-Q2,0.853123059,OECD
GBR,2017-Q3,0.676756016,OECD
GBR,2017-Q4,0.750541521,OECD
GBR,2018-Q1,0.078511925,OECD
GBR,2018-Q2,0.21756284,OECD
GBR,2018-Q3,0.317064438,OECD
GBR,2018-Q4,0.129751899,OECD
GBR,2019-Q1,0.503836163,OECD
GBR,2019-Q2,0.213237239,OECD
GBR,2019-Q3,0.550627929,OECD
GBR,2019-Q4,0.005965279,OECD
GBR,2020-Q1,-2.744908565,OECD
GBR,2020-Q2,-19.906160876,OECD
GBR,2020-Q3,16.964675432,OECD
GBR,2020-Q4,1.36798413,OECD
GBR,2021-Q1,-1.07616295,OECD
GBR,2021-Q2,6.982282324,OECD
GBR,2021-Q3,1.686645521,OECD
GBR,2021-Q4,1.377648545,OECD
GBR,2022-Q1,1.013349515,OECD
GBR,2022-Q2,0.557926646,OECD
GBR,2022-Q3,0.101116802,OECD
GBR,2022-Q4,0.260251023,OECD
GBR,2023-Q1,0.056473635,OECD
GBR,2023-Q2,0.041351933,OECD
GBR,2023-Q3,-0.239597036,OECD
GBR,2023-Q4,-0.3214415,OECD
GBR,2024-Q1,0.728091618,OECD
GBR,2024-Q2,0.621180968,OECD
GBR,2024-Q3,0.179015988,OECD
GBR,2024-Q4,0.433093827,OECD
GBR,2025-Q1,0.573394987,OECD
GBR,2025-Q2,0.155863807,OECD
GBR,2025-Q3,0.074970821000000007,OECD
GBR,2025-Q4,0.050794408,OECD
GRC,1996-Q1,-0.146305406,OECD
GRC,1996-Q2,-0.076380401,OECD
GRC,1996-Q3,0.780051369,OECD
GRC,1996-Q4,0.612306364,OECD
GRC,1997-Q1,0.692484615,OECD
GRC,1997-Q2,1.498764275,OECD
GRC,1997-Q3,1.471632228,OECD
GRC,1997-Q4,0.825030642,OECD
GRC,1998-Q1,1.279939979,OECD
GRC,1998-Q2,0.2655858,OECD
GRC,1998-Q3,0.14366706,OECD
GRC,1998-Q4,0.422947586,OECD
GRC,1999-Q1,0.814356327,OECD
GRC,1999-Q2,0.682699568,OECD
GRC,1999-Q3,0.665590957,OECD
GRC,1999-Q4,1.630977898,OECD
GRC,2000-Q1,0.244273475,OECD
GRC,2000-Q2,1.411265987,OECD
GRC,2000-Q3,1.637221041,OECD
GRC,2000-Q4,1.315965665,OECD
GRC,2001-Q1,1.585091015,OECD
GRC,2001-Q2,-0.233563134,OECD
GRC,2001-Q3,1.800181497,OECD
GRC,2001-Q4,0.680799653,OECD
GRC,2002-Q1,0.918981432,OECD
GRC,2002-Q2,2.393393658,OECD
GRC,2002-Q3,0.719404426,OECD
GRC,2002-Q4,0.859830285,OECD
GRC,2003-Q1,1.900597386,OECD
GRC,2003-Q2,1.801460953,OECD
GRC,2003-Q3,0.713353662,OECD
GRC,2003-Q4,1.889632197,OECD
GRC,2004-Q1,2.030942652,OECD
GRC,2004-Q2,0.144292064,OECD
GRC,2004-Q3,1.403340325,OECD
GRC,2004-Q4,0.126378483,OECD
GRC,2005-Q1,-0.828417845,OECD
GRC,2005-Q2,0.59119506,OECD
GRC,2005-Q3,1.53052642,OECD
GRC,2005-Q4,0.604934693,OECD
GRC,2006-Q1,3.361395294,OECD
GRC,2006-Q2,0.682165143,OECD
GRC,2006-Q3,0.65315033,OECD
GRC,2006-Q4,2.735956642,OECD
GRC,2007-Q1,-0.54929704,OECD
GRC,2007-Q2,2.599507074,OECD
GRC,2007-Q3,-0.477832781,OECD
GRC,2007-Q4,-1.140391275,OECD
GRC,2008-Q1,1.399349914,OECD
GRC,2008-Q2,-0.894801778,OECD
GRC,2008-Q3,0.028176006,OECD
GRC,2008-Q4,-0.692129351,OECD
GRC,2009-Q1,-5.035856937,OECD
GRC,2009-Q2,2.566437507,OECD
GRC,2009-Q3,-0.340512913,OECD
GRC,2009-Q4,-0.156695553,OECD
GRC,2010-Q1,-1.140398692,OECD
GRC,2010-Q2,-4.30080078,OECD
GRC,2010-Q3,-3.236484178,OECD
GRC,2010-Q4,-0.440350018,OECD
GRC,2011-Q1,-3.578961027,OECD
GRC,2011-Q2,-1.853274094,OECD
GRC,2011-Q3,-2.190144365,OECD
GRC,2011-Q4,-4.490787361,OECD
GRC,2012-Q1,-0.918340403,OECD
GRC,2012-Q2,-2.373142772,OECD
GRC,2012-Q3,-1.447147225,OECD
GRC,2012-Q4,-1.039024991,OECD
GRC,2013-Q1,-0.717721918,OECD
GRC,2013-Q2,0.120699923,OECD
GRC,2013-Q3,0.616319627,OECD
GRC,2013-Q4,0.493020524,OECD
GRC,2014-Q1,-0.207353616,OECD
GRC,2014-Q2,0.09993637,OECD
GRC,2014-Q3,0.986764245,OECD
GRC,2014-Q4,-0.760327285,OECD
GRC,2015-Q1,0.421209373,OECD
GRC,2015-Q2,-0.221761189,OECD
GRC,2015-Q3,-2.059790063,OECD
GRC,2015-Q4,2.406486383,OECD
GRC,2016-Q1,-0.975071756,OECD
GRC,2016-Q2,-0.052421579,OECD
GRC,2016-Q3,0.273753568,OECD
GRC,2016-Q4,0.594918072,OECD
GRC,2017-Q1,0.179289392,OECD
GRC,2017-Q2,0.540477569,OECD
GRC,2017-Q3,0.901537128,OECD
GRC,2017-Q4,-0.752956958,OECD
GRC,2018-Q1,1.508829888,OECD
GRC,2018-Q2,0.189152908,OECD
GRC,2018-Q3,0.274080808,OECD
GRC,2018-Q4,0.613567762,OECD
GRC,2019-Q1,1.147585869,OECD
GRC,2019-Q2,0.929021208,OECD
GRC,2019-Q3,-0.504951459,OECD
GRC,2019-Q4,-0.108525643,OECD
GRC,2020-Q1,-1.958914022,OECD
GRC,2020-Q2,-13.759291645,OECD
GRC,2020-Q3,6.146202082,OECD
GRC,2020-Q4,2.548792841,OECD
GRC,2021-Q1,4.195097453,OECD
GRC,2021-Q2,1.410481872,OECD
GRC,2021-Q3,2.934131715,OECD
GRC,2021-Q4,1.307285668,OECD
GRC,2022-Q1,1.886027018,OECD
GRC,2022-Q2,0.193473165,OECD
GRC,2022-Q3,1.028133092,OECD
GRC,2022-Q4,0.914951492,OECD
GRC,2023-Q1,0.030082616,OECD
GRC,2023-Q2,1.112456546,OECD
GRC,2023-Q3,-0.287828249,OECD
GRC,2023-Q4,0.673421556,OECD
GRC,2024-Q1,0.28946425,OECD
GRC,2024-Q2,1.155017717,OECD
GRC,2024-Q3,0.287143091,OECD
GRC,2024-Q4,0.458693913,OECD
GRC,2025-Q1,0.518477781,OECD
GRC,2025-Q2,0.489653021,OECD
GRC,2025-Q3,0.598302182,OECD
GRC,2025-Q4,0.692315696,OECD
HUN,1996-Q1,0.874010333,OECD
HUN,1996-Q2,-0.792061922,OECD
HUN,1996-Q3,-0.184703582,OECD
HUN,1996-Q4,1.24723879,OECD
HUN,1997-Q1,0.877005942,OECD
HUN,1997-Q2,1.055769104,OECD
HUN,1997-Q3,0.856901882,OECD
HUN,1997-Q4,0.820300044,OECD
HUN,1998-Q1,0.812007804,OECD
HUN,1998-Q2,1.546134292,OECD
HUN,1998-Q3,0.929312189,OECD
HUN,1998-Q4,0.024802516,OECD
HUN,1999-Q1,0.010987737,OECD
HUN,1999-Q2,1.105643416,OECD
HUN,1999-Q3,1.893263908,OECD
HUN,1999-Q4,1.159581769,OECD
HUN,2000-Q1,0.835759116,OECD
HUN,2000-Q2,0.942329241,OECD
HUN,2000-Q3,0.902576744,OECD
HUN,2000-Q4,1.873085265,OECD
HUN,2001-Q1,0.705138376,OECD
HUN,2001-Q2,0.795538588,OECD
HUN,2001-Q3,0.877351773,OECD
HUN,2001-Q4,0.750268031,OECD
HUN,2002-Q1,2.301919072,OECD
HUN,2002-Q2,0.528978066,OECD
HUN,2002-Q3,0.90600222,OECD
HUN,2002-Q4,1.196940146,OECD
HUN,2003-Q1,0.668003626,OECD
HUN,2003-Q2,1.058230777,OECD
HUN,2003-Q3,1.187768154,OECD
HUN,2003-Q4,0.995408456,OECD
HUN,2004-Q1,1.651162216,OECD
HUN,2004-Q2,1.089956936,OECD
HUN,2004-Q3,1.182217513,OECD
HUN,2004-Q4,0.380271977,OECD
HUN,2005-Q1,0.933610563,OECD
HUN,2005-Q2,2.048303269,OECD
HUN,2005-Q3,0.711982708,OECD
HUN,2005-Q4,1.104980962,OECD
HUN,2006-Q1,0.748328454,OECD
HUN,2006-Q2,1.453801007,OECD
HUN,2006-Q3,0.542595176,OECD
HUN,2006-Q4,0.949336047,OECD
HUN,2007-Q1,-1.225187283,OECD
HUN,2007-Q2,-0.077269295,OECD
HUN,2007-Q3,0.49214661,OECD
HUN,2007-Q4,0.325216152,OECD
HUN,2008-Q1,1.040259111,OECD
HUN,2008-Q2,0.508634405,OECD
HUN,2008-Q3,-0.249809163,OECD
HUN,2008-Q4,-3.523709749,OECD
HUN,2009-Q1,-4.209048702,OECD
HUN,2009-Q2,0.047480148,OECD
HUN,2009-Q3,-0.051866811,OECD
HUN,2009-Q4,-0.079976523,OECD
HUN,2010-Q1,0.135627894,OECD
HUN,2010-Q2,0.791451644,OECD
HUN,2010-Q3,0.750901501,OECD
HUN,2010-Q4,-0.083383851,OECD
HUN,2011-Q1,1.206279308,OECD
HUN,2011-Q2,-0.184529792,OECD
HUN,2011-Q3,0.1194044,OECD
HUN,2011-Q4,1.127344722,OECD
HUN,2012-Q1,-1.366718283,OECD
HUN,2012-Q2,-0.940861343,OECD
HUN,2012-Q3,0.241256901,OECD
HUN,2012-Q4,-0.234424506,OECD
HUN,2013-Q1,0.633660165,OECD
HUN,2013-Q2,0.937436233,OECD
HUN,2013-Q3,1.555118526,OECD
HUN,2013-Q4,0.804595814,OECD
HUN,2014-Q1,0.969446021,OECD
HUN,2014-Q2,1.301695316,OECD
HUN,2014-Q3,0.957573099,OECD
HUN,2014-Q4,0.547659895,OECD
HUN,2015-Q1,1.611321179,OECD
HUN,2015-Q2,0.120478963,OECD
HUN,2015-Q3,0.766456692,OECD
HUN,2015-Q4,1.072456945,OECD
HUN,2016-Q1,-0.236697884,OECD
HUN,2016-Q2,1.249786634,OECD
HUN,2016-Q3,0.51635554,OECD
HUN,2016-Q4,0.904179916,OECD
HUN,2017-Q1,1.211039661,OECD
HUN,2017-Q2,1.189094483,OECD
HUN,2017-Q3,0.937913323,OECD
HUN,2017-Q4,1.476017986,OECD
HUN,2018-Q1,1.947249715,OECD
HUN,2018-Q2,0.907592432,OECD
HUN,2018-Q3,1.502613347,OECD
HUN,2018-Q4,1.111707533,OECD
HUN,2019-Q1,2.079974669,OECD
HUN,2019-Q2,0.308307496,OECD
HUN,2019-Q3,1.407059492,OECD
HUN,2019-Q4,0.665643962,OECD
HUN,2020-Q1,-0.275064771,OECD
HUN,2020-Q2,-14.524147786,OECD
HUN,2020-Q3,11.756862863,OECD
HUN,2020-Q4,1.809867361,OECD
HUN,2021-Q1,1.277043079,OECD
HUN,2021-Q2,2.170224181,OECD
HUN,2021-Q3,1.205277588,OECD
HUN,2021-Q4,2.553453283,OECD
HUN,2022-Q1,1.201892492,OECD
HUN,2022-Q2,0.884240361,OECD
HUN,2022-Q3,-1.118644579,OECD
HUN,2022-Q4,-0.870833627,OECD
HUN,2023-Q1,-0.387353855,OECD
HUN,2023-Q2,0.037222234,OECD
HUN,2023-Q3,1.377947999,OECD
HUN,2023-Q4,0.023418221,OECD
HUN,2024-Q1,0.191811148,OECD
HUN,2024-Q2,-0.160091758,OECD
HUN,2024-Q3,-0.261898643,OECD
HUN,2024-Q4,0.301393569,OECD
HUN,2025-Q1,-0.162064314,OECD
HUN,2025-Q2,0.544729791,OECD
HUN,2025-Q3,0.163571597,OECD
HUN,2025-Q4,0.206362506,OECD
IND,1996-Q1,0.48898,OECD; backward-filled from 1996-Q3
IND,1996-Q2,0.48898,OECD; backward-filled from 1996-Q3
IND,1996-Q3,0.48898,OECD
IND,1996-Q4,1.58557,OECD
IND,1997-Q1,0.75236,OECD
IND,1997-Q2,0.40985,OECD
IND,1997-Q3,1.19283,OECD
IND,1997-Q4,1.60086,OECD
IND,1998-Q1,1.63007,OECD
IND,1998-Q2,1.31074,OECD
IND,1998-Q3,1.81475,OECD
IND,1998-Q4,1.31071,OECD
IND,1999-Q1,1.62415,OECD
IND,1999-Q2,2.58223,OECD
IND,1999-Q3,1.24533,OECD
IND,1999-Q4,1.65076,OECD
IND,2000-Q1,2.09953,OECD
IND,2000-Q2,0.13491,OECD
IND,2000-Q3,1.32769,OECD
IND,2000-Q4,0.04189,OECD
IND,2001-Q1,0.54066,OECD
IND,2001-Q2,2.08137,OECD
IND,2001-Q3,1.23686,OECD
IND,2001-Q4,2.29588,OECD
IND,2002-Q1,0.8071,OECD
IND,2002-Q2,0.62376,OECD
IND,2002-Q3,0.59356,OECD
IND,2002-Q4,0.07824,OECD
IND,2003-Q1,2.25109,OECD
IND,2003-Q2,2.5332,OECD
IND,2003-Q3,2.63211,OECD
IND,2003-Q4,3.28321,OECD
IND,2004-Q1,0.36449,OECD
IND,2004-Q2,2.19086,OECD
IND,2004-Q3,2.35494,OECD
IND,2004-Q4,2.12793,OECD
IND,2005-Q1,1.95785,OECD
IND,2005-Q2,2.86011,OECD
IND,2005-Q3,1.53564,OECD
IND,2005-Q4,2.47894,OECD
IND,2006-Q1,2.43439,OECD
IND,2006-Q2,1.43963,OECD
IND,2006-Q3,3.06028,OECD
IND,2006-Q4,2.42361,OECD
IND,2007-Q1,2.23386,OECD
IND,2007-Q2,2.12666,OECD
IND,2007-Q3,1.61073,OECD
IND,2007-Q4,4.97807,OECD
IND,2008-Q1,0.03487,OECD
IND,2008-Q2,0.61796,OECD
IND,2008-Q3,0.55489,OECD
IND,2008-Q4,0.86952,OECD
IND,2009-Q1,-1.83133,OECD
IND,2009-Q2,5.48379,OECD
IND,2009-Q3,2.50343,OECD
IND,2009-Q4,2.21503,OECD
IND,2010-Q1,2.56379,OECD
IND,2010-Q2,2.55034,OECD
IND,2010-Q3,2.38066,OECD
IND,2010-Q4,2.67244,OECD
IND,2011-Q1,2.2318,OECD
IND,2011-Q2,1.76757,OECD
IND,2011-Q3,-1.51851,OECD
IND,2011-Q4,1.98403,OECD
IND,2012-Q1,1.77752,OECD
IND,2012-Q2,1.46771,OECD
IND,2012-Q3,1.20753,OECD
IND,2012-Q4,1.29246,OECD
IND,2013-Q1,1.57104,OECD
IND,2013-Q2,1.48679,OECD
IND,2013-Q3,1.67238,OECD
IND,2013-Q4,2.09188,OECD
IND,2014-Q1,1.27708,OECD
IND,2014-Q2,2.22418,OECD
IND,2014-Q3,1.85175,OECD
IND,2014-Q4,1.48352,OECD
IND,2015-Q1,1.75841,OECD
IND,2015-Q2,2.09579,OECD
IND,2015-Q3,1.884,OECD
IND,2015-Q4,2.04623,OECD
IND,2016-Q1,2.79949,OECD
IND,2016-Q2,1.87589,OECD
IND,2016-Q3,2.22306,OECD
IND,2016-Q4,1.35002,OECD
IND,2017-Q1,0.89042,OECD
IND,2017-Q2,1.95688,OECD
IND,2017-Q3,1.6991,OECD
IND,2017-Q4,1.9307,OECD
IND,2018-Q1,2.11386,OECD
IND,2018-Q2,1.34267,OECD
IND,2018-Q3,1.3593,OECD
IND,2018-Q4,1.42666,OECD
IND,2019-Q1,1.0674,OECD
IND,2019-Q2,1.08951,OECD
IND,2019-Q3,0.86798,OECD
IND,2019-Q4,0.3117,OECD
IND,2020-Q1,0.31137,OECD
IND,2020-Q2,-24.01776,OECD
IND,2020-Q3,24.30869,OECD
IND,2020-Q4,7.3772,OECD
IND,2021-Q1,1.32762,OECD
IND,2021-Q2,-9.01591,OECD
IND,2021-Q3,12.18349,OECD
IND,2021-Q4,0.75731,OECD
IND,2022-Q1,1.08927,OECD
IND,2022-Q2,1.77402,OECD
IND,2022-Q3,1.25321,OECD
IND,2022-Q4,4.44697,OECD
IND,2023-Q1,0.13969,OECD
IND,2023-Q2,1.46367,OECD
IND,2023-Q3,2.07634,OECD
IND,2023-Q4,2.27775,OECD
IND,2024-Q1,1.4726,OECD
IND,2024-Q2,1.78154,OECD
IND,2024-Q3,1.50226,OECD
IND,2024-Q4,1.93375,OECD
IND,2025-Q1,1.51338,OECD
IND,2025-Q2,2.07583,OECD
IND,2025-Q3,2.12605,OECD
IND,2025-Q4,1.8322,OECD
IRL,1996-Q1,3.953660938,OECD
IRL,1996-Q2,2.241893021,OECD
IRL,1996-Q3,-2.815194851,OECD
IRL,1996-Q4,2.461346898,OECD
IRL,1997-Q1,6.754303195,OECD
IRL,1997-Q2,3.0395602,OECD
IRL,1997-Q3,-0.119786901,OECD
IRL,1997-Q4,3.431645719,OECD
IRL,1998-Q1,2.983864023,OECD
IRL,1998-Q2,2.612438943,OECD
IRL,1998-Q3,1.275271289,OECD
IRL,1998-Q4,-1.059021797,OECD
IRL,1999-Q1,6.547681557,OECD
IRL,1999-Q2,1.468372528,OECD
IRL,1999-Q3,2.216258144,OECD
IRL,1999-Q4,4.010701091,OECD
IRL,2000-Q1,0.922980618,OECD
IRL,2000-Q2,3.671524761,OECD
IRL,2000-Q3,0.566307805,OECD
IRL,2000-Q4,2.655442352,OECD
IRL,2001-Q1,1.310307979,OECD
IRL,2001-Q2,1.98924888,OECD
IRL,2001-Q3,-2.640618948,OECD
IRL,2001-Q4,3.229889451,OECD
IRL,2002-Q1,3.794742018,OECD
IRL,2002-Q2,0.116243066,OECD
IRL,2002-Q3,-0.107713877,OECD
IRL,2002-Q4,2.809019272,OECD
IRL,2003-Q1,-1.44441559,OECD
IRL,2003-Q2,2.3058811,OECD
IRL,2003-Q3,-1.962501093,OECD
IRL,2003-Q4,7.61210631,OECD
IRL,2004-Q1,-0.642921238,OECD
IRL,2004-Q2,3.702319627,OECD
IRL,2004-Q3,-3.148812315,OECD
IRL,2004-Q4,4.274089328,OECD
IRL,2005-Q1,1.621676438,OECD
IRL,2005-Q2,2.536879947,OECD
IRL,2005-Q3,-3.065640752,OECD
IRL,2005-Q4,5.117433995,OECD
IRL,2006-Q1,0.950288793,OECD
IRL,2006-Q2,1.314368733,OECD
IRL,2006-Q3,-0.708743119,OECD
IRL,2006-Q4,1.716696545,OECD
IRL,2007-Q1,5.294938705,OECD
IRL,2007-Q2,-0.415095836,OECD
IRL,2007-Q3,-4.465482337,OECD
IRL,2007-Q4,4.859535001,OECD
IRL,2008-Q1,-1.843463412,OECD
IRL,2008-Q2,-2.343907887,OECD
IRL,2008-Q3,-1.311594544,OECD
IRL,2008-Q4,-4.466384607,OECD
IRL,2009-Q1,1.023779262,OECD
IRL,2009-Q2,0.299328072,OECD
IRL,2009-Q3,-1.924508039,OECD
IRL,2009-Q4,-2.094622769,OECD
IRL,2010-Q1,3.568620645,OECD
IRL,2010-Q2,1.121591246,OECD
IRL,2010-Q3,-0.0138054,OECD
IRL,2010-Q4,-1.06145661,OECD
IRL,2011-Q1,2.503909259,OECD
IRL,2011-Q2,1.10160553,OECD
IRL,2011-Q3,-1.855928186,OECD
IRL,2011-Q4,-0.986121123,OECD
IRL,2012-Q1,0.089983261,OECD
IRL,2012-Q2,3.311091051,OECD
IRL,2012-Q3,-2.98567407,OECD
IRL,2012-Q4,-0.615577678,OECD
IRL,2013-Q1,1.181675389,OECD
IRL,2013-Q2,1.826963835,OECD
IRL,2013-Q3,3.084552564,OECD
IRL,2013-Q4,-2.492532014,OECD
IRL,2014-Q1,7.125930215,OECD
IRL,2014-Q2,2.513163588,OECD
IRL,2014-Q3,0.719526854,OECD
IRL,2014-Q4,-0.49536976,OECD
IRL,2015-Q1,24.620640725,OECD
IRL,2015-Q2,-2.540544595,OECD
IRL,2015-Q3,2.484249977,OECD
IRL,2015-Q4,0.153742716,OECD
IRL,2016-Q1,-1.630421672,OECD
IRL,2016-Q2,-0.834349918,OECD
IRL,2016-Q3,0.196139828,OECD
IRL,2016-Q4,10.768552956,OECD
IRL,2017-Q1,-2.204754139,OECD
IRL,2017-Q2,0.837385764,OECD
IRL,2017-Q3,5.955528713,OECD
IRL,2017-Q4,3.216397448,OECD
IRL,2018-Q1,1.00273498,OECD
IRL,2018-Q2,0.286490146,OECD
IRL,2018-Q3,1.469840279,OECD
IRL,2018-Q4,0.424970271,OECD
IRL,2019-Q1,1.082334961,OECD
IRL,2019-Q2,1.433378961,OECD
IRL,2019-Q3,2.682313562,OECD
IRL,2019-Q4,0.890662828,OECD
IRL,2020-Q1,3.998612135,OECD
IRL,2020-Q2,-5.450769609,OECD
IRL,2020-Q3,12.787278282,OECD
IRL,2020-Q4,-4.550794546,OECD
IRL,2021-Q1,11.142793803,OECD
IRL,2021-Q2,2.718819028,OECD
IRL,2021-Q3,4.714251736,OECD
IRL,2021-Q4,-3.223619395,OECD
IRL,2022-Q1,3.324601107,OECD
IRL,2022-Q2,3.336778031,OECD
IRL,2022-Q3,4.441785813,OECD
IRL,2022-Q4,-1.740039544,OECD
IRL,2023-Q1,-4.951726016,OECD
IRL,2023-Q2,0.74212955,OECD
IRL,2023-Q3,1.192866666,OECD
IRL,2023-Q4,-4.846993321,OECD
IRL,2024-Q1,2.29804568,OECD
IRL,2024-Q2,0.101347636,OECD
IRL,2024-Q3,7.704800953,OECD
IRL,2024-Q4,1.765025096,OECD
IRL,2025-Q1,6.315075767,OECD
IRL,2025-Q2,-4.148381139,OECD
IRL,2025-Q3,1.389365611,OECD
IRL,2025-Q4,-3.312200818,OECD
ISL,1996-Q1,3.546554692,OECD
ISL,1996-Q2,0.248306243,OECD
ISL,1996-Q3,-0.021560686,OECD
ISL,1996-Q4,1.220752014,OECD
ISL,1997-Q1,1.968199377,OECD
ISL,1997-Q2,0.406189603,OECD
ISL,1997-Q3,0.765739653,OECD
ISL,1997-Q4,1.843625001,OECD
ISL,1998-Q1,-3.182845225,OECD
ISL,1998-Q2,10.085098001,OECD
ISL,1998-Q3,0.709602165,OECD
ISL,1998-Q4,1.992137601,OECD
ISL,1999-Q1,0.125246413,OECD
ISL,1999-Q2,-2.584380519,OECD
ISL,1999-Q3,1.227113142,OECD
ISL,1999-Q4,3.716665141,OECD
ISL,2000-Q1,-0.010335717,OECD
ISL,2000-Q2,0.668876155,OECD
ISL,2000-Q3,4.135479082,OECD
ISL,2000-Q4,-1.668655852,OECD
ISL,2001-Q1,0.391705454,OECD
ISL,2001-Q2,3.101231711,OECD
ISL,2001-Q3,-2.307176852,OECD
ISL,2001-Q4,5.397677383,OECD
ISL,2002-Q1,-5.626003383,OECD
ISL,2002-Q2,3.189129459,OECD
ISL,2002-Q3,-0.171295607,OECD
ISL,2002-Q4,2.15948753,OECD
ISL,2003-Q1,1.106262373,OECD
ISL,2003-Q2,-3.463825434,OECD
ISL,2003-Q3,1.390231375,OECD
ISL,2003-Q4,3.284822207,OECD
ISL,2004-Q1,3.315523098,OECD
ISL,2004-Q2,-1.943043191,OECD
ISL,2004-Q3,5.733825606,OECD
ISL,2004-Q4,2.048950557,OECD
ISL,2005-Q1,-2.000745466,OECD
ISL,2005-Q2,6.330451021,OECD
ISL,2005-Q3,0.045602341,OECD
ISL,2005-Q4,1.494193859,OECD
ISL,2006-Q1,-0.062440627,OECD
ISL,2006-Q2,3.092408056,OECD
ISL,2006-Q3,0.550796784,OECD
ISL,2006-Q4,1.517151353,OECD
ISL,2007-Q1,2.61462188,OECD
ISL,2007-Q2,3.497429566,OECD
ISL,2007-Q3,-0.513306507,OECD
ISL,2007-Q4,5.287110743,OECD
ISL,2008-Q1,-2.237028559,OECD
ISL,2008-Q2,1.196511331,OECD
ISL,2008-Q3,-5.230414614,OECD
ISL,2008-Q4,5.313153052,OECD
ISL,2009-Q1,-9.42003327,OECD
ISL,2009-Q2,-0.998181064,OECD
ISL,2009-Q3,1.690454548,OECD
ISL,2009-Q4,-1.401486276,OECD
ISL,2010-Q1,-4.570427403,OECD
ISL,2010-Q2,4.565636285,OECD
ISL,2010-Q3,-2.113234171,OECD
ISL,2010-Q4,2.453581884,OECD
ISL,2011-Q1,-3.724102263,OECD
ISL,2011-Q2,3.331292427,OECD
ISL,2011-Q3,1.722381433,OECD
ISL,2011-Q4,-0.056345361,OECD
ISL,2012-Q1,-2.877933199,OECD
ISL,2012-Q2,2.071730606,OECD
ISL,2012-Q3,1.701600036,OECD
ISL,2012-Q4,0.311250705,OECD
ISL,2013-Q1,0.136613309,OECD
ISL,2013-Q2,0.813543588,OECD
ISL,2013-Q3,1.46058747,OECD
ISL,2013-Q4,1.920488378,OECD
ISL,2014-Q1,-2.007493882,OECD
ISL,2014-Q2,-0.025788111,OECD
ISL,2014-Q3,4.055151659,OECD
ISL,2014-Q4,-1.588742021,OECD
ISL,2015-Q1,-1.200559571,OECD
ISL,2015-Q2,5.417706228,OECD
ISL,2015-Q3,0.352561288,OECD
ISL,2015-Q4,-0.079044012,OECD
ISL,2016-Q1,-1.583566513,OECD
ISL,2016-Q2,5.75143071,OECD
ISL,2016-Q3,2.568679519,OECD
ISL,2016-Q4,2.753965457,OECD
ISL,2017-Q1,-4.042286685,OECD
ISL,2017-Q2,2.418231741,OECD
ISL,2017-Q3,0.676150801,OECD
ISL,2017-Q4,3.147186634,OECD
ISL,2018-Q1,0.741020038,OECD
ISL,2018-Q2,-0.009675194,OECD
ISL,2018-Q3,0.481769408,OECD
ISL,2018-Q4,1.397959003,OECD
ISL,2019-Q1,0.581814547,OECD
ISL,2019-Q2,-1.197896413,OECD
ISL,2019-Q3,-1.710238925,OECD
ISL,2019-Q4,4.20690114,OECD
ISL,2020-Q1,-6.357359628,OECD
ISL,2020-Q2,-7.132837245,OECD
ISL,2020-Q3,4.38886387,OECD
ISL,2020-Q4,4.590303604,OECD
ISL,2021-Q1,-3.495247565,OECD
ISL,2021-Q2,3.619160165,OECD
ISL,2021-Q3,3.245264575,OECD
ISL,2021-Q4,2.740487757,OECD
ISL,2022-Q1,-0.274881667,OECD
ISL,2022-Q2,3.169057986,OECD
ISL,2022-Q3,1.70018862,OECD
ISL,2022-Q4,4.389811434,OECD
ISL,2023-Q1,-0.007254019,OECD
ISL,2023-Q2,2.521010279,OECD
ISL,2023-Q3,-3.426274089,OECD
ISL,2023-Q4,0.639270436,OECD
ISL,2024-Q1,-0.884768408,OECD
ISL,2024-Q2,2.023445066,OECD
ISL,2024-Q3,-0.655529242,OECD
ISL,2024-Q4,-2.154507261,OECD
ISL,2025-Q1,2.257305572,OECD
ISL,2025-Q2,0.289773306,OECD
ISL,2025-Q3,0.658894775,OECD
ISL,2025-Q4,-0.918523408,OECD
ITA,1996-Q1,0.033026058,OECD
ITA,1996-Q2,0.144002148,OECD
ITA,1996-Q3,0.175859673,OECD
ITA,1996-Q4,-0.326687529,OECD
ITA,1997-Q1,0.286462767,OECD
ITA,1997-Q2,1.618569689,OECD
ITA,1997-Q3,0.420777685,OECD
ITA,1997-Q4,1.487466544,OECD
ITA,1998-Q1,-0.469096993,OECD
ITA,1998-Q2,0.561022511,OECD
ITA,1998-Q3,0.095636004,OECD
ITA,1998-Q4,-0.328634411,OECD
ITA,1999-Q1,0.465730531,OECD
ITA,1999-Q2,0.406122298,OECD
ITA,1999-Q3,1.050256907,OECD
ITA,1999-Q4,1.527343682,OECD
ITA,2000-Q1,1.210670549,OECD
ITA,2000-Q2,0.643693874,OECD
ITA,2000-Q3,0.880689479,OECD
ITA,2000-Q4,0.961048195,OECD
ITA,2001-Q1,0.845858441,OECD
ITA,2001-Q2,-0.080532629,OECD
ITA,2001-Q3,-0.428843478,OECD
ITA,2001-Q4,-0.148450378,OECD
ITA,2002-Q1,0.147803481,OECD
ITA,2002-Q2,0.318983376,OECD
ITA,2002-Q3,0.116204866,OECD
ITA,2002-Q4,0.595455842,OECD
ITA,2003-Q1,-0.39231956,OECD
ITA,2003-Q2,-0.231939643,OECD
ITA,2003-Q3,-0.2281868,OECD
ITA,2003-Q4,0.981890681,OECD
ITA,2004-Q1,0.353583386,OECD
ITA,2004-Q2,0.304701328,OECD
ITA,2004-Q3,0.09882255,OECD
ITA,2004-Q4,0.222992069,OECD
ITA,2005-Q1,-0.151606876,OECD
ITA,2005-Q2,0.8171805,OECD
ITA,2005-Q3,0.541271258,OECD
ITA,2005-Q4,0.456068567,OECD
ITA,2006-Q1,0.33583064,OECD
ITA,2006-Q2,0.316694424,OECD
ITA,2006-Q3,0.299502989,OECD
ITA,2006-Q4,1.374256524,OECD
ITA,2007-Q1,-0.09462721,OECD
ITA,2007-Q2,0.242398127,OECD
ITA,2007-Q3,-0.019260654,OECD
ITA,2007-Q4,-0.209883475,OECD
ITA,2008-Q1,1.094145496,OECD
ITA,2008-Q2,-0.931397974,OECD
ITA,2008-Q3,-1.504447769,OECD
ITA,2008-Q4,-2.38538572,OECD
ITA,2009-Q1,-2.455036715,OECD
ITA,2009-Q2,-0.536418687,OECD
ITA,2009-Q3,0.335922432,OECD
ITA,2009-Q4,0.268083654,OECD
ITA,2010-Q1,0.382680678,OECD
ITA,2010-Q2,0.675744876,OECD
ITA,2010-Q3,0.265814967,OECD
ITA,2010-Q4,0.858292283,OECD
ITA,2011-Q1,0.56666507,OECD
ITA,2011-Q2,-0.238336236,OECD
ITA,2011-Q3,-0.457041585,OECD
ITA,2011-Q4,-0.978433347,OECD
ITA,2012-Q1,-1.04215542,OECD
ITA,2012-Q2,-0.834837239,OECD
ITA,2012-Q3,-0.663377675,OECD
ITA,2012-Q4,-0.76780049,OECD
ITA,2013-Q1,-0.828710984,OECD
ITA,2013-Q2,-0.02343398,OECD
ITA,2013-Q3,0.334328153,OECD
ITA,2013-Q4,-0.147078239,OECD
ITA,2014-Q1,0.041383719,OECD
ITA,2014-Q2,0.026043092,OECD
ITA,2014-Q3,0.007968897,OECD
ITA,2014-Q4,-0.160739088,OECD
ITA,2015-Q1,0.401049835,OECD
ITA,2015-Q2,0.429805612,OECD
ITA,2015-Q3,0.032661535,OECD
ITA,2015-Q4,0.458112639,OECD
ITA,2016-Q1,0.205966557,OECD
ITA,2016-Q2,0.323832193,OECD
ITA,2016-Q3,0.684095704,OECD
ITA,2016-Q4,0.356796657,OECD
ITA,2017-Q1,0.483826656,OECD
ITA,2017-Q2,0.427879109,OECD
ITA,2017-Q3,0.077280077,OECD
ITA,2017-Q4,0.594199954,OECD
ITA,2018-Q1,-0.144031699,OECD
ITA,2018-Q2,0.279012293,OECD
ITA,2018-Q3,-0.088379295,OECD
ITA,2018-Q4,0.278240952,OECD
ITA,2019-Q1,0.224672872,OECD
ITA,2019-Q2,0.39603157,OECD
ITA,2019-Q3,-0.541710962,OECD
ITA,2019-Q4,-0.263166748,OECD
ITA,2020-Q1,-5.695782361,OECD
ITA,2020-Q2,-12.486665649,OECD
ITA,2020-Q3,14.174669624,OECD
ITA,2020-Q4,0.273844216,OECD
ITA,2021-Q1,1.650493224,OECD
ITA,2021-Q2,2.527695161,OECD
ITA,2021-Q3,2.352008039,OECD
ITA,2021-Q4,1.618789968,OECD
ITA,2022-Q1,0.713409228,OECD
ITA,2022-Q2,1.562735561,OECD
ITA,2022-Q3,0.152871728,OECD
ITA,2022-Q4,-0.237370228,OECD
ITA,2023-Q1,0.57517876,OECD
ITA,2023-Q2,0.027317038,OECD
ITA,2023-Q3,0.097632262,OECD
ITA,2023-Q4,0.351956174,OECD
ITA,2024-Q1,0.081644587,OECD
ITA,2024-Q2,0.192969273,OECD
ITA,2024-Q3,0.00937486,OECD
ITA,2024-Q4,0.139019857,OECD
ITA,2025-Q1,0.337530923,OECD
ITA,2025-Q2,-0.014549053,OECD
ITA,2025-Q3,0.18789096,OECD
ITA,2025-Q4,0.337454587,OECD
JPN,1996-Q1,0.934258233,OECD
JPN,1996-Q2,1.079779274,OECD
JPN,1996-Q3,0.18050925,OECD
JPN,1996-Q4,1.072049946,OECD
JPN,1997-Q1,0.659645779,OECD
JPN,1997-Q2,-0.703046595,OECD
JPN,1997-Q3,0.155125072,OECD
JPN,1997-Q4,-0.012112657,OECD
JPN,1998-Q1,-1.581306435,OECD
JPN,1998-Q2,-0.552829377,OECD
JPN,1998-Q3,0.130444444,OECD
JPN,1998-Q4,0.862929786,OECD
JPN,1999-Q1,-1.459707255,OECD
JPN,1999-Q2,0.505337603,OECD
JPN,1999-Q3,0.554950108,OECD
JPN,1999-Q4,-0.059748728,OECD
JPN,2000-Q1,1.879276391,OECD
JPN,2000-Q2,0.611692934,OECD
JPN,2000-Q3,-0.045372686,OECD
JPN,2000-Q4,1.036426609,OECD
JPN,2001-Q1,0.584930161,OECD
JPN,2001-Q2,-0.758679001,OECD
JPN,2001-Q3,-1.177341587,OECD
JPN,2001-Q4,-0.218330536,OECD
JPN,2002-Q1,0.253634204,OECD
JPN,2002-Q2,0.717661221,OECD
JPN,2002-Q3,0.307704562,OECD
JPN,2002-Q4,0.23354467,OECD
JPN,2003-Q1,-0.114915756,OECD
JPN,2003-Q2,0.825085453,OECD
JPN,2003-Q3,0.290163242,OECD
JPN,2003-Q4,1.011240758,OECD
JPN,2004-Q1,0.855476732,OECD
JPN,2004-Q2,-0.072779952,OECD
JPN,2004-Q3,0.55423166,OECD
JPN,2004-Q4,-0.381333472,OECD
JPN,2005-Q1,0.61895732,OECD
JPN,2005-Q2,0.961492887,OECD
JPN,2005-Q3,0.901282736,OECD
JPN,2005-Q4,0.280640601,OECD
JPN,2006-Q1,0.077638822,OECD
JPN,2006-Q2,0.277712662,OECD
JPN,2006-Q3,-0.013384859,OECD
JPN,2006-Q4,1.342599084,OECD
JPN,2007-Q1,0.718324854,OECD
JPN,2007-Q2,0.156997542,OECD
JPN,2007-Q3,-0.655383359,OECD
JPN,2007-Q4,0.564815347,OECD
JPN,2008-Q1,0.207099846,OECD
JPN,2008-Q2,-0.474771372,OECD
JPN,2008-Q3,-1.11113816,OECD
JPN,2008-Q4,-2.377350067,OECD
JPN,2009-Q1,-4.437795271,OECD
JPN,2009-Q2,1.123863022,OECD
JPN,2009-Q3,-0.645802431,OECD
JPN,2009-Q4,1.599752757,OECD
JPN,2010-Q1,1.235914566,OECD
JPN,2010-Q2,1.384234051,OECD
JPN,2010-Q3,1.730581568,OECD
JPN,2010-Q4,-0.865761056,OECD
JPN,2011-Q1,-1.441202776,OECD
JPN,2011-Q2,-0.634294867,OECD
JPN,2011-Q3,2.405102149,OECD
JPN,2011-Q4,0.0284414,OECD
JPN,2012-Q1,1.500994417,OECD
JPN,2012-Q2,-0.909375413,OECD
JPN,2012-Q3,-0.385673198,OECD
JPN,2012-Q4,-0.058496259,OECD
JPN,2013-Q1,1.244413338,OECD
JPN,2013-Q2,1.058528234,OECD
JPN,2013-Q3,0.953712103,OECD
JPN,2013-Q4,-0.140966047,OECD
JPN,2014-Q1,0.998159544,OECD
JPN,2014-Q2,-1.389211392,OECD
JPN,2014-Q3,0.193510361,OECD
JPN,2014-Q4,0.57408834500000006,OECD
JPN,2015-Q1,1.56802026,OECD
JPN,2015-Q2,0.106624972,OECD
JPN,2015-Q3,0.14553184,OECD
JPN,2015-Q4,-0.199624834,OECD
JPN,2016-Q1,0.840488751,OECD
JPN,2016-Q2,-0.311985758,OECD
JPN,2016-Q3,0.227933463,OECD
JPN,2016-Q4,0.00830716,OECD
JPN,2017-Q1,0.711816826,OECD
JPN,2017-Q2,0.332519589,OECD
JPN,2017-Q3,1.151295982,OECD
JPN,2017-Q4,0.151684167,OECD
JPN,2018-Q1,-0.17636663,OECD
JPN,2018-Q2,0.637798579,OECD
JPN,2018-Q3,-0.466824121,OECD
JPN,2018-Q4,0.071831221,OECD
JPN,2019-Q1,0.082299539,OECD
JPN,2019-Q2,0.414513958,OECD
JPN,2019-Q3,0.08028197,OECD
JPN,2019-Q4,-2.883159155,OECD
JPN,2020-Q1,0.332599472,OECD
JPN,2020-Q2,-7.203632288,OECD
JPN,2020-Q3,5.028905586,OECD
JPN,2020-Q4,1.651491478,OECD
JPN,2021-Q1,1.190171567,OECD
JPN,2021-Q2,0.604252638,OECD
JPN,2021-Q3,-0.190667998,OECD
JPN,2021-Q4,1.17917815,OECD
JPN,2022-Q1,-0.438896909,OECD
JPN,2022-Q2,0.952920664,OECD
JPN,2022-Q3,-0.267511142,OECD
JPN,2022-Q4,0.498360222,OECD
JPN,2023-Q1,0.873823993,OECD
JPN,2023-Q2,0.065501635,OECD
JPN,2023-Q3,-1.250382719,OECD
JPN,2023-Q4,0.476226385,OECD
JPN,2024-Q1,-0.094233095,OECD
JPN,2024-Q2,-0.115712122,OECD
JPN,2024-Q3,0.83525054,OECD
JPN,2024-Q4,0.39858609,OECD
JPN,2025-Q1,0.502532887,OECD
JPN,2025-Q2,0.123506452,OECD
JPN,2025-Q3,-0.373694818,OECD
JPN,2025-Q4,0.261897427,OECD
KOR,1996-Q1,2.008454143,OECD
KOR,1996-Q2,1.925877662,OECD
KOR,1996-Q3,1.845726297,OECD
KOR,1996-Q4,1.756402216,OECD
KOR,1997-Q1,0.482612081,OECD
KOR,1997-Q2,3.509359903,OECD
KOR,1997-Q3,0.97804288,OECD
KOR,1997-Q4,-0.611376842,OECD
KOR,1998-Q1,-6.71414048,OECD
KOR,1998-Q2,-0.780282186,OECD
KOR,1998-Q3,1.956847425,OECD
KOR,1998-Q4,2.492613989,OECD
KOR,1999-Q1,3.105763251,OECD
KOR,1999-Q2,4.338265155,OECD
KOR,1999-Q3,2.872370775,OECD
KOR,1999-Q4,2.677285403,OECD
KOR,2000-Q1,1.994728015,OECD
KOR,2000-Q2,1.54072843,OECD
KOR,2000-Q3,2.74589115,OECD
KOR,2000-Q4,-0.332208918,OECD
KOR,2001-Q1,1.005950101,OECD
KOR,2001-Q2,1.507891462,OECD
KOR,2001-Q3,1.273614314,OECD
KOR,2001-Q4,1.519969154,OECD
KOR,2002-Q1,2.78557166,OECD
KOR,2002-Q2,1.90357915,OECD
KOR,2002-Q3,1.857291975,OECD
KOR,2002-Q4,0.944398122,OECD
KOR,2003-Q1,-0.537339907,OECD
KOR,2003-Q2,0.066122927,OECD
KOR,2003-Q3,1.59907552,OECD
KOR,2003-Q4,2.549873997,OECD
KOR,2004-Q1,1.423021223,OECD
KOR,2004-Q2,0.833916713,OECD
KOR,2004-Q3,0.255832479,OECD
KOR,2004-Q4,0.819643174,OECD
KOR,2005-Q1,0.936109216,OECD
KOR,2005-Q2,1.874977298,OECD
KOR,2005-Q3,1.403842677,OECD
KOR,2005-Q4,1.147429221,OECD
KOR,2006-Q1,1.589672772,OECD
KOR,2006-Q2,0.721729777,OECD
KOR,2006-Q3,1.56726429,OECD
KOR,2006-Q4,0.830504501,OECD
KOR,2007-Q1,1.772710793,OECD
KOR,2007-Q2,1.692824692,OECD
KOR,2007-Q3,1.184137224,OECD
KOR,2007-Q4,1.969089326,OECD
KOR,2008-Q1,0.75396785,OECD
KOR,2008-Q2,0.363998725,OECD
KOR,2008-Q3,0.663723551,OECD
KOR,2008-Q4,-3.373817487,OECD
KOR,2009-Q1,0.26371824,OECD
KOR,2009-Q2,1.351865579,OECD
KOR,2009-Q3,3.050657249,OECD
KOR,2009-Q4,0.732493087,OECD
KOR,2010-Q1,2.342948248,OECD
KOR,2010-Q2,1.615711536,OECD
KOR,2010-Q3,1.016767776,OECD
KOR,2010-Q4,1.411558415,OECD
KOR,2011-Q1,0.95476862,OECD
KOR,2011-Q2,0.434067299,OECD
KOR,2011-Q3,0.462534713,OECD
KOR,2011-Q4,0.670634739,OECD
KOR,2012-Q1,0.95605397,OECD
KOR,2012-Q2,0.422183607,OECD
KOR,2012-Q3,0.445839454,OECD
KOR,2012-Q4,0.744507238,OECD
KOR,2013-Q1,0.793144005,OECD
KOR,2013-Q2,1.130007243,OECD
KOR,2013-Q3,1.003014889,OECD
KOR,2013-Q4,0.876173147,OECD
KOR,2014-Q1,0.767037946,OECD
KOR,2014-Q2,0.949353005,OECD
KOR,2014-Q3,0.25759031,OECD
KOR,2014-Q4,0.532494389,OECD
KOR,2015-Q1,0.864458364,OECD
KOR,2015-Q2,0.430065586,OECD
KOR,2015-Q3,1.48357306,OECD
KOR,2015-Q4,0.772851603,OECD
KOR,2016-Q1,0.384973125,OECD
KOR,2016-Q2,1.25345778,OECD
KOR,2016-Q3,0.386719421,OECD
KOR,2016-Q4,0.770438323,OECD
KOR,2017-Q1,1.132992492,OECD
KOR,2017-Q2,0.725686533,OECD
KOR,2017-Q3,1.371819158,OECD
KOR,2017-Q4,-0.21762689,OECD
KOR,2018-Q1,1.442904913,OECD
KOR,2018-Q2,0.789427506,OECD
KOR,2018-Q3,0.547216544,OECD
KOR,2018-Q4,0.537922154,OECD
KOR,2019-Q1,0.033056163,OECD
KOR,2019-Q2,1.353250476,OECD
KOR,2019-Q3,0.270541984,OECD
KOR,2019-Q4,0.954747623,OECD
KOR,2020-Q1,-1.366927602,OECD
KOR,2020-Q2,-2.641896622,OECD
KOR,2020-Q3,2.259879264,OECD
KOR,2020-Q4,1.513354314,OECD
KOR,2021-Q1,1.594421343,OECD
KOR,2021-Q2,1.355961374,OECD
KOR,2021-Q3,-0.016069978,OECD
KOR,2021-Q4,1.752893944,OECD
KOR,2022-Q1,0.467259939,OECD
KOR,2022-Q2,0.998497029,OECD
KOR,2022-Q3,0.257904686,OECD
KOR,2022-Q4,-0.399602587,OECD
KOR,2023-Q1,0.221850849,OECD
KOR,2023-Q2,0.685675794,OECD
KOR,2023-Q3,0.955830586,OECD
KOR,2023-Q4,0.730814634,OECD
KOR,2024-Q1,1.012795124,OECD
KOR,2024-Q2,-0.151189741,OECD
KOR,2024-Q3,0.055197469,OECD
KOR,2024-Q4,0.23638284,OECD
KOR,2025-Q1,-0.172350632,OECD
KOR,2025-Q2,0.649565562,OECD
KOR,2025-Q3,1.361748496,OECD
KOR,2025-Q4,-0.10840438300000001,OECD
LUX,1996-Q1,0.899101642,OECD
LUX,1996-Q2,1.087005359,OECD
LUX,1996-Q3,-1.815894638,OECD
LUX,1996-Q4,4.51000154,OECD
LUX,1997-Q1,-0.432792688,OECD
LUX,1997-Q2,1.830487241,OECD
LUX,1997-Q3,2.611933379,OECD
LUX,1997-Q4,1.531619634,OECD
LUX,1998-Q1,1.146697601,OECD
LUX,1998-Q2,2.049253948,OECD
LUX,1998-Q3,1.279140114,OECD
LUX,1998-Q4,1.170533719,OECD
LUX,1999-Q1,3.112440512,OECD
LUX,1999-Q2,2.089678557,OECD
LUX,1999-Q3,2.825142453,OECD
LUX,1999-Q4,-0.682589965,OECD
LUX,2000-Q1,4.7886684,OECD
LUX,2000-Q2,-0.56431806,OECD
LUX,2000-Q3,1.538867855,OECD
LUX,2000-Q4,1.193173753,OECD
LUX,2001-Q1,1.109782183,OECD
LUX,2001-Q2,-1.164470489,OECD
LUX,2001-Q3,1.15106011,OECD
LUX,2001-Q4,2.893627883,OECD
LUX,2002-Q1,0.154173596,OECD
LUX,2002-Q2,1.074829517,OECD
LUX,2002-Q3,-0.189386516,OECD
LUX,2002-Q4,-0.368421769,OECD
LUX,2003-Q1,0.008845273,OECD
LUX,2003-Q2,2.549199418,OECD
LUX,2003-Q3,0.692088852,OECD
LUX,2003-Q4,1.857729609,OECD
LUX,2004-Q1,0.876890592,OECD
LUX,2004-Q2,1.00647627,OECD
LUX,2004-Q3,0.843019232,OECD
LUX,2004-Q4,-0.814521191,OECD
LUX,2005-Q1,-0.380403791,OECD
LUX,2005-Q2,-0.262585601,OECD
LUX,2005-Q3,3.202263719,OECD
LUX,2005-Q4,5.463282221,OECD
LUX,2006-Q1,-0.644924547,OECD
LUX,2006-Q2,0.990044674,OECD
LUX,2006-Q3,0.294127456,OECD
LUX,2006-Q4,0.659067845,OECD
LUX,2007-Q1,5.524158857,OECD
LUX,2007-Q2,2.156790653,OECD
LUX,2007-Q3,-0.553660551,OECD
LUX,2007-Q4,0.734393914,OECD
LUX,2008-Q1,1.172947658,OECD
LUX,2008-Q2,-1.443707401,OECD
LUX,2008-Q3,-0.55395151,OECD
LUX,2008-Q4,-3.632066337,OECD
LUX,2009-Q1,-2.646427261,OECD
LUX,2009-Q2,1.935464579,OECD
LUX,2009-Q3,2.085133241,OECD
LUX,2009-Q4,1.283064666,OECD
LUX,2010-Q1,1.201539452,OECD
LUX,2010-Q2,0.639479031,OECD
LUX,2010-Q3,-1.279645802,OECD
LUX,2010-Q4,0.809921162,OECD
LUX,2011-Q1,1.051433658,OECD
LUX,2011-Q2,-0.673305931,OECD
LUX,2011-Q3,1.418253881,OECD
LUX,2011-Q4,-1.340724379,OECD
LUX,2012-Q1,1.503195744,OECD
LUX,2012-Q2,0.073284165,OECD
LUX,2012-Q3,0.440742839,OECD
LUX,2012-Q4,1.31073056,OECD
LUX,2013-Q1,0.133612509,OECD
LUX,2013-Q2,2.334660647,OECD
LUX,2013-Q3,0.323332158,OECD
LUX,2013-Q4,-0.556961889,OECD
LUX,2014-Q1,1.369754618,OECD
LUX,2014-Q2,-1.074146074,OECD
LUX,2014-Q3,2.077832463,OECD
LUX,2014-Q4,2.736995824,OECD
LUX,2015-Q1,-0.964408251,OECD
LUX,2015-Q2,0.754484374,OECD
LUX,2015-Q3,-0.289761343,OECD
LUX,2015-Q4,0.158478687,OECD
LUX,2016-Q1,3.067642329,OECD
LUX,2016-Q2,1.550395369,OECD
LUX,2016-Q3,0.78895323,OECD
LUX,2016-Q4,0.541068759,OECD
LUX,2017-Q1,-1.412976908,OECD
LUX,2017-Q2,1.064938438,OECD
LUX,2017-Q3,1.170018315,OECD
LUX,2017-Q4,0.74596645,OECD
LUX,2018-Q1,-0.142693069,OECD
LUX,2018-Q2,-0.210056628,OECD
LUX,2018-Q3,0.791885588,OECD
LUX,2018-Q4,0.564197335,OECD
LUX,2019-Q1,0.338358691,OECD
LUX,2019-Q2,1.621490085,OECD
LUX,2019-Q3,0.51636533,OECD
LUX,2019-Q4,0.612896685,OECD
LUX,2020-Q1,-0.657604352,OECD
LUX,2020-Q2,-6.800489062,OECD
LUX,2020-Q3,8.479500458,OECD
LUX,2020-Q4,0.852999108,OECD
LUX,2021-Q1,3.030683673,OECD
LUX,2021-Q2,-0.134796139,OECD
LUX,2021-Q3,0.805052143,OECD
LUX,2021-Q4,2.108299102,OECD
LUX,2022-Q1,-2.38265581,OECD
LUX,2022-Q2,-0.715311941,OECD
LUX,2022-Q3,0.329733516,OECD
LUX,2022-Q4,-0.93777153,OECD
LUX,2023-Q1,0.655302796,OECD
LUX,2023-Q2,0.372143765,OECD
LUX,2023-Q3,0.548697433,OECD
LUX,2023-Q4,-1.569924455,OECD
LUX,2024-Q1,3.087556145,OECD
LUX,2024-Q2,-1.186948147,OECD
LUX,2024-Q3,-2.47421987,OECD
LUX,2024-Q4,1.065615525,OECD
LUX,2025-Q1,0.417348269,OECD
LUX,2025-Q2,0.528058662,OECD
LUX,2025-Q3,1.179593203,OECD
LUX,2025-Q4,-0.045542605,OECD
MEX,1996-Q1,2.30386925,OECD
MEX,1996-Q2,1.087691577,OECD
MEX,1996-Q3,1.486684792,OECD
MEX,1996-Q4,3.169039948,OECD
MEX,1997-Q1,0.346159912,OECD
MEX,1997-Q2,2.396926079,OECD
MEX,1997-Q3,2.058204803,OECD
MEX,1997-Q4,2.820440318,OECD
MEX,1998-Q1,1.562032648,OECD
MEX,1998-Q2,0.684279204,OECD
MEX,1998-Q3,0.502687398,OECD
MEX,1998-Q4,0.179267582,OECD
MEX,1999-Q1,0.897226572,OECD
MEX,1999-Q2,0.714302161,OECD
MEX,1999-Q3,0.943178187,OECD
MEX,1999-Q4,1.000914209,OECD
MEX,2000-Q1,2.038044978,OECD
MEX,2000-Q2,1.299818817,OECD
MEX,2000-Q3,1.093965839,OECD
MEX,2000-Q4,-1.126673778,OECD
MEX,2001-Q1,0.671109034,OECD
MEX,2001-Q2,-0.781151027,OECD
MEX,2001-Q3,-0.201462895,OECD
MEX,2001-Q4,-0.86466884,OECD
MEX,2002-Q1,-0.624939736,OECD
MEX,2002-Q2,1.102570348,OECD
MEX,2002-Q3,0.917466396,OECD
MEX,2002-Q4,0.211586385,OECD
MEX,2003-Q1,-0.012949122,OECD
MEX,2003-Q2,0.103162795,OECD
MEX,2003-Q3,0.058382976,OECD
MEX,2003-Q4,0.903755095,OECD
MEX,2004-Q1,1.298361913,OECD
MEX,2004-Q2,1.348017766,OECD
MEX,2004-Q3,-0.050985954,OECD
MEX,2004-Q4,1.064236899,OECD
MEX,2005-Q1,0.221053603,OECD
MEX,2005-Q2,0.034322321,OECD
MEX,2005-Q3,1.003146581,OECD
MEX,2005-Q4,1.852275232,OECD
MEX,2006-Q1,1.997096602,OECD
MEX,2006-Q2,0.82165552,OECD
MEX,2006-Q3,0.254949232,OECD
MEX,2006-Q4,0.364791647,OECD
MEX,2007-Q1,0.733113631,OECD
MEX,2007-Q2,0.614265202,OECD
MEX,2007-Q3,0.358606017,OECD
MEX,2007-Q4,0.26260703,OECD
MEX,2008-Q1,-0.06283587,OECD
MEX,2008-Q2,0.789721531,OECD
MEX,2008-Q3,0.0615836,OECD
MEX,2008-Q4,-1.566602249,OECD
MEX,2009-Q1,-6.153334948,OECD
MEX,2009-Q2,-1.713800981,OECD
MEX,2009-Q3,3.637459067,OECD
MEX,2009-Q4,2.193408401,OECD
MEX,2010-Q1,0.434296905,OECD
MEX,2010-Q2,1.052255483,OECD
MEX,2010-Q3,0.960764051,OECD
MEX,2010-Q4,0.83185048,OECD
MEX,2011-Q1,0.715081664,OECD
MEX,2011-Q2,0.266217563,OECD
MEX,2011-Q3,1.893974458,OECD
MEX,2011-Q4,0.724647595,OECD
MEX,2012-Q1,0.933303877,OECD
MEX,2012-Q2,0.616872774,OECD
MEX,2012-Q3,0.27628138,OECD
MEX,2012-Q4,0.777346286,OECD
MEX,2013-Q1,0.084861521,OECD
MEX,2013-Q2,-0.402842109,OECD
MEX,2013-Q3,0.624819423,OECD
MEX,2013-Q4,0.491158964,OECD
MEX,2014-Q1,0.671299389,OECD
MEX,2014-Q2,1.252268789,OECD
MEX,2014-Q3,0.1768198,OECD
MEX,2014-Q4,0.848888635,OECD
MEX,2015-Q1,0.500536124,OECD
MEX,2015-Q2,0.85672855,OECD
MEX,2015-Q3,1.185097041,OECD
MEX,2015-Q4,-0.29676889,OECD
MEX,2016-Q1,-0.145826237,OECD
MEX,2016-Q2,0.49077507,OECD
MEX,2016-Q3,0.868050858,OECD
MEX,2016-Q4,1.114270635,OECD
MEX,2017-Q1,0.597509093,OECD
MEX,2017-Q2,0.08758807,OECD
MEX,2017-Q3,-0.581617577,OECD
MEX,2017-Q4,1.392651029,OECD
MEX,2018-Q1,1.249633288,OECD
MEX,2018-Q2,-0.295018875,OECD
MEX,2018-Q3,0.402112454,OECD
MEX,2018-Q4,-0.190981045,OECD
MEX,2019-Q1,0.025555739,OECD
MEX,2019-Q2,-0.303299789,OECD
MEX,2019-Q3,0.029685676,OECD
MEX,2019-Q4,-0.743927174,OECD
MEX,2020-Q1,-1.215909356,OECD
MEX,2020-Q2,-18.912405384,OECD
MEX,2020-Q3,15.570870551,OECD
MEX,2020-Q4,4.298197732,OECD
MEX,2021-Q1,0.755207594,OECD
MEX,2021-Q2,0.88205228,OECD
MEX,2021-Q3,-0.858784132,OECD
MEX,2021-Q4,1.168658391,OECD
MEX,2022-Q1,1.444601881,OECD
MEX,2022-Q2,1.139350751,OECD
MEX,2022-Q3,0.771321488,OECD
MEX,2022-Q4,1.240150992,OECD
MEX,2023-Q1,0.57022582,OECD
MEX,2023-Q2,0.73173938,OECD
MEX,2023-Q3,0.633518349,OECD
MEX,2023-Q4,0.187630078,OECD
MEX,2024-Q1,0.413280071,OECD
MEX,2024-Q2,-0.157139581,OECD
MEX,2024-Q3,0.985617597,OECD
MEX,2024-Q4,-0.879702261,OECD
MEX,2025-Q1,0.774468398,OECD
MEX,2025-Q2,-0.024001821,OECD
MEX,2025-Q3,-0.104806443,OECD
MEX,2025-Q4,0.945287378,OECD
NLD,1996-Q1,0.168940092,OECD
NLD,1996-Q2,1.439034454,OECD
NLD,1996-Q3,1.45421264,OECD
NLD,1996-Q4,0.602845258,OECD
NLD,1997-Q1,0.825546391,OECD
NLD,1997-Q2,1.257826121,OECD
NLD,1997-Q3,1.491756997,OECD
NLD,1997-Q4,1.14083588,OECD
NLD,1998-Q1,1.399603412,OECD
NLD,1998-Q2,0.719944815,OECD
NLD,1998-Q3,0.873716687,OECD
NLD,1998-Q4,0.7942995,OECD
NLD,1999-Q1,1.89456612,OECD
NLD,1999-Q2,1.015352228,OECD
NLD,1999-Q3,1.356502954,OECD
NLD,1999-Q4,1.200438803,OECD
NLD,2000-Q1,0.963206145,OECD
NLD,2000-Q2,1.036841621,OECD
NLD,2000-Q3,0.837963385,OECD
NLD,2000-Q4,1.047782495,OECD
NLD,2001-Q1,0.487470576,OECD
NLD,2001-Q2,0.345148645,OECD
NLD,2001-Q3,0.191483703,OECD
NLD,2001-Q4,0.078452654,OECD
NLD,2002-Q1,-0.178000967,OECD
NLD,2002-Q2,0.167099669,OECD
NLD,2002-Q3,0.080168354,OECD
NLD,2002-Q4,0.104842177,OECD
NLD,2003-Q1,0.229469807,OECD
NLD,2003-Q2,-0.500155565,OECD
NLD,2003-Q3,0.014749698,OECD
NLD,2003-Q4,0.62470505,OECD
NLD,2004-Q1,0.929188235,OECD
NLD,2004-Q2,0.457122279,OECD
NLD,2004-Q3,0.135298437,OECD
NLD,2004-Q4,0.234431388,OECD
NLD,2005-Q1,0.250589028,OECD
NLD,2005-Q2,0.917104341,OECD
NLD,2005-Q3,1.21454032,OECD
NLD,2005-Q4,0.67621164,OECD
NLD,2006-Q1,0.576674844,OECD
NLD,2006-Q2,1.62676608,OECD
NLD,2006-Q3,0.511707496,OECD
NLD,2006-Q4,0.868084829,OECD
NLD,2007-Q1,1.129690643,OECD
NLD,2007-Q2,0.614789063,OECD
NLD,2007-Q3,1.101766324,OECD
NLD,2007-Q4,1.454585482,OECD
NLD,2008-Q1,0.700590542,OECD
NLD,2008-Q2,0.071829129,OECD
NLD,2008-Q3,-0.268653196,OECD
NLD,2008-Q4,-1.100126977,OECD
NLD,2009-Q1,-2.284505388,OECD
NLD,2009-Q2,-0.927718791,OECD
NLD,2009-Q3,0.10470136,OECD
NLD,2009-Q4,0.655978631,OECD
NLD,2010-Q1,0.003197238,OECD
NLD,2010-Q2,0.918643562,OECD
NLD,2010-Q3,0.088176903,OECD
NLD,2010-Q4,0.86411091,OECD
NLD,2011-Q1,1.101481718,OECD
NLD,2011-Q2,-0.05897477,OECD
NLD,2011-Q3,-0.143900533,OECD
NLD,2011-Q4,-0.527186112,OECD
NLD,2012-Q1,-0.089632818,OECD
NLD,2012-Q2,-0.049550912,OECD
NLD,2012-Q3,-0.477490124,OECD
NLD,2012-Q4,-0.553714501,OECD
NLD,2013-Q1,-0.041654364,OECD
NLD,2013-Q2,0.428322001,OECD
NLD,2013-Q3,0.50265509,OECD
NLD,2013-Q4,0.604141189,OECD
NLD,2014-Q1,0.231166429,OECD
NLD,2014-Q2,0.321331765,OECD
NLD,2014-Q3,-0.030997019,OECD
NLD,2014-Q4,1.351889079,OECD
NLD,2015-Q1,0.39261076,OECD
NLD,2015-Q2,0.4245961,OECD
NLD,2015-Q3,0.474892403,OECD
NLD,2015-Q4,0.235065536,OECD
NLD,2016-Q1,0.649308258,OECD
NLD,2016-Q2,0.772347177,OECD
NLD,2016-Q3,0.893175427,OECD
NLD,2016-Q4,0.802826578,OECD
NLD,2017-Q1,0.593429918,OECD
NLD,2017-Q2,0.509594212,OECD
NLD,2017-Q3,0.758830554,OECD
NLD,2017-Q4,0.631260035,OECD
NLD,2018-Q1,0.717050122,OECD
NLD,2018-Q2,0.456399255,OECD
NLD,2018-Q3,0.254854198,OECD
NLD,2018-Q4,0.277613925,OECD
NLD,2019-Q1,1.250239263,OECD
NLD,2019-Q2,0.447719214,OECD
NLD,2019-Q3,0.457199515,OECD
NLD,2019-Q4,0.05620442,OECD
NLD,2020-Q1,-1.050843278,OECD
NLD,2020-Q2,-8.334025643,OECD
NLD,2020-Q3,6.530419065,OECD
NLD,2020-Q4,0.328955142,OECD
NLD,2021-Q1,1.034507125,OECD
NLD,2021-Q2,3.911484536,OECD
NLD,2021-Q3,1.799335906,OECD
NLD,2021-Q4,0.054216071,OECD
NLD,2022-Q1,1.287704907,OECD
NLD,2022-Q2,2.350423633,OECD
NLD,2022-Q3,0.081166072,OECD
NLD,2022-Q4,-0.173240316,OECD
NLD,2023-Q1,-0.461925199,OECD
NLD,2023-Q2,-0.447403394,OECD
NLD,2023-Q3,-0.666180195,OECD
NLD,2023-Q4,0.246739666,OECD
NLD,2024-Q1,0.311221653,OECD
NLD,2024-Q2,0.831073735,OECD
NLD,2024-Q3,0.606448039,OECD
NLD,2024-Q4,0.340579833,OECD
NLD,2025-Q1,0.246124489,OECD
NLD,2025-Q2,0.329746689,OECD
NLD,2025-Q3,0.401699141,OECD
NLD,2025-Q4,0.428520663,OECD
NOR,1996-Q1,2.330475793,OECD
NOR,1996-Q2,-0.101456703,OECD
NOR,1996-Q3,2.465513644,OECD
NOR,1996-Q4,-1.196947636,OECD
NOR,1997-Q1,3.17954886,OECD
NOR,1997-Q2,1.783848017,OECD
NOR,1997-Q3,-0.08009488,OECD
NOR,1997-Q4,1.050960921,OECD
NOR,1998-Q1,1.466969953,OECD
NOR,1998-Q2,0.842015489,OECD
NOR,1998-Q3,-1.336692385,OECD
NOR,1998-Q4,0.379320323,OECD
NOR,1999-Q1,1.242937989,OECD
NOR,1999-Q2,0.033715,OECD
NOR,1999-Q3,1.520236473,OECD
NOR,1999-Q4,1.279390735,OECD
NOR,2000-Q1,2.141443204,OECD
NOR,2000-Q2,-1.07231431,OECD
NOR,2000-Q3,0.717925204,OECD
NOR,2000-Q4,0.029136004,OECD
NOR,2001-Q1,1.526236383,OECD
NOR,2001-Q2,-0.131232713,OECD
NOR,2001-Q3,0.909063365,OECD
NOR,2001-Q4,0.643989689,OECD
NOR,2002-Q1,-0.247505881,OECD
NOR,2002-Q2,1.530147133,OECD
NOR,2002-Q3,-1.098839956,OECD
NOR,2002-Q4,0.832845209,OECD
NOR,2003-Q1,0.386617816,OECD
NOR,2003-Q2,-0.350255826,OECD
NOR,2003-Q3,1.032151102,OECD
NOR,2003-Q4,0.023597185,OECD
NOR,2004-Q1,4.007653208,OECD
NOR,2004-Q2,0.151182512,OECD
NOR,2004-Q3,-0.8481699,OECD
NOR,2004-Q4,0.719420691,OECD
NOR,2005-Q1,2.169374093,OECD
NOR,2005-Q2,0.382955672,OECD
NOR,2005-Q3,0.606679048,OECD
NOR,2005-Q4,0.164945959,OECD
NOR,2006-Q1,1.523338259,OECD
NOR,2006-Q2,0.090818057,OECD
NOR,2006-Q3,0.74638989,OECD
NOR,2006-Q4,1.334728202,OECD
NOR,2007-Q1,1.32588033,OECD
NOR,2007-Q2,-0.001149094,OECD
NOR,2007-Q3,0.928765888,OECD
NOR,2007-Q4,0.790331579,OECD
NOR,2008-Q1,-0.247477686,OECD
NOR,2008-Q2,0.035953945,OECD
NOR,2008-Q3,-0.131878084,OECD
NOR,2008-Q4,0.225848988,OECD
NOR,2009-Q1,-1.283806899,OECD
NOR,2009-Q2,-0.63755381,OECD
NOR,2009-Q3,0.046504343,OECD
NOR,2009-Q4,0.038607554,OECD
NOR,2010-Q1,2.107811748,OECD
NOR,2010-Q2,-0.767578189,OECD
NOR,2010-Q3,-1.786741277,OECD
NOR,2010-Q4,2.006978698,OECD
NOR,2011-Q1,0.624369318,OECD
NOR,2011-Q2,-0.29633765,OECD
NOR,2011-Q3,1.153524202,OECD
NOR,2011-Q4,0.037089741,OECD
NOR,2012-Q1,2.540357401,OECD
NOR,2012-Q2,0.16897708,OECD
NOR,2012-Q3,-1.039451261,OECD
NOR,2012-Q4,0.583609803,OECD
NOR,2013-Q1,0.607922676,OECD
NOR,2013-Q2,0.514680577,OECD
NOR,2013-Q3,0.700356711,OECD
NOR,2013-Q4,-0.12687494,OECD
NOR,2014-Q1,0.933598992,OECD
NOR,2014-Q2,0.526699324,OECD
NOR,2014-Q3,0.3002014,OECD
NOR,2014-Q4,0.874228525,OECD
NOR,2015-Q1,0.55126782,OECD
NOR,2015-Q2,0.377271374,OECD
NOR,2015-Q3,0.835316211,OECD
NOR,2015-Q4,-0.628092767,OECD
NOR,2016-Q1,0.427904296,OECD
NOR,2016-Q2,0.374958221,OECD
NOR,2016-Q3,-0.728197516,OECD
NOR,2016-Q4,2.431190287,OECD
NOR,2017-Q1,0.381340416,OECD
NOR,2017-Q2,1.468914709,OECD
NOR,2017-Q3,0.729692941,OECD
NOR,2017-Q4,-1.170341076,OECD
NOR,2018-Q1,0.875116021,OECD
NOR,2018-Q2,0.28237126,OECD
NOR,2018-Q3,0.958393038,OECD
NOR,2018-Q4,-0.633080145,OECD
NOR,2019-Q1,0.383429811,OECD
NOR,2019-Q2,0.217672106,OECD
NOR,2019-Q3,0.307217913,OECD
NOR,2019-Q4,2.60294895,OECD
NOR,2020-Q1,-2.965791004,OECD
NOR,2020-Q2,-3.210172495,OECD
NOR,2020-Q3,3.434000296,OECD
NOR,2020-Q4,-0.78552832,OECD
NOR,2021-Q1,1.563082815,OECD
NOR,2021-Q2,0.494470902,OECD
NOR,2021-Q3,3.912046817,OECD
NOR,2021-Q4,0.035633346,OECD
NOR,2022-Q1,0.118761267,OECD
NOR,2022-Q2,1.506023631,OECD
NOR,2022-Q3,1.702269693,OECD
NOR,2022-Q4,-0.744075542,OECD
NOR,2023-Q1,0.362813329,OECD
NOR,2023-Q2,-0.658913303,OECD
NOR,2023-Q3,-0.890069403,OECD
NOR,2023-Q4,2.06244974,OECD
NOR,2024-Q1,0.202241535,OECD
NOR,2024-Q2,1.117611152,OECD
NOR,2024-Q3,-0.885828513,OECD
NOR,2024-Q4,-0.30111298,OECD
NOR,2025-Q1,0.406674777,OECD
NOR,2025-Q2,0.97899012,OECD
NOR,2025-Q3,1.157836733,OECD
NOR,2025-Q4,-0.579855811,OECD
NZL,1996-Q1,1.402647763,OECD
NZL,1996-Q2,0.872370937,OECD
NZL,1996-Q3,0.645658097,OECD
NZL,1996-Q4,1.306574069,OECD
NZL,1997-Q1,-0.368907221,OECD
NZL,1997-Q2,1.956325257,OECD
NZL,1997-Q3,-0.231627109,OECD
NZL,1997-Q4,-0.174840208,OECD
NZL,1998-Q1,-0.534053061,OECD
NZL,1998-Q2,0.528260493,OECD
NZL,1998-Q3,0.097631012,OECD
NZL,1998-Q4,0.989701368,OECD
NZL,1999-Q1,1.173162141,OECD
NZL,1999-Q2,0.794564393,OECD
NZL,1999-Q3,2.791086351,OECD
NZL,1999-Q4,1.21673622,OECD
NZL,2000-Q1,1.453776338,OECD
NZL,2000-Q2,0.031667282,OECD
NZL,2000-Q3,0.387801403,OECD
NZL,2000-Q4,0.186581873,OECD
NZL,2001-Q1,0.340992551,OECD
NZL,2001-Q2,1.401160663,OECD
NZL,2001-Q3,0.757927301,OECD
NZL,2001-Q4,1.478866032,OECD
NZL,2002-Q1,0.857243709,OECD
NZL,2002-Q2,1.317434128,OECD
NZL,2002-Q3,1.196673987,OECD
NZL,2002-Q4,1.397083923,OECD
NZL,2003-Q1,0.617981581,OECD
NZL,2003-Q2,0.475575949,OECD
NZL,2003-Q3,2.15731513,OECD
NZL,2003-Q4,1.310826542,OECD
NZL,2004-Q1,1.716728334,OECD
NZL,2004-Q2,0.874378671,OECD
NZL,2004-Q3,0.300132148,OECD
NZL,2004-Q4,0.388557647,OECD
NZL,2005-Q1,1.154487821,OECD
NZL,2005-Q2,1.603113867,OECD
NZL,2005-Q3,0.521611151,OECD
NZL,2005-Q4,-0.402635432,OECD
NZL,2006-Q1,1.59759604,OECD
NZL,2006-Q2,0.427695974,OECD
NZL,2006-Q3,0.589020489,OECD
NZL,2006-Q4,0.817272249,OECD
NZL,2007-Q1,1.320435409,OECD
NZL,2007-Q2,0.896999691,OECD
NZL,2007-Q3,0.78683834,OECD
NZL,2007-Q4,0.184528034,OECD
NZL,2008-Q1,-0.392664859,OECD
NZL,2008-Q2,-0.215394619,OECD
NZL,2008-Q3,-0.342117053,OECD
NZL,2008-Q4,-0.643671584,OECD
NZL,2009-Q1,-0.89052506,OECD
NZL,2009-Q2,-0.06017846,OECD
NZL,2009-Q3,0.483793941,OECD
NZL,2009-Q4,1.281150556,OECD
NZL,2010-Q1,0.332558045,OECD
NZL,2010-Q2,0.669011936,OECD
NZL,2010-Q3,-0.238354947,OECD
NZL,2010-Q4,-0.546691504,OECD
NZL,2011-Q1,1.044423633,OECD
NZL,2011-Q2,0.396929339,OECD
NZL,2011-Q3,1.089748736,OECD
NZL,2011-Q4,0.591610252,OECD
NZL,2012-Q1,0.601945963,OECD
NZL,2012-Q2,0.539490721,OECD
NZL,2012-Q3,0.12097797,OECD
NZL,2012-Q4,1.424645787,OECD
NZL,2013-Q1,-0.318973137,OECD
NZL,2013-Q2,1.079497263,OECD
NZL,2013-Q3,0.583568541,OECD
NZL,2013-Q4,0.31853172,OECD
NZL,2014-Q1,1.54035154,OECD
NZL,2014-Q2,0.429967427,OECD
NZL,2014-Q3,1.323300467,OECD
NZL,2014-Q4,1.576733126,OECD
NZL,2015-Q1,0.333141252,OECD
NZL,2015-Q2,0.78252598,OECD
NZL,2015-Q3,0.967000873,OECD
NZL,2015-Q4,1.022999859,OECD
NZL,2016-Q1,1.236119841,OECD
NZL,2016-Q2,0.877828366,OECD
NZL,2016-Q3,0.991571641,OECD
NZL,2016-Q4,0.257308754,OECD
NZL,2017-Q1,1.129590545,OECD
NZL,2017-Q2,0.813103149,OECD
NZL,2017-Q3,0.73533065,OECD
NZL,2017-Q4,0.915741882,OECD
NZL,2018-Q1,0.935127562,OECD
NZL,2018-Q2,0.911937504,OECD
NZL,2018-Q3,0.091169367,OECD
NZL,2018-Q4,1.511713382,OECD
NZL,2019-Q1,0.867388703,OECD
NZL,2019-Q2,0.062426844,OECD
NZL,2019-Q3,0.776729315,OECD
NZL,2019-Q4,1.041586059,OECD
NZL,2020-Q1,-1.087522593,OECD
NZL,2020-Q2,-10.352143211,OECD
NZL,2020-Q3,14.090273099,OECD
NZL,2020-Q4,0.443616764,OECD
NZL,2021-Q1,1.952035694,OECD
NZL,2021-Q2,0.792477379,OECD
NZL,2021-Q3,-4.297952238,OECD
NZL,2021-Q4,4.075595475,OECD
NZL,2022-Q1,-0.126654983,OECD
NZL,2022-Q2,0.98503281,OECD
NZL,2022-Q3,1.915803922,OECD
NZL,2022-Q4,0.227810015,OECD
NZL,2023-Q1,-0.088629671,OECD
NZL,2023-Q2,0.952898758,OECD
NZL,2023-Q3,0.109130077,OECD
NZL,2023-Q4,0.472853401,OECD
NZL,2024-Q1,0.001409066,OECD
NZL,2024-Q2,-0.486120896,OECD
NZL,2024-Q3,-1.179469027,OECD
NZL,2024-Q4,0.054447501,OECD
NZL,2025-Q1,0.866389804,OECD
NZL,2025-Q2,-0.661602896,OECD
NZL,2025-Q3,0.87467307,OECD
NZL,2025-Q4,0.45763024,OECD
POL,1996-Q1,2.068242945,OECD
POL,1996-Q2,2.097478986,OECD
POL,1996-Q3,1.059400138,OECD
POL,1996-Q4,-3.411921383,OECD
POL,1997-Q1,6.22769088,OECD
POL,1997-Q2,1.266705399,OECD
POL,1997-Q3,0.420638248,OECD
POL,1997-Q4,1.708644735,OECD
POL,1998-Q1,1.94395676,OECD
POL,1998-Q2,0.009121182,OECD
POL,1998-Q3,0.940666892,OECD
POL,1998-Q4,0.318940701,OECD
POL,1999-Q1,0.860207116,OECD
POL,1999-Q2,2.059201023,OECD
POL,1999-Q3,1.98520091,OECD
POL,1999-Q4,1.532710793,OECD
POL,2000-Q1,0.653475489,OECD
POL,2000-Q2,1.215307584,OECD
POL,2000-Q3,0.350462127,OECD
POL,2000-Q4,1.89885981,OECD
POL,2001-Q1,-0.412040834,OECD
POL,2001-Q2,-0.299652647,OECD
POL,2001-Q3,0.497317386,OECD
POL,2001-Q4,-0.112437073,OECD
POL,2002-Q1,0.682652593,OECD
POL,2002-Q2,0.655730211,OECD
POL,2002-Q3,0.920499696,OECD
POL,2002-Q4,0.543153401,OECD
POL,2003-Q1,0.421413775,OECD
POL,2003-Q2,1.607170887,OECD
POL,2003-Q3,1.305997844,OECD
POL,2003-Q4,0.758824901,OECD
POL,2004-Q1,2.285582071,OECD
POL,2004-Q2,0.913593447,OECD
POL,2004-Q3,-0.096089446,OECD
POL,2004-Q4,0.964053348,OECD
POL,2005-Q1,0.670493357,OECD
POL,2005-Q2,0.360154686,OECD
POL,2005-Q3,1.854378078,OECD
POL,2005-Q4,1.839247769,OECD
POL,2006-Q1,1.496653507,OECD
POL,2006-Q2,2.40545045,OECD
POL,2006-Q3,1.621203355,OECD
POL,2006-Q4,-1.377956692,OECD
POL,2007-Q1,4.117433996,OECD
POL,2007-Q2,1.318429968,OECD
POL,2007-Q3,1.730754646,OECD
POL,2007-Q4,1.335353316,OECD
POL,2008-Q1,1.562291361,OECD
POL,2008-Q2,0.527438616,OECD
POL,2008-Q3,0.006415885,OECD
POL,2008-Q4,0.186542213,OECD
POL,2009-Q1,1.192730912,OECD
POL,2009-Q2,0.212573837,OECD
POL,2009-Q3,0.731598203,OECD
POL,2009-Q4,1.712313326,OECD
POL,2010-Q1,-0.325489752,OECD
POL,2010-Q2,1.468190785,OECD
POL,2010-Q3,1.157088715,OECD
POL,2010-Q4,0.819034008,OECD
POL,2011-Q1,1.855083335,OECD
POL,2011-Q2,1.228878926,OECD
POL,2011-Q3,1.190245072,OECD
POL,2011-Q4,0.975005677,OECD
POL,2012-Q1,0.092165698,OECD
POL,2012-Q2,-0.117907052,OECD
POL,2012-Q3,0.068493001,OECD
POL,2012-Q4,-0.157541644,OECD
POL,2013-Q1,-0.227152412,OECD
POL,2013-Q2,0.758526445,OECD
POL,2013-Q3,0.704826904,OECD
POL,2013-Q4,0.601567017,OECD
POL,2014-Q1,1.327494732,OECD
POL,2014-Q2,1.093018871,OECD
POL,2014-Q3,0.831818785,OECD
POL,2014-Q4,0.831309488,OECD
POL,2015-Q1,1.657826791,OECD
POL,2015-Q2,0.545581925,OECD
POL,2015-Q3,1.289222063,OECD
POL,2015-Q4,0.830589825,OECD
POL,2016-Q1,-0.146114456,OECD
POL,2016-Q2,1.446631072,OECD
POL,2016-Q3,0.633997212,OECD
POL,2016-Q4,1.975025869,OECD
POL,2017-Q1,1.135042164,OECD
POL,2017-Q2,1.033471556,OECD
POL,2017-Q3,1.494288048,OECD
POL,2017-Q4,1.422963358,OECD
POL,2018-Q1,1.950024028,OECD
POL,2018-Q2,1.48246748,OECD
POL,2018-Q3,1.276939404,OECD
POL,2018-Q4,0.927979342,OECD
POL,2019-Q1,1.509026458,OECD
POL,2019-Q2,0.905913052,OECD
POL,2019-Q3,0.763792384,OECD
POL,2019-Q4,0.751078228,OECD
POL,2020-Q1,0.493836638,OECD
POL,2020-Q2,-8.965088124,OECD
POL,2020-Q3,6.56039254,OECD
POL,2020-Q4,0.126836184,OECD
POL,2021-Q1,2.443133399,OECD
POL,2021-Q2,2.470120254,OECD
POL,2021-Q3,2.04568951,OECD
POL,2021-Q4,1.986058574,OECD
POL,2022-Q1,3.3709056,OECD
POL,2022-Q2,-1.157017169,OECD
POL,2022-Q3,0.575035545,OECD
POL,2022-Q4,-1.577934691,OECD
POL,2023-Q1,0.948464621,OECD
POL,2023-Q2,-0.602333765,OECD
POL,2023-Q3,1.925612835,OECD
POL,2023-Q4,-0.345612714,OECD
POL,2024-Q1,1.044731664,OECD
POL,2024-Q2,1.570218874,OECD
POL,2024-Q3,-0.082949555,OECD
POL,2024-Q4,1.386880529,OECD
POL,2025-Q1,0.830798268,OECD
POL,2025-Q2,0.746744664,OECD
POL,2025-Q3,1.110980967,OECD
POL,2025-Q4,1.020073362,OECD
PRT,1996-Q1,0.659732641,OECD
PRT,1996-Q2,1.364041202,OECD
PRT,1996-Q3,1.366801304,OECD
PRT,1996-Q4,0.214338655,OECD
PRT,1997-Q1,1.656886293,OECD
PRT,1997-Q2,0.910816347,OECD
PRT,1997-Q3,1.328276029,OECD
PRT,1997-Q4,0.587575492,OECD
PRT,1998-Q1,1.516332104,OECD
PRT,1998-Q2,1.431442178,OECD
PRT,1998-Q3,1.18065441,OECD
PRT,1998-Q4,0.843786272,OECD
PRT,1999-Q1,1.250589394,OECD
PRT,1999-Q2,0.525545323,OECD
PRT,1999-Q3,0.966451025,OECD
PRT,1999-Q4,0.593802601,OECD
PRT,2000-Q1,2.282683853,OECD
PRT,2000-Q2,-0.663092916,OECD
PRT,2000-Q3,1.592696241,OECD
PRT,2000-Q4,0.565362866,OECD
PRT,2001-Q1,-0.358310612,OECD
PRT,2001-Q2,1.055358629,OECD
PRT,2001-Q3,0.200760957,OECD
PRT,2001-Q4,1.404615134,OECD
PRT,2002-Q1,0.229394515,OECD
PRT,2002-Q2,-0.55604336,OECD
PRT,2002-Q3,-0.528098525,OECD
PRT,2002-Q4,-0.736942898,OECD
PRT,2003-Q1,0.16671461,OECD
PRT,2003-Q2,-0.840943298,OECD
PRT,2003-Q3,0.847685486,OECD
PRT,2003-Q4,0.280985621,OECD
PRT,2004-Q1,0.989033874,OECD
PRT,2004-Q2,0.620285925,OECD
PRT,2004-Q3,0.051176666,OECD
PRT,2004-Q4,-0.48481545,OECD
PRT,2005-Q1,0.915610527,OECD
PRT,2005-Q2,0.273218067,OECD
PRT,2005-Q3,-0.378992236,OECD
PRT,2005-Q4,0.148967381,OECD
PRT,2006-Q1,0.85605354,OECD
PRT,2006-Q2,0.898982887,OECD
PRT,2006-Q3,-0.130991287,OECD
PRT,2006-Q4,0.652904284,OECD
PRT,2007-Q1,1.186031542,OECD
PRT,2007-Q2,0.284481822,OECD
PRT,2007-Q3,0.282062288,OECD
PRT,2007-Q4,1.189055826,OECD
PRT,2008-Q1,-0.022098187,OECD
PRT,2008-Q2,-0.501100592,OECD
PRT,2008-Q3,-0.136906855,OECD
PRT,2008-Q4,-1.242108249,OECD
PRT,2009-Q1,-2.53091746,OECD
PRT,2009-Q2,0.107316425,OECD
PRT,2009-Q3,0.85473909,OECD
PRT,2009-Q4,0.073804178,OECD
PRT,2010-Q1,0.89047758,OECD
PRT,2010-Q2,0.346541559,OECD
PRT,2010-Q3,0.367278986,OECD
PRT,2010-Q4,-0.452984015,OECD
PRT,2011-Q1,-0.448863695,OECD
PRT,2011-Q2,-0.701791342,OECD
PRT,2011-Q3,-0.693814008,OECD
PRT,2011-Q4,-1.336105953,OECD
PRT,2012-Q1,-0.5325073,OECD
PRT,2012-Q2,-1.511126522,OECD
PRT,2012-Q3,-1.031635622,OECD
PRT,2012-Q4,-1.644146124,OECD
PRT,2013-Q1,0.357050049,OECD
PRT,2013-Q2,0.855845532,OECD
PRT,2013-Q3,-0.281729988,OECD
PRT,2013-Q4,1.242432425,OECD
PRT,2014-Q1,-0.717183217,OECD
PRT,2014-Q2,0.276738362,OECD
PRT,2014-Q3,0.105483809,OECD
PRT,2014-Q4,0.809368661,OECD
PRT,2015-Q1,0.599543366,OECD
PRT,2015-Q2,0.070577611,OECD
PRT,2015-Q3,0.165405326,OECD
PRT,2015-Q4,0.473923452,OECD
PRT,2016-Q1,0.345066197,OECD
PRT,2016-Q2,0.466148014,OECD
PRT,2016-Q3,1.106030055,OECD
PRT,2016-Q4,1.130983753,OECD
PRT,2017-Q1,0.968711381,OECD
PRT,2017-Q2,0.286867987,OECD
PRT,2017-Q3,0.68356408,OECD
PRT,2017-Q4,0.942245998,OECD
PRT,2018-Q1,0.586055338,OECD
PRT,2018-Q2,0.955858864,OECD
PRT,2018-Q3,0.670994421,OECD
PRT,2018-Q4,0.622491035,OECD
PRT,2019-Q1,0.823701002,OECD
PRT,2019-Q2,0.554516942,OECD
PRT,2019-Q3,0.412824343,OECD
PRT,2019-Q4,0.928495529,OECD
PRT,2020-Q1,-4.254746454,OECD
PRT,2020-Q2,-15.04508399,OECD
PRT,2020-Q3,14.332747798,OECD
PRT,2020-Q4,0.34189064,OECD
PRT,2021-Q1,-2.914983781,OECD
PRT,2021-Q2,4.620781713,OECD
PRT,2021-Q3,3.5518837,OECD
PRT,2021-Q4,1.960055895,OECD
PRT,2022-Q1,1.46687807,OECD
PRT,2022-Q2,0.38896047500000003,OECD
PRT,2022-Q3,1.134341758,OECD
PRT,2022-Q4,0.715646756,OECD
PRT,2023-Q1,1.270239437,OECD
PRT,2023-Q2,0.485598484,OECD
PRT,2023-Q3,0.102426197,OECD
PRT,2023-Q4,0.735188539,OECD
PRT,2024-Q1,0.714504783,OECD
PRT,2024-Q2,0.52144128,OECD
PRT,2024-Q3,0.144569537,OECD
PRT,2024-Q4,1.180347361,OECD
PRT,2025-Q1,-0.282383541,OECD
PRT,2025-Q2,0.685073927,OECD
PRT,2025-Q3,0.599713622,OECD
PRT,2025-Q4,0.934617646,OECD
SVK,1996-Q1,1.57029919,OECD
SVK,1996-Q2,1.044047842,OECD
SVK,1996-Q3,2.404737192,OECD
SVK,1996-Q4,1.865914699,OECD
SVK,1997-Q1,0.849357792,OECD
SVK,1997-Q2,1.395615635,OECD
SVK,1997-Q3,1.604501948,OECD
SVK,1997-Q4,-0.637989603,OECD
SVK,1998-Q1,1.775623039,OECD
SVK,1998-Q2,-0.081790192,OECD
SVK,1998-Q3,-0.936019387,OECD
SVK,1998-Q4,7.583422694,OECD
SVK,1999-Q1,-3.507692387,OECD
SVK,1999-Q2,-1.803826617,OECD
SVK,1999-Q3,-0.712911859,OECD
SVK,1999-Q4,-0.543728487,OECD
SVK,2000-Q1,0.973882387,OECD
SVK,2000-Q2,0.899520412,OECD
SVK,2000-Q3,0.507940246,OECD
SVK,2000-Q4,0.473467841,OECD
SVK,2001-Q1,0.60242925,OECD
SVK,2001-Q2,1.000394248,OECD
SVK,2001-Q3,0.314641944,OECD
SVK,2001-Q4,2.190889545,OECD
SVK,2002-Q1,0.377812231,OECD
SVK,2002-Q2,0.946426248,OECD
SVK,2002-Q3,2.186175782,OECD
SVK,2002-Q4,0.494114336,OECD
SVK,2003-Q1,1.45424689,OECD
SVK,2003-Q2,1.403528796,OECD
SVK,2003-Q3,0.29931679,OECD
SVK,2003-Q4,1.699403175,OECD
SVK,2004-Q1,1.468922434,OECD
SVK,2004-Q2,0.651090534,OECD
SVK,2004-Q3,2.349222566,OECD
SVK,2004-Q4,1.502071145,OECD
SVK,2005-Q1,1.078575023,OECD
SVK,2005-Q2,2.107808622,OECD
SVK,2005-Q3,1.663146396,OECD
SVK,2005-Q4,1.519465233,OECD
SVK,2006-Q1,2.622556977,OECD
SVK,2006-Q2,2.425437319,OECD
SVK,2006-Q3,1.950439376,OECD
SVK,2006-Q4,2.860106167,OECD
SVK,2007-Q1,2.047587882,OECD
SVK,2007-Q2,2.45883342,OECD
SVK,2007-Q3,2.342993211,OECD
SVK,2007-Q4,6.343722755,OECD
SVK,2008-Q1,-2.94643002,OECD
SVK,2008-Q2,1.215013236,OECD
SVK,2008-Q3,1.414563712,OECD
SVK,2008-Q4,1.211544543,OECD
SVK,2009-Q1,-9.740752438,OECD
SVK,2009-Q2,1.704405265,OECD
SVK,2009-Q3,1.801183349,OECD
SVK,2009-Q4,2.050842821,OECD
SVK,2010-Q1,2.096194056,OECD
SVK,2010-Q2,1.249222132,OECD
SVK,2010-Q3,1.154769794,OECD
SVK,2010-Q4,0.669444191,OECD
SVK,2011-Q1,0.195839781,OECD
SVK,2011-Q2,0.690020407,OECD
SVK,2011-Q3,0.472368366,OECD
SVK,2011-Q4,0.813157948,OECD
SVK,2012-Q1,0.348036455,OECD
SVK,2012-Q2,0.209519074,OECD
SVK,2012-Q3,0.129669952,OECD
SVK,2012-Q4,-0.0986143,OECD
SVK,2013-Q1,0.032392422,OECD
SVK,2013-Q2,0.329964877,OECD
SVK,2013-Q3,0.464521453,OECD
SVK,2013-Q4,0.582906563,OECD
SVK,2014-Q1,0.608877675,OECD
SVK,2014-Q2,0.758584503,OECD
SVK,2014-Q3,0.95464948,OECD
SVK,2014-Q4,1.081659967,OECD
SVK,2015-Q1,1.922056492,OECD
SVK,2015-Q2,1.227694801,OECD
SVK,2015-Q3,1.154310315,OECD
SVK,2015-Q4,0.731335873,OECD
SVK,2016-Q1,-0.001873123,OECD
SVK,2016-Q2,0.249575607,OECD
SVK,2016-Q3,0.357236282,OECD
SVK,2016-Q4,0.586471753,OECD
SVK,2017-Q1,0.747273611,OECD
SVK,2017-Q2,0.931120138,OECD
SVK,2017-Q3,0.827277711,OECD
SVK,2017-Q4,1.201529099,OECD
SVK,2018-Q1,0.967834876,OECD
SVK,2018-Q2,1.18168115,OECD
SVK,2018-Q3,0.973882241,OECD
SVK,2018-Q4,0.458784893,OECD
SVK,2019-Q1,0.656918633,OECD
SVK,2019-Q2,0.205800487,OECD
SVK,2019-Q3,0.346057772,OECD
SVK,2019-Q4,0.606359015,OECD
SVK,2020-Q1,-2.263995806,OECD
SVK,2020-Q2,-7.730613283,OECD
SVK,2020-Q3,9.934134628,OECD
SVK,2020-Q4,0.843297805,OECD
SVK,2021-Q1,1.057098046,OECD
SVK,2021-Q2,1.049021471,OECD
SVK,2021-Q3,0.625146427,OECD
SVK,2021-Q4,0.327820816,OECD
SVK,2022-Q1,-0.250596193,OECD
SVK,2022-Q2,-0.293988096,OECD
SVK,2022-Q3,0.201384263,OECD
SVK,2022-Q4,0.396581798,OECD
SVK,2023-Q1,0.557092058,OECD
SVK,2023-Q2,0.939361458,OECD
SVK,2023-Q3,0.78121974,OECD
SVK,2023-Q4,0.472040391,OECD
SVK,2024-Q1,0.629439759,OECD
SVK,2024-Q2,0.260910793,OECD
SVK,2024-Q3,0.111281779,OECD
SVK,2024-Q4,0.275328894,OECD
SVK,2025-Q1,0.145126702,OECD
SVK,2025-Q2,0.186496113,OECD
SVK,2025-Q3,0.264551121,OECD
SVK,2025-Q4,0.241380211,OECD
TUR,1996-Q1,2.560868671,OECD
TUR,1996-Q2,1.331805349,OECD
TUR,1996-Q3,1.171609058,OECD
TUR,1996-Q4,1.797004165,OECD
TUR,1997-Q1,1.37512535,OECD
TUR,1997-Q2,3.187826916,OECD
TUR,1997-Q3,0.818742772,OECD
TUR,1997-Q4,2.481111846,OECD
TUR,1998-Q1,1.254190716,OECD
TUR,1998-Q2,-1.681329768,OECD
TUR,1998-Q3,-0.259100965,OECD
TUR,1998-Q4,-2.903620348,OECD
TUR,1999-Q1,-0.203044502,OECD
TUR,1999-Q2,-0.825660779,OECD
TUR,1999-Q3,0.234138399,OECD
TUR,1999-Q4,1.618056005,OECD
TUR,2000-Q1,2.261409702,OECD
TUR,2000-Q2,2.736386248,OECD
TUR,2000-Q3,1.777542976,OECD
TUR,2000-Q4,1.531720249,OECD
TUR,2001-Q1,-2.976051457,OECD
TUR,2001-Q2,-6.943975412,OECD
TUR,2001-Q3,0.928223586,OECD
TUR,2001-Q4,-1.659734063,OECD
TUR,2002-Q1,6.046803935,OECD
TUR,2002-Q2,2.462767206,OECD
TUR,2002-Q3,1.254592097,OECD
TUR,2002-Q4,1.932214148,OECD
TUR,2003-Q1,0.960626183,OECD
TUR,2003-Q2,-0.057608741,OECD
TUR,2003-Q3,3.370632462,OECD
TUR,2003-Q4,2.61157237,OECD
TUR,2004-Q1,2.355137703,OECD
TUR,2004-Q2,3.131834144,OECD
TUR,2004-Q3,1.157926773,OECD
TUR,2004-Q4,1.726539392,OECD
TUR,2005-Q1,3.086739695,OECD
TUR,2005-Q2,0.845089688,OECD
TUR,2005-Q3,3.244602464,OECD
TUR,2005-Q4,2.972743845,OECD
TUR,2006-Q1,-0.224164348,OECD
TUR,2006-Q2,4.079750984,OECD
TUR,2006-Q3,-0.66664986,OECD
TUR,2006-Q4,2.321255788,OECD
TUR,2007-Q1,1.115622171,OECD
TUR,2007-Q2,-0.155929684,OECD
TUR,2007-Q3,1.039182456,OECD
TUR,2007-Q4,4.371111534,OECD
TUR,2008-Q1,1.119023846,OECD
TUR,2008-Q2,-3.545712773,OECD
TUR,2008-Q3,-1.363971118,OECD
TUR,2008-Q4,-1.641058053,OECD
TUR,2009-Q1,-6.872055493,OECD
TUR,2009-Q2,4.543998507,OECD
TUR,2009-Q3,2.1594749,OECD
TUR,2009-Q4,1.522319885,OECD
TUR,2010-Q1,0.409568203,OECD
TUR,2010-Q2,3.247375036,OECD
TUR,2010-Q3,2.853238017,OECD
TUR,2010-Q4,3.029706238,OECD
TUR,2011-Q1,2.646446773,OECD
TUR,2011-Q2,1.935128778,OECD
TUR,2011-Q3,2.745195298,OECD
TUR,2011-Q4,1.634527201,OECD
TUR,2012-Q1,-0.468650349,OECD
TUR,2012-Q2,1.10036358,OECD
TUR,2012-Q3,1.776102368,OECD
TUR,2012-Q4,1.742674515,OECD
TUR,2013-Q1,3.164342805,OECD
TUR,2013-Q2,2.907639888,OECD
TUR,2013-Q3,1.062048304,OECD
TUR,2013-Q4,0.338634491,OECD
TUR,2014-Q1,2.523312823,OECD
TUR,2014-Q2,-0.852145648,OECD
TUR,2014-Q3,1.746668355,OECD
TUR,2014-Q4,0.982882529,OECD
TUR,2015-Q1,1.654223547,OECD
TUR,2015-Q2,2.292010356,OECD
TUR,2015-Q3,0.863045105,OECD
TUR,2015-Q4,1.717134976,OECD
TUR,2016-Q1,-0.226616614,OECD
TUR,2016-Q2,1.542894894,OECD
TUR,2016-Q3,-2.738971668,OECD
TUR,2016-Q4,5.750418533,OECD
TUR,2017-Q1,0.785809559,OECD
TUR,2017-Q2,2.433905024,OECD
TUR,2017-Q3,2.586089898,OECD
TUR,2017-Q4,1.61329495,OECD
TUR,2018-Q1,1.462379961,OECD
TUR,2018-Q2,0.180903721,OECD
TUR,2018-Q3,-0.700230909,OECD
TUR,2018-Q4,-3.046200622,OECD
TUR,2019-Q1,2.035887871,OECD
TUR,2019-Q2,2.18643411,OECD
TUR,2019-Q3,0.024679851,OECD
TUR,2019-Q4,1.562591164,OECD
TUR,2020-Q1,0.352862565,OECD
TUR,2020-Q2,-10.380578651,OECD
TUR,2020-Q3,15.675092376,OECD
TUR,2020-Q4,1.268656309,OECD
TUR,2021-Q1,2.680604711,OECD
TUR,2021-Q2,1.60250802,OECD
TUR,2021-Q3,3.510023362,OECD
TUR,2021-Q4,1.83470264,OECD
TUR,2022-Q1,-0.294359383,OECD
TUR,2022-Q2,1.680249358,OECD
TUR,2022-Q3,0.902098074,OECD
TUR,2022-Q4,0.971806442,OECD
TUR,2023-Q1,-0.77925126,OECD
TUR,2023-Q2,4.748433214,OECD
TUR,2023-Q3,0.779079087,OECD
TUR,2023-Q4,0.670174581,OECD
TUR,2024-Q1,1.023536954,OECD
TUR,2024-Q2,-0.204692984,OECD
TUR,2024-Q3,0.561519939,OECD
TUR,2024-Q4,1.596295288,OECD
TUR,2025-Q1,0.925304236,OECD
TUR,2025-Q2,1.151087714,OECD
TUR,2025-Q3,0.842100571,OECD
TUR,2025-Q4,0.267066088,OECD
USA,1996-Q1,0.749050123,OECD
USA,1996-Q2,1.667944102,OECD
USA,1996-Q3,0.897033741,OECD
USA,1996-Q4,1.03836953,OECD
USA,1997-Q1,0.645443199,OECD
USA,1997-Q2,1.665217831,OECD
USA,1997-Q3,1.248568975,OECD
USA,1997-Q4,0.853860273,OECD
USA,1998-Q1,1.003753132,OECD
USA,1998-Q2,0.92568788,OECD
USA,1998-Q3,1.258940271,OECD
USA,1998-Q4,1.609196571,OECD
USA,1999-Q1,0.939433749,OECD
USA,1999-Q2,0.834742896,OECD
USA,1999-Q3,1.32588323,OECD
USA,1999-Q4,1.640667087,OECD
USA,2000-Q1,0.362793409,OECD
USA,2000-Q2,1.821287813,OECD
USA,2000-Q3,0.101932586,OECD
USA,2000-Q4,0.597038793,OECD
USA,2001-Q1,-0.327798808,OECD
USA,2001-Q2,0.62450293,OECD
USA,2001-Q3,-0.400639195,OECD
USA,2001-Q4,0.274775448,OECD
USA,2002-Q1,0.836358656,OECD
USA,2002-Q2,0.612706584,OECD
USA,2002-Q3,0.40651143,OECD
USA,2002-Q4,0.123605053,OECD
USA,2003-Q1,0.526641986,OECD
USA,2003-Q2,0.885621673,OECD
USA,2003-Q3,1.663199957,OECD
USA,2003-Q4,1.160721398,OECD
USA,2004-Q1,0.566651454,OECD
USA,2004-Q2,0.774952324,OECD
USA,2004-Q3,0.948593889,OECD
USA,2004-Q4,1.020208129,OECD
USA,2005-Q1,1.109363354,OECD
USA,2005-Q2,0.492624455,OECD
USA,2005-Q3,0.783814035,OECD
USA,2005-Q4,0.55551654,OECD
USA,2006-Q1,1.345383768,OECD
USA,2006-Q2,0.258752763,OECD
USA,2006-Q3,0.149955926,OECD
USA,2006-Q4,0.859449801,OECD
USA,2007-Q1,0.300835667,OECD
USA,2007-Q2,0.611761958,OECD
USA,2007-Q3,0.576025796,OECD
USA,2007-Q4,0.628236732,OECD
USA,2008-Q1,-0.426764321,OECD
USA,2008-Q2,0.595428262,OECD
USA,2008-Q3,-0.525258051,OECD
USA,2008-Q4,-2.189026595,OECD
USA,2009-Q1,-1.134874297,OECD
USA,2009-Q2,-0.178650951,OECD
USA,2009-Q3,0.351192395,OECD
USA,2009-Q4,1.080913651,OECD
USA,2010-Q1,0.484500951,OECD
USA,2010-Q2,0.967586118,OECD
USA,2010-Q3,0.771084936,OECD
USA,2010-Q4,0.525110261,OECD
USA,2011-Q1,-0.237204897,OECD
USA,2011-Q2,0.676582293,OECD
USA,2011-Q3,-0.022312736,OECD
USA,2011-Q4,1.123049057,OECD
USA,2012-Q1,0.83859082,OECD
USA,2012-Q2,0.446334746,OECD
USA,2012-Q3,0.144027997,OECD
USA,2012-Q4,0.115640554,OECD
USA,2013-Q1,0.986560664,OECD
USA,2013-Q2,0.267636335,OECD
USA,2013-Q3,0.851393569,OECD
USA,2013-Q4,0.871741753,OECD
USA,2014-Q1,-0.345095985,OECD
USA,2014-Q2,1.291842129,OECD
USA,2014-Q3,1.215391409,OECD
USA,2014-Q4,0.505733136,OECD
USA,2015-Q1,0.900484978,OECD
USA,2015-Q2,0.619405087,OECD
USA,2015-Q3,0.400245061,OECD
USA,2015-Q4,0.184479126,OECD
USA,2016-Q1,0.579519406,OECD
USA,2016-Q2,0.321124068,OECD
USA,2016-Q3,0.709390255,OECD
USA,2016-Q4,0.554299113,OECD
USA,2017-Q1,0.48689021,OECD
USA,2017-Q2,0.559872562,OECD
USA,2017-Q3,0.788524131,OECD
USA,2017-Q4,1.127046627,OECD
USA,2018-Q1,0.813409802,OECD
USA,2018-Q2,0.530825141,OECD
USA,2018-Q3,0.623697425,OECD
USA,2018-Q4,0.141644219,OECD
USA,2019-Q1,0.624318082,OECD
USA,2019-Q2,0.835145841,OECD
USA,2019-Q3,1.170001857,OECD
USA,2019-Q4,0.68187787,OECD
USA,2020-Q1,-1.316321672,OECD
USA,2020-Q2,-7.876784496,OECD
USA,2020-Q3,7.762279175,OECD
USA,2020-Q4,1.13351511,OECD
USA,2021-Q1,1.395816461,OECD
USA,2021-Q2,1.701891279,OECD
USA,2021-Q3,0.82505287,OECD
USA,2021-Q4,1.715755163,OECD
USA,2022-Q1,-0.254798627,OECD
USA,2022-Q2,0.156547002,OECD
USA,2022-Q3,0.721899555,OECD
USA,2022-Q4,0.690240389,OECD
USA,2023-Q1,0.723850896,OECD
USA,2023-Q2,0.627871959,OECD
USA,2023-Q3,1.153606039,OECD
USA,2023-Q4,0.844057147,OECD
USA,2024-Q1,0.209861343,OECD
USA,2024-Q2,0.885486294,OECD
USA,2024-Q3,0.824778022,OECD
USA,2024-Q4,0.459874686,OECD
USA,2025-Q1,-0.162516404,OECD
USA,2025-Q2,0.945999717,OECD
USA,2025-Q3,1.076346213,OECD
USA,2025-Q4,0.120344611,OECD
